wn_id;unieke_id;naam_nl;naam_lat;datum;maand;invoerdatum;aantal;gedrag;methode;kleed;geslacht;x;y;lon;lat;utm1;gebied;gemeente;deelgemeente;provincie;typewaarneming;zeker;status;embargo_datum;toestemming_wnr;bijzonderheden;precisie;soortgroep;familie;aanleverdatum;id_species;id_species_type;zeldzaamheid
334754894;334754894;Kattendoorn s.s.;Ononis spinosa subsp. spinosa;2024-07-13;7;2024-12-04;10;ter plaatse;onbekend;onbekend;onbekend;148616.09065057873;220861.12022069932;4.348917507235927;51.29759394627192;ES9483;Rangeerstation Antwerpen-Noord - De Kuifeend;Antwerpen;Antwerpen;Antwerpen;Bulk import;J;Goedgekeurd op basis van kennisregels - nabijheid;1980-01-01;4;;999;Planten;Fabaceae;2026-07-08;7113;I;zeldzaam
334754893;334754893;Kattendoorn s.s.;Ononis spinosa subsp. spinosa;2024-07-13;7;2024-12-04;10;ter plaatse;onbekend;onbekend;onbekend;148615.09314899583;220863.04397528805;4.348903199066428;51.29761123487526;ES9483;Rangeerstation Antwerpen-Noord - De Kuifeend;Antwerpen;Antwerpen;Antwerpen;Bulk import;J;Goedgekeurd op basis van kennisregels - nabijheid;1980-01-01;4;;999;Planten;Fabaceae;2026-07-08;7113;I;zeldzaam
334754892;334754892;Kattendoorn s.s.;Ononis spinosa subsp. spinosa;2024-07-13;7;2024-12-04;10;ter plaatse;onbekend;onbekend;onbekend;148616.58940268026;220864.1839773236;4.34892464644496;51.29762148481079;ES9483;Rangeerstation Antwerpen-Noord - De Kuifeend;Antwerpen;Antwerpen;Antwerpen;Bulk import;J;Goedgekeurd op basis van kennisregels - nabijheid;1980-01-01;4;;999;Planten;Fabaceae;2026-07-08;7113;I;zeldzaam
357263994;357263994;Kattendoorn s.s.;Ononis spinosa subsp. spinosa;2025-06-18;6;2025-06-18;1;natuurlijk;veldwaarneming;bloeiend;onbekend;149999.3080341361;214652.8887433391;4.368747711181641;51.24179458618164;ES9577;Antwerpen - Oosterweel;Antwerpen;Antwerpen;Antwerpen;ObsMapp;J;Goedgekeurd op basis van kennisregels - nabijheid;1980-01-01;4;;5;Planten;Fabaceae;2026-07-08;7113;I;zeldzaam
334754891;334754891;Kattendoorn s.s.;Ononis spinosa subsp. spinosa;2024-07-13;7;2024-12-04;10;ter plaatse;onbekend;onbekend;onbekend;148618.51315710295;220864.6827278044;4.348952225226888;51.29762597209288;ES9483;Rangeerstation Antwerpen-Noord - De Kuifeend;Antwerpen;Antwerpen;Antwerpen;Bulk import;J;Goedgekeurd op basis van kennisregels - nabijheid;1980-01-01;4;;999;Planten;Fabaceae;2026-07-08;7113;I;zeldzaam
334754890;334754890;Kattendoorn s.s.;Ononis spinosa subsp. spinosa;2024-07-13;7;2024-12-04;10;ter plaatse;onbekend;onbekend;onbekend;148618.01440530262;220862.54522323143;4.348945082582689;51.29760675881123;ES9483;Rangeerstation Antwerpen-Noord - De Kuifeend;Antwerpen;Antwerpen;Antwerpen;Bulk import;J;Goedgekeurd op basis van kennisregels - nabijheid;1980-01-01;4;;999;Planten;Fabaceae;2026-07-08;7113;I;zeldzaam
246362816;246362816;Kattendoorn s.s.;Ononis spinosa subsp. spinosa;2022-06-22;6;2022-06-22;1;ter plaatse;onbekend;onbekend;onbekend;145207.94740499847;215390.18095862493;4.300127216666667;51.248402077777776;ES9078;Zwijndrecht - Broedvlakte (BRZW);Zwijndrecht;Zwijndrecht;Antwerpen;ObsIdentify;J;Goedgekeurd op basis van bewijsmateriaal;1980-01-01;3;;999;Planten;Fabaceae;2026-07-08;7113;I;zeldzaam
334754889;334754889;Kattendoorn s.s.;Ononis spinosa subsp. spinosa;2024-07-13;7;2024-12-04;10;ter plaatse;onbekend;onbekend;onbekend;148619.08315806356;220863.75647556505;4.348960400679181;51.29761764815538;ES9483;Rangeerstation Antwerpen-Noord - De Kuifeend;Antwerpen;Antwerpen;Antwerpen;Bulk import;J;Goedgekeurd op basis van kennisregels - nabijheid;1980-01-01;4;;999;Planten;Fabaceae;2026-07-08;7113;I;zeldzaam
334754888;334754888;Kattendoorn s.s.;Ononis spinosa subsp. spinosa;2024-07-13;7;2024-12-04;10;ter plaatse;onbekend;onbekend;onbekend;148619.58190877415;220862.54522272103;4.348967555674816;51.29760676243557;ES9483;Rangeerstation Antwerpen-Noord - De Kuifeend;Antwerpen;Antwerpen;Antwerpen;Bulk import;J;Goedgekeurd op basis van kennisregels - nabijheid;1980-01-01;4;;999;Planten;Fabaceae;2026-07-08;7113;I;zeldzaam
334754887;334754887;Kattendoorn s.s.;Ononis spinosa subsp. spinosa;2024-07-13;7;2024-12-04;10;ter plaatse;onbekend;onbekend;onbekend;148620.65066172046;220864.3264763188;4.348982871677242;51.29762277501096;ES9483;Rangeerstation Antwerpen-Noord - De Kuifeend;Antwerpen;Antwerpen;Antwerpen;Bulk import;J;Goedgekeurd op basis van kennisregels - nabijheid;1980-01-01;4;;999;Planten;Fabaceae;2026-07-08;7113;I;zeldzaam
195633541;195633541;Kattendoorn s.s.;Ononis spinosa subsp. spinosa;2020-07-05;7;2020-07-06;1;ter plaatse;onbekend;onbekend;onbekend;145184.8361174847;215362.9915774036;4.29979658126831;51.2481575012207;ES9078;Zwijndrecht - Broedvlakte (BRZW);Zwijndrecht;Zwijndrecht;Antwerpen;ObsMapp;J;Goedgekeurd op basis van expertoordeel;2007-01-01;3;;25;Planten;Fabaceae;2026-07-08;7113;I;zeldzaam
197023142;197023142;Kattendoorn s.s.;Ononis spinosa subsp. spinosa;2020-07-25;7;2020-07-25;1;ter plaatse;onbekend;onbekend;onbekend;141842.77746799163;220623.90865134075;4.25181484222412;51.2954063415527;ES8783;Kieldrecht - Havenvlakte (HAVL);Beveren;Doel;Oost-Vlaanderen;ObsMapp;J;Goedgekeurd op basis van expertoordeel;2007-01-01;3;;25;Planten;Fabaceae;2026-07-08;7113;I;zeldzaam
334754886;334754886;Kattendoorn s.s.;Ononis spinosa subsp. spinosa;2024-07-13;7;2024-12-04;10;ter plaatse;onbekend;onbekend;onbekend;148619.0831588059;220866.0364806168;4.348960392271989;51.29763814109182;ES9483;Rangeerstation Antwerpen-Noord - De Kuifeend;Antwerpen;Antwerpen;Antwerpen;Bulk import;J;Goedgekeurd op basis van kennisregels - nabijheid;1980-01-01;4;;999;Planten;Fabaceae;2026-07-08;7113;I;zeldzaam
334754885;334754885;Kattendoorn s.s.;Ononis spinosa subsp. spinosa;2024-07-13;7;2024-12-04;10;ter plaatse;onbekend;onbekend;onbekend;148620.36566215628;220867.60398366957;4.348978773585376;51.29765223294881;ES9483;Rangeerstation Antwerpen-Noord - De Kuifeend;Antwerpen;Antwerpen;Antwerpen;Bulk import;J;Goedgekeurd op basis van kennisregels - nabijheid;1980-01-01;4;;999;Planten;Fabaceae;2026-07-08;7113;I;zeldzaam
334754884;334754884;Kattendoorn s.s.;Ononis spinosa subsp. spinosa;2024-07-13;7;2024-12-04;10;ter plaatse;onbekend;onbekend;onbekend;148622.6456666952;220866.03647945728;4.349011467515806;51.29763814931621;ES9483;Rangeerstation Antwerpen-Noord - De Kuifeend;Antwerpen;Antwerpen;Antwerpen;Bulk import;J;Goedgekeurd op basis van kennisregels - nabijheid;1980-01-01;4;;999;Planten;Fabaceae;2026-07-08;7113;I;zeldzaam
284380635;284380635;Kattendoorn s.s.;Ononis spinosa subsp. spinosa;2023-08-15;8;2023-08-15;1;ter plaatse;onbekend;onbekend;onbekend;146504.07057716468;218003.8952552332;4.318665027618408;51.27190399169922;ES9180;Antwerpen - Total Fina;Antwerpen;Antwerpen;Antwerpen;ObsMapp;J;Goedgekeurd op basis van kennisregels - nabijheid;1980-01-01;3;;3;Planten;Fabaceae;2026-07-08;7113;I;zeldzaam
334754883;334754883;Kattendoorn s.s.;Ononis spinosa subsp. spinosa;2024-07-13;7;2024-12-04;10;ter plaatse;onbekend;onbekend;onbekend;148622.5031658693;220864.468976032;4.349009430271159;51.29762406009389;ES9483;Rangeerstation Antwerpen-Noord - De Kuifeend;Antwerpen;Antwerpen;Antwerpen;Bulk import;J;Goedgekeurd op basis van kennisregels - nabijheid;1980-01-01;4;;999;Planten;Fabaceae;2026-07-08;7113;I;zeldzaam
217550583;217550583;Kattendoorn s.s.;Ononis spinosa subsp. spinosa;2021-06-19;6;2021-06-19;1;ter plaatse;onbekend;onbekend;onbekend;146588.78289625896;216355.0065458687;4.3198942;51.2570839;ES9279;Antwerpen - Total Fina;Antwerpen;Antwerpen;Antwerpen;ObsIdentify;J;Goedgekeurd op basis van bewijsmateriaal;1980-01-01;3;;6;Planten;Fabaceae;2026-07-08;7113;I;zeldzaam
196059232;196059232;Kattendoorn s.s.;Ononis spinosa subsp. spinosa;2020-07-12;7;2020-07-12;1;ter plaatse;veldwaarneming;bloeiend;onbekend;146209.2927152146;217730.40881019644;4.314444;51.269444;ES9180;Antwerpen - Schelde - Fort Filip-Van Cauwelaertsluizen;Antwerpen;Antwerpen;Antwerpen;Site;J;Goedgekeurd op basis van bewijsmateriaal;1980-01-01;3;;25;Planten;Fabaceae;2026-07-08;7113;I;zeldzaam
194858941;194858941;Kattendoorn s.s.;Ononis spinosa subsp. spinosa;2020-06-24;6;2020-06-24;5;ter plaatse;veldwaarneming;bloeiend;onbekend;146283.58082243288;216450.12634304076;4.3155214;51.257937;ES9179;Antwerpen - Schelde - Fort Filip-Boerenschans;Antwerpen;Antwerpen;Antwerpen;Site;J;Goedgekeurd op basis van kennisregels - nabijheid;1980-01-01;3;;5;Planten;Fabaceae;2026-07-08;7113;I;zeldzaam
334754882;334754882;Kattendoorn s.s.;Ononis spinosa subsp. spinosa;2024-07-13;7;2024-12-04;10;ter plaatse;onbekend;onbekend;onbekend;148624.2844199994;220865.0389767168;4.349034965791752;51.29762918743237;ES9483;Rangeerstation Antwerpen-Noord - De Kuifeend;Antwerpen;Antwerpen;Antwerpen;Bulk import;J;Goedgekeurd op basis van kennisregels - nabijheid;1980-01-01;4;;999;Planten;Fabaceae;2026-07-08;7113;I;zeldzaam
194858976;194858976;Kattendoorn s.s.;Ononis spinosa subsp. spinosa;2020-06-24;6;2020-06-24;9;ter plaatse;veldwaarneming;bloeiend;onbekend;145943.27103320416;216818.1920335479;4.3106425;51.261243;ES9179;Antwerpen - Fort Sint Filips;Antwerpen;Antwerpen;Antwerpen;Site;J;Goedgekeurd op basis van kennisregels - nabijheid;1980-01-01;3;;15;Planten;Fabaceae;2026-07-08;7113;I;zeldzaam
320231954;320231954;Kattendoorn s.s.;Ononis spinosa subsp. spinosa;2024-07-21;7;2024-07-21;2;ter plaatse;veldwaarneming;bloeiend;onbekend;149249.5783593672;214743.817997084;4.35801163;51.24261146;ES9477;Antwerpen - Oosterweel;Antwerpen;Antwerpen;Antwerpen;ObsMapp;J;Goedgekeurd op basis van bewijsmateriaal;1980-01-01;4;Wel heel sterk beklierde blaadjes...;5;Planten;Fabaceae;2026-07-08;7113;I;zeldzaam
320231801;320231801;Kattendoorn s.s.;Ononis spinosa subsp. spinosa;2024-07-21;7;2024-07-21;1;ter plaatse;veldwaarneming;bloeiend;onbekend;149098.58295516684;214793.43742192164;4.355849266052246;51.24305725097656;ES9477;Antwerpen - Oosterweel;Antwerpen;Antwerpen;Antwerpen;ObsMapp;J;Goedgekeurd op basis van kennisregels - nabijheid;1980-01-01;4;;5;Planten;Fabaceae;2026-07-08;7113;I;zeldzaam
320231794;320231794;Kattendoorn s.s.;Ononis spinosa subsp. spinosa;2024-07-21;7;2024-07-21;1;ter plaatse;veldwaarneming;bloeiend;onbekend;149095.95244559672;214793.8622624772;4.355811595916748;51.24306106567383;ES9477;Antwerpen - Oosterweel;Antwerpen;Antwerpen;Antwerpen;ObsMapp;J;Goedgekeurd op basis van kennisregels - nabijheid;1980-01-01;4;;5;Planten;Fabaceae;2026-07-08;7113;I;zeldzaam
320231788;320231788;Kattendoorn s.s.;Ononis spinosa subsp. spinosa;2024-07-21;7;2024-07-21;1;ter plaatse;veldwaarneming;bloeiend;onbekend;149095.43380135298;214791.2212159708;4.3558041751384735;51.24303732635839;ES9477;Antwerpen - Oosterweel;Antwerpen;Antwerpen;Antwerpen;ObsMapp;J;Goedgekeurd op basis van kennisregels - nabijheid;1980-01-01;4;;5;Planten;Fabaceae;2026-07-08;7113;I;zeldzaam
320231783;320231783;Kattendoorn s.s.;Ononis spinosa subsp. spinosa;2024-07-21;7;2024-07-21;6;ter plaatse;veldwaarneming;bloeiend;onbekend;149093.09281478924;214793.11306077428;4.355770647525787;51.243054327361904;ES9477;Antwerpen - Oosterweel;Antwerpen;Antwerpen;Antwerpen;ObsMapp;J;Goedgekeurd op basis van kennisregels - nabijheid;1980-01-01;4;;5;Planten;Fabaceae;2026-07-08;7113;I;zeldzaam
320231775;320231775;Kattendoorn s.s.;Ononis spinosa subsp. spinosa;2024-07-21;7;2024-07-21;2;ter plaatse;veldwaarneming;bloeiend;onbekend;149092.43700686182;214791.6420362573;4.355761259794235;51.24304110435973;ES9477;Antwerpen - Oosterweel;Antwerpen;Antwerpen;Antwerpen;ObsMapp;J;Goedgekeurd op basis van kennisregels - nabijheid;1980-01-01;4;;5;Planten;Fabaceae;2026-07-08;7113;I;zeldzaam
320231769;320231769;Kattendoorn s.s.;Ononis spinosa subsp. spinosa;2024-07-21;7;2024-07-21;3;ter plaatse;veldwaarneming;bloeiend;onbekend;149090.9625351522;214794.93481698725;4.355740137398243;51.24307069869267;ES9477;Antwerpen - Oosterweel;Antwerpen;Antwerpen;Antwerpen;ObsMapp;J;Goedgekeurd op basis van kennisregels - nabijheid;1980-01-01;4;;5;Planten;Fabaceae;2026-07-08;7113;I;zeldzaam
320231767;320231767;Kattendoorn s.s.;Ononis spinosa subsp. spinosa;2024-07-21;7;2024-07-21;5;ter plaatse;veldwaarneming;bloeiend;onbekend;149090.02570489334;214793.06686759836;4.3557267263531685;51.243053907584105;ES9477;Antwerpen - Oosterweel;Antwerpen;Antwerpen;Antwerpen;ObsMapp;J;Goedgekeurd op basis van kennisregels - nabijheid;1980-01-01;4;;5;Planten;Fabaceae;2026-07-08;7113;I;zeldzaam
320231763;320231763;Kattendoorn s.s.;Ononis spinosa subsp. spinosa;2024-07-21;7;2024-07-21;11;ter plaatse;veldwaarneming;bloeiend;onbekend;149088.48078208836;214795.0753379613;4.355704598128796;51.24307195802556;ES9477;Antwerpen - Oosterweel;Antwerpen;Antwerpen;Antwerpen;ObsMapp;J;Goedgekeurd op basis van kennisregels - nabijheid;1980-01-01;4;;5;Planten;Fabaceae;2026-07-08;7113;I;zeldzaam
320231760;320231760;Kattendoorn s.s.;Ononis spinosa subsp. spinosa;2024-07-21;7;2024-07-21;8;ter plaatse;veldwaarneming;bloeiend;onbekend;149089.65882194712;214792.59008684385;4.355721473693848;51.24304962158203;ES9477;Antwerpen - Oosterweel;Antwerpen;Antwerpen;Antwerpen;ObsMapp;J;Goedgekeurd op basis van kennisregels - nabijheid;1980-01-01;4;;5;Planten;Fabaceae;2026-07-08;7113;I;zeldzaam
320231758;320231758;Kattendoorn s.s.;Ononis spinosa subsp. spinosa;2024-07-21;7;2024-07-21;4;ter plaatse;veldwaarneming;bloeiend;onbekend;149087.05243017426;214794.1181724612;4.355684146285057;51.24306335258344;ES9477;Antwerpen - Oosterweel;Antwerpen;Antwerpen;Antwerpen;ObsMapp;J;Goedgekeurd op basis van kennisregels - nabijheid;1980-01-01;4;;5;Planten;Fabaceae;2026-07-08;7113;I;zeldzaam
320231755;320231755;Kattendoorn s.s.;Ononis spinosa subsp. spinosa;2024-07-21;7;2024-07-21;2;ter plaatse;veldwaarneming;bloeiend;onbekend;149087.4743199426;214796.8502051001;4.355690181255341;51.24308790957257;ES9477;Antwerpen - Oosterweel;Antwerpen;Antwerpen;Antwerpen;ObsMapp;J;Goedgekeurd op basis van kennisregels - nabijheid;1980-01-01;4;;5;Planten;Fabaceae;2026-07-08;7113;I;zeldzaam
320231752;320231752;Kattendoorn s.s.;Ononis spinosa subsp. spinosa;2024-07-21;7;2024-07-21;4;ter plaatse;veldwaarneming;bloeiend;onbekend;149083.54068934705;214795.3563795425;4.355633854866028;51.24307447669127;ES9477;Antwerpen - Oosterweel;Antwerpen;Antwerpen;Antwerpen;ObsMapp;J;Goedgekeurd op basis van kennisregels - nabijheid;1980-01-01;4;;5;Planten;Fabaceae;2026-07-08;7113;I;zeldzaam
275109677;275109677;Kattendoorn s.s.;Ononis spinosa subsp. spinosa;2023-06-06;6;2023-06-06;3;ter plaatse;veldwaarneming;bloeiend;onbekend;141160.14465444683;219546.8789137127;4.242054708302021;51.28571585309341;ES8682;Kieldrecht - Havenvlakte (HAVL);Beveren;Kieldrecht;Oost-Vlaanderen;ObsMapp;J;Goedgekeurd op basis van kennisregels - nabijheid;1980-01-01;4;;5;Planten;Fabaceae;2026-07-08;7113;I;zeldzaam
275109670;275109670;Kattendoorn s.s.;Ononis spinosa subsp. spinosa;2023-06-06;6;2023-06-06;1;ter plaatse;veldwaarneming;bloeiend;onbekend;141162.89036999558;219552.1235218402;4.242093935608864;51.2857630342558;ES8682;Kieldrecht - Havenvlakte (HAVL);Beveren;Kieldrecht;Oost-Vlaanderen;ObsMapp;J;Goedgekeurd op basis van kennisregels - nabijheid;1980-01-01;4;;5;Planten;Fabaceae;2026-07-08;7113;I;zeldzaam
275109668;275109668;Kattendoorn s.s.;Ononis spinosa subsp. spinosa;2023-06-06;6;2023-06-06;1;ter plaatse;veldwaarneming;bloeiend;onbekend;141158.95552806347;219549.14395044;4.242037609219551;51.28573619342271;ES8682;Kieldrecht - Havenvlakte (HAVL);Beveren;Kieldrecht;Oost-Vlaanderen;ObsMapp;J;Goedgekeurd op basis van kennisregels - nabijheid;1980-01-01;4;;5;Planten;Fabaceae;2026-07-08;7113;I;zeldzaam
286423204;286423204;Kattendoorn s.s.;Ononis spinosa subsp. spinosa;2023-08-31;8;2023-08-31;1;ter plaatse;onbekend;onbekend;onbekend;202384.99357443387;183590.9488205537;5.1143990000000485;50.960217;FS4847;  ;Lummen;Linkhout;Limburg;Site;J;Goedgekeurd op basis van bewijsmateriaal;1980-01-01;3;;25;Planten;Fabaceae;2026-07-08;7113;I;zeldzaam
275109618;275109618;Kattendoorn s.s.;Ononis spinosa subsp. spinosa;2023-06-06;6;2023-06-06;8;ter plaatse;veldwaarneming;bloeiend;onbekend;141083.9335092476;219436.79631128628;4.240965060889721;51.28472524718497;ES8682;Kieldrecht - Havenvlakte (HAVL);Beveren;Kieldrecht;Oost-Vlaanderen;ObsMapp;J;Goedgekeurd op basis van kennisregels - nabijheid;1980-01-01;4;;5;Planten;Fabaceae;2026-07-08;7113;I;zeldzaam
195832813;195832813;Kattendoorn s.s.;Ononis spinosa subsp. spinosa;2020-07-09;7;2020-07-09;1;ter plaatse;veldwaarneming;bloeiend;onbekend;141783.3420183545;224891.4753335677;4.25086618401506;51.33376254239244;ES8787;Doel - Paardenschor (PASC);Beveren;Doel;Oost-Vlaanderen;iObs;J;Goedgekeurd op basis van kennisregels - nabijheid;2007-01-01;4;;5;Planten;Fabaceae;2026-07-08;7113;I;zeldzaam
248699974;248699974;Kattendoorn s.s.;Ononis spinosa subsp. spinosa;2022-07-11;7;2022-07-11;1;ter plaatse;onbekend;onbekend;onbekend;141993.80825968654;220943.7261577593;4.253973;51.298283;ES8783;Kieldrecht - Havenvlakte (HAVL);Beveren;Doel;Oost-Vlaanderen;ObsIdentify;J;Goedgekeurd op basis van bewijsmateriaal;1980-01-01;3;;999;Planten;Fabaceae;2026-07-08;7113;I;zeldzaam
275109614;275109614;Kattendoorn s.s.;Ononis spinosa subsp. spinosa;2023-06-06;6;2023-06-06;5;ter plaatse;veldwaarneming;bloeiend;onbekend;141081.712745083;219437.66334522425;4.240933209657669;51.28473300603568;ES8682;Kieldrecht - Havenvlakte (HAVL);Beveren;Kieldrecht;Oost-Vlaanderen;ObsMapp;J;Goedgekeurd op basis van kennisregels - nabijheid;1980-01-01;4;;5;Planten;Fabaceae;2026-07-08;7113;I;zeldzaam
275109611;275109611;Kattendoorn s.s.;Ononis spinosa subsp. spinosa;2023-06-06;6;2023-06-06;7;ter plaatse;veldwaarneming;bloeiend;onbekend;141079.76849005898;219436.08019519784;4.24090538173914;51.28471874652524;ES8682;Kieldrecht - Havenvlakte (HAVL);Beveren;Kieldrecht;Oost-Vlaanderen;ObsMapp;J;Goedgekeurd op basis van kennisregels - nabijheid;1980-01-01;4;;5;Planten;Fabaceae;2026-07-08;7113;I;zeldzaam
248050285;248050285;Kattendoorn s.s.;Ononis spinosa subsp. spinosa;2022-07-05;7;2022-07-05;1;ter plaatse;onbekend;onbekend;onbekend;200621.6319105808;184581.38270609823;5.08943796;50.96927643;FS4648;Zelem -Sint-Jansberg;Halen;Zelem;Limburg;ObsMapp;J;Goedgekeurd op basis van bewijsmateriaal;2007-01-01;4;;3;Planten;Fabaceae;2026-07-08;7113;I;zeldzaam
248050286;248050286;Kattendoorn s.s.;Ononis spinosa subsp. spinosa;2022-07-05;7;2022-07-05;1;ter plaatse;onbekend;onbekend;onbekend;200591.69340279384;184496.57865102869;5.08900004;50.96851676;FS4648;Zelem -Sint-Jansberg;Halen;Zelem;Limburg;ObsMapp;J;Goedgekeurd op basis van bewijsmateriaal;2007-01-01;4;;10;Planten;Fabaceae;2026-07-08;7113;I;zeldzaam
360589611;360589611;Kattendoorn s.s.;Ononis spinosa subsp. spinosa;2025-07-03;7;2025-07-03;1;ter plaatse;onbekend;onbekend;onbekend;145166.0665104059;213933.4669066016;4.299546666666667;51.235308333333336;ES9076;Zwijndrecht - Defensieve dijk;Zwijndrecht;Zwijndrecht;Antwerpen;ObsIdentify;J;Goedgekeurd op basis van bewijsmateriaal;1980-01-01;3;;5;Planten;Fabaceae;2026-07-08;7113;I;zeldzaam
286423322;286423322;Kattendoorn s.s.;Ononis spinosa subsp. spinosa;2023-08-31;8;2023-08-31;1;ter plaatse;onbekend;onbekend;onbekend;202370.9798516665;183594.1454823371;5.114199999999983;50.960247;FS4847;  ;Lummen;Linkhout;Limburg;Site;J;Goedgekeurd op basis van bewijsmateriaal;1980-01-01;3;;25;Planten;Fabaceae;2026-07-08;7113;I;zeldzaam
275109654;275109654;Kattendoorn s.s.;Ononis spinosa subsp. spinosa;2023-06-06;6;2023-06-06;1;ter plaatse;veldwaarneming;bloeiend;onbekend;141102.39660834247;219462.64755801577;4.241229057312012;51.28495788574219;ES8682;Kieldrecht - Havenvlakte (HAVL);Beveren;Kieldrecht;Oost-Vlaanderen;ObsMapp;J;Goedgekeurd op basis van kennisregels - nabijheid;1980-01-01;4;;5;Planten;Fabaceae;2026-07-08;7113;I;zeldzaam
244562542;244562542;Kattendoorn s.s.;Ononis spinosa subsp. spinosa;2022-06-07;6;2022-06-07;1;ter plaatse;veldwaarneming;bloeiend;onbekend;228517.0027082184;186274.6748049222;5.48688934;50.98138946;FS7450;Genk - Oud-Winterslag;Genk;Genk;Limburg;Site;J;Goedgekeurd op basis van expertoordeel;1980-01-01;3;;10;Planten;Fabaceae;2026-07-08;7113;I;zeldzaam
218019917;218019917;Kattendoorn s.s.;Ononis spinosa subsp. spinosa;2021-06-24;6;2021-06-24;50;ter plaatse;onbekend;onbekend;onbekend;151912.56779753178;220521.5875695329;4.39617681503296;51.2945404052734;ES9783;Rangeerstation Antwerpen-Noord - Verlegde Schijn;Antwerpen;Antwerpen;Antwerpen;ObsMapp;J;Goedgekeurd op basis van expertoordeel;2007-01-01;4;;3;Planten;Fabaceae;2026-07-08;7113;I;zeldzaam
249167653;249167653;Kattendoorn s.s.;Ononis spinosa subsp. spinosa;2022-07-15;7;2022-07-15;100;ter plaatse;onbekend;onbekend;onbekend;139782.20055945584;220243.02416988555;4.22228479385376;51.2919502258301;ES8583;Kieldrecht - Nieuwe Arenbergpolder (NAPO);Beveren;Kieldrecht;Oost-Vlaanderen;ObsMapp;J;Goedgekeurd op basis van kennisregels - nabijheid;2007-01-01;4;;3;Planten;Fabaceae;2026-07-08;7113;I;zeldzaam
248251723;248251723;Kattendoorn s.s.;Ononis spinosa subsp. spinosa;2022-07-07;7;2022-07-07;5;ter plaatse;onbekend;onbekend;onbekend;141551.51274849533;224539.21581563167;4.24754810333252;51.3305931091309;ES8687;Doel - Doelpolder Noord (Doelpolderweiden DOWE);Beveren;Doel;Oost-Vlaanderen;ObsMapp;J;Goedgekeurd op basis van kennisregels - nabijheid;2007-01-01;4;;3;Planten;Fabaceae;2026-07-08;7113;I;zeldzaam
218019919;218019919;Kattendoorn s.s.;Ononis spinosa subsp. spinosa;2021-06-24;6;2021-06-24;1;ter plaatse;onbekend;onbekend;onbekend;151923.04700634824;220516.92297564636;4.39632701873779;51.2944984436035;ES9783;Rangeerstation Antwerpen-Noord - Verlegde Schijn;Antwerpen;Antwerpen;Antwerpen;ObsMapp;J;Goedgekeurd op basis van expertoordeel;2007-01-01;4;;3;Planten;Fabaceae;2026-07-08;7113;I;zeldzaam
218019915;218019915;Kattendoorn s.s.;Ononis spinosa subsp. spinosa;2021-06-24;6;2021-06-24;1;ter plaatse;onbekend;onbekend;onbekend;151823.7796169094;220556.7812170936;4.39490413665771;51.2948570251465;ES9783;Rangeerstation Antwerpen-Noord - Verlegde Schijn;Antwerpen;Antwerpen;Antwerpen;ObsMapp;J;Goedgekeurd op basis van expertoordeel;2007-01-01;4;;3;Planten;Fabaceae;2026-07-08;7113;I;zeldzaam
218019902;218019902;Kattendoorn s.s.;Ononis spinosa subsp. spinosa;2021-06-24;6;2021-06-24;1;ter plaatse;onbekend;onbekend;onbekend;151785.8228771067;220572.04660220724;4.39436006546021;51.294994354248;ES9783;Rangeerstation Antwerpen-Noord - Verlegde Schijn;Antwerpen;Antwerpen;Antwerpen;ObsMapp;J;Goedgekeurd op basis van expertoordeel;2007-01-01;4;;3;Planten;Fabaceae;2026-07-08;7113;I;zeldzaam
217849608;217849608;Kattendoorn s.s.;Ononis spinosa subsp. spinosa;2021-06-22;6;2021-06-22;3;ter plaatse;onbekend;onbekend;onbekend;151046.91018829896;220153.36446355376;4.38376569747925;51.2912330627441;ES9683;Rangeerstation Antwerpen-Noord - Achterdeel (Ontoegankelijk);Antwerpen;Antwerpen;Antwerpen;ObsMapp;J;Goedgekeurd op basis van expertoordeel;2007-01-01;4;;3;Planten;Fabaceae;2026-07-08;7113;I;zeldzaam
218019925;218019925;Kattendoorn s.s.;Ononis spinosa subsp. spinosa;2021-06-24;6;2021-06-24;1;ter plaatse;onbekend;onbekend;onbekend;151965.59452099566;220502.08479640077;4.39693689346313;51.2943649291992;ES9783;Rangeerstation Antwerpen-Noord - Verlegde Schijn;Antwerpen;Antwerpen;Antwerpen;ObsMapp;J;Goedgekeurd op basis van expertoordeel;2007-01-01;4;;3;Planten;Fabaceae;2026-07-08;7113;I;zeldzaam
218019923;218019923;Kattendoorn s.s.;Ononis spinosa subsp. spinosa;2021-06-24;6;2021-06-24;30;ter plaatse;onbekend;onbekend;onbekend;151947.3321490936;220506.32188551687;4.39667510986328;51.2944030761719;ES9783;Rangeerstation Antwerpen-Noord - Verlegde Schijn;Antwerpen;Antwerpen;Antwerpen;ObsMapp;J;Goedgekeurd op basis van expertoordeel;2007-01-01;4;;3;Planten;Fabaceae;2026-07-08;7113;I;zeldzaam
248315538;248315538;Kattendoorn s.s.;Ononis spinosa subsp. spinosa;2022-07-08;7;2022-07-08;1;ter plaatse;onbekend;onbekend;onbekend;141194.32352173168;219603.8213262213;4.24254322052002;51.2862281799316;ES8682;Kieldrecht - Havenvlakte (HAVL);Beveren;Kieldrecht;Oost-Vlaanderen;ObsMapp;J;Goedgekeurd op basis van kennisregels - nabijheid;2007-01-01;4;;3;Planten;Fabaceae;2026-07-08;7113;I;zeldzaam
248315534;248315534;Kattendoorn s.s.;Ononis spinosa subsp. spinosa;2022-07-08;7;2022-07-08;10000;ter plaatse;onbekend;onbekend;onbekend;141874.55996632687;220678.18424254004;4.25226926803589;51.2958946228027;ES8783;Kieldrecht - Havenvlakte (HAVL);Beveren;Doel;Oost-Vlaanderen;ObsMapp;J;Goedgekeurd op basis van kennisregels - nabijheid;2007-01-01;4;;3;Planten;Fabaceae;2026-07-08;7113;I;zeldzaam
248315533;248315533;Kattendoorn s.s.;Ononis spinosa subsp. spinosa;2022-07-08;7;2022-07-08;10000;ter plaatse;onbekend;onbekend;onbekend;141816.67607500704;220587.0253932653;4.25144147872925;51.2950744628906;ES8783;Kieldrecht - Havenvlakte (HAVL);Beveren;Doel;Oost-Vlaanderen;ObsMapp;J;Goedgekeurd op basis van kennisregels - nabijheid;2007-01-01;4;;3;Planten;Fabaceae;2026-07-08;7113;I;zeldzaam
218019916;218019916;Kattendoorn s.s.;Ononis spinosa subsp. spinosa;2021-06-24;6;2021-06-24;1;ter plaatse;onbekend;onbekend;onbekend;151900.8246644484;220526.25170917905;4.39600849151611;51.2945823669434;ES9783;Rangeerstation Antwerpen-Noord - Verlegde Schijn;Antwerpen;Antwerpen;Antwerpen;ObsMapp;J;Goedgekeurd op basis van expertoordeel;2007-01-01;4;;3;Planten;Fabaceae;2026-07-08;7113;I;zeldzaam
248315532;248315532;Kattendoorn s.s.;Ononis spinosa subsp. spinosa;2022-07-08;7;2022-07-08;1;ter plaatse;onbekend;onbekend;onbekend;141803.58503001975;220574.7379104402;4.25125408172607;51.2949638366699;ES8783;Kieldrecht - Havenvlakte (HAVL);Beveren;Doel;Oost-Vlaanderen;ObsMapp;J;Goedgekeurd op basis van kennisregels - nabijheid;2007-01-01;4;;3;Planten;Fabaceae;2026-07-08;7113;I;zeldzaam
248315519;248315519;Kattendoorn s.s.;Ononis spinosa subsp. spinosa;2022-07-08;7;2022-07-08;1;ter plaatse;onbekend;onbekend;onbekend;141921.5371671567;220729.46554084492;4.25294160842896;51.2963562011719;ES8783;Kieldrecht - Havenvlakte (HAVL);Beveren;Doel;Oost-Vlaanderen;ObsMapp;J;Goedgekeurd op basis van kennisregels - nabijheid;2007-01-01;4;;3;Planten;Fabaceae;2026-07-08;7113;I;zeldzaam
248315387;248315387;Kattendoorn s.s.;Ononis spinosa subsp. spinosa;2022-07-08;7;2022-07-08;2;ter plaatse;onbekend;onbekend;onbekend;141723.30757948442;224726.11011461637;4.25000858306885;51.332275390625;ES8787;Doel - Doelpolder Noord (Doelpolderweiden DOWE);Beveren;Doel;Oost-Vlaanderen;ObsMapp;J;Goedgekeurd op basis van kennisregels - nabijheid;2007-01-01;4;;3;Planten;Fabaceae;2026-07-08;7113;I;zeldzaam
248315200;248315200;Kattendoorn s.s.;Ononis spinosa subsp. spinosa;2022-07-08;7;2022-07-08;10;ter plaatse;onbekend;onbekend;onbekend;141599.37910862378;224955.07258647773;4.24822521209717;51.3343315124512;ES8687;Doel - Doelpolder Noord (Doelpolderweiden DOWE);Beveren;Doel;Oost-Vlaanderen;ObsMapp;J;Goedgekeurd op basis van kennisregels - nabijheid;2007-01-01;4;;3;Planten;Fabaceae;2026-07-08;7113;I;zeldzaam
279062458;279062458;Kattendoorn s.s.;Ononis spinosa subsp. spinosa;2023-07-04;7;2023-07-04;1;ter plaatse;veldwaarneming;bloeiend;onbekend;141712.8534926337;215325.33077681623;4.250072956085205;51.247779846191406;ES8778;Verrebroek - Zuidelijke Bufferzone (ZUBU) - Oost centrum;Beveren;Kallo;Oost-Vlaanderen;ObsMapp;J;Goedgekeurd op basis van kennisregels - nabijheid;1980-01-01;4;;5;Planten;Fabaceae;2026-07-08;7113;I;zeldzaam
279062459;279062459;Kattendoorn s.s.;Ononis spinosa subsp. spinosa;2023-07-04;7;2023-07-04;1;ter plaatse;veldwaarneming;bloeiend;onbekend;141715.98525116983;215326.5990239;4.250117778778076;51.2477912902832;ES8778;Verrebroek - Zuidelijke Bufferzone (ZUBU) - Oost centrum;Beveren;Kallo;Oost-Vlaanderen;ObsMapp;J;Goedgekeurd op basis van kennisregels - nabijheid;1980-01-01;4;;5;Planten;Fabaceae;2026-07-08;7113;I;zeldzaam
279062461;279062461;Kattendoorn s.s.;Ononis spinosa subsp. spinosa;2023-07-04;7;2023-07-04;6;ter plaatse;veldwaarneming;bloeiend;onbekend;141719.1916862663;215332.9600483887;4.250163555145264;51.24784851074219;ES8778;Verrebroek - Zuidelijke Bufferzone (ZUBU) - Oost centrum;Beveren;Kallo;Oost-Vlaanderen;ObsMapp;J;Goedgekeurd op basis van kennisregels - nabijheid;1980-01-01;4;;5;Planten;Fabaceae;2026-07-08;7113;I;zeldzaam
280924269;280924269;Kattendoorn s.s.;Ononis spinosa subsp. spinosa;2023-07-18;7;2023-07-18;7;ter plaatse;veldwaarneming;bloeiend;onbekend;139196.29840543232;220304.4845135864;4.213884000000007;51.292492;ES8483;Kieldrecht - Putten Weiden (PUWE);Beveren;Kieldrecht;Oost-Vlaanderen;Site;J;Goedgekeurd op basis van bewijsmateriaal;1980-01-01;3;;25;Planten;Fabaceae;2026-07-08;7113;I;zeldzaam
275109608;275109608;Kattendoorn s.s.;Ononis spinosa subsp. spinosa;2023-06-06;6;2023-06-06;12;ter plaatse;veldwaarneming;bloeiend;onbekend;141083.46355174851;219435.5605947245;4.240958355367184;51.28471413315327;ES8682;Kieldrecht - Havenvlakte (HAVL);Beveren;Kieldrecht;Oost-Vlaanderen;ObsMapp;J;Goedgekeurd op basis van kennisregels - nabijheid;1980-01-01;4;;5;Planten;Fabaceae;2026-07-08;7113;I;zeldzaam
275109609;275109609;Kattendoorn s.s.;Ononis spinosa subsp. spinosa;2023-06-06;6;2023-06-06;10;ter plaatse;veldwaarneming;bloeiend;onbekend;141081.0752472998;219434.2115097968;4.240924157202244;51.28470197062494;ES8682;Kieldrecht - Havenvlakte (HAVL);Beveren;Kieldrecht;Oost-Vlaanderen;ObsMapp;J;Goedgekeurd op basis van kennisregels - nabijheid;1980-01-01;4;;5;Planten;Fabaceae;2026-07-08;7113;I;zeldzaam
334754897;334754897;Kattendoorn s.s.;Ononis spinosa subsp. spinosa;2024-07-13;7;2024-12-04;10;ter plaatse;onbekend;onbekend;onbekend;148616.0194024617;220867.390234611;4.348916462559063;51.29765030168213;ES9483;Rangeerstation Antwerpen-Noord - De Kuifeend;Antwerpen;Antwerpen;Antwerpen;Bulk import;J;Goedgekeurd op basis van kennisregels - nabijheid;1980-01-01;4;;999;Planten;Fabaceae;2026-07-08;7113;I;zeldzaam
334754895;334754895;Kattendoorn s.s.;Ononis spinosa subsp. spinosa;2024-07-13;7;2024-12-04;10;ter plaatse;onbekend;onbekend;onbekend;148618.01440495485;220861.47647086345;4.348945086526719;51.29759715274717;ES9483;Rangeerstation Antwerpen-Noord - De Kuifeend;Antwerpen;Antwerpen;Antwerpen;Bulk import;J;Goedgekeurd op basis van kennisregels - nabijheid;1980-01-01;4;;999;Planten;Fabaceae;2026-07-08;7113;I;zeldzaam
277489999;277489999;Kattendoorn s.s.;Ononis spinosa subsp. spinosa;2023-06-22;6;2023-06-22;1;ter plaatse;onbekend;onbekend;onbekend;231777.86646128475;187781.3363230592;5.533655555555556;50.99448055555556;FS7752;Genk - Koolmijn André Dumont;Genk;Genk;Limburg;ObsIdentify;J;Goedgekeurd op basis van bewijsmateriaal;1980-01-01;3;;999;Planten;Fabaceae;2026-07-08;7113;I;zeldzaam
369044437;369044437;Kattendoorn s.s.;Ononis spinosa subsp. spinosa;2025-08-17;8;2025-08-17;1;ter plaatse;onbekend;onbekend;onbekend;142578.25468881428;218701.55096123557;4.262398;51.2781378;ES8881;Kieldrecht - Havenvlakte (HAVL);Beveren;Kallo;Oost-Vlaanderen;ObsIdentify;J;Goedgekeurd op basis van bewijsmateriaal;1980-01-01;3;;4;Planten;Fabaceae;2026-07-08;7113;I;zeldzaam
325823887;325823887;Kattendoorn s.s.;Ononis spinosa subsp. spinosa;2024-08-26;8;2024-08-26;1;ter plaatse;veldwaarneming;onbekend;onbekend;146259.2773026248;216460.84410186205;4.315173150975551;51.25803317879476;ES9179;Antwerpen - Schelde - Fort Filip-Boerenschans;Antwerpen;Antwerpen;Antwerpen;iObs;J;Goedgekeurd op basis van kennisregels - nabijheid;1980-01-01;4;;4;Planten;Fabaceae;2026-07-08;7113;I;zeldzaam
251848629;251848629;Kattendoorn s.s.;Ononis spinosa subsp. spinosa;2022-08-09;8;2022-08-09;1;ter plaatse;onbekend;onbekend;onbekend;145161.6470457998;214003.54633863084;4.299482463082619;51.235938193916205;ES9076;Zwijndrecht - Defensieve dijk;Zwijndrecht;Zwijndrecht;Antwerpen;ObsIdentify;J;Goedgekeurd op basis van bewijsmateriaal;1980-01-01;3;;5;Planten;Fabaceae;2026-07-08;7113;I;zeldzaam
324860783;324860783;Kattendoorn s.s.;Ononis spinosa subsp. spinosa;2024-08-18;8;2024-08-18;1;natuurlijk;veldwaarneming;bloeiend;onbekend;139200.5535115868;220307.780044104;4.2139449;51.2925217;ES8483;Kieldrecht - Putten Weiden (PUWE);Beveren;Kieldrecht;Oost-Vlaanderen;ObsMapp;J;Goedgekeurd op basis van bewijsmateriaal;1980-01-01;3;;999;Planten;Fabaceae;2026-07-08;7113;I;zeldzaam
322685128;322685128;Kattendoorn s.s.;Ononis spinosa subsp. spinosa;2024-08-04;8;2024-08-04;1;ter plaatse;veldwaarneming;bloeiend;onbekend;144371.98413325753;214921.9502145145;4.288162000000057;51.244186;ES8977;Melsele - Polder (MEPO);Beveren;Melsele;Oost-Vlaanderen;ObsIdentify;J;Goedgekeurd op basis van bewijsmateriaal;1980-01-01;3;;9;Planten;Fabaceae;2026-07-08;7113;I;zeldzaam
225544445;225544445;Kattendoorn s.s.;Ononis spinosa subsp. spinosa;2021-09-14;9;2021-09-14;1;ter plaatse;veldwaarneming;bloeiend;onbekend;141286.0957981218;219754.95750055744;4.243855;51.287588;ES8682;Kieldrecht - Havenvlakte (HAVL);Beveren;Kieldrecht;Oost-Vlaanderen;Site;J;Goedgekeurd op basis van bewijsmateriaal;1980-01-01;4;;7;Planten;Fabaceae;2026-07-08;7113;I;zeldzaam
369044597;369044597;Kattendoorn s.s.;Ononis spinosa subsp. spinosa;2025-08-17;8;2025-08-17;1;ter plaatse;onbekend;onbekend;onbekend;142577.38129101068;218700.740026094;4.2623855;51.2781305;ES8881;Kieldrecht - Havenvlakte (HAVL);Beveren;Kallo;Oost-Vlaanderen;ObsIdentify;J;Goedgekeurd op basis van bewijsmateriaal;1980-01-01;3;;4;Planten;Fabaceae;2026-07-08;7113;I;zeldzaam
288393445;288393445;Kattendoorn s.s.;Ononis spinosa subsp. spinosa;2023-09-19;9;2023-09-19;1;ter plaatse;onbekend;onbekend;onbekend;145197.47077339806;213651.9003839083;4.3;51.23277777777778;ES9076;Zwijndrecht - Defensieve dijk;Zwijndrecht;Zwijndrecht;Antwerpen;ObsIdentify;J;Goedgekeurd op basis van bewijsmateriaal;1980-01-01;3;;999;Planten;Fabaceae;2026-07-08;7113;I;zeldzaam
324443845;324443845;Kattendoorn s.s.;Ononis spinosa subsp. spinosa;2024-08-16;8;2024-08-16;1;ter plaatse;veldwaarneming;onbekend;onbekend;146270.02871695958;217726.2873174353;4.315314279396086;51.26940734630285;ES9180;Antwerpen - Total Fina;Antwerpen;Antwerpen;Antwerpen;iObs;J;Goedgekeurd op basis van kennisregels - nabijheid;1980-01-01;4;;5;Planten;Fabaceae;2026-07-08;7113;I;zeldzaam
323591397;323591397;Kattendoorn s.s.;Ononis spinosa subsp. spinosa;2024-08-10;8;2024-08-10;1;ter plaatse;onbekend;onbekend;onbekend;164175.69805313338;212662.14140569512;4.5716707;51.2237258;FS0975;Deurne/Schilde - Schijnvallei;Schilde;Schilde;Antwerpen;ObsIdentify;J;Goedgekeurd op basis van bewijsmateriaal;1980-01-01;3;;249;Planten;Fabaceae;2026-07-08;7113;I;zeldzaam
289879133;289879133;Kattendoorn s.s.;Ononis spinosa subsp. spinosa;2023-10-07;10;2023-10-07;1;ter plaatse;onbekend;onbekend;onbekend;145178.32480385038;213930.0561382696;4.299722222222222;51.23527777777778;ES9076;  ;Zwijndrecht;Zwijndrecht;Antwerpen;ObsIdentify;J;Goedgekeurd op basis van bewijsmateriaal;1980-01-01;3;;999;Planten;Fabaceae;2026-07-08;7113;I;zeldzaam
246282191;246282191;Kattendoorn s.s.;Ononis spinosa subsp. spinosa;2022-06-21;6;2022-06-21;1;ter plaatse;onbekend;onbekend;onbekend;147518.2578166548;218807.5794004826;4.333191861111111;51.279132833333335;ES9281;Bayer;Antwerpen;Antwerpen;Antwerpen;ObsIdentify;J;Goedgekeurd op basis van bewijsmateriaal;1980-01-01;3;;999;Planten;Fabaceae;2026-07-08;7113;I;zeldzaam
321241360;321241360;Kattendoorn s.s.;Ononis spinosa subsp. spinosa;2024-07-26;7;2024-07-26;1;ter plaatse;onbekend;onbekend;onbekend;202358.64356421656;183584.23152684516;5.114023;50.960159;FS4847;  ;Lummen;Linkhout;Limburg;ObsIdentify;J;Goedgekeurd op basis van kennisregels - automatische beeldherkenning (NIA);1980-01-01;3;;4;Planten;Fabaceae;2026-07-08;7113;I;zeldzaam
219832995;219832995;Kattendoorn s.s.;Ononis spinosa subsp. spinosa;2021-07-13;7;2021-07-13;1;ter plaatse;onbekend;onbekend;onbekend;151916.36256222217;220516.83258842584;4.396231190648878;51.2944976540082;ES9783;Rangeerstation Antwerpen-Noord - Verlegde Schijn;Antwerpen;Antwerpen;Antwerpen;ObsIdentify;J;Goedgekeurd op basis van bewijsmateriaal;1980-01-01;3;;5;Planten;Fabaceae;2026-07-08;7113;I;zeldzaam
293848207;293848207;Kattendoorn s.s.;Ononis spinosa subsp. spinosa;2023-11-26;11;2023-11-26;1;ter plaatse;onbekend;onbekend;onbekend;145164.89077004755;213943.51063923255;4.2995297;51.2353986;ES9076;Zwijndrecht - Defensieve dijk;Zwijndrecht;Zwijndrecht;Antwerpen;ObsIdentify;J;Goedgekeurd op basis van kennisregels - automatische beeldherkenning (NIA);1980-01-01;3;;5;Planten;Fabaceae;2026-07-08;7113;I;zeldzaam
217529401;217529401;Kattendoorn s.s.;Ononis spinosa subsp. spinosa;2021-06-19;6;2021-06-19;1;ter plaatse;onbekend;onbekend;onbekend;141675.189278372;220347.5704358779;4.2494186;51.29292019972222;ES8783;Kieldrecht - Havenvlakte (HAVL);Beveren;Doel;Oost-Vlaanderen;ObsIdentify;J;Goedgekeurd op basis van bewijsmateriaal;1980-01-01;3;;999;Planten;Fabaceae;2026-07-08;7113;I;zeldzaam
220539700;220539700;Kattendoorn s.s.;Ononis spinosa subsp. spinosa;2021-07-20;7;2021-07-20;1;ter plaatse;onbekend;onbekend;onbekend;145187.9600910277;213694.9842864331;4.299863269556593;51.23316495218429;ES9076;Zwijndrecht - Defensieve dijk;Zwijndrecht;Zwijndrecht;Antwerpen;ObsIdentify;J;Goedgekeurd op basis van bewijsmateriaal;1980-01-01;3;;5;Planten;Fabaceae;2026-07-08;7113;I;zeldzaam
283428140;283428140;Kattendoorn s.s.;Ononis spinosa subsp. spinosa;2023-08-08;8;2023-08-08;100;ter plaatse;onbekend;onbekend;onbekend;141843.2811713765;220642.897808156;4.2518216371536255;51.29557702522344;ES8783;Kieldrecht - Havenvlakte (HAVL);Beveren;Doel;Oost-Vlaanderen;Site;J;Goedgekeurd op basis van bewijsmateriaal;1980-01-01;3;;7;Planten;Fabaceae;2026-07-08;7113;I;zeldzaam
279022189;279022189;Kattendoorn s.s.;Ononis spinosa subsp. spinosa;2023-07-03;7;2023-07-03;1;ter plaatse;onbekend;onbekend;onbekend;145184.835727177;215362.5671702167;4.299796581268311;51.24815368652344;ES9078;Zwijndrecht - Broedvlakte (BRZW);Zwijndrecht;Zwijndrecht;Antwerpen;ObsMapp;J;Goedgekeurd op basis van kennisregels - nabijheid;1980-01-01;3;;4;Planten;Fabaceae;2026-07-08;7113;I;zeldzaam
279022172;279022172;Kattendoorn s.s.;Ononis spinosa subsp. spinosa;2023-07-03;7;2023-07-03;1;ter plaatse;onbekend;onbekend;onbekend;145208.83634842184;215393.52690581884;4.300139904022217;51.24843215942383;ES9078;Zwijndrecht - Broedvlakte (BRZW);Zwijndrecht;Zwijndrecht;Antwerpen;ObsMapp;J;Goedgekeurd op basis van kennisregels - nabijheid;1980-01-01;3;;3;Planten;Fabaceae;2026-07-08;7113;I;zeldzaam
279916223;279916223;Kattendoorn s.s.;Ononis spinosa subsp. spinosa;2023-07-10;7;2023-07-10;1;ter plaatse;onbekend;onbekend;onbekend;145433.71901835242;214870.8807767192;4.303367137908936;51.24373626708984;ES9077;Zwijndrecht - Broedvlakte (BRZW);Zwijndrecht;Zwijndrecht;Antwerpen;ObsMapp;J;Goedgekeurd op basis van kennisregels - nabijheid;1980-01-01;3;;4;Planten;Fabaceae;2026-07-08;7113;I;zeldzaam
281983845;281983845;Kattendoorn s.s.;Ononis spinosa subsp. spinosa;2023-07-26;7;2023-07-26;1;ter plaatse;onbekend;onbekend;onbekend;141091.80162651528;219842.51675774623;4.241067886352539;51.28837203979492;ES8682;Doel - Gedempt Doeldok (DDOK);Beveren;Kieldrecht;Oost-Vlaanderen;ObsMapp;J;Goedgekeurd op basis van kennisregels - nabijheid;1980-01-01;3;;7;Planten;Fabaceae;2026-07-08;7113;I;zeldzaam
282983865;282983865;Kattendoorn s.s.;Ononis spinosa subsp. spinosa;2023-08-04;8;2023-08-04;1;ter plaatse;onbekend;onbekend;onbekend;145195.42740974147;213624.61396433687;4.299971103668213;51.2325325012207;ES9076;Zwijndrecht - Defensieve dijk;Zwijndrecht;Zwijndrecht;Antwerpen;ObsMapp;J;Goedgekeurd op basis van kennisregels - nabijheid;1980-01-01;3;;4;Planten;Fabaceae;2026-07-08;7113;I;zeldzaam
282983848;282983848;Kattendoorn s.s.;Ononis spinosa subsp. spinosa;2023-08-04;8;2023-08-04;1;ter plaatse;onbekend;onbekend;onbekend;145185.4458588222;213708.23090886325;4.299827098846436;51.23328399658203;ES9076;Zwijndrecht - Defensieve dijk;Zwijndrecht;Zwijndrecht;Antwerpen;ObsMapp;J;Goedgekeurd op basis van kennisregels - nabijheid;1980-01-01;3;;8;Planten;Fabaceae;2026-07-08;7113;I;zeldzaam
195626838;195626838;Kattendoorn s.s.;Ononis spinosa subsp. spinosa;2020-05-26;5;2020-07-06;10;ter plaatse;onbekend;onbekend;onbekend;141274.39706464874;225394.885639986;4.24355173110962;51.3382797241211;ES8688;Doel - Schor Oude Doel (SCOD);Beveren;Doel;Oost-Vlaanderen;ObsMapp;J;Goedgekeurd op basis van kennisregels - nabijheid;2007-01-01;3;;25;Planten;Fabaceae;2026-07-08;7113;I;zeldzaam
224672524;224672524;Kattendoorn;Ononis spinosa;2021-09-03;9;2021-09-03;1;ter plaatse;veldwaarneming;bloeiend;onbekend;150859.50233268138;217243.21932135613;4.38107192516327;51.2650764728119;ES9680;  ;Antwerpen;Antwerpen;Antwerpen;ObsMapp;J;Goedgekeurd op basis van kennisregels - nabijheid;2007-01-01;4;;5;Planten;Fabaceae;2026-07-08;7113;S;zeldzaam
199616539;199616539;Kattendoorn;Ononis spinosa;2020-09-05;9;2020-09-05;1;ter plaatse;onbekend;onbekend;onbekend;141672.79991885496;220374.9548845068;4.24938372;51.2931663;ES8783;Kieldrecht - Havenvlakte (HAVL);Beveren;Doel;Oost-Vlaanderen;iObs;J;Goedgekeurd op basis van kennisregels - nabijheid;2007-01-01;3;;10;Planten;Fabaceae;2026-07-08;7113;S;zeldzaam
322420727;322420727;Kattendoorn;Ononis spinosa;2024-08-02;8;2024-08-02;1;ter plaatse;onbekend;onbekend;onbekend;227847.70193797624;186903.648156696;5.4774932861328125;50.98713302612305;FS7351;Genk - Terril Winterslag;Genk;Genk;Limburg;ObsMapp;J;Goedgekeurd op basis van bewijsmateriaal;1980-01-01;3;;3;Planten;Fabaceae;2026-07-08;7113;S;zeldzaam
246390102;246390102;Kattendoorn;Ononis spinosa;2022-06-22;6;2022-06-22;1;ter plaatse;veldwaarneming;bloeiend;onbekend;145214.04542180273;215402.6566308383;4.30021438747644;51.248514262831;ES9078;Zwijndrecht - Broedvlakte (BRZW);Zwijndrecht;Zwijndrecht;Antwerpen;ObsMapp;J;Goedgekeurd op basis van kennisregels - nabijheid;2007-01-01;4;;5;Planten;Fabaceae;2026-07-08;7113;S;zeldzaam
244671109;244671109;Kattendoorn;Ononis spinosa;2022-06-08;6;2022-06-08;1;ter plaatse;onbekend;onbekend;onbekend;146356.437690127;216435.01117781363;4.3165652;51.2578016;ES9179;Antwerpen - Total Fina;Antwerpen;Antwerpen;Antwerpen;ObsIdentify;J;Goedgekeurd op basis van bewijsmateriaal;1980-01-01;3;;6;Planten;Fabaceae;2026-07-08;7113;S;zeldzaam
366842124;366842124;Kattendoorn;Ononis spinosa;2025-08-04;8;2025-08-05;1;ter plaatse;veldwaarneming;bloeiend;onbekend;145185.19767716655;215357.8983544195;4.299801826477051;51.24811172485352;ES9078;Zwijndrecht - Broedvlakte (BRZW);Zwijndrecht;Zwijndrecht;Antwerpen;ObsMapp;J;Goedgekeurd op basis van bewijsmateriaal;1980-01-01;3;;3;Planten;Fabaceae;2026-07-08;7113;S;zeldzaam
278048397;278048397;Kattendoorn;Ononis spinosa;2023-06-26;6;2023-06-26;1;ter plaatse;veldwaarneming;bloeiend;onbekend;145173.27645295463;215364.56563988797;4.299631007015705;51.24817155367835;ES9078;Zwijndrecht - Broedvlakte (BRZW);Zwijndrecht;Zwijndrecht;Antwerpen;ObsMapp;J;Goedgekeurd op basis van kennisregels - nabijheid;1980-01-01;4;;5;Planten;Fabaceae;2026-07-08;7113;S;zeldzaam
369821924;369821924;Kattendoorn;Ononis spinosa;2025-08-22;8;2025-08-22;1;ter plaatse;onbekend;onbekend;onbekend;227864.37407481356;186888.19395320583;5.47772741317749;50.98699188232422;FS7351;Genk - Terril Winterslag;Genk;Genk;Limburg;ObsMapp;J;Goedgekeurd op basis van kennisregels - nabijheid;1980-01-01;4;;6;Planten;Fabaceae;2026-07-08;7113;S;zeldzaam
255149638;255149638;Kattendoorn;Ononis spinosa;2022-09-20;9;2022-09-20;1;ter plaatse;onbekend;bloeiend;onbekend;146822.18963077906;218360.62361908983;4.32322025299072;51.2751121520996;ES9281;Antwerpen - Total Fina;Antwerpen;Antwerpen;Antwerpen;ObsMapp;J;Goedgekeurd op basis van bewijsmateriaal;2007-01-01;3;;4;Planten;Fabaceae;2026-07-08;7113;S;zeldzaam
289416798;289416798;Kattendoorn;Ononis spinosa;2023-10-01;10;2023-10-01;1;ter plaatse;onbekend;onbekend;onbekend;145193.07748602418;213640.74350731168;4.2999372482299805;51.2326774597168;ES9076;Zwijndrecht - Defensieve dijk;Zwijndrecht;Zwijndrecht;Antwerpen;ObsMapp;J;Goedgekeurd op basis van kennisregels - nabijheid;1980-01-01;3;;3;Planten;Fabaceae;2026-07-08;7113;S;zeldzaam
292589392;292589392;Kattendoorn;Ononis spinosa;2023-11-02;11;2023-11-08;1;ter plaatse;onbekend;bloeiend;onbekend;149091.89101826822;214799.80462644435;4.355753421783447;51.24311447143555;ES9477;Antwerpen - Oosterweel;Antwerpen;Antwerpen;Antwerpen;ObsMapp;J;Goedgekeurd op basis van kennisregels - nabijheid;1980-01-01;3;;4;Planten;Fabaceae;2026-07-08;7113;S;zeldzaam
192949553;192949553;Kattendoorn;Ononis spinosa;2020-05-31;5;2020-06-01;1;ter plaatse;veldwaarneming;bladontplooiing;onbekend;147523.2953084026;218785.90041524265;4.3332642;51.278938;ES9281;Bayer;Antwerpen;Antwerpen;Antwerpen;Site;J;Goedgekeurd op basis van expertoordeel;1980-01-01;3;;7;Planten;Fabaceae;2026-07-08;7113;S;zeldzaam
326108256;326108256;Kattendoorn;Ononis spinosa;2024-08-27;8;2024-08-28;1;ter plaatse;veldwaarneming;bloeiend;onbekend;144540.88324128313;215174.3380590985;4.290576934814453;51.24645614624024;ES9078;Kallo - Groot Rietveld (GRRI);Beveren;Melsele;Oost-Vlaanderen;ObsMapp;J;Goedgekeurd op basis van bewijsmateriaal;1980-01-01;3;;2;Planten;Fabaceae;2026-07-08;7113;S;zeldzaam
278907992;278907992;Kattendoorn;Ononis spinosa;2023-07-02;7;2023-07-02;1;ter plaatse;onbekend;onbekend;onbekend;147524.2427430402;218782.59560002387;4.333277799999999;51.27890829972222;ES9281;Bayer;Antwerpen;Antwerpen;Antwerpen;ObsIdentify;J;Goedgekeurd op basis van bewijsmateriaal;1980-01-01;3;;999;Planten;Fabaceae;2026-07-08;7113;S;zeldzaam
247899789;247899789;Kattendoorn;Ononis spinosa;2022-07-04;7;2022-07-04;1;ter plaatse;veldwaarneming;bloeiend;onbekend;145270.7621561954;215006.78448793944;4.30103179067373;51.2449565110686;ES9077;Zwijndrecht - Broedvlakte (BRZW);Zwijndrecht;Zwijndrecht;Antwerpen;ObsMapp;J;Goedgekeurd op basis van kennisregels - nabijheid;2007-01-01;4;;5;Planten;Fabaceae;2026-07-08;7113;S;zeldzaam
194623280;194623280;Kattendoorn;Ononis spinosa;2020-06-21;6;2020-06-21;1;ter plaatse;onbekend;bloeiend;onbekend;144390.78522663767;214926.6431428436;4.28843116760254;51.2442283630371;ES8977;Melsele - Polder (MEPO);Beveren;Melsele;Oost-Vlaanderen;ObsMapp;J;Goedgekeurd op basis van kennisregels - nabijheid;2007-01-01;3;;25;Planten;Fabaceae;2026-07-08;7113;S;zeldzaam
195835503;195835503;Kattendoorn;Ononis spinosa;2020-07-07;7;2020-07-09;1;ter plaatse;onbekend;onbekend;onbekend;141312.61318305886;219797.155770856;4.24423408508301;51.2879676818848;ES8682;Kieldrecht - Havenvlakte (HAVL);Beveren;Kieldrecht;Oost-Vlaanderen;ObsMapp;J;Goedgekeurd op basis van bewijsmateriaal;2007-01-01;3;;25;Planten;Fabaceae;2026-07-08;7113;S;zeldzaam
246931363;246931363;Kattendoorn;Ononis spinosa;2022-06-26;6;2022-06-26;1;ter plaatse;onbekend;onbekend;onbekend;141348.4122983513;219038.66797150855;4.24476528167725;51.2811508178711;ES8681;Kieldrecht - Havenvlakte (HAVL);Beveren;Kieldrecht;Oost-Vlaanderen;ObsMapp;J;Goedgekeurd op basis van bewijsmateriaal;2007-01-01;3;;3;Planten;Fabaceae;2026-07-08;7113;S;zeldzaam
324939834;324939834;Kattendoorn;Ononis spinosa;2024-08-15;8;2024-08-18;1;ter plaatse;onbekend;bloeiend;onbekend;227839.8219664333;186903.30499546972;5.477381000000037;50.987131;FS7351;Genk - Terril Winterslag;Genk;Genk;Limburg;copied observation;J;Goedgekeurd op basis van kennisregels - nabijheid;1980-01-01;3;;9;Planten;Fabaceae;2026-07-08;7113;S;zeldzaam
248626573;248626573;Kattendoorn;Ononis spinosa;2022-07-10;7;2022-07-10;20;ter plaatse;veldwaarneming;bloeiend;onbekend;227878.80762901335;187269.43429296464;5.47801411;50.99041658;FS7351;Genk - Terril Winterslag;Genk;Genk;Limburg;Site;J;Goedgekeurd op basis van kennisregels - nabijheid;1980-01-01;4;;10;Planten;Fabaceae;2026-07-08;7113;S;zeldzaam
248800096;248800096;Kattendoorn;Ononis spinosa;2022-07-12;7;2022-07-12;1;ter plaatse;veldwaarneming;bloeiend;onbekend;141204.3696507035;215341.49153512623;4.24279030412436;51.2479176156718;ES8678;Verrebroek - Zuidelijke Bufferzone (ZUBU);Beveren;Kallo;Oost-Vlaanderen;ObsMapp;J;Goedgekeurd op basis van kennisregels - nabijheid;2007-01-01;3;;5;Planten;Fabaceae;2026-07-08;7113;S;zeldzaam
224672541;224672541;Kattendoorn;Ononis spinosa;2021-09-03;9;2021-09-03;2;ter plaatse;veldwaarneming;bloeiend;onbekend;151023.26797874214;217248.3854318885;4.38341818749905;51.2651226262338;ES9680;  ;Antwerpen;Antwerpen;Antwerpen;ObsMapp;J;Goedgekeurd op basis van bewijsmateriaal;2007-01-01;4;;5;Planten;Fabaceae;2026-07-08;7113;S;zeldzaam
307523054;307523054;Kattendoorn;Ononis spinosa;2024-05-03;5;2024-05-03;1;ter plaatse;onbekend;onbekend;onbekend;202359.3038703249;183582.14665956795;5.1140321;50.9601402;FS4847;  ;Lummen;Linkhout;Limburg;ObsIdentify;J;Goedgekeurd op basis van bewijsmateriaal;1980-01-01;3;;3;Planten;Fabaceae;2026-07-08;7113;S;zeldzaam
221747310;221747310;Kattendoorn;Ononis spinosa;2021-08-02;8;2021-08-02;1;ter plaatse;onbekend;onbekend;onbekend;151056.62398988346;220157.7093173694;4.383904957189173;51.29127209634805;ES9683;Rangeerstation Antwerpen-Noord - Achterdeel (Ontoegankelijk);Antwerpen;Antwerpen;Antwerpen;iObs;J;Goedgekeurd op basis van expertoordeel;2007-01-01;3;;19;Planten;Fabaceae;2026-07-08;7113;S;zeldzaam
359772141;359772141;Kattendoorn;Ononis spinosa;2025-06-29;6;2025-06-29;1;ter plaatse;onbekend;onbekend;onbekend;193860.19701606472;174340.83789169695;4.9919575;50.8777753;FS4038;Kersbeek-Miskom - Wachtbekken Velpe;Kortenaken;Kersbeek-Miskom;Vlaams-Brabant;ObsIdentify;J;Goedgekeurd op basis van bewijsmateriaal;1980-01-01;3;;10;Planten;Fabaceae;2026-07-08;7113;S;zeldzaam
247899480;247899480;Kattendoorn;Ononis spinosa;2022-07-04;7;2022-07-04;2;ter plaatse;veldwaarneming;bloeiend;onbekend;145260.64974638307;215034.41705585737;4.3008866161108;51.2452047986907;ES9077;Zwijndrecht - Broedvlakte (BRZW);Zwijndrecht;Zwijndrecht;Antwerpen;ObsMapp;J;Goedgekeurd op basis van kennisregels - nabijheid;2007-01-01;4;;5;Planten;Fabaceae;2026-07-08;7113;S;zeldzaam
318851532;318851532;Kattendoorn;Ononis spinosa;2024-07-14;7;2024-07-14;25;ter plaatse;veldwaarneming;bloeiend;onbekend;151013.27782819414;217227.95374690837;4.383275000000026;51.264939;ES9680;  ;Antwerpen;Antwerpen;Antwerpen;Site;J;Goedgekeurd op basis van bewijsmateriaal;1980-01-01;3;;6;Planten;Fabaceae;2026-07-08;7113;S;zeldzaam
193567289;193567289;Kattendoorn;Ononis spinosa;2020-06-08;6;2020-06-08;1;ter plaatse;veldwaarneming;vegetatief;onbekend;150824.3266048911;214613.30676453467;4.38056163489819;51.2414381544898;ES9677;Antwerpen - Oosterweel;Antwerpen;Antwerpen;Antwerpen;ObsMapp;J;Goedgekeurd op basis van bewijsmateriaal;2007-01-01;3;;25;Planten;Fabaceae;2026-07-08;7113;S;zeldzaam
283368736;283368736;Kattendoorn;Ononis spinosa;2023-08-07;8;2023-08-07;11;ter plaatse;onbekend;onbekend;onbekend;149434.79080438518;213057.57570445817;4.360666275024414;51.22745513916016;ES9575;Antwerpen-LO - Het Rot - Middenvijver (RO);Antwerpen;Antwerpen;Antwerpen;ObsMapp;J;Goedgekeurd op basis van bewijsmateriaal;1980-01-01;3;;4;Planten;Fabaceae;2026-07-08;7113;S;zeldzaam
246243740;246243740;Kattendoorn;Ononis spinosa;2022-06-20;6;2022-06-21;1;ter plaatse;onbekend;bloeiend;onbekend;227906.42415374075;187240.29932992067;5.4784012;50.990151;FS7351;Genk - Terril Winterslag;Genk;Genk;Limburg;Site;J;Goedgekeurd op basis van bewijsmateriaal;1980-01-01;3;;25;Planten;Fabaceae;2026-07-08;7113;S;zeldzaam
220005753;220005753;Kattendoorn;Ononis spinosa;2021-07-09;7;2021-07-16;1;ter plaatse;onbekend;onbekend;onbekend;227867.42511809236;186885.6930641532;5.47777032852173;50.9869689941406;FS7351;Genk - Terril Winterslag;Genk;Genk;Limburg;ObsMapp;J;Goedgekeurd op basis van kennisregels - nabijheid;2007-01-01;3;;4;Planten;Fabaceae;2026-07-08;7113;S;zeldzaam
224672540;224672540;Kattendoorn;Ononis spinosa;2021-09-03;9;2021-09-03;1;ter plaatse;veldwaarneming;bloeiend;onbekend;151023.10473416175;217245.63123956788;4.38341584056616;51.2650978712223;ES9680;  ;Antwerpen;Antwerpen;Antwerpen;ObsMapp;J;Goedgekeurd op basis van kennisregels - nabijheid;2007-01-01;4;;5;Planten;Fabaceae;2026-07-08;7113;S;zeldzaam
286420370;286420370;Kattendoorn;Ononis spinosa;2023-08-30;8;2023-08-31;1;ter plaatse;onbekend;bloeiend;onbekend;141505.843969006;220117.5562240947;4.246996343135834;51.29085034701395;ES8682;Kieldrecht - Havenvlakte (HAVL);Beveren;Doel;Oost-Vlaanderen;ObsMapp;J;Goedgekeurd op basis van kennisregels - nabijheid;1980-01-01;3;;50;Planten;Fabaceae;2026-07-08;7113;S;zeldzaam
223457174;223457174;Kattendoorn;Ononis spinosa;2021-08-19;8;2021-08-20;1;ter plaatse;onbekend;onbekend;onbekend;141612.73325203304;216153.4761496577;4.24862;51.255222;ES8778;Beveren - Havengebied Zuid (HAGZ);Beveren;Kallo;Oost-Vlaanderen;ObsMapp;J;Goedgekeurd op basis van kennisregels - nabijheid;2007-01-01;3;;2;Planten;Fabaceae;2026-07-08;7113;S;zeldzaam
278048393;278048393;Kattendoorn;Ononis spinosa;2023-06-26;6;2023-06-26;14;ter plaatse;veldwaarneming;bloeiend;onbekend;145182.12356942412;215362.362705824;4.299757741391659;51.248151826313205;ES9078;Zwijndrecht - Broedvlakte (BRZW);Zwijndrecht;Zwijndrecht;Antwerpen;ObsMapp;J;Goedgekeurd op basis van kennisregels - nabijheid;1980-01-01;4;;5;Planten;Fabaceae;2026-07-08;7113;S;zeldzaam
220064259;220064259;Kattendoorn;Ononis spinosa;2021-07-09;7;2021-07-16;1;ter plaatse;onbekend;onbekend;onbekend;227867.42511809236;186885.6930641532;5.47777032852173;50.9869689941406;FS7351;Genk - Terril Winterslag;Genk;Genk;Limburg;copied observation;J;Goedgekeurd op basis van kennisregels - nabijheid;2007-01-01;3;;4;Planten;Fabaceae;2026-07-08;7113;S;zeldzaam
199990252;199990252;Kattendoorn;Ononis spinosa;2020-09-12;9;2020-09-12;1;ter plaatse;onbekend;onbekend;onbekend;145376.3887693019;228821.0754543906;4.302369355889567;51.36912117125106;ES9091;Zandvliet - Kabeljauwpolder;Antwerpen;Berendrecht-Zandvliet-Lillo;Antwerpen;iObs;J;Goedgekeurd op basis van bewijsmateriaal;2007-01-01;3;;14;Planten;Fabaceae;2026-07-08;7113;S;zeldzaam
408684256;408684256;Kattendoorn;Ononis spinosa;2026-07-02;7;2026-07-02;1;ter plaatse;veldwaarneming;bloeiend;onbekend;145206.39185332076;215378.25047037192;4.300105094909668;51.248294830322266;ES9078;Zwijndrecht - Broedvlakte (BRZW);Zwijndrecht;Zwijndrecht;Antwerpen;ObsMapp;J;Goedgekeurd op basis van kennisregels - nabijheid;1980-01-01;3;#INBO_ met dank aan de werkgroep ter plaatse!;3;Planten;Fabaceae;2026-07-08;7113;S;zeldzaam
224672523;224672523;Kattendoorn;Ononis spinosa;2021-09-03;9;2021-09-03;1;ter plaatse;veldwaarneming;bloeiend;onbekend;150861.74945011604;217240.18546938524;4.38110411167145;51.2650492003135;ES9680;  ;Antwerpen;Antwerpen;Antwerpen;ObsMapp;J;Goedgekeurd op basis van kennisregels - nabijheid;2007-01-01;4;;5;Planten;Fabaceae;2026-07-08;7113;S;zeldzaam
278048051;278048051;Kattendoorn;Ononis spinosa;2023-06-26;6;2023-06-26;1;ter plaatse;veldwaarneming;bloeiend;onbekend;145255.78867903355;215033.5867555933;4.300817012786865;51.24519729614258;ES9077;Zwijndrecht - Broedvlakte (BRZW);Zwijndrecht;Zwijndrecht;Antwerpen;ObsMapp;J;Goedgekeurd op basis van kennisregels - nabijheid;1980-01-01;4;;5;Planten;Fabaceae;2026-07-08;7113;S;zeldzaam
322796755;322796755;Kattendoorn;Ononis spinosa;2024-07-31;7;2024-08-04;1;ter plaatse;onbekend;bloeiend;onbekend;228287.3125169632;186708.1124320887;5.483711622655392;50.98531631886166;FS7451;Genk - Terril Winterslag;Genk;Genk;Limburg;ObsMapp;J;Goedgekeurd op basis van bewijsmateriaal;1980-01-01;3;;5;Planten;Fabaceae;2026-07-08;7113;S;zeldzaam
322796901;322796901;Kattendoorn;Ononis spinosa;2024-07-31;7;2024-08-04;1;ter plaatse;onbekend;bloeiend;onbekend;228367.9599265551;186491.7323013917;5.484813675284386;50.983360569094096;FS7450;Genk - Oud-Winterslag;Genk;Genk;Limburg;ObsMapp;J;Goedgekeurd op basis van bewijsmateriaal;1980-01-01;3;;5;Planten;Fabaceae;2026-07-08;7113;S;zeldzaam
322797054;322797054;Kattendoorn;Ononis spinosa;2024-07-31;7;2024-08-04;1;ter plaatse;onbekend;bloeiend;onbekend;228173.35182026512;186337.9024984008;5.482009761035442;50.98200420212567;FS7450;Genk - Oud-Winterslag;Genk;Genk;Limburg;ObsMapp;J;Goedgekeurd op basis van bewijsmateriaal;1980-01-01;3;;5;Planten;Fabaceae;2026-07-08;7113;S;zeldzaam
224672525;224672525;Kattendoorn;Ononis spinosa;2021-09-03;9;2021-09-03;3;ter plaatse;veldwaarneming;bloeiend;onbekend;150857.0454639383;217241.3049835712;4.38103672116995;51.2650592701609;ES9680;  ;Antwerpen;Antwerpen;Antwerpen;ObsMapp;J;Goedgekeurd op basis van kennisregels - nabijheid;2007-01-01;4;;5;Planten;Fabaceae;2026-07-08;7113;S;zeldzaam
278048391;278048391;Kattendoorn;Ononis spinosa;2023-06-26;6;2023-06-26;1;ter plaatse;veldwaarneming;bloeiend;onbekend;145184.81847362587;215365.3021731796;4.299796298146248;51.24817826937519;ES9078;Zwijndrecht - Broedvlakte (BRZW);Zwijndrecht;Zwijndrecht;Antwerpen;ObsMapp;J;Goedgekeurd op basis van kennisregels - nabijheid;1980-01-01;4;;5;Planten;Fabaceae;2026-07-08;7113;S;zeldzaam
281931650;281931650;Kattendoorn;Ononis spinosa;2023-07-26;7;2023-07-26;1;ter plaatse;onbekend;onbekend;onbekend;228527.3263347527;186265.19990380388;5.4870343;50.9813029;FS7450;Genk - Oud-Winterslag;Genk;Genk;Limburg;ObsIdentify;J;Goedgekeurd op basis van bewijsmateriaal;1980-01-01;3;;14;Planten;Fabaceae;2026-07-08;7113;S;zeldzaam
325791586;325791586;Kattendoorn;Ononis spinosa;2024-08-22;8;2024-08-26;1;ter plaatse;veldwaarneming;bloeiend;onbekend;227773.5740516503;187156.56703612025;5.476491451263428;50.989416245145215;FS7351;Genk - Terril Winterslag;Genk;Genk;Limburg;Site;J;Goedgekeurd op basis van bewijsmateriaal;1980-01-01;3;;30;Planten;Fabaceae;2026-07-08;7113;S;zeldzaam
362827798;362827798;Kattendoorn;Ononis spinosa;2025-07-13;7;2025-07-14;1;ter plaatse;onbekend;onbekend;onbekend;145214.2962787605;215393.0975051066;4.300218105316162;51.24842834472656;ES9078;Zwijndrecht - Broedvlakte (BRZW);Zwijndrecht;Zwijndrecht;Antwerpen;ObsMapp;J;Goedgekeurd op basis van kennisregels - nabijheid;1980-01-01;3;;3;Planten;Fabaceae;2026-07-08;7113;S;zeldzaam
218072759;218072759;Kattendoorn;Ononis spinosa;2021-06-24;6;2021-06-25;1;ter plaatse;veldwaarneming;bloeiend;onbekend;141983.6483818851;220933.08945584015;4.2538275718689;51.2981872558594;ES8783;Kieldrecht - Havenvlakte (HAVL);Beveren;Doel;Oost-Vlaanderen;ObsMapp;J;Goedgekeurd op basis van kennisregels - nabijheid;2007-01-01;3;;4;Planten;Fabaceae;2026-07-08;7113;S;zeldzaam
324389048;324389048;Kattendoorn;Ononis spinosa;2024-08-15;8;2024-08-16;1;ter plaatse;onbekend;onbekend;onbekend;227845.247787025;186904.777866194;5.477458578675;50.987143509698406;FS7351;Genk - Terril Winterslag;Genk;Genk;Limburg;iObs;J;Goedgekeurd op basis van bewijsmateriaal;1980-01-01;3;;6;Planten;Fabaceae;2026-07-08;7113;S;zeldzaam
254605588;254605588;Kattendoorn;Ononis spinosa;2022-08-29;8;2022-09-11;1;ter plaatse;onbekend;onbekend;onbekend;141846.54061469252;220626.87367259525;4.251868724823;51.2954330444336;ES8783;Kieldrecht - Havenvlakte (HAVL);Beveren;Doel;Oost-Vlaanderen;ObsMapp;J;Goedgekeurd op basis van kennisregels - nabijheid;2007-01-01;3;;3;Planten;Fabaceae;2026-07-08;7113;S;zeldzaam
322953222;322953222;Kattendoorn;Ononis spinosa;2024-08-04;8;2024-08-05;1;ter plaatse;veldwaarneming;bloeiend;onbekend;144395.01766397557;214930.033859903;4.288491725921631;51.244258880615234;ES8977;Melsele - Polder (MEPO);Beveren;Melsele;Oost-Vlaanderen;ObsMapp;J;Goedgekeurd op basis van bewijsmateriaal;1980-01-01;3;;3;Planten;Fabaceae;2026-07-08;7113;S;zeldzaam
278048383;278048383;Kattendoorn;Ononis spinosa;2023-06-26;6;2023-06-26;8;ter plaatse;veldwaarneming;bloeiend;onbekend;145169.2936918996;215405.8710597809;4.299573421478272;51.24854278564453;ES9078;Zwijndrecht - Broedvlakte (BRZW);Zwijndrecht;Zwijndrecht;Antwerpen;ObsMapp;J;Goedgekeurd op basis van kennisregels - nabijheid;1980-01-01;4;;5;Planten;Fabaceae;2026-07-08;7113;S;zeldzaam
220495033;220495033;Kattendoorn;Ononis spinosa;2021-07-20;7;2021-07-20;1;ter plaatse;onbekend;onbekend;onbekend;228126.2336856188;186440.27413915005;5.481360715354274;50.98293068467899;FS7450;Genk - Terril Winterslag;Genk;Genk;Limburg;ObsIdentify;J;Goedgekeurd op basis van bewijsmateriaal;1980-01-01;3;;7;Planten;Fabaceae;2026-07-08;7113;S;zeldzaam
200389100;200389100;Kattendoorn;Ononis spinosa;2020-09-19;9;2020-09-20;1;ter plaatse;onbekend;bloeiend;onbekend;227844.732859683;186915.2773937881;5.47745348;50.98723795;FS7351;Genk - Winterslag Terril;Genk;Genk;Limburg;Site;J;Goedgekeurd op basis van bewijsmateriaal;1980-01-01;3;;10;Planten;Fabaceae;2026-07-08;7113;S;zeldzaam
224672537;224672537;Kattendoorn;Ononis spinosa;2021-09-03;9;2021-09-03;2;ter plaatse;veldwaarneming;bloeiend;onbekend;151021.0468325593;217238.51200848536;4.38338633626699;51.2650338857496;ES9680;  ;Antwerpen;Antwerpen;Antwerpen;ObsMapp;J;Goedgekeurd op basis van kennisregels - nabijheid;2007-01-01;4;;5;Planten;Fabaceae;2026-07-08;7113;S;zeldzaam
280819568;280819568;Kattendoorn;Ononis spinosa;2023-07-17;7;2023-07-17;1;ter plaatse;veldwaarneming;bloeiend;onbekend;228621.7155956476;186311.0897138063;5.48838812;50.98170257;FS7450;Genk - Oud-Winterslag;Genk;Genk;Limburg;Site;J;Goedgekeurd op basis van bewijsmateriaal;1980-01-01;3;;10;Planten;Fabaceae;2026-07-08;7113;S;zeldzaam
224672522;224672522;Kattendoorn;Ononis spinosa;2021-09-03;9;2021-09-03;1;ter plaatse;veldwaarneming;bloeiend;onbekend;150866.6870462522;217241.400036132;4.38117485493422;51.2650601093148;ES9680;  ;Antwerpen;Antwerpen;Antwerpen;ObsMapp;J;Goedgekeurd op basis van kennisregels - nabijheid;2007-01-01;4;;5;Planten;Fabaceae;2026-07-08;7113;S;zeldzaam
224672536;224672536;Kattendoorn;Ononis spinosa;2021-09-03;9;2021-09-03;7;ter plaatse;veldwaarneming;bloeiend;onbekend;151023.76175312605;217237.08880631623;4.38342522829771;51.2650210886444;ES9680;  ;Antwerpen;Antwerpen;Antwerpen;ObsMapp;J;Goedgekeurd op basis van kennisregels - nabijheid;2007-01-01;4;;5;Planten;Fabaceae;2026-07-08;7113;S;zeldzaam
278048372;278048372;Kattendoorn;Ononis spinosa;2023-06-26;6;2023-06-26;1;ter plaatse;veldwaarneming;bloeiend;onbekend;145206.47429512686;215392.15667276364;4.300106093287468;51.24841982394401;ES9078;Zwijndrecht - Broedvlakte (BRZW);Zwijndrecht;Zwijndrecht;Antwerpen;ObsMapp;J;Goedgekeurd op basis van kennisregels - nabijheid;1980-01-01;4;;5;Planten;Fabaceae;2026-07-08;7113;S;zeldzaam
363370723;363370723;Kattendoorn;Ononis spinosa;2025-07-17;7;2025-07-17;1;ter plaatse;onbekend;onbekend;onbekend;228228.80325286643;186622.20824263524;5.4828601;50.9845521;FS7451;Genk - Terril Winterslag;Genk;Genk;Limburg;ObsIdentify;J;Goedgekeurd op basis van bewijsmateriaal;1980-01-01;3;;3;Planten;Fabaceae;2026-07-08;7113;S;zeldzaam
324345179;324345179;Kattendoorn;Ononis spinosa;2024-08-15;8;2024-08-15;1;ter plaatse;onbekend;bloeiend;onbekend;227839.8219664333;186903.30499546972;5.477381000000037;50.987131;FS7351;Genk - Terril Winterslag;Genk;Genk;Limburg;copied observation;J;Goedgekeurd op basis van kennisregels - nabijheid;1980-01-01;3;;9;Planten;Fabaceae;2026-07-08;7113;S;zeldzaam
224672535;224672535;Kattendoorn;Ononis spinosa;2021-09-03;9;2021-09-03;3;ter plaatse;veldwaarneming;bloeiend;onbekend;151022.73221635196;217236.36504210625;4.38341047614813;51.2650145851961;ES9680;  ;Antwerpen;Antwerpen;Antwerpen;ObsMapp;J;Goedgekeurd op basis van kennisregels - nabijheid;2007-01-01;4;;5;Planten;Fabaceae;2026-07-08;7113;S;zeldzaam
330852829;330852829;Kattendoorn;Ononis spinosa;2024-10-09;10;2024-10-14;1;ter plaatse;onbekend;onbekend;onbekend;138845.8936609183;219885.0428434303;4.208873748779297;51.28871536254883;ES8482;Kieldrecht - Putten West (PUWS);Beveren;Kieldrecht;Oost-Vlaanderen;ObsMapp;J;Goedgekeurd op basis van kennisregels - nabijheid;1980-01-01;3;;3;Planten;Fabaceae;2026-07-08;7113;S;zeldzaam
224672534;224672534;Kattendoorn;Ononis spinosa;2021-09-03;9;2021-09-03;1;ter plaatse;veldwaarneming;bloeiend;onbekend;151020.50912621565;217235.89777612872;4.38337862491608;51.2650103894225;ES9680;  ;Antwerpen;Antwerpen;Antwerpen;ObsMapp;J;Goedgekeurd op basis van kennisregels - nabijheid;2007-01-01;4;;5;Planten;Fabaceae;2026-07-08;7113;S;zeldzaam
224672528;224672528;Kattendoorn;Ononis spinosa;2021-09-03;9;2021-09-03;1;ter plaatse;veldwaarneming;bloeiend;onbekend;150853.81557033112;217243.75515747812;4.38099045306444;51.2650812979445;ES9680;  ;Antwerpen;Antwerpen;Antwerpen;ObsMapp;J;Goedgekeurd op basis van kennisregels - nabijheid;2007-01-01;4;;5;Planten;Fabaceae;2026-07-08;7113;S;zeldzaam
200707177;200707177;Kattendoorn;Ononis spinosa;2020-09-22;9;2020-09-26;101;ter plaatse;onbekend;onbekend;onbekend;208116.50221945884;173748.64309384394;5.19441556930542;50.8712005615234;FS5437;  ;Nieuwerkerken;Nieuwerkerken;Limburg;ObsMapp;J;Goedgekeurd op basis van expertoordeel;2007-01-01;3;;25;Planten;Fabaceae;2026-07-08;7113;S;zeldzaam
195866053;195866053;Kattendoorn;Ononis spinosa;2020-07-10;7;2020-07-10;1;ter plaatse;veldwaarneming;bloeiend;onbekend;145748.21405262034;218845.2140617408;4.30782461166382;51.2794609069824;ES9181;Kallo - Bayervlakte (BAVL);Beveren;Kallo;Oost-Vlaanderen;ObsMapp;J;Goedgekeurd op basis van bewijsmateriaal;2007-01-01;3;;25;Planten;Fabaceae;2026-07-08;7113;S;zeldzaam
278048396;278048396;Kattendoorn;Ononis spinosa;2023-06-26;6;2023-06-26;1;ter plaatse;veldwaarneming;bloeiend;onbekend;145180.4849687838;215362.50430661067;4.2997342720627785;51.24815308550696;ES9078;Zwijndrecht - Broedvlakte (BRZW);Zwijndrecht;Zwijndrecht;Antwerpen;ObsMapp;J;Goedgekeurd op basis van kennisregels - nabijheid;1980-01-01;4;;5;Planten;Fabaceae;2026-07-08;7113;S;zeldzaam
330852858;330852858;Kattendoorn;Ononis spinosa;2024-10-09;10;2024-10-14;1;ter plaatse;onbekend;onbekend;onbekend;138819.9554749464;219889.34267783255;4.208501815795898;51.28875350952149;ES8482;Kieldrecht - Putten West (PUWS);Beveren;Kieldrecht;Oost-Vlaanderen;ObsMapp;J;Goedgekeurd op basis van kennisregels - nabijheid;1980-01-01;3;;3;Planten;Fabaceae;2026-07-08;7113;S;zeldzaam
224672527;224672527;Kattendoorn;Ononis spinosa;2021-09-03;9;2021-09-03;5;ter plaatse;veldwaarneming;bloeiend;onbekend;150855.78202356817;217239.78764016367;4.3810186162591;51.2650456339086;ES9680;  ;Antwerpen;Antwerpen;Antwerpen;ObsMapp;J;Goedgekeurd op basis van kennisregels - nabijheid;2007-01-01;4;;5;Planten;Fabaceae;2026-07-08;7113;S;zeldzaam
324730266;324730266;Kattendoorn;Ononis spinosa;2024-08-17;8;2024-08-17;1;ter plaatse;onbekend;onbekend;onbekend;145198.4280607387;213628.00645194572;4.300014019012451;51.23256301879883;ES9076;Zwijndrecht - Defensieve dijk;Zwijndrecht;Zwijndrecht;Antwerpen;ObsMapp;J;Goedgekeurd op basis van bewijsmateriaal;1980-01-01;3;;4;Planten;Fabaceae;2026-07-08;7113;S;zeldzaam
255028237;255028237;Kattendoorn;Ononis spinosa;2022-09-18;9;2022-09-18;1;ter plaatse;onbekend;onbekend;onbekend;145199.56448576404;213528.0961664375;4.3000316;51.231665;ES9076;Zwijndrecht - Schans Halve Maan;Zwijndrecht;Zwijndrecht;Antwerpen;Site;J;Goedgekeurd op basis van bewijsmateriaal;1980-01-01;3;;7;Planten;Fabaceae;2026-07-08;7113;S;zeldzaam
224672526;224672526;Kattendoorn;Ononis spinosa;2021-09-03;9;2021-09-03;7;ter plaatse;veldwaarneming;bloeiend;onbekend;150858.0987468774;217240.184830416;4.38105180859566;51.2650492003135;ES9680;  ;Antwerpen;Antwerpen;Antwerpen;ObsMapp;J;Goedgekeurd op basis van kennisregels - nabijheid;2007-01-01;4;;5;Planten;Fabaceae;2026-07-08;7113;S;zeldzaam
313627738;313627738;Kattendoorn;Ononis spinosa;2024-06-08;6;2024-06-08;1;ter plaatse;onbekend;onbekend;onbekend;227666.2070827348;187041.45502755605;5.474938000000066;50.988396;FS7351;Genk - Terril Winterslag;Genk;Genk;Limburg;Site;J;Goedgekeurd op basis van bewijsmateriaal;1980-01-01;4;;999;Planten;Fabaceae;2026-07-08;7113;S;zeldzaam
391752828;391752828;Kattendoorn;Ononis spinosa;2026-04-09;4;2026-04-10;1;ter plaatse;onbekend;onbekend;onbekend;149441.21993875786;213061.39470125083;4.360758304595947;51.22748947143555;ES9576;Antwerpen-LO - Het Rot - Middenvijver (RO);Antwerpen;Antwerpen;Antwerpen;ObsMapp;J;Goedgekeurd op basis van kennisregels - nabijheid;1980-01-01;3;;7;Planten;Fabaceae;2026-07-08;7113;S;zeldzaam
290874798;290874798;Kattendoorn;Ononis spinosa;2023-10-17;10;2023-10-17;1;ter plaatse;onbekend;onbekend;onbekend;231891.58783726653;188168.90888599583;5.535361999999964;50.997948;FS7752;Genk - Koolmijn André Dumont;Genk;Genk;Limburg;Site;J;Goedgekeurd op basis van bewijsmateriaal;1980-01-01;3;;30;Planten;Fabaceae;2026-07-08;7113;S;zeldzaam
317061344;317061344;Kattendoorn;Ononis spinosa;2024-07-01;7;2024-07-01;1;natuurlijk;veldwaarneming;bloeiend;onbekend;145193.9549450277;213641.5593468072;4.2999498;51.2326848;ES9076;Zwijndrecht - Defensieve dijk;Zwijndrecht;Zwijndrecht;Antwerpen;ObsMapp;J;Goedgekeurd op basis van bewijsmateriaal;1980-01-01;4;;999;Planten;Fabaceae;2026-07-08;7113;S;zeldzaam
369590951;369590951;Kattendoorn;Ononis spinosa;2025-08-15;8;2025-08-20;1;ter plaatse;onbekend;onbekend;onbekend;141279.80421342578;219739.0359165445;4.2437652;51.2874448;ES8682;Kieldrecht - Havenvlakte (HAVL);Beveren;Kieldrecht;Oost-Vlaanderen;ObsIdentify;J;Goedgekeurd op basis van bewijsmateriaal;1980-01-01;3;;999;Planten;Fabaceae;2026-07-08;7113;S;zeldzaam
277619734;277619734;Kattendoorn;Ononis spinosa;2023-06-23;6;2023-06-23;1;ter plaatse;veldwaarneming;bloeiend;onbekend;227941.91302375024;185874.91479269136;5.478615760803223;50.97787396209362;FS7350;Genk - Oud-Winterslag;Genk;Genk;Limburg;Site;J;Goedgekeurd op basis van bewijsmateriaal;1980-01-01;3;Vorig jaar met zekerheid gedetermineerd met flora.__Komt in grote plekken voor aan de voet van de aangelegde talud tussen site Essers en sité Winterslag.;8;Planten;Fabaceae;2026-07-08;7113;S;zeldzaam
318760810;318760810;Kattendoorn;Ononis spinosa;2024-07-11;7;2024-07-13;1;ter plaatse;onbekend;bloeiend;onbekend;144400.2791392487;214930.4526297161;4.288567066192627;51.2442626953125;ES8977;Kallo - Groot Rietveld (GRRI);Beveren;Melsele;Oost-Vlaanderen;ObsMapp;J;Goedgekeurd op basis van kennisregels - nabijheid;1980-01-01;3;;3;Planten;Fabaceae;2026-07-08;7113;S;zeldzaam
247382101;247382101;Kattendoorn;Ononis spinosa;2022-06-30;6;2022-06-30;1;ter plaatse;onbekend;onbekend;onbekend;173887.12577968504;197722.63449310977;4.7096963;51.0891208;FS1961;Hallaar - Averegten - Bos (Groendomein provincie Antwerpen - regio Kempen);Heist-op-den-Berg;Hallaar;Antwerpen;ObsIdentify;J;Goedgekeurd op basis van bewijsmateriaal;1980-01-01;3;;11;Planten;Fabaceae;2026-07-08;7113;S;zeldzaam
318688280;318688280;Kattendoorn;Ononis spinosa;2024-07-13;7;2024-07-13;1;ter plaatse;onbekend;onbekend;onbekend;227752.8845937628;187258.5993108125;5.476218499722222;50.9903361;FS7351;Genk - Terril Winterslag;Genk;Genk;Limburg;ObsIdentify;J;Goedgekeurd op basis van kennisregels - automatische beeldherkenning (NIA);1980-01-01;3;;999;Planten;Fabaceae;2026-07-08;7113;S;zeldzaam
391752820;391752820;Kattendoorn;Ononis spinosa;2026-04-09;4;2026-04-10;1;ter plaatse;onbekend;onbekend;onbekend;149443.91768324803;213057.9992047809;4.360796928405762;51.22745895385742;ES9575;Antwerpen-LO - Het Rot - Middenvijver (RO);Antwerpen;Antwerpen;Antwerpen;ObsMapp;J;Goedgekeurd op basis van kennisregels - nabijheid;1980-01-01;3;;3;Planten;Fabaceae;2026-07-08;7113;S;zeldzaam
321811847;321811847;Kattendoorn;Ononis spinosa;2024-07-29;7;2024-07-29;1;ter plaatse;onbekend;bloeiend;onbekend;227903.82496365072;187251.64211740624;5.4783666;50.99025329972223;FS7351;Genk - Terril Winterslag;Genk;Genk;Limburg;ObsMapp;J;Goedgekeurd op basis van bewijsmateriaal;1980-01-01;3;;999;Planten;Fabaceae;2026-07-08;7113;S;zeldzaam
325823884;325823884;Kattendoorn;Ononis spinosa;2024-08-26;8;2024-08-26;1;ter plaatse;veldwaarneming;onbekend;onbekend;146379.9462949891;216421.4016893413;4.316902086142745;51.25767942057108;ES9179;Antwerpen - Total Fina;Antwerpen;Antwerpen;Antwerpen;iObs;J;Goedgekeurd op basis van kennisregels - nabijheid;1980-01-01;4;;6;Planten;Fabaceae;2026-07-08;7113;S;zeldzaam
316288353;316288353;Kattendoorn;Ononis spinosa;2024-06-26;6;2024-06-26;1;ter plaatse;onbekend;onbekend;onbekend;144383.5332493982;214947.19284878112;4.288326999999981;51.244413;ES8977;Kallo - Groot Rietveld (GRRI);Beveren;Melsele;Oost-Vlaanderen;Site;J;Goedgekeurd op basis van bewijsmateriaal;1980-01-01;3;;15;Planten;Fabaceae;2026-07-08;7113;S;zeldzaam
325345335;325345335;Kattendoorn;Ononis spinosa;2024-08-22;8;2024-08-22;1;ter plaatse;onbekend;onbekend;onbekend;146325.0933218846;220700.74180387607;4.316073403768813;51.296142578125;ES9183;Bayer;Antwerpen;Antwerpen;Antwerpen;ObsIdentify;J;Goedgekeurd op basis van bewijsmateriaal;1980-01-01;3;;16;Planten;Fabaceae;2026-07-08;7113;S;zeldzaam
366741523;366741523;Kattendoorn;Ononis spinosa;2025-08-04;8;2025-08-04;1;ter plaatse;onbekend;onbekend;onbekend;146854.79471957532;218393.54144839945;4.3236872;51.2754082;ES9281;Antwerpen - Total Fina;Antwerpen;Antwerpen;Antwerpen;ObsIdentify;J;Goedgekeurd op basis van bewijsmateriaal;1980-01-01;4;;3;Planten;Fabaceae;2026-07-08;7113;S;zeldzaam
316012259;316012259;Kattendoorn;Ononis spinosa;2024-06-24;6;2024-06-24;5;ter plaatse;onbekend;bloeiend;onbekend;181827.49629917083;183369.7593002124;4.821775000000002;50.959722;FS2746;  ;Holsbeek;Nieuwrode;Vlaams-Brabant;Site;J;Goedgekeurd op basis van bewijsmateriaal;1980-01-01;4;;15;Planten;Fabaceae;2026-07-08;7113;S;zeldzaam
314195341;314195341;Kattendoorn;Ononis spinosa;2024-06-12;6;2024-06-12;1;ter plaatse;onbekend;onbekend;onbekend;227636.83230403997;185833.10042911675;5.474263306961307;50.9775390625;FS7350;Genk - Oud-Winterslag;Genk;Genk;Limburg;ObsIdentify;J;Goedgekeurd op basis van kennisregels - automatische beeldherkenning (NIA);1980-01-01;3;;8;Planten;Fabaceae;2026-07-08;7113;S;zeldzaam
290525165;290525165;Kattendoorn;Ononis spinosa;2023-10-13;10;2023-10-13;1;ter plaatse;veldwaarneming;bloeiend;onbekend;146353.81760888928;216419.71834803463;4.316527820439644;51.25766412779957;ES9179;Antwerpen - Schelde - Fort Filip-Boerenschans;Antwerpen;Antwerpen;Antwerpen;iObs;J;Goedgekeurd op basis van bewijsmateriaal;1980-01-01;3;;24;Planten;Fabaceae;2026-07-08;7113;S;zeldzaam
322366898;322366898;Kattendoorn;Ononis spinosa;2024-08-02;8;2024-08-02;1;ter plaatse;onbekend;onbekend;onbekend;227745.91703201825;186753.8187504429;5.476011999999969;50.9858;FS7351;Genk - Terril Winterslag;Genk;Genk;Limburg;Site;J;Goedgekeurd op basis van bewijsmateriaal;1980-01-01;4;;999;Planten;Fabaceae;2026-07-08;7113;S;zeldzaam
224084209;224084209;Kattendoorn;Ononis spinosa;2021-08-25;8;2021-08-27;1;ter plaatse;onbekend;bloeiend;onbekend;227591.37053363232;187299.45936969016;5.473927;50.990725;FS7351;Genk - Terril Winterslag;Genk;Genk;Limburg;Site;J;Goedgekeurd op basis van bewijsmateriaal;1980-01-01;3;;25;Planten;Fabaceae;2026-07-08;7113;S;zeldzaam
217665196;217665196;Kattendoorn;Ononis spinosa;2021-06-20;6;2021-06-20;1;ter plaatse;onbekend;bloeiend;onbekend;228127.40503528257;186522.73207318503;5.481395;50.98367167;FS7450;Genk - Terril Winterslag;Genk;Genk;Limburg;iObs;J;Goedgekeurd op basis van bewijsmateriaal;2007-01-01;4;;6;Planten;Fabaceae;2026-07-08;7113;S;zeldzaam
328522326;328522326;Kattendoorn;Ononis spinosa;2024-09-19;9;2024-09-19;1;ter plaatse;onbekend;onbekend;onbekend;227448.19426271212;187185.3033501478;5.4718638;50.9897181;FS7351;Genk - Terril Winterslag;Genk;Genk;Limburg;ObsIdentify;J;Goedgekeurd op basis van bewijsmateriaal;1980-01-01;3;;4;Planten;Fabaceae;2026-07-08;7113;S;zeldzaam
407881515;407881515;Kattendoorn;Ononis spinosa;2026-06-28;6;2026-06-28;1;ter plaatse;onbekend;onbekend;onbekend;227774.2213052461;185737.9585032547;5.476199150085449;50.97666549682617;FS7350;Genk - Oud-Winterslag;Genk;Genk;Limburg;copied observation;J;Goedgekeurd op basis van kennisregels - nabijheid;1980-01-01;3;;2;Planten;Fabaceae;2026-07-08;7113;S;zeldzaam
248061175;248061175;Kattendoorn;Ononis spinosa;2022-07-05;7;2022-07-05;1;ter plaatse;onbekend;onbekend;onbekend;205220.7242361996;197922.2451423276;5.1569268;51.088771;FS5161;  ;Ham;Kwaadmechelen;Limburg;Site;J;Goedgekeurd op basis van bewijsmateriaal;1980-01-01;3;;7;Planten;Fabaceae;2026-07-08;7113;S;zeldzaam
281876044;281876044;Kattendoorn;Ononis spinosa;2023-07-19;7;2023-07-25;1;ter plaatse;onbekend;onbekend;onbekend;141827.38805707343;220619.32925347704;4.251594319939613;51.29536496463415;ES8783;Kieldrecht - Havenvlakte (HAVL);Beveren;Doel;Oost-Vlaanderen;ObsMapp;J;Goedgekeurd op basis van kennisregels - nabijheid;1980-01-01;3;;5;Planten;Fabaceae;2026-07-08;7113;S;zeldzaam
218539684;218539684;Kattendoorn;Ononis spinosa;2021-06-29;6;2021-06-29;1;natuurlijk;veldwaarneming;bloeiend;onbekend;141694.22439380854;220385.90184702817;4.2496906;51.293265;ES8783;Kieldrecht - Havenvlakte (HAVL);Beveren;Doel;Oost-Vlaanderen;Site;J;Goedgekeurd op basis van bewijsmateriaal;1980-01-01;4;;7;Planten;Fabaceae;2026-07-08;7113;S;zeldzaam
248061234;248061234;Kattendoorn;Ononis spinosa;2022-07-05;7;2022-07-05;1;ter plaatse;onbekend;onbekend;onbekend;205219.2722434858;197917.7794974232;5.1569054;51.088731;FS5161;  ;Ham;Kwaadmechelen;Limburg;Site;J;Goedgekeurd op basis van bewijsmateriaal;1980-01-01;3;;7;Planten;Fabaceae;2026-07-08;7113;S;zeldzaam
358003531;358003531;Kattendoorn;Ononis spinosa;2025-06-21;6;2025-06-21;1;natuurlijk;veldwaarneming;bloeiend;onbekend;151019.03364580398;217249.10362403747;4.383357524871826;51.26512908935547;ES9680;  ;Antwerpen;Antwerpen;Antwerpen;ObsMapp;J;Goedgekeurd op basis van bewijsmateriaal;1980-01-01;4;;2;Planten;Fabaceae;2026-07-08;7113;S;zeldzaam
250633177;250633177;Kattendoorn;Ononis spinosa;2022-07-28;7;2022-07-28;1;ter plaatse;onbekend;onbekend;onbekend;205219.9746028535;197922.2371780295;5.1569161;51.088771;FS5161;  ;Ham;Kwaadmechelen;Limburg;Site;J;Goedgekeurd op basis van bewijsmateriaal;1980-01-01;3;;7;Planten;Fabaceae;2026-07-08;7113;S;zeldzaam
328522576;328522576;Kattendoorn;Ononis spinosa;2024-09-19;9;2024-09-19;1;ter plaatse;onbekend;onbekend;onbekend;227443.64153762147;187183.11064548136;5.4717985;50.989699;FS7351;Genk - Terril Winterslag;Genk;Genk;Limburg;ObsIdentify;J;Goedgekeurd op basis van bewijsmateriaal;1980-01-01;3;;999;Planten;Fabaceae;2026-07-08;7113;S;zeldzaam
224020948;224020948;Kattendoorn;Ononis spinosa;2021-08-26;8;2021-08-26;1;ter plaatse;onbekend;onbekend;onbekend;228127.3284369642;186172.33919615764;5.4813191;50.9805223;FS7450;Genk - Oud-Winterslag;Genk;Genk;Limburg;ObsIdentify;J;Goedgekeurd op basis van bewijsmateriaal;1980-01-01;3;;3;Planten;Fabaceae;2026-07-08;7113;S;zeldzaam
358634398;358634398;Kattendoorn;Ononis spinosa;2025-06-24;6;2025-06-24;10;natuurlijk;veldwaarneming;bloeiend;onbekend;228132.72727605683;186289.5424714461;5.481420993804932;50.98157501220703;FS7450;Genk - Oud-Winterslag;Genk;Genk;Limburg;ObsMapp;J;Goedgekeurd op basis van kennisregels - nabijheid;1980-01-01;4;;3;Planten;Fabaceae;2026-07-08;7113;S;zeldzaam
321511026;321511026;Kattendoorn;Ononis spinosa;2024-07-27;7;2024-07-27;1;ter plaatse;onbekend;onbekend;onbekend;144403.24886401076;214930.06057675465;4.2886096;51.2442592;ES8977;Kallo - Groot Rietveld (GRRI);Beveren;Melsele;Oost-Vlaanderen;ObsIdentify;J;Goedgekeurd op basis van bewijsmateriaal;1980-01-01;3;;999;Planten;Fabaceae;2026-07-08;7113;S;zeldzaam
289609357;289609357;Kattendoorn;Ononis spinosa;2023-10-04;10;2023-10-04;1;ter plaatse;onbekend;onbekend;onbekend;231991.937668896;188175.4942208454;5.5367928;50.997993;FS7852;Genk - Koolmijn André Dumont;Genk;Genk;Limburg;ObsIdentify;J;Goedgekeurd op basis van bewijsmateriaal;1980-01-01;3;;7;Planten;Fabaceae;2026-07-08;7113;S;zeldzaam
196390380;196390380;Kattendoorn;Ononis spinosa;2020-07-17;7;2020-07-17;1;ter plaatse;onbekend;bloeiend;onbekend;231796.2909650891;187753.1926504569;5.53391167;50.99422499999999;FS7752;Genk - Koolmijn André Dumont;Genk;Genk;Limburg;iObs;J;Goedgekeurd op basis van bewijsmateriaal;2007-01-01;4;;32;Planten;Fabaceae;2026-07-08;7113;S;zeldzaam
253197292;253197292;Kattendoorn;Ononis spinosa;2022-08-24;8;2022-08-24;1;ter plaatse;onbekend;bloeiend;onbekend;139194.94275303336;220312.54153493792;4.21386432647705;51.2925643920898;ES8483;Kieldrecht - Putten Weiden (PUWE);Beveren;Kieldrecht;Oost-Vlaanderen;ObsMapp;J;Goedgekeurd op basis van bewijsmateriaal;2007-01-01;4;;9;Planten;Fabaceae;2026-07-08;7113;S;zeldzaam
358393730;358393730;Kattendoorn;Ononis spinosa;2025-06-23;6;2025-06-23;1;ter plaatse;onbekend;onbekend;onbekend;141397.94305834922;215450.5759259053;4.24556;51.248901;ES8678;Verrebroek - Zuidelijke Bufferzone (ZUBU);Beveren;Kallo;Oost-Vlaanderen;ObsMapp;J;Goedgekeurd op basis van kennisregels - nabijheid;2026-06-27;3;;1;Planten;Fabaceae;2026-07-08;7113;S;zeldzaam
358824364;358824364;Kattendoorn;Ononis spinosa;2025-06-25;6;2025-06-25;1;ter plaatse;onbekend;onbekend;onbekend;141307.04041124685;215454.9544504592;4.244257999999945;51.248939;ES8678;Verrebroek - Zuidelijke Bufferzone (ZUBU);Beveren;Kallo;Oost-Vlaanderen;Site;J;Goedgekeurd op basis van expertoordeel;1980-01-01;3;;999;Planten;Fabaceae;2026-07-08;7113;S;zeldzaam
357007908;357007908;Kattendoorn;Ononis spinosa;2025-06-17;6;2025-06-17;1;ter plaatse;onbekend;onbekend;onbekend;148688.86197604457;219279.6031792024;4.349966351757694;51.28337921910596;ES9482;  ;Antwerpen;Antwerpen;Antwerpen;ObsIdentify;J;Goedgekeurd op basis van bewijsmateriaal;1980-01-01;3;;10;Planten;Fabaceae;2026-07-08;7113;S;zeldzaam
362050527;362050527;Kattendoorn;Ononis spinosa;2025-07-10;7;2025-07-10;1;ter plaatse;onbekend;onbekend;onbekend;145196.22533215518;213699.9470870914;4.299981538210344;51.23320962772819;ES9076;  ;Zwijndrecht;Zwijndrecht;Antwerpen;ObsIdentify;J;Goedgekeurd op basis van bewijsmateriaal;1980-01-01;3;;4;Planten;Fabaceae;2026-07-08;7113;S;zeldzaam
219832962;219832962;Kattendoorn;Ononis spinosa;2021-07-13;7;2021-07-13;1;ter plaatse;onbekend;onbekend;onbekend;151917.6751399623;220519.77337726485;4.396250023640128;51.29452408170102;ES9783;Rangeerstation Antwerpen-Noord - Verlegde Schijn;Antwerpen;Antwerpen;Antwerpen;ObsIdentify;J;Goedgekeurd op basis van bewijsmateriaal;1980-01-01;3;;6;Planten;Fabaceae;2026-07-08;7113;S;zeldzaam
316554728;316554728;Kattendoorn;Ononis spinosa;2024-06-28;6;2024-06-28;1;ter plaatse;onbekend;onbekend;onbekend;148629.42648474188;219263.4215497021;4.3491145525023;51.283233642578125;ES9482;  ;Antwerpen;Antwerpen;Antwerpen;ObsIdentify;J;Goedgekeurd op basis van bewijsmateriaal;1980-01-01;3;;8;Planten;Fabaceae;2026-07-08;7113;S;zeldzaam
358633990;358633990;Kattendoorn;Ononis spinosa;2025-06-24;6;2025-06-24;1;natuurlijk;veldwaarneming;bloeiend;onbekend;228127.18077539327;186525.4338194467;5.48139238357544;50.98369598388672;FS7450;Genk - Terril Winterslag;Genk;Genk;Limburg;ObsMapp;J;Goedgekeurd op basis van kennisregels - nabijheid;1980-01-01;4;;3;Planten;Fabaceae;2026-07-08;7113;S;zeldzaam
223532202;223532202;Kattendoorn;Ononis spinosa;2021-08-21;8;2021-08-21;1;ter plaatse;onbekend;onbekend;onbekend;148685.18742469093;219286.4057521345;4.349913662436215;51.28344035367049;ES9482;  ;Antwerpen;Antwerpen;Antwerpen;ObsIdentify;J;Goedgekeurd op basis van bewijsmateriaal;1980-01-01;3;;8;Planten;Fabaceae;2026-07-08;7113;S;zeldzaam
324859868;324859868;Kattendoorn;Ononis spinosa;2024-08-17;8;2024-08-18;1;ter plaatse;veldwaarneming;bloeiend;onbekend;227853.48670171184;186900.8325053053;5.477575063705444;50.98710694173081;FS7351;Genk - Terril Winterslag;Genk;Genk;Limburg;Site;J;Goedgekeurd op basis van bewijsmateriaal;1980-01-01;3;;10;Planten;Fabaceae;2026-07-08;7113;S;zeldzaam
357007879;357007879;Kattendoorn;Ononis spinosa;2025-06-17;6;2025-06-17;1;ter plaatse;onbekend;onbekend;onbekend;148690.33546397646;219275.57917849813;4.349987484561202;51.28334305396045;ES9482;  ;Antwerpen;Antwerpen;Antwerpen;ObsIdentify;J;Goedgekeurd op basis van bewijsmateriaal;1980-01-01;3;;10;Planten;Fabaceae;2026-07-08;7113;S;zeldzaam
370949587;370949587;Kattendoorn;Ononis spinosa;2025-08-27;8;2025-08-29;40;ter plaatse;onbekend;onbekend;onbekend;142452.69688098048;218632.0615032101;4.260600090026856;51.27751159667969;ES8781;Kieldrecht - Havenvlakte (HAVL);Beveren;Kallo;Oost-Vlaanderen;ObsMapp;J;Goedgekeurd op basis van kennisregels - nabijheid;1980-01-01;3;;1;Planten;Fabaceae;2026-07-08;7113;S;zeldzaam
217895047;217895047;Kattendoorn;Ononis spinosa;2021-06-23;6;2021-06-23;1;ter plaatse;onbekend;onbekend;onbekend;227759.38169037848;187261.7670031702;5.4763117;50.9903637;FS7351;Genk - Terril Winterslag;Genk;Genk;Limburg;ObsIdentify;J;Goedgekeurd op basis van bewijsmateriaal;1980-01-01;3;;999;Planten;Fabaceae;2026-07-08;7113;S;zeldzaam
280274376;280274376;Kattendoorn;Ononis spinosa;2023-07-13;7;2023-07-13;1;ter plaatse;onbekend;onbekend;onbekend;227840.49147959464;186899.8548497856;5.4773898;50.987099899722224;FS7351;Genk - Terril Winterslag;Genk;Genk;Limburg;ObsIdentify;J;Goedgekeurd op basis van bewijsmateriaal;1980-01-01;3;;999;Planten;Fabaceae;2026-07-08;7113;S;zeldzaam
249035466;249035466;Kattendoorn;Ononis spinosa;2022-07-14;7;2022-07-14;1;ter plaatse;onbekend;onbekend;onbekend;148666.47083204857;219305.49538913928;4.349645338798931;51.28361189296404;ES9482;  ;Antwerpen;Antwerpen;Antwerpen;ObsIdentify;J;Goedgekeurd op basis van bewijsmateriaal;1980-01-01;3;;5;Planten;Fabaceae;2026-07-08;7113;S;zeldzaam
280408769;280408769;Kattendoorn;Ononis spinosa;2023-07-14;7;2023-07-14;1;ter plaatse;onbekend;onbekend;onbekend;143412.6472085407;215109.5251259487;4.274420499722222;51.2458619;ES8877;Kallo - Rietmoerassen;Beveren;Melsele;Oost-Vlaanderen;ObsIdentify;J;Goedgekeurd op basis van bewijsmateriaal;1980-01-01;3;;999;Planten;Fabaceae;2026-07-08;7113;S;zeldzaam
282479406;282479406;Kattendoorn;Ononis spinosa;2023-07-30;7;2023-07-30;1;ter plaatse;onbekend;onbekend;onbekend;173892.3063727546;197722.0019532321;4.7097702;51.0891149;FS1961;Hallaar - Averegten - Bos (Groendomein provincie Antwerpen - regio Kempen);Heist-op-den-Berg;Hallaar;Antwerpen;ObsIdentify;J;Goedgekeurd op basis van bewijsmateriaal;1980-01-01;4;;4;Planten;Fabaceae;2026-07-08;7113;S;zeldzaam
374566285;374566285;Kattendoorn;Ononis spinosa;2025-09-29;9;2025-09-30;1;ter plaatse;veldwaarneming;bloeiend;onbekend;141473.0992620232;219028.8032547068;4.246552499722222;51.281064;ES8681;Kieldrecht - Havenvlakte (HAVL);Beveren;Kieldrecht;Oost-Vlaanderen;Observation;J;Goedgekeurd op basis van bewijsmateriaal;1980-01-01;4;;999;Planten;Fabaceae;2026-07-08;7113;S;zeldzaam
368922595;368922595;Kattendoorn;Ononis spinosa;2025-08-16;8;2025-08-16;1;ter plaatse;veldwaarneming;bloeiend;onbekend;142518.5461383158;218668.72637980245;4.261542999999961;51.277842;ES8781;Kieldrecht - Havenvlakte (HAVL);Beveren;Kallo;Oost-Vlaanderen;Site;J;Goedgekeurd op basis van bewijsmateriaal;1980-01-01;3;;999;Planten;Fabaceae;2026-07-08;7113;S;zeldzaam
358633999;358633999;Kattendoorn;Ononis spinosa;2025-06-24;6;2025-06-24;20;natuurlijk;veldwaarneming;bloeiend;onbekend;228127.421498134;186525.01301431283;5.481395721435547;50.98369216918945;FS7450;Genk - Terril Winterslag;Genk;Genk;Limburg;ObsMapp;J;Goedgekeurd op basis van kennisregels - nabijheid;1980-01-01;4;;3;Planten;Fabaceae;2026-07-08;7113;S;zeldzaam
391752827;391752827;Kattendoorn;Ononis spinosa;2026-04-09;4;2026-04-10;1;ter plaatse;onbekend;onbekend;onbekend;149442.1525657812;213060.9702054551;4.360771656036377;51.22748565673828;ES9576;Antwerpen-LO - Het Rot - Middenvijver (RO);Antwerpen;Antwerpen;Antwerpen;ObsMapp;J;Goedgekeurd op basis van kennisregels - nabijheid;1980-01-01;3;;4;Planten;Fabaceae;2026-07-08;7113;S;zeldzaam
380719913;380719913;Kattendoorn;Ononis spinosa;2025-11-16;11;2025-11-16;1;ter plaatse;onbekend;onbekend;onbekend;141646.2555937491;218643.4775280021;4.249042987823486;51.27760314941406;ES8781;Kieldrecht - Havenvlakte (HAVL);Beveren;Kallo;Oost-Vlaanderen;ObsMapp;J;Goedgekeurd op basis van kennisregels - nabijheid;1980-01-01;3;;4;Planten;Fabaceae;2026-07-08;7113;S;zeldzaam
200692110;200692110;Kattendoorn;Ononis spinosa;2020-09-26;9;2020-09-26;3;aangeplant;veldwaarneming;vruchtdragend;onbekend;201423.5662963665;177037.79470888805;5.09979581832886;50.9013977050781;FS4740;  ;Geetbets;Geetbets;Vlaams-Brabant;ObsMapp;J;Goedgekeurd op basis van bewijsmateriaal;2007-01-01;3;herkomst steenweg op Zoutleeuw;25;Planten;Fabaceae;2026-07-08;7113;S;zeldzaam
249754033;249754033;Kattendoorn;Ononis spinosa;2022-07-20;7;2022-07-20;50;ter plaatse;onbekend;onbekend;onbekend;139803.30099557198;220232.3501774557;4.22258757054806;51.2918546587714;ES8582;Kieldrecht - Putten Weiden (PUWE);Beveren;Kieldrecht;Oost-Vlaanderen;ObsMapp;J;Goedgekeurd op basis van kennisregels - nabijheid;2007-01-01;3;;5;Planten;Fabaceae;2026-07-08;7113;S;zeldzaam
248256809;248256809;Kattendoorn;Ononis spinosa;2022-07-07;7;2022-07-07;1;ter plaatse;onbekend;onbekend;onbekend;141554.20485561018;224539.21144620609;4.24758672714233;51.3305931091309;ES8687;Doel - Doelpolder Noord (Doelpolderweiden DOWE);Beveren;Doel;Oost-Vlaanderen;ObsMapp;J;Goedgekeurd op basis van kennisregels - nabijheid;2007-01-01;3;;3;Planten;Fabaceae;2026-07-08;7113;S;zeldzaam
248359441;248359441;Kattendoorn;Ononis spinosa;2022-07-08;7;2022-07-08;1;ter plaatse;onbekend;onbekend;onbekend;141567.89718989155;225051.4675497916;4.24777126312256;51.3351974487305;ES8687;Doel - Doelpolder Noord (Doelpolderweiden DOWE);Beveren;Doel;Oost-Vlaanderen;ObsMapp;J;Goedgekeurd op basis van kennisregels - nabijheid;2007-01-01;3;;3;Planten;Fabaceae;2026-07-08;7113;S;zeldzaam
249754001;249754001;Kattendoorn;Ononis spinosa;2022-07-20;7;2022-07-20;50;ter plaatse;onbekend;onbekend;onbekend;139194.6021890212;220308.72249876332;4.21385955810547;51.2925300598145;ES8483;Kieldrecht - Putten Weiden (PUWE);Beveren;Kieldrecht;Oost-Vlaanderen;ObsMapp;J;Goedgekeurd op basis van kennisregels - nabijheid;2007-01-01;3;;4;Planten;Fabaceae;2026-07-08;7113;S;zeldzaam
249753983;249753983;Kattendoorn;Ononis spinosa;2022-07-20;7;2022-07-20;1;ter plaatse;onbekend;onbekend;onbekend;139174.81361539412;220326.1646924168;4.21357536315918;51.2926864624023;ES8483;Kieldrecht - Nieuwe Arenbergpolder (NAPO);Beveren;Kieldrecht;Oost-Vlaanderen;ObsMapp;J;Goedgekeurd op basis van kennisregels - nabijheid;2007-01-01;3;;6;Planten;Fabaceae;2026-07-08;7113;S;zeldzaam
248724712;248724712;Kattendoorn;Ononis spinosa;2022-07-11;7;2022-07-11;1;ter plaatse;onbekend;onbekend;onbekend;141357.18429553308;225160.89005251508;4.2447452545166;51.3361778259277;ES8687;Doel - Doelpolder Noord (Doelpolderweiden DOWE);Beveren;Doel;Oost-Vlaanderen;ObsMapp;J;Goedgekeurd op basis van kennisregels - nabijheid;2007-01-01;3;;3;Planten;Fabaceae;2026-07-08;7113;S;zeldzaam
248359515;248359515;Kattendoorn;Ononis spinosa;2022-07-08;7;2022-07-08;6;ter plaatse;onbekend;onbekend;onbekend;141530.01301505326;224970.46425182;4.24722957611084;51.3344688415527;ES8687;Doel - Doelpolder Noord (Doelpolderweiden DOWE);Beveren;Doel;Oost-Vlaanderen;ObsMapp;J;Goedgekeurd op basis van kennisregels - nabijheid;2007-01-01;3;;3;Planten;Fabaceae;2026-07-08;7113;S;zeldzaam
250691859;250691859;Kattendoorn;Ononis spinosa;2022-07-29;7;2022-07-29;10;ter plaatse;onbekend;bloeiend;onbekend;145191.41104049544;213712.04507413227;4.29991245269775;51.2333183288574;ES9076;Zwijndrecht - Defensieve dijk;Zwijndrecht;Zwijndrecht;Antwerpen;ObsMapp;J;Goedgekeurd op basis van kennisregels - nabijheid;2007-01-01;3;;3;Planten;Fabaceae;2026-07-08;7113;S;zeldzaam
250691854;250691854;Kattendoorn;Ononis spinosa;2022-07-29;7;2022-07-29;10;ter plaatse;onbekend;bloeiend;onbekend;145164.05032258583;213918.3009594567;4.299518;51.235172;ES9076;Zwijndrecht - Defensieve dijk;Zwijndrecht;Zwijndrecht;Antwerpen;ObsMapp;J;Goedgekeurd op basis van bewijsmateriaal;2007-01-01;3;;3;Planten;Fabaceae;2026-07-08;7113;S;zeldzaam
193531536;193531536;Kattendoorn;Ononis spinosa;2020-06-07;6;2020-06-07;20;ter plaatse;onbekend;vegetatief;onbekend;145180.9090939219;213643.37366834003;4.299763;51.232701;ES9076;Zwijndrecht - Defensieve dijk;Zwijndrecht;Zwijndrecht;Antwerpen;Site;J;Goedgekeurd op basis van expertoordeel;1980-01-01;3;;25;Planten;Fabaceae;2026-07-08;7113;S;zeldzaam
367686357;367686357;Kattendoorn;Ononis spinosa;2025-08-09;8;2025-08-09;1;ter plaatse;onbekend;vruchtdragend;onbekend;145194.43718622945;213634.376185745;4.299956798553467;51.23262023925781;ES9076;Zwijndrecht - Defensieve dijk;Zwijndrecht;Zwijndrecht;Antwerpen;ObsMapp;J;Goedgekeurd op basis van kennisregels - nabijheid;1980-01-01;3;;3;Planten;Fabaceae;2026-07-08;7113;S;zeldzaam
349886387;349886387;Kattendoorn;Ononis spinosa;2025-05-11;5;2025-05-11;5;ter plaatse;onbekend;vegetatief;onbekend;145182.68234764494;213772.44863696865;4.299786687770393;51.23386118453232;ES9076;Zwijndrecht - Defensieve dijk;Zwijndrecht;Zwijndrecht;Antwerpen;Site;J;Goedgekeurd op basis van kennisregels - nabijheid;1980-01-01;3;Op 4 plaatsen een lage plant in de rand van de centrale gemaaide brede zone op de kruin van de dijk. Alleen in de bescherming van een kornoeljestruik staat een forser exemplaar. Beheer te overleggen met Groendienst.;15;Planten;Fabaceae;2026-07-08;7113;S;zeldzaam
367686312;367686312;Kattendoorn;Ononis spinosa;2025-08-09;8;2025-08-09;4;ter plaatse;onbekend;vruchtdragend;onbekend;145198.05718232543;213659.4127570158;4.300008296966553;51.23284530639648;ES9076;Zwijndrecht - Defensieve dijk;Zwijndrecht;Zwijndrecht;Antwerpen;ObsMapp;J;Goedgekeurd op basis van kennisregels - nabijheid;1980-01-01;3;;3;Planten;Fabaceae;2026-07-08;7113;S;zeldzaam
367686348;367686348;Kattendoorn;Ononis spinosa;2025-08-09;8;2025-08-09;15;ter plaatse;onbekend;vruchtdragend;onbekend;145192.1381070515;213669.60390619;4.299923419952393;51.23293685913086;ES9076;Zwijndrecht - Defensieve dijk;Zwijndrecht;Zwijndrecht;Antwerpen;ObsMapp;J;Goedgekeurd op basis van kennisregels - nabijheid;1980-01-01;3;;3;Planten;Fabaceae;2026-07-08;7113;S;zeldzaam
367686317;367686317;Kattendoorn;Ononis spinosa;2025-08-09;8;2025-08-09;1;ter plaatse;onbekend;vruchtdragend;onbekend;145196.70137637763;213670.02412432616;4.299988746643066;51.232940673828125;ES9076;Zwijndrecht - Defensieve dijk;Zwijndrecht;Zwijndrecht;Antwerpen;ObsMapp;J;Goedgekeurd op basis van kennisregels - nabijheid;1980-01-01;3;;3;Planten;Fabaceae;2026-07-08;7113;S;zeldzaam
367686322;367686322;Kattendoorn;Ononis spinosa;2025-08-09;8;2025-08-09;20;ter plaatse;onbekend;vruchtdragend;onbekend;145192.53641290808;213704.40475049708;4.299928665161133;51.23324966430664;ES9076;Zwijndrecht - Defensieve dijk;Zwijndrecht;Zwijndrecht;Antwerpen;ObsMapp;J;Goedgekeurd op basis van kennisregels - nabijheid;1980-01-01;3;;3;Planten;Fabaceae;2026-07-08;7113;S;zeldzaam
367686355;367686355;Kattendoorn;Ononis spinosa;2025-08-09;8;2025-08-09;3;ter plaatse;onbekend;onbekend;onbekend;145194.17424357723;213638.1960713044;4.299952983856201;51.2326545715332;ES9076;Zwijndrecht - Defensieve dijk;Zwijndrecht;Zwijndrecht;Antwerpen;ObsMapp;J;Goedgekeurd op basis van kennisregels - nabijheid;1980-01-01;3;;3;Planten;Fabaceae;2026-07-08;7113;S;zeldzaam
367686329;367686329;Kattendoorn;Ononis spinosa;2025-08-09;8;2025-08-09;1;ter plaatse;onbekend;vruchtdragend;onbekend;145191.11557805576;213716.7138008494;4.29990816116333;51.233360290527344;ES9076;Zwijndrecht - Defensieve dijk;Zwijndrecht;Zwijndrecht;Antwerpen;ObsMapp;J;Goedgekeurd op basis van kennisregels - nabijheid;1980-01-01;3;;3;Planten;Fabaceae;2026-07-08;7113;S;zeldzaam
367686365;367686365;Kattendoorn;Ononis spinosa;2025-08-09;8;2025-08-09;1;ter plaatse;onbekend;bloeiend;onbekend;145201.64551982502;213613.57373686507;4.300060272216797;51.2324333190918;ES9076;Zwijndrecht - Defensieve dijk;Zwijndrecht;Zwijndrecht;Antwerpen;ObsMapp;J;Goedgekeurd op basis van kennisregels - nabijheid;1980-01-01;3;;3;Planten;Fabaceae;2026-07-08;7113;S;zeldzaam
367686333;367686333;Kattendoorn;Ononis spinosa;2025-08-09;8;2025-08-09;1;ter plaatse;onbekend;bloeiend;onbekend;145190.22451706624;213725.62712512256;4.299895286560059;51.23344039916992;ES9076;Zwijndrecht - Defensieve dijk;Zwijndrecht;Zwijndrecht;Antwerpen;ObsMapp;J;Goedgekeurd op basis van kennisregels - nabijheid;1980-01-01;3;;3;Planten;Fabaceae;2026-07-08;7113;S;zeldzaam
367686335;367686335;Kattendoorn;Ononis spinosa;2025-08-09;8;2025-08-09;1;ter plaatse;onbekend;bloeiend;onbekend;145185.6736346421;213774.86229733564;4.299829483032227;51.233882904052734;ES9076;Zwijndrecht - Defensieve dijk;Zwijndrecht;Zwijndrecht;Antwerpen;ObsMapp;J;Goedgekeurd op basis van kennisregels - nabijheid;1980-01-01;3;;3;Planten;Fabaceae;2026-07-08;7113;S;zeldzaam
367686340;367686340;Kattendoorn;Ononis spinosa;2025-08-09;8;2025-08-09;3;ter plaatse;onbekend;vruchtdragend;onbekend;145187.21260742217;213709.9269052176;4.29985237121582;51.23329925537109;ES9076;Zwijndrecht - Defensieve dijk;Zwijndrecht;Zwijndrecht;Antwerpen;ObsMapp;J;Goedgekeurd op basis van kennisregels - nabijheid;1980-01-01;3;rond kornoeljestruik;3;Planten;Fabaceae;2026-07-08;7113;S;zeldzaam
367686342;367686342;Kattendoorn;Ononis spinosa;2025-08-09;8;2025-08-09;3;ter plaatse;onbekend;bloeiend;onbekend;145188.741148688;213706.1058555804;4.299874305725098;51.2332649230957;ES9076;Zwijndrecht - Defensieve dijk;Zwijndrecht;Zwijndrecht;Antwerpen;ObsMapp;J;Goedgekeurd op basis van kennisregels - nabijheid;1980-01-01;3;;3;Planten;Fabaceae;2026-07-08;7113;S;zeldzaam
313887867;313887867;Kattendoorn;Ononis spinosa;2024-06-09;6;2024-06-09;5;ter plaatse;onbekend;vegetatief;onbekend;145170.7581442791;213694.1153973164;4.299617000000012;51.233157;ES9076;Zwijndrecht - Defensieve dijk;Zwijndrecht;Zwijndrecht;Antwerpen;Site;J;Goedgekeurd op basis van kennisregels - nabijheid;1980-01-01;3;;30;Planten;Fabaceae;2026-07-08;7113;S;zeldzaam
224026452;224026452;Kattendoorn;Ononis spinosa;2021-08-23;8;2021-08-26;1;ter plaatse;veldwaarneming;vegetatief;onbekend;227989.68605459784;187066.9814335378;5.47955;50.988582;FS7451;Genk - Terril Winterslag;Genk;Genk;Limburg;Site;J;Goedgekeurd op basis van kennisregels - nabijheid;1980-01-01;3;;25;Planten;Fabaceae;2026-07-08;7113;S;zeldzaam
209273127;209273127;Kattendoorn;Ononis spinosa;2021-03-21;3;2021-03-24;2;aangeplant;veldwaarneming;vegetatief;onbekend;201426.2997553612;177032.72912432533;5.09983396530151;50.9013519287109;FS4740;  ;Geetbets;Geetbets;Vlaams-Brabant;ObsMapp;J;Goedgekeurd op basis van bewijsmateriaal;2007-01-01;3;;3;Planten;Fabaceae;2026-07-08;7113;S;zeldzaam
359468729;359468729;Kattendoorn;Ononis spinosa;2025-06-25;6;2025-06-28;1;ter plaatse;veldwaarneming;bloeiend;onbekend;145163.95973968375;213920.20760533863;4.299516677856445;51.23518913681912;ES9076;Zwijndrecht - Defensieve dijk;Zwijndrecht;Zwijndrecht;Antwerpen;Site;J;Goedgekeurd op basis van bewijsmateriaal;1980-01-01;3;;7;Planten;Fabaceae;2026-07-08;7113;S;zeldzaam
279385040;279385040;Kattendoorn;Ononis spinosa;2023-07-06;7;2023-07-07;1;ter plaatse;onbekend;onbekend;onbekend;148713.54465075236;220882.96722090055;4.350314617156982;51.29779052734375;ES9483;Rangeerstation Antwerpen-Noord - De Kuifeend;Antwerpen;Antwerpen;Antwerpen;ObsMapp;J;Goedgekeurd op basis van kennisregels - nabijheid;1980-01-01;3;;3;Planten;Fabaceae;2026-07-08;7113;S;zeldzaam
280082921;280082921;Kattendoorn;Ononis spinosa;2023-07-11;7;2023-07-11;1;ter plaatse;veldwaarneming;bloeiend;onbekend;145167.13265792924;213807.85605149344;4.299563591056312;51.2341793095995;ES9076;Zwijndrecht - Defensieve dijk;Zwijndrecht;Zwijndrecht;Antwerpen;Site;J;Goedgekeurd op basis van kennisregels - nabijheid;1980-01-01;3;;15;Planten;Fabaceae;2026-07-08;7113;S;zeldzaam
286830028;286830028;Kattendoorn;Ononis spinosa;2023-09-02;9;2023-09-03;10;ter plaatse;onbekend;bloeiend;onbekend;149443.95111778923;213059.27241314668;4.36079740524292;51.22747039794922;ES9576;Antwerpen-LO - Het Rot - Middenvijver (RO);Antwerpen;Antwerpen;Antwerpen;ObsMapp;J;Goedgekeurd op basis van kennisregels - nabijheid;1980-01-01;3;;3;Planten;Fabaceae;2026-07-08;7113;S;zeldzaam
358378437;358378437;Kattendoorn;Ononis spinosa;2025-06-20;6;2025-06-23;1;ter plaatse;onbekend;bloeiend;onbekend;145193.85750205055;213748.49796061215;4.299946999999975;51.233646;ES9076;  ;Zwijndrecht;Zwijndrecht;Antwerpen;Site;J;Goedgekeurd op basis van kennisregels - nabijheid;1980-01-01;3;;30;Planten;Fabaceae;2026-07-08;7113;S;zeldzaam
367686344;367686344;Kattendoorn;Ononis spinosa;2025-08-09;8;2025-08-09;6;ter plaatse;onbekend;vruchtdragend;onbekend;145189.29720629388;213695.07081429847;4.299882411956787;51.2331657409668;ES9076;Zwijndrecht - Defensieve dijk;Zwijndrecht;Zwijndrecht;Antwerpen;ObsMapp;J;Goedgekeurd op basis van kennisregels - nabijheid;1980-01-01;3;;3;Planten;Fabaceae;2026-07-08;7113;S;zeldzaam
250691863;250691863;Kattendoorn;Ononis spinosa;2022-07-29;7;2022-07-29;8;ter plaatse;onbekend;bloeiend;onbekend;145187.40869846602;213669.6082497025;4.29985570907593;51.2329368591309;ES9076;Zwijndrecht - Defensieve dijk;Zwijndrecht;Zwijndrecht;Antwerpen;ObsMapp;J;Goedgekeurd op basis van kennisregels - nabijheid;2007-01-01;3;;3;Planten;Fabaceae;2026-07-08;7113;S;zeldzaam
367686308;367686308;Kattendoorn;Ononis spinosa;2025-08-09;8;2025-08-09;8;ter plaatse;onbekend;vruchtdragend;onbekend;145200.36641789417;213635.21955891512;4.300041675567627;51.23262786865234;ES9076;Zwijndrecht - Defensieve dijk;Zwijndrecht;Zwijndrecht;Antwerpen;ObsMapp;J;Goedgekeurd op basis van kennisregels - nabijheid;1980-01-01;3;;3;Planten;Fabaceae;2026-07-08;7113;S;zeldzaam
222667589;222667589;Kattendoorn;Ononis spinosa;2021-08-10;8;2021-08-11;100;ter plaatse;onbekend;bloeiend;onbekend;141933.28125379793;220773.48319738545;4.253109;51.296752;ES8783;Kieldrecht - Havenvlakte (HAVL);Beveren;Doel;Oost-Vlaanderen;ObsMapp;J;Goedgekeurd op basis van kennisregels - nabijheid;2007-01-01;3;;7;Planten;Fabaceae;2026-07-08;7113;S;zeldzaam
248359619;248359619;Kattendoorn;Ononis spinosa;2022-07-08;7;2022-07-08;1;ter plaatse;onbekend;onbekend;onbekend;141722.57439141173;224724.83801260032;4.24999809265137;51.3322639465332;ES8787;Doel - Doelpolder Noord (Doelpolderweiden DOWE);Beveren;Doel;Oost-Vlaanderen;ObsMapp;J;Goedgekeurd op basis van kennisregels - nabijheid;2007-01-01;3;;3;Planten;Fabaceae;2026-07-08;7113;S;zeldzaam
248724502;248724502;Kattendoorn;Ononis spinosa;2022-07-11;7;2022-07-11;2;ter plaatse;onbekend;onbekend;onbekend;141077.47595903193;225008.9942497872;4.24073553085327;51.3348083496094;ES8687;Doel - Doelpolder Noord (Doelpolderweiden DOWE);Beveren;Doel;Oost-Vlaanderen;ObsMapp;J;Goedgekeurd op basis van kennisregels - nabijheid;2007-01-01;3;;3;Planten;Fabaceae;2026-07-08;7113;S;zeldzaam
367686362;367686362;Kattendoorn;Ononis spinosa;2025-08-09;8;2025-08-09;2;ter plaatse;onbekend;bloeiend;onbekend;145195.69113259774;213621.64288811103;4.299974918365479;51.23250579833984;ES9076;Zwijndrecht - Defensieve dijk;Zwijndrecht;Zwijndrecht;Antwerpen;ObsMapp;J;Goedgekeurd op basis van kennisregels - nabijheid;1980-01-01;3;;3;Planten;Fabaceae;2026-07-08;7113;S;zeldzaam
226662466;226662466;Kattendoorn;Ononis spinosa;2021-09-19;9;2021-09-30;1;ter plaatse;onbekend;bloeiend;onbekend;145201.49615490477;213623.77385118976;4.300058;51.232525;ES9076;Zwijndrecht - Defensieve dijk;Zwijndrecht;Zwijndrecht;Antwerpen;Site;J;Goedgekeurd op basis van bewijsmateriaal;1980-01-01;3;;7;Planten;Fabaceae;2026-07-08;7113;S;zeldzaam
226662194;226662194;Kattendoorn;Ononis spinosa;2021-09-30;9;2021-09-30;20;ter plaatse;onbekend;vruchtdragend;onbekend;145181.3294069555;213644.70834411212;4.299769;51.232713;ES9076;Zwijndrecht - Defensieve dijk;Zwijndrecht;Zwijndrecht;Antwerpen;Site;J;Goedgekeurd op basis van expertoordeel;1980-01-01;3;;25;Planten;Fabaceae;2026-07-08;7113;S;zeldzaam
367215101;367215101;Kattendoorn;Ononis spinosa;2025-08-04;8;2025-08-07;1;ter plaatse;onbekend;onbekend;onbekend;145185.564701036;215358.7468319973;4.299807071685791;51.24811935424805;ES9078;Zwijndrecht - Broedvlakte (BRZW);Zwijndrecht;Zwijndrecht;Antwerpen;ObsMapp;J;Goedgekeurd op basis van bewijsmateriaal;1980-01-01;3;;3;Planten;Fabaceae;2026-07-08;7113;S;zeldzaam
278933703;278933703;Kattendoorn;Ononis spinosa;2023-07-02;7;2023-07-02;1;ter plaatse;onbekend;bloeiend;onbekend;141192.47492414515;215339.55177091528;4.24262;51.2479;ES8678;Verrebroek - Zuidelijke Bufferzone (ZUBU);Beveren;Kallo;Oost-Vlaanderen;ObsMapp;J;Goedgekeurd op basis van bewijsmateriaal;1980-01-01;3;;3;Planten;Fabaceae;2026-07-08;7113;S;zeldzaam
367686363;367686363;Kattendoorn;Ononis spinosa;2025-08-09;8;2025-08-09;1;ter plaatse;onbekend;vruchtdragend;onbekend;145196.5245610926;213622.49093351516;4.299986839294434;51.232513427734375;ES9076;Zwijndrecht - Defensieve dijk;Zwijndrecht;Zwijndrecht;Antwerpen;ObsMapp;J;Goedgekeurd op basis van kennisregels - nabijheid;1980-01-01;3;;3;Planten;Fabaceae;2026-07-08;7113;S;zeldzaam
