wn_id;unieke_id;naam_nl;naam_lat;datum;maand;invoerdatum;aantal;gedrag;methode;kleed;geslacht;x;y;lon;lat;utm1;gebied;gemeente;deelgemeente;provincie;typewaarneming;zeker;status;embargo_datum;toestemming_wnr;bijzonderheden;precisie;soortgroep;familie;aanleverdatum;id_species;id_species_type;zeldzaamheid
185136133;185136133;Watervleermuis;Myotis daubentonii;2020-02-02;2;2020-02-04;1;winterslaap;gezien;adult;onbekend;153984.4664111186;226394.3346996475;4.425945;51.347314;ES9989;Kapellen - Ertbrandbos - Fort;Kapellen;Kapellen;Antwerpen;Site;J;Goedgekeurd op basis van bewijsmateriaal;1980-01-01;4;;25;Zoogdieren;Vespertilionidae;2026-07-08;430;S;vrij algemeen
333427882;333427882;Watervleermuis;Myotis daubentonii;2024-11-09;11;2024-11-09;1;winterslaap;onbekend;onbekend;onbekend;155154.60287382113;225006.7404929623;4.442719;51.334833;FS0088;Kapellen - Mastenbos;Kapellen;Kapellen;Antwerpen;ObsIdentify;J;Goedgekeurd op basis van bewijsmateriaal;1980-01-01;3;;999;Zoogdieren;Vespertilionidae;2026-07-08;430;S;vrij algemeen
333428073;333428073;Watervleermuis;Myotis daubentonii;2024-11-09;11;2024-11-09;1;winterslaap;onbekend;onbekend;onbekend;155154.60287382113;225006.7404929623;4.442719;51.334833;FS0088;Kapellen - Mastenbos;Kapellen;Kapellen;Antwerpen;ObsIdentify;J;Goedgekeurd op basis van bewijsmateriaal;1980-01-01;3;;999;Zoogdieren;Vespertilionidae;2026-07-08;430;S;vrij algemeen
230715307;230715307;Watervleermuis;Myotis daubentonii;2021-12-13;12;2021-12-18;7;winterslaap;onbekend;onbekend;onbekend;152562.27648775032;206222.8795909556;4.405388;51.166016;ES9869;Wilrijk - Fort 6;Antwerpen;Wilrijk;Antwerpen;copied observation;J;Goedgekeurd op basis van bewijsmateriaal;2007-01-01;3;Met Rens en Warre.;999;Zoogdieren;Vespertilionidae;2026-07-08;430;S;vrij algemeen
230715294;230715294;Watervleermuis;Myotis daubentonii;2021-12-13;12;2021-12-18;18;winterslaap;onbekend;onbekend;onbekend;152432.4026033825;206037.6921708081;4.40353;51.164352;ES9869;Wilrijk - Fort 6;Antwerpen;Wilrijk;Antwerpen;copied observation;J;Goedgekeurd op basis van bewijsmateriaal;2007-01-01;3;Met Rens en Warre.;10;Zoogdieren;Vespertilionidae;2026-07-08;430;S;vrij algemeen
230715296;230715296;Watervleermuis;Myotis daubentonii;2021-12-13;12;2021-12-18;2;winterslaap;onbekend;onbekend;onbekend;152432.4026033825;206037.6921708081;4.40353;51.164352;ES9869;Wilrijk - Fort 6;Antwerpen;Wilrijk;Antwerpen;copied observation;J;Goedgekeurd op basis van bewijsmateriaal;2007-01-01;3;Met Rens en Warre.;10;Zoogdieren;Vespertilionidae;2026-07-08;430;S;vrij algemeen
342184528;342184528;Watervleermuis;Myotis daubentonii;2025-03-25;3;2025-03-25;1;ter plaatse;onbekend;onbekend;onbekend;233692.3025343315;192220.86626171783;5.5619382;51.0341093;FS7956;  ;Opglabbeek;Opglabbeek;Limburg;ObsIdentify;J;Goedgekeurd op basis van bewijsmateriaal;1980-01-01;3;;46;Zoogdieren;Vespertilionidae;2026-07-08;430;S;vrij algemeen
298209878;298209878;Watervleermuis;Myotis daubentonii;2024-02-03;2;2024-02-03;1;winterslaap;onbekend;onbekend;onbekend;150607.28336390146;205931.00694095995;4.377437999999984;51.163398;ES9668;Wilrijk - Fort 7;Antwerpen;Wilrijk;Antwerpen;Site;J;Goedgekeurd op basis van bewijsmateriaal;1980-01-01;4;;4;Zoogdieren;Vespertilionidae;2026-07-08;430;S;vrij algemeen
298208504;298208504;Watervleermuis;Myotis daubentonii;2024-02-03;2;2024-02-03;2;ter plaatse;onbekend;onbekend;onbekend;150655.30319781663;206202.57994148132;4.3781249999999545;51.165839;ES9669;Wilrijk - Fort 7;Antwerpen;Wilrijk;Antwerpen;Site;J;Goedgekeurd op basis van bewijsmateriaal;1980-01-01;4;;4;Zoogdieren;Vespertilionidae;2026-07-08;430;S;vrij algemeen
298208375;298208375;Watervleermuis;Myotis daubentonii;2024-02-03;2;2024-02-03;1;ter plaatse;onbekend;onbekend;onbekend;150655.2831753939;206202.58790083416;4.378124713766738;51.165839071567625;ES9669;Wilrijk - Fort 7;Antwerpen;Wilrijk;Antwerpen;Site;J;Goedgekeurd op basis van bewijsmateriaal;1980-01-01;4;;4;Zoogdieren;Vespertilionidae;2026-07-08;430;S;vrij algemeen
298208053;298208053;Watervleermuis;Myotis daubentonii;2024-02-03;2;2024-02-03;1;ter plaatse;onbekend;onbekend;onbekend;150570.40581863926;206208.11579002533;4.376911282342917;51.16588885637504;ES9669;Wilrijk - Fort 7;Antwerpen;Wilrijk;Antwerpen;Site;J;Goedgekeurd op basis van bewijsmateriaal;1980-01-01;4;;4;Zoogdieren;Vespertilionidae;2026-07-08;430;S;vrij algemeen
298207591;298207591;Watervleermuis;Myotis daubentonii;2024-02-03;2;2024-02-03;1;ter plaatse;onbekend;onbekend;onbekend;150623.7456197032;206289.13006782904;4.37767400000007;51.166617;ES9669;Wilrijk - Fort 7;Antwerpen;Wilrijk;Antwerpen;Site;J;Goedgekeurd op basis van bewijsmateriaal;1980-01-01;4;;4;Zoogdieren;Vespertilionidae;2026-07-08;430;S;vrij algemeen
337687795;337687795;Watervleermuis;Myotis daubentonii;2025-01-25;1;2025-01-26;1;winterslaap;gezien;adult;onbekend;150629.3515625664;205939.93847868312;4.377753495973593;51.16347825648857;ES9668;Wilrijk - Fort 7;Antwerpen;Wilrijk;Antwerpen;Site;J;Goedgekeurd op basis van bewijsmateriaal;1980-01-01;4;;4;Zoogdieren;Vespertilionidae;2026-07-08;430;S;vrij algemeen
206903511;206903511;Watervleermuis;Myotis daubentonii;2021-02-06;2;2021-02-06;1;winterslaap;gezien;onbekend;onbekend;150639.99416611774;206130.70891960245;4.377906;51.165193;ES9669;Wilrijk - Fort 7;Antwerpen;Wilrijk;Antwerpen;Site;J;Goedgekeurd op basis van bewijsmateriaal;1980-01-01;4;Vleermuizentelling 2021;25;Zoogdieren;Vespertilionidae;2026-07-08;430;S;vrij algemeen
262786437;262786437;Watervleermuis;Myotis daubentonii;2023-01-28;1;2023-01-28;1;winterslaap;gezien;onbekend;onbekend;150758.42762621012;205998.6398391109;4.379598856103257;51.16400573317532;ES9668;Wilrijk - Fort 7;Antwerpen;Wilrijk;Antwerpen;Site;J;Goedgekeurd op basis van bewijsmateriaal;2030-12-31;4;;5;Zoogdieren;Vespertilionidae;2026-07-08;430;S;vrij algemeen
206903079;206903079;Watervleermuis;Myotis daubentonii;2021-02-06;2;2021-02-06;1;winterslaap;gezien;onbekend;onbekend;150619.7480759028;205935.79237066957;4.3776162;51.163441;ES9668;Wilrijk - Fort 7;Antwerpen;Wilrijk;Antwerpen;Site;J;Goedgekeurd op basis van bewijsmateriaal;1980-01-01;4;Vleermuizentelling 2021;7;Zoogdieren;Vespertilionidae;2026-07-08;430;S;vrij algemeen
337688608;337688608;Watervleermuis;Myotis daubentonii;2025-01-25;1;2025-01-26;1;winterslaap;onbekend;onbekend;onbekend;150653.70468418577;206126.3719130373;4.378102000000013;51.165154;ES9669;Wilrijk - Fort 7;Antwerpen;Wilrijk;Antwerpen;Site;J;Goedgekeurd op basis van bewijsmateriaal;1980-01-01;4;;4;Zoogdieren;Vespertilionidae;2026-07-08;430;S;vrij algemeen
262894709;262894709;Watervleermuis;Myotis daubentonii;2023-01-28;1;2023-01-30;1;winterslaap;gezien;onbekend;onbekend;150662.3364677149;206210.0735899331;4.378225565087632;51.16590634865461;ES9669;Wilrijk - Fort 7;Antwerpen;Wilrijk;Antwerpen;Site;J;Goedgekeurd op basis van bewijsmateriaal;1980-01-01;4;;5;Zoogdieren;Vespertilionidae;2026-07-08;430;S;vrij algemeen
230725474;230725474;Watervleermuis;Myotis daubentonii;2021-12-13;12;2021-12-18;15;winterslaap;gezien;onbekend;onbekend;152497.33397626848;206001.2328397017;4.404458;51.164024;ES9869;Wilrijk - Fort 6;Antwerpen;Wilrijk;Antwerpen;ObsMapp;J;Goedgekeurd op basis van bewijsmateriaal;2021-12-31;3;;5;Zoogdieren;Vespertilionidae;2026-07-08;430;S;vrij algemeen
230721055;230721055;Watervleermuis;Myotis daubentonii;2021-12-13;12;2021-12-18;7;winterslaap;gezien;onbekend;onbekend;152558.62325970913;206254.69592090603;4.405336;51.166302;ES9869;Wilrijk - Fort 6;Antwerpen;Wilrijk;Antwerpen;ObsMapp;J;Goedgekeurd op basis van bewijsmateriaal;2021-12-31;3;;999;Zoogdieren;Vespertilionidae;2026-07-08;430;S;vrij algemeen
261310345;261310345;Watervleermuis;Myotis daubentonii;2022-12-30;12;2022-12-30;1;ter plaatse;onbekend;onbekend;onbekend;153996.10449493254;226353.9436803721;4.426111578941345;51.34695088714549;ES9989;Kapellen - Ertbrandbos - Fort;Kapellen;Kapellen;Antwerpen;Site;J;Goedgekeurd op basis van bewijsmateriaal;1980-01-01;4;;7;Zoogdieren;Vespertilionidae;2026-07-08;430;S;vrij algemeen
230682667;230682667;Watervleermuis;Myotis daubentonii;2021-12-17;12;2021-12-17;1;ter plaatse;onbekend;onbekend;onbekend;153983.0496777936;226334.6979935085;4.425924;51.346778;ES9989;Kapellen - Ertbrandbos - Fort;Kapellen;Kapellen;Antwerpen;Site;J;Goedgekeurd op basis van bewijsmateriaal;1980-01-01;4;;15;Zoogdieren;Vespertilionidae;2026-07-08;430;S;vrij algemeen
278952652;278952652;Watervleermuis;Myotis daubentonii;2023-07-02;7;2023-07-03;1;in kolonie in bomen;telemetrie;adult;Man;218191.54253473945;190369.39323702548;5.340629577636719;51.01950073242188;FS6454;Laambeekvallei - Oost - Laambroeken - Oost (LiLa);Heusden-Zolder;Zolder;Limburg;ObsMapp;J;Goedgekeurd op basis van expertoordeel;1980-01-01;3;2. in dode berkenstam;10;Zoogdieren;Vespertilionidae;2026-07-08;430;S;vrij algemeen
279278285;279278285;Watervleermuis;Myotis daubentonii;2023-07-05;7;2023-07-06;1;in kolonie in bomen;telemetrie;adult;Man;218330.89482537724;190153.2994886851;5.342575000000011;51.017542;FS6454;Laambeekvallei - Oost - Laambroeken - Oost (LiLa);Heusden-Zolder;Zolder;Limburg;ObsMapp;J;Goedgekeurd op basis van expertoordeel;1980-01-01;3;4. exacte locatie in verblijfsboom_ zomereik van 25cm dbh;5;Zoogdieren;Vespertilionidae;2026-07-08;430;S;vrij algemeen
217024172;217024172;Watervleermuis;Myotis daubentonii;2021-06-13;6;2021-06-14;1;in kolonie op gebouw;gezien;adult;onbekend;155155.85826828444;225005.851675909;4.442737;51.334825;FS0088;Kapellen - Mastenbos;Kapellen;Kapellen;Antwerpen;Site;J;Goedgekeurd op basis van bewijsmateriaal;1980-01-01;3;;5;Zoogdieren;Vespertilionidae;2026-07-08;430;S;vrij algemeen
277660426;277660426;Watervleermuis;Myotis daubentonii;2023-06-23;6;2023-06-23;1;ter plaatse;onbekend;onbekend;onbekend;219167.664016301;189626.8209919054;5.3543991944444445;51.01271055555556;FS6553;Houthalen-Helchteren - Traject omleidingsweg;Houthalen-Helchteren;Houthalen;Limburg;ObsIdentify;J;Goedgekeurd op basis van bewijsmateriaal;1980-01-01;4;;999;Zoogdieren;Vespertilionidae;2026-07-08;430;S;vrij algemeen
374905989;374905989;Watervleermuis;Myotis daubentonii;2025-09-27;9;2025-10-03;1;ter plaatse;onbekend;onbekend;onbekend;158627.72957724117;196100.9357962059;4.491861155555555;51.07497350277778;FS0459;Duffel - Fort;Duffel;Duffel;Antwerpen;ObsMapp;J;Goedgekeurd op basis van bewijsmateriaal;1980-01-01;3;;999;Zoogdieren;Vespertilionidae;2026-07-08;430;S;vrij algemeen
374905995;374905995;Watervleermuis;Myotis daubentonii;2025-09-27;9;2025-10-03;1;ter plaatse;onbekend;onbekend;onbekend;158635.46592051088;196108.1381521672;4.491971713888889;51.07503812777778;FS0459;Duffel - Fort;Duffel;Duffel;Antwerpen;ObsMapp;J;Goedgekeurd op basis van bewijsmateriaal;1980-01-01;3;;999;Zoogdieren;Vespertilionidae;2026-07-08;430;S;vrij algemeen
225861515;225861515;Watervleermuis;Myotis daubentonii;2021-09-18;9;2021-09-19;1;zwermend (aan winterverblijf);vangst;adult;Man;150619.2617202927;206198.8834684994;4.37760972976685;51.1658058166504;ES9669;Wilrijk - Fort 7;Antwerpen;Wilrijk;Antwerpen;ObsMapp;J;Goedgekeurd op basis van bewijsmateriaal;2007-01-01;3;;8;Zoogdieren;Vespertilionidae;2026-07-08;430;S;vrij algemeen
231421272;231421272;Watervleermuis;Myotis daubentonii;2022-01-02;1;2022-01-02;1;winterslaap;onbekend;onbekend;onbekend;154654.70160627633;206527.18075691164;4.4353061914444;51.1687379943019;FS0069;Edegem - Fort 5;Edegem;Edegem;Antwerpen;ObsMapp;J;Goedgekeurd op basis van bewijsmateriaal;2007-01-01;3;;10;Zoogdieren;Vespertilionidae;2026-07-08;430;S;vrij algemeen
337698349;337698349;Watervleermuis;Myotis daubentonii;2025-01-25;1;2025-01-26;10;winterslaap;onbekend;onbekend;onbekend;150576.17997725602;206088.1770438021;4.376993626356125;51.16481077112885;ES9669;Wilrijk - Fort 7;Antwerpen;Wilrijk;Antwerpen;ObsMapp;J;Goedgekeurd op basis van bewijsmateriaal;1980-01-01;3;;5;Zoogdieren;Vespertilionidae;2026-07-08;430;S;vrij algemeen
337698379;337698379;Watervleermuis;Myotis daubentonii;2025-01-25;1;2025-01-26;1;winterslaap;onbekend;onbekend;onbekend;150576.17997725602;206088.1770438021;4.376993626356125;51.16481077112885;ES9669;Wilrijk - Fort 7;Antwerpen;Wilrijk;Antwerpen;ObsMapp;J;Goedgekeurd op basis van bewijsmateriaal;1980-01-01;3;;5;Zoogdieren;Vespertilionidae;2026-07-08;430;S;vrij algemeen
337698396;337698396;Watervleermuis;Myotis daubentonii;2025-01-25;1;2025-01-26;1;winterslaap;onbekend;onbekend;onbekend;150592.67751211923;206002.38268121425;4.377229325473309;51.16403958331738;ES9668;Wilrijk - Fort 7;Antwerpen;Wilrijk;Antwerpen;ObsMapp;J;Goedgekeurd op basis van bewijsmateriaal;1980-01-01;3;;5;Zoogdieren;Vespertilionidae;2026-07-08;430;S;vrij algemeen
337698400;337698400;Watervleermuis;Myotis daubentonii;2025-01-25;1;2025-01-26;1;winterslaap;onbekend;onbekend;onbekend;150592.67751211923;206002.38268121425;4.377229325473309;51.16403958331738;ES9668;Wilrijk - Fort 7;Antwerpen;Wilrijk;Antwerpen;ObsMapp;J;Goedgekeurd op basis van bewijsmateriaal;1980-01-01;3;;5;Zoogdieren;Vespertilionidae;2026-07-08;430;S;vrij algemeen
263139490;263139490;Watervleermuis;Myotis daubentonii;2023-02-04;2;2023-02-05;10;winterslaap;onbekend;onbekend;onbekend;157891.2064857813;208384.81579246;4.48162;51.1854;FS0371;Borsbeek/Mortsel - Fort 3;Borsbeek;Borsbeek;Antwerpen;ObsMapp;J;Goedgekeurd op basis van bewijsmateriaal;1980-01-01;3;;999;Zoogdieren;Vespertilionidae;2026-07-08;430;S;vrij algemeen
263139489;263139489;Watervleermuis;Myotis daubentonii;2023-02-04;2;2023-02-05;10;winterslaap;onbekend;onbekend;onbekend;157891.2064857813;208384.81579246;4.48162;51.1854;FS0371;Borsbeek/Mortsel - Fort 3;Borsbeek;Borsbeek;Antwerpen;ObsMapp;J;Goedgekeurd op basis van bewijsmateriaal;1980-01-01;3;;999;Zoogdieren;Vespertilionidae;2026-07-08;430;S;vrij algemeen
263139480;263139480;Watervleermuis;Myotis daubentonii;2023-02-04;2;2023-02-05;1;winterslaap;onbekend;onbekend;onbekend;157891.2064857813;208384.81579246;4.48162;51.1854;FS0371;Borsbeek/Mortsel - Fort 3;Borsbeek;Borsbeek;Antwerpen;ObsMapp;J;Goedgekeurd op basis van bewijsmateriaal;1980-01-01;3;;999;Zoogdieren;Vespertilionidae;2026-07-08;430;S;vrij algemeen
263135324;263135324;Watervleermuis;Myotis daubentonii;2023-02-04;2;2023-02-04;1;winterslaap;onbekend;onbekend;onbekend;157692.40636329443;208540.2701960113;4.47878;51.1868;FS0371;Borsbeek/Mortsel - Fort 3;Borsbeek;Borsbeek;Antwerpen;ObsMapp;J;Goedgekeurd op basis van bewijsmateriaal;1980-01-01;3;;999;Zoogdieren;Vespertilionidae;2026-07-08;430;S;vrij algemeen
298280372;298280372;Watervleermuis;Myotis daubentonii;2024-02-04;2;2024-02-04;30;winterslaap;onbekend;onbekend;onbekend;154537.2151569083;206368.0792025784;4.433624446392059;51.16730884333048;FS0069;Edegem - Fort 5;Edegem;Edegem;Antwerpen;ObsMapp;J;Goedgekeurd op basis van bewijsmateriaal;1980-01-01;3;;50;Zoogdieren;Vespertilionidae;2026-07-08;430;S;vrij algemeen
298280397;298280397;Watervleermuis;Myotis daubentonii;2024-02-04;2;2024-02-04;1;winterslaap;onbekend;onbekend;onbekend;154537.2151569083;206368.0792025784;4.433624446392059;51.16730884333048;FS0069;Edegem - Fort 5;Edegem;Edegem;Antwerpen;ObsMapp;J;Goedgekeurd op basis van bewijsmateriaal;1980-01-01;3;;50;Zoogdieren;Vespertilionidae;2026-07-08;430;S;vrij algemeen
298280408;298280408;Watervleermuis;Myotis daubentonii;2024-02-04;2;2024-02-04;1;winterslaap;onbekend;onbekend;onbekend;154537.2151569083;206368.0792025784;4.433624446392059;51.16730884333048;FS0069;Edegem - Fort 5;Edegem;Edegem;Antwerpen;ObsMapp;J;Goedgekeurd op basis van bewijsmateriaal;1980-01-01;3;;50;Zoogdieren;Vespertilionidae;2026-07-08;430;S;vrij algemeen
298280409;298280409;Watervleermuis;Myotis daubentonii;2024-02-04;2;2024-02-04;1;winterslaap;onbekend;onbekend;onbekend;154537.2151569083;206368.0792025784;4.433624446392059;51.16730884333048;FS0069;Edegem - Fort 5;Edegem;Edegem;Antwerpen;ObsMapp;J;Goedgekeurd op basis van bewijsmateriaal;1980-01-01;3;;50;Zoogdieren;Vespertilionidae;2026-07-08;430;S;vrij algemeen
298280411;298280411;Watervleermuis;Myotis daubentonii;2024-02-04;2;2024-02-04;1;winterslaap;onbekend;onbekend;onbekend;154537.2151569083;206368.0792025784;4.433624446392059;51.16730884333048;FS0069;Edegem - Fort 5;Edegem;Edegem;Antwerpen;ObsMapp;J;Goedgekeurd op basis van bewijsmateriaal;1980-01-01;3;;50;Zoogdieren;Vespertilionidae;2026-07-08;430;S;vrij algemeen
298280413;298280413;Watervleermuis;Myotis daubentonii;2024-02-04;2;2024-02-04;1;winterslaap;onbekend;onbekend;onbekend;154537.2151569083;206368.0792025784;4.433624446392059;51.16730884333048;FS0069;Edegem - Fort 5;Edegem;Edegem;Antwerpen;ObsMapp;J;Goedgekeurd op basis van bewijsmateriaal;1980-01-01;3;;50;Zoogdieren;Vespertilionidae;2026-07-08;430;S;vrij algemeen
314250951;314250951;Watervleermuis;Myotis daubentonii;2024-06-12;6;2024-06-13;3;ter plaatse;vangst;onbekend;Vrouw;148280.2899947112;225666.4499072805;4.344080910086632;51.34078350980448;ES9388;Berendrecht - Opstalvallei - Opstalvallei 1C;Stabroek;Stabroek;Antwerpen;ObsMapp;J;Goedgekeurd op basis van bewijsmateriaal;1980-01-01;3;;5;Zoogdieren;Vespertilionidae;2026-07-08;430;S;vrij algemeen
233370500;233370500;Watervleermuis;Myotis daubentonii;2022-02-05;2;2022-02-05;1;winterslaap;onbekend;onbekend;onbekend;157690.270841896;208562.5435955068;4.47874993085861;51.1870002329969;FS0371;Borsbeek/Mortsel - Fort 3;Borsbeek;Borsbeek;Antwerpen;ObsMapp;J;Goedgekeurd op basis van bewijsmateriaal;2007-01-01;3;;15;Zoogdieren;Vespertilionidae;2026-07-08;430;S;vrij algemeen
233373126;233373126;Watervleermuis;Myotis daubentonii;2022-02-05;2;2022-02-05;1;winterslaap;onbekend;onbekend;onbekend;157884.14826811137;208320.03669546545;4.48151763528585;51.1848178298845;FS0371;Borsbeek/Mortsel - Fort 3;Borsbeek;Borsbeek;Antwerpen;ObsMapp;J;Goedgekeurd op basis van bewijsmateriaal;2007-01-01;3;;15;Zoogdieren;Vespertilionidae;2026-07-08;430;S;vrij algemeen
233373961;233373961;Watervleermuis;Myotis daubentonii;2022-02-05;2;2022-02-05;1;winterslaap;onbekend;onbekend;onbekend;157888.41446500854;208335.56775651872;4.48157899081707;51.1849573722804;FS0371;Borsbeek/Mortsel - Fort 3;Borsbeek;Borsbeek;Antwerpen;ObsMapp;J;Goedgekeurd op basis van bewijsmateriaal;2007-01-01;3;;50;Zoogdieren;Vespertilionidae;2026-07-08;430;S;vrij algemeen
233374731;233374731;Watervleermuis;Myotis daubentonii;2022-02-05;2;2022-02-05;1;winterslaap;onbekend;onbekend;onbekend;157711.47824851976;208567.1342047043;4.47905335575342;51.1870412111714;FS0371;Borsbeek/Mortsel - Fort 3;Borsbeek;Borsbeek;Antwerpen;ObsMapp;J;Goedgekeurd op basis van bewijsmateriaal;2007-01-01;3;;5;Zoogdieren;Vespertilionidae;2026-07-08;430;S;vrij algemeen
233417220;233417220;Watervleermuis;Myotis daubentonii;2022-02-06;2;2022-02-06;1;winterslaap;onbekend;onbekend;onbekend;154493.16652525347;206376.71784787904;4.43299479782581;51.1673868402086;FS0069;Edegem - Fort 5;Edegem;Edegem;Antwerpen;ObsMapp;J;Goedgekeurd op basis van bewijsmateriaal;2007-01-01;3;;25;Zoogdieren;Vespertilionidae;2026-07-08;430;S;vrij algemeen
190133341;190133341;Watervleermuis;Myotis daubentonii;2020-04-05;4;2020-05-01;1;ter plaatse;onbekend;onbekend;onbekend;157525.79446039523;207006.95807404537;4.476365;51.17302;FS0370;  ;Mortsel;Mortsel;Antwerpen;Site;J;Goedgekeurd op basis van bewijsmateriaal;1980-01-01;4;;25;Zoogdieren;Vespertilionidae;2026-07-08;430;S;vrij algemeen
264675578;264675578;Watervleermuis;Myotis daubentonii;2023-03-01;3;2023-03-05;1;ter plaatse;onbekend;onbekend;onbekend;166203.36770928255;214803.1230449192;4.600790975382552;51.24291605259706;FS1178;  ;Schilde;Schilde;Antwerpen;Site;J;Goedgekeurd op basis van bewijsmateriaal;1980-01-01;3;;15;Zoogdieren;Vespertilionidae;2026-07-08;430;S;vrij algemeen
372927976;372927976;Watervleermuis;Myotis daubentonii;2025-09-08;9;2025-09-15;1;ter plaatse;onbekend;onbekend;onbekend;184837.34256623028;209695.1940884516;4.867133259576804;51.19617914844616;FS3073;Herentals - Schoutenheiven;Herentals;Herentals;Antwerpen;Site;J;Goedgekeurd op basis van bewijsmateriaal;1980-01-01;3;;4;Zoogdieren;Vespertilionidae;2026-07-08;430;S;vrij algemeen
200594244;200594244;Watervleermuis;Myotis daubentonii;2020-09-23;9;2020-09-23;1;ter plaatse;gezien;adult;onbekend;156699.78481476818;194584.37635901663;4.464324;51.061367;FS0257;Walem - Fort;Mechelen;Walem;Antwerpen;ObsMapp;J;Goedgekeurd op basis van bewijsmateriaal;2007-01-01;4;;25;Zoogdieren;Vespertilionidae;2026-07-08;430;S;vrij algemeen
224206062;224206062;Watervleermuis;Myotis daubentonii;2021-08-28;8;2021-08-28;1;ter plaatse;gezien;adult;onbekend;156582.55967030182;194537.83523883112;4.462651;51.06095;FS0257;Walem - Fort;Mechelen;Walem;Antwerpen;iObs;J;Goedgekeurd op basis van bewijsmateriaal;2007-01-01;3;Excuses voor de wazige foto.__Determinatie: Filip Van den Wyngaert;48;Zoogdieren;Vespertilionidae;2026-07-08;430;S;vrij algemeen
389505359;389505359;Watervleermuis;Myotis daubentonii;2026-03-19;3;2026-03-24;1;foeragerend;batdetector;adult;onbekend;168893.72818954912;207417.24451627675;4.638930999999957;51.176447;FS1470;Kleine Netevallei - Viersels Gebroekt;Zandhoven;Viersel;Antwerpen;Site;J;Goedgekeurd op basis van bewijsmateriaal;1980-01-01;3;;4;Zoogdieren;Vespertilionidae;2026-07-08;430;S;vrij algemeen
389505056;389505056;Watervleermuis;Myotis daubentonii;2026-03-19;3;2026-03-24;1;foeragerend;batdetector;adult;onbekend;168893.7599766712;207417.2193309292;4.638931453227997;51.1764467725797;FS1470;Kleine Netevallei - Viersels Gebroekt;Zandhoven;Viersel;Antwerpen;Site;J;Goedgekeurd op basis van bewijsmateriaal;1980-01-01;3;Feeding buzz included;4;Zoogdieren;Vespertilionidae;2026-07-08;430;S;vrij algemeen
336821413;336821413;Watervleermuis;Myotis daubentonii;2025-01-10;1;2025-01-10;3;winterslaap;gezien;onbekend;onbekend;158753.69617010118;223814.9675427433;4.494330883026123;51.32407760620117;FS0486;Brasschaat - Mishagen;Brasschaat;Brasschaat;Antwerpen;ObsMapp;J;Goedgekeurd op basis van bewijsmateriaal;1980-01-01;3;;4;Zoogdieren;Vespertilionidae;2026-07-08;430;S;vrij algemeen
335178020;335178020;Watervleermuis;Myotis daubentonii;2024-12-06;12;2024-12-14;3;winterslaap;gezien;onbekend;onbekend;158779.97307635864;223742.6800292004;4.494706057012081;51.32342748395534;FS0486;Brasschaat - Mishagen;Brasschaat;Brasschaat;Antwerpen;ObsMapp;J;Goedgekeurd op basis van bewijsmateriaal;1980-01-01;3;;5;Zoogdieren;Vespertilionidae;2026-07-08;430;S;vrij algemeen
336821417;336821417;Watervleermuis;Myotis daubentonii;2025-01-10;1;2025-01-10;5;winterslaap;gezien;onbekend;onbekend;158789.45538054293;223741.6035982687;4.494842052459717;51.32341766357422;FS0486;Brasschaat - Mishagen;Brasschaat;Brasschaat;Antwerpen;ObsMapp;J;Goedgekeurd op basis van bewijsmateriaal;1980-01-01;3;;3;Zoogdieren;Vespertilionidae;2026-07-08;430;S;vrij algemeen
336821438;336821438;Watervleermuis;Myotis daubentonii;2025-01-10;1;2025-01-10;6;winterslaap;gezien;onbekend;onbekend;158782.73430636624;223706.3651754409;4.494744777679443;51.32310104370117;FS0486;Brasschaat - Mishagen;Brasschaat;Brasschaat;Antwerpen;ObsMapp;J;Goedgekeurd op basis van expertoordeel;1980-01-01;3;;3;Zoogdieren;Vespertilionidae;2026-07-08;430;S;vrij algemeen
336821450;336821450;Watervleermuis;Myotis daubentonii;2025-01-10;1;2025-01-10;8;winterslaap;gezien;onbekend;onbekend;159306.10174016087;222335.98320533987;4.502216815948486;51.31077575683594;FS0485;  ;Brasschaat;Brasschaat;Antwerpen;ObsMapp;J;Goedgekeurd op basis van bewijsmateriaal;1980-01-01;3;;3;Zoogdieren;Vespertilionidae;2026-07-08;430;S;vrij algemeen
292803899;292803899;Watervleermuis;Myotis daubentonii;2023-11-11;11;2023-11-11;3;winterslaap;onbekend;adult;onbekend;155149.59359067946;224998.0571886264;4.442646999999965;51.334755;FS0088;Kapellen - Mastenbos;Kapellen;Kapellen;Antwerpen;ObsMapp;J;Goedgekeurd op basis van expertoordeel;1980-01-01;3;;1;Zoogdieren;Vespertilionidae;2026-07-08;430;S;vrij algemeen
333626850;333626850;Watervleermuis;Myotis daubentonii;2024-11-09;11;2024-11-11;5;winterslaap;onbekend;adult;onbekend;155147.46531453263;224998.0488042701;4.44261646270752;51.33475494384766;FS0088;Kapellen - Mastenbos;Kapellen;Kapellen;Antwerpen;ObsMapp;J;Goedgekeurd op basis van bewijsmateriaal;1980-01-01;3;;1;Zoogdieren;Vespertilionidae;2026-07-08;430;S;vrij algemeen
371338523;371338523;Watervleermuis;Myotis daubentonii;2025-09-01;9;2025-09-01;1;ter plaatse;onbekend;adult;onbekend;153930.86429783516;226424.4250075249;4.425176024305984;51.34758482217168;ES9989;Kapellen - Ertbrandbos - Fort;Kapellen;Kapellen;Antwerpen;Site;J;Goedgekeurd op basis van bewijsmateriaal;1980-01-01;3;;4;Zoogdieren;Vespertilionidae;2026-07-08;430;S;vrij algemeen
371338394;371338394;Watervleermuis;Myotis daubentonii;2025-09-01;9;2025-09-01;2;ter plaatse;gezien;afwijkend;onbekend;154008.6524922643;226367.672254215;4.426291823256179;51.34707419018569;ES9989;Kapellen - Ertbrandbos - Fort;Kapellen;Kapellen;Antwerpen;Site;J;Goedgekeurd op basis van bewijsmateriaal;1980-01-01;3;Flavistische watervleermuis - met een gele kleurafwijking__zie ook https://www.natuurpunt.be/sites/default/files/documents/publication/chiropcontact_26_nr_1.pdf;4;Zoogdieren;Vespertilionidae;2026-07-08;430;S;vrij algemeen
389048743;389048743;Watervleermuis;Myotis daubentonii;2026-03-20;3;2026-03-20;1;ter plaatse;gezien;adult;onbekend;153975.26975872574;226325.89335177463;4.425812244153349;51.3466989189975;ES9989;Kapellen - Ertbrandbos - Fort;Kapellen;Kapellen;Antwerpen;Site;J;Goedgekeurd op basis van bewijsmateriaal;2026-04-01;3;;7;Zoogdieren;Vespertilionidae;2026-07-08;430;S;vrij algemeen
257564842;257564842;Watervleermuis;Myotis daubentonii;2022-10-19;10;2022-10-20;1;slachtoffer windmolen;onbekend;onbekend;onbekend;221780.13663128484;214759.4517620746;5.396582999999964;51.238281;FS6779;  ;Overpelt;Overpelt;Limburg;ObsMapp;J;Goedgekeurd op basis van bewijsmateriaal;2007-01-01;4;verzameld;6;Zoogdieren;Vespertilionidae;2026-07-08;430;S;vrij algemeen
288928416;288928416;Watervleermuis;Myotis daubentonii;2023-09-24;9;2023-09-26;6;ter plaatse;gezien;onbekend;onbekend;153988.91506916788;226407.61945026836;4.426008996739142;51.34743337107703;ES9989;Kapellen - Ertbrandbos - Fort;Kapellen;Kapellen;Antwerpen;Site;J;Goedgekeurd op basis van bewijsmateriaal;1980-01-01;3;;15;Zoogdieren;Vespertilionidae;2026-07-08;430;S;vrij algemeen
338101843;338101843;Watervleermuis;Myotis daubentonii;2025-02-02;2;2025-02-02;1;ter plaatse;onbekend;onbekend;onbekend;153982.35688965116;206519.3402998671;4.4256934;51.1686726;ES9969;  ;Edegem;Edegem;Antwerpen;ObsIdentify;J;Goedgekeurd op basis van expertoordeel;1980-01-01;3;;999;Zoogdieren;Vespertilionidae;2026-07-08;430;S;vrij algemeen
382267353;382267353;Watervleermuis;Myotis daubentonii;2025-12-14;12;2025-12-14;1;winterslaap;onbekend;onbekend;onbekend;154634.84531850176;206519.38690511137;4.4350222;51.1686681;FS0069;Edegem - Fort 5;Edegem;Edegem;Antwerpen;ObsIdentify;J;Goedgekeurd op basis van bewijsmateriaal;1980-01-01;3;;8;Zoogdieren;Vespertilionidae;2026-07-08;430;S;vrij algemeen
261310444;261310444;Watervleermuis;Myotis daubentonii;2022-12-30;12;2022-12-30;1;ter plaatse;onbekend;adult;onbekend;153986.81534064515;226347.1060058875;4.42597818374634;51.3468894958496;ES9989;Kapellen - Ertbrandbos - Fort;Kapellen;Kapellen;Antwerpen;ObsMapp;J;Goedgekeurd op basis van bewijsmateriaal;2007-01-01;4;;9;Zoogdieren;Vespertilionidae;2026-07-08;430;S;vrij algemeen
337737185;337737185;Watervleermuis;Myotis daubentonii;2025-01-27;1;2025-01-27;4;winterslaap;onbekend;adult;onbekend;161167.72783462625;219548.7725229096;4.5288276637438685;51.2856908298562;FS0682;Schoten - Fort;Schoten;Schoten;Antwerpen;Site;J;Goedgekeurd op basis van bewijsmateriaal;1980-01-01;4;;60;Zoogdieren;Vespertilionidae;2026-07-08;430;S;vrij algemeen
337723391;337723391;Watervleermuis;Myotis daubentonii;2025-01-27;1;2025-01-27;1;winterslaap;onbekend;adult;onbekend;161171.70950393635;219553.50941116456;4.528884880710393;51.28573332814975;FS0682;Schoten - Fort;Schoten;Schoten;Antwerpen;ObsMapp;J;Goedgekeurd op basis van bewijsmateriaal;1980-01-01;4;;120;Zoogdieren;Vespertilionidae;2026-07-08;430;S;vrij algemeen
289267108;289267108;Watervleermuis;Myotis daubentonii;2023-09-30;9;2023-09-30;1;ter plaatse;onbekend;adult;onbekend;154783.44477183168;227812.59271329732;4.4374311;51.360055;FS0090;Kapellen - Ertbrandbos;Kapellen;Kapellen;Antwerpen;ObsMapp;J;Goedgekeurd op basis van bewijsmateriaal;1980-01-01;4;;999;Zoogdieren;Vespertilionidae;2026-07-08;430;S;vrij algemeen
289267113;289267113;Watervleermuis;Myotis daubentonii;2023-09-30;9;2023-09-30;1;ter plaatse;onbekend;adult;onbekend;154783.44477183168;227812.59271329732;4.4374311;51.360055;FS0090;Kapellen - Ertbrandbos;Kapellen;Kapellen;Antwerpen;ObsMapp;J;Goedgekeurd op basis van bewijsmateriaal;1980-01-01;4;;999;Zoogdieren;Vespertilionidae;2026-07-08;430;S;vrij algemeen
289267115;289267115;Watervleermuis;Myotis daubentonii;2023-09-30;9;2023-09-30;1;ter plaatse;onbekend;adult;onbekend;154783.44477183168;227812.59271329732;4.4374311;51.360055;FS0090;Kapellen - Ertbrandbos;Kapellen;Kapellen;Antwerpen;ObsMapp;J;Goedgekeurd op basis van bewijsmateriaal;1980-01-01;4;;999;Zoogdieren;Vespertilionidae;2026-07-08;430;S;vrij algemeen
297409046;297409046;Watervleermuis;Myotis daubentonii;2024-01-26;1;2024-01-26;1;winterslaap;onbekend;adult;onbekend;161283.35414093672;219615.94178130105;4.530487060546875;51.28629229452714;FS0682;Schoten - Fort;Schoten;Schoten;Antwerpen;ObsMapp;J;Goedgekeurd op basis van bewijsmateriaal;1980-01-01;4;;120;Zoogdieren;Vespertilionidae;2026-07-08;430;S;vrij algemeen
297409052;297409052;Watervleermuis;Myotis daubentonii;2024-01-26;1;2024-01-26;1;ter plaatse;onbekend;adult;onbekend;161211.54824221626;219591.8958930289;4.529457092285156;51.28607757409159;FS0682;Schoten - Fort;Schoten;Schoten;Antwerpen;ObsMapp;J;Goedgekeurd op basis van bewijsmateriaal;1980-01-01;4;;120;Zoogdieren;Vespertilionidae;2026-07-08;430;S;vrij algemeen
297409060;297409060;Watervleermuis;Myotis daubentonii;2024-01-26;1;2024-01-26;7;winterslaap;onbekend;adult;onbekend;161283.4586470037;219568.16184022184;4.530487060546875;51.28586284007005;FS0682;Schoten - Fort;Schoten;Schoten;Antwerpen;ObsMapp;J;Goedgekeurd op basis van bewijsmateriaal;1980-01-01;4;;120;Zoogdieren;Vespertilionidae;2026-07-08;430;S;vrij algemeen
384925416;384925416;Watervleermuis;Myotis daubentonii;2026-01-27;1;2026-01-27;1;ter plaatse;onbekend;adult;onbekend;161091.65618239949;219651.38432319465;4.527740478515625;51.28661459348126;FS0682;Schoten - Fort;Schoten;Schoten;Antwerpen;ObsMapp;J;Goedgekeurd op basis van bewijsmateriaal;1980-01-01;4;;120;Zoogdieren;Vespertilionidae;2026-07-08;430;S;vrij algemeen
384925410;384925410;Watervleermuis;Myotis daubentonii;2026-01-27;1;2026-01-27;1;winterslaap;onbekend;adult;onbekend;161259.40148299458;219615.91324387584;4.530143737792969;51.28629250842084;FS0682;Schoten - Fort;Schoten;Schoten;Antwerpen;ObsMapp;J;Goedgekeurd op basis van bewijsmateriaal;1980-01-01;4;;120;Zoogdieren;Vespertilionidae;2026-07-08;430;S;vrij algemeen
384925376;384925376;Watervleermuis;Myotis daubentonii;2026-01-27;1;2026-01-27;1;winterslaap;onbekend;adult;onbekend;161273.4120536669;219598.3997838572;4.530344007653184;51.286134820119656;FS0682;Schoten - Fort;Schoten;Schoten;Antwerpen;ObsMapp;J;Goedgekeurd op basis van bewijsmateriaal;1980-01-01;4;;30;Zoogdieren;Vespertilionidae;2026-07-08;430;S;vrij algemeen
230331404;230331404;Watervleermuis;Myotis daubentonii;2021-12-07;12;2021-12-07;1;winterslaap;onbekend;adult;onbekend;161211.3540261647;219681.5054193968;4.5294571;51.286883;FS0682;Schoten - Fort;Schoten;Schoten;Antwerpen;ObsMapp;J;Goedgekeurd op basis van bewijsmateriaal;2007-01-01;4;;999;Zoogdieren;Vespertilionidae;2026-07-08;430;S;vrij algemeen
230331402;230331402;Watervleermuis;Myotis daubentonii;2021-12-07;12;2021-12-07;1;winterslaap;onbekend;adult;onbekend;161251.55491134402;219607.27270480432;4.530031;51.286215;FS0682;Schoten - Fort;Schoten;Schoten;Antwerpen;ObsMapp;J;Goedgekeurd op basis van bewijsmateriaal;2007-01-01;4;;25;Zoogdieren;Vespertilionidae;2026-07-08;430;S;vrij algemeen
352559252;352559252;Watervleermuis;Myotis daubentonii;2025-05-26;5;2025-05-26;1;ziek/gewond;onbekend;adult;Vrouw;243125.89590757;198133.29736178837;5.69791316986084;51.085807012184105;FS8862;  ;Maaseik;Neeroeteren;Limburg;Site;J;Goedgekeurd op basis van bewijsmateriaal;1980-01-01;3;;15;Zoogdieren;Vespertilionidae;2026-07-08;430;S;vrij algemeen
349830746;349830746;Watervleermuis;Myotis daubentonii;2025-05-10;5;2025-05-11;1;foeragerend;op geluidsrecorder;onbekend;onbekend;225602.19942504528;192127.18140551916;5.446596999999997;51.03438;FS7156;Meeuwen/Helchteren - Militair Domein (Strikt ontoegankelijk);Houthalen-Helchteren;Houthalen;Limburg;Site;J;Goedgekeurd op basis van bewijsmateriaal;1980-01-01;3;;7;Zoogdieren;Vespertilionidae;2026-07-08;430;S;vrij algemeen
385543467;385543467;Watervleermuis;Myotis daubentonii;2026-02-07;2;2026-02-07;1;winterslaap;gezien;onbekend;onbekend;156871.70017509974;224428.4749050839;4.467345388987042;51.32961749144804;FS0287;Kapellen/Brasschaat - De Uitlegger;Kapellen;Kapellen;Antwerpen;Site;J;Goedgekeurd op basis van bewijsmateriaal;1980-01-01;3;;7;Zoogdieren;Vespertilionidae;2026-07-08;430;S;vrij algemeen
185328586;185328586;Watervleermuis;Myotis daubentonii;2020-02-09;2;2020-02-10;1;winterslaap;gezien;onbekend;onbekend;176129.45610057437;212834.21005449537;4.742789;51.224854;FS2176;Vorselaar - Lovenhoek;Vorselaar;Vorselaar;Antwerpen;Site;J;Goedgekeurd op basis van expertoordeel;1980-01-01;3;;25;Zoogdieren;Vespertilionidae;2026-07-08;430;S;vrij algemeen
362212629;362212629;Watervleermuis;Myotis daubentonii;2025-07-10;7;2025-07-11;1;slachtoffer verkeer;gezien;adult;Man;202140.785316419;213200.51923071317;5.11516356455104;51.22638033500628;FS4777;Molse zandputten;Mol;Mol;Antwerpen;iObs;J;Goedgekeurd op basis van bewijsmateriaal;1980-01-01;3;;4;Zoogdieren;Vespertilionidae;2026-07-08;430;S;vrij algemeen
233389189;233389189;Watervleermuis;Myotis daubentonii;2022-02-06;2;2022-02-06;1;ter plaatse;onbekend;onbekend;onbekend;170422.24739428653;183906.30023773387;4.6594687867895965;50.965059404401366;FS1647;Haacht - Haachts Broek;Haacht;Haacht;Vlaams-Brabant;ObsIdentify;J;Goedgekeurd op basis van bewijsmateriaal;1980-01-01;3;;13;Zoogdieren;Vespertilionidae;2026-07-08;430;S;vrij algemeen
259577089;259577089;Watervleermuis;Myotis daubentonii;2022-11-16;11;2022-11-16;1;winterslaap;onbekend;onbekend;onbekend;154639.3391279914;206503.9725358924;4.43508625030518;51.168529510498;FS0069;Edegem - Fort 5;Edegem;Edegem;Antwerpen;ObsMapp;J;Goedgekeurd op basis van bewijsmateriaal;2007-01-01;4;;4;Zoogdieren;Vespertilionidae;2026-07-08;430;S;vrij algemeen
233396024;233396024;Watervleermuis;Myotis daubentonii;2022-01-30;1;2022-02-06;1;winterslaap;gezien;adult;onbekend;153978.25687361858;226405.1221296005;4.425856;51.347411;ES9989;Kapellen - Ertbrandbos - Fort;Kapellen;Kapellen;Antwerpen;ObsMapp;J;Goedgekeurd op basis van bewijsmateriaal;2007-01-01;3;;999;Zoogdieren;Vespertilionidae;2026-07-08;430;S;vrij algemeen
233396025;233396025;Watervleermuis;Myotis daubentonii;2022-01-30;1;2022-02-06;1;winterslaap;gezien;adult;onbekend;153990.3290712289;226381.65557903703;4.426029;51.3472;ES9989;Kapellen - Ertbrandbos - Fort;Kapellen;Kapellen;Antwerpen;ObsMapp;J;Goedgekeurd op basis van bewijsmateriaal;2007-01-01;3;;999;Zoogdieren;Vespertilionidae;2026-07-08;430;S;vrij algemeen
192558413;192558413;Watervleermuis;Myotis daubentonii;2020-05-25;5;2020-05-27;3;foeragerend;batdetector;onbekend;onbekend;182124.6871000316;233029.00117567275;4.830406;51.406059;FS2796;Wortel-Kolonie - Zone Noordoost;Hoogstraten;Wortel;Antwerpen;Site;J;Goedgekeurd op basis van bewijsmateriaal;1980-01-01;3;;25;Zoogdieren;Vespertilionidae;2026-07-08;430;S;vrij algemeen
330243626;330243626;Watervleermuis;Myotis daubentonii;2024-10-07;10;2024-10-08;15;winterslaap;gezien;onbekend;onbekend;161240.25331195185;219638.9565510191;4.52986999999996;51.2865;FS0682;Schoten - Fort;Schoten;Schoten;Antwerpen;Site;J;Goedgekeurd op basis van bewijsmateriaal;1980-01-01;3;;30;Zoogdieren;Vespertilionidae;2026-07-08;430;S;vrij algemeen
256794344;256794344;Watervleermuis;Myotis daubentonii;2022-10-12;10;2022-10-12;25;winterslaap;gezien;onbekend;onbekend;161275.79469519356;219657.16914451867;4.5303800000000365;51.286663;FS0682;Schoten - Fort;Schoten;Schoten;Antwerpen;Site;J;Goedgekeurd op basis van bewijsmateriaal;1980-01-01;3;;25;Zoogdieren;Vespertilionidae;2026-07-08;430;S;vrij algemeen
249112979;249112979;Watervleermuis;Myotis daubentonii;2022-07-14;7;2022-07-15;10;foeragerend;batdetector;onbekend;onbekend;178432.03686498085;242755.67334996536;4.778114;51.493671;FT2306;  ;Hoogstraten;Meerle;Antwerpen;ObsMapp;J;Goedgekeurd op basis van bewijsmateriaal;2007-01-01;3;;6;Zoogdieren;Vespertilionidae;2026-07-08;430;S;vrij algemeen
248792470;248792470;Watervleermuis;Myotis daubentonii;2022-07-11;7;2022-07-12;2;foeragerend;batdetector;onbekend;onbekend;181486.59097505052;235097.6164481202;4.821418;51.424686;FS2698;Meer/Minderhout - Halsche Beemden en Pimpernelgraslanden;Hoogstraten;Minderhout;Antwerpen;Site;J;Goedgekeurd op basis van bewijsmateriaal;1980-01-01;3;;25;Zoogdieren;Vespertilionidae;2026-07-08;430;S;vrij algemeen
255757758;255757758;Watervleermuis;Myotis daubentonii;2022-09-29;9;2022-09-29;3;foeragerend;batdetector;onbekend;onbekend;181196.87673510792;233555.04506639112;4.817119;51.410838;FS2697;Wortel-Kolonie - Brandven;Hoogstraten;Wortel;Antwerpen;Site;J;Goedgekeurd op basis van bewijsmateriaal;1980-01-01;3;;25;Zoogdieren;Vespertilionidae;2026-07-08;430;S;vrij algemeen
295239102;295239102;Watervleermuis;Myotis daubentonii;2023-12-28;12;2023-12-28;11;winterslaap;gezien;adult;onbekend;172651.30585980913;221905.782048326;4.6935707330703735;51.306537850461325;FS1885;Westmalle - Kasteeldomein;Malle;Westmalle;Antwerpen;Site;J;Goedgekeurd op basis van bewijsmateriaal;1980-01-01;3;;7;Zoogdieren;Vespertilionidae;2026-07-08;430;S;vrij algemeen
184864868;184864868;Watervleermuis;Myotis daubentonii;2020-01-27;1;2020-01-28;228;winterslaap;gezien;adult;onbekend;161224.8644481542;219657.39184532687;4.52965;51.286666;FS0682;Schoten - Fort;Schoten;Schoten;Antwerpen;Site;J;Goedgekeurd op basis van bewijsmateriaal;1980-01-01;3;2 flavistische watervleermuizen;25;Zoogdieren;Vespertilionidae;2026-07-08;430;S;vrij algemeen
254231720;254231720;Watervleermuis;Myotis daubentonii;2022-09-02;9;2022-09-06;10;foeragerend;gezien en gehoord;onbekend;onbekend;184511.81927779765;228831.03851956505;4.864306;51.368191;FS2992;  ;Merksplas;Merksplas;Antwerpen;Site;J;Goedgekeurd op basis van bewijsmateriaal;1980-01-01;3;;25;Zoogdieren;Vespertilionidae;2026-07-08;430;S;vrij algemeen
191831439;191831439;Watervleermuis;Myotis daubentonii;2020-05-19;5;2020-05-20;2;foeragerend;batdetector;onbekend;onbekend;181995.1392280642;233035.87347749996;4.828545;51.406128;FS2796;Wortel-Kolonie - Zone Noordoost;Hoogstraten;Wortel;Antwerpen;Site;J;Goedgekeurd op basis van bewijsmateriaal;1980-01-01;3;;25;Zoogdieren;Vespertilionidae;2026-07-08;430;S;vrij algemeen
337071621;337071621;Watervleermuis;Myotis daubentonii;2025-01-14;1;2025-01-14;1;winterslaap;onbekend;onbekend;onbekend;156404.4645705053;208013.126300361;4.460349440378195;51.1820775855652;FS0271;Mortsel - Klein Zwitserland Noord;Mortsel;Mortsel;Antwerpen;ObsIdentify;J;Goedgekeurd op basis van bewijsmateriaal;1980-01-01;4;Kelder wintertelling. Officiële cijfers komen later.;4;Zoogdieren;Vespertilionidae;2026-07-08;430;S;vrij algemeen
337063020;337063020;Watervleermuis;Myotis daubentonii;2025-01-14;1;2025-01-14;1;winterslaap;onbekend;onbekend;onbekend;156408.78450709258;208015.5286318464;4.460411264091476;51.18209913069446;FS0271;Mortsel - Klein Zwitserland Noord;Mortsel;Mortsel;Antwerpen;ObsIdentify;J;Goedgekeurd op basis van bewijsmateriaal;1980-01-01;4;Kelder wintertelling. Officiële cijfers komen later.;4;Zoogdieren;Vespertilionidae;2026-07-08;430;S;vrij algemeen
264865281;264865281;Watervleermuis;Myotis daubentonii;2023-03-08;3;2023-03-09;2;winterslaap;gezien;adult;onbekend;161206.4193606549;219541.19857160372;4.529381999999941;51.285622;FS0682;Schoten - Fort;Schoten;Schoten;Antwerpen;Site;J;Goedgekeurd op basis van bewijsmateriaal;1980-01-01;3;flavistisch;25;Zoogdieren;Vespertilionidae;2026-07-08;430;S;vrij algemeen
384943373;384943373;Watervleermuis;Myotis daubentonii;2026-01-27;1;2026-01-27;260;winterslaap;gezien;onbekend;onbekend;161263.84827892488;219636.2198603256;4.530208110809326;51.28647493968948;FS0682;Schoten - Fort;Schoten;Schoten;Antwerpen;Site;J;Goedgekeurd op basis van bewijsmateriaal;1980-01-01;3;;30;Zoogdieren;Vespertilionidae;2026-07-08;430;S;vrij algemeen
384878662;384878662;Watervleermuis;Myotis daubentonii;2026-01-25;1;2026-01-26;1;winterslaap;gezien;afwijkend;onbekend;154021.32154771796;226398.5914497953;4.426473999999985;51.347352;ES9989;Kapellen - Ertbrandbos - Fort;Kapellen;Kapellen;Antwerpen;Site;J;Goedgekeurd op basis van bewijsmateriaal;1980-01-01;3;flavistisch;999;Zoogdieren;Vespertilionidae;2026-07-08;430;S;vrij algemeen
262920012;262920012;Watervleermuis;Myotis daubentonii;2023-01-30;1;2023-01-31;126;winterslaap;gezien;onbekend;onbekend;161313.06900780872;219609.4539204808;4.530912770232817;51.28623339584907;FS0682;Schoten - Fort;Schoten;Schoten;Antwerpen;Site;J;Goedgekeurd op basis van bewijsmateriaal;1980-01-01;3;;30;Zoogdieren;Vespertilionidae;2026-07-08;430;S;vrij algemeen
261146717;261146717;Watervleermuis;Myotis daubentonii;2022-12-26;12;2022-12-27;2;winterslaap;gezien;onbekend;onbekend;158834.14588500356;224426.965425089;4.495499999999993;51.329577;FS0487;Brasschaat - Fort;Brasschaat;Brasschaat;Antwerpen;Site;J;Goedgekeurd op basis van bewijsmateriaal;1980-01-01;3;;15;Zoogdieren;Vespertilionidae;2026-07-08;430;S;vrij algemeen
384878417;384878417;Watervleermuis;Myotis daubentonii;2026-01-25;1;2026-01-26;1;winterslaap;gezien;adult;onbekend;154021.32154771796;226398.5914497953;4.426473999999985;51.347352;ES9989;Kapellen - Ertbrandbos - Fort;Kapellen;Kapellen;Antwerpen;Site;J;Goedgekeurd op basis van bewijsmateriaal;1980-01-01;3;;999;Zoogdieren;Vespertilionidae;2026-07-08;430;S;vrij algemeen
299204963;299204963;Watervleermuis;Myotis daubentonii;2024-02-18;2;2024-02-19;1;winterslaap;gezien;adult;onbekend;155540.270078838;223482.43805983383;4.448229074478149;51.32112897079579;FS0086;Kapellen - Fort;Kapellen;Kapellen;Antwerpen;Site;J;Goedgekeurd op basis van bewijsmateriaal;1980-01-01;3;;15;Zoogdieren;Vespertilionidae;2026-07-08;430;S;vrij algemeen
226219181;226219181;Watervleermuis;Myotis daubentonii;2021-09-23;9;2021-09-24;1;ter plaatse;batdetector;onbekend;onbekend;181866.61459113716;233293.9928382337;4.826721;51.408455;FS2796;Wortel-Kolonie - Bootjesven;Hoogstraten;Wortel;Antwerpen;Site;J;Goedgekeurd op basis van bewijsmateriaal;1980-01-01;3;;25;Zoogdieren;Vespertilionidae;2026-07-08;430;S;vrij algemeen
377162513;377162513;Watervleermuis;Myotis daubentonii;2025-10-21;10;2025-10-21;1;winterslaap;gezien;onbekend;onbekend;161273.84541100313;219559.4805066129;4.530349000000001;51.285785;FS0682;Schoten - Fort;Schoten;Schoten;Antwerpen;Site;J;Goedgekeurd op basis van bewijsmateriaal;1980-01-01;3;;999;Zoogdieren;Vespertilionidae;2026-07-08;430;S;vrij algemeen
377162885;377162885;Watervleermuis;Myotis daubentonii;2025-10-21;10;2025-10-21;1;winterslaap;gezien;afwijkend;onbekend;161258.61961364458;219669.20706333872;4.530134198139422;51.28677153554164;FS0682;Schoten - Fort;Schoten;Schoten;Antwerpen;Site;J;Goedgekeurd op basis van bewijsmateriaal;1980-01-01;3;;60;Zoogdieren;Vespertilionidae;2026-07-08;430;S;vrij algemeen
254833250;254833250;Watervleermuis;Myotis daubentonii;2022-09-15;9;2022-09-15;1;ter plaatse;onbekend;onbekend;onbekend;148545.90880170505;223252.97892131563;4.347902;51.31909197222223;ES9386;Antwerpen - Complex Delwaidedok;Antwerpen;Berendrecht-Zandvliet-Lillo;Antwerpen;ObsIdentify;J;Goedgekeurd op basis van bewijsmateriaal;1980-01-01;3;;999;Zoogdieren;Vespertilionidae;2026-07-08;430;S;vrij algemeen
219992375;219992375;Watervleermuis;Myotis daubentonii;2020-12-16;12;2021-07-15;1;winterslaap;onbekend;onbekend;onbekend;156478.96768335588;211518.8707815828;4.461478;51.213588;FS0274;Deurne - Rivierenhof (Groendomein provincie Antwerpen - regio Antw.);Antwerpen;Deurne;Antwerpen;copied observation;J;Goedgekeurd op basis van bewijsmateriaal;1980-01-01;3;;10;Zoogdieren;Vespertilionidae;2026-07-08;430;S;vrij algemeen
204043818;204043818;Watervleermuis;Myotis daubentonii;2020-12-07;12;2020-12-08;1;winterslaap;onbekend;onbekend;onbekend;149045.142904546;205288.59669441823;4.35510778427124;51.1576232910156;ES9468;Wilrijk - Schans 16;Antwerpen;Wilrijk;Antwerpen;ObsMapp;J;Goedgekeurd op basis van bewijsmateriaal;2007-01-01;3;;10;Zoogdieren;Vespertilionidae;2026-07-08;430;S;vrij algemeen
263849356;263849356;Watervleermuis;Myotis daubentonii;2023-02-18;2;2023-02-18;1;winterslaap;onbekend;onbekend;onbekend;156702.65268954233;209976.7498459136;4.46465046;51.19972418;FS0273;Deurne (A) - Boekenbergpark;Antwerpen;Deurne;Antwerpen;Site;J;Goedgekeurd op basis van bewijsmateriaal;1980-01-01;3;;10;Zoogdieren;Vespertilionidae;2026-07-08;430;S;vrij algemeen
263374464;263374464;Watervleermuis;Myotis daubentonii;2023-02-07;2;2023-02-09;1;winterslaap;onbekend;onbekend;onbekend;152570.3552767169;206223.15177419785;4.4055035;51.16601841;ES9869;Wilrijk - Fort 6;Antwerpen;Wilrijk;Antwerpen;copied observation;J;Goedgekeurd op basis van bewijsmateriaal;1980-01-01;3;;100;Zoogdieren;Vespertilionidae;2026-07-08;430;S;vrij algemeen
263315276;263315276;Watervleermuis;Myotis daubentonii;2023-02-07;2;2023-02-08;2;winterslaap;onbekend;onbekend;onbekend;152570.3552767169;206223.15177419785;4.4055035;51.16601841;ES9869;Wilrijk - Fort 6;Antwerpen;Wilrijk;Antwerpen;Site;J;Goedgekeurd op basis van bewijsmateriaal;1980-01-01;3;;100;Zoogdieren;Vespertilionidae;2026-07-08;430;S;vrij algemeen
263131165;263131165;Watervleermuis;Myotis daubentonii;2023-02-04;2;2023-02-04;1;winterslaap;onbekend;onbekend;onbekend;157863.67696746928;208441.1424587173;4.48122749;51.18590667;FS0371;Borsbeek/Mortsel - Fort 3;Borsbeek;Borsbeek;Antwerpen;Site;J;Goedgekeurd op basis van bewijsmateriaal;1980-01-01;3;;100;Zoogdieren;Vespertilionidae;2026-07-08;430;S;vrij algemeen
262847208;262847208;Watervleermuis;Myotis daubentonii;2023-01-29;1;2023-01-29;1;winterslaap;onbekend;onbekend;onbekend;153986.4728314125;226410.7304936638;4.42597398;51.34746135;ES9989;Kapellen - Ertbrandbos - Fort;Kapellen;Kapellen;Antwerpen;Site;J;Goedgekeurd op basis van bewijsmateriaal;1980-01-01;3;;10;Zoogdieren;Vespertilionidae;2026-07-08;430;S;vrij algemeen
261973608;261973608;Watervleermuis;Myotis daubentonii;2023-01-08;1;2023-01-10;1;dood;onbekend;onbekend;onbekend;167148.4610941425;212792.8442684831;4.61422925;51.22481968;FS1276;Oelegem - Fort;Ranst;Oelegem;Antwerpen;copied observation;J;Goedgekeurd op basis van expertoordeel;1980-01-01;3;Hing er volgens Thierry als sinds januari 2020_ schedel zat in hoopje vacht onder het kreng;10;Zoogdieren;Vespertilionidae;2026-07-08;430;S;vrij algemeen
261973238;261973238;Watervleermuis;Myotis daubentonii;2023-01-08;1;2023-01-10;1;winterslaap;onbekend;onbekend;onbekend;167148.4610941425;212792.8442684831;4.61422925;51.22481968;FS1276;Oelegem - Fort;Ranst;Oelegem;Antwerpen;Site;J;Goedgekeurd op basis van bewijsmateriaal;1980-01-01;3;;10;Zoogdieren;Vespertilionidae;2026-07-08;430;S;vrij algemeen
261329900;261329900;Watervleermuis;Myotis daubentonii;2022-12-26;12;2022-12-30;1;winterslaap;onbekend;onbekend;onbekend;158852.88505468864;224376.22267448064;4.49576759338379;51.3291206359863;FS0487;Brasschaat - Fort;Brasschaat;Brasschaat;Antwerpen;ObsMapp;J;Goedgekeurd op basis van bewijsmateriaal;2007-01-01;3;Flavist in watergang;3;Zoogdieren;Vespertilionidae;2026-07-08;430;S;vrij algemeen
290767798;290767798;Watervleermuis;Myotis daubentonii;2023-10-15;10;2023-10-15;1;foeragerend;batdetector;onbekend;onbekend;156771.00508677724;211335.1358977389;4.4656539;51.21193314;FS0274;Deurne - Rivierenhof (Groendomein provincie Antwerpen - regio Antw.);Antwerpen;Deurne;Antwerpen;ObsMapp;J;Goedgekeurd op basis van bewijsmateriaal;1980-01-01;3;10 11;9;Zoogdieren;Vespertilionidae;2026-07-08;430;S;vrij algemeen
290767805;290767805;Watervleermuis;Myotis daubentonii;2023-10-15;10;2023-10-15;2;sociaal gedrag;batdetector;onbekend;onbekend;156705.30933945582;211866.1386913676;4.46472365;51.21670678;FS0274;Deurne - Rivierenhof (Groendomein provincie Antwerpen - regio Antw.);Antwerpen;Deurne;Antwerpen;ObsMapp;J;Goedgekeurd op basis van bewijsmateriaal;1980-01-01;3;3 4 5 6_ Één dier zat steeds achter het ander aan boven de vijver. Vergelijkbaar gedrag met gisteren.;5;Zoogdieren;Vespertilionidae;2026-07-08;430;S;vrij algemeen
230701240;230701240;Watervleermuis;Myotis daubentonii;2021-12-13;12;2021-12-18;19;winterslaap;onbekend;onbekend;onbekend;152432.41097506272;206037.7389007444;4.40353012;51.16435242;ES9869;Wilrijk - Fort 6;Antwerpen;Wilrijk;Antwerpen;ObsMapp;J;Goedgekeurd op basis van bewijsmateriaal;2007-01-01;3;Samen met Warre en Elias. Totaaltelling.;10;Zoogdieren;Vespertilionidae;2026-07-08;430;S;vrij algemeen
230701256;230701256;Watervleermuis;Myotis daubentonii;2021-12-13;12;2021-12-18;7;winterslaap;onbekend;onbekend;onbekend;152562.26800436436;206222.8378670765;4.40538787841797;51.166015625;ES9869;Wilrijk - Fort 6;Antwerpen;Wilrijk;Antwerpen;ObsMapp;J;Goedgekeurd op basis van bewijsmateriaal;2007-01-01;3;Samen met Warre en Elias. Geen totaaltelling.;999;Zoogdieren;Vespertilionidae;2026-07-08;430;S;vrij algemeen
327705153;327705153;Watervleermuis;Myotis daubentonii;2024-09-10;9;2024-09-10;1;in kolonie anders;onbekend;onbekend;onbekend;181315.75585813232;233381.86340887845;4.818812370300293;51.40927505493164;FS2696;Wortel-Kolonie - Zone Noordwest;Hoogstraten;Wortel;Antwerpen;ObsMapp;J;Goedgekeurd op basis van bewijsmateriaal;1980-01-01;3;In ANS-5;3;Zoogdieren;Vespertilionidae;2026-07-08;430;S;vrij algemeen
232530296;232530296;Watervleermuis;Myotis daubentonii;2022-01-17;1;2022-01-18;9;winterslaap;onbekend;onbekend;onbekend;156464.30596836965;211521.8896059459;4.46126823;51.2136153;FS0274;Deurne - Rivierenhof (Groendomein provincie Antwerpen - regio Antw.);Antwerpen;Deurne;Antwerpen;Site;J;Goedgekeurd op basis van bewijsmateriaal;1980-01-01;3;Samen met Kris Boers;10;Zoogdieren;Vespertilionidae;2026-07-08;430;S;vrij algemeen
233371800;233371800;Watervleermuis;Myotis daubentonii;2022-02-05;2;2022-02-05;1;winterslaap;onbekend;onbekend;onbekend;157804.09506872372;208492.0950129414;4.48037642;51.18636547;FS0371;Borsbeek/Mortsel - Fort 3;Borsbeek;Borsbeek;Antwerpen;Site;J;Goedgekeurd op basis van bewijsmateriaal;1980-01-01;3;Fortentelweekend_ Links op foto;100;Zoogdieren;Vespertilionidae;2026-07-08;430;S;vrij algemeen
233419842;233419842;Watervleermuis;Myotis daubentonii;2022-02-06;2;2022-02-07;1;winterslaap;onbekend;onbekend;onbekend;158879.32887791836;224404.86352770403;4.49614768;51.32937765;FS0487;Brasschaat - Fort;Brasschaat;Brasschaat;Antwerpen;Site;J;Goedgekeurd op basis van bewijsmateriaal;1980-01-01;3;Fortentelweekend_ Links een hypomelanistisch/flavistisch exemplaar? Meerdere dieren (in de 'militaire trainingsgang') hadden een gelere tint.;100;Zoogdieren;Vespertilionidae;2026-07-08;430;S;vrij algemeen
233419852;233419852;Watervleermuis;Myotis daubentonii;2022-02-06;2;2022-02-07;1;dood;onbekend;onbekend;onbekend;158879.32887791836;224404.86352770403;4.49614768;51.32937765;FS0487;Brasschaat - Fort;Brasschaat;Brasschaat;Antwerpen;Site;J;Goedgekeurd op basis van bewijsmateriaal;1980-01-01;3;Fortentelweekend;100;Zoogdieren;Vespertilionidae;2026-07-08;430;S;vrij algemeen
291152653;291152653;Watervleermuis;Myotis daubentonii;2023-10-21;10;2023-10-21;1;foeragerend;batdetector;onbekend;onbekend;157048.63015515753;211532.43065150452;4.46963072;51.21370316;FS0274;Deurne - Rivierenhof (Groendomein provincie Antwerpen - regio Antw.);Antwerpen;Deurne;Antwerpen;ObsMapp;J;Goedgekeurd op basis van bewijsmateriaal;1980-01-01;3;5 boven Schijn;4;Zoogdieren;Vespertilionidae;2026-07-08;430;S;vrij algemeen
384044732;384044732;Watervleermuis;Myotis daubentonii;2026-01-13;1;2026-01-13;5;winterslaap;onbekend;onbekend;onbekend;157560.30109904474;212043.5737355752;4.476963999999953;51.218291;FS0375;Deurne - Rivierenhof (Groendomein provincie Antwerpen - regio Antw.);Antwerpen;Deurne;Antwerpen;Site;J;Goedgekeurd op basis van bewijsmateriaal;1980-01-01;3;Telling tevens ingegeven in de meetnetten.;4;Zoogdieren;Vespertilionidae;2026-07-08;430;S;vrij algemeen
384044808;384044808;Watervleermuis;Myotis daubentonii;2026-01-13;1;2026-01-13;5;winterslaap;onbekend;onbekend;onbekend;156483.72457765104;211514.64909937236;4.461545999999999;51.21355;FS0274;Deurne - Rivierenhof (Groendomein provincie Antwerpen - regio Antw.);Antwerpen;Deurne;Antwerpen;Site;J;Goedgekeurd op basis van bewijsmateriaal;1980-01-01;3;Telling tevens ingegeven in de meetnetten.;4;Zoogdieren;Vespertilionidae;2026-07-08;430;S;vrij algemeen
295144870;295144870;Watervleermuis;Myotis daubentonii;2023-12-23;12;2023-12-26;1;winterslaap;onbekend;onbekend;onbekend;158863.930935285;224378.90346063767;4.49592613;51.32914456;FS0487;Brasschaat - Fort;Brasschaat;Brasschaat;Antwerpen;Site;J;Goedgekeurd op basis van bewijsmateriaal;1980-01-01;3;Tijdens georganiseerde wintertelling;10;Zoogdieren;Vespertilionidae;2026-07-08;430;S;vrij algemeen
295188175;295188175;Watervleermuis;Myotis daubentonii;2023-12-27;12;2023-12-27;1;ter plaatse;onbekend;onbekend;onbekend;202068.612350766;227198.4260310512;5.11614921;51.35219562;FS4791;Arendonk - Hoge Vijvers;Arendonk;Arendonk;Antwerpen;Site;J;Goedgekeurd op basis van bewijsmateriaal;1980-01-01;3;Samen met Ann Lenaerts;10;Zoogdieren;Vespertilionidae;2026-07-08;430;S;vrij algemeen
384646207;384646207;Watervleermuis;Myotis daubentonii;2026-01-22;1;2026-01-23;9;winterslaap;onbekend;onbekend;onbekend;177897.6979861348;207419.5125388708;4.767683000000034;51.176102;FS2370;Bouwel - Het Goor en omgeving;Grobbendonk;Grobbendonk;Antwerpen;Site;J;Goedgekeurd op basis van bewijsmateriaal;1980-01-01;3;Telling kelder kasteel Goorhof. Tevens ingevoerd in de meetnetten.;15;Zoogdieren;Vespertilionidae;2026-07-08;430;S;vrij algemeen
384690105;384690105;Watervleermuis;Myotis daubentonii;2026-01-23;1;2026-01-23;1;winterslaap;onbekend;onbekend;onbekend;167030.95532331555;212199.50659537688;4.612519264221191;51.21949005126953;FS1275;Oelegem - Vrieselhof (Groendomein provincie Antwerpen - regio Antw.);Ranst;Oelegem;Antwerpen;ObsMapp;J;Goedgekeurd op basis van bewijsmateriaal;1980-01-01;3;Bunker 1;3;Zoogdieren;Vespertilionidae;2026-07-08;430;S;vrij algemeen
295842033;295842033;Watervleermuis;Myotis daubentonii;2024-01-07;1;2024-01-07;1;winterslaap;onbekend;onbekend;onbekend;167133.46245719516;212798.04582512192;4.6140148;51.22486688;FS1276;Oelegem - Fort;Ranst;Oelegem;Antwerpen;Site;J;Goedgekeurd op basis van bewijsmateriaal;1980-01-01;3;;100;Zoogdieren;Vespertilionidae;2026-07-08;430;S;vrij algemeen
296533567;296533567;Watervleermuis;Myotis daubentonii;2024-01-09;1;2024-01-14;1;winterslaap;onbekend;onbekend;onbekend;147345.63679460884;202398.81044200624;4.33083596;51.13164285;ES9365;Hemiksem - Sint-Bernardusabdij;Hemiksem;Hemiksem;Antwerpen;Site;J;Goedgekeurd op basis van bewijsmateriaal;1980-01-01;3;Kelder 1;10;Zoogdieren;Vespertilionidae;2026-07-08;430;S;vrij algemeen
297450912;297450912;Watervleermuis;Myotis daubentonii;2024-01-26;1;2024-01-26;1;winterslaap;onbekend;onbekend;onbekend;161218.4497601071;219636.6906071715;4.52955741;51.28648006;FS0682;Schoten - Fort;Schoten;Schoten;Antwerpen;Site;J;Goedgekeurd op basis van bewijsmateriaal;1980-01-01;3;;100;Zoogdieren;Vespertilionidae;2026-07-08;430;S;vrij algemeen
297571565;297571565;Watervleermuis;Myotis daubentonii;2024-01-27;1;2024-01-27;1;winterslaap;onbekend;onbekend;onbekend;191465.24538768103;227340.858071086;4.96397285;51.35433821;FS3691;Turnhout - La Bonne Esperance;Turnhout;Turnhout;Antwerpen;Site;J;Goedgekeurd op basis van bewijsmateriaal;1980-01-01;3;;1000;Zoogdieren;Vespertilionidae;2026-07-08;430;S;vrij algemeen
297752487;297752487;Watervleermuis;Myotis daubentonii;2024-01-28;1;2024-01-29;1;winterslaap;onbekend;onbekend;onbekend;153986.4818989345;226411.61168367325;4.42597412;51.34746927;ES9989;Kapellen - Ertbrandbos - Fort;Kapellen;Kapellen;Antwerpen;Site;J;Goedgekeurd op basis van bewijsmateriaal;1980-01-01;3;;10;Zoogdieren;Vespertilionidae;2026-07-08;430;S;vrij algemeen
298200609;298200609;Watervleermuis;Myotis daubentonii;2024-02-03;2;2024-02-03;1;winterslaap;onbekend;afwijkend;onbekend;163916.94229596358;197022.2922202013;4.567365999999993;51.083152;FS0960;Koningshooikt - Fort;Lier;Koningshooikt;Antwerpen;Site;J;Goedgekeurd op basis van bewijsmateriaal;1980-01-01;3;Fortentelweekend;100;Zoogdieren;Vespertilionidae;2026-07-08;430;S;vrij algemeen
298324432;298324432;Watervleermuis;Myotis daubentonii;2024-02-05;2;2024-02-05;1;winterslaap;onbekend;onbekend;onbekend;152569.35424876222;206217.75775756687;4.40548915;51.16596993;ES9869;Wilrijk - Fort 6;Antwerpen;Wilrijk;Antwerpen;Site;J;Goedgekeurd op basis van bewijsmateriaal;1980-01-01;3;3 ex. in cluster laatste foto;100;Zoogdieren;Vespertilionidae;2026-07-08;430;S;vrij algemeen
331809978;331809978;Watervleermuis;Myotis daubentonii;2024-10-23;10;2024-10-23;16;winterslaap;onbekend;onbekend;onbekend;152570.5640951691;206227.12777696643;4.405506514012814;51.16605414766045;ES9869;Wilrijk - Fort 6;Antwerpen;Wilrijk;Antwerpen;ObsMapp;J;Goedgekeurd op basis van bewijsmateriaal;1980-01-01;3;;5;Zoogdieren;Vespertilionidae;2026-07-08;430;S;vrij algemeen
314311804;314311804;Watervleermuis;Myotis daubentonii;2024-06-12;6;2024-06-13;2;ter plaatse;vangst;onbekend;Vrouw;152817.0751360832;219519.54131778705;4.40913582;51.28553009;ES9882;Ekeren - Muisbroek (Stad Antwerpen);Antwerpen;Antwerpen;Antwerpen;copied observation;J;Goedgekeurd op basis van bewijsmateriaal;1980-01-01;3;;3;Zoogdieren;Vespertilionidae;2026-07-08;430;S;vrij algemeen
336777724;336777724;Watervleermuis;Myotis daubentonii;2025-01-09;1;2025-01-09;1;winterslaap;onbekend;onbekend;onbekend;149015.8451420251;205290.68330794293;4.354689000000008;51.157642;ES9468;Wilrijk - Schans 16;Antwerpen;Wilrijk;Antwerpen;Site;J;Goedgekeurd op basis van bewijsmateriaal;1980-01-01;3;;7;Zoogdieren;Vespertilionidae;2026-07-08;430;S;vrij algemeen
337108939;337108939;Watervleermuis;Myotis daubentonii;2025-01-14;1;2025-01-15;10;winterslaap;onbekend;onbekend;onbekend;177877.69828715624;207443.13634242024;4.767398834228516;51.17631530761719;FS2370;Bouwel - Het Goor en omgeving;Grobbendonk;Grobbendonk;Antwerpen;ObsMapp;J;Goedgekeurd op basis van bewijsmateriaal;1980-01-01;3;Ruïne kelder;3;Zoogdieren;Vespertilionidae;2026-07-08;430;S;vrij algemeen
184521207;184521207;Watervleermuis;Myotis daubentonii;2020-01-18;1;2020-01-18;1;winterslaap;onbekend;onbekend;onbekend;156404.13963632582;207181.07703519985;4.46033001;51.17459869;FS0270;Mortsel - Fort 4;Mortsel;Mortsel;Antwerpen;ObsMapp;J;Goedgekeurd op basis van bewijsmateriaal;2007-01-01;3;;25;Zoogdieren;Vespertilionidae;2026-07-08;430;S;vrij algemeen
184644405;184644405;Watervleermuis;Myotis daubentonii;2020-01-18;1;2020-01-21;1;winterslaap;onbekend;onbekend;onbekend;156404.13963632582;207181.07703519985;4.46033001;51.17459869;FS0270;Mortsel - Fort 4;Mortsel;Mortsel;Antwerpen;copied observation;J;Goedgekeurd op basis van bewijsmateriaal;2007-01-01;3;Rechtse exemplaar_ links: https://oudeversie.waarnemingen.be/waarneming/view/184521208?_popup=1;25;Zoogdieren;Vespertilionidae;2026-07-08;430;S;vrij algemeen
337135662;337135662;Watervleermuis;Myotis daubentonii;2025-01-16;1;2025-01-16;5;winterslaap;onbekend;onbekend;onbekend;156496.14718029488;211516.0011078203;4.461723804473877;51.21356201171875;FS0274;Deurne - Rivierenhof (Groendomein provincie Antwerpen - regio Antw.);Antwerpen;Deurne;Antwerpen;ObsMapp;J;Goedgekeurd op basis van bewijsmateriaal;1980-01-01;3;;3;Zoogdieren;Vespertilionidae;2026-07-08;430;S;vrij algemeen
184733723;184733723;Watervleermuis;Myotis daubentonii;2020-01-24;1;2020-01-24;3;winterslaap;onbekend;onbekend;onbekend;152602.11947820077;206234.7414581552;4.4059577;51.16612244;ES9869;Wilrijk - Fort 6;Antwerpen;Wilrijk;Antwerpen;ObsMapp;J;Goedgekeurd op basis van bewijsmateriaal;2007-01-01;3;;25;Zoogdieren;Vespertilionidae;2026-07-08;430;S;vrij algemeen
184733728;184733728;Watervleermuis;Myotis daubentonii;2020-01-24;1;2020-01-24;1;winterslaap;onbekend;onbekend;onbekend;152602.11947820077;206234.7414581552;4.4059577;51.16612244;ES9869;Wilrijk - Fort 6;Antwerpen;Wilrijk;Antwerpen;ObsMapp;J;Goedgekeurd op basis van bewijsmateriaal;2007-01-01;3;;25;Zoogdieren;Vespertilionidae;2026-07-08;430;S;vrij algemeen
337741394;337741394;Watervleermuis;Myotis daubentonii;2025-01-26;1;2025-01-27;1;winterslaap;onbekend;onbekend;onbekend;164079.40448049293;212628.74023838807;4.570291042327881;51.22342794387404;FS0975;Deurne/Schilde - Schijnvallei;Schilde;Schilde;Antwerpen;Site;J;Goedgekeurd op basis van bewijsmateriaal;1980-01-01;3;;7;Zoogdieren;Vespertilionidae;2026-07-08;430;S;vrij algemeen
337741445;337741445;Watervleermuis;Myotis daubentonii;2025-01-27;1;2025-01-27;1;winterslaap;onbekend;onbekend;onbekend;161229.3450378537;219668.99280072932;4.529714584350586;51.28677018324164;FS0682;Schoten - Fort;Schoten;Schoten;Antwerpen;Site;J;Goedgekeurd op basis van bewijsmateriaal;1980-01-01;3;;30;Zoogdieren;Vespertilionidae;2026-07-08;430;S;vrij algemeen
338095875;338095875;Watervleermuis;Myotis daubentonii;2025-02-01;2;2025-02-02;1;winterslaap;onbekend;onbekend;onbekend;166083.8328029884;200978.60859652425;4.598465000000033;51.118658;FS1164;Lier - Fort;Lier;Lier;Antwerpen;Site;J;Goedgekeurd op basis van bewijsmateriaal;1980-01-01;3;;30;Zoogdieren;Vespertilionidae;2026-07-08;430;S;vrij algemeen
338096131;338096131;Watervleermuis;Myotis daubentonii;2025-02-02;2;2025-02-02;1;winterslaap;onbekend;onbekend;onbekend;158842.5169416625;224341.86610124912;4.495618000000036;51.328812;FS0487;Brasschaat - Fort;Brasschaat;Brasschaat;Antwerpen;Site;J;Goedgekeurd op basis van bewijsmateriaal;1980-01-01;3;;15;Zoogdieren;Vespertilionidae;2026-07-08;430;S;vrij algemeen
338124822;338124822;Watervleermuis;Myotis daubentonii;2025-02-03;2;2025-02-03;3;winterslaap;onbekend;onbekend;onbekend;157559.8861264868;212040.68050617352;4.476957999999968;51.218265;FS0375;Deurne - Rivierenhof (Groendomein provincie Antwerpen - regio Antw.);Antwerpen;Deurne;Antwerpen;Site;J;Goedgekeurd op basis van bewijsmateriaal;1980-01-01;3;Telling bunker;4;Zoogdieren;Vespertilionidae;2026-07-08;430;S;vrij algemeen
352679744;352679744;Watervleermuis;Myotis daubentonii;2025-05-21;5;2025-05-26;1;foeragerend;batdetector;onbekend;onbekend;142985.197320427;214841.776151021;4.2683041690906975;51.243450288081945;ES8877;Kallo - Steenland (STLA);Beveren;Melsele;Oost-Vlaanderen;Site;J;Goedgekeurd op basis van expertoordeel;1980-01-01;3;Batdetector SM4 die slechts een half uurtje gewerkt heeft in de avond van 21/05 vanwege een platte batterij. Enkel speciallekes gespecifieerd.;2;Zoogdieren;Vespertilionidae;2026-07-08;430;S;vrij algemeen
312482461;312482461;Watervleermuis;Myotis daubentonii;2024-05-31;5;2024-06-01;2;foeragerend;batdetector;onbekend;onbekend;149951.75488477587;206310.4560905797;4.36806679;51.16680908;ES9569;Antwerpen - Schoonselhof;Antwerpen;Wilrijk;Antwerpen;ObsMapp;J;Goedgekeurd op basis van bewijsmateriaal;1980-01-01;3;elf opnames van (water?)vleren boven de vijver;3;Zoogdieren;Vespertilionidae;2026-07-08;430;S;vrij algemeen
330107065;330107065;Watervleermuis;Myotis daubentonii;2024-10-06;10;2024-10-06;1;ter plaatse;onbekend;onbekend;onbekend;238979.38028113457;201176.9251486566;5.6394868;51.1138142;FS8465;  ;Bree;Opitter;Limburg;ObsIdentify;J;Goedgekeurd op basis van bewijsmateriaal;1980-01-01;3;;252;Zoogdieren;Vespertilionidae;2026-07-08;430;S;vrij algemeen
357832164;357832164;Watervleermuis;Myotis daubentonii;2025-06-21;6;2025-06-21;1;ter plaatse;vangst;onbekend;onbekend;203648.2824522666;183421.42711829115;5.1323545;50.9585777;FS4947;Schulensbroek - Buitenbekken West;Herk-de-Stad;Schulen;Limburg;ObsIdentify;J;Goedgekeurd op basis van bewijsmateriaal;1980-01-01;3;;7;Zoogdieren;Vespertilionidae;2026-07-08;430;S;vrij algemeen
383873934;383873934;Watervleermuis;Myotis daubentonii;2026-01-11;1;2026-01-11;3;winterslaap;onbekend;onbekend;onbekend;154642.9255688373;206521.17800770517;4.435137748587295;51.168684133909146;FS0069;Edegem - Fort 5;Edegem;Edegem;Antwerpen;Site;J;Goedgekeurd op basis van bewijsmateriaal;1980-01-01;3;;15;Zoogdieren;Vespertilionidae;2026-07-08;430;S;vrij algemeen
337784342;337784342;Watervleermuis;Myotis daubentonii;2025-01-28;1;2025-01-28;1;winterslaap;onbekend;onbekend;onbekend;154478.76175709863;206334.4389900975;4.432788327976596;51.16700692672141;FS0069;Edegem - Fort 5;Edegem;Edegem;Antwerpen;Site;J;Goedgekeurd op basis van bewijsmateriaal;1980-01-01;3;;30;Zoogdieren;Vespertilionidae;2026-07-08;430;S;vrij algemeen
335034386;335034386;Watervleermuis;Myotis daubentonii;2024-12-11;12;2024-12-11;1;winterslaap;onbekend;onbekend;onbekend;154474.89246335722;206333.66500543055;4.432732999999985;51.167;FS0069;Edegem - Fort 5;Edegem;Edegem;Antwerpen;Site;J;Goedgekeurd op basis van bewijsmateriaal;1980-01-01;3;;10;Zoogdieren;Vespertilionidae;2026-07-08;430;S;vrij algemeen
382298896;382298896;Watervleermuis;Myotis daubentonii;2025-12-14;12;2025-12-14;1;winterslaap;onbekend;onbekend;onbekend;154598.95885731716;206431.67662790045;4.434508000000051;51.16788;FS0069;Edegem - Fort 5;Edegem;Edegem;Antwerpen;Site;J;Goedgekeurd op basis van bewijsmateriaal;1980-01-01;3;;9;Zoogdieren;Vespertilionidae;2026-07-08;430;S;vrij algemeen
383452763;383452763;Watervleermuis;Myotis daubentonii;2026-01-03;1;2026-01-03;1;ter plaatse;onbekend;onbekend;onbekend;172098.25444837377;220939.34180460963;4.685581;51.297873;FS1784;Westmalle Centrum;Malle;Westmalle;Antwerpen;ObsIdentify;J;Goedgekeurd op basis van bewijsmateriaal;1980-01-01;3;;999;Zoogdieren;Vespertilionidae;2026-07-08;430;S;vrij algemeen
338077856;338077856;Watervleermuis;Myotis daubentonii;2025-02-02;2;2025-02-02;5;winterslaap;gezien;onbekend;onbekend;156512.571108084;194625.5362032121;4.461654235653612;51.06173913298073;FS0257;Walem - Fort;Mechelen;Walem;Antwerpen;Observation;J;Goedgekeurd op basis van bewijsmateriaal;1980-01-01;4;;5;Zoogdieren;Vespertilionidae;2026-07-08;430;S;vrij algemeen
281064698;281064698;Watervleermuis;Myotis daubentonii;2023-07-19;7;2023-07-19;1;dood;gezien;adult;onbekend;197327.0748239052;213519.2126513692;5.046299999999974;51.22966;FS4277;Retie - Prinsenpark (Groendomein provincie Antwerpen - regio Kempen);Retie;Retie;Antwerpen;ObsMapp;J;Goedgekeurd op basis van bewijsmateriaal;1980-01-01;3;;5;Zoogdieren;Vespertilionidae;2026-07-08;430;S;vrij algemeen
384818961;384818961;Watervleermuis;Myotis daubentonii;2026-01-25;1;2026-01-25;1;winterslaap;gezien;adult;onbekend;153992.91208144103;226373.5919835316;4.426065981388092;51.347127506931336;ES9989;Kapellen - Ertbrandbos - Fort;Kapellen;Kapellen;Antwerpen;ObsMapp;J;Goedgekeurd op basis van bewijsmateriaal;1980-01-01;4;Flavistische vorm (gele buik).Exact aantal gekend. Wintertelling Vleermuizenwerkgroep Natuurpunt Antwerpen Noord & Kempen. Met dank aan Dirk Hautekiet.;5;Zoogdieren;Vespertilionidae;2026-07-08;430;S;vrij algemeen
384926115;384926115;Watervleermuis;Myotis daubentonii;2026-01-27;1;2026-01-27;10;winterslaap;gezien;adult;onbekend;161218.689403767;219642.5604563607;4.529561027884483;51.286532814285344;FS0682;Schoten - Fort;Schoten;Schoten;Antwerpen;ObsMapp;J;Goedgekeurd op basis van bewijsmateriaal;1980-01-01;4;Exact aantal gekend. Wintertelling Meetnetten Vleermuizen. Met dank aan Dirk Swaenen.;5;Zoogdieren;Vespertilionidae;2026-07-08;430;S;vrij algemeen
298456986;298456986;Watervleermuis;Myotis daubentonii;2024-02-05;2;2024-02-08;2;winterslaap;gezien;onbekend;onbekend;154649.3028834146;206526.84274856653;4.435228999999936;51.168735;FS0069;Edegem - Fort 5;Edegem;Edegem;Antwerpen;iObs;J;Goedgekeurd op basis van expertoordeel;1980-01-01;3;;5;Zoogdieren;Vespertilionidae;2026-07-08;430;S;vrij algemeen
260640609;260640609;Watervleermuis;Myotis daubentonii;2022-12-10;12;2022-12-12;1;ter plaatse;onbekend;onbekend;onbekend;154345.00306085392;225943.68993138892;4.43111399999998;51.343261;ES9988;Kapellen - Mastenbos;Kapellen;Kapellen;Antwerpen;Site;J;Goedgekeurd op basis van bewijsmateriaal;1980-01-01;3;;25;Zoogdieren;Vespertilionidae;2026-07-08;430;S;vrij algemeen
260640644;260640644;Watervleermuis;Myotis daubentonii;2022-12-10;12;2022-12-12;1;ter plaatse;onbekend;onbekend;onbekend;154345.00306085392;225943.68993138892;4.43111399999998;51.343261;ES9988;Kapellen - Mastenbos;Kapellen;Kapellen;Antwerpen;Site;J;Goedgekeurd op basis van bewijsmateriaal;1980-01-01;3;;25;Zoogdieren;Vespertilionidae;2026-07-08;430;S;vrij algemeen
260640985;260640985;Watervleermuis;Myotis daubentonii;2022-12-10;12;2022-12-12;1;ter plaatse;onbekend;onbekend;onbekend;154271.1554305196;226009.0488186963;4.430055000000039;51.343849;ES9989;Kapellen - Mastenbos;Kapellen;Kapellen;Antwerpen;Site;J;Goedgekeurd op basis van bewijsmateriaal;1980-01-01;3;;25;Zoogdieren;Vespertilionidae;2026-07-08;430;S;vrij algemeen
298367200;298367200;Watervleermuis;Myotis daubentonii;2024-02-04;2;2024-02-06;1;winterslaap;onbekend;onbekend;onbekend;168089.9528094211;204545.3854743764;4.627294000000006;51.150659;FS1367;Kessel - Fort;Nijlen;Kessel;Antwerpen;ObsMapp;J;Goedgekeurd op basis van bewijsmateriaal;1980-01-01;3;;5;Zoogdieren;Vespertilionidae;2026-07-08;430;S;vrij algemeen
260641193;260641193;Watervleermuis;Myotis daubentonii;2022-12-10;12;2022-12-12;1;ter plaatse;onbekend;onbekend;onbekend;153792.97849589356;226138.1788216541;4.423193999999967;51.345013;ES9989;Kapellen - Mastenbos;Kapellen;Kapellen;Antwerpen;Site;J;Goedgekeurd op basis van bewijsmateriaal;1980-01-01;3;;25;Zoogdieren;Vespertilionidae;2026-07-08;430;S;vrij algemeen
309899184;309899184;Watervleermuis;Myotis daubentonii;2024-05-17;5;2024-05-17;1;ter plaatse;onbekend;onbekend;onbekend;163421.97773600704;212243.20120645876;4.5608663;51.2199783;FS0975;  ;Wommelgem;Wommelgem;Antwerpen;ObsIdentify;J;Goedgekeurd op basis van bewijsmateriaal;1980-01-01;3;;8;Zoogdieren;Vespertilionidae;2026-07-08;430;S;vrij algemeen
377089586;377089586;Watervleermuis;Myotis daubentonii;2025-10-19;10;2025-10-20;1;ter plaatse;onbekend;onbekend;onbekend;191404.93107145943;227335.50165728945;4.963106488072015;51.35429441597808;FS3691;Turnhout - La Bonne Esperance;Turnhout;Turnhout;Antwerpen;Observation;J;Goedgekeurd op basis van bewijsmateriaal;1980-01-01;3;;15;Zoogdieren;Vespertilionidae;2026-07-08;430;S;vrij algemeen
377089588;377089588;Watervleermuis;Myotis daubentonii;2025-10-19;10;2025-10-20;1;ter plaatse;onbekend;onbekend;onbekend;191404.93107145943;227335.50165728945;4.963106488072015;51.35429441597808;FS3691;Turnhout - La Bonne Esperance;Turnhout;Turnhout;Antwerpen;Observation;J;Goedgekeurd op basis van bewijsmateriaal;1980-01-01;3;;15;Zoogdieren;Vespertilionidae;2026-07-08;430;S;vrij algemeen
377089429;377089429;Watervleermuis;Myotis daubentonii;2025-10-19;10;2025-10-20;1;ter plaatse;onbekend;onbekend;onbekend;191404.93107145943;227335.50165728945;4.963106488072015;51.35429441597808;FS3691;Turnhout - La Bonne Esperance;Turnhout;Turnhout;Antwerpen;Observation;J;Goedgekeurd op basis van bewijsmateriaal;1980-01-01;3;;15;Zoogdieren;Vespertilionidae;2026-07-08;430;S;vrij algemeen
224221488;224221488;Watervleermuis;Myotis daubentonii;2021-08-28;8;2021-08-29;1;ter plaatse;onbekend;onbekend;onbekend;163042.57304231025;209697.3620150797;4.555344;51.197104;FS0872;Ranst - Zevenbergen;Ranst;Ranst;Antwerpen;Site;J;Goedgekeurd op basis van expertoordeel;1980-01-01;3;;25;Zoogdieren;Vespertilionidae;2026-07-08;430;S;vrij algemeen
233353687;233353687;Watervleermuis;Myotis daubentonii;2022-02-05;2;2022-02-05;1;winterslaap;onbekend;onbekend;onbekend;158698.077432864;210273.7543512527;4.49320569634438;51.2023670144555;FS0473;Wommelgem - Fort 2;Wommelgem;Wommelgem;Antwerpen;ObsMapp;J;Goedgekeurd op basis van bewijsmateriaal;2007-01-01;3;fortentelling;15;Zoogdieren;Vespertilionidae;2026-07-08;430;S;vrij algemeen
231445839;231445839;Watervleermuis;Myotis daubentonii;2022-01-02;1;2022-01-02;1;winterslaap;onbekend;onbekend;onbekend;167147.9350099204;212756.60885869432;4.61422;51.224494;FS1276;Oelegem - Fort;Ranst;Oelegem;Antwerpen;ObsMapp;J;Goedgekeurd op basis van bewijsmateriaal;2007-01-01;3;Vleermuizentelling;15;Zoogdieren;Vespertilionidae;2026-07-08;430;S;vrij algemeen
186410961;186410961;Watervleermuis;Myotis daubentonii;2020-03-07;3;2020-03-11;1;ter plaatse;onbekend;onbekend;onbekend;153993.59569470477;226356.4020063505;4.4260756;51.346973;ES9989;Kapellen - Ertbrandbos - Fort;Kapellen;Kapellen;Antwerpen;Site;J;Goedgekeurd op basis van bewijsmateriaal;1980-01-01;4;;8;Zoogdieren;Vespertilionidae;2026-07-08;430;S;vrij algemeen
186410603;186410603;Watervleermuis;Myotis daubentonii;2020-03-07;3;2020-03-11;1;ter plaatse;onbekend;onbekend;onbekend;153991.9471888946;226415.25750308484;4.4260526;51.347502;ES9989;Kapellen - Ertbrandbos - Fort;Kapellen;Kapellen;Antwerpen;Site;J;Goedgekeurd op basis van bewijsmateriaal;1980-01-01;4;;30;Zoogdieren;Vespertilionidae;2026-07-08;430;S;vrij algemeen
328916710;328916710;Watervleermuis;Myotis daubentonii;2024-09-22;9;2024-09-23;10;ter plaatse;gezien;adult;onbekend;153993.4365735565;226419.8959904518;4.426074028015137;51.34754367988963;ES9989;Kapellen - Ertbrandbos - Fort;Kapellen;Kapellen;Antwerpen;Site;J;Goedgekeurd op basis van bewijsmateriaal;1980-01-01;3;In gangen van het fort;30;Zoogdieren;Vespertilionidae;2026-07-08;430;S;vrij algemeen
288726836;288726836;Watervleermuis;Myotis daubentonii;2023-09-23;9;2023-09-24;1;ter plaatse;onbekend;onbekend;onbekend;156591.12204120492;194541.30593892;4.462773199722222;51.06098109972222;FS0257;Walem - Fort;Mechelen;Walem;Antwerpen;ObsIdentify;J;Goedgekeurd op basis van bewijsmateriaal;1980-01-01;3;;999;Zoogdieren;Vespertilionidae;2026-07-08;430;S;vrij algemeen
334389066;334389066;Watervleermuis;Myotis daubentonii;2024-11-26;11;2024-11-26;1;winterslaap;onbekend;onbekend;onbekend;154651.3132111122;206539.9438387882;4.435257911682129;51.16885274365639;FS0069;Edegem - Fort 5;Edegem;Edegem;Antwerpen;ObsMapp;J;Goedgekeurd op basis van bewijsmateriaal;2025-02-26;3;;7;Zoogdieren;Vespertilionidae;2026-07-08;430;S;vrij algemeen
337784809;337784809;Watervleermuis;Myotis daubentonii;2025-01-28;1;2025-01-28;1;winterslaap;onbekend;onbekend;onbekend;154516.79227674648;206888.29529101212;4.433339;51.17198499972222;FS0069;  ;Edegem;Edegem;Antwerpen;ObsMapp;J;Goedgekeurd op basis van bewijsmateriaal;2025-05-28;3;;999;Zoogdieren;Vespertilionidae;2026-07-08;430;S;vrij algemeen
383880186;383880186;Watervleermuis;Myotis daubentonii;2026-01-11;1;2026-01-11;6;ter plaatse;onbekend;onbekend;onbekend;154492.44066380986;206335.1917660544;4.43298390135169;51.16701358579387;FS0069;Edegem - Fort 5;Edegem;Edegem;Antwerpen;ObsMapp;J;Goedgekeurd op basis van bewijsmateriaal;1980-01-01;3;;4;Zoogdieren;Vespertilionidae;2026-07-08;430;S;vrij algemeen
383880145;383880145;Watervleermuis;Myotis daubentonii;2026-01-11;1;2026-01-11;3;winterslaap;onbekend;onbekend;onbekend;154654.08581854842;206509.6096612392;4.43529715994373;51.16858006036978;FS0069;Edegem - Fort 5;Edegem;Edegem;Antwerpen;ObsMapp;J;Goedgekeurd op basis van bewijsmateriaal;1980-01-01;3;;7;Zoogdieren;Vespertilionidae;2026-07-08;430;S;vrij algemeen
213596986;213596986;Watervleermuis;Myotis daubentonii;2021-04-17;4;2021-05-13;2;winterslaap;gezien;onbekend;onbekend;153985.72013956556;226341.2644405253;4.4259624;51.346837;ES9989;Kapellen - Ertbrandbos - Fort;Kapellen;Kapellen;Antwerpen;Site;J;Goedgekeurd op basis van bewijsmateriaal;1980-01-01;3;2x Watervleermuis in VK ST 02 Vleermuissteen in kelders traditorebatterij Fort van Ertbrand;60;Zoogdieren;Vespertilionidae;2026-07-08;430;S;vrij algemeen
192819954;192819954;Watervleermuis;Myotis daubentonii;2020-05-30;5;2020-05-30;1;ter plaatse;onbekend;onbekend;onbekend;223196.26824421997;215912.9930782244;5.417091369444445;51.24847030638889;FS6880;Neerpelt - Het Hageven - Den Wulp;Neerpelt;Neerpelt;Limburg;ObsIdentify;J;Goedgekeurd op basis van bewijsmateriaal;1980-01-01;3;;25;Zoogdieren;Vespertilionidae;2026-07-08;430;S;vrij algemeen
264310617;264310617;Watervleermuis;Myotis daubentonii;2023-02-26;2;2023-02-26;1;winterslaap;gezien;onbekend;onbekend;167136.80803214994;212783.49579695333;4.61406199999999;51.224736;FS1276;Oelegem - Fort;Ranst;Oelegem;Antwerpen;Site;J;Goedgekeurd op basis van bewijsmateriaal;1980-01-01;4;;5;Zoogdieren;Vespertilionidae;2026-07-08;430;S;vrij algemeen
256787667;256787667;Watervleermuis;Myotis daubentonii;2022-10-11;10;2022-10-12;12;ter plaatse;gezien;onbekend;onbekend;164070.41544679616;212626.76510688945;4.570162296295166;51.22341041067097;FS0975;Deurne/Schilde - Schijnvallei;Schilde;Schilde;Antwerpen;Site;J;Goedgekeurd op basis van expertoordeel;2023-07-01;3;;30;Zoogdieren;Vespertilionidae;2026-07-08;430;S;vrij algemeen
256787608;256787608;Watervleermuis;Myotis daubentonii;2022-10-11;10;2022-10-12;1;ter plaatse;gezien;adult;onbekend;164068.4928777999;212632.49945434928;4.5701349999999366;51.223462;FS0975;Deurne/Schilde - Schijnvallei;Schilde;Schilde;Antwerpen;Site;J;Goedgekeurd op basis van bewijsmateriaal;2023-07-01;3;;7;Zoogdieren;Vespertilionidae;2026-07-08;430;S;vrij algemeen
328769788;328769788;Watervleermuis;Myotis daubentonii;2024-09-21;9;2024-09-21;1;ter plaatse;onbekend;onbekend;onbekend;151454.52475216106;206688.25495238692;4.389552999999978;51.170203;ES9769;  ;Antwerpen;Wilrijk;Antwerpen;ObsIdentify;J;Goedgekeurd op basis van bewijsmateriaal;1980-01-01;4;;4;Zoogdieren;Vespertilionidae;2026-07-08;430;S;vrij algemeen
383892482;383892482;Watervleermuis;Myotis daubentonii;2025-12-22;12;2026-01-11;1;winterslaap;onbekend;onbekend;onbekend;152633.6499262214;220100.40328659024;4.406511068082182;51.29075184364578;ES9883;Rangeerstation Antwerpen-Noord - Verlegde Schijn;Antwerpen;Antwerpen;Antwerpen;ObsIdentify;J;Goedgekeurd op basis van bewijsmateriaal;1980-01-01;3;Bedankt voor de reactie!__Ik heb de locatie gecorrigeerd & waarneming goedgekeurd.____mvg__Wout;7;Zoogdieren;Vespertilionidae;2026-07-08;430;S;vrij algemeen
384221415;384221415;Watervleermuis;Myotis daubentonii;2026-01-16;1;2026-01-16;1;winterslaap;gezien;adult;onbekend;146799.17632142635;208816.9173121443;4.322973557762424;51.18932988911413;ES9271;Kruibeke - Fort;Zwijndrecht;Burcht;Antwerpen;Observation;J;Goedgekeurd op basis van bewijsmateriaal;1980-01-01;3;;15;Zoogdieren;Vespertilionidae;2026-07-08;430;S;vrij algemeen
384221399;384221399;Watervleermuis;Myotis daubentonii;2026-01-16;1;2026-01-16;1;winterslaap;gezien;adult;onbekend;146799.17632142635;208816.9173121443;4.322973557762424;51.18932988911413;ES9271;Kruibeke - Fort;Zwijndrecht;Burcht;Antwerpen;Observation;J;Goedgekeurd op basis van bewijsmateriaal;1980-01-01;3;;15;Zoogdieren;Vespertilionidae;2026-07-08;430;S;vrij algemeen
384221387;384221387;Watervleermuis;Myotis daubentonii;2026-01-16;1;2026-01-16;1;winterslaap;gezien;adult;onbekend;146799.17632142635;208816.9173121443;4.322973557762424;51.18932988911413;ES9271;Kruibeke - Fort;Zwijndrecht;Burcht;Antwerpen;Observation;J;Goedgekeurd op basis van expertoordeel;1980-01-01;3;;15;Zoogdieren;Vespertilionidae;2026-07-08;430;S;vrij algemeen
384221419;384221419;Watervleermuis;Myotis daubentonii;2026-01-16;1;2026-01-16;2;winterslaap;gezien;adult;onbekend;146799.17632142635;208816.9173121443;4.322973557762424;51.18932988911413;ES9271;Kruibeke - Fort;Zwijndrecht;Burcht;Antwerpen;Observation;J;Goedgekeurd op basis van bewijsmateriaal;1980-01-01;3;;15;Zoogdieren;Vespertilionidae;2026-07-08;430;S;vrij algemeen
328769630;328769630;Watervleermuis;Myotis daubentonii;2024-09-21;9;2024-09-21;1;ter plaatse;onbekend;onbekend;onbekend;151463.44117086477;206690.93324733528;4.389680495757568;51.17022705078125;ES9769;  ;Antwerpen;Wilrijk;Antwerpen;ObsIdentify;J;Goedgekeurd op basis van bewijsmateriaal;1980-01-01;3;;43;Zoogdieren;Vespertilionidae;2026-07-08;430;S;vrij algemeen
289401051;289401051;Watervleermuis;Myotis daubentonii;2023-09-30;9;2023-10-01;1;ter plaatse;onbekend;onbekend;onbekend;153326.2940213608;226802.12308840733;4.4165026;51.3509834;ES9889;Putte - Dorpskern;Kapellen;Kapellen;Antwerpen;ObsIdentify;J;Goedgekeurd op basis van bewijsmateriaal;1980-01-01;3;;1;Zoogdieren;Vespertilionidae;2026-07-08;430;S;vrij algemeen
337996170;337996170;Watervleermuis;Myotis daubentonii;2025-02-01;2;2025-02-01;1;ter plaatse;onbekend;onbekend;onbekend;155245.9946566596;225816.07213812508;4.4440422;51.3421064;FS0088;Kapellen - Mastenbos;Kapellen;Kapellen;Antwerpen;ObsIdentify;J;Goedgekeurd op basis van bewijsmateriaal;1980-01-01;3;;1;Zoogdieren;Vespertilionidae;2026-07-08;430;S;vrij algemeen
385536183;385536183;Watervleermuis;Myotis daubentonii;2026-02-07;2;2026-02-07;1;winterslaap;onbekend;onbekend;onbekend;156869.7329843501;224402.4199181227;4.467316666666667;51.32938333333333;FS0287;Kapellen/Brasschaat - De Uitlegger;Kapellen;Kapellen;Antwerpen;ObsIdentify;J;Goedgekeurd op basis van bewijsmateriaal;1980-01-01;3;;181;Zoogdieren;Vespertilionidae;2026-07-08;430;S;vrij algemeen
289401371;289401371;Watervleermuis;Myotis daubentonii;2023-09-30;9;2023-10-01;1;ter plaatse;onbekend;onbekend;onbekend;153326.2940213608;226802.12308840733;4.4165026;51.3509834;ES9889;Putte - Dorpskern;Kapellen;Kapellen;Antwerpen;ObsIdentify;J;Goedgekeurd op basis van bewijsmateriaal;1980-01-01;3;;1;Zoogdieren;Vespertilionidae;2026-07-08;430;S;vrij algemeen
292887657;292887657;Watervleermuis;Myotis daubentonii;2023-11-12;11;2023-11-12;1;ter plaatse;onbekend;onbekend;onbekend;154999.2874432397;225228.4122086177;4.440493583679199;51.33682675909167;FS0088;Kapellen - Mastenbos;Kapellen;Kapellen;Antwerpen;ObsIdentify;J;Goedgekeurd op basis van bewijsmateriaal;1980-01-01;3;;30;Zoogdieren;Vespertilionidae;2026-07-08;430;S;vrij algemeen
292889498;292889498;Watervleermuis;Myotis daubentonii;2023-11-12;11;2023-11-12;1;winterslaap;onbekend;onbekend;onbekend;154970.0791502651;225266.1277464619;4.440074999999979;51.337166;FS0088;Kapellen - Mastenbos;Kapellen;Kapellen;Antwerpen;ObsIdentify;J;Goedgekeurd op basis van bewijsmateriaal;1980-01-01;3;;999;Zoogdieren;Vespertilionidae;2026-07-08;430;S;vrij algemeen
288709887;288709887;Watervleermuis;Myotis daubentonii;2023-09-23;9;2023-09-23;1;ter plaatse;onbekend;onbekend;onbekend;156569.8376526932;194533.1837101784;4.462469444444444;51.06090833333333;FS0257;Walem - Fort;Mechelen;Walem;Antwerpen;ObsIdentify;J;Goedgekeurd op basis van bewijsmateriaal;1980-01-01;3;;999;Zoogdieren;Vespertilionidae;2026-07-08;430;S;vrij algemeen
342011614;342011614;Watervleermuis;Myotis daubentonii;2025-03-23;3;2025-03-23;1;dood;gezien;onbekend;onbekend;192647.7088702427;190502.76852188815;4.976612153114711;51.02314418888007;FS3854;  ;Scherpenheuvel-Zichem;Averbode;Vlaams-Brabant;ObsIdentify;J;Goedgekeurd op basis van bewijsmateriaal;1980-01-01;3;;4;Zoogdieren;Vespertilionidae;2026-07-08;430;S;vrij algemeen
385146633;385146633;Watervleermuis;Myotis daubentonii;2026-01-31;1;2026-01-31;12;winterslaap;onbekend;onbekend;onbekend;158838.1693734017;210297.23297532;4.495210647583008;51.20257591174058;FS0473;Wommelgem - Fort 2;Wommelgem;Wommelgem;Antwerpen;Observation;J;Goedgekeurd op basis van bewijsmateriaal;1980-01-01;4;met fortentelweekend natuurpunt;100;Zoogdieren;Vespertilionidae;2026-07-08;430;S;vrij algemeen
385146660;385146660;Watervleermuis;Myotis daubentonii;2026-01-31;1;2026-01-31;18;winterslaap;onbekend;onbekend;onbekend;156417.39050735836;207023.98604021408;4.460516688884013;51.17318652249432;FS0270;Mortsel - Fort 4;Mortsel;Mortsel;Antwerpen;Observation;J;Goedgekeurd op basis van bewijsmateriaal;1980-01-01;4;met fortentelweekend natuurpunt;50;Zoogdieren;Vespertilionidae;2026-07-08;430;S;vrij algemeen
327606017;327606017;Watervleermuis;Myotis daubentonii;2024-09-09;9;2024-09-09;2;ter plaatse;gezien;adult;onbekend;156524.2032994158;211392.4576076148;4.462123076923012;51.212451233458886;FS0274;Deurne - Rivierenhof (Groendomein provincie Antwerpen - regio Antw.);Antwerpen;Deurne;Antwerpen;iObs;J;Goedgekeurd op basis van bewijsmateriaal;1980-01-01;4;;15;Zoogdieren;Vespertilionidae;2026-07-08;430;S;vrij algemeen
381448421;381448421;Watervleermuis;Myotis daubentonii;2025-10-07;10;2025-11-29;1;ter plaatse;batdetector;onbekend;onbekend;221811.5917770625;180103.14234625828;5.390202641356154;50.9267868487846;FS6744;Diepenbeek - Sluisbemden - UHasselt;Diepenbeek;Diepenbeek;Limburg;ObsMapp;J;Goedgekeurd op basis van bewijsmateriaal;1980-01-01;4;heterodyne-opname 45 Khz;4;Zoogdieren;Vespertilionidae;2026-07-08;430;S;vrij algemeen
288859569;288859569;Watervleermuis;Myotis daubentonii;2023-09-23;9;2023-09-25;1;ter plaatse;onbekend;onbekend;onbekend;156576.30563606007;194531.0225962028;4.462561666666667;51.06088883333334;FS0257;Walem - Fort;Mechelen;Walem;Antwerpen;ObsIdentify;J;Goedgekeurd op basis van bewijsmateriaal;1980-01-01;3;;35;Zoogdieren;Vespertilionidae;2026-07-08;430;S;vrij algemeen
300964516;300964516;Watervleermuis;Myotis daubentonii;2024-03-06;3;2024-03-15;1;winterslaap;onbekend;onbekend;onbekend;154610.0151079307;206582.09984725248;4.434667999999988;51.169232;FS0069;Edegem - Fort 5;Edegem;Edegem;Antwerpen;Site;J;Goedgekeurd op basis van bewijsmateriaal;1980-01-01;3;;7;Zoogdieren;Vespertilionidae;2026-07-08;430;S;vrij algemeen
299582743;299582743;Watervleermuis;Myotis daubentonii;2024-02-25;2;2024-02-25;2;ter plaatse;onbekend;onbekend;onbekend;154650.93109133607;206464.60373999923;4.435251473987592;51.168175547319805;FS0069;Edegem - Fort 5;Edegem;Edegem;Antwerpen;Site;J;Goedgekeurd op basis van bewijsmateriaal;1980-01-01;3;;7;Zoogdieren;Vespertilionidae;2026-07-08;430;S;vrij algemeen
337666264;337666264;Watervleermuis;Myotis daubentonii;2025-01-26;1;2025-01-26;1;ter plaatse;onbekend;onbekend;onbekend;154513.22655379926;206552.94545491505;4.433283805847168;51.16897071592901;FS0069;Edegem - Fort 5;Edegem;Edegem;Antwerpen;Site;J;Goedgekeurd op basis van bewijsmateriaal;1980-01-01;3;;15;Zoogdieren;Vespertilionidae;2026-07-08;430;S;vrij algemeen
338419027;338419027;Watervleermuis;Myotis daubentonii;2025-02-06;2;2025-02-07;1;ter plaatse;onbekend;onbekend;onbekend;152542.43843779908;206241.357982398;4.4051045179367065;51.16618218368525;ES9869;Wilrijk - Fort 6;Antwerpen;Wilrijk;Antwerpen;Site;J;Goedgekeurd op basis van bewijsmateriaal;1980-01-01;3;;4;Zoogdieren;Vespertilionidae;2026-07-08;430;S;vrij algemeen
338419203;338419203;Watervleermuis;Myotis daubentonii;2025-02-06;2;2025-02-07;1;ter plaatse;onbekend;onbekend;onbekend;152542.07300667235;206221.71047306157;4.405099153518677;51.166005582178784;ES9869;Wilrijk - Fort 6;Antwerpen;Wilrijk;Antwerpen;Site;J;Goedgekeurd op basis van bewijsmateriaal;1980-01-01;3;;2;Zoogdieren;Vespertilionidae;2026-07-08;430;S;vrij algemeen
338419148;338419148;Watervleermuis;Myotis daubentonii;2025-02-06;2;2025-02-07;1;ter plaatse;onbekend;onbekend;onbekend;152578.1021280509;206095.948700388;4.405613333333333;51.164875;ES9869;Wilrijk - Fort 6;Antwerpen;Wilrijk;Antwerpen;ObsIdentify;J;Goedgekeurd op basis van bewijsmateriaal;1980-01-01;3;;156;Zoogdieren;Vespertilionidae;2026-07-08;430;S;vrij algemeen
338419408;338419408;Watervleermuis;Myotis daubentonii;2025-02-06;2;2025-02-07;1;ter plaatse;onbekend;onbekend;onbekend;152383.8312797834;205999.14625151732;4.402835369110107;51.16400573317532;ES9868;Wilrijk - Fort 6;Antwerpen;Wilrijk;Antwerpen;Site;J;Goedgekeurd op basis van bewijsmateriaal;1980-01-01;3;;15;Zoogdieren;Vespertilionidae;2026-07-08;430;S;vrij algemeen
294384414;294384414;Watervleermuis;Myotis daubentonii;2023-09-30;9;2023-12-09;1;ter plaatse;onbekend;onbekend;onbekend;157711.29197263287;208567.5331953857;4.479050700000016;51.1870448;FS0371;Borsbeek/Mortsel - Fort 3;Borsbeek;Borsbeek;Antwerpen;Site;J;Goedgekeurd op basis van bewijsmateriaal;1980-01-01;3;;2;Zoogdieren;Vespertilionidae;2026-07-08;430;S;vrij algemeen
338078272;338078272;Watervleermuis;Myotis daubentonii;2025-02-02;2;2025-02-02;1;winterslaap;onbekend;onbekend;onbekend;168074.88003465586;204549.13024008556;4.6270787715911865;51.15069313287909;FS1367;Kessel - Fort;Nijlen;Kessel;Antwerpen;ObsIdentify;J;Goedgekeurd op basis van bewijsmateriaal;1980-01-01;3;;15;Zoogdieren;Vespertilionidae;2026-07-08;430;S;vrij algemeen
385223698;385223698;Watervleermuis;Myotis daubentonii;2026-02-01;2;2026-02-01;1;winterslaap;onbekend;onbekend;onbekend;156528.1317954323;194614.30497124695;4.461875999999961;51.061638;FS0257;Walem - Fort;Mechelen;Walem;Antwerpen;Site;J;Goedgekeurd op basis van bewijsmateriaal;1980-01-01;4;;15;Zoogdieren;Vespertilionidae;2026-07-08;430;S;vrij algemeen
338069791;338069791;Watervleermuis;Myotis daubentonii;2025-02-02;2;2025-02-02;1;ter plaatse;onbekend;onbekend;onbekend;156557.59821437384;194554.84509118367;4.4622952491045;51.06110318525224;FS0257;Walem - Fort;Mechelen;Walem;Antwerpen;ObsMapp;J;Goedgekeurd op basis van bewijsmateriaal;1980-01-01;4;;5;Zoogdieren;Vespertilionidae;2026-07-08;430;S;vrij algemeen
385223728;385223728;Watervleermuis;Myotis daubentonii;2026-02-01;2;2026-02-01;1;winterslaap;onbekend;onbekend;onbekend;156528.1317954323;194614.30497124695;4.461875999999961;51.061638;FS0257;Walem - Fort;Mechelen;Walem;Antwerpen;Site;J;Goedgekeurd op basis van bewijsmateriaal;1980-01-01;4;;15;Zoogdieren;Vespertilionidae;2026-07-08;430;S;vrij algemeen
385223247;385223247;Watervleermuis;Myotis daubentonii;2026-02-01;2;2026-02-01;1;winterslaap;onbekend;onbekend;onbekend;156528.1317954323;194614.30497124695;4.461875999999961;51.061638;FS0257;Walem - Fort;Mechelen;Walem;Antwerpen;Site;J;Goedgekeurd op basis van bewijsmateriaal;1980-01-01;4;;15;Zoogdieren;Vespertilionidae;2026-07-08;430;S;vrij algemeen
385223762;385223762;Watervleermuis;Myotis daubentonii;2026-02-01;2;2026-02-01;1;winterslaap;onbekend;onbekend;onbekend;156528.1317954323;194614.30497124695;4.461875999999961;51.061638;FS0257;Walem - Fort;Mechelen;Walem;Antwerpen;Site;J;Goedgekeurd op basis van bewijsmateriaal;1980-01-01;4;;15;Zoogdieren;Vespertilionidae;2026-07-08;430;S;vrij algemeen
338053113;338053113;Watervleermuis;Myotis daubentonii;2025-02-02;2;2025-02-02;1;ter plaatse;onbekend;onbekend;onbekend;156565.66092979794;194535.79107741825;4.462409913539887;51.060931818431904;FS0257;Walem - Fort;Mechelen;Walem;Antwerpen;Observation;J;Goedgekeurd op basis van bewijsmateriaal;1980-01-01;4;;4;Zoogdieren;Vespertilionidae;2026-07-08;430;S;vrij algemeen
385223806;385223806;Watervleermuis;Myotis daubentonii;2026-02-01;2;2026-02-01;2;winterslaap;onbekend;onbekend;onbekend;156528.1317954323;194614.30497124695;4.461875999999961;51.061638;FS0257;Walem - Fort;Mechelen;Walem;Antwerpen;Site;J;Goedgekeurd op basis van bewijsmateriaal;1980-01-01;4;;15;Zoogdieren;Vespertilionidae;2026-07-08;430;S;vrij algemeen
385223025;385223025;Watervleermuis;Myotis daubentonii;2026-02-01;2;2026-02-01;1;winterslaap;onbekend;onbekend;onbekend;156528.1317954323;194614.30497124695;4.461875999999961;51.061638;FS0257;Walem - Fort;Mechelen;Walem;Antwerpen;Site;J;Goedgekeurd op basis van bewijsmateriaal;1980-01-01;4;;15;Zoogdieren;Vespertilionidae;2026-07-08;430;S;vrij algemeen
385223195;385223195;Watervleermuis;Myotis daubentonii;2026-02-01;2;2026-02-01;1;winterslaap;onbekend;onbekend;onbekend;156528.1317954323;194614.30497124695;4.461875999999961;51.061638;FS0257;Walem - Fort;Mechelen;Walem;Antwerpen;Site;J;Goedgekeurd op basis van bewijsmateriaal;1980-01-01;4;;15;Zoogdieren;Vespertilionidae;2026-07-08;430;S;vrij algemeen
385222134;385222134;Watervleermuis;Myotis daubentonii;2026-02-01;2;2026-02-01;1;winterslaap;onbekend;onbekend;onbekend;158647.8287055999;196103.360880374;4.492148000000043;51.074995;FS0459;Duffel - Fort;Duffel;Duffel;Antwerpen;Site;J;Goedgekeurd op basis van bewijsmateriaal;1980-01-01;4;;7;Zoogdieren;Vespertilionidae;2026-07-08;430;S;vrij algemeen
385221864;385221864;Watervleermuis;Myotis daubentonii;2026-02-01;2;2026-02-01;1;winterslaap;onbekend;onbekend;onbekend;158647.8287055999;196103.360880374;4.492148000000043;51.074995;FS0459;Duffel - Fort;Duffel;Duffel;Antwerpen;Site;J;Goedgekeurd op basis van bewijsmateriaal;1980-01-01;4;;7;Zoogdieren;Vespertilionidae;2026-07-08;430;S;vrij algemeen
338069763;338069763;Watervleermuis;Myotis daubentonii;2025-02-02;2;2025-02-02;1;winterslaap;onbekend;onbekend;onbekend;156566.77401027115;194566.2026625304;4.462426342070103;51.06120517270528;FS0257;Walem - Fort;Mechelen;Walem;Antwerpen;ObsMapp;J;Goedgekeurd op basis van bewijsmateriaal;1980-01-01;4;;5;Zoogdieren;Vespertilionidae;2026-07-08;430;S;vrij algemeen
338069730;338069730;Watervleermuis;Myotis daubentonii;2025-02-02;2;2025-02-02;1;ter plaatse;onbekend;onbekend;onbekend;156552.57558762754;194524.35419484507;4.462223052978516;51.060829162597656;FS0257;Walem - Fort;Mechelen;Walem;Antwerpen;ObsMapp;J;Goedgekeurd op basis van bewijsmateriaal;1980-01-01;4;;5;Zoogdieren;Vespertilionidae;2026-07-08;430;S;vrij algemeen
385222886;385222886;Watervleermuis;Myotis daubentonii;2026-02-01;2;2026-02-01;1;winterslaap;onbekend;onbekend;onbekend;156528.1317954323;194614.30497124695;4.461875999999961;51.061638;FS0257;Walem - Fort;Mechelen;Walem;Antwerpen;Site;J;Goedgekeurd op basis van bewijsmateriaal;1980-01-01;4;;15;Zoogdieren;Vespertilionidae;2026-07-08;430;S;vrij algemeen
385224456;385224456;Watervleermuis;Myotis daubentonii;2026-02-01;2;2026-02-01;1;winterslaap;onbekend;onbekend;onbekend;156528.1317954323;194614.30497124695;4.461875999999961;51.061638;FS0257;Walem - Fort;Mechelen;Walem;Antwerpen;Site;J;Goedgekeurd op basis van bewijsmateriaal;1980-01-01;4;;15;Zoogdieren;Vespertilionidae;2026-07-08;430;S;vrij algemeen
385224582;385224582;Watervleermuis;Myotis daubentonii;2026-02-01;2;2026-02-01;1;winterslaap;onbekend;onbekend;onbekend;156528.1317954323;194614.30497124695;4.461875999999961;51.061638;FS0257;Walem - Fort;Mechelen;Walem;Antwerpen;Site;J;Goedgekeurd op basis van bewijsmateriaal;1980-01-01;4;;15;Zoogdieren;Vespertilionidae;2026-07-08;430;S;vrij algemeen
385222654;385222654;Watervleermuis;Myotis daubentonii;2026-02-01;2;2026-02-01;1;winterslaap;onbekend;onbekend;onbekend;156528.1317954323;194614.30497124695;4.461875999999961;51.061638;FS0257;Walem - Fort;Mechelen;Walem;Antwerpen;Site;J;Goedgekeurd op basis van bewijsmateriaal;1980-01-01;4;;15;Zoogdieren;Vespertilionidae;2026-07-08;430;S;vrij algemeen
338069734;338069734;Watervleermuis;Myotis daubentonii;2025-02-02;2;2025-02-02;1;ter plaatse;onbekend;onbekend;onbekend;156552.57558762754;194524.35419484507;4.462223052978516;51.060829162597656;FS0257;Walem - Fort;Mechelen;Walem;Antwerpen;ObsMapp;J;Goedgekeurd op basis van bewijsmateriaal;1980-01-01;4;;5;Zoogdieren;Vespertilionidae;2026-07-08;430;S;vrij algemeen
385222558;385222558;Watervleermuis;Myotis daubentonii;2026-02-01;2;2026-02-01;1;winterslaap;onbekend;onbekend;onbekend;156528.1426193764;194614.2798440969;4.461876153945923;51.06163777401148;FS0257;Walem - Fort;Mechelen;Walem;Antwerpen;Site;J;Goedgekeurd op basis van bewijsmateriaal;1980-01-01;4;;15;Zoogdieren;Vespertilionidae;2026-07-08;430;S;vrij algemeen
374612854;374612854;Watervleermuis;Myotis daubentonii;2025-09-30;9;2025-09-30;1;ter plaatse;onbekend;onbekend;onbekend;233247.23495895643;211565.98191279173;5.560021;51.208039;FS7876;  ;Bocholt;Bocholt;Limburg;ObsIdentify;J;Goedgekeurd op basis van bewijsmateriaal;1980-01-01;3;;999;Zoogdieren;Vespertilionidae;2026-07-08;430;S;vrij algemeen
403003957;403003957;Watervleermuis;Myotis daubentonii;2026-06-04;6;2026-06-04;1;ter plaatse;onbekend;onbekend;onbekend;160071.80364099136;190530.93546808325;4.5123117;51.0248817;FS0653;Mechelen - Mechels Broek;Mechelen;Mechelen;Antwerpen;ObsIdentify;J;Goedgekeurd op basis van bewijsmateriaal;1980-01-01;3;;2;Zoogdieren;Vespertilionidae;2026-07-08;430;S;vrij algemeen
352177275;352177275;Watervleermuis;Myotis daubentonii;2025-05-23;5;2025-05-23;1;in kolonie op gebouw;onbekend;onbekend;onbekend;164113.53794139906;212657.3563293256;4.570780747099385;51.22368431866808;FS0975;Schilde/Malle - Schijnvallei;Schilde;Schilde;Antwerpen;iObs;J;Goedgekeurd op basis van expertoordeel;1980-01-01;3;Gekeken met warmtekijker van zonsondergang tot uur erna (21:38-22:22);24;Zoogdieren;Vespertilionidae;2026-07-08;430;S;vrij algemeen
321412265;321412265;Watervleermuis;Myotis daubentonii;2024-07-26;7;2024-07-27;196;in kolonie op gebouw;zichtkijker;onbekend;onbekend;164102.40805342322;212631.3469675388;4.570620417398459;51.2234508105192;FS0975;Deurne/Schilde - Schijnvallei;Schilde;Schilde;Antwerpen;Site;J;Goedgekeurd op basis van expertoordeel;1980-01-01;3;uitvliegers geteld_ wel enkele minuten technisch defect_ dus vermoedelijk nog enkele tientallen meer;4;Zoogdieren;Vespertilionidae;2026-07-08;430;S;vrij algemeen
233380037;233380037;Watervleermuis;Myotis daubentonii;2022-02-05;2;2022-02-05;4;winterslaap;onbekend;onbekend;onbekend;156380.92183705745;207025.0275123343;4.45999525487423;51.1731962907338;FS0270;Mortsel - Fort 4;Mortsel;Mortsel;Antwerpen;ObsMapp;J;Goedgekeurd op basis van bewijsmateriaal;2007-01-01;4;;5;Zoogdieren;Vespertilionidae;2026-07-08;430;S;vrij algemeen
298310678;298310678;Watervleermuis;Myotis daubentonii;2024-02-04;2;2024-02-05;35;winterslaap;gezien;onbekend;onbekend;154480.260082617;206493.94043679532;4.432811737060547;51.16844060471796;FS0069;Edegem - Fort 5;Edegem;Edegem;Antwerpen;Site;J;Goedgekeurd op basis van bewijsmateriaal;1980-01-01;3;totaal aantal_ details in meetnetten.Be;30;Zoogdieren;Vespertilionidae;2026-07-08;430;S;vrij algemeen
192782797;192782797;Watervleermuis;Myotis daubentonii;2020-05-24;5;2020-05-30;1;ter plaatse;op geluidsrecorder;onbekend;onbekend;166114.03125972234;213891.5402941499;4.599471;51.234725;FS1177;Schilde - Putse Heide/Verbrand Bos;Schilde;Schilde;Antwerpen;Site;J;Goedgekeurd op basis van expertoordeel;1980-01-01;3;;25;Zoogdieren;Vespertilionidae;2026-07-08;430;S;vrij algemeen
364196774;364196774:4037618;Watervleermuis;Myotis daubentonii;2025-07-19;7;2025-07-21;2;ter plaatse;vangst;adult;Vrouw;215807.02313854493;188074.54716898408;5.306235551834106;50.99914968175353;FS6152;Laambeekvallei - Oost;Heusden-Zolder;Zolder;Limburg;Site;J;Goedgekeurd op basis van bewijsmateriaal;1980-01-01;3;project midden limburg;15;Zoogdieren;Vespertilionidae;2026-07-08;430;S;vrij algemeen
364196774;364196774:4037619;Watervleermuis;Myotis daubentonii;2025-07-19;7;2025-07-21;1;ter plaatse;vangst;juveniel;Vrouw;215807.02313854493;188074.54716898408;5.306235551834106;50.99914968175353;FS6152;Laambeekvallei - Oost;Heusden-Zolder;Zolder;Limburg;Site;J;Goedgekeurd op basis van bewijsmateriaal;1980-01-01;3;project midden limburg;15;Zoogdieren;Vespertilionidae;2026-07-08;430;S;vrij algemeen
338686358;338686358;Watervleermuis;Myotis daubentonii;2025-02-02;2;2025-02-11;349;winterslaap;gezien;onbekend;onbekend;158853.0304799509;224348.6710130712;4.495768999999996;51.328873;FS0487;Brasschaat - Fort;Brasschaat;Brasschaat;Antwerpen;Site;J;Goedgekeurd op basis van bewijsmateriaal;1980-01-01;3;telling hele fort_ details in meetnetten.Be;15;Zoogdieren;Vespertilionidae;2026-07-08;430;S;vrij algemeen
336659502;336659502;Watervleermuis;Myotis daubentonii;2025-01-06;1;2025-01-07;1;winterslaap;gezien;onbekend;onbekend;154541.15105772245;225835.8922803728;4.433927536010742;51.342290591664096;ES9988;Kapellen - Mastenbos;Kapellen;Kapellen;Antwerpen;Site;J;Goedgekeurd op basis van bewijsmateriaal;1980-01-01;3;bunkers mastenbos -  totaaltellingen in meetnetten.be;60;Zoogdieren;Vespertilionidae;2026-07-08;430;S;vrij algemeen
351620242;351620242;Watervleermuis;Myotis daubentonii;2025-05-20;5;2025-05-20;10;ter plaatse;gezien;onbekend;onbekend;158884.35526967287;224379.26985191277;4.496219158172607;51.32914753668036;FS0487;Brasschaat - Fort;Brasschaat;Brasschaat;Antwerpen;Site;J;Goedgekeurd op basis van bewijsmateriaal;1980-01-01;3;min 10 ind in het fort_ geen volledige telling. Veel actief en rondvliegend;15;Zoogdieren;Vespertilionidae;2026-07-08;430;S;vrij algemeen
351618235;351618235;Watervleermuis;Myotis daubentonii;2025-05-20;5;2025-05-20;2;ter plaatse;gezien en gehoord;onbekend;onbekend;155513.5042703364;223419.7916972069;4.447844177484512;51.32056616323692;FS0086;Kapellen - Fort;Kapellen;Kapellen;Antwerpen;ObsMapp;J;Goedgekeurd op basis van bewijsmateriaal;1980-01-01;3;vijftal watertjes_ opnames in een kamer van het fort;5;Zoogdieren;Vespertilionidae;2026-07-08;430;S;vrij algemeen
318991349;318991349;Watervleermuis;Myotis daubentonii;2024-07-13;7;2024-07-14;1;ter plaatse;vangst;adult;Man;223770.12246077092;183433.49990558345;5.418727397918701;50.95647566993315;FS6947;Genk - wijk Bokrijk;Genk;Genk;Limburg;Site;J;Goedgekeurd op basis van bewijsmateriaal;1980-01-01;3;;8;Zoogdieren;Vespertilionidae;2026-07-08;430;S;vrij algemeen
263183099;263183099;Watervleermuis;Myotis daubentonii;2023-02-03;2;2023-02-05;1;winterslaap;gezien;adult;onbekend;165493.75382631904;216891.78580511268;4.590719000000036;51.261709;FS1080;  ;Schilde;Schilde;Antwerpen;Site;J;Goedgekeurd op basis van expertoordeel;1980-01-01;4;tijdens fortentelweekend Natuurpunt - fort 's Gravenwezel;7;Zoogdieren;Vespertilionidae;2026-07-08;430;S;vrij algemeen
263182482;263182482;Watervleermuis;Myotis daubentonii;2023-02-03;2;2023-02-05;1;winterslaap;gezien;adult;onbekend;165518.39158291806;216846.35564684588;4.591069999999945;51.2613;FS1180;  ;Schilde;Schilde;Antwerpen;Site;J;Goedgekeurd op basis van bewijsmateriaal;1980-01-01;4;tijdens fortentelweekend Natuurpunt;25;Zoogdieren;Vespertilionidae;2026-07-08;430;S;vrij algemeen
199382756;199382756;Watervleermuis;Myotis daubentonii;2020-08-31;8;2020-09-01;1;in kolonie op gebouw;gezien;onbekend;onbekend;153946.46865951017;226426.0144618582;4.4254;51.347599;ES9989;Kapellen - Ertbrandbos - Fort;Kapellen;Kapellen;Antwerpen;Site;J;Goedgekeurd op basis van expertoordeel;1980-01-01;3;in gasdichte troepenkamer van linker hoofdfront (op foto: bovenste dier);25;Zoogdieren;Vespertilionidae;2026-07-08;430;S;vrij algemeen
200413565;200413565;Watervleermuis;Myotis daubentonii;2020-09-19;9;2020-09-20;1;in kolonie in bomen;gezien;onbekend;onbekend;154821.22370351333;225335.41180441063;4.43794;51.33779;FS0088;Kapellen - Mastenbos;Kapellen;Kapellen;Antwerpen;ObsMapp;J;Goedgekeurd op basis van expertoordeel;2007-01-01;3;in spleet van boom links op foto;25;Zoogdieren;Vespertilionidae;2026-07-08;430;S;vrij algemeen
288972929;288972929;Watervleermuis;Myotis daubentonii;2023-09-26;9;2023-09-26;1;in kolonie in bomen;gezien;adult;onbekend;154777.366300567;225367.6979476111;4.437311111111112;51.33808055555556;FS0088;Kapellen - Mastenbos;Kapellen;Kapellen;Antwerpen;ObsMapp;J;Goedgekeurd op basis van expertoordeel;1980-01-01;3;;999;Zoogdieren;Vespertilionidae;2026-07-08;430;S;vrij algemeen
320639084;320639084:3580074;Watervleermuis;Myotis daubentonii;2024-07-23;7;2024-07-23;1;ter plaatse;vangst;subadult;Man;221831.08759535028;178530.41277298052;5.390172000000007;50.912648;FS6842;  ;Diepenbeek;Diepenbeek;Limburg;Site;J;Goedgekeurd op basis van expertoordeel;1980-01-01;3;Een watervleermuis was de laatste soort die ik had verwacht te vangen in een boomgaard. Een tweedejaars dier_ vol spinturnixen.;100;Zoogdieren;Vespertilionidae;2026-07-08;430;S;vrij algemeen
277746117;277746117;Watervleermuis;Myotis daubentonii;2023-06-23;6;2023-06-24;1;foeragerend;vangst;adult;Man;218773.3800349707;189643.6547134053;5.348784439265727;51.01290880595302;FS6453;Laambeekvallei - Laambroekvijvers (LiLa);Houthalen-Helchteren;Houthalen;Limburg;ObsMapp;J;Goedgekeurd op basis van expertoordeel;1980-01-01;3;;5;Zoogdieren;Vespertilionidae;2026-07-08;430;S;vrij algemeen
277746122;277746122;Watervleermuis;Myotis daubentonii;2023-06-23;6;2023-06-24;2;foeragerend;vangst;adult;Man;218792.78265735123;189642.64375530835;5.349060706794262;51.01289741533236;FS6453;Laambeekvallei - Laambroekvijvers (LiLa);Houthalen-Helchteren;Houthalen;Limburg;ObsMapp;J;Goedgekeurd op basis van expertoordeel;1980-01-01;3;;5;Zoogdieren;Vespertilionidae;2026-07-08;430;S;vrij algemeen
