wn_id;unieke_id;naam_nl;naam_lat;datum;maand;invoerdatum;aantal;gedrag;methode;kleed;geslacht;x;y;lon;lat;utm1;gebied;gemeente;deelgemeente;provincie;typewaarneming;zeker;status;embargo_datum;toestemming_wnr;bijzonderheden;precisie;soortgroep;familie;aanleverdatum;id_species;id_species_type;zeldzaamheid
381566821;381566821;Gewone Dwergvleermuis;Pipistrellus pipistrellus;2025-11-30;11;2025-11-30;1;ter plaatse;onbekend;onbekend;onbekend;221837.07009666876;206246.0748275211;5.395711110909839;51.16175909997105;FS6770;Eksel - Winner;Hechtel-Eksel;Eksel;Limburg;ObsIdentify;J;Goedgekeurd op basis van bewijsmateriaal;1980-01-01;4;;5;Zoogdieren;Vespertilionidae;2026-07-08;387;S;algemeen
364856849;364856849;Gewone Dwergvleermuis;Pipistrellus pipistrellus;2025-07-24;7;2025-07-25;1;ter plaatse;onbekend;onbekend;onbekend;157830.50617335952;190962.34499151632;4.480375;51.02879444444444;FS0354;  ;Mechelen;Mechelen;Antwerpen;ObsIdentify;J;Goedgekeurd op basis van bewijsmateriaal;1980-01-01;3;;999;Zoogdieren;Vespertilionidae;2026-07-08;387;S;algemeen
326740210;326740210;Gewone Dwergvleermuis;Pipistrellus pipistrellus;2024-09-02;9;2024-09-02;1;dood;onbekend;onbekend;onbekend;197821.81719930156;191914.66096425243;5.050539728258783;51.035430908203125;FS4355;Gerhagen - Houterenberg;Tessenderlo;Tessenderlo;Limburg;ObsIdentify;J;Goedgekeurd op basis van bewijsmateriaal;1980-01-01;3;;5;Zoogdieren;Vespertilionidae;2026-07-08;387;S;algemeen
360017937;360017937;Gewone Dwergvleermuis;Pipistrellus pipistrellus;2025-06-30;6;2025-06-30;1;ter plaatse;onbekend;onbekend;onbekend;170925.12291307814;194779.82530773524;4.6672509;51.0627834;FS1658;  ;Putte;Beerzel;Antwerpen;ObsIdentify;J;Goedgekeurd op basis van bewijsmateriaal;1980-01-01;3;;10;Zoogdieren;Vespertilionidae;2026-07-08;387;S;algemeen
408614144;408614144;Gewone Dwergvleermuis;Pipistrellus pipistrellus;2026-07-02;7;2026-07-02;1;ter plaatse;onbekend;onbekend;onbekend;152481.56234341237;212319.230606406;4.404276557940007;51.22081330764089;ES9875;  ;Antwerpen;Antwerpen;Antwerpen;ObsIdentify;J;Goedgekeurd op basis van bewijsmateriaal;1980-01-01;3;;9;Zoogdieren;Vespertilionidae;2026-07-08;387;S;algemeen
364183469;364183469;Gewone Dwergvleermuis;Pipistrellus pipistrellus;2025-07-21;7;2025-07-21;1;ter plaatse;onbekend;onbekend;onbekend;148403.39650484576;198650.93755845632;4.345962999999999;51.09795797222223;ES9461;Boom - Noeveren / Krekelenberg;Boom;Boom;Antwerpen;ObsIdentify;J;Goedgekeurd op basis van bewijsmateriaal;1980-01-01;3;;999;Zoogdieren;Vespertilionidae;2026-07-08;387;S;algemeen
313986723;313986723;Gewone Dwergvleermuis;Pipistrellus pipistrellus;2024-06-10;6;2024-06-10;1;ter plaatse;onbekend;onbekend;onbekend;195059.6977446164;183113.7319537392;5.010077993673849;50.95654296875;FS4146;Assent - Luienberg;Bekkevoort;Assent;Vlaams-Brabant;ObsIdentify;J;Goedgekeurd op basis van bewijsmateriaal;1980-01-01;3;;5;Zoogdieren;Vespertilionidae;2026-07-08;387;S;algemeen
385204704;385204704;Gewone Dwergvleermuis;Pipistrellus pipistrellus;2026-02-01;2;2026-02-01;1;winterslaap;onbekend;onbekend;onbekend;156575.47831045595;194538.438089923;4.46255;51.0609555;FS0257;Walem - Fort;Mechelen;Walem;Antwerpen;ObsIdentify;J;Goedgekeurd op basis van bewijsmateriaal;1980-01-01;3;;388;Zoogdieren;Vespertilionidae;2026-07-08;387;S;algemeen
334800697;334800697;Gewone Dwergvleermuis;Pipistrellus pipistrellus;2024-09-15;9;2024-12-06;1;ter plaatse;onbekend;onbekend;onbekend;234179.0996687309;189445.51121891104;5.568237667908489;51.00909423828125;FS8053;  ;As;As;Limburg;ObsIdentify;J;Goedgekeurd op basis van bewijsmateriaal;1980-01-01;3;;18;Zoogdieren;Vespertilionidae;2026-07-08;387;S;algemeen
363119594;363119594;Gewone Dwergvleermuis;Pipistrellus pipistrellus;2025-07-15;7;2025-07-15;1;ter plaatse;onbekend;onbekend;onbekend;160579.44679825104;214701.09428701736;4.520253333333334;51.24213;FS0677;Schoten - Zuid-Oost - Koningshof;Schoten;Schoten;Antwerpen;iObs;J;Goedgekeurd op basis van bewijsmateriaal;1980-01-01;3;;7;Zoogdieren;Vespertilionidae;2026-07-08;387;S;algemeen
352768787;352768787;Gewone Dwergvleermuis;Pipistrellus pipistrellus;2025-05-27;5;2025-05-27;1;ter plaatse;onbekend;onbekend;onbekend;174891.5124627759;213222.6694361456;4.7250954;51.2284004;FS2076;Pulderbos/Vorselaar - Lovenhoek en omgeving;Zandhoven;Pulderbos;Antwerpen;ObsIdentify;J;Goedgekeurd op basis van bewijsmateriaal;1980-01-01;4;;44;Zoogdieren;Vespertilionidae;2026-07-08;387;S;algemeen
387513912;387513912;Gewone Dwergvleermuis;Pipistrellus pipistrellus;2026-03-05;3;2026-03-05;1;ter plaatse;onbekend;onbekend;onbekend;239989.5306628873;190088.438513997;5.651173899722223;51.0139994;FS8554;Dilsen - Heuvelsven;Dilsen-Stokkem;Lanklaar;Limburg;ObsIdentify;J;Goedgekeurd op basis van bewijsmateriaal;1980-01-01;3;;999;Zoogdieren;Vespertilionidae;2026-07-08;387;S;algemeen
312992591;312992591;Gewone Dwergvleermuis;Pipistrellus pipistrellus;2024-06-04;6;2024-06-04;1;ter plaatse;onbekend;onbekend;onbekend;232186.42789132288;192795.50130221996;5.540602222222222;51.03948972222222;FS7857;  ;Opglabbeek;Opglabbeek;Limburg;ObsIdentify;J;Goedgekeurd op basis van bewijsmateriaal;1980-01-01;3;;999;Zoogdieren;Vespertilionidae;2026-07-08;387;S;algemeen
286085619;286085619;Gewone Dwergvleermuis;Pipistrellus pipistrellus;2023-08-29;8;2023-08-29;1;dood;onbekend;onbekend;onbekend;222776.65492155124;184395.33767608835;5.4047803;50.9652465;FS6848;Genk - Domein Bokrijk - Zuidoost;Genk;Genk;Limburg;ObsIdentify;J;Goedgekeurd op basis van bewijsmateriaal;1980-01-01;3;;84;Zoogdieren;Vespertilionidae;2026-07-08;387;S;algemeen
385224214;385224214;Gewone Dwergvleermuis;Pipistrellus pipistrellus;2026-02-01;2;2026-02-01;2;winterslaap;onbekend;onbekend;onbekend;156528.1317954323;194614.30497124695;4.461875999999961;51.061638;FS0257;Walem - Fort;Mechelen;Walem;Antwerpen;Site;J;Goedgekeurd op basis van bewijsmateriaal;1980-01-01;4;;15;Zoogdieren;Vespertilionidae;2026-07-08;387;S;algemeen
338069795;338069795;Gewone Dwergvleermuis;Pipistrellus pipistrellus;2025-02-02;2;2025-02-02;1;ter plaatse;onbekend;onbekend;onbekend;156548.1270787611;194553.94228627344;4.462160132825375;51.06109517796334;FS0257;Walem - Fort;Mechelen;Walem;Antwerpen;ObsMapp;J;Goedgekeurd op basis van expertoordeel;1980-01-01;4;;5;Zoogdieren;Vespertilionidae;2026-07-08;387;S;algemeen
338053108;338053108;Gewone Dwergvleermuis;Pipistrellus pipistrellus;2025-02-02;2;2025-02-02;4;ter plaatse;onbekend;onbekend;onbekend;156565.8578326531;194528.8114387514;4.462412595748901;51.060869076839815;FS0257;Walem - Fort;Mechelen;Walem;Antwerpen;Observation;J;Goedgekeurd op basis van bewijsmateriaal;1980-01-01;4;;15;Zoogdieren;Vespertilionidae;2026-07-08;387;S;algemeen
338069758;338069758;Gewone Dwergvleermuis;Pipistrellus pipistrellus;2025-02-02;2;2025-02-02;2;winterslaap;onbekend;onbekend;onbekend;156552.77562143575;194524.77882662692;4.462225914001465;51.06083297729492;FS0257;Walem - Fort;Mechelen;Walem;Antwerpen;ObsMapp;J;Goedgekeurd op basis van bewijsmateriaal;1980-01-01;4;;5;Zoogdieren;Vespertilionidae;2026-07-08;387;S;algemeen
338069760;338069760;Gewone Dwergvleermuis;Pipistrellus pipistrellus;2025-02-02;2;2025-02-02;1;winterslaap;onbekend;onbekend;onbekend;156566.77401027115;194566.2026625304;4.462426342070103;51.06120517270528;FS0257;Walem - Fort;Mechelen;Walem;Antwerpen;ObsMapp;J;Goedgekeurd op basis van expertoordeel;1980-01-01;4;;5;Zoogdieren;Vespertilionidae;2026-07-08;387;S;algemeen
338069749;338069749;Gewone Dwergvleermuis;Pipistrellus pipistrellus;2025-02-02;2;2025-02-02;1;winterslaap;onbekend;onbekend;onbekend;156552.77562143575;194524.77882662692;4.462225914001465;51.06083297729492;FS0257;Walem - Fort;Mechelen;Walem;Antwerpen;ObsMapp;J;Goedgekeurd op basis van expertoordeel;1980-01-01;4;;5;Zoogdieren;Vespertilionidae;2026-07-08;387;S;algemeen
338069773;338069773;Gewone Dwergvleermuis;Pipistrellus pipistrellus;2025-02-02;2;2025-02-02;1;ter plaatse;onbekend;onbekend;onbekend;156566.77401027115;194566.2026625304;4.462426342070103;51.06120517270528;FS0257;Walem - Fort;Mechelen;Walem;Antwerpen;ObsMapp;J;Goedgekeurd op basis van bewijsmateriaal;1980-01-01;4;;5;Zoogdieren;Vespertilionidae;2026-07-08;387;S;algemeen
338069780;338069780;Gewone Dwergvleermuis;Pipistrellus pipistrellus;2025-02-02;2;2025-02-02;1;ter plaatse;onbekend;onbekend;onbekend;156566.77401027115;194566.2026625304;4.462426342070103;51.06120517270528;FS0257;Walem - Fort;Mechelen;Walem;Antwerpen;ObsMapp;J;Goedgekeurd op basis van bewijsmateriaal;1980-01-01;4;;5;Zoogdieren;Vespertilionidae;2026-07-08;387;S;algemeen
338069784;338069784;Gewone Dwergvleermuis;Pipistrellus pipistrellus;2025-02-02;2;2025-02-02;2;ter plaatse;onbekend;onbekend;onbekend;156557.59821437384;194554.84509118367;4.4622952491045;51.06110318525224;FS0257;Walem - Fort;Mechelen;Walem;Antwerpen;ObsMapp;J;Goedgekeurd op basis van bewijsmateriaal;1980-01-01;4;;5;Zoogdieren;Vespertilionidae;2026-07-08;387;S;algemeen
338069788;338069788;Gewone Dwergvleermuis;Pipistrellus pipistrellus;2025-02-02;2;2025-02-02;2;winterslaap;onbekend;onbekend;onbekend;156557.59821437384;194554.84509118367;4.4622952491045;51.06110318525224;FS0257;Walem - Fort;Mechelen;Walem;Antwerpen;ObsMapp;J;Goedgekeurd op basis van bewijsmateriaal;1980-01-01;4;;5;Zoogdieren;Vespertilionidae;2026-07-08;387;S;algemeen
338069755;338069755;Gewone Dwergvleermuis;Pipistrellus pipistrellus;2025-02-02;2;2025-02-02;1;winterslaap;onbekend;onbekend;onbekend;156552.77562143575;194524.77882662692;4.462225914001465;51.06083297729492;FS0257;Walem - Fort;Mechelen;Walem;Antwerpen;ObsMapp;J;Goedgekeurd op basis van expertoordeel;1980-01-01;4;;5;Zoogdieren;Vespertilionidae;2026-07-08;387;S;algemeen
330560380;330560380;Gewone Dwergvleermuis;Pipistrellus pipistrellus;2024-10-10;10;2024-10-11;1;foeragerend;batdetector;onbekend;onbekend;162851.20818878277;216127.26742500623;4.55283522605896;51.25490249828138;FS0879;'s Gravenwezel Centrum;Schilde;'s-Gravenwezel;Antwerpen;Site;J;Goedgekeurd op basis van bewijsmateriaal;1980-01-01;4;Jagend rond een lantaarnpaal_ op enkele meters hoogte;15;Zoogdieren;Vespertilionidae;2026-07-08;387;S;algemeen
331193767;331193767;Gewone Dwergvleermuis;Pipistrellus pipistrellus;2024-10-17;10;2024-10-18;1;sociaal gedrag;batdetector;onbekend;onbekend;163392.91610526398;216498.57716116868;4.560608267784119;51.258227546471765;FS0879;  ;Schilde;'s-Gravenwezel;Antwerpen;Site;J;Goedgekeurd op basis van bewijsmateriaal;1980-01-01;4;;7;Zoogdieren;Vespertilionidae;2026-07-08;387;S;algemeen
340864782;340864782;Gewone Dwergvleermuis;Pipistrellus pipistrellus;2025-03-10;3;2025-03-10;3;foeragerend;onbekend;onbekend;onbekend;161926.68431608306;215981.0934240371;4.5395877957344055;51.25360858609415;FS0779;  ;Schilde;'s-Gravenwezel;Antwerpen;Site;J;Goedgekeurd op basis van bewijsmateriaal;1980-01-01;4;;4;Zoogdieren;Vespertilionidae;2026-07-08;387;S;algemeen
339359239;339359239;Gewone Dwergvleermuis;Pipistrellus pipistrellus;2025-02-21;2;2025-02-21;1;foeragerend;batdetector;onbekend;onbekend;163419.17467466966;216481.46189664304;4.560983777046204;51.25807309805152;FS0879;  ;Schilde;'s-Gravenwezel;Antwerpen;Site;J;Goedgekeurd op basis van bewijsmateriaal;1980-01-01;4;;7;Zoogdieren;Vespertilionidae;2026-07-08;387;S;algemeen
368837990;368837990;Gewone Dwergvleermuis;Pipistrellus pipistrellus;2025-08-16;8;2025-08-16;1;ter plaatse;onbekend;onbekend;onbekend;171377.7938631622;226601.6862790836;4.675588083333333;51.34879302777778;FS1689;Sint-Lenaarts - Dorpskern;Brecht;Sint-Lenaarts;Antwerpen;ObsIdentify;J;Goedgekeurd op basis van bewijsmateriaal;1980-01-01;3;;999;Zoogdieren;Vespertilionidae;2026-07-08;387;S;algemeen
363514521;363514521;Gewone Dwergvleermuis;Pipistrellus pipistrellus;2025-07-18;7;2025-07-18;1;ter plaatse;onbekend;onbekend;onbekend;155714.2586468628;209889.05720978696;4.4505083333333335;51.19894666666666;FS0172;  ;Antwerpen;Borgerhout;Antwerpen;ObsIdentify;J;Goedgekeurd op basis van bewijsmateriaal;1980-01-01;3;;16;Zoogdieren;Vespertilionidae;2026-07-08;387;S;algemeen
326384641;326384641;Gewone Dwergvleermuis;Pipistrellus pipistrellus;2024-08-29;8;2024-08-31;1;ter plaatse;onbekend;onbekend;onbekend;227240.4279853521;219052.21597421545;5.475675;51.27615555555556;FS7283;  ;Hamont-Achel;Achel;Limburg;ObsIdentify;J;Goedgekeurd op basis van bewijsmateriaal;1980-01-01;3;;999;Zoogdieren;Vespertilionidae;2026-07-08;387;S;algemeen
279960599;279960599;Gewone Dwergvleermuis;Pipistrellus pipistrellus;2023-07-04;7;2023-07-10;1;ziek/gewond;onbekend;onbekend;onbekend;204360.90972558712;193554.22950841676;5.144003999999995;51.049591;FS5057;  ;Beringen;Paal;Limburg;ObsIdentify;J;Goedgekeurd op basis van bewijsmateriaal;1980-01-01;3;;5;Zoogdieren;Vespertilionidae;2026-07-08;387;S;algemeen
279930582;279930582;Gewone Dwergvleermuis;Pipistrellus pipistrellus;2023-05-11;5;2023-07-10;1;ter plaatse;onbekend;onbekend;onbekend;165665.457133357;230950.43713353388;4.593791;51.388063;FS1094;  ;Wuustwezel;Wuustwezel;Antwerpen;ObsIdentify;J;Goedgekeurd op basis van expertoordeel;1980-01-01;3;;999;Zoogdieren;Vespertilionidae;2026-07-08;387;S;algemeen
334668969;334668969;Gewone Dwergvleermuis;Pipistrellus pipistrellus;2024-12-02;12;2024-12-02;1;dood;onbekend;onbekend;onbekend;152202.55044999107;198898.3150306791;4.4001999;51.1001793;ES9861;Reet - Dorp + rest;Rumst;Reet;Antwerpen;ObsIdentify;J;Goedgekeurd op basis van bewijsmateriaal;1980-01-01;3;;11;Zoogdieren;Vespertilionidae;2026-07-08;387;S;algemeen
279803213;279803213;Gewone Dwergvleermuis;Pipistrellus pipistrellus;2023-07-09;7;2023-07-09;1;ter plaatse;onbekend;onbekend;onbekend;203028.3543163835;179348.90060903504;5.122942111277814;50.92202758789063;FS4943;  ;Halen;Halen;Limburg;ObsIdentify;J;Goedgekeurd op basis van bewijsmateriaal;1980-01-01;3;;5;Zoogdieren;Vespertilionidae;2026-07-08;387;S;algemeen
403114813;403114813;Gewone Dwergvleermuis;Pipistrellus pipistrellus;2026-06-05;6;2026-06-05;1;ter plaatse;onbekend;onbekend;onbekend;152024.8017051824;211338.9480295712;4.397733222938284;51.21200395241304;ES9774;Antwerpen Stad - Zuid;Antwerpen;Antwerpen;Antwerpen;ObsIdentify;J;Goedgekeurd op basis van bewijsmateriaal;1980-01-01;3;;95;Zoogdieren;Vespertilionidae;2026-07-08;387;S;algemeen
280263750;280263750;Gewone Dwergvleermuis;Pipistrellus pipistrellus;2023-07-13;7;2023-07-13;1;ter plaatse;onbekend;onbekend;onbekend;163094.8448659354;202706.05608101372;4.555838888888888;51.13426111111111;FS0865;Lier - Centrum;Lier;Lier;Antwerpen;ObsIdentify;J;Goedgekeurd op basis van expertoordeel;1980-01-01;3;;999;Zoogdieren;Vespertilionidae;2026-07-08;387;S;algemeen
280263773;280263773;Gewone Dwergvleermuis;Pipistrellus pipistrellus;2023-07-13;7;2023-07-13;1;ter plaatse;onbekend;onbekend;onbekend;163094.65121746238;202705.74655981731;4.555836111111111;51.134258333333335;FS0865;Lier - Centrum;Lier;Lier;Antwerpen;ObsIdentify;J;Goedgekeurd op basis van expertoordeel;1980-01-01;3;;999;Zoogdieren;Vespertilionidae;2026-07-08;387;S;algemeen
283876339;283876339;Gewone Dwergvleermuis;Pipistrellus pipistrellus;2023-08-11;8;2023-08-11;1;ter plaatse;onbekend;onbekend;onbekend;168567.25159846517;217949.5734955566;4.634803533554077;51.27112555009074;FS1481;Zoersel  - Sint-Antonius - Centrum;Zoersel;Zoersel;Antwerpen;Site;J;Goedgekeurd op basis van bewijsmateriaal;1980-01-01;3;;5;Zoogdieren;Vespertilionidae;2026-07-08;387;S;algemeen
329098816;329098816;Gewone Dwergvleermuis;Pipistrellus pipistrellus;2024-09-25;9;2024-09-25;1;ter plaatse;onbekend;onbekend;onbekend;180028.08227167887;240499.36796342023;4.800903333333333;51.47331166666667;FT2503;  ;Hoogstraten;Meerle;Antwerpen;ObsIdentify;J;Goedgekeurd op basis van bewijsmateriaal;1980-01-01;3;;4;Zoogdieren;Vespertilionidae;2026-07-08;387;S;algemeen
269712413;269712413;Gewone Dwergvleermuis;Pipistrellus pipistrellus;2022-06-27;6;2023-04-30;1;ter plaatse;onbekend;onbekend;onbekend;149544.4829573887;197858.61035543864;4.362253633333333;51.09083782222223;ES9560;Boom - Centrum + rest;Boom;Boom;Antwerpen;ObsIdentify;J;Goedgekeurd op basis van expertoordeel;1980-01-01;3;;999;Zoogdieren;Vespertilionidae;2026-07-08;387;S;algemeen
393159248;393159248;Gewone Dwergvleermuis;Pipistrellus pipistrellus;2026-04-16;4;2026-04-18;1;ter plaatse;onbekend;onbekend;onbekend;171038.71381101597;215415.56751356277;4.670068455555556;51.24826436666667;FS1678;Zoersel - Heiblok;Zoersel;Halle;Antwerpen;ObsIdentify;J;Goedgekeurd op basis van bewijsmateriaal;1980-01-01;3;;999;Zoogdieren;Vespertilionidae;2026-07-08;387;S;algemeen
267434040;267434040;Gewone Dwergvleermuis;Pipistrellus pipistrellus;2023-04-10;4;2023-04-11;1;ter plaatse;onbekend;onbekend;onbekend;213555.9792096652;184818.78854818363;5.273605;50.97013666666667;FS5948;  ;Hasselt;Stokrooie;Limburg;ObsIdentify;J;Goedgekeurd op basis van bewijsmateriaal;1980-01-01;3;;24;Zoogdieren;Vespertilionidae;2026-07-08;387;S;algemeen
325849948;325849948;Gewone Dwergvleermuis;Pipistrellus pipistrellus;2024-08-26;8;2024-08-26;1;ter plaatse;onbekend;onbekend;onbekend;198332.9466880714;228853.66660880297;5.0627532;51.3673982;FS4392;  ;Arendonk;Arendonk;Antwerpen;ObsIdentify;J;Goedgekeurd op basis van bewijsmateriaal;1980-01-01;3;;17;Zoogdieren;Vespertilionidae;2026-07-08;387;S;algemeen
357382127;357382127;Gewone Dwergvleermuis;Pipistrellus pipistrellus;2025-06-18;6;2025-06-18;1;ter plaatse;onbekend;onbekend;onbekend;163850.8399138843;208200.8534064693;4.5668497;51.1836338;FS0971;Ranst - Centrum;Ranst;Ranst;Antwerpen;ObsIdentify;J;Goedgekeurd op basis van expertoordeel;1980-01-01;3;;23;Zoogdieren;Vespertilionidae;2026-07-08;387;S;algemeen
357382683;357382683;Gewone Dwergvleermuis;Pipistrellus pipistrellus;2025-06-18;6;2025-06-18;1;ter plaatse;onbekend;onbekend;onbekend;163865.50077788671;208206.6778526511;4.5670596;51.1836858;FS0971;Ranst - Centrum;Ranst;Ranst;Antwerpen;ObsIdentify;J;Goedgekeurd op basis van expertoordeel;1980-01-01;3;;22;Zoogdieren;Vespertilionidae;2026-07-08;387;S;algemeen
375175506;375175506;Gewone Dwergvleermuis;Pipistrellus pipistrellus;2025-10-06;10;2025-10-06;1;ter plaatse;onbekend;onbekend;onbekend;184377.83025591093;202460.8347047642;4.8598743;51.1311815;FS3066;  ;Westerlo;Tongerlo;Antwerpen;ObsIdentify;J;Goedgekeurd op basis van bewijsmateriaal;1980-01-01;3;;73;Zoogdieren;Vespertilionidae;2026-07-08;387;S;algemeen
359900528;359900528;Gewone Dwergvleermuis;Pipistrellus pipistrellus;2025-06-30;6;2025-06-30;1;vangst door kat;vangst;onbekend;onbekend;193248.8052642125;210942.58232137;4.98760986328125;51.20682144165039;FS3874;  ;Geel;Geel;Antwerpen;ObsMapp;J;Goedgekeurd op basis van bewijsmateriaal;1980-01-01;3;spijtig net te laat kunnen afnemen;3;Zoogdieren;Vespertilionidae;2026-07-08;387;S;algemeen
217059555;217059555;Gewone Dwergvleermuis;Pipistrellus pipistrellus;2021-06-14;6;2021-06-14;1;ter plaatse;onbekend;adult;onbekend;186367.7269435516;221826.7709019901;4.8902464;51.305124;FS3185;Vosselaar - Centrum;Vosselaar;Vosselaar;Antwerpen;Site;J;Goedgekeurd op basis van bewijsmateriaal;1980-01-01;3;;7;Zoogdieren;Vespertilionidae;2026-07-08;387;S;algemeen
331069159;331069159;Gewone Dwergvleermuis;Pipistrellus pipistrellus;2024-10-16;10;2024-10-16;1;ter plaatse;onbekend;onbekend;onbekend;179234.5057565539;217774.47965825628;4.7876351;51.2691087;FS2481;Wechelderzande - Centrum;Lille;Wechelderzande;Antwerpen;ObsIdentify;J;Goedgekeurd op basis van bewijsmateriaal;1980-01-01;3;;18;Zoogdieren;Vespertilionidae;2026-07-08;387;S;algemeen
270722444;270722444;Gewone Dwergvleermuis;Pipistrellus pipistrellus;2023-05-07;5;2023-05-07;1;ter plaatse;onbekend;onbekend;onbekend;215267.50655510405;186458.1632252615;5.298262;50.98468197222223;FS6150;  ;Heusden-Zolder;Zolder;Limburg;ObsIdentify;J;Goedgekeurd op basis van expertoordeel;1980-01-01;3;;999;Zoogdieren;Vespertilionidae;2026-07-08;387;S;algemeen
326303008;326303008;Gewone Dwergvleermuis;Pipistrellus pipistrellus;2024-08-30;8;2024-08-30;1;ter plaatse;onbekend;onbekend;onbekend;191110.4158589663;185759.75501411688;4.954168461267794;50.98062133789063;FS3749;  ;Scherpenheuvel-Zichem;Zichem;Vlaams-Brabant;ObsIdentify;J;Goedgekeurd op basis van expertoordeel;1980-01-01;3;;4;Zoogdieren;Vespertilionidae;2026-07-08;387;S;algemeen
376045956;376045956;Gewone Dwergvleermuis;Pipistrellus pipistrellus;2025-10-12;10;2025-10-12;1;ter plaatse;onbekend;onbekend;onbekend;180144.32002665225;190415.1652364908;4.7983989722222224;51.02314297222223;FS2653;  ;Begijnendijk;Begijnendijk;Vlaams-Brabant;ObsIdentify;J;Goedgekeurd op basis van bewijsmateriaal;1980-01-01;4;;999;Zoogdieren;Vespertilionidae;2026-07-08;387;S;algemeen
369992414;369992414;Gewone Dwergvleermuis;Pipistrellus pipistrellus;2025-08-23;8;2025-08-23;1;ter plaatse;onbekend;onbekend;onbekend;217466.61117519712;180864.90012919065;5.328546816667594;50.93415533408825;FS6345;Hasselt - stadscentrum;Hasselt;Hasselt;Limburg;ObsIdentify;J;Goedgekeurd op basis van bewijsmateriaal;1980-01-01;3;;8;Zoogdieren;Vespertilionidae;2026-07-08;387;S;algemeen
373471327;373471327;Gewone Dwergvleermuis;Pipistrellus pipistrellus;2025-09-20;9;2025-09-20;1;slachtoffer verkeer;gezien;onbekend;onbekend;195163.5211065673;207616.20524916984;5.014592;51.17677669972222;FS4071;  ;Geel;Geel;Antwerpen;ObsIdentify;J;Goedgekeurd op basis van bewijsmateriaal;1980-01-01;3;Lag dood naast sluipweg bij grachtkant;999;Zoogdieren;Vespertilionidae;2026-07-08;387;S;algemeen
253628727;253628727;Gewone Dwergvleermuis;Pipistrellus pipistrellus;2022-08-29;8;2022-08-29;1;dood;onbekend;onbekend;onbekend;154978.55552433626;219881.65215328708;4.440121666666666;51.28877;FS0082;Brasschaat - Sint-Mariaburg;Antwerpen;Ekeren;Antwerpen;ObsIdentify;J;Goedgekeurd op basis van bewijsmateriaal;1980-01-01;4;;35;Zoogdieren;Vespertilionidae;2026-07-08;387;S;algemeen
327106715;327106715;Gewone Dwergvleermuis;Pipistrellus pipistrellus;2024-09-05;9;2024-09-05;1;ter plaatse;gezien;onbekend;onbekend;157445.0899365537;212428.4586657388;4.475323000000003;51.221752;FS0375;  ;Antwerpen;Deurne;Antwerpen;ObsIdentify;J;Goedgekeurd op basis van expertoordeel;1980-01-01;4;Op muur.;10;Zoogdieren;Vespertilionidae;2026-07-08;387;S;algemeen
381384667;381384667;Gewone Dwergvleermuis;Pipistrellus pipistrellus;2025-10-07;10;2025-11-28;1;sociaal gedrag;batdetector;onbekend;Man;221931.34217993525;180035.19876752142;5.391892433035537;50.92616131105636;FS6844;Diepenbeek - Sluisbemden - UHasselt;Diepenbeek;Diepenbeek;Limburg;Site;J;Goedgekeurd op basis van bewijsmateriaal;1980-01-01;4;;4;Zoogdieren;Vespertilionidae;2026-07-08;387;S;algemeen
326413312;326413312;Gewone Dwergvleermuis;Pipistrellus pipistrellus;2024-08-31;8;2024-08-31;2;ter plaatse;gezien;adult;onbekend;157678.5358390263;211360.1635981258;4.478641666666666;51.21214666666667;FS0374;Deurne - Rivierenhof (Groendomein provincie Antwerpen - regio Antw.);Antwerpen;Deurne;Antwerpen;iObs;J;Goedgekeurd op basis van bewijsmateriaal;1980-01-01;4;;4;Zoogdieren;Vespertilionidae;2026-07-08;387;S;algemeen
283418541;283418541;Gewone Dwergvleermuis;Pipistrellus pipistrellus;2023-08-08;8;2023-08-08;1;ter plaatse;onbekend;onbekend;onbekend;229524.03994227533;200618.7426900165;5.5043537;51.1101754;FS7565;  ;Meeuwen-Gruitrode;Meeuwen;Limburg;ObsIdentify;J;Goedgekeurd op basis van bewijsmateriaal;1980-01-01;3;;12;Zoogdieren;Vespertilionidae;2026-07-08;387;S;algemeen
364862704;364862704;Gewone Dwergvleermuis;Pipistrellus pipistrellus;2025-07-25;7;2025-07-25;1;dood;onbekend;onbekend;onbekend;164064.51838298692;223014.3763196664;4.570483194444444;51.31677625;FS0986;Sint-Job-in-'t-Goor - Rommersheide;Brecht;Brecht;Antwerpen;ObsIdentify;J;Goedgekeurd op basis van bewijsmateriaal;1980-01-01;3;;999;Zoogdieren;Vespertilionidae;2026-07-08;387;S;algemeen
330933680;330933680;Gewone Dwergvleermuis;Pipistrellus pipistrellus;2024-09-16;9;2024-10-15;1;slachtoffer verkeer;onbekend;onbekend;onbekend;154944.24386110416;207798.5508615002;4.439463333333333;51.18016333333333;FS0070;  ;Antwerpen;Berchem;Antwerpen;ObsIdentify;J;Goedgekeurd op basis van bewijsmateriaal;1980-01-01;3;;22;Zoogdieren;Vespertilionidae;2026-07-08;387;S;algemeen
357466349;357466349;Gewone Dwergvleermuis;Pipistrellus pipistrellus;2025-06-16;6;2025-06-19;1;ter plaatse;onbekend;onbekend;onbekend;155666.4130037121;202453.5059552444;4.4497068888888895;51.13211214166667;FS0165;  ;Kontich;Kontich;Antwerpen;ObsIdentify;J;Goedgekeurd op basis van bewijsmateriaal;1980-01-01;3;;999;Zoogdieren;Vespertilionidae;2026-07-08;387;S;algemeen
310065292;310065292;Gewone Dwergvleermuis;Pipistrellus pipistrellus;2023-12-23;12;2024-05-18;1;ter plaatse;gezien;onbekend;onbekend;236109.94466696365;204299.3862213092;5.599254816770554;51.14231172544422;FS8168;  ;Bree;Bree;Limburg;ObsMapp;J;Goedgekeurd op basis van bewijsmateriaal;1980-01-01;3;;5;Zoogdieren;Vespertilionidae;2026-07-08;387;S;algemeen
387304300;387304300;Gewone Dwergvleermuis;Pipistrellus pipistrellus;2026-03-03;3;2026-03-03;1;dood;onbekend;onbekend;onbekend;159261.67187532212;194739.55744628143;4.500871890652766;51.06272639224559;FS0557;  ;Sint-Katelijne-Waver;Sint-Katelijne-Waver;Antwerpen;ObsIdentify;J;Goedgekeurd op basis van bewijsmateriaal;1980-01-01;3;;3;Zoogdieren;Vespertilionidae;2026-07-08;387;S;algemeen
319643208;319643208;Gewone Dwergvleermuis;Pipistrellus pipistrellus;2024-07-18;7;2024-07-18;1;slachtoffer verkeer;onbekend;onbekend;onbekend;154955.83096429086;192583.93351168183;4.43942;51.04340283333333;FS0055;  ;Mechelen;Mechelen;Antwerpen;ObsIdentify;J;Goedgekeurd op basis van bewijsmateriaal;1980-01-01;3;;5;Zoogdieren;Vespertilionidae;2026-07-08;387;S;algemeen
396134057;396134057;Gewone Dwergvleermuis;Pipistrellus pipistrellus;2026-05-03;5;2026-05-03;1;ter plaatse;onbekend;onbekend;onbekend;202104.0746345732;209961.33761828396;5.114172166666667;51.19727;FS4773;  ;Mol;Mol;Antwerpen;ObsIdentify;J;Goedgekeurd op basis van bewijsmateriaal;1980-01-01;3;;12;Zoogdieren;Vespertilionidae;2026-07-08;387;S;algemeen
280309993;280309993;Gewone Dwergvleermuis;Pipistrellus pipistrellus;2022-08-20;8;2023-07-13;1;ter plaatse;onbekend;onbekend;onbekend;150647.32851950335;209170.1746319253;4.378016666666666;51.19251333333333;ES9672;  ;Antwerpen;Antwerpen;Antwerpen;ObsIdentify;J;Goedgekeurd op basis van bewijsmateriaal;1980-01-01;3;;20;Zoogdieren;Vespertilionidae;2026-07-08;387;S;algemeen
324949060;324949060;Gewone Dwergvleermuis;Pipistrellus pipistrellus;2024-08-19;8;2024-08-19;1;ter plaatse;onbekend;onbekend;onbekend;176592.21903776145;205417.8031871803;4.7488687;51.1581714;FS2268;Bouwel - Verkaveling 'De Kroon';Grobbendonk;Bouwel;Antwerpen;ObsIdentify;J;Goedgekeurd op basis van bewijsmateriaal;1980-01-01;3;;999;Zoogdieren;Vespertilionidae;2026-07-08;387;S;algemeen
370521369;370521369;Gewone Dwergvleermuis;Pipistrellus pipistrellus;2025-08-26;8;2025-08-26;1;ter plaatse;onbekend;onbekend;onbekend;196493.67946819667;196120.8073146045;5.032142070195366;51.07334638503715;FS4259;Tessenderlo - Schoterbroek;Tessenderlo;Tessenderlo;Limburg;ObsIdentify;J;Goedgekeurd op basis van bewijsmateriaal;1980-01-01;3;;31;Zoogdieren;Vespertilionidae;2026-07-08;387;S;algemeen
253152965;253152965;Gewone Dwergvleermuis;Pipistrellus pipistrellus;2022-08-24;8;2022-08-24;1;ter plaatse;onbekend;onbekend;onbekend;152692.2357343283;211910.23263745755;4.407288888888889;51.21713611111111;ES9874;  ;Antwerpen;Antwerpen;Antwerpen;ObsIdentify;J;Goedgekeurd op basis van bewijsmateriaal;1980-01-01;3;;999;Zoogdieren;Vespertilionidae;2026-07-08;387;S;algemeen
319191354;319191354;Gewone Dwergvleermuis;Pipistrellus pipistrellus;2024-07-16;7;2024-07-16;1;ter plaatse;onbekend;onbekend;onbekend;153021.1352018126;221398.44989670627;4.4120766;51.3024169;ES9884;Ekeren - Leugenberg - Leugenberg;Antwerpen;Ekeren;Antwerpen;ObsIdentify;J;Goedgekeurd op basis van bewijsmateriaal;1980-01-01;3;;13;Zoogdieren;Vespertilionidae;2026-07-08;387;S;algemeen
358198010;358198010;Gewone Dwergvleermuis;Pipistrellus pipistrellus;2025-06-22;6;2025-06-22;1;dood;onbekend;onbekend;onbekend;156116.83807163226;194585.9673893424;4.4560086;51.0613878;FS0257;  ;Mechelen;Mechelen;Antwerpen;ObsIdentify;J;Goedgekeurd op basis van bewijsmateriaal;1980-01-01;3;;9;Zoogdieren;Vespertilionidae;2026-07-08;387;S;algemeen
392630202;392630202;Gewone Dwergvleermuis;Pipistrellus pipistrellus;2026-04-16;4;2026-04-16;1;dood;onbekend;onbekend;onbekend;171037.65173841827;215406.21020818315;4.6700527;51.2481803;FS1678;Zoersel - Heiblok;Zoersel;Halle;Antwerpen;ObsIdentify;J;Goedgekeurd op basis van bewijsmateriaal;1980-01-01;3;;999;Zoogdieren;Vespertilionidae;2026-07-08;387;S;algemeen
294810728;294810728;Gewone Dwergvleermuis;Pipistrellus pipistrellus;2023-12-18;12;2023-12-18;1;ter plaatse;onbekend;onbekend;onbekend;157501.60876367136;214382.51541631485;4.4761727;51.239315;FS0377;Schoten - Albertkanaal;Schoten;Schoten;Antwerpen;ObsIdentify;J;Goedgekeurd op basis van bewijsmateriaal;1980-01-01;3;;17;Zoogdieren;Vespertilionidae;2026-07-08;387;S;algemeen
287691098;287691098;Gewone Dwergvleermuis;Pipistrellus pipistrellus;2023-09-12;9;2023-09-12;1;ter plaatse;onbekend;onbekend;onbekend;186720.0680644905;214804.85098531932;4.8945846;51.2419888;FS3278;  ;Kasterlee;Tielen;Antwerpen;ObsIdentify;J;Goedgekeurd op basis van bewijsmateriaal;1980-01-01;3;;9;Zoogdieren;Vespertilionidae;2026-07-08;387;S;algemeen
287691081;287691081;Gewone Dwergvleermuis;Pipistrellus pipistrellus;2023-09-12;9;2023-09-12;1;ter plaatse;onbekend;onbekend;onbekend;186717.35421400747;214806.43386292455;4.8945459;51.2420032;FS3278;  ;Kasterlee;Tielen;Antwerpen;ObsIdentify;J;Goedgekeurd op basis van bewijsmateriaal;1980-01-01;3;;10;Zoogdieren;Vespertilionidae;2026-07-08;387;S;algemeen
287691087;287691087;Gewone Dwergvleermuis;Pipistrellus pipistrellus;2023-09-12;9;2023-09-12;1;ter plaatse;onbekend;onbekend;onbekend;186720.55641388323;214804.9212032128;4.8945916;51.2419894;FS3278;  ;Kasterlee;Tielen;Antwerpen;ObsIdentify;J;Goedgekeurd op basis van bewijsmateriaal;1980-01-01;3;;7;Zoogdieren;Vespertilionidae;2026-07-08;387;S;algemeen
250930673;250930673;Gewone Dwergvleermuis;Pipistrellus pipistrellus;2022-07-31;7;2022-07-31;1;ter plaatse;onbekend;onbekend;onbekend;177663.60694715986;231920.26648693343;4.7662142;51.3963265;FS2295;  ;Hoogstraten;Hoogstraten;Antwerpen;ObsIdentify;J;Goedgekeurd op basis van bewijsmateriaal;1980-01-01;3;;7;Zoogdieren;Vespertilionidae;2026-07-08;387;S;algemeen
311214866;311214866;Gewone Dwergvleermuis;Pipistrellus pipistrellus;2024-05-23;5;2024-05-24;1;ter plaatse;onbekend;onbekend;onbekend;215912.0918034384;182935.0463990793;5.306806599722222;50.9529416;FS6247;  ;Hasselt;Kuringen;Limburg;ObsIdentify;J;Goedgekeurd op basis van bewijsmateriaal;1980-01-01;3;;999;Zoogdieren;Vespertilionidae;2026-07-08;387;S;algemeen
364156889;364156889;Gewone Dwergvleermuis;Pipistrellus pipistrellus;2025-07-20;7;2025-07-20;5;in kolonie op gebouw;onbekend;adult;onbekend;205181.77247197813;205092.08937558063;5.157458782196045;51.15321884578814;FS5069;Balen - Scheps;Balen;Balen;Antwerpen;Site;J;Goedgekeurd op basis van bewijsmateriaal;1980-01-01;3;In tuinhuis.;4;Zoogdieren;Vespertilionidae;2026-07-08;387;S;algemeen
316203969;316203969;Gewone Dwergvleermuis;Pipistrellus pipistrellus;2024-06-26;6;2024-06-26;1;ter plaatse;onbekend;onbekend;onbekend;164629.34818357127;188714.1809689235;4.577198876541402;51.00845336914063;FS1051;Rijmenam - Cassenbroek - Elst;Bonheiden;Rijmenam;Antwerpen;ObsIdentify;J;Goedgekeurd op basis van bewijsmateriaal;1980-01-01;3;;9;Zoogdieren;Vespertilionidae;2026-07-08;387;S;algemeen
359412002;359412002;Gewone Dwergvleermuis;Pipistrellus pipistrellus;2025-06-28;6;2025-06-28;1;ter plaatse;onbekend;onbekend;onbekend;173044.24434345387;188012.61568972652;4.697052;51.0018729;FS1951;Keerbergen - Kruisheide;Keerbergen;Keerbergen;Vlaams-Brabant;ObsIdentify;J;Goedgekeurd op basis van bewijsmateriaal;1980-01-01;3;;28;Zoogdieren;Vespertilionidae;2026-07-08;387;S;algemeen
305865603;305865603;Gewone Dwergvleermuis;Pipistrellus pipistrellus;2024-04-22;4;2024-04-22;1;slachtoffer verkeer;onbekend;onbekend;onbekend;225444.35054135436;182604.6739115091;5.4423828125;50.94881057739258;FS7146;Genk - De Maten - De Maten-Centraal (Ontoegankelijk);Genk;Genk;Limburg;ObsMapp;J;Goedgekeurd op basis van bewijsmateriaal;1980-01-01;3;;3;Zoogdieren;Vespertilionidae;2026-07-08;387;S;algemeen
272605709;272605709;Gewone Dwergvleermuis;Pipistrellus pipistrellus;2023-05-20;5;2023-05-20;1;ter plaatse;onbekend;onbekend;onbekend;156299.92684237554;190442.3964188341;4.458548254461904;51.02413940429688;FS0253;  ;Mechelen;Mechelen;Antwerpen;ObsIdentify;J;Goedgekeurd op basis van bewijsmateriaal;1980-01-01;3;;12;Zoogdieren;Vespertilionidae;2026-07-08;387;S;algemeen
383590392;383590392;Gewone Dwergvleermuis;Pipistrellus pipistrellus;2025-12-29;12;2026-01-05;1;winterslaap;onbekend;onbekend;onbekend;182112.77031118804;233149.07419073395;4.830245494842529;51.40713882446289;FS2796;Wortel-Kolonie - Zone Noordoost;Hoogstraten;Wortel;Antwerpen;ObsMapp;J;Goedgekeurd op basis van kennisregels - nabijheid;1980-01-01;3;in vleermuiskast;3;Zoogdieren;Vespertilionidae;2026-07-08;387;S;algemeen
190990063;190990063;Gewone Dwergvleermuis;Pipistrellus pipistrellus;2020-05-09;5;2020-05-10;1;dood;gezien;onbekend;onbekend;140712.56391440766;224078.23818771917;4.2355235;51.326437;ES8686;Doel - Doelpolder Noord (Doelpolderweiden DOWE);Beveren;Doel;Oost-Vlaanderen;Site;J;Goedgekeurd op basis van bewijsmateriaal;1980-01-01;3;;5;Zoogdieren;Vespertilionidae;2026-07-08;387;S;algemeen
388254561;388254561;Gewone Dwergvleermuis;Pipistrellus pipistrellus;2026-03-12;3;2026-03-12;3;ter plaatse;onbekend;onbekend;onbekend;181335.56927606103;233375.6170583591;4.819096565246582;51.409217834472656;FS2696;Wortel-Kolonie - Zone Noordwest;Hoogstraten;Wortel;Antwerpen;ObsMapp;J;Goedgekeurd op basis van kennisregels - nabijheid;1980-01-01;3;in kast;9;Zoogdieren;Vespertilionidae;2026-07-08;387;S;algemeen
388254540;388254540;Gewone Dwergvleermuis;Pipistrellus pipistrellus;2026-03-12;3;2026-03-12;1;ter plaatse;onbekend;onbekend;onbekend;182154.8606205333;233151.88301515116;4.830850601196289;51.40716171264648;FS2796;Wortel-Kolonie - Zone Noordoost;Hoogstraten;Wortel;Antwerpen;ObsMapp;J;Goedgekeurd op basis van kennisregels - nabijheid;1980-01-01;3;in kast;8;Zoogdieren;Vespertilionidae;2026-07-08;387;S;algemeen
388254544;388254544;Gewone Dwergvleermuis;Pipistrellus pipistrellus;2026-03-12;3;2026-03-12;1;ter plaatse;onbekend;onbekend;onbekend;182207.43936988173;233106.37099918816;4.831602096557617;51.4067497253418;FS2796;Wortel-Kolonie - Zone Noordoost;Hoogstraten;Wortel;Antwerpen;ObsMapp;J;Goedgekeurd op basis van kennisregels - nabijheid;1980-01-01;3;in kast;10;Zoogdieren;Vespertilionidae;2026-07-08;387;S;algemeen
388254542;388254542;Gewone Dwergvleermuis;Pipistrellus pipistrellus;2026-03-12;3;2026-03-12;1;ter plaatse;onbekend;onbekend;onbekend;182186.9180306184;233130.01181052343;4.8313093185424805;51.40696334838867;FS2796;Wortel-Kolonie - Zone Noordoost;Hoogstraten;Wortel;Antwerpen;ObsMapp;J;Goedgekeurd op basis van kennisregels - nabijheid;1980-01-01;3;in kast;5;Zoogdieren;Vespertilionidae;2026-07-08;387;S;algemeen
388254569;388254569;Gewone Dwergvleermuis;Pipistrellus pipistrellus;2026-03-12;3;2026-03-12;1;ter plaatse;onbekend;onbekend;onbekend;181506.85035837733;233211.97594174184;4.8215436935424805;51.4077377319336;FS2696;Wortel-Kolonie - Zone Noordwest;Hoogstraten;Wortel;Antwerpen;ObsMapp;J;Goedgekeurd op basis van kennisregels - nabijheid;1980-01-01;3;in kast;7;Zoogdieren;Vespertilionidae;2026-07-08;387;S;algemeen
283805759;283805759;Gewone Dwergvleermuis;Pipistrellus pipistrellus;2023-08-11;8;2023-08-11;1;dood;onbekend;onbekend;onbekend;222221.29301443035;181400.4094943013;5.396285;50.9383964;FS6845;  ;Hasselt;Hasselt;Limburg;ObsIdentify;J;Goedgekeurd op basis van bewijsmateriaal;1980-01-01;3;;10;Zoogdieren;Vespertilionidae;2026-07-08;387;S;algemeen
266301289;266301289;Gewone Dwergvleermuis;Pipistrellus pipistrellus;2023-03-19;3;2023-03-30;1;dood;gezien;onbekend;onbekend;165834.23164273635;200844.21490602475;4.594894357789485;51.11745688355717;FS1164;Lier - Fort;Lier;Lier;Antwerpen;Site;J;Goedgekeurd op basis van bewijsmateriaal;1980-01-01;3;gevonden in de struiken;15;Zoogdieren;Vespertilionidae;2026-07-08;387;S;algemeen
315072767;315072767;Gewone Dwergvleermuis;Pipistrellus pipistrellus;2024-06-19;6;2024-06-19;1;ter plaatse;onbekend;onbekend;onbekend;191462.2255808565;205652.3443211969;4.9614416666666665;51.15940277777778;FS3769;KU Leuven - Geel Campus Thomas More;Geel;Geel;Antwerpen;ObsIdentify;J;Goedgekeurd op basis van bewijsmateriaal;1980-01-01;4;;999;Zoogdieren;Vespertilionidae;2026-07-08;387;S;algemeen
308470671;308470671;Gewone Dwergvleermuis;Pipistrellus pipistrellus;2024-05-08;5;2024-05-09;5;foeragerend;batdetector;adult;onbekend;181739.65724584705;213719.5568147041;4.823172390460968;51.23252992410944;FS2777;  ;Lille;Lille;Antwerpen;ObsMapp;J;Goedgekeurd op basis van expertoordeel;1980-01-01;3;;5;Zoogdieren;Vespertilionidae;2026-07-08;387;S;algemeen
347034953;347034953;Gewone Dwergvleermuis;Pipistrellus pipistrellus;2025-04-28;4;2025-04-28;1;dood;onbekend;onbekend;onbekend;156704.64363703513;192594.1692817761;4.4643565;51.0434771;FS0255;  ;Mechelen;Mechelen;Antwerpen;ObsIdentify;J;Goedgekeurd op basis van bewijsmateriaal;1980-01-01;3;;13;Zoogdieren;Vespertilionidae;2026-07-08;387;S;algemeen
250681059;250681059;Gewone Dwergvleermuis;Pipistrellus pipistrellus;2022-07-29;7;2022-07-29;1;ter plaatse;onbekend;onbekend;onbekend;157772.65929778764;190934.18823031336;4.479549816781385;51.02854212666196;FS0354;  ;Mechelen;Mechelen;Antwerpen;ObsIdentify;J;Goedgekeurd op basis van bewijsmateriaal;1980-01-01;3;;35;Zoogdieren;Vespertilionidae;2026-07-08;387;S;algemeen
321289687;321289687;Gewone Dwergvleermuis;Pipistrellus pipistrellus;2024-07-15;7;2024-07-26;1;dood;binnenshuis;adult;onbekend;157906.45731545903;195981.69256259128;4.481567000000041;51.073912;FS0359;  ;Sint-Katelijne-Waver;Sint-Katelijne-Waver;Antwerpen;ObsIdentify;J;Goedgekeurd op basis van bewijsmateriaal;1980-01-01;3;Op zolder gevonden;999;Zoogdieren;Vespertilionidae;2026-07-08;387;S;algemeen
229323166;229323166;Gewone Dwergvleermuis;Pipistrellus pipistrellus;2021-09-06;9;2021-11-14;1;dood;gezien;adult;Vrouw;163300.6098529244;208896.546591728;4.559006;51.1899;FS0872;Ranst - Centrum;Ranst;Ranst;Antwerpen;Site;J;Goedgekeurd op basis van bewijsmateriaal;1980-01-01;4;;25;Zoogdieren;Vespertilionidae;2026-07-08;387;S;algemeen
368977336;368977336;Gewone Dwergvleermuis;Pipistrellus pipistrellus;2023-01-11;1;2025-08-17;1;ter plaatse;onbekend;onbekend;onbekend;213310.4012907428;194653.33619666751;5.2718131;51.0585603;FS5958;  ;Beringen;Koersel;Limburg;ObsIdentify;J;Goedgekeurd op basis van bewijsmateriaal;1980-01-01;3;;1;Zoogdieren;Vespertilionidae;2026-07-08;387;S;algemeen
280875502;280875502;Gewone Dwergvleermuis;Pipistrellus pipistrellus;2023-07-15;7;2023-07-17;1;dood;onbekend;onbekend;onbekend;158660.37519560917;222380.7564896671;4.492957592010498;51.31118830394646;FS0485;  ;Brasschaat;Brasschaat;Antwerpen;Site;J;Goedgekeurd op basis van bewijsmateriaal;1980-01-01;3;;30;Zoogdieren;Vespertilionidae;2026-07-08;387;S;algemeen
404188077;404188077;Gewone Dwergvleermuis;Pipistrellus pipistrellus;2026-06-10;6;2026-06-10;1;dood;onbekend;onbekend;onbekend;234480.20991332893;207513.3000035528;5.5767178;51.1714371;FS8072;  ;Bocholt;Bocholt;Limburg;ObsIdentify;J;Goedgekeurd op basis van bewijsmateriaal;1980-01-01;3;;9;Zoogdieren;Vespertilionidae;2026-07-08;387;S;algemeen
371957260;371957260;Gewone Dwergvleermuis;Pipistrellus pipistrellus;2025-09-07;9;2025-09-07;1;ter plaatse;onbekend;onbekend;onbekend;162137.3000945114;228701.3299531741;4.543033799722222;51.36793409972222;FS0791;  ;Wuustwezel;Wuustwezel;Antwerpen;ObsIdentify;J;Goedgekeurd op basis van bewijsmateriaal;1980-01-01;3;;999;Zoogdieren;Vespertilionidae;2026-07-08;387;S;algemeen
369455419;369455419;Gewone Dwergvleermuis;Pipistrellus pipistrellus;2025-08-20;8;2025-08-20;1;ter plaatse;onbekend;onbekend;onbekend;156303.98477248786;202819.09655405677;4.458821666666666;51.13539166666666;FS0265;  ;Kontich;Kontich;Antwerpen;ObsIdentify;J;Goedgekeurd op basis van bewijsmateriaal;1980-01-01;3;;999;Zoogdieren;Vespertilionidae;2026-07-08;387;S;algemeen
320017140;320017140;Gewone Dwergvleermuis;Pipistrellus pipistrellus;2024-07-20;7;2024-07-20;1;dood;onbekend;onbekend;onbekend;155148.4196251033;211122.25925113077;4.4424308;51.2100366;FS0074;  ;Antwerpen;Borgerhout;Antwerpen;ObsIdentify;J;Goedgekeurd op basis van bewijsmateriaal;1980-01-01;3;;5;Zoogdieren;Vespertilionidae;2026-07-08;387;S;algemeen
355648244;355648244;Gewone Dwergvleermuis;Pipistrellus pipistrellus;2025-06-10;6;2025-06-10;1;ter plaatse;onbekend;onbekend;onbekend;187760.1296896265;220758.78507920355;4.9101;51.2954354;FS3384;  ;Turnhout;Turnhout;Antwerpen;ObsIdentify;J;Goedgekeurd op basis van expertoordeel;1980-01-01;3;;13;Zoogdieren;Vespertilionidae;2026-07-08;387;S;algemeen
237722335;237722335;Gewone Dwergvleermuis;Pipistrellus pipistrellus;2022-04-14;4;2022-04-14;1;ter plaatse;onbekend;onbekend;onbekend;172123.25045175274;179346.38202923257;4.683407;50.924007;FS1842;  ;Herent;Herent;Vlaams-Brabant;ObsIdentify;J;Goedgekeurd op basis van bewijsmateriaal;1980-01-01;3;;999;Zoogdieren;Vespertilionidae;2026-07-08;387;S;algemeen
224147742;224147742;Gewone Dwergvleermuis;Pipistrellus pipistrellus;2021-08-27;8;2021-08-28;1;zwermend (aan zomerverblijf);batdetector;onbekend;onbekend;172123.01713071077;179371.52222994156;4.6834052;50.924233;FS1842;  ;Herent;Herent;Vlaams-Brabant;Site;J;Goedgekeurd op basis van bewijsmateriaal;1980-01-01;3;;15;Zoogdieren;Vespertilionidae;2026-07-08;387;S;algemeen
327111405;327111405;Gewone Dwergvleermuis;Pipistrellus pipistrellus;2024-09-05;9;2024-09-05;1;ter plaatse;onbekend;onbekend;onbekend;145668.00047314435;227868.8753961148;4.306567913262202;51.36056518554688;ES9090;Zandvliet - Dorpskern;Antwerpen;Berendrecht-Zandvliet-Lillo;Antwerpen;ObsIdentify;J;Goedgekeurd op basis van bewijsmateriaal;1980-01-01;3;;12;Zoogdieren;Vespertilionidae;2026-07-08;387;S;algemeen
256264996;256264996;Gewone Dwergvleermuis;Pipistrellus pipistrellus;2022-10-06;10;2022-10-06;1;ter plaatse;onbekend;onbekend;onbekend;199686.6717073858;184447.0123718083;5.0761098;50.9681495;FS4548;  ;Diest;Webbekom;Vlaams-Brabant;ObsIdentify;J;Goedgekeurd op basis van bewijsmateriaal;1980-01-01;4;;5;Zoogdieren;Vespertilionidae;2026-07-08;387;S;algemeen
285271075;285271075;Gewone Dwergvleermuis;Pipistrellus pipistrellus;2023-08-18;8;2023-08-21;1;slachtoffer verkeer;gezien;adult;onbekend;212501.26260549307;204824.84649418667;5.262019336223602;51.150071101577296;FS5868;Balen - Kampagne;Hechtel-Eksel;Eksel;Limburg;Site;J;Goedgekeurd op basis van bewijsmateriaal;1980-01-01;4;Lag op het fietspad onderweg naar het werk;5;Zoogdieren;Vespertilionidae;2026-07-08;387;S;algemeen
376976509;376976509;Gewone Dwergvleermuis;Pipistrellus pipistrellus;2025-10-15;10;2025-10-19;1;ter plaatse;gezien;adult;onbekend;214425.80340627723;208127.33106216043;5.290108000000032;51.179542;FS6072;Lommel - Verloren Hoek;Lommel;Lommel;Limburg;Site;J;Goedgekeurd op basis van bewijsmateriaal;1980-01-01;4;;10;Zoogdieren;Vespertilionidae;2026-07-08;387;S;algemeen
252666261;252666261;Gewone Dwergvleermuis;Pipistrellus pipistrellus;2022-08-18;8;2022-08-18;1;ter plaatse;onbekend;onbekend;onbekend;192658.89959415444;191629.6040612962;4.9769033333333335;51.03327216666667;FS3855;Averbode Bos en Heide - Averbode;Scherpenheuvel-Zichem;Averbode;Vlaams-Brabant;ObsIdentify;J;Goedgekeurd op basis van bewijsmateriaal;1980-01-01;3;;1000;Zoogdieren;Vespertilionidae;2026-07-08;387;S;algemeen
392662565;392662565;Gewone Dwergvleermuis;Pipistrellus pipistrellus;2026-04-16;4;2026-04-16;1;ter plaatse;onbekend;onbekend;onbekend;232887.63583157337;195206.7356790276;5.551146387151675;51.061061480744655;FS7859;Meeuwen-Gruitrode - Turfven en Ruiterskuilen;Meeuwen-Gruitrode;Gruitrode;Limburg;Site;J;Goedgekeurd op basis van bewijsmateriaal;1980-01-01;3;Lag op een wandelpad_ leek dood maar was niet koud/stijf.;15;Zoogdieren;Vespertilionidae;2026-07-08;387;S;algemeen
221636764;221636764;Gewone Dwergvleermuis;Pipistrellus pipistrellus;2021-07-31;7;2021-08-01;1;ter plaatse;onbekend;onbekend;onbekend;183178.49632787768;209118.6690176241;4.84335;51.191095;FS2872;  ;Herentals;Herentals;Antwerpen;ObsIdentify;J;Goedgekeurd op basis van bewijsmateriaal;1980-01-01;3;;65;Zoogdieren;Vespertilionidae;2026-07-08;387;S;algemeen
315171475;315171475;Gewone Dwergvleermuis;Pipistrellus pipistrellus;2024-06-19;6;2024-06-19;1;ter plaatse;onbekend;onbekend;onbekend;190327.420720472;223603.9864332089;4.947222222222223;51.32083333333334;FS3587;Turnhout - Centrum;Turnhout;Turnhout;Antwerpen;ObsIdentify;J;Goedgekeurd op basis van bewijsmateriaal;1980-01-01;3;;999;Zoogdieren;Vespertilionidae;2026-07-08;387;S;algemeen
315171594;315171594;Gewone Dwergvleermuis;Pipistrellus pipistrellus;2024-06-19;6;2024-06-19;1;ter plaatse;onbekend;onbekend;onbekend;190327.420720472;223603.9864332089;4.947222222222223;51.32083333333334;FS3587;Turnhout - Centrum;Turnhout;Turnhout;Antwerpen;ObsIdentify;J;Goedgekeurd op basis van bewijsmateriaal;1980-01-01;3;;999;Zoogdieren;Vespertilionidae;2026-07-08;387;S;algemeen
228067187;228067187;Gewone Dwergvleermuis;Pipistrellus pipistrellus;2021-10-23;10;2021-10-23;1;ter plaatse;onbekend;onbekend;onbekend;162380.2718797319;188696.78043300845;4.545152708808065;51.008349529394806;FS0851;Bonheiden - Mispeldonk - Suyssels;Bonheiden;Bonheiden;Antwerpen;ObsIdentify;J;Goedgekeurd op basis van bewijsmateriaal;1980-01-01;3;;5;Zoogdieren;Vespertilionidae;2026-07-08;387;S;algemeen
362060604;362060604;Gewone Dwergvleermuis;Pipistrellus pipistrellus;2025-07-10;7;2025-07-10;1;ter plaatse;onbekend;onbekend;onbekend;215229.1063630804;177724.9531360278;5.2961607;50.9061874;FS6141;  ;Hasselt;Sint-Lambrechts-Herk;Limburg;ObsIdentify;J;Goedgekeurd op basis van bewijsmateriaal;1980-01-01;3;;3;Zoogdieren;Vespertilionidae;2026-07-08;387;S;algemeen
352319271;352319271;Gewone Dwergvleermuis;Pipistrellus pipistrellus;2025-05-24;5;2025-05-24;1;ter plaatse;onbekend;onbekend;onbekend;167781.083888971;215150.0895834444;4.623400893640565;51.24598807370027;FS1378;  ;Zoersel;Halle;Antwerpen;ObsIdentify;J;Goedgekeurd op basis van bewijsmateriaal;1980-01-01;3;;11;Zoogdieren;Vespertilionidae;2026-07-08;387;S;algemeen
250131930;250131930;Gewone Dwergvleermuis;Pipistrellus pipistrellus;2022-07-24;7;2022-07-24;1;dood;onbekend;onbekend;onbekend;219076.06825492627;183814.68638728745;5.3519966666666665;50.96048;FS6548;Hasselt - Weides Kiewit;Hasselt;Hasselt;Limburg;ObsIdentify;J;Goedgekeurd op basis van bewijsmateriaal;1980-01-01;3;;64;Zoogdieren;Vespertilionidae;2026-07-08;387;S;algemeen
241078273;241078273;Gewone Dwergvleermuis;Pipistrellus pipistrellus;2022-05-11;5;2022-05-11;1;ter plaatse;onbekend;onbekend;onbekend;225049.78908888117;184679.40584138408;5.437193772114214;50.96751004392701;FS7149;Genk - Boxbergheide;Genk;Genk;Limburg;ObsIdentify;J;Goedgekeurd op basis van bewijsmateriaal;1980-01-01;3;;16;Zoogdieren;Vespertilionidae;2026-07-08;387;S;algemeen
317093230;317093230;Gewone Dwergvleermuis;Pipistrellus pipistrellus;2024-07-01;7;2024-07-01;1;ter plaatse;onbekend;onbekend;onbekend;203494.5430732621;174620.25907845423;5.1288829;50.8794795;FS4938;  ;Geetbets;Grazen;Vlaams-Brabant;ObsIdentify;J;Goedgekeurd op basis van expertoordeel;1980-01-01;3;;13;Zoogdieren;Vespertilionidae;2026-07-08;387;S;algemeen
333794133;333794133;Gewone Dwergvleermuis;Pipistrellus pipistrellus;2024-11-14;11;2024-11-14;1;ter plaatse;onbekend;onbekend;onbekend;151481.8020516107;210590.02758098487;4.389959439889158;51.20527402591574;ES9773;Antwerpen Stad - Zuid;Antwerpen;Antwerpen;Antwerpen;ObsIdentify;J;Goedgekeurd op basis van bewijsmateriaal;1980-01-01;3;;23;Zoogdieren;Vespertilionidae;2026-07-08;387;S;algemeen
313021582;313021582;Gewone Dwergvleermuis;Pipistrellus pipistrellus;2024-06-04;6;2024-06-04;1;ter plaatse;onbekend;onbekend;onbekend;239936.98657444;190223.52683478687;5.6504585;51.01522169444444;FS8554;Dilsen - Heuvelsven;Dilsen-Stokkem;Lanklaar;Limburg;ObsIdentify;J;Goedgekeurd op basis van bewijsmateriaal;1980-01-01;3;;999;Zoogdieren;Vespertilionidae;2026-07-08;387;S;algemeen
221229644;221229644;Gewone Dwergvleermuis;Pipistrellus pipistrellus;2020-07-27;7;2021-07-27;1;ter plaatse;onbekend;onbekend;onbekend;207443.5983869496;211665.3250467656;5.190824999999999;51.21207833;FS5375;Mol - Rauw;Mol;Mol;Antwerpen;ObsIdentify;J;Goedgekeurd op basis van bewijsmateriaal;1980-01-01;3;;11;Zoogdieren;Vespertilionidae;2026-07-08;387;S;algemeen
369812576;369812576;Gewone Dwergvleermuis;Pipistrellus pipistrellus;2025-08-22;8;2025-08-22;1;ter plaatse;onbekend;onbekend;onbekend;192875.6881297231;191595.30793245416;4.979989719324226;51.03294787051786;FS3855;Averbode Bos en Heide - Averbode;Scherpenheuvel-Zichem;Averbode;Vlaams-Brabant;ObsIdentify;J;Goedgekeurd op basis van expertoordeel;1980-01-01;3;;40;Zoogdieren;Vespertilionidae;2026-07-08;387;S;algemeen
282618041;282618041;Gewone Dwergvleermuis;Pipistrellus pipistrellus;2023-08-01;8;2023-08-01;1;ter plaatse;onbekend;onbekend;onbekend;173403.77304415609;206528.00236963012;4.703365;51.1682886;FS1969;  ;Nijlen;Nijlen;Antwerpen;ObsIdentify;J;Goedgekeurd op basis van bewijsmateriaal;1980-01-01;3;;200;Zoogdieren;Vespertilionidae;2026-07-08;387;S;algemeen
288964034;288964034;Gewone Dwergvleermuis;Pipistrellus pipistrellus;2023-09-26;9;2023-09-26;1;ter plaatse;onbekend;onbekend;onbekend;156081.4227978232;229378.118637505;4.456091666666667;51.37411333333333;FS0192;  ;Kalmthout;Kalmthout;Antwerpen;ObsIdentify;J;Goedgekeurd op basis van bewijsmateriaal;1980-01-01;3;;5;Zoogdieren;Vespertilionidae;2026-07-08;387;S;algemeen
383757429;383757429;Gewone Dwergvleermuis;Pipistrellus pipistrellus;2026-01-09;1;2026-01-09;1;ter plaatse;onbekend;onbekend;onbekend;183603.08713707165;203469.29794735368;4.8489;51.14029166666666;FS2967;  ;Herentals;Noorderwijk;Antwerpen;ObsIdentify;J;Goedgekeurd op basis van bewijsmateriaal;1980-01-01;3;;999;Zoogdieren;Vespertilionidae;2026-07-08;387;S;algemeen
248308110;248308110;Gewone Dwergvleermuis;Pipistrellus pipistrellus;2022-07-08;7;2022-07-08;1;dood;onbekend;onbekend;onbekend;187331.80767447548;205480.46379155383;4.902383537464368;51.1581397756794;FS3369;  ;Olen;Olen;Antwerpen;ObsIdentify;J;Goedgekeurd op basis van bewijsmateriaal;1980-01-01;3;;5;Zoogdieren;Vespertilionidae;2026-07-08;387;S;algemeen
217318002;217318002;Gewone Dwergvleermuis;Pipistrellus pipistrellus;2021-06-17;6;2021-06-17;1;ter plaatse;onbekend;onbekend;onbekend;189903.97778294195;186907.80882340576;4.937114683490775;50.99102539709411;FS3550;  ;Scherpenheuvel-Zichem;Messelbroek;Vlaams-Brabant;ObsIdentify;J;Goedgekeurd op basis van bewijsmateriaal;1980-01-01;3;;999;Zoogdieren;Vespertilionidae;2026-07-08;387;S;algemeen
252675931;252675931;Gewone Dwergvleermuis;Pipistrellus pipistrellus;2022-08-18;8;2022-08-18;1;ter plaatse;onbekend;onbekend;onbekend;175576.06763786983;199266.33905378263;4.733910738888889;51.10292438333334;FS2162;Itegem - Grote Netevallei - Doodsbroek;Heist-op-den-Berg;Itegem;Antwerpen;ObsIdentify;J;Goedgekeurd op basis van bewijsmateriaal;1980-01-01;3;;999;Zoogdieren;Vespertilionidae;2026-07-08;387;S;algemeen
323385243;323385243;Gewone Dwergvleermuis;Pipistrellus pipistrellus;2024-08-09;8;2024-08-09;1;ter plaatse;onbekend;onbekend;onbekend;219000.94492736144;201667.30721119232;5.3543025;51.1209516;FS6465;Hechtel - Centrum;Hechtel-Eksel;Hechtel;Limburg;ObsIdentify;J;Goedgekeurd op basis van bewijsmateriaal;1980-01-01;3;;35;Zoogdieren;Vespertilionidae;2026-07-08;387;S;algemeen
405516925;405516925;Gewone Dwergvleermuis;Pipistrellus pipistrellus;2026-06-17;6;2026-06-17;1;ter plaatse;onbekend;onbekend;onbekend;219013.3742841856;201653.0307396604;5.3544773;51.1208218;FS6465;Hechtel - Centrum;Hechtel-Eksel;Hechtel;Limburg;ObsIdentify;J;Goedgekeurd op basis van bewijsmateriaal;1980-01-01;3;;17;Zoogdieren;Vespertilionidae;2026-07-08;387;S;algemeen
323385298;323385298;Gewone Dwergvleermuis;Pipistrellus pipistrellus;2024-08-09;8;2024-08-09;1;ter plaatse;onbekend;onbekend;onbekend;219013.2811328035;201669.5294019869;5.3544791;51.1209701;FS6465;Hechtel - Centrum;Hechtel-Eksel;Hechtel;Limburg;ObsIdentify;J;Goedgekeurd op basis van bewijsmateriaal;1980-01-01;3;;4;Zoogdieren;Vespertilionidae;2026-07-08;387;S;algemeen
242088960;242088960;Gewone Dwergvleermuis;Pipistrellus pipistrellus;2022-05-19;5;2022-05-19;1;ter plaatse;onbekend;onbekend;onbekend;155504.5804156173;238929.8947723098;4.4479555;51.4599671;FT0001;Essen - Centrum;Essen;Essen;Antwerpen;ObsIdentify;J;Goedgekeurd op basis van bewijsmateriaal;1980-01-01;3;;26;Zoogdieren;Vespertilionidae;2026-07-08;387;S;algemeen
326175720;326175720;Gewone Dwergvleermuis;Pipistrellus pipistrellus;2024-08-29;8;2024-08-29;1;ter plaatse;onbekend;onbekend;onbekend;174862.69687327024;240246.94121445064;4.7265506;51.4712904;FT1903;  ;Hoogstraten;Meer;Antwerpen;ObsIdentify;J;Goedgekeurd op basis van bewijsmateriaal;1980-01-01;4;;10;Zoogdieren;Vespertilionidae;2026-07-08;387;S;algemeen
255075850;255075850;Gewone Dwergvleermuis;Pipistrellus pipistrellus;2022-09-19;9;2022-09-19;1;ter plaatse;onbekend;onbekend;onbekend;182997.32372589;186947.8516555978;4.8387483;50.99182;FS2950;  ;Aarschot;Aarschot;Vlaams-Brabant;ObsIdentify;J;Goedgekeurd op basis van bewijsmateriaal;1980-01-01;3;;23;Zoogdieren;Vespertilionidae;2026-07-08;387;S;algemeen
304813560;304813560;Gewone Dwergvleermuis;Pipistrellus pipistrellus;2024-04-13;4;2024-04-13;1;ter plaatse;onbekend;onbekend;onbekend;154549.26981810815;235767.0832006242;4.4341709;51.4315497;ES9998;Essen - Wildert;Essen;Essen;Antwerpen;ObsIdentify;J;Goedgekeurd op basis van bewijsmateriaal;1980-01-01;3;;4;Zoogdieren;Vespertilionidae;2026-07-08;387;S;algemeen
252707013;252707013;Gewone Dwergvleermuis;Pipistrellus pipistrellus;2022-08-19;8;2022-08-19;1;dood;onbekend;onbekend;onbekend;222917.3720185288;213385.68991171848;5.412588333333333;51.225791666666666;FS6877;  ;Overpelt;Overpelt;Limburg;ObsIdentify;J;Goedgekeurd op basis van bewijsmateriaal;1980-01-01;3;;23;Zoogdieren;Vespertilionidae;2026-07-08;387;S;algemeen
341955166;341955166;Gewone Dwergvleermuis;Pipistrellus pipistrellus;2025-03-23;3;2025-03-23;1;dood;onbekend;onbekend;onbekend;195849.6876115841;175763.1908480227;5.020402091666667;50.89040726388889;FS4239;Kersbeek-Miskom - Wachtbekken Velpe;Kortenaken;Ransberg;Vlaams-Brabant;ObsIdentify;J;Goedgekeurd op basis van bewijsmateriaal;1980-01-01;3;;999;Zoogdieren;Vespertilionidae;2026-07-08;387;S;algemeen
242772934;242772934;Gewone Dwergvleermuis;Pipistrellus pipistrellus;2022-05-24;5;2022-05-24;1;ter plaatse;onbekend;onbekend;onbekend;153682.54998294107;235401.61481012497;4.4217052;51.4282713;ES9898;Essen - Hoek;Essen;Essen;Antwerpen;ObsIdentify;J;Goedgekeurd op basis van bewijsmateriaal;1980-01-01;3;;41;Zoogdieren;Vespertilionidae;2026-07-08;387;S;algemeen
245952338;245952338;Gewone Dwergvleermuis;Pipistrellus pipistrellus;2022-06-18;6;2022-06-18;1;ter plaatse;onbekend;onbekend;onbekend;209249.38329213456;192271.94727697968;5.213505274833483;51.0375855414619;FS5556;  ;Beringen;Beringen;Limburg;ObsIdentify;J;Goedgekeurd op basis van bewijsmateriaal;1980-01-01;3;;12;Zoogdieren;Vespertilionidae;2026-07-08;387;S;algemeen
388234071;388234071;Gewone Dwergvleermuis;Pipistrellus pipistrellus;2026-03-12;3;2026-03-12;1;ter plaatse;nestkast;adult;onbekend;182163.74629597852;233147.6939602103;4.830977916717529;51.40712356567383;FS2796;Wortel-Kolonie - Zone Noordoost;Hoogstraten;Wortel;Antwerpen;ObsMapp;J;Goedgekeurd op basis van bewijsmateriaal;1980-01-01;4;;3;Zoogdieren;Vespertilionidae;2026-07-08;387;S;algemeen
388234074;388234074;Gewone Dwergvleermuis;Pipistrellus pipistrellus;2026-03-12;3;2026-03-12;1;ter plaatse;nestkast;adult;onbekend;182171.7102431516;233135.5914030336;4.831091277301312;51.40701434754278;FS2796;Wortel-Kolonie - Zone Noordoost;Hoogstraten;Wortel;Antwerpen;ObsMapp;J;Goedgekeurd op basis van kennisregels - nabijheid;1980-01-01;4;;5;Zoogdieren;Vespertilionidae;2026-07-08;387;S;algemeen
388234122;388234122;Gewone Dwergvleermuis;Pipistrellus pipistrellus;2026-03-12;3;2026-03-12;1;ter plaatse;nestkast;adult;onbekend;181483.13379648025;233216.0755949756;4.821203231811523;51.40777587890625;FS2696;Wortel-Kolonie - Zone Noordwest;Hoogstraten;Wortel;Antwerpen;ObsMapp;J;Goedgekeurd op basis van kennisregels - nabijheid;1980-01-01;4;;5;Zoogdieren;Vespertilionidae;2026-07-08;387;S;algemeen
375408937;375408937;Gewone Dwergvleermuis;Pipistrellus pipistrellus;2025-10-07;10;2025-10-08;4;ter plaatse;gezien;onbekend;onbekend;222148.5674277409;182363.4897951316;5.395440000000008;50.947062;FS6846;  ;Hasselt;Hasselt;Limburg;Site;J;Goedgekeurd op basis van bewijsmateriaal;1980-01-01;3;In het ventilatiesysteem (C-systeem) van 2 ramen op het 2e verdiep van een half openwoning.;999;Zoogdieren;Vespertilionidae;2026-07-08;387;S;algemeen
341820610;341820610;Gewone Dwergvleermuis;Pipistrellus pipistrellus;2025-03-22;3;2025-03-22;1;ter plaatse;onbekend;onbekend;onbekend;155482.51613075956;238329.11270904916;4.4476288;51.4545678;FT0001;Essen - Centrum;Essen;Essen;Antwerpen;ObsIdentify;J;Goedgekeurd op basis van bewijsmateriaal;1980-01-01;3;;9;Zoogdieren;Vespertilionidae;2026-07-08;387;S;algemeen
217112210;217112210;Gewone Dwergvleermuis;Pipistrellus pipistrellus;2021-06-15;6;2021-06-15;1;ter plaatse;onbekend;onbekend;onbekend;170048.95853975593;214648.1534132138;4.655851;51.241402;FS1577;  ;Zoersel;Halle;Antwerpen;ObsIdentify;J;Goedgekeurd op basis van bewijsmateriaal;1980-01-01;3;;7;Zoogdieren;Vespertilionidae;2026-07-08;387;S;algemeen
239475413;239475413;Gewone Dwergvleermuis;Pipistrellus pipistrellus;2022-04-29;4;2022-04-29;1;ter plaatse;onbekend;onbekend;onbekend;177949.718353161;190922.67553007137;4.767159;51.0278151;FS2354;  ;Begijnendijk;Begijnendijk;Vlaams-Brabant;ObsIdentify;J;Goedgekeurd op basis van bewijsmateriaal;1980-01-01;3;;6;Zoogdieren;Vespertilionidae;2026-07-08;387;S;algemeen
356165262;356165262;Gewone Dwergvleermuis;Pipistrellus pipistrellus;2025-06-13;6;2025-06-13;1;ter plaatse;onbekend;onbekend;onbekend;247453.28473917017;207608.01300755423;5.762201236030442;51.17024464173206;FS9372;  ;Kinrooi;Molenbeersel;Limburg;ObsIdentify;J;Goedgekeurd op basis van bewijsmateriaal;1980-01-01;3;;5;Zoogdieren;Vespertilionidae;2026-07-08;387;S;algemeen
344716043;344716043;Gewone Dwergvleermuis;Pipistrellus pipistrellus;2025-04-14;4;2025-04-14;1;ter plaatse;onbekend;onbekend;onbekend;154744.93159732505;214358.09661842603;4.4366997;51.239125;FS0077;Merksem - Dorpskern;Antwerpen;Merksem;Antwerpen;ObsIdentify;J;Goedgekeurd op basis van bewijsmateriaal;1980-01-01;3;;11;Zoogdieren;Vespertilionidae;2026-07-08;387;S;algemeen
358547028;358547028;Gewone Dwergvleermuis;Pipistrellus pipistrellus;2025-06-24;6;2025-06-24;1;ter plaatse;onbekend;onbekend;onbekend;187996.24989900348;230712.9217361044;4.9145352;51.3848847;FS3394;Baarlse Heide;Turnhout;Turnhout;Antwerpen;ObsIdentify;J;Goedgekeurd op basis van bewijsmateriaal;1980-01-01;3;;18;Zoogdieren;Vespertilionidae;2026-07-08;387;S;algemeen
249892867;249892867;Gewone Dwergvleermuis;Pipistrellus pipistrellus;2022-07-22;7;2022-07-22;1;ter plaatse;onbekend;onbekend;onbekend;201007.8330606545;200322.65946436487;5.097136163694135;51.11073376838168;FS4664;  ;Meerhout;Meerhout;Antwerpen;ObsIdentify;J;Goedgekeurd op basis van bewijsmateriaal;1980-01-01;3;;5;Zoogdieren;Vespertilionidae;2026-07-08;387;S;algemeen
236393503;236393503;Gewone Dwergvleermuis;Pipistrellus pipistrellus;2022-03-28;3;2022-03-28;1;ter plaatse;onbekend;onbekend;onbekend;173186.83782523687;184503.2680069143;4.6988607;50.9703215;FS1947;  ;Rotselaar;Werchter;Vlaams-Brabant;ObsIdentify;J;Goedgekeurd op basis van bewijsmateriaal;1980-01-01;3;;10;Zoogdieren;Vespertilionidae;2026-07-08;387;S;algemeen
236393510;236393510;Gewone Dwergvleermuis;Pipistrellus pipistrellus;2022-03-28;3;2022-03-28;1;ter plaatse;onbekend;onbekend;onbekend;173182.52759331386;184493.2255524071;4.6987987;50.9702314;FS1947;  ;Rotselaar;Werchter;Vlaams-Brabant;ObsIdentify;J;Goedgekeurd op basis van bewijsmateriaal;1980-01-01;3;;33;Zoogdieren;Vespertilionidae;2026-07-08;387;S;algemeen
276895236;276895236;Gewone Dwergvleermuis;Pipistrellus pipistrellus;2023-06-18;6;2023-06-18;1;ter plaatse;onbekend;onbekend;onbekend;240523.03801763515;208326.07093722;5.66330843004282;51.177825927734375;FS8672;Bree - De Luysen-Mariahof;Bree;Beek;Limburg;ObsIdentify;J;Goedgekeurd op basis van bewijsmateriaal;1980-01-01;4;;999;Zoogdieren;Vespertilionidae;2026-07-08;387;S;algemeen
247486650;247486650;Gewone Dwergvleermuis;Pipistrellus pipistrellus;2022-07-01;7;2022-07-01;1;ter plaatse;onbekend;onbekend;onbekend;239989.0559000304;208544.65982771383;5.6557278;51.1798739;FS8573;Bree - De Luysen-Mariahof - Grote Luysvijver;Bree;Beek;Limburg;ObsIdentify;J;Goedgekeurd op basis van bewijsmateriaal;1980-01-01;4;;19;Zoogdieren;Vespertilionidae;2026-07-08;387;S;algemeen
398837503;398837503;Gewone Dwergvleermuis;Pipistrellus pipistrellus;2026-05-17;5;2026-05-17;1;ter plaatse;onbekend;onbekend;onbekend;240518.86069460452;208316.1238893671;5.663246222092658;51.17773718685894;FS8672;Bree - De Luysen-Mariahof;Bree;Beek;Limburg;Observation;J;Goedgekeurd op basis van bewijsmateriaal;1980-01-01;4;;5;Zoogdieren;Vespertilionidae;2026-07-08;387;S;algemeen
358770289;358770289;Gewone Dwergvleermuis;Pipistrellus pipistrellus;2025-06-25;6;2025-06-25;1;ter plaatse;onbekend;onbekend;onbekend;156156.96297916016;215204.6808761256;4.4569329;51.2467209;FS0178;Merksem - Dorpskern - Bouckenborgh;Antwerpen;Merksem;Antwerpen;ObsIdentify;J;Goedgekeurd op basis van bewijsmateriaal;1980-01-01;3;;13;Zoogdieren;Vespertilionidae;2026-07-08;387;S;algemeen
299093747;299093747;Gewone Dwergvleermuis;Pipistrellus pipistrellus;2024-02-17;2;2024-02-17;1;ter plaatse;onbekend;onbekend;onbekend;155212.14303719497;209182.0379284676;4.443314547352602;51.19259643554688;FS0072;  ;Antwerpen;Berchem;Antwerpen;ObsIdentify;J;Goedgekeurd op basis van bewijsmateriaal;1980-01-01;3;;15;Zoogdieren;Vespertilionidae;2026-07-08;387;S;algemeen
299093829;299093829;Gewone Dwergvleermuis;Pipistrellus pipistrellus;2024-02-17;2;2024-02-17;1;ter plaatse;onbekend;onbekend;onbekend;155211.231161251;209182.0370046338;4.443301503324445;51.19259643554688;FS0072;  ;Antwerpen;Berchem;Antwerpen;ObsIdentify;J;Goedgekeurd op basis van bewijsmateriaal;1980-01-01;3;;5;Zoogdieren;Vespertilionidae;2026-07-08;387;S;algemeen
368345016;368345016;Gewone Dwergvleermuis;Pipistrellus pipistrellus;2025-08-13;8;2025-08-13;1;ter plaatse;onbekend;onbekend;onbekend;191852.68201427048;192423.40987764855;4.965501381088947;51.04046630859375;FS3756;Averbode Bos en Heide - Veerle;Scherpenheuvel-Zichem;Averbode;Vlaams-Brabant;ObsIdentify;J;Goedgekeurd op basis van bewijsmateriaal;1980-01-01;3;;4;Zoogdieren;Vespertilionidae;2026-07-08;387;S;algemeen
368129053;368129053;Gewone Dwergvleermuis;Pipistrellus pipistrellus;2025-08-12;8;2025-08-12;1;dood;onbekend;onbekend;onbekend;213766.54045146596;197165.07934347916;5.2787582;51.0810863;FS5961;Koersel - Gilisbeemden Vlatsbroeken;Beringen;Koersel;Limburg;ObsIdentify;J;Goedgekeurd op basis van bewijsmateriaal;1980-01-01;3;;203;Zoogdieren;Vespertilionidae;2026-07-08;387;S;algemeen
252375757;252375757;Gewone Dwergvleermuis;Pipistrellus pipistrellus;2022-08-15;8;2022-08-15;1;ter plaatse;gezien;onbekend;onbekend;225156.73091323776;210811.86310566217;5.444107;51.202372;FS7075;  ;Neerpelt;Neerpelt;Limburg;ObsIdentify;J;Goedgekeurd op basis van bewijsmateriaal;1980-01-01;3;;999;Zoogdieren;Vespertilionidae;2026-07-08;387;S;algemeen
252375776;252375776;Gewone Dwergvleermuis;Pipistrellus pipistrellus;2022-08-15;8;2022-08-15;1;ter plaatse;onbekend;onbekend;onbekend;225156.9406148186;210811.8630540874;5.44411;51.202371972222224;FS7075;  ;Neerpelt;Neerpelt;Limburg;ObsIdentify;J;Goedgekeurd op basis van bewijsmateriaal;1980-01-01;3;;999;Zoogdieren;Vespertilionidae;2026-07-08;387;S;algemeen
287347328;287347328;Gewone Dwergvleermuis;Pipistrellus pipistrellus;2023-09-08;9;2023-09-08;1;ter plaatse;onbekend;onbekend;onbekend;225170.5994474425;210814.73448883183;5.444306;51.202396;FS7075;  ;Neerpelt;Neerpelt;Limburg;ObsIdentify;J;Goedgekeurd op basis van bewijsmateriaal;1980-01-01;3;;999;Zoogdieren;Vespertilionidae;2026-07-08;387;S;algemeen
304992542;304992542;Gewone Dwergvleermuis;Pipistrellus pipistrellus;2024-04-14;4;2024-04-14;1;ter plaatse;onbekend;onbekend;onbekend;158914.73483166308;231882.32049263828;4.496841666666667;51.39658333333333;FS0494;  ;Kalmthout;Kalmthout;Antwerpen;ObsIdentify;J;Goedgekeurd op basis van bewijsmateriaal;1980-01-01;3;;999;Zoogdieren;Vespertilionidae;2026-07-08;387;S;algemeen
376496579;376496579;Gewone Dwergvleermuis;Pipistrellus pipistrellus;2025-08-26;8;2025-10-17;1;ter plaatse;onbekend;onbekend;onbekend;196493.67946819667;196120.8073146045;5.032142070195366;51.07334638503715;FS4259;Tessenderlo - Schoterbroek;Tessenderlo;Tessenderlo;Limburg;copied observation;J;Goedgekeurd op basis van kennisregels - nabijheid;1980-01-01;4;;31;Zoogdieren;Vespertilionidae;2026-07-08;387;S;algemeen
370894490;370894490;Gewone Dwergvleermuis;Pipistrellus pipistrellus;2025-08-29;8;2025-08-29;1;ter plaatse;gezien;adult;onbekend;209237.9790496022;207136.9223515084;5.215762138366699;51.17119598388672;FS5471;Balen - Ongelberg;Balen;Balen;Antwerpen;ObsMapp;J;Goedgekeurd op basis van bewijsmateriaal;1980-01-01;3;onder windveer van garagedak in golfplaten;5;Zoogdieren;Vespertilionidae;2026-07-08;387;S;algemeen
353883934;353883934;Gewone Dwergvleermuis;Pipistrellus pipistrellus;2025-06-01;6;2025-06-01;1;ter plaatse;onbekend;onbekend;onbekend;176883.0916341351;184260.4274422992;4.7514649;50.9679788;FS2247;Rotselaar - Heikantberg;Rotselaar;Rotselaar;Vlaams-Brabant;ObsIdentify;J;Goedgekeurd op basis van bewijsmateriaal;1980-01-01;3;;31;Zoogdieren;Vespertilionidae;2026-07-08;387;S;algemeen
185953605;185953605;Gewone Dwergvleermuis;Pipistrellus pipistrellus;2020-02-29;2;2020-02-29;1;ter plaatse;onbekend;onbekend;onbekend;239413.55203570647;208673.25211962036;5.6475306;51.181119;FS8573;Bree - De Luysen/Sint-Maartensheide;Bocholt;Bocholt;Limburg;Site;J;Goedgekeurd op basis van bewijsmateriaal;1980-01-01;3;;60;Zoogdieren;Vespertilionidae;2026-07-08;387;S;algemeen
353122767;353122767;Gewone Dwergvleermuis;Pipistrellus pipistrellus;2025-05-28;5;2025-05-29;1;ter plaatse;gezien;onbekend;onbekend;186387.68002691303;206332.95957593716;4.888973951437947;51.165862617917625;FS3269;  ;Olen;Olen;Antwerpen;Site;J;Goedgekeurd op basis van bewijsmateriaal;1980-01-01;4;;7;Zoogdieren;Vespertilionidae;2026-07-08;387;S;algemeen
251907869;251907869;Gewone Dwergvleermuis;Pipistrellus pipistrellus;2021-03-29;3;2022-08-10;1;ter plaatse;onbekend;onbekend;onbekend;189106.45654555323;191834.0891997367;4.92628333;51.03536117;FS3555;  ;Aarschot;Langdorp;Vlaams-Brabant;ObsIdentify;J;Goedgekeurd op basis van bewijsmateriaal;1980-01-01;3;;32;Zoogdieren;Vespertilionidae;2026-07-08;387;S;algemeen
285471540;285471540;Gewone Dwergvleermuis;Pipistrellus pipistrellus;2023-08-23;8;2023-08-23;1;ter plaatse;onbekend;onbekend;onbekend;151683.9656460414;206376.4858179791;4.392832;51.1674;ES9769;  ;Antwerpen;Wilrijk;Antwerpen;ObsIdentify;J;Goedgekeurd op basis van bewijsmateriaal;1980-01-01;3;;999;Zoogdieren;Vespertilionidae;2026-07-08;387;S;algemeen
216895533;216895533;Gewone Dwergvleermuis;Pipistrellus pipistrellus;2021-06-13;6;2021-06-13;1;ter plaatse;onbekend;onbekend;onbekend;161002.54419993132;239334.97957967315;4.5270673;51.4635283;FT0602;Essen - Horendonk;Essen;Essen;Antwerpen;ObsIdentify;J;Goedgekeurd op basis van bewijsmateriaal;1980-01-01;3;;27;Zoogdieren;Vespertilionidae;2026-07-08;387;S;algemeen
209970088;209970088;Gewone Dwergvleermuis;Pipistrellus pipistrellus;2021-04-03;4;2021-04-03;1;ter plaatse;onbekend;onbekend;onbekend;190903.27246244825;207191.15638762247;4.953625459256152;51.17327395627626;FS3670;Geel - Neerhelst - De Botten;Geel;Geel;Antwerpen;ObsIdentify;J;Goedgekeurd op basis van bewijsmateriaal;1980-01-01;3;;6;Zoogdieren;Vespertilionidae;2026-07-08;387;S;algemeen
202473790;202473790;Gewone Dwergvleermuis;Pipistrellus pipistrellus;2020-10-30;10;2020-10-30;1;ter plaatse;onbekend;onbekend;onbekend;151106.66467174445;207510.54549439345;4.384582;51.177595;ES9670;  ;Antwerpen;Wilrijk;Antwerpen;Site;J;Goedgekeurd op basis van bewijsmateriaal;1980-01-01;4;;5;Zoogdieren;Vespertilionidae;2026-07-08;387;S;algemeen
218497099;218497099;Gewone Dwergvleermuis;Pipistrellus pipistrellus;2021-06-28;6;2021-06-28;1;vangst door kat;onbekend;onbekend;onbekend;151111.9614064925;207496.97383396796;4.3846577;51.177473;ES9670;  ;Antwerpen;Wilrijk;Antwerpen;ObsIdentify;J;Goedgekeurd op basis van bewijsmateriaal;1980-01-01;4;;5;Zoogdieren;Vespertilionidae;2026-07-08;387;S;algemeen
404213897;404213897;Gewone Dwergvleermuis;Pipistrellus pipistrellus;2026-06-10;6;2026-06-10;1;dood;onbekend;onbekend;onbekend;158139.57860198224;203819.8358230721;4.485069444444444;51.14436388888889;FS0366;  ;Hove;Hove;Antwerpen;ObsIdentify;J;Goedgekeurd op basis van bewijsmateriaal;1980-01-01;3;;999;Zoogdieren;Vespertilionidae;2026-07-08;387;S;algemeen
248734487;248734487;Gewone Dwergvleermuis;Pipistrellus pipistrellus;2022-07-11;7;2022-07-11;1;ter plaatse;onbekend;onbekend;onbekend;177034.6637750532;190530.18194318563;4.754086666666667;51.0243305;FS2353;  ;Heist-op-den-Berg;Booischot;Antwerpen;ObsIdentify;J;Goedgekeurd op basis van bewijsmateriaal;1980-01-01;3;;4;Zoogdieren;Vespertilionidae;2026-07-08;387;S;algemeen
329971897;329971897;Gewone Dwergvleermuis;Pipistrellus pipistrellus;2024-10-05;10;2024-10-05;1;ter plaatse;onbekend;onbekend;onbekend;190623.6571886296;223896.65288928524;4.951504299722222;51.3234429;FS3587;Turnhout - Centrum;Turnhout;Turnhout;Antwerpen;ObsIdentify;J;Goedgekeurd op basis van bewijsmateriaal;1980-01-01;3;;999;Zoogdieren;Vespertilionidae;2026-07-08;387;S;algemeen
253035314;253035314;Gewone Dwergvleermuis;Pipistrellus pipistrellus;2022-08-22;8;2022-08-22;1;dood;onbekend;onbekend;onbekend;180744.0238343991;187052.33368625207;4.8066632;50.9928832;FS2650;Aarschot - Meetshoven;Begijnendijk;Betekom;Vlaams-Brabant;ObsIdentify;J;Goedgekeurd op basis van bewijsmateriaal;1980-01-01;3;;14;Zoogdieren;Vespertilionidae;2026-07-08;387;S;algemeen
275191646;275191646;Gewone Dwergvleermuis;Pipistrellus pipistrellus;2023-06-07;6;2023-06-07;1;ter plaatse;onbekend;onbekend;onbekend;180745.3769538774;187060.9744876055;4.8066832;50.9929608;FS2650;Aarschot - Meetshoven;Begijnendijk;Betekom;Vlaams-Brabant;ObsIdentify;J;Goedgekeurd op basis van bewijsmateriaal;1980-01-01;3;;14;Zoogdieren;Vespertilionidae;2026-07-08;387;S;algemeen
256571529;256571529;Gewone Dwergvleermuis;Pipistrellus pipistrellus;2022-10-09;10;2022-10-09;1;ter plaatse;onbekend;onbekend;onbekend;180745.83620213048;187058.10701398645;4.8066895;50.992935;FS2650;Aarschot - Meetshoven;Begijnendijk;Betekom;Vlaams-Brabant;ObsIdentify;J;Goedgekeurd op basis van bewijsmateriaal;1980-01-01;3;;999;Zoogdieren;Vespertilionidae;2026-07-08;387;S;algemeen
292195478;292195478;Gewone Dwergvleermuis;Pipistrellus pipistrellus;2023-11-01;11;2023-11-01;1;ter plaatse;onbekend;onbekend;onbekend;192441.1131178792;227978.73912480008;4.978055555555556;51.36;FS3791;Ravels - Kleiputten;Ravels;Ravels;Antwerpen;ObsIdentify;J;Goedgekeurd op basis van expertoordeel;1980-01-01;3;;999;Zoogdieren;Vespertilionidae;2026-07-08;387;S;algemeen
233866402;233866402;Gewone Dwergvleermuis;Pipistrellus pipistrellus;2022-02-15;2;2022-02-15;1;ter plaatse;onbekend;onbekend;onbekend;194921.7625929288;224549.02978345935;5.013238883333333;51.328986666666665;FS4088;Landschap De Liereman - Hoge Mierdse Heide;Oud-Turnhout;Oud-Turnhout;Antwerpen;ObsIdentify;J;Goedgekeurd op basis van expertoordeel;1980-01-01;3;;128;Zoogdieren;Vespertilionidae;2026-07-08;387;S;algemeen
371373663;371373663;Gewone Dwergvleermuis;Pipistrellus pipistrellus;2025-09-01;9;2025-09-02;1;ter plaatse;onbekend;onbekend;onbekend;146976.91256164294;226370.6220349241;4.325371399722222;51.34710729972223;ES9289;Berendrecht - Dorpskern;Antwerpen;Berendrecht-Zandvliet-Lillo;Antwerpen;ObsIdentify;J;Goedgekeurd op basis van bewijsmateriaal;1980-01-01;3;;999;Zoogdieren;Vespertilionidae;2026-07-08;387;S;algemeen
202406349;202406349;Gewone Dwergvleermuis;Pipistrellus pipistrellus;2020-10-28;10;2020-10-28;1;ter plaatse;onbekend;onbekend;onbekend;142528.66289841896;228166.1602076301;4.2614926;51.3632052;ES8790;Zandvliet - B.A.S.F. - Industrieterrein;Antwerpen;Berendrecht-Zandvliet-Lillo;Antwerpen;ObsIdentify;J;Goedgekeurd op basis van bewijsmateriaal;1980-01-01;3;;52;Zoogdieren;Vespertilionidae;2026-07-08;387;S;algemeen
202577213;202577213;Gewone Dwergvleermuis;Pipistrellus pipistrellus;2020-10-28;10;2020-11-01;2;ter plaatse;onbekend;onbekend;onbekend;222970.44570151245;183795.654632478;5.4074192;50.959832;FS6948;Genk - Domein Bokrijk - Zuidoost;Genk;Genk;Limburg;Site;J;Goedgekeurd op basis van bewijsmateriaal;1980-01-01;4;Slapend achter dicht raamkozijn.;60;Zoogdieren;Vespertilionidae;2026-07-08;387;S;algemeen
254123960;254123960;Gewone Dwergvleermuis;Pipistrellus pipistrellus;2022-09-04;9;2022-09-04;1;dood;onbekend;onbekend;onbekend;201367.2044253637;202578.15703210235;5.102586166666667;51.130975;FS4766;Meerhout - Centrum;Meerhout;Meerhout;Antwerpen;ObsIdentify;J;Goedgekeurd op basis van bewijsmateriaal;1980-01-01;3;;5;Zoogdieren;Vespertilionidae;2026-07-08;387;S;algemeen
369068918;369068918;Gewone Dwergvleermuis;Pipistrellus pipistrellus;2025-08-17;8;2025-08-17;1;ter plaatse;onbekend;onbekend;onbekend;207639.01557070823;219946.4729661141;5.194941027777778;51.28648755555555;FS5383;Postel;Mol;Mol;Antwerpen;ObsIdentify;J;Goedgekeurd op basis van bewijsmateriaal;1980-01-01;3;;999;Zoogdieren;Vespertilionidae;2026-07-08;387;S;algemeen
272898294;272898294;Gewone Dwergvleermuis;Pipistrellus pipistrellus;2023-05-22;5;2023-05-22;1;dood;gezien;onbekend;onbekend;201214.39450720008;188602.36974566057;5.098439455032349;51.00536781392029;FS4752;  ;Diest;Schaffen;Vlaams-Brabant;Site;J;Goedgekeurd op basis van bewijsmateriaal;1980-01-01;3;;15;Zoogdieren;Vespertilionidae;2026-07-08;387;S;algemeen
268281806;268281806;Gewone Dwergvleermuis;Pipistrellus pipistrellus;2023-04-19;4;2023-04-19;1;ter plaatse;onbekend;onbekend;onbekend;199303.19358874028;228423.3775283154;5.0766248;51.3634486;FS4492;Arendonk - Kruisberg;Arendonk;Arendonk;Antwerpen;ObsIdentify;J;Goedgekeurd op basis van bewijsmateriaal;1980-01-01;3;;93;Zoogdieren;Vespertilionidae;2026-07-08;387;S;algemeen
280242357;280242357;Gewone Dwergvleermuis;Pipistrellus pipistrellus;2023-07-12;7;2023-07-12;1;ter plaatse;onbekend;onbekend;onbekend;228555.9102820425;184036.15341844968;5.48696300000006;50.961264;FS7448;Genk - Haasberg;Genk;Genk;Limburg;Site;J;Goedgekeurd op basis van expertoordeel;1980-01-01;3;;8;Zoogdieren;Vespertilionidae;2026-07-08;387;S;algemeen
369723593;369723593;Gewone Dwergvleermuis;Pipistrellus pipistrellus;2025-08-21;8;2025-08-21;1;ter plaatse;onbekend;onbekend;onbekend;235758.6875933038;204015.3376059588;5.5941693;51.1398111;FS8168;  ;Bree;Bree;Limburg;ObsIdentify;J;Goedgekeurd op basis van bewijsmateriaal;1980-01-01;3;;23;Zoogdieren;Vespertilionidae;2026-07-08;387;S;algemeen
357623658;357623658;Gewone Dwergvleermuis;Pipistrellus pipistrellus;2025-06-19;6;2025-06-20;175;in kolonie op gebouw;gezien en gehoord;onbekend;Vrouw;162092.39886342164;230340.3353876341;4.542444348335266;51.38266608048182;FS0793;  ;Wuustwezel;Wuustwezel;Antwerpen;Site;J;Goedgekeurd op basis van expertoordeel;9999-01-01;3;Oproep voor reukoverlast__175 uitvliegers geteld_ vliegrichting Noord;4;Zoogdieren;Vespertilionidae;2026-07-08;387;S;algemeen
199388890;199388890;Gewone Dwergvleermuis;Pipistrellus pipistrellus;2020-09-01;9;2020-09-01;1;ter plaatse;onbekend;onbekend;onbekend;150822.82838956156;196953.4528688388;4.3804979;51.082701;ES9659;Boom - Centrum + rest;Boom;Boom;Antwerpen;Site;J;Goedgekeurd op basis van bewijsmateriaal;1980-01-01;3;;15;Zoogdieren;Vespertilionidae;2026-07-08;387;S;algemeen
286638419;286638419;Gewone Dwergvleermuis;Pipistrellus pipistrellus;2023-09-02;9;2023-09-02;1;ter plaatse;onbekend;onbekend;onbekend;202313.4719967998;214346.4081134554;5.117801064630148;51.236663818359375;FS4778;  ;Dessel;Dessel;Antwerpen;ObsIdentify;J;Goedgekeurd op basis van bewijsmateriaal;1980-01-01;3;;5;Zoogdieren;Vespertilionidae;2026-07-08;387;S;algemeen
377345569;377345569;Gewone Dwergvleermuis;Pipistrellus pipistrellus;2025-10-23;10;2025-10-23;1;ter plaatse;onbekend;onbekend;onbekend;221956.23814266725;187529.80267327745;5.3937189;50.9935224;FS6751;  ;Zonhoven;Zonhoven;Limburg;ObsIdentify;J;Goedgekeurd op basis van bewijsmateriaal;1980-01-01;3;;22;Zoogdieren;Vespertilionidae;2026-07-08;387;S;algemeen
334662684;334662684;Gewone Dwergvleermuis;Pipistrellus pipistrellus;2024-12-02;12;2024-12-02;1;dood;onbekend;onbekend;onbekend;167137.57230100455;198448.29134463333;4.613395;51.09588333333333;FS1261;  ;Lier;Koningshooikt;Antwerpen;ObsIdentify;J;Goedgekeurd op basis van bewijsmateriaal;1980-01-01;4;;28;Zoogdieren;Vespertilionidae;2026-07-08;387;S;algemeen
391573800;391573800;Gewone Dwergvleermuis;Pipistrellus pipistrellus;2026-04-09;4;2026-04-09;1;dood;onbekend;onbekend;onbekend;167732.87634586348;185030.8088572333;4.6212399;50.9752564;FS1348;  ;Haacht;Haacht;Vlaams-Brabant;Observation;J;Goedgekeurd op basis van bewijsmateriaal;1980-01-01;3;;12;Zoogdieren;Vespertilionidae;2026-07-08;387;S;algemeen
362588854;362588854;Gewone Dwergvleermuis;Pipistrellus pipistrellus;2025-06-12;6;2025-07-13;1;ter plaatse;onbekend;onbekend;onbekend;155021.35521728327;223468.0442953417;4.4407855;51.3210044;FS0086;Kapellen - Dorpskern;Kapellen;Kapellen;Antwerpen;ObsIdentify;J;Goedgekeurd op basis van bewijsmateriaal;1980-01-01;3;;14;Zoogdieren;Vespertilionidae;2026-07-08;387;S;algemeen
374754931;374754931;Gewone Dwergvleermuis;Pipistrellus pipistrellus;2024-07-08;7;2025-10-01;1;ter plaatse;onbekend;onbekend;onbekend;203919.5307945736;188150.53664503436;5.136911972222222;51.00106097222222;FS4952;  ;Lummen;Meldert;Limburg;ObsIdentify;J;Goedgekeurd op basis van bewijsmateriaal;1980-01-01;3;;999;Zoogdieren;Vespertilionidae;2026-07-08;387;S;algemeen
371995142;371995142;Gewone Dwergvleermuis;Pipistrellus pipistrellus;2025-09-07;9;2025-09-07;1;ter plaatse;onbekend;onbekend;Man;181881.4844154266;201624.4882140858;4.8241393;51.1238072;FS2765;  ;Herentals;Morkhoven;Antwerpen;ObsIdentify;J;Goedgekeurd op basis van bewijsmateriaal;1980-01-01;3;;4;Zoogdieren;Vespertilionidae;2026-07-08;387;S;algemeen
266648879;266648879;Gewone Dwergvleermuis;Pipistrellus pipistrellus;2023-04-04;4;2023-04-04;1;dood;onbekend;onbekend;onbekend;167927.29513174208;187915.59044870452;4.624149721162185;51.00118194243284;FS1351;Keerbergen - Broekelei;Keerbergen;Keerbergen;Vlaams-Brabant;ObsIdentify;J;Goedgekeurd op basis van bewijsmateriaal;1980-01-01;3;;5;Zoogdieren;Vespertilionidae;2026-07-08;387;S;algemeen
290770822;290770822;Gewone Dwergvleermuis;Pipistrellus pipistrellus;2023-09-27;9;2023-10-16;1;foeragerend;batdetector;onbekend;onbekend;156852.09889093594;211316.56897427145;4.466814041137695;51.21176528930664;FS0274;Deurne - Rivierenhof (Groendomein provincie Antwerpen - regio Antw.);Antwerpen;Deurne;Antwerpen;ObsMapp;J;Goedgekeurd op basis van kennisregels - nabijheid;1980-01-01;3;;3;Zoogdieren;Vespertilionidae;2026-07-08;387;S;algemeen
290770821;290770821;Gewone Dwergvleermuis;Pipistrellus pipistrellus;2023-09-27;9;2023-10-16;1;foeragerend;batdetector;onbekend;onbekend;156811.01601996637;211315.24130449537;4.466226100921631;51.21175384521485;FS0274;Deurne - Rivierenhof (Groendomein provincie Antwerpen - regio Antw.);Antwerpen;Deurne;Antwerpen;ObsMapp;J;Goedgekeurd op basis van kennisregels - nabijheid;1980-01-01;3;;7;Zoogdieren;Vespertilionidae;2026-07-08;387;S;algemeen
290770820;290770820;Gewone Dwergvleermuis;Pipistrellus pipistrellus;2023-09-27;9;2023-10-16;1;foeragerend;batdetector;onbekend;onbekend;156759.34100384178;211310.92924288756;4.465486526489258;51.21171569824219;FS0274;Deurne - Rivierenhof (Groendomein provincie Antwerpen - regio Antw.);Antwerpen;Deurne;Antwerpen;ObsMapp;J;Goedgekeurd op basis van kennisregels - nabijheid;1980-01-01;3;;10;Zoogdieren;Vespertilionidae;2026-07-08;387;S;algemeen
290770819;290770819;Gewone Dwergvleermuis;Pipistrellus pipistrellus;2023-09-27;9;2023-10-16;1;foeragerend;batdetector;onbekend;onbekend;156766.92756607902;211319.0028317105;4.465595245361328;51.21178817749024;FS0274;Deurne - Rivierenhof (Groendomein provincie Antwerpen - regio Antw.);Antwerpen;Deurne;Antwerpen;ObsMapp;J;Goedgekeurd op basis van kennisregels - nabijheid;1980-01-01;3;;9;Zoogdieren;Vespertilionidae;2026-07-08;387;S;algemeen
290770818;290770818;Gewone Dwergvleermuis;Pipistrellus pipistrellus;2023-09-27;9;2023-10-16;3;foeragerend;batdetector;onbekend;onbekend;156770.57709989988;211356.3549730638;4.465648174285889;51.21212387084961;FS0274;Deurne - Rivierenhof (Groendomein provincie Antwerpen - regio Antw.);Antwerpen;Deurne;Antwerpen;ObsMapp;J;Goedgekeurd op basis van kennisregels - nabijheid;1980-01-01;3;;4;Zoogdieren;Vespertilionidae;2026-07-08;387;S;algemeen
290770817;290770817;Gewone Dwergvleermuis;Pipistrellus pipistrellus;2023-09-27;9;2023-10-16;2;foeragerend;batdetector;onbekend;onbekend;156836.5625873361;211373.41816564184;4.466592788696289;51.21227645874024;FS0274;Deurne - Rivierenhof (Groendomein provincie Antwerpen - regio Antw.);Antwerpen;Deurne;Antwerpen;ObsMapp;J;Goedgekeurd op basis van kennisregels - nabijheid;1980-01-01;3;;5;Zoogdieren;Vespertilionidae;2026-07-08;387;S;algemeen
290770816;290770816;Gewone Dwergvleermuis;Pipistrellus pipistrellus;2023-09-27;9;2023-10-16;2;foeragerend;batdetector;onbekend;onbekend;156863.31664021558;211375.15133644827;4.466975688934326;51.2122917175293;FS0274;Deurne - Rivierenhof (Groendomein provincie Antwerpen - regio Antw.);Antwerpen;Deurne;Antwerpen;ObsMapp;J;Goedgekeurd op basis van kennisregels - nabijheid;1980-01-01;3;;4;Zoogdieren;Vespertilionidae;2026-07-08;387;S;algemeen
290770814;290770814;Gewone Dwergvleermuis;Pipistrellus pipistrellus;2023-09-27;9;2023-10-16;1;foeragerend;batdetector;onbekend;onbekend;156878.6575306834;211390.02585245017;4.467195510864258;51.2124252319336;FS0274;Deurne - Rivierenhof (Groendomein provincie Antwerpen - regio Antw.);Antwerpen;Deurne;Antwerpen;ObsMapp;J;Goedgekeurd op basis van kennisregels - nabijheid;1980-01-01;3;;3;Zoogdieren;Vespertilionidae;2026-07-08;387;S;algemeen
290770813;290770813;Gewone Dwergvleermuis;Pipistrellus pipistrellus;2023-09-27;9;2023-10-16;2;foeragerend;batdetector;onbekend;onbekend;156886.50978662408;211398.52437519096;4.467308044433594;51.212501525878906;FS0274;Deurne - Rivierenhof (Groendomein provincie Antwerpen - regio Antw.);Antwerpen;Deurne;Antwerpen;ObsMapp;J;Goedgekeurd op basis van kennisregels - nabijheid;1980-01-01;3;;5;Zoogdieren;Vespertilionidae;2026-07-08;387;S;algemeen
290770812;290770812;Gewone Dwergvleermuis;Pipistrellus pipistrellus;2023-09-27;9;2023-10-16;2;foeragerend;batdetector;onbekend;onbekend;156920.93559728694;211418.9417802468;4.467801094055176;51.212684631347656;FS0274;Deurne - Rivierenhof (Groendomein provincie Antwerpen - regio Antw.);Antwerpen;Deurne;Antwerpen;ObsMapp;J;Goedgekeurd op basis van kennisregels - nabijheid;1980-01-01;3;;4;Zoogdieren;Vespertilionidae;2026-07-08;387;S;algemeen
290770811;290770811;Gewone Dwergvleermuis;Pipistrellus pipistrellus;2023-09-27;9;2023-10-16;1;foeragerend;batdetector;onbekend;onbekend;156935.1461668249;211431.69293889496;4.4680047035217285;51.212799072265625;FS0274;Deurne - Rivierenhof (Groendomein provincie Antwerpen - regio Antw.);Antwerpen;Deurne;Antwerpen;ObsMapp;J;Goedgekeurd op basis van kennisregels - nabijheid;1980-01-01;3;;5;Zoogdieren;Vespertilionidae;2026-07-08;387;S;algemeen
290770810;290770810;Gewone Dwergvleermuis;Pipistrellus pipistrellus;2023-09-27;9;2023-10-16;1;foeragerend;batdetector;onbekend;onbekend;156954.89981155063;211435.53917600773;4.468287467956543;51.212833404541016;FS0274;Deurne - Rivierenhof (Groendomein provincie Antwerpen - regio Antw.);Antwerpen;Deurne;Antwerpen;ObsMapp;J;Goedgekeurd op basis van kennisregels - nabijheid;1980-01-01;3;;4;Zoogdieren;Vespertilionidae;2026-07-08;387;S;algemeen
290770808;290770808;Gewone Dwergvleermuis;Pipistrellus pipistrellus;2023-09-27;9;2023-10-16;1;foeragerend;batdetector;onbekend;onbekend;157003.8445142657;211461.9183749249;4.468988418579102;51.21306991577149;FS0274;Deurne - Rivierenhof (Groendomein provincie Antwerpen - regio Antw.);Antwerpen;Deurne;Antwerpen;ObsMapp;J;Goedgekeurd op basis van kennisregels - nabijheid;1980-01-01;3;;3;Zoogdieren;Vespertilionidae;2026-07-08;387;S;algemeen
290770807;290770807;Gewone Dwergvleermuis;Pipistrellus pipistrellus;2023-09-27;9;2023-10-16;1;foeragerend;batdetector;onbekend;onbekend;157017.8588889;211471.69868253265;4.469189167022705;51.213157653808594;FS0274;Deurne - Rivierenhof (Groendomein provincie Antwerpen - regio Antw.);Antwerpen;Deurne;Antwerpen;ObsMapp;J;Goedgekeurd op basis van kennisregels - nabijheid;1980-01-01;3;;5;Zoogdieren;Vespertilionidae;2026-07-08;387;S;algemeen
290770806;290770806;Gewone Dwergvleermuis;Pipistrellus pipistrellus;2023-09-27;9;2023-10-16;1;foeragerend;batdetector;onbekend;onbekend;157038.20975822376;211477.24365854263;4.469480514526367;51.21320724487305;FS0274;Deurne - Rivierenhof (Groendomein provincie Antwerpen - regio Antw.);Antwerpen;Deurne;Antwerpen;ObsMapp;J;Goedgekeurd op basis van kennisregels - nabijheid;1980-01-01;3;;4;Zoogdieren;Vespertilionidae;2026-07-08;387;S;algemeen
290770804;290770804;Gewone Dwergvleermuis;Pipistrellus pipistrellus;2023-09-27;9;2023-10-16;1;foeragerend;batdetector;onbekend;onbekend;157049.50342014612;211478.53229921404;4.469642162322998;51.21321868896485;FS0274;Deurne - Rivierenhof (Groendomein provincie Antwerpen - regio Antw.);Antwerpen;Deurne;Antwerpen;ObsMapp;J;Goedgekeurd op basis van kennisregels - nabijheid;1980-01-01;3;;3;Zoogdieren;Vespertilionidae;2026-07-08;387;S;algemeen
290770802;290770802;Gewone Dwergvleermuis;Pipistrellus pipistrellus;2023-09-27;9;2023-10-16;1;foeragerend;batdetector;onbekend;onbekend;157075.92774225015;211477.29530338664;4.470020294189453;51.21320724487305;FS0274;Deurne - Rivierenhof (Groendomein provincie Antwerpen - regio Antw.);Antwerpen;Deurne;Antwerpen;ObsMapp;J;Goedgekeurd op basis van kennisregels - nabijheid;1980-01-01;3;;3;Zoogdieren;Vespertilionidae;2026-07-08;387;S;algemeen
290770800;290770800;Gewone Dwergvleermuis;Pipistrellus pipistrellus;2023-09-27;9;2023-10-16;1;foeragerend;batdetector;onbekend;onbekend;157097.5066828545;211486.23741374444;4.470329284667969;51.213287353515625;FS0274;Deurne - Rivierenhof (Groendomein provincie Antwerpen - regio Antw.);Antwerpen;Deurne;Antwerpen;ObsMapp;J;Goedgekeurd op basis van kennisregels - nabijheid;1980-01-01;3;;4;Zoogdieren;Vespertilionidae;2026-07-08;387;S;algemeen
290770799;290770799;Gewone Dwergvleermuis;Pipistrellus pipistrellus;2023-09-27;9;2023-10-16;3;foeragerend;batdetector;onbekend;onbekend;157108.0193254726;211498.13515495136;4.470479965209961;51.21339416503906;FS0274;Deurne - Rivierenhof (Groendomein provincie Antwerpen - regio Antw.);Antwerpen;Deurne;Antwerpen;ObsMapp;J;Goedgekeurd op basis van kennisregels - nabijheid;1980-01-01;3;;4;Zoogdieren;Vespertilionidae;2026-07-08;387;S;algemeen
290770798;290770798;Gewone Dwergvleermuis;Pipistrellus pipistrellus;2023-09-27;9;2023-10-16;1;foeragerend;batdetector;onbekend;onbekend;157147.62401824366;211507.1023645848;4.4710469245910645;51.21347427368164;FS0274;Deurne - Rivierenhof (Groendomein provincie Antwerpen - regio Antw.);Antwerpen;Deurne;Antwerpen;ObsMapp;J;Goedgekeurd op basis van kennisregels - nabijheid;1980-01-01;3;;4;Zoogdieren;Vespertilionidae;2026-07-08;387;S;algemeen
290770797;290770797;Gewone Dwergvleermuis;Pipistrellus pipistrellus;2023-09-27;9;2023-10-16;1;foeragerend;batdetector;onbekend;onbekend;157173.163945705;211494.83018677868;4.471412181854248;51.21336364746094;FS0274;Deurne - Rivierenhof (Groendomein provincie Antwerpen - regio Antw.);Antwerpen;Deurne;Antwerpen;ObsMapp;J;Goedgekeurd op basis van kennisregels - nabijheid;1980-01-01;3;;3;Zoogdieren;Vespertilionidae;2026-07-08;387;S;algemeen
290770796;290770796;Gewone Dwergvleermuis;Pipistrellus pipistrellus;2023-09-27;9;2023-10-16;1;foeragerend;batdetector;onbekend;onbekend;157187.2354942363;211487.2105530314;4.47161340713501;51.21329498291016;FS0274;Deurne - Rivierenhof (Groendomein provincie Antwerpen - regio Antw.);Antwerpen;Deurne;Antwerpen;ObsMapp;J;Goedgekeurd op basis van kennisregels - nabijheid;1980-01-01;3;;9;Zoogdieren;Vespertilionidae;2026-07-08;387;S;algemeen
290770795;290770795;Gewone Dwergvleermuis;Pipistrellus pipistrellus;2023-09-27;9;2023-10-16;3;foeragerend;batdetector;onbekend;onbekend;157198.59442234063;211465.58190530076;4.471775531768799;51.21310043334961;FS0274;Deurne - Rivierenhof (Groendomein provincie Antwerpen - regio Antw.);Antwerpen;Deurne;Antwerpen;ObsMapp;J;Goedgekeurd op basis van kennisregels - nabijheid;1980-01-01;3;;3;Zoogdieren;Vespertilionidae;2026-07-08;387;S;algemeen
290770793;290770793;Gewone Dwergvleermuis;Pipistrellus pipistrellus;2023-09-27;9;2023-10-16;1;foeragerend;batdetector;onbekend;onbekend;157197.92269172776;211469.4005844798;4.471765995025635;51.213134765625;FS0274;Deurne - Rivierenhof (Groendomein provincie Antwerpen - regio Antw.);Antwerpen;Deurne;Antwerpen;ObsMapp;J;Goedgekeurd op basis van kennisregels - nabijheid;1980-01-01;3;;3;Zoogdieren;Vespertilionidae;2026-07-08;387;S;algemeen
290770791;290770791;Gewone Dwergvleermuis;Pipistrellus pipistrellus;2023-09-27;9;2023-10-16;1;foeragerend;batdetector;onbekend;onbekend;157198.2911187069;211491.8944013668;4.471771717071533;51.21333694458008;FS0274;Deurne - Rivierenhof (Groendomein provincie Antwerpen - regio Antw.);Antwerpen;Deurne;Antwerpen;ObsMapp;J;Goedgekeurd op basis van kennisregels - nabijheid;1980-01-01;3;;5;Zoogdieren;Vespertilionidae;2026-07-08;387;S;algemeen
290770790;290770790;Gewone Dwergvleermuis;Pipistrellus pipistrellus;2023-09-27;9;2023-10-16;1;foeragerend;batdetector;onbekend;onbekend;157199.79524655628;211488.5012864638;4.471793174743652;51.21330642700195;FS0274;Deurne - Rivierenhof (Groendomein provincie Antwerpen - regio Antw.);Antwerpen;Deurne;Antwerpen;ObsMapp;J;Goedgekeurd op basis van kennisregels - nabijheid;1980-01-01;3;;5;Zoogdieren;Vespertilionidae;2026-07-08;387;S;algemeen
290770789;290770789;Gewone Dwergvleermuis;Pipistrellus pipistrellus;2023-09-27;9;2023-10-16;1;foeragerend;batdetector;onbekend;onbekend;157235.4217122597;211506.80045433715;4.47230339050293;51.213470458984375;FS0274;Deurne - Rivierenhof (Groendomein provincie Antwerpen - regio Antw.);Antwerpen;Deurne;Antwerpen;ObsMapp;J;Goedgekeurd op basis van kennisregels - nabijheid;1980-01-01;3;;3;Zoogdieren;Vespertilionidae;2026-07-08;387;S;algemeen
290770788;290770788;Gewone Dwergvleermuis;Pipistrellus pipistrellus;2023-09-27;9;2023-10-16;1;ter plaatse;batdetector;onbekend;onbekend;157235.455031844;211506.80050110535;4.472303867340088;51.213470458984375;FS0274;Deurne - Rivierenhof (Groendomein provincie Antwerpen - regio Antw.);Antwerpen;Deurne;Antwerpen;ObsMapp;J;Goedgekeurd op basis van kennisregels - nabijheid;1980-01-01;3;;3;Zoogdieren;Vespertilionidae;2026-07-08;387;S;algemeen
290770787;290770787;Gewone Dwergvleermuis;Pipistrellus pipistrellus;2023-09-27;9;2023-10-16;2;foeragerend;batdetector;onbekend;onbekend;157271.56507981394;211512.79293954367;4.47282075881958;51.213523864746094;FS0274;Deurne - Rivierenhof (Groendomein provincie Antwerpen - regio Antw.);Antwerpen;Deurne;Antwerpen;ObsMapp;J;Goedgekeurd op basis van kennisregels - nabijheid;1980-01-01;3;;3;Zoogdieren;Vespertilionidae;2026-07-08;387;S;algemeen
328367891;328367891;Gewone Dwergvleermuis;Pipistrellus pipistrellus;2024-09-18;9;2024-09-18;1;ter plaatse;onbekend;onbekend;onbekend;196396.2868949473;223098.77076667268;5.0342057;51.3158352;FS4186;  ;Oud-Turnhout;Oud-Turnhout;Antwerpen;ObsIdentify;J;Goedgekeurd op basis van bewijsmateriaal;1980-01-01;3;;33;Zoogdieren;Vespertilionidae;2026-07-08;387;S;algemeen
290770785;290770785;Gewone Dwergvleermuis;Pipistrellus pipistrellus;2023-09-27;9;2023-10-16;1;foeragerend;batdetector;onbekend;onbekend;157301.54425536393;211518.7769423528;4.473249912261963;51.21357727050781;FS0274;Deurne - Rivierenhof (Groendomein provincie Antwerpen - regio Antw.);Antwerpen;Deurne;Antwerpen;ObsMapp;J;Goedgekeurd op basis van kennisregels - nabijheid;1980-01-01;3;;3;Zoogdieren;Vespertilionidae;2026-07-08;387;S;algemeen
290770784;290770784;Gewone Dwergvleermuis;Pipistrellus pipistrellus;2023-09-27;9;2023-10-16;1;foeragerend;batdetector;onbekend;onbekend;157303.24896145848;211514.9597391421;4.473274230957031;51.21354293823242;FS0274;Deurne - Rivierenhof (Groendomein provincie Antwerpen - regio Antw.);Antwerpen;Deurne;Antwerpen;ObsMapp;J;Goedgekeurd op basis van kennisregels - nabijheid;1980-01-01;3;;4;Zoogdieren;Vespertilionidae;2026-07-08;387;S;algemeen
290770782;290770782;Gewone Dwergvleermuis;Pipistrellus pipistrellus;2023-09-27;9;2023-10-16;1;foeragerend;batdetector;onbekend;onbekend;157327.79487800025;211569.31803219396;4.473626613616943;51.21403121948242;FS0274;Deurne - Rivierenhof (Groendomein provincie Antwerpen - regio Antw.);Antwerpen;Deurne;Antwerpen;ObsMapp;J;Goedgekeurd op basis van kennisregels - nabijheid;1980-01-01;3;;7;Zoogdieren;Vespertilionidae;2026-07-08;387;S;algemeen
290770780;290770780;Gewone Dwergvleermuis;Pipistrellus pipistrellus;2023-09-27;9;2023-10-16;1;foeragerend;batdetector;onbekend;onbekend;157330.71972407083;211574.4150155075;4.473668575286865;51.21407699584961;FS0274;Deurne - Rivierenhof (Groendomein provincie Antwerpen - regio Antw.);Antwerpen;Deurne;Antwerpen;ObsMapp;J;Goedgekeurd op basis van kennisregels - nabijheid;1980-01-01;3;;9;Zoogdieren;Vespertilionidae;2026-07-08;387;S;algemeen
290770779;290770779;Gewone Dwergvleermuis;Pipistrellus pipistrellus;2023-09-27;9;2023-10-16;1;foeragerend;batdetector;onbekend;onbekend;157334.66538051306;211588.00149486863;4.473725318908691;51.21419906616211;FS0274;Deurne - Rivierenhof (Groendomein provincie Antwerpen - regio Antw.);Antwerpen;Deurne;Antwerpen;ObsMapp;J;Goedgekeurd op basis van kennisregels - nabijheid;1980-01-01;3;;5;Zoogdieren;Vespertilionidae;2026-07-08;387;S;algemeen
290770778;290770778;Gewone Dwergvleermuis;Pipistrellus pipistrellus;2023-09-27;9;2023-10-16;1;foeragerend;batdetector;onbekend;onbekend;157337.39824393904;211610.9230985632;4.473764896392822;51.21440505981445;FS0274;Deurne - Rivierenhof (Groendomein provincie Antwerpen - regio Antw.);Antwerpen;Deurne;Antwerpen;ObsMapp;J;Goedgekeurd op basis van kennisregels - nabijheid;1980-01-01;3;;3;Zoogdieren;Vespertilionidae;2026-07-08;387;S;algemeen
290770777;290770777;Gewone Dwergvleermuis;Pipistrellus pipistrellus;2023-09-27;9;2023-10-16;1;foeragerend;batdetector;onbekend;onbekend;157323.9658973118;211614.29921479523;4.473572731018066;51.21443557739258;FS0274;Deurne - Rivierenhof (Groendomein provincie Antwerpen - regio Antw.);Antwerpen;Deurne;Antwerpen;ObsMapp;J;Goedgekeurd op basis van kennisregels - nabijheid;1980-01-01;3;;5;Zoogdieren;Vespertilionidae;2026-07-08;387;S;algemeen
290770774;290770774;Gewone Dwergvleermuis;Pipistrellus pipistrellus;2023-09-27;9;2023-10-16;1;foeragerend;batdetector;onbekend;onbekend;157191.932000733;211607.7472804021;4.471683025360107;51.2143783569336;FS0274;Deurne - Rivierenhof (Groendomein provincie Antwerpen - regio Antw.);Antwerpen;Deurne;Antwerpen;ObsMapp;J;Goedgekeurd op basis van kennisregels - nabijheid;1980-01-01;3;;8;Zoogdieren;Vespertilionidae;2026-07-08;387;S;algemeen
290770773;290770773;Gewone Dwergvleermuis;Pipistrellus pipistrellus;2023-09-27;9;2023-10-16;1;foeragerend;batdetector;onbekend;onbekend;157149.776482049;211612.78145897947;4.4710798263549805;51.21442413330078;FS0274;Deurne - Rivierenhof (Groendomein provincie Antwerpen - regio Antw.);Antwerpen;Deurne;Antwerpen;ObsMapp;J;Goedgekeurd op basis van kennisregels - nabijheid;1980-01-01;3;;9;Zoogdieren;Vespertilionidae;2026-07-08;387;S;algemeen
290770770;290770770;Gewone Dwergvleermuis;Pipistrellus pipistrellus;2023-09-27;9;2023-10-16;1;foeragerend;batdetector;onbekend;onbekend;157078.70551125964;211613.95656663735;4.470062732696533;51.21443557739258;FS0274;Deurne - Rivierenhof (Groendomein provincie Antwerpen - regio Antw.);Antwerpen;Deurne;Antwerpen;ObsMapp;J;Goedgekeurd op basis van kennisregels - nabijheid;1980-01-01;3;;6;Zoogdieren;Vespertilionidae;2026-07-08;387;S;algemeen
290770769;290770769;Gewone Dwergvleermuis;Pipistrellus pipistrellus;2023-09-27;9;2023-10-16;1;foeragerend;batdetector;onbekend;onbekend;157032.84044866712;211602.85932161007;4.469406127929688;51.21433639526367;FS0274;Deurne - Rivierenhof (Groendomein provincie Antwerpen - regio Antw.);Antwerpen;Deurne;Antwerpen;ObsMapp;J;Goedgekeurd op basis van kennisregels - nabijheid;1980-01-01;3;;4;Zoogdieren;Vespertilionidae;2026-07-08;387;S;algemeen
290770768;290770768;Gewone Dwergvleermuis;Pipistrellus pipistrellus;2023-09-27;9;2023-10-16;1;foeragerend;batdetector;onbekend;onbekend;157050.81388719985;211592.27382705733;4.469663143157959;51.21424102783203;FS0274;Deurne - Rivierenhof (Groendomein provincie Antwerpen - regio Antw.);Antwerpen;Deurne;Antwerpen;ObsMapp;J;Goedgekeurd op basis van kennisregels - nabijheid;1980-01-01;3;;9;Zoogdieren;Vespertilionidae;2026-07-08;387;S;algemeen
290770767;290770767;Gewone Dwergvleermuis;Pipistrellus pipistrellus;2023-09-27;9;2023-10-16;1;foeragerend;batdetector;onbekend;onbekend;157033.40745029628;211602.43569327705;4.469414234161377;51.214332580566406;FS0274;Deurne - Rivierenhof (Groendomein provincie Antwerpen - regio Antw.);Antwerpen;Deurne;Antwerpen;ObsMapp;J;Goedgekeurd op basis van kennisregels - nabijheid;1980-01-01;3;;7;Zoogdieren;Vespertilionidae;2026-07-08;387;S;algemeen
290770761;290770761;Gewone Dwergvleermuis;Pipistrellus pipistrellus;2023-09-27;9;2023-10-16;1;foeragerend;batdetector;onbekend;onbekend;156923.47001837473;211913.37372179795;4.467846870422363;51.21712875366211;FS0274;Deurne - Rivierenhof (Groendomein provincie Antwerpen - regio Antw.);Antwerpen;Deurne;Antwerpen;ObsMapp;J;Goedgekeurd op basis van kennisregels - nabijheid;1980-01-01;3;;3;Zoogdieren;Vespertilionidae;2026-07-08;387;S;algemeen
290770760;290770760;Gewone Dwergvleermuis;Pipistrellus pipistrellus;2023-09-27;9;2023-10-16;1;foeragerend;batdetector;onbekend;onbekend;156956.89456086955;211957.1322046984;4.468326091766357;51.21752166748047;FS0275;Deurne - Rivierenhof (Groendomein provincie Antwerpen - regio Antw.);Antwerpen;Deurne;Antwerpen;ObsMapp;J;Goedgekeurd op basis van kennisregels - nabijheid;1980-01-01;3;;9;Zoogdieren;Vespertilionidae;2026-07-08;387;S;algemeen
290770758;290770758;Gewone Dwergvleermuis;Pipistrellus pipistrellus;2023-09-27;9;2023-10-16;1;foeragerend;batdetector;onbekend;onbekend;157015.60858783388;211925.3816092722;4.469165802001953;51.21723556518555;FS0275;Deurne - Rivierenhof (Groendomein provincie Antwerpen - regio Antw.);Antwerpen;Deurne;Antwerpen;ObsMapp;J;Goedgekeurd op basis van kennisregels - nabijheid;1980-01-01;3;;9;Zoogdieren;Vespertilionidae;2026-07-08;387;S;algemeen
290770757;290770757;Gewone Dwergvleermuis;Pipistrellus pipistrellus;2023-09-27;9;2023-10-16;1;foeragerend;batdetector;onbekend;onbekend;157038.69923861264;211899.52453944087;4.46949577331543;51.21700286865234;FS0274;Deurne - Rivierenhof (Groendomein provincie Antwerpen - regio Antw.);Antwerpen;Deurne;Antwerpen;ObsMapp;J;Goedgekeurd op basis van kennisregels - nabijheid;1980-01-01;3;;9;Zoogdieren;Vespertilionidae;2026-07-08;387;S;algemeen
290770747;290770747;Gewone Dwergvleermuis;Pipistrellus pipistrellus;2023-09-27;9;2023-10-16;1;foeragerend;batdetector;onbekend;onbekend;157069.01536797523;211682.69641791284;4.469925403594971;51.21505355834961;FS0274;Deurne - Rivierenhof (Groendomein provincie Antwerpen - regio Antw.);Antwerpen;Deurne;Antwerpen;ObsMapp;J;Goedgekeurd op basis van kennisregels - nabijheid;1980-01-01;3;;9;Zoogdieren;Vespertilionidae;2026-07-08;387;S;algemeen
290770745;290770745;Gewone Dwergvleermuis;Pipistrellus pipistrellus;2023-09-27;9;2023-10-16;1;foeragerend;batdetector;onbekend;onbekend;157043.3204593072;211687.32966297303;4.469557762145996;51.21509552001953;FS0274;Deurne - Rivierenhof (Groendomein provincie Antwerpen - regio Antw.);Antwerpen;Deurne;Antwerpen;ObsMapp;J;Goedgekeurd op basis van kennisregels - nabijheid;1980-01-01;3;;4;Zoogdieren;Vespertilionidae;2026-07-08;387;S;algemeen
290770744;290770744;Gewone Dwergvleermuis;Pipistrellus pipistrellus;2023-09-27;9;2023-10-16;1;foeragerend;batdetector;onbekend;onbekend;156997.7474033575;211633.36850455217;4.468904495239258;51.2146110534668;FS0274;Deurne - Rivierenhof (Groendomein provincie Antwerpen - regio Antw.);Antwerpen;Deurne;Antwerpen;ObsMapp;J;Goedgekeurd op basis van kennisregels - nabijheid;1980-01-01;3;;5;Zoogdieren;Vespertilionidae;2026-07-08;387;S;algemeen
290770743;290770743;Gewone Dwergvleermuis;Pipistrellus pipistrellus;2023-09-27;9;2023-10-16;1;foeragerend;batdetector;onbekend;onbekend;157009.88813591894;211624.0481570885;4.469078063964844;51.21452713012695;FS0274;Deurne - Rivierenhof (Groendomein provincie Antwerpen - regio Antw.);Antwerpen;Deurne;Antwerpen;ObsMapp;J;Goedgekeurd op basis van kennisregels - nabijheid;1980-01-01;3;;5;Zoogdieren;Vespertilionidae;2026-07-08;387;S;algemeen
290770742;290770742;Gewone Dwergvleermuis;Pipistrellus pipistrellus;2023-09-27;9;2023-10-16;1;foeragerend;batdetector;onbekend;onbekend;157012.15439389297;211623.62683798184;4.469110488891602;51.21452331542969;FS0274;Deurne - Rivierenhof (Groendomein provincie Antwerpen - regio Antw.);Antwerpen;Deurne;Antwerpen;ObsMapp;J;Goedgekeurd op basis van kennisregels - nabijheid;1980-01-01;3;;3;Zoogdieren;Vespertilionidae;2026-07-08;387;S;algemeen
290770741;290770741;Gewone Dwergvleermuis;Pipistrellus pipistrellus;2023-09-27;9;2023-10-16;1;foeragerend;batdetector;onbekend;onbekend;157055.33153562003;211626.6565801818;4.469728469848633;51.21455001831055;FS0274;Deurne - Rivierenhof (Groendomein provincie Antwerpen - regio Antw.);Antwerpen;Deurne;Antwerpen;ObsMapp;J;Goedgekeurd op basis van kennisregels - nabijheid;1980-01-01;3;;9;Zoogdieren;Vespertilionidae;2026-07-08;387;S;algemeen
290770740;290770740;Gewone Dwergvleermuis;Pipistrellus pipistrellus;2023-09-27;9;2023-10-16;1;foeragerend;batdetector;onbekend;onbekend;157036.19349668812;211611.7763424171;4.469454288482666;51.21441650390625;FS0274;Deurne - Rivierenhof (Groendomein provincie Antwerpen - regio Antw.);Antwerpen;Deurne;Antwerpen;ObsMapp;J;Goedgekeurd op basis van kennisregels - nabijheid;1980-01-01;3;;5;Zoogdieren;Vespertilionidae;2026-07-08;387;S;algemeen
290770739;290770739;Gewone Dwergvleermuis;Pipistrellus pipistrellus;2023-09-27;9;2023-10-16;1;foeragerend;batdetector;onbekend;onbekend;156954.3147169296;211646.8905800758;4.468283176422119;51.2147331237793;FS0274;Deurne - Rivierenhof (Groendomein provincie Antwerpen - regio Antw.);Antwerpen;Deurne;Antwerpen;ObsMapp;J;Goedgekeurd op basis van kennisregels - nabijheid;1980-01-01;3;;12;Zoogdieren;Vespertilionidae;2026-07-08;387;S;algemeen
290770738;290770738;Gewone Dwergvleermuis;Pipistrellus pipistrellus;2023-09-27;9;2023-10-16;1;foeragerend;batdetector;onbekend;onbekend;156882.7619275751;211659.9509814512;4.467259407043457;51.21485137939453;FS0274;Deurne - Rivierenhof (Groendomein provincie Antwerpen - regio Antw.);Antwerpen;Deurne;Antwerpen;ObsMapp;J;Goedgekeurd op basis van kennisregels - nabijheid;1980-01-01;3;;10;Zoogdieren;Vespertilionidae;2026-07-08;387;S;algemeen
290770734;290770734;Gewone Dwergvleermuis;Pipistrellus pipistrellus;2023-09-27;9;2023-10-16;1;foeragerend;batdetector;onbekend;onbekend;156870.69253422166;211715.95596553385;4.467087745666504;51.2153549194336;FS0274;Deurne - Rivierenhof (Groendomein provincie Antwerpen - regio Antw.);Antwerpen;Deurne;Antwerpen;ObsMapp;J;Goedgekeurd op basis van kennisregels - nabijheid;1980-01-01;3;;9;Zoogdieren;Vespertilionidae;2026-07-08;387;S;algemeen
290770733;290770733;Gewone Dwergvleermuis;Pipistrellus pipistrellus;2023-09-27;9;2023-10-16;1;foeragerend;batdetector;onbekend;onbekend;156646.5261417504;211768.28779041956;4.46388053894043;51.21582794189453;FS0274;Deurne - Rivierenhof (Groendomein provincie Antwerpen - regio Antw.);Antwerpen;Deurne;Antwerpen;ObsMapp;J;Goedgekeurd op basis van kennisregels - nabijheid;1980-01-01;3;;4;Zoogdieren;Vespertilionidae;2026-07-08;387;S;algemeen
290770732;290770732;Gewone Dwergvleermuis;Pipistrellus pipistrellus;2023-09-27;9;2023-10-16;1;foeragerend;batdetector;onbekend;onbekend;156631.3206189404;211752.1409078976;4.463662624359131;51.21568298339844;FS0274;Deurne - Rivierenhof (Groendomein provincie Antwerpen - regio Antw.);Antwerpen;Deurne;Antwerpen;ObsMapp;J;Goedgekeurd op basis van kennisregels - nabijheid;1980-01-01;3;;6;Zoogdieren;Vespertilionidae;2026-07-08;387;S;algemeen
290770731;290770731;Gewone Dwergvleermuis;Pipistrellus pipistrellus;2023-09-27;9;2023-10-16;1;foeragerend;batdetector;onbekend;onbekend;156621.1635355986;211748.30822271667;4.463517189025879;51.21564865112305;FS0274;Deurne - Rivierenhof (Groendomein provincie Antwerpen - regio Antw.);Antwerpen;Deurne;Antwerpen;ObsMapp;J;Goedgekeurd op basis van kennisregels - nabijheid;1980-01-01;3;;12;Zoogdieren;Vespertilionidae;2026-07-08;387;S;algemeen
290770730;290770730;Gewone Dwergvleermuis;Pipistrellus pipistrellus;2023-09-27;9;2023-10-16;1;foeragerend;batdetector;onbekend;onbekend;156624.95087559827;211756.80113742035;4.463571548461914;51.21572494506836;FS0274;Deurne - Rivierenhof (Groendomein provincie Antwerpen - regio Antw.);Antwerpen;Deurne;Antwerpen;ObsMapp;J;Goedgekeurd op basis van kennisregels - nabijheid;1980-01-01;3;;12;Zoogdieren;Vespertilionidae;2026-07-08;387;S;algemeen
290770729;290770729;Gewone Dwergvleermuis;Pipistrellus pipistrellus;2023-09-27;9;2023-10-16;1;foeragerend;batdetector;onbekend;onbekend;156663.40936903376;211800.98857948743;4.464122772216797;51.216121673583984;FS0274;Deurne - Rivierenhof (Groendomein provincie Antwerpen - regio Antw.);Antwerpen;Deurne;Antwerpen;ObsMapp;J;Goedgekeurd op basis van kennisregels - nabijheid;1980-01-01;3;;3;Zoogdieren;Vespertilionidae;2026-07-08;387;S;algemeen
290770728;290770728;Gewone Dwergvleermuis;Pipistrellus pipistrellus;2023-09-27;9;2023-10-16;1;foeragerend;batdetector;onbekend;onbekend;156659.7893604784;211869.3126850901;4.464072227478027;51.21673583984375;FS0274;Deurne - Rivierenhof (Groendomein provincie Antwerpen - regio Antw.);Antwerpen;Deurne;Antwerpen;ObsMapp;J;Goedgekeurd op basis van kennisregels - nabijheid;1980-01-01;3;;9;Zoogdieren;Vespertilionidae;2026-07-08;387;S;algemeen
290770725;290770725;Gewone Dwergvleermuis;Pipistrellus pipistrellus;2023-09-27;9;2023-10-16;1;foeragerend;batdetector;onbekend;onbekend;156666.8460280307;211874.41464198288;4.464173316955566;51.21678161621094;FS0274;Deurne - Rivierenhof (Groendomein provincie Antwerpen - regio Antw.);Antwerpen;Deurne;Antwerpen;ObsMapp;J;Goedgekeurd op basis van kennisregels - nabijheid;1980-01-01;3;;9;Zoogdieren;Vespertilionidae;2026-07-08;387;S;algemeen
290770724;290770724;Gewone Dwergvleermuis;Pipistrellus pipistrellus;2023-09-27;9;2023-10-16;1;foeragerend;batdetector;onbekend;onbekend;156672.85775489293;211888.85210944712;4.464259624481201;51.21691131591797;FS0274;Deurne - Rivierenhof (Groendomein provincie Antwerpen - regio Antw.);Antwerpen;Deurne;Antwerpen;ObsMapp;J;Goedgekeurd op basis van kennisregels - nabijheid;1980-01-01;3;;4;Zoogdieren;Vespertilionidae;2026-07-08;387;S;algemeen
290770723;290770723;Gewone Dwergvleermuis;Pipistrellus pipistrellus;2023-09-27;9;2023-10-16;1;foeragerend;batdetector;onbekend;onbekend;156689.06831916174;211900.3319994472;4.464491844177246;51.21701431274414;FS0274;Deurne - Rivierenhof (Groendomein provincie Antwerpen - regio Antw.);Antwerpen;Deurne;Antwerpen;ObsMapp;J;Goedgekeurd op basis van kennisregels - nabijheid;1980-01-01;3;;4;Zoogdieren;Vespertilionidae;2026-07-08;387;S;algemeen
290770721;290770721;Gewone Dwergvleermuis;Pipistrellus pipistrellus;2023-09-27;9;2023-10-16;2;foeragerend;batdetector;onbekend;onbekend;156719.94215933303;211908.86022862975;4.4649338722229;51.21709060668945;FS0274;Deurne - Rivierenhof (Groendomein provincie Antwerpen - regio Antw.);Antwerpen;Deurne;Antwerpen;ObsMapp;J;Goedgekeurd op basis van kennisregels - nabijheid;1980-01-01;3;;4;Zoogdieren;Vespertilionidae;2026-07-08;387;S;algemeen
290770720;290770720;Gewone Dwergvleermuis;Pipistrellus pipistrellus;2023-09-27;9;2023-10-16;1;foeragerend;batdetector;onbekend;onbekend;156733.82477535636;211891.4778525112;4.465132236480713;51.21693420410156;FS0274;Deurne - Rivierenhof (Groendomein provincie Antwerpen - regio Antw.);Antwerpen;Deurne;Antwerpen;ObsMapp;J;Goedgekeurd op basis van kennisregels - nabijheid;1980-01-01;3;;9;Zoogdieren;Vespertilionidae;2026-07-08;387;S;algemeen
290770719;290770719;Gewone Dwergvleermuis;Pipistrellus pipistrellus;2023-09-27;9;2023-10-16;1;foeragerend;batdetector;onbekend;onbekend;156727.05357522564;211871.9464927157;4.46503496170044;51.216758728027344;FS0274;Deurne - Rivierenhof (Groendomein provincie Antwerpen - regio Antw.);Antwerpen;Deurne;Antwerpen;ObsMapp;J;Goedgekeurd op basis van kennisregels - nabijheid;1980-01-01;3;;9;Zoogdieren;Vespertilionidae;2026-07-08;387;S;algemeen
290770718;290770718;Gewone Dwergvleermuis;Pipistrellus pipistrellus;2023-09-27;9;2023-10-16;2;foeragerend;batdetector;onbekend;onbekend;156717.0306195312;211867.68939052612;4.46489143371582;51.21672058105469;FS0274;Deurne - Rivierenhof (Groendomein provincie Antwerpen - regio Antw.);Antwerpen;Deurne;Antwerpen;ObsMapp;J;Goedgekeurd op basis van kennisregels - nabijheid;1980-01-01;3;;8;Zoogdieren;Vespertilionidae;2026-07-08;387;S;algemeen
290770717;290770717;Gewone Dwergvleermuis;Pipistrellus pipistrellus;2023-09-27;9;2023-10-16;1;foeragerend;batdetector;onbekend;onbekend;156709.2448803635;211859.61559880615;4.464779853820801;51.21664810180664;FS0274;Deurne - Rivierenhof (Groendomein provincie Antwerpen - regio Antw.);Antwerpen;Deurne;Antwerpen;ObsMapp;J;Goedgekeurd op basis van kennisregels - nabijheid;1980-01-01;3;;3;Zoogdieren;Vespertilionidae;2026-07-08;387;S;algemeen
290770714;290770714;Gewone Dwergvleermuis;Pipistrellus pipistrellus;2023-09-27;9;2023-10-16;1;foeragerend;batdetector;onbekend;onbekend;156681.9479969076;211713.16131781787;4.464386463165283;51.21533203125;FS0274;Deurne - Rivierenhof (Groendomein provincie Antwerpen - regio Antw.);Antwerpen;Deurne;Antwerpen;ObsMapp;J;Goedgekeurd op basis van kennisregels - nabijheid;1980-01-01;3;;3;Zoogdieren;Vespertilionidae;2026-07-08;387;S;algemeen
290770712;290770712;Gewone Dwergvleermuis;Pipistrellus pipistrellus;2023-09-27;9;2023-10-16;1;foeragerend;batdetector;onbekend;onbekend;156739.00822289515;211571.0609275438;4.465200424194336;51.214054107666016;FS0274;Deurne - Rivierenhof (Groendomein provincie Antwerpen - regio Antw.);Antwerpen;Deurne;Antwerpen;ObsMapp;J;Goedgekeurd op basis van kennisregels - nabijheid;1980-01-01;3;;6;Zoogdieren;Vespertilionidae;2026-07-08;387;S;algemeen
290770711;290770711;Gewone Dwergvleermuis;Pipistrellus pipistrellus;2023-09-27;9;2023-10-16;1;foeragerend;batdetector;onbekend;onbekend;156757.06625085813;211521.0051443381;4.465457916259766;51.21360397338867;FS0274;Deurne - Rivierenhof (Groendomein provincie Antwerpen - regio Antw.);Antwerpen;Deurne;Antwerpen;ObsMapp;J;Goedgekeurd op basis van kennisregels - nabijheid;1980-01-01;3;;4;Zoogdieren;Vespertilionidae;2026-07-08;387;S;algemeen
290770709;290770709;Gewone Dwergvleermuis;Pipistrellus pipistrellus;2023-09-27;9;2023-10-16;1;foeragerend;batdetector;onbekend;onbekend;156739.98664598234;211434.4047907358;4.465211868286133;51.21282577514648;FS0274;Deurne - Rivierenhof (Groendomein provincie Antwerpen - regio Antw.);Antwerpen;Deurne;Antwerpen;ObsMapp;J;Goedgekeurd op basis van kennisregels - nabijheid;1980-01-01;3;;6;Zoogdieren;Vespertilionidae;2026-07-08;387;S;algemeen
290770707;290770707;Gewone Dwergvleermuis;Pipistrellus pipistrellus;2023-09-27;9;2023-10-16;1;foeragerend;batdetector;onbekend;onbekend;156785.55242292426;211294.83643185903;4.4658613204956055;51.211570739746094;FS0274;Deurne - Rivierenhof (Groendomein provincie Antwerpen - regio Antw.);Antwerpen;Deurne;Antwerpen;ObsMapp;J;Goedgekeurd op basis van kennisregels - nabijheid;1980-01-01;3;;5;Zoogdieren;Vespertilionidae;2026-07-08;387;S;algemeen
290770705;290770705;Gewone Dwergvleermuis;Pipistrellus pipistrellus;2023-09-27;9;2023-10-16;1;foeragerend;batdetector;onbekend;onbekend;156815.26740914458;211300.39286843408;4.466286659240723;51.21162033081055;FS0274;Deurne - Rivierenhof (Groendomein provincie Antwerpen - regio Antw.);Antwerpen;Deurne;Antwerpen;ObsMapp;J;Goedgekeurd op basis van kennisregels - nabijheid;1980-01-01;3;;3;Zoogdieren;Vespertilionidae;2026-07-08;387;S;algemeen
290770704;290770704;Gewone Dwergvleermuis;Pipistrellus pipistrellus;2023-09-27;9;2023-10-16;1;foeragerend;batdetector;onbekend;onbekend;156852.12431120125;211322.5106312381;4.4668145179748535;51.21181869506836;FS0274;Deurne - Rivierenhof (Groendomein provincie Antwerpen - regio Antw.);Antwerpen;Deurne;Antwerpen;ObsMapp;J;Goedgekeurd op basis van kennisregels - nabijheid;1980-01-01;3;;4;Zoogdieren;Vespertilionidae;2026-07-08;387;S;algemeen
290770702;290770702;Gewone Dwergvleermuis;Pipistrellus pipistrellus;2023-09-27;9;2023-10-16;1;foeragerend;batdetector;onbekend;onbekend;156876.36767230934;211333.15296593212;4.467161655426025;51.2119140625;FS0274;Deurne - Rivierenhof (Groendomein provincie Antwerpen - regio Antw.);Antwerpen;Deurne;Antwerpen;ObsMapp;J;Goedgekeurd op basis van kennisregels - nabijheid;1980-01-01;3;;3;Zoogdieren;Vespertilionidae;2026-07-08;387;S;algemeen
290770698;290770698;Gewone Dwergvleermuis;Pipistrellus pipistrellus;2023-09-27;9;2023-10-16;1;foeragerend;batdetector;onbekend;onbekend;156907.407773934;211344.228921731;4.467606067657471;51.212013244628906;FS0274;Deurne - Rivierenhof (Groendomein provincie Antwerpen - regio Antw.);Antwerpen;Deurne;Antwerpen;ObsMapp;J;Goedgekeurd op basis van kennisregels - nabijheid;1980-01-01;3;;4;Zoogdieren;Vespertilionidae;2026-07-08;387;S;algemeen
290770697;290770697;Gewone Dwergvleermuis;Pipistrellus pipistrellus;2023-09-27;9;2023-10-16;1;foeragerend;batdetector;onbekend;onbekend;156921.34237484785;211314.5395004004;4.467804908752441;51.21174621582031;FS0274;Deurne - Rivierenhof (Groendomein provincie Antwerpen - regio Antw.);Antwerpen;Deurne;Antwerpen;ObsMapp;J;Goedgekeurd op basis van kennisregels - nabijheid;1980-01-01;3;;5;Zoogdieren;Vespertilionidae;2026-07-08;387;S;algemeen
290770696;290770696;Gewone Dwergvleermuis;Pipistrellus pipistrellus;2023-09-27;9;2023-10-16;1;foeragerend;batdetector;onbekend;onbekend;156949.7575932421;211320.0949624423;4.468211650848389;51.211795806884766;FS0274;Deurne - Rivierenhof (Groendomein provincie Antwerpen - regio Antw.);Antwerpen;Deurne;Antwerpen;ObsMapp;J;Goedgekeurd op basis van kennisregels - nabijheid;1980-01-01;3;;5;Zoogdieren;Vespertilionidae;2026-07-08;387;S;algemeen
290770695;290770695;Gewone Dwergvleermuis;Pipistrellus pipistrellus;2023-09-27;9;2023-10-16;1;foeragerend;batdetector;onbekend;onbekend;156948.03820731264;211334.9467028081;4.46818733215332;51.21192932128906;FS0274;Deurne - Rivierenhof (Groendomein provincie Antwerpen - regio Antw.);Antwerpen;Deurne;Antwerpen;ObsMapp;J;Goedgekeurd op basis van kennisregels - nabijheid;1980-01-01;3;;4;Zoogdieren;Vespertilionidae;2026-07-08;387;S;algemeen
290770687;290770687;Gewone Dwergvleermuis;Pipistrellus pipistrellus;2023-09-27;9;2023-10-16;1;foeragerend;batdetector;onbekend;onbekend;157129.56830375924;211408.19171773456;4.4707865715026855;51.21258544921875;FS0274;Deurne - Rivierenhof (Groendomein provincie Antwerpen - regio Antw.);Antwerpen;Deurne;Antwerpen;ObsMapp;J;Goedgekeurd op basis van kennisregels - nabijheid;1980-01-01;3;;4;Zoogdieren;Vespertilionidae;2026-07-08;387;S;algemeen
290770686;290770686;Gewone Dwergvleermuis;Pipistrellus pipistrellus;2023-09-27;9;2023-10-16;1;foeragerend;batdetector;onbekend;onbekend;157130.17335136508;211404.37293834053;4.470795154571533;51.21255111694336;FS0274;Deurne - Rivierenhof (Groendomein provincie Antwerpen - regio Antw.);Antwerpen;Deurne;Antwerpen;ObsMapp;J;Goedgekeurd op basis van kennisregels - nabijheid;1980-01-01;3;;3;Zoogdieren;Vespertilionidae;2026-07-08;387;S;algemeen
290770684;290770684;Gewone Dwergvleermuis;Pipistrellus pipistrellus;2023-09-27;9;2023-10-16;1;foeragerend;batdetector;onbekend;onbekend;157148.91440062402;211417.55535332765;4.471063613891602;51.212669372558594;FS0274;Deurne - Rivierenhof (Groendomein provincie Antwerpen - regio Antw.);Antwerpen;Deurne;Antwerpen;ObsMapp;J;Goedgekeurd op basis van kennisregels - nabijheid;1980-01-01;3;;4;Zoogdieren;Vespertilionidae;2026-07-08;387;S;algemeen
290770683;290770683;Gewone Dwergvleermuis;Pipistrellus pipistrellus;2023-09-27;9;2023-10-16;1;foeragerend;batdetector;onbekend;onbekend;157148.14685990772;211418.4030925315;4.471052646636963;51.212677001953125;FS0274;Deurne - Rivierenhof (Groendomein provincie Antwerpen - regio Antw.);Antwerpen;Deurne;Antwerpen;ObsMapp;J;Goedgekeurd op basis van kennisregels - nabijheid;1980-01-01;3;;5;Zoogdieren;Vespertilionidae;2026-07-08;387;S;algemeen
290770681;290770681;Gewone Dwergvleermuis;Pipistrellus pipistrellus;2023-09-27;9;2023-10-16;1;foeragerend;batdetector;onbekend;onbekend;157292.77312496427;211453.83102806375;4.473123073577881;51.21299362182617;FS0274;Deurne - Rivierenhof (Groendomein provincie Antwerpen - regio Antw.);Antwerpen;Deurne;Antwerpen;ObsMapp;J;Goedgekeurd op basis van kennisregels - nabijheid;1980-01-01;3;;4;Zoogdieren;Vespertilionidae;2026-07-08;387;S;algemeen
290770680;290770680;Gewone Dwergvleermuis;Pipistrellus pipistrellus;2023-09-27;9;2023-10-16;1;foeragerend;batdetector;onbekend;onbekend;157296.15825903884;211439.83055550695;4.473171234130859;51.212867736816406;FS0274;Deurne - Rivierenhof (Groendomein provincie Antwerpen - regio Antw.);Antwerpen;Deurne;Antwerpen;ObsMapp;J;Goedgekeurd op basis van kennisregels - nabijheid;1980-01-01;3;;3;Zoogdieren;Vespertilionidae;2026-07-08;387;S;algemeen
290770678;290770678;Gewone Dwergvleermuis;Pipistrellus pipistrellus;2023-09-27;9;2023-10-16;1;foeragerend;batdetector;onbekend;onbekend;156967.02517218282;211289.98575988223;4.46845817565918;51.211524963378906;FS0274;Deurne - Rivierenhof (Groendomein provincie Antwerpen - regio Antw.);Antwerpen;Deurne;Antwerpen;ObsMapp;J;Goedgekeurd op basis van kennisregels - nabijheid;1980-01-01;3;;5;Zoogdieren;Vespertilionidae;2026-07-08;387;S;algemeen
369995981;369995981;Gewone Dwergvleermuis;Pipistrellus pipistrellus;2025-08-23;8;2025-08-23;1;ter plaatse;onbekend;onbekend;onbekend;235064.9471859323;199198.46874354128;5.583131955358357;51.09662189523756;FS8063;  ;Meeuwen-Gruitrode;Gruitrode;Limburg;ObsIdentify;J;Goedgekeurd op basis van expertoordeel;1980-01-01;3;;4;Zoogdieren;Vespertilionidae;2026-07-08;387;S;algemeen
290770660;290770660;Gewone Dwergvleermuis;Pipistrellus pipistrellus;2023-10-02;10;2023-10-16;1;foeragerend;batdetector;onbekend;onbekend;157420.40393602726;211628.44239355344;4.4749531745910645;51.21456146240234;FS0374;Deurne - Rivierenhof (Groendomein provincie Antwerpen - regio Antw.);Antwerpen;Deurne;Antwerpen;ObsMapp;J;Goedgekeurd op basis van kennisregels - nabijheid;1980-01-01;3;;3;Zoogdieren;Vespertilionidae;2026-07-08;387;S;algemeen
290770659;290770659;Gewone Dwergvleermuis;Pipistrellus pipistrellus;2023-10-02;10;2023-10-16;1;foeragerend;batdetector;onbekend;onbekend;157411.54296475474;211627.1564409407;4.474826335906982;51.21455001831055;FS0374;Deurne - Rivierenhof (Groendomein provincie Antwerpen - regio Antw.);Antwerpen;Deurne;Antwerpen;ObsMapp;J;Goedgekeurd op basis van kennisregels - nabijheid;1980-01-01;3;;4;Zoogdieren;Vespertilionidae;2026-07-08;387;S;algemeen
290770658;290770658;Gewone Dwergvleermuis;Pipistrellus pipistrellus;2023-10-02;10;2023-10-16;1;foeragerend;batdetector;onbekend;onbekend;157385.05876531298;211624.14761971124;4.474447250366211;51.21452331542969;FS0274;Deurne - Rivierenhof (Groendomein provincie Antwerpen - regio Antw.);Antwerpen;Deurne;Antwerpen;ObsMapp;J;Goedgekeurd op basis van kennisregels - nabijheid;1980-01-01;3;;6;Zoogdieren;Vespertilionidae;2026-07-08;387;S;algemeen
290770656;290770656;Gewone Dwergvleermuis;Pipistrellus pipistrellus;2023-10-02;10;2023-10-16;1;foeragerend;batdetector;onbekend;onbekend;157287.0782819695;211616.79335199483;4.473044872283936;51.21445846557617;FS0274;Deurne - Rivierenhof (Groendomein provincie Antwerpen - regio Antw.);Antwerpen;Deurne;Antwerpen;ObsMapp;J;Goedgekeurd op basis van kennisregels - nabijheid;1980-01-01;3;;9;Zoogdieren;Vespertilionidae;2026-07-08;387;S;algemeen
290770654;290770654;Gewone Dwergvleermuis;Pipistrellus pipistrellus;2023-10-02;10;2023-10-16;1;foeragerend;batdetector;onbekend;onbekend;157202.38417576384;211638.7432310544;4.471833229064941;51.214656829833984;FS0274;Deurne - Rivierenhof (Groendomein provincie Antwerpen - regio Antw.);Antwerpen;Deurne;Antwerpen;ObsMapp;J;Goedgekeurd op basis van kennisregels - nabijheid;1980-01-01;3;;10;Zoogdieren;Vespertilionidae;2026-07-08;387;S;algemeen
290770652;290770652;Gewone Dwergvleermuis;Pipistrellus pipistrellus;2023-10-02;10;2023-10-16;1;foeragerend;batdetector;onbekend;onbekend;157194.04442192713;211645.94642165024;4.471714019775391;51.2147216796875;FS0274;Deurne - Rivierenhof (Groendomein provincie Antwerpen - regio Antw.);Antwerpen;Deurne;Antwerpen;ObsMapp;J;Goedgekeurd op basis van kennisregels - nabijheid;1980-01-01;3;;3;Zoogdieren;Vespertilionidae;2026-07-08;387;S;algemeen
290770650;290770650;Gewone Dwergvleermuis;Pipistrellus pipistrellus;2023-10-02;10;2023-10-16;1;foeragerend;batdetector;onbekend;onbekend;157220.8666853754;211764.39215935208;4.472100257873535;51.21578598022461;FS0274;Deurne - Rivierenhof (Groendomein provincie Antwerpen - regio Antw.);Antwerpen;Deurne;Antwerpen;ObsMapp;J;Goedgekeurd op basis van kennisregels - nabijheid;1980-01-01;3;;8;Zoogdieren;Vespertilionidae;2026-07-08;387;S;algemeen
290770646;290770646;Gewone Dwergvleermuis;Pipistrellus pipistrellus;2023-10-02;10;2023-10-16;1;foeragerend;batdetector;onbekend;onbekend;157248.10335062892;211658.32981597076;4.472487926483154;51.2148323059082;FS0274;Deurne - Rivierenhof (Groendomein provincie Antwerpen - regio Antw.);Antwerpen;Deurne;Antwerpen;ObsMapp;J;Goedgekeurd op basis van kennisregels - nabijheid;1980-01-01;3;;9;Zoogdieren;Vespertilionidae;2026-07-08;387;S;algemeen
290770645;290770645;Gewone Dwergvleermuis;Pipistrellus pipistrellus;2023-10-02;10;2023-10-16;1;foeragerend;batdetector;onbekend;onbekend;157249.8835625542;211648.146666768;4.472513198852539;51.21474075317383;FS0274;Deurne - Rivierenhof (Groendomein provincie Antwerpen - regio Antw.);Antwerpen;Deurne;Antwerpen;ObsMapp;J;Goedgekeurd op basis van kennisregels - nabijheid;1980-01-01;3;;9;Zoogdieren;Vespertilionidae;2026-07-08;387;S;algemeen
290770644;290770644;Gewone Dwergvleermuis;Pipistrellus pipistrellus;2023-10-02;10;2023-10-16;1;foeragerend;batdetector;onbekend;onbekend;157268.7626847994;211657.0856996905;4.47278356552124;51.214820861816406;FS0274;Deurne - Rivierenhof (Groendomein provincie Antwerpen - regio Antw.);Antwerpen;Deurne;Antwerpen;ObsMapp;J;Goedgekeurd op basis van kennisregels - nabijheid;1980-01-01;3;;6;Zoogdieren;Vespertilionidae;2026-07-08;387;S;algemeen
290770643;290770643;Gewone Dwergvleermuis;Pipistrellus pipistrellus;2023-10-02;10;2023-10-16;1;foeragerend;batdetector;onbekend;onbekend;157272.59013470344;211660.0619135769;4.472838401794434;51.21484756469727;FS0274;Deurne - Rivierenhof (Groendomein provincie Antwerpen - regio Antw.);Antwerpen;Deurne;Antwerpen;ObsMapp;J;Goedgekeurd op basis van kennisregels - nabijheid;1980-01-01;3;;9;Zoogdieren;Vespertilionidae;2026-07-08;387;S;algemeen
290770640;290770640;Gewone Dwergvleermuis;Pipistrellus pipistrellus;2023-10-02;10;2023-10-16;1;foeragerend;batdetector;onbekend;onbekend;157285.20468872454;211669.41657459643;4.473019123077393;51.21493148803711;FS0274;Deurne - Rivierenhof (Groendomein provincie Antwerpen - regio Antw.);Antwerpen;Deurne;Antwerpen;ObsMapp;J;Goedgekeurd op basis van kennisregels - nabijheid;1980-01-01;3;;10;Zoogdieren;Vespertilionidae;2026-07-08;387;S;algemeen
290770639;290770639;Gewone Dwergvleermuis;Pipistrellus pipistrellus;2023-10-02;10;2023-10-16;1;foeragerend;batdetector;onbekend;onbekend;157314.16411897878;211688.9800856756;4.473433971405029;51.21510696411133;FS0274;Deurne - Rivierenhof (Groendomein provincie Antwerpen - regio Antw.);Antwerpen;Deurne;Antwerpen;ObsMapp;J;Goedgekeurd op basis van kennisregels - nabijheid;1980-01-01;3;;9;Zoogdieren;Vespertilionidae;2026-07-08;387;S;algemeen
290770638;290770638;Gewone Dwergvleermuis;Pipistrellus pipistrellus;2023-10-02;10;2023-10-16;1;foeragerend;batdetector;onbekend;onbekend;157336.03015906876;211705.98724712525;4.473747253417969;51.21525955200195;FS0274;Deurne - Rivierenhof (Groendomein provincie Antwerpen - regio Antw.);Antwerpen;Deurne;Antwerpen;ObsMapp;J;Goedgekeurd op basis van kennisregels - nabijheid;1980-01-01;3;;9;Zoogdieren;Vespertilionidae;2026-07-08;387;S;algemeen
290770637;290770637;Gewone Dwergvleermuis;Pipistrellus pipistrellus;2023-10-02;10;2023-10-16;1;foeragerend;batdetector;onbekend;onbekend;157335.2977602479;211705.56180264428;4.473736763000488;51.21525573730469;FS0274;Deurne - Rivierenhof (Groendomein provincie Antwerpen - regio Antw.);Antwerpen;Deurne;Antwerpen;ObsMapp;J;Goedgekeurd op basis van kennisregels - nabijheid;1980-01-01;3;;9;Zoogdieren;Vespertilionidae;2026-07-08;387;S;algemeen
290770635;290770635;Gewone Dwergvleermuis;Pipistrellus pipistrellus;2023-10-02;10;2023-10-16;1;foeragerend;batdetector;onbekend;onbekend;157365.27095832632;211668.2571400972;4.474164962768555;51.21492004394531;FS0274;Deurne - Rivierenhof (Groendomein provincie Antwerpen - regio Antw.);Antwerpen;Deurne;Antwerpen;ObsMapp;J;Goedgekeurd op basis van kennisregels - nabijheid;1980-01-01;3;;8;Zoogdieren;Vespertilionidae;2026-07-08;387;S;algemeen
290770634;290770634;Gewone Dwergvleermuis;Pipistrellus pipistrellus;2023-10-02;10;2023-10-16;1;foeragerend;batdetector;onbekend;onbekend;157360.90380469116;211669.94851154368;4.47410249710083;51.214935302734375;FS0274;Deurne - Rivierenhof (Groendomein provincie Antwerpen - regio Antw.);Antwerpen;Deurne;Antwerpen;ObsMapp;J;Goedgekeurd op basis van kennisregels - nabijheid;1980-01-01;3;;9;Zoogdieren;Vespertilionidae;2026-07-08;387;S;algemeen
290770633;290770633;Gewone Dwergvleermuis;Pipistrellus pipistrellus;2023-10-02;10;2023-10-16;1;foeragerend;batdetector;onbekend;onbekend;157360.4900454332;211679.7091722861;4.474096775054932;51.21502304077149;FS0274;Deurne - Rivierenhof (Groendomein provincie Antwerpen - regio Antw.);Antwerpen;Deurne;Antwerpen;ObsMapp;J;Goedgekeurd op basis van kennisregels - nabijheid;1980-01-01;3;;9;Zoogdieren;Vespertilionidae;2026-07-08;387;S;algemeen
290770632;290770632;Gewone Dwergvleermuis;Pipistrellus pipistrellus;2023-10-02;10;2023-10-16;1;foeragerend;batdetector;onbekend;onbekend;157390.225799355;211692.05937892944;4.474522590637207;51.21513366699219;FS0274;Deurne - Rivierenhof (Groendomein provincie Antwerpen - regio Antw.);Antwerpen;Deurne;Antwerpen;ObsMapp;J;Goedgekeurd op basis van kennisregels - nabijheid;1980-01-01;3;;10;Zoogdieren;Vespertilionidae;2026-07-08;387;S;algemeen
290770631;290770631;Gewone Dwergvleermuis;Pipistrellus pipistrellus;2023-10-02;10;2023-10-16;1;foeragerend;batdetector;onbekend;onbekend;157412.555835915;211687.4230123144;4.474842071533203;51.215091705322266;FS0374;Deurne - Rivierenhof (Groendomein provincie Antwerpen - regio Antw.);Antwerpen;Deurne;Antwerpen;ObsMapp;J;Goedgekeurd op basis van kennisregels - nabijheid;1980-01-01;3;;10;Zoogdieren;Vespertilionidae;2026-07-08;387;S;algemeen
290770629;290770629;Gewone Dwergvleermuis;Pipistrellus pipistrellus;2023-10-02;10;2023-10-16;1;foeragerend;batdetector;onbekend;onbekend;157426.1182685347;211686.16932344905;4.475036144256592;51.21508026123047;FS0374;Deurne - Rivierenhof (Groendomein provincie Antwerpen - regio Antw.);Antwerpen;Deurne;Antwerpen;ObsMapp;J;Goedgekeurd op basis van kennisregels - nabijheid;1980-01-01;3;;4;Zoogdieren;Vespertilionidae;2026-07-08;387;S;algemeen
290770628;290770628;Gewone Dwergvleermuis;Pipistrellus pipistrellus;2023-10-02;10;2023-10-16;1;foeragerend;batdetector;onbekend;onbekend;157431.11419820422;211687.44972890988;4.475107669830322;51.215091705322266;FS0374;Deurne - Rivierenhof (Groendomein provincie Antwerpen - regio Antw.);Antwerpen;Deurne;Antwerpen;ObsMapp;J;Goedgekeurd op basis van kennisregels - nabijheid;1980-01-01;3;;12;Zoogdieren;Vespertilionidae;2026-07-08;387;S;algemeen
290770618;290770618;Gewone Dwergvleermuis;Pipistrellus pipistrellus;2023-10-02;10;2023-10-16;1;foeragerend;batdetector;onbekend;onbekend;157430.08093708404;211803.3100819746;4.475095272064209;51.21613311767578;FS0374;Deurne - Rivierenhof (Groendomein provincie Antwerpen - regio Antw.);Antwerpen;Deurne;Antwerpen;ObsMapp;J;Goedgekeurd op basis van kennisregels - nabijheid;1980-01-01;3;;6;Zoogdieren;Vespertilionidae;2026-07-08;387;S;algemeen
290770617;290770617;Gewone Dwergvleermuis;Pipistrellus pipistrellus;2023-10-02;10;2023-10-16;1;foeragerend;batdetector;onbekend;onbekend;157461.75081758143;211928.97897268832;4.475551128387451;51.217262268066406;FS0375;Deurne - Rivierenhof (Groendomein provincie Antwerpen - regio Antw.);Antwerpen;Deurne;Antwerpen;ObsMapp;J;Goedgekeurd op basis van kennisregels - nabijheid;1980-01-01;3;;3;Zoogdieren;Vespertilionidae;2026-07-08;387;S;algemeen
290770616;290770616;Gewone Dwergvleermuis;Pipistrellus pipistrellus;2023-10-02;10;2023-10-16;1;foeragerend;batdetector;onbekend;onbekend;157464.11570111182;211929.40679869708;4.475584983825684;51.21726608276367;FS0375;Deurne - Rivierenhof (Groendomein provincie Antwerpen - regio Antw.);Antwerpen;Deurne;Antwerpen;ObsMapp;J;Goedgekeurd op basis van kennisregels - nabijheid;1980-01-01;3;;4;Zoogdieren;Vespertilionidae;2026-07-08;387;S;algemeen
290770615;290770615;Gewone Dwergvleermuis;Pipistrellus pipistrellus;2023-10-02;10;2023-10-16;1;foeragerend;batdetector;onbekend;onbekend;157489.09284727066;211913.74012411383;4.475942134857178;51.21712493896485;FS0375;Deurne - Rivierenhof (Groendomein provincie Antwerpen - regio Antw.);Antwerpen;Deurne;Antwerpen;ObsMapp;J;Goedgekeurd op basis van kennisregels - nabijheid;1980-01-01;3;;6;Zoogdieren;Vespertilionidae;2026-07-08;387;S;algemeen
290770613;290770613;Gewone Dwergvleermuis;Pipistrellus pipistrellus;2023-10-02;10;2023-10-16;1;foeragerend;batdetector;onbekend;onbekend;157478.42895406263;211915.422254866;4.475789546966553;51.21714019775391;FS0375;Deurne - Rivierenhof (Groendomein provincie Antwerpen - regio Antw.);Antwerpen;Deurne;Antwerpen;ObsMapp;J;Goedgekeurd op basis van kennisregels - nabijheid;1980-01-01;3;;9;Zoogdieren;Vespertilionidae;2026-07-08;387;S;algemeen
290770612;290770612;Gewone Dwergvleermuis;Pipistrellus pipistrellus;2023-10-02;10;2023-10-16;1;foeragerend;batdetector;onbekend;onbekend;157493.91765209357;211986.74439346415;4.476012706756592;51.21778106689453;FS0375;Deurne - Rivierenhof (Groendomein provincie Antwerpen - regio Antw.);Antwerpen;Deurne;Antwerpen;ObsMapp;J;Goedgekeurd op basis van kennisregels - nabijheid;1980-01-01;3;;4;Zoogdieren;Vespertilionidae;2026-07-08;387;S;algemeen
290770611;290770611;Gewone Dwergvleermuis;Pipistrellus pipistrellus;2023-10-02;10;2023-10-16;1;foeragerend;batdetector;onbekend;onbekend;157494.0182185085;211986.3201369252;4.476014137268066;51.21777725219727;FS0375;Deurne - Rivierenhof (Groendomein provincie Antwerpen - regio Antw.);Antwerpen;Deurne;Antwerpen;ObsMapp;J;Goedgekeurd op basis van kennisregels - nabijheid;1980-01-01;3;;3;Zoogdieren;Vespertilionidae;2026-07-08;387;S;algemeen
290770610;290770610;Gewone Dwergvleermuis;Pipistrellus pipistrellus;2023-10-02;10;2023-10-16;1;foeragerend;batdetector;onbekend;onbekend;157491.02771566607;211934.96306644197;4.475970268249512;51.217315673828125;FS0375;Deurne - Rivierenhof (Groendomein provincie Antwerpen - regio Antw.);Antwerpen;Deurne;Antwerpen;ObsMapp;J;Goedgekeurd op basis van kennisregels - nabijheid;1980-01-01;3;;3;Zoogdieren;Vespertilionidae;2026-07-08;387;S;algemeen
290770609;290770609;Gewone Dwergvleermuis;Pipistrellus pipistrellus;2023-10-02;10;2023-10-16;1;foeragerend;batdetector;onbekend;onbekend;157490.1269279627;211935.810562958;4.47595739364624;51.217323303222656;FS0375;Deurne - Rivierenhof (Groendomein provincie Antwerpen - regio Antw.);Antwerpen;Deurne;Antwerpen;ObsMapp;J;Goedgekeurd op basis van kennisregels - nabijheid;1980-01-01;3;;4;Zoogdieren;Vespertilionidae;2026-07-08;387;S;algemeen
360269249;360269249;Gewone Dwergvleermuis;Pipistrellus pipistrellus;2025-07-02;7;2025-07-02;1;ter plaatse;onbekend;onbekend;onbekend;236313.11635345363;204858.63429799865;5.602290399999999;51.14730759972223;FS8269;  ;Bree;Bree;Limburg;ObsIdentify;J;Goedgekeurd op basis van expertoordeel;1980-01-01;4;;999;Zoogdieren;Vespertilionidae;2026-07-08;387;S;algemeen
213597440;213597440;Gewone Dwergvleermuis;Pipistrellus pipistrellus;2020-11-12;11;2021-05-13;1;winterslaap;gezien;onbekend;onbekend;154014.6645965328;226420.05948996544;4.4263787;51.347545;ES9989;Kapellen - Ertbrandbos - Fort;Kapellen;Kapellen;Antwerpen;Site;J;Goedgekeurd op basis van bewijsmateriaal;1980-01-01;3;1 x Gewone dwergvleermuis in VK ST 02 Vleermuissteen in troepenkamer hoofdfrontgebouw rechts;25;Zoogdieren;Vespertilionidae;2026-07-08;387;S;algemeen
231399189;231399189;Gewone Dwergvleermuis;Pipistrellus pipistrellus;2021-07-21;7;2022-01-01;1;overvliegend;batdetector;onbekend;onbekend;156114.9282682518;202187.22284512877;4.4561099;51.129714;FS0165;  ;Kontich;Kontich;Antwerpen;Site;J;Goedgekeurd op basis van bewijsmateriaal;1980-01-01;3;;5;Zoogdieren;Vespertilionidae;2026-07-08;387;S;algemeen
361543735;361543735;Gewone Dwergvleermuis;Pipistrellus pipistrellus;2025-07-08;7;2025-07-08;1;ter plaatse;onbekend;onbekend;onbekend;156072.3745781307;229711.7611383665;4.455967401169487;51.37711214315362;FS0192;  ;Kalmthout;Kalmthout;Antwerpen;ObsIdentify;J;Goedgekeurd op basis van bewijsmateriaal;1980-01-01;3;;9;Zoogdieren;Vespertilionidae;2026-07-08;387;S;algemeen
361544628;361544628;Gewone Dwergvleermuis;Pipistrellus pipistrellus;2025-07-08;7;2025-07-08;1;ter plaatse;onbekend;onbekend;onbekend;156064.80929244857;229710.31957758404;4.45585872868838;51.37709926712796;FS0192;  ;Kalmthout;Kalmthout;Antwerpen;ObsIdentify;J;Goedgekeurd op basis van bewijsmateriaal;1980-01-01;3;;12;Zoogdieren;Vespertilionidae;2026-07-08;387;S;algemeen
258669088;258669088;Gewone Dwergvleermuis;Pipistrellus pipistrellus;2022-11-01;11;2022-11-01;1;ter plaatse;onbekend;onbekend;onbekend;195205.5820645382;212162.45654056317;5.0157605;51.2176357;FS4075;  ;Geel;Geel;Antwerpen;ObsIdentify;J;Goedgekeurd op basis van bewijsmateriaal;1980-01-01;3;;3;Zoogdieren;Vespertilionidae;2026-07-08;387;S;algemeen
376258072;376258072;Gewone Dwergvleermuis;Pipistrellus pipistrellus;2025-10-14;10;2025-10-14;1;ter plaatse;onbekend;onbekend;onbekend;188259.53571052811;197564.3256859975;4.914810999999986;51.086925;FS3461;  ;Westerlo;Westerlo;Antwerpen;Site;J;Goedgekeurd op basis van bewijsmateriaal;1980-01-01;3;Makt da mee!__Bij het opstellen van het regenscherm voor de motteval vloog er een vleermuis tegen en mos de bak in_ van verschieten gesproken!__Linkse vleugel raakte hierdoorn beschadigd_ maar bij het wille pakken van het beestje voor morgen naar een opvangcentrum te brengen vloog het gewoon weg en vliegt nu terug netjes rond de lichtbak motten te vangen_ met een serieus gat in zen vleugel.. :);5;Zoogdieren;Vespertilionidae;2026-07-08;387;S;algemeen
245369928;245369928;Gewone Dwergvleermuis;Pipistrellus pipistrellus;2022-06-14;6;2022-06-14;1;ter plaatse;onbekend;onbekend;onbekend;182560.68417549427;233464.4574776534;4.8367108;51.4099481;FS2797;Wortel-Kolonie - Heide;Hoogstraten;Wortel;Antwerpen;ObsIdentify;J;Goedgekeurd op basis van bewijsmateriaal;1980-01-01;3;;24;Zoogdieren;Vespertilionidae;2026-07-08;387;S;algemeen
355511453;355511453;Gewone Dwergvleermuis;Pipistrellus pipistrellus;2025-06-10;6;2025-06-10;1;ter plaatse;onbekend;onbekend;onbekend;156177.5159027576;221657.70678921137;4.457338333333333;51.304721666666666;FS0184;Brasschaat - Vallei van de Kaartse beek;Kapellen;Kapellen;Antwerpen;ObsIdentify;J;Goedgekeurd op basis van bewijsmateriaal;1980-01-01;3;;14;Zoogdieren;Vespertilionidae;2026-07-08;387;S;algemeen
276885273;276885273;Gewone Dwergvleermuis;Pipistrellus pipistrellus;2023-06-18;6;2023-06-18;1;ter plaatse;onbekend;onbekend;onbekend;145638.13572524366;227381.7418305911;4.306145;51.356186666666666;ES9090;Zandvliet - Dorpskern;Antwerpen;Berendrecht-Zandvliet-Lillo;Antwerpen;ObsIdentify;J;Goedgekeurd op basis van bewijsmateriaal;1980-01-01;3;;9;Zoogdieren;Vespertilionidae;2026-07-08;387;S;algemeen
217933624;217933624:2234513;Gewone Dwergvleermuis;Pipistrellus pipistrellus;2021-06-23;6;2021-06-23;1;ziek/gewond;gezien;onbekend;onbekend;155449.9953455924;227492.71516621672;4.4469953;51.357174;FS0090;Kapellen - Kapellenbos - West;Kapellen;Kapellen;Antwerpen;Site;J;Goedgekeurd op basis van bewijsmateriaal;1980-01-01;3;Uit de rolluik gevallen bij het optrekken_ uiteindelijk wel weggevlogen...;7;Zoogdieren;Vespertilionidae;2026-07-08;387;S;algemeen
375333827;375333827;Gewone Dwergvleermuis;Pipistrellus pipistrellus;2025-10-08;10;2025-10-08;1;ter plaatse;onbekend;onbekend;onbekend;177589.73552975614;186669.5546874674;4.7617064;50.9896013;FS2350;  ;Tremelo;Baal;Vlaams-Brabant;ObsIdentify;J;Goedgekeurd op basis van bewijsmateriaal;1980-01-01;3;;4;Zoogdieren;Vespertilionidae;2026-07-08;387;S;algemeen
401057225;401057225;Gewone Dwergvleermuis;Pipistrellus pipistrellus;2026-05-24;5;2026-05-26;4;in kolonie anders;gezien;onbekend;onbekend;215742.69443675503;206352.64113570284;5.308617353439331;51.16344289207933;FS6170;Eksel - Pijnven;Hechtel-Eksel;Eksel;Limburg;ObsMapp;J;Goedgekeurd op basis van kennisregels - nabijheid;1980-01-01;4;;5;Zoogdieren;Vespertilionidae;2026-07-08;387;S;algemeen
401057222;401057222;Gewone Dwergvleermuis;Pipistrellus pipistrellus;2026-05-25;5;2026-05-26;4;in kolonie anders;gezien;adult;onbekend;215743.50362588355;206351.7156712301;5.308628752827644;51.16343448199965;FS6170;Eksel - Pijnven;Hechtel-Eksel;Eksel;Limburg;ObsMapp;J;Goedgekeurd op basis van kennisregels - nabijheid;1980-01-01;4;;5;Zoogdieren;Vespertilionidae;2026-07-08;387;S;algemeen
273987909;273987909:3003026;Gewone Dwergvleermuis;Pipistrellus pipistrellus;2023-05-27;5;2023-05-29;3;ter plaatse;vangst;onbekend;Man;197946.4467480133;174255.14939323068;5.050004298433919;50.8766820481421;FS4438;Domein Pardon Tienbunders (privé-domein ontoegankelijk);Zoutleeuw;Budingen;Vlaams-Brabant;Site;J;Goedgekeurd op basis van bewijsmateriaal;1980-01-01;4;Met Kris Boers en Daan Dekeukeleire.;15;Zoogdieren;Vespertilionidae;2026-07-08;387;S;algemeen
273987909;273987909:3003027;Gewone Dwergvleermuis;Pipistrellus pipistrellus;2023-05-27;5;2023-05-29;2;ter plaatse;vangst;onbekend;Vrouw;197946.4467480133;174255.14939323068;5.050004298433919;50.8766820481421;FS4438;Domein Pardon Tienbunders (privé-domein ontoegankelijk);Zoutleeuw;Budingen;Vlaams-Brabant;Site;J;Goedgekeurd op basis van bewijsmateriaal;1980-01-01;4;Met Kris Boers en Daan Dekeukeleire.;15;Zoogdieren;Vespertilionidae;2026-07-08;387;S;algemeen
357246313;357246313;Gewone Dwergvleermuis;Pipistrellus pipistrellus;2025-06-18;6;2025-06-18;1;dood;onbekend;onbekend;onbekend;182921.08486864108;195984.1808857834;4.8384778;51.0730503;FS2859;  ;Westerlo;Westerlo;Antwerpen;ObsIdentify;J;Goedgekeurd op basis van bewijsmateriaal;1980-01-01;3;;19;Zoogdieren;Vespertilionidae;2026-07-08;387;S;algemeen
355664393;355664393;Gewone Dwergvleermuis;Pipistrellus pipistrellus;2025-06-10;6;2025-06-11;42;in kolonie op gebouw;gezien;onbekend;onbekend;222848.0073034;180690.6543958299;5.405059433474548;50.93193848480021;FS6845;Diepenbeek - De Dijken;Diepenbeek;Diepenbeek;Limburg;Site;J;Goedgekeurd op basis van expertoordeel;1980-01-01;4;42 zekere uitvliegers uit Zuidoost gerichte gevel + 5 mogelijkse. Kon niet zien of die laatste ergens anders uitvlogen of gewoon voorbij vlogen. Vanuit linker dakkant onder 4de zijpan van boven geteld. __21h44 beginnen klaarstaan__21h47 eerste uitvliegers opgemerkt__21h45-22h: 30 uitvliegers__22h-22h15: 10 (+4) uitvliegers__22h15-22h30: 2 (+1) uitvliegers__22h30-22h38: 0 uitvliegers__Gestopt om 22h38__Vlogen allen onmiddelijk naar het bosperceel aan de overkant van de straat (richting oost).;4;Zoogdieren;Vespertilionidae;2026-07-08;387;S;algemeen
187675929;187675929;Gewone Dwergvleermuis;Pipistrellus pipistrellus;2020-04-02;4;2020-04-02;1;ter plaatse;onbekend;onbekend;onbekend;192092.3199127189;206271.35213841684;4.97052;51.164921;FS3770;Geel - Centrum;Geel;Geel;Antwerpen;Site;J;Goedgekeurd op basis van bewijsmateriaal;1980-01-01;3;;15;Zoogdieren;Vespertilionidae;2026-07-08;387;S;algemeen
340213810;340213810;Gewone Dwergvleermuis;Pipistrellus pipistrellus;2025-03-04;3;2025-03-04;1;ter plaatse;onbekend;onbekend;onbekend;192089.3974680864;206258.16644201707;4.970476692458988;51.164802696314965;FS3769;Geel - Centrum;Geel;Geel;Antwerpen;Site;J;Goedgekeurd op basis van bewijsmateriaal;1980-01-01;3;;65;Zoogdieren;Vespertilionidae;2026-07-08;387;S;algemeen
200445634;200445634;Gewone Dwergvleermuis;Pipistrellus pipistrellus;2020-09-18;9;2020-09-20;1;roepend;batdetector;onbekend;onbekend;183587.83440487325;222429.58230925072;4.850442;51.310711;FS2886;  ;Beerse;Beerse;Antwerpen;Site;J;Goedgekeurd op basis van bewijsmateriaal;1980-01-01;4;;30;Zoogdieren;Vespertilionidae;2026-07-08;387;S;algemeen
394390345;394390345;Gewone Dwergvleermuis;Pipistrellus pipistrellus;2026-04-25;4;2026-04-25;1;in kolonie op gebouw;onbekend;onbekend;onbekend;205106.6604846177;214358.73977680504;5.1577939;51.2365144;FS5078;  ;Dessel;Dessel;Antwerpen;ObsIdentify;J;Goedgekeurd op basis van bewijsmateriaal;1980-01-01;3;;20;Zoogdieren;Vespertilionidae;2026-07-08;387;S;algemeen
342561119;342561119;Gewone Dwergvleermuis;Pipistrellus pipistrellus;2025-03-29;3;2025-03-29;6;ter plaatse;onbekend;onbekend;onbekend;181864.4324876598;233299.7710676212;4.826690154275261;51.4085070530154;FS2796;Wortel-Kolonie - Bootjesven;Hoogstraten;Wortel;Antwerpen;iObs;J;Goedgekeurd op basis van kennisregels - nabijheid;1980-01-01;3;;5;Zoogdieren;Vespertilionidae;2026-07-08;387;S;algemeen
341276861;341276861;Gewone Dwergvleermuis;Pipistrellus pipistrellus;2025-03-16;3;2025-03-16;5;ter plaatse;onbekend;onbekend;onbekend;181875.9037914746;233300.41268517263;4.826855063438416;51.40851218265366;FS2796;Wortel-Kolonie - Bootjesven;Hoogstraten;Wortel;Antwerpen;iObs;J;Goedgekeurd op basis van kennisregels - nabijheid;1980-01-01;3;Tussen spleten van het gebouw;4;Zoogdieren;Vespertilionidae;2026-07-08;387;S;algemeen
341100156;341100156;Gewone Dwergvleermuis;Pipistrellus pipistrellus;2025-03-14;3;2025-03-14;2;ter plaatse;nestkast;onbekend;onbekend;181328.1041118776;233365.88789390863;4.818988433818506;51.40913080099918;FS2696;Wortel-Kolonie - Zone Noordwest;Hoogstraten;Wortel;Antwerpen;iObs;J;Goedgekeurd op basis van bewijsmateriaal;2030-05-05;3;;6;Zoogdieren;Vespertilionidae;2026-07-08;387;S;algemeen
345202635;345202635;Gewone Dwergvleermuis;Pipistrellus pipistrellus;2025-04-17;4;2025-04-17;1;ter plaatse;nestkast;onbekend;onbekend;182101.2918645447;233144.7284781942;4.830080156334286;51.40710040933797;FS2796;Wortel-Kolonie - Zone Noordoost;Hoogstraten;Wortel;Antwerpen;iObs;J;Goedgekeurd op basis van kennisregels - nabijheid;1980-01-01;3;;4;Zoogdieren;Vespertilionidae;2026-07-08;387;S;algemeen
377970759;377970759;Gewone Dwergvleermuis;Pipistrellus pipistrellus;2025-10-30;10;2025-10-30;1;foeragerend;onbekend;onbekend;onbekend;161532.40743065768;187907.3030179739;4.533047089814594;51.00127042178819;FS0751;Muizen (Mechelen) - Monding Barebeek;Mechelen;Muizen;Antwerpen;iObs;J;Goedgekeurd op basis van kennisregels - nabijheid;1980-01-01;3;;7;Zoogdieren;Vespertilionidae;2026-07-08;387;S;algemeen
340504094;340504094;Gewone Dwergvleermuis;Pipistrellus pipistrellus;2025-03-07;3;2025-03-07;3;ter plaatse;onbekend;onbekend;onbekend;181877.39274119333;233301.09087757117;4.826876521110535;51.40851819522715;FS2796;Wortel-Kolonie - Bootjesven;Hoogstraten;Wortel;Antwerpen;iObs;J;Goedgekeurd op basis van bewijsmateriaal;1980-01-01;3;;4;Zoogdieren;Vespertilionidae;2026-07-08;387;S;algemeen
341100150;341100150;Gewone Dwergvleermuis;Pipistrellus pipistrellus;2025-03-14;3;2025-03-14;4;ter plaatse;onbekend;onbekend;onbekend;181878.8812232289;233301.84469262697;4.826897978782654;51.4085248874819;FS2796;Wortel-Kolonie - Bootjesven;Hoogstraten;Wortel;Antwerpen;iObs;J;Goedgekeurd op basis van bewijsmateriaal;2030-05-05;3;;4;Zoogdieren;Vespertilionidae;2026-07-08;387;S;algemeen
341276863;341276863;Gewone Dwergvleermuis;Pipistrellus pipistrellus;2025-03-16;3;2025-03-16;1;ter plaatse;nestkast;onbekend;onbekend;181327.78358985344;233330.90068173688;4.818980774221829;51.40881637053332;FS2696;Wortel-Kolonie - Zone Noordwest;Hoogstraten;Wortel;Antwerpen;iObs;J;Goedgekeurd op basis van kennisregels - nabijheid;1980-01-01;3;;62;Zoogdieren;Vespertilionidae;2026-07-08;387;S;algemeen
289036209;289036209;Gewone Dwergvleermuis;Pipistrellus pipistrellus;2023-09-27;9;2023-09-27;1;ter plaatse;onbekend;onbekend;onbekend;172711.99947394116;200366.2183829136;4.6930891;51.1129306;FS1863;Berlaar - Stapveld;Berlaar;Berlaar;Antwerpen;ObsIdentify;J;Goedgekeurd op basis van bewijsmateriaal;1980-01-01;3;;52;Zoogdieren;Vespertilionidae;2026-07-08;387;S;algemeen
289036151;289036151;Gewone Dwergvleermuis;Pipistrellus pipistrellus;2023-09-27;9;2023-09-27;1;ter plaatse;onbekend;onbekend;onbekend;172715.24587873853;200365.2758334633;4.6931354;51.112922;FS1863;  ;Berlaar;Berlaar;Antwerpen;ObsIdentify;J;Goedgekeurd op basis van bewijsmateriaal;1980-01-01;3;;18;Zoogdieren;Vespertilionidae;2026-07-08;387;S;algemeen
287236455;287236455;Gewone Dwergvleermuis;Pipistrellus pipistrellus;2023-09-08;9;2023-09-08;1;ter plaatse;onbekend;onbekend;onbekend;150545.04352766107;197731.91265550256;4.3765349;51.0896988;ES9660;Boom - De Schorre (Recreatiedomein provincie Antwerpen);Boom;Boom;Antwerpen;ObsIdentify;J;Goedgekeurd op basis van bewijsmateriaal;1980-01-01;3;;700;Zoogdieren;Vespertilionidae;2026-07-08;387;S;algemeen
323058003;323058003;Gewone Dwergvleermuis;Pipistrellus pipistrellus;2024-08-06;8;2024-08-06;1;dood;onbekend;onbekend;onbekend;171259.4933649959;203447.90090284683;4.67252760684519;51.14068603515625;FS1766;  ;Nijlen;Kessel;Antwerpen;ObsIdentify;J;Goedgekeurd op basis van bewijsmateriaal;1980-01-01;3;;12;Zoogdieren;Vespertilionidae;2026-07-08;387;S;algemeen
190829677;190829677;Gewone Dwergvleermuis;Pipistrellus pipistrellus;2020-05-08;5;2020-05-08;1;ter plaatse;onbekend;onbekend;onbekend;181870.53441071173;233300.7964820806;4.82677793502808;51.4085159301758;FS2796;Wortel-Kolonie - Bootjesven;Hoogstraten;Wortel;Antwerpen;ObsMapp;J;Goedgekeurd op basis van kennisregels - nabijheid;2007-01-01;3;;25;Zoogdieren;Vespertilionidae;2026-07-08;387;S;algemeen
199711291;199711291;Gewone Dwergvleermuis;Pipistrellus pipistrellus;2020-09-07;9;2020-09-07;2;ter plaatse;gezien;adult;onbekend;181497.91660420856;233218.7124945493;4.82141590118408;51.4077987670898;FS2696;Wortel-Kolonie - Zone Noordwest;Hoogstraten;Wortel;Antwerpen;ObsMapp;J;Goedgekeurd op basis van kennisregels - nabijheid;2007-01-01;3;;25;Zoogdieren;Vespertilionidae;2026-07-08;387;S;algemeen
252895773;252895773;Gewone Dwergvleermuis;Pipistrellus pipistrellus;2022-08-21;8;2022-08-21;1;dood;onbekend;onbekend;onbekend;175699.0785193686;222036.2447083015;4.7372834;51.3075823;FS2185;  ;Malle;Oostmalle;Antwerpen;ObsIdentify;J;Goedgekeurd op basis van bewijsmateriaal;1980-01-01;3;;18;Zoogdieren;Vespertilionidae;2026-07-08;387;S;algemeen
301700595;301700595;Gewone Dwergvleermuis;Pipistrellus pipistrellus;2024-03-21;3;2024-03-21;1;ter plaatse;onbekend;onbekend;onbekend;181261.5707387457;184293.1049937755;4.8137989;50.9680528;FS2747;Gelrode - Kloesebos;Aarschot;Gelrode;Vlaams-Brabant;ObsIdentify;J;Goedgekeurd op basis van bewijsmateriaal;1980-01-01;3;;17;Zoogdieren;Vespertilionidae;2026-07-08;387;S;algemeen
331844287;331844287;Gewone Dwergvleermuis;Pipistrellus pipistrellus;2024-10-23;10;2024-10-23;1;ter plaatse;onbekend;onbekend;onbekend;216785.14771905588;215025.42084802967;5.325116666666666;51.24127166666667;FS6279;  ;Lommel;Lommel;Limburg;ObsIdentify;J;Goedgekeurd op basis van bewijsmateriaal;1980-01-01;3;;11;Zoogdieren;Vespertilionidae;2026-07-08;387;S;algemeen
339859927;339859927;Gewone Dwergvleermuis;Pipistrellus pipistrellus;2025-02-28;2;2025-02-28;1;ter plaatse;onbekend;onbekend;onbekend;216788.84324396093;215027.693779842;5.32517;51.24129166666667;FS6279;  ;Lommel;Lommel;Limburg;ObsIdentify;J;Goedgekeurd op basis van bewijsmateriaal;1980-01-01;3;;3;Zoogdieren;Vespertilionidae;2026-07-08;387;S;algemeen
301481171;301481171;Gewone Dwergvleermuis;Pipistrellus pipistrellus;2024-03-19;3;2024-03-19;1;ter plaatse;onbekend;onbekend;onbekend;224634.4773298055;202954.28734590765;5.4350202;51.1318187;FS7067;  ;Peer;Peer;Limburg;ObsIdentify;J;Goedgekeurd op basis van bewijsmateriaal;1980-01-01;3;;15;Zoogdieren;Vespertilionidae;2026-07-08;387;S;algemeen
402569446;402569446;Gewone Dwergvleermuis;Pipistrellus pipistrellus;2026-06-01;6;2026-06-01;1;ter plaatse;onbekend;onbekend;onbekend;180701.241598835;193408.49082438185;4.8065885;51.0500202;FS2656;  ;Hulshout;Houtvenne;Antwerpen;ObsIdentify;J;Goedgekeurd op basis van bewijsmateriaal;1980-01-01;3;;25;Zoogdieren;Vespertilionidae;2026-07-08;387;S;algemeen
283419733;283419733;Gewone Dwergvleermuis;Pipistrellus pipistrellus;2023-08-08;8;2023-08-08;1;ter plaatse;onbekend;onbekend;onbekend;229562.6023555924;200559.76275324263;5.504891388888889;51.10964;FS7565;Abeekvallei Meeuwen;Meeuwen-Gruitrode;Meeuwen;Limburg;ObsIdentify;J;Goedgekeurd op basis van bewijsmateriaal;1980-01-01;3;;999;Zoogdieren;Vespertilionidae;2026-07-08;387;S;algemeen
358362483;358362483;Gewone Dwergvleermuis;Pipistrellus pipistrellus;2025-06-23;6;2025-06-23;1;dood;onbekend;onbekend;onbekend;229514.60258759683;200617.16297403537;5.504218611111111;51.1101625;FS7565;  ;Meeuwen-Gruitrode;Meeuwen;Limburg;ObsIdentify;J;Goedgekeurd op basis van bewijsmateriaal;1980-01-01;3;;999;Zoogdieren;Vespertilionidae;2026-07-08;387;S;algemeen
325404796;325404796;Gewone Dwergvleermuis;Pipistrellus pipistrellus;2024-08-22;8;2024-08-22;1;ter plaatse;onbekend;onbekend;onbekend;211909.1155692064;208929.9327624524;5.2542574;51.1870311;FS5773;  ;Balen;Balen;Antwerpen;ObsIdentify;J;Goedgekeurd op basis van bewijsmateriaal;1980-01-01;3;;6;Zoogdieren;Vespertilionidae;2026-07-08;387;S;algemeen
311890278;311890278;Gewone Dwergvleermuis;Pipistrellus pipistrellus;2024-05-27;5;2024-05-28;1;ter plaatse;onbekend;onbekend;onbekend;168501.87677996405;185872.62894952297;4.632231712222223;50.98279953;FS1449;Haacht - Puttekomheide;Haacht;Haacht;Vlaams-Brabant;ObsIdentify;J;Goedgekeurd op basis van bewijsmateriaal;1980-01-01;3;;999;Zoogdieren;Vespertilionidae;2026-07-08;387;S;algemeen
384791164;384791164;Gewone Dwergvleermuis;Pipistrellus pipistrellus;2026-01-25;1;2026-01-25;1;winterslaap;gezien;onbekend;onbekend;154027.2412679995;226357.32388394512;4.426558494567871;51.346981048583984;ES9989;Kapellen - Ertbrandbos - Fort;Kapellen;Kapellen;Antwerpen;ObsMapp;J;Goedgekeurd op basis van bewijsmateriaal;1980-01-01;4;;5;Zoogdieren;Vespertilionidae;2026-07-08;387;S;algemeen
358051180;358051180;Gewone Dwergvleermuis;Pipistrellus pipistrellus;2025-06-21;6;2025-06-21;1;ter plaatse;onbekend;onbekend;onbekend;188534.7087528208;207504.00858589637;4.9197923;51.176249;FS3471;Geel - Neerhelst - De Botten;Geel;Geel;Antwerpen;ObsIdentify;J;Goedgekeurd op basis van bewijsmateriaal;1980-01-01;3;;188;Zoogdieren;Vespertilionidae;2026-07-08;387;S;algemeen
407853643;407853643;Gewone Dwergvleermuis;Pipistrellus pipistrellus;2026-06-28;6;2026-06-28;1;ter plaatse;onbekend;onbekend;onbekend;156215.68548878047;205133.9486758327;4.457599999999957;51.1562;FS0168;  ;Edegem;Edegem;Antwerpen;Site;J;Goedgekeurd op basis van bewijsmateriaal;1980-01-01;3;What should I do? Can I help it?____For more information and pictures_ see https://www.inaturalist.org/observations/376146518____This is the first time I see a live bat so very close in a house!____Superfamily Vespertilionoidea (Vespertilionoid Bats).__Genus Pipistrellus (Pipistrelles).____Feel free to ping me by placing a comment on iNaturalist ( https://www.inaturalist.org/observations/376146518 ) as I am very active there and will respond fast.;15;Zoogdieren;Vespertilionidae;2026-07-08;387;S;algemeen
362354657;362354657;Gewone Dwergvleermuis;Pipistrellus pipistrellus;2025-07-12;7;2025-07-12;1;ter plaatse;onbekend;onbekend;onbekend;160202.97463581953;213487.83881765135;4.514828000451454;51.231231689453125;FS0576;Wijnegem - Centrum;Wijnegem;Wijnegem;Antwerpen;ObsIdentify;J;Goedgekeurd op basis van bewijsmateriaal;1980-01-01;3;;998;Zoogdieren;Vespertilionidae;2026-07-08;387;S;algemeen
343096563;343096563;Gewone Dwergvleermuis;Pipistrellus pipistrellus;2025-04-03;4;2025-04-03;1;ter plaatse;onbekend;onbekend;onbekend;207850.90253029013;201207.0917365421;5.1949867;51.1180388;FS5365;  ;Ham;Oostham;Limburg;ObsIdentify;J;Goedgekeurd op basis van bewijsmateriaal;1980-01-01;3;;999;Zoogdieren;Vespertilionidae;2026-07-08;387;S;algemeen
372447768;372447768;Gewone Dwergvleermuis;Pipistrellus pipistrellus;2025-09-09;9;2025-09-11;1;overvliegend;batdetector;onbekend;onbekend;196917.72550389305;211543.73784151487;5.040184020472225;51.211937854682034;FS4275;Kempisch kanaal - Kanaal St.-Jozef-Olen/Dessel;Mol;Mol;Antwerpen;Site;J;Goedgekeurd op basis van bewijsmateriaal;1980-01-01;4;;15;Zoogdieren;Vespertilionidae;2026-07-08;387;S;algemeen
372450299;372450299;Gewone Dwergvleermuis;Pipistrellus pipistrellus;2025-09-09;9;2025-09-11;10;overvliegend;batdetector;onbekend;onbekend;192883.2793158393;212152.4318114705;4.982523000000015;51.217723;FS3875;Breeven;Geel;Geel;Antwerpen;Site;J;Goedgekeurd op basis van bewijsmateriaal;1980-01-01;4;Breeven_ tussen wandelknooppunten 50 en 59 is een dankbare en gemakkelijke plek om vleermuizen te spotten. Korte wandeling op en neer tussen dreed en het sinds lang verlande ven. Er is ook een bankje.;60;Zoogdieren;Vespertilionidae;2026-07-08;387;S;algemeen
372446176;372446176;Gewone Dwergvleermuis;Pipistrellus pipistrellus;2025-09-10;9;2025-09-11;1;overvliegend;batdetector;onbekend;onbekend;198646.94787217828;209857.4734765375;5.06470263004303;51.196638346690165;FS4473;Mol - Omgeving SCK en VITO;Mol;Mol;Antwerpen;Site;J;Goedgekeurd op basis van bewijsmateriaal;1980-01-01;4;Bron / oorzaak van het extra signaal in het (relatief) lage frequentiegebied (20 - 30 kHz) is mij onbekend.;4;Zoogdieren;Vespertilionidae;2026-07-08;387;S;algemeen
369621564;369621564;Gewone Dwergvleermuis;Pipistrellus pipistrellus;2025-08-21;8;2025-08-21;1;ter plaatse;onbekend;onbekend;onbekend;205990.9650942133;211418.19540876336;5.169999999722222;51.21;FS5175;Mol - Buitengoor en omgeving;Mol;Mol;Antwerpen;ObsIdentify;J;Goedgekeurd op basis van bewijsmateriaal;1980-01-01;3;;999;Zoogdieren;Vespertilionidae;2026-07-08;387;S;algemeen
346785792;346785792;Gewone Dwergvleermuis;Pipistrellus pipistrellus;2025-04-27;4;2025-04-27;1;vangst door kat;onbekend;onbekend;onbekend;143837.417964531;213227.89126326423;4.280535388443241;51.228953824616205;ES8976;  ;Beveren;Melsele;Oost-Vlaanderen;Site;J;Goedgekeurd op basis van bewijsmateriaal;1980-01-01;3;;4;Zoogdieren;Vespertilionidae;2026-07-08;387;S;algemeen
288836671;288836671;Gewone Dwergvleermuis;Pipistrellus pipistrellus;2023-09-25;9;2023-09-25;1;dood;onbekend;onbekend;onbekend;157198.3604056573;195339.1714891456;4.471450903647681;51.068145751953125;FS0358;  ;Sint-Katelijne-Waver;Sint-Katelijne-Waver;Antwerpen;ObsIdentify;J;Goedgekeurd op basis van bewijsmateriaal;1980-01-01;3;;10;Zoogdieren;Vespertilionidae;2026-07-08;387;S;algemeen
284466690;284466690;Gewone Dwergvleermuis;Pipistrellus pipistrellus;2023-08-16;8;2023-08-16;1;ter plaatse;onbekend;onbekend;onbekend;185132.22256339385;207959.58205225223;4.871183395385742;51.18056106567383;FS3071;  ;Herentals;Herentals;Antwerpen;ObsMapp;J;Goedgekeurd op basis van bewijsmateriaal;1980-01-01;3;;13;Zoogdieren;Vespertilionidae;2026-07-08;387;S;algemeen
306967947;306967947;Gewone Dwergvleermuis;Pipistrellus pipistrellus;2024-04-30;4;2024-04-30;1;dood;gezien;onbekend;onbekend;157059.59996790913;239756.2743630912;4.470344000000068;51.467377;FT0202;Essen - Centrum;Essen;Essen;Antwerpen;ObsIdentify;J;Goedgekeurd op basis van bewijsmateriaal;1980-01-01;3;Waarschijnlijk slaapplaats in kast zonnescherm_ bij het nietsvermoedend neerlaten van het scherm overleden.;4;Zoogdieren;Vespertilionidae;2026-07-08;387;S;algemeen
257143509;257143509;Gewone Dwergvleermuis;Pipistrellus pipistrellus;2022-10-16;10;2022-10-16;1;ter plaatse;onbekend;onbekend;onbekend;180138.87964461363;218701.25930678195;4.8006702;51.277392;FS2582;  ;Lille;Wechelderzande;Antwerpen;ObsIdentify;J;Goedgekeurd op basis van bewijsmateriaal;1980-01-01;4;;73;Zoogdieren;Vespertilionidae;2026-07-08;387;S;algemeen
316705444;316705444;Gewone Dwergvleermuis;Pipistrellus pipistrellus;2024-06-29;6;2024-06-29;1;dood;onbekend;adult;onbekend;214405.77676408525;185350.703480741;5.285796000000005;50.974824;FS6049;Kuringen - Kolberg - Rode Vijvers;Hasselt;Stokrooie;Limburg;ObsIdentify;J;Goedgekeurd op basis van bewijsmateriaal;1980-01-01;3;;29;Zoogdieren;Vespertilionidae;2026-07-08;387;S;algemeen
325451843;325451843;Gewone Dwergvleermuis;Pipistrellus pipistrellus;2024-08-23;8;2024-08-23;1;dood;onbekend;onbekend;onbekend;174800.97982693987;179801.50496321917;4.721522;50.9279898;FS2043;Wilsele - Putkapel - Putkapel dorp;Leuven;Wilsele;Vlaams-Brabant;ObsIdentify;J;Goedgekeurd op basis van bewijsmateriaal;1980-01-01;3;;9;Zoogdieren;Vespertilionidae;2026-07-08;387;S;algemeen
262365933;262365933;Gewone Dwergvleermuis;Pipistrellus pipistrellus;2022-08-31;8;2023-01-20;1;ter plaatse;onbekend;onbekend;onbekend;209712.608324618;214491.7863838524;5.2237598;51.2372515;FS5578;Lommel - Kristallijn/Maatheide;Lommel;Lommel;Limburg;ObsIdentify;J;Goedgekeurd op basis van bewijsmateriaal;1980-01-01;3;;1;Zoogdieren;Vespertilionidae;2026-07-08;387;S;algemeen
244231656;244231656;Gewone Dwergvleermuis;Pipistrellus pipistrellus;2022-06-04;6;2022-06-04;1;ter plaatse;onbekend;onbekend;onbekend;200786.9676126264;207875.8564751055;5.0950384;51.178643;FS4671;Mol - Netevallei - Ezaart;Mol;Mol;Antwerpen;Site;J;Goedgekeurd op basis van bewijsmateriaal;1980-01-01;3;;15;Zoogdieren;Vespertilionidae;2026-07-08;387;S;algemeen
393874037;393874037;Gewone Dwergvleermuis;Pipistrellus pipistrellus;2026-04-22;4;2026-04-22;1;ter plaatse;nestkast;adult;onbekend;181600.2007429671;207414.25284807943;4.820625668065411;51.17586375628776;FS2770;  ;Herentals;Herentals;Antwerpen;Observation;J;Goedgekeurd op basis van bewijsmateriaal;1980-01-01;4;Te gast in onze vleermuizen kast;3;Zoogdieren;Vespertilionidae;2026-07-08;387;S;algemeen
399486500;399486500;Gewone Dwergvleermuis;Pipistrellus pipistrellus;2026-05-20;5;2026-05-20;1;dood;onbekend;onbekend;onbekend;215850.41663204925;206297.0086237956;5.3101471;51.1629306;FS6170;Eksel - Pijnven;Hechtel-Eksel;Eksel;Limburg;Observation;J;Goedgekeurd op basis van bewijsmateriaal;1980-01-01;3;;21;Zoogdieren;Vespertilionidae;2026-07-08;387;S;algemeen
332074425;332074425;Gewone Dwergvleermuis;Pipistrellus pipistrellus;2024-10-22;10;2024-10-26;1;ter plaatse;onbekend;onbekend;onbekend;199008.73964905564;206213.4446417475;5.069385766983032;51.16385472713052;FS4470;Geel - Bel;Geel;Geel;Antwerpen;Site;J;Goedgekeurd op basis van bewijsmateriaal;1980-01-01;4;;4;Zoogdieren;Vespertilionidae;2026-07-08;387;S;algemeen
283288556;283288556;Gewone Dwergvleermuis;Pipistrellus pipistrellus;2023-08-07;8;2023-08-07;1;ter plaatse;onbekend;onbekend;onbekend;220969.6347025507;208855.92125311028;5.3838225;51.1853229;FS6673;Eksel - Winner (Bos);Overpelt;Overpelt;Limburg;ObsIdentify;J;Goedgekeurd op basis van bewijsmateriaal;1980-01-01;3;;17;Zoogdieren;Vespertilionidae;2026-07-08;387;S;algemeen
370521453;370521453;Gewone Dwergvleermuis;Pipistrellus pipistrellus;2025-08-26;8;2025-08-26;1;ter plaatse;onbekend;onbekend;onbekend;196506.9376645069;196105.3959671203;5.032329265240403;51.073206793878825;FS4259;Tessenderlo - Schoterbroek;Tessenderlo;Tessenderlo;Limburg;ObsIdentify;J;Goedgekeurd op basis van bewijsmateriaal;1980-01-01;4;;40;Zoogdieren;Vespertilionidae;2026-07-08;387;S;algemeen
188979965;188979965;Gewone Dwergvleermuis;Pipistrellus pipistrellus;2020-04-12;4;2020-04-18;1;ter plaatse;onbekend;onbekend;onbekend;223875.6142636145;182867.4114433648;5.42011451721191;50.9513740539551;FS6947;  ;Genk;Genk;Limburg;ObsMapp;J;Goedgekeurd op basis van bewijsmateriaal;2007-01-01;3;;25;Zoogdieren;Vespertilionidae;2026-07-08;387;S;algemeen
401232460;401232460;Gewone Dwergvleermuis;Pipistrellus pipistrellus;2026-05-26;5;2026-05-27;1;dood;onbekend;onbekend;onbekend;157861.11048010096;220540.0039184289;4.481455;51.294655;FS0383;Brasschaat - Dorpskern;Brasschaat;Brasschaat;Antwerpen;ObsIdentify;J;Goedgekeurd op basis van bewijsmateriaal;1980-01-01;4;;20;Zoogdieren;Vespertilionidae;2026-07-08;387;S;algemeen
323963448;323963448;Gewone Dwergvleermuis;Pipistrellus pipistrellus;2024-08-13;8;2024-08-13;1;ter plaatse;onbekend;onbekend;onbekend;165609.31751986753;190214.0414599208;4.591226;51.02191;FS1153;Rijmenam - Peulisbossen;Bonheiden;Rijmenam;Antwerpen;ObsIdentify;J;Goedgekeurd op basis van bewijsmateriaal;1980-01-01;3;;999;Zoogdieren;Vespertilionidae;2026-07-08;387;S;algemeen
327418896;327418896;Gewone Dwergvleermuis;Pipistrellus pipistrellus;2024-09-08;9;2024-09-08;1;ter plaatse;onbekend;onbekend;onbekend;161294.18433966787;215221.1389339417;4.5305045;51.2467907;FS0678;Schoten - Zuid-Oost - Koningshof;Schoten;Schoten;Antwerpen;ObsIdentify;J;Goedgekeurd op basis van bewijsmateriaal;1980-01-01;3;;999;Zoogdieren;Vespertilionidae;2026-07-08;387;S;algemeen
384818920;384818920;Gewone Dwergvleermuis;Pipistrellus pipistrellus;2026-01-25;1;2026-01-25;3;winterslaap;gezien;adult;onbekend;153992.91208144103;226373.5919835316;4.426065981388092;51.347127506931336;ES9989;Kapellen - Ertbrandbos - Fort;Kapellen;Kapellen;Antwerpen;ObsMapp;J;Goedgekeurd op basis van kennisregels - nabijheid;1980-01-01;4;Exact aantal gekend. Wintertelling Vleermuizenwerkgroep Natuurpunt Antwerpen Noord & Kempen. Met dank aan Dirk Hautekiet.;5;Zoogdieren;Vespertilionidae;2026-07-08;387;S;algemeen
299361771;299361771;Gewone Dwergvleermuis;Pipistrellus pipistrellus;2024-02-21;2;2024-02-21;1;ter plaatse;gezien;onbekend;onbekend;201335.69087910536;191485.1788514592;5.100572705377999;51.03126951800372;FS4755;Deurne;Diest;Deurne;Vlaams-Brabant;Site;J;Goedgekeurd op basis van bewijsmateriaal;1980-01-01;4;Vloog in huis rond;15;Zoogdieren;Vespertilionidae;2026-07-08;387;S;algemeen
276885111;276885111;Gewone Dwergvleermuis;Pipistrellus pipistrellus;2023-06-18;6;2023-06-18;1;ter plaatse;onbekend;onbekend;onbekend;145639.64631492336;227383.22404938095;4.306166666666667;51.3562;ES9090;Zandvliet - Dorpskern;Antwerpen;Berendrecht-Zandvliet-Lillo;Antwerpen;ObsIdentify;J;Goedgekeurd op basis van bewijsmateriaal;1980-01-01;3;;14;Zoogdieren;Vespertilionidae;2026-07-08;387;S;algemeen
275806750;275806750;Gewone Dwergvleermuis;Pipistrellus pipistrellus;2020-06-29;6;2023-06-10;1;ter plaatse;onbekend;onbekend;onbekend;194964.15039994585;202656.4409546079;5.011126941759147;51.132212525860304;FS4066;Geel - Winkelomheide;Geel;Geel;Antwerpen;ObsIdentify;J;Goedgekeurd op basis van bewijsmateriaal;1980-01-01;4;;1;Zoogdieren;Vespertilionidae;2026-07-08;387;S;algemeen
377438795;377438795;Gewone Dwergvleermuis;Pipistrellus pipistrellus;2025-10-24;10;2025-10-24;1;dood;onbekend;onbekend;onbekend;223134.47161807437;202902.9002164397;5.413582921028137;51.13154863246145;FS6867;  ;Peer;Wijchmaal;Limburg;ObsIdentify;J;Goedgekeurd op basis van bewijsmateriaal;1980-01-01;4;;4;Zoogdieren;Vespertilionidae;2026-07-08;387;S;algemeen
278247545;278247545;Gewone Dwergvleermuis;Pipistrellus pipistrellus;2023-06-27;6;2023-06-27;1;dood;gezien;onbekend;onbekend;184727.2035728274;179026.9791859081;4.862635543890938;50.92051793587592;FS3042;  ;Tielt-Winge;Houwaart;Vlaams-Brabant;iObs;J;Goedgekeurd op basis van bewijsmateriaal;1980-01-01;3;;18;Zoogdieren;Vespertilionidae;2026-07-08;387;S;algemeen
375328929;375328929;Gewone Dwergvleermuis;Pipistrellus pipistrellus;2025-10-08;10;2025-10-08;1;dood;gezien;onbekend;onbekend;188955.69662226905;181942.26680879292;4.92308;50.946455;FS3545;  ;Tielt-Winge;Tielt;Vlaams-Brabant;ObsIdentify;J;Goedgekeurd op basis van bewijsmateriaal;1980-01-01;3;;4;Zoogdieren;Vespertilionidae;2026-07-08;387;S;algemeen
225502748;225502748;Gewone Dwergvleermuis;Pipistrellus pipistrellus;2021-09-13;9;2021-09-13;1;ter plaatse;onbekend;onbekend;onbekend;178167.05599725276;223846.15219047567;4.772815;51.323734;FS2387;Rijkevorsel - Kievitsheide;Rijkevorsel;Rijkevorsel;Antwerpen;ObsIdentify;J;Goedgekeurd op basis van bewijsmateriaal;1980-01-01;3;;9;Zoogdieren;Vespertilionidae;2026-07-08;387;S;algemeen
385203407;385203407;Gewone Dwergvleermuis;Pipistrellus pipistrellus;2026-02-01;2;2026-02-01;4;winterslaap;onbekend;onbekend;onbekend;156414.928210294;194559.8369387407;4.4602602369925535;51.06114966612213;FS0257;Walem - Fort;Mechelen;Walem;Antwerpen;Observation;J;Goedgekeurd op basis van kennisregels - nabijheid;1980-01-01;4;;5;Zoogdieren;Vespertilionidae;2026-07-08;387;S;algemeen
385203411;385203411;Gewone Dwergvleermuis;Pipistrellus pipistrellus;2026-02-01;2;2026-02-01;2;winterslaap;onbekend;onbekend;onbekend;156417.14419532934;194555.3855172368;4.460291767845632;51.06110962796467;FS0257;Walem - Fort;Mechelen;Walem;Antwerpen;Observation;J;Goedgekeurd op basis van kennisregels - nabijheid;1980-01-01;4;;5;Zoogdieren;Vespertilionidae;2026-07-08;387;S;algemeen
385203427;385203427;Gewone Dwergvleermuis;Pipistrellus pipistrellus;2026-02-01;2;2026-02-01;5;winterslaap;onbekend;onbekend;onbekend;156420.16866830926;194530.54336450345;4.46033446985777;51.06088629032084;FS0257;Walem - Fort;Mechelen;Walem;Antwerpen;Observation;J;Goedgekeurd op basis van kennisregels - nabijheid;1980-01-01;4;;15;Zoogdieren;Vespertilionidae;2026-07-08;387;S;algemeen
385203432;385203432;Gewone Dwergvleermuis;Pipistrellus pipistrellus;2026-02-01;2;2026-02-01;6;winterslaap;onbekend;onbekend;onbekend;156438.81917920185;194523.77296175063;4.460600386443758;51.060825223191415;FS0257;Walem - Fort;Mechelen;Walem;Antwerpen;Observation;J;Goedgekeurd op basis van kennisregels - nabijheid;1980-01-01;4;;10;Zoogdieren;Vespertilionidae;2026-07-08;387;S;algemeen
385203454;385203454;Gewone Dwergvleermuis;Pipistrellus pipistrellus;2026-02-01;2;2026-02-01;7;winterslaap;onbekend;onbekend;onbekend;156537.9447846208;194485.07985767812;4.462013646046785;51.06047629563875;FS0257;Walem - Fort;Mechelen;Walem;Antwerpen;Observation;J;Goedgekeurd op basis van kennisregels - nabijheid;1980-01-01;4;;10;Zoogdieren;Vespertilionidae;2026-07-08;387;S;algemeen
385205026;385205026;Gewone Dwergvleermuis;Pipistrellus pipistrellus;2026-02-01;2;2026-02-01;8;winterslaap;onbekend;onbekend;onbekend;156575.13225100044;194502.16848486665;4.462544405520447;51.06062947973163;FS0257;Walem - Fort;Mechelen;Walem;Antwerpen;Observation;J;Goedgekeurd op basis van kennisregels - nabijheid;1980-01-01;4;;10;Zoogdieren;Vespertilionidae;2026-07-08;387;S;algemeen
354316542;354316542;Gewone Dwergvleermuis;Pipistrellus pipistrellus;2025-06-03;6;2025-06-03;1;dood;onbekend;onbekend;onbekend;154774.63111991104;226630.02304363344;4.437288746198665;51.34942626953125;FS0089;Kapellen - Kapellenbos - West;Kapellen;Kapellen;Antwerpen;ObsIdentify;J;Goedgekeurd op basis van bewijsmateriaal;1980-01-01;3;;48;Zoogdieren;Vespertilionidae;2026-07-08;387;S;algemeen
402693075;402693075;Gewone Dwergvleermuis;Pipistrellus pipistrellus;2026-06-02;6;2026-06-02;1;ter plaatse;onbekend;onbekend;onbekend;214235.66286908937;187334.03766165025;5.2837223;50.99267;FS6051;Laambeekvallei - Oost;Heusden-Zolder;Zolder;Limburg;ObsIdentify;J;Goedgekeurd op basis van bewijsmateriaal;1980-01-01;3;;8;Zoogdieren;Vespertilionidae;2026-07-08;387;S;algemeen
229078402;229078402;Gewone Dwergvleermuis;Pipistrellus pipistrellus;2021-10-07;10;2021-11-09;1;onbekend;batdetector;onbekend;onbekend;153073.59192284947;212617.90390476023;4.412753;51.223495;ES9875;  ;Antwerpen;Antwerpen;Antwerpen;Site;J;Goedgekeurd op basis van bewijsmateriaal;1980-01-01;3;Determinatie door BTO accoustic pipeline;7;Zoogdieren;Vespertilionidae;2026-07-08;387;S;algemeen
228790434;228790434;Gewone Dwergvleermuis;Pipistrellus pipistrellus;2021-11-04;11;2021-11-04;1;ter plaatse;batdetector;onbekend;onbekend;151393.0610128796;203102.48038614265;4.38866;51.137972;ES9766;  ;Aartselaar;Aartselaar;Antwerpen;Site;J;Goedgekeurd op basis van bewijsmateriaal;1980-01-01;3;Opname gemaakt door echometer touch 2;15;Zoogdieren;Vespertilionidae;2026-07-08;387;S;algemeen
266574334;266574334;Gewone Dwergvleermuis;Pipistrellus pipistrellus;2023-04-03;4;2023-04-03;1;ter plaatse;onbekend;onbekend;onbekend;183113.65149892203;179890.3661266463;4.8397666;50.9283734;FS2943;  ;Holsbeek;Sint-Pieters-Rode;Vlaams-Brabant;ObsIdentify;J;Goedgekeurd op basis van bewijsmateriaal;1980-01-01;3;;67;Zoogdieren;Vespertilionidae;2026-07-08;387;S;algemeen
280452429;280452429;Gewone Dwergvleermuis;Pipistrellus pipistrellus;2023-07-14;7;2023-07-14;1;dood;gezien;onbekend;onbekend;178894.6170853777;219325.46174381676;4.782889364578296;51.28306616558861;FS2482;  ;Beerse;Vlimmeren;Antwerpen;Site;J;Goedgekeurd op basis van bewijsmateriaal;2023-07-14;3;;30;Zoogdieren;Vespertilionidae;2026-07-08;387;S;algemeen
200349627;200349627;Gewone Dwergvleermuis;Pipistrellus pipistrellus;2020-09-19;9;2020-09-19;1;ter plaatse;onbekend;onbekend;onbekend;156124.88686403263;215924.21305721623;4.4564858;51.2531886;FS0178;Merksem - Dorpskern;Antwerpen;Merksem;Antwerpen;ObsIdentify;J;Goedgekeurd op basis van bewijsmateriaal;1980-01-01;3;;25;Zoogdieren;Vespertilionidae;2026-07-08;387;S;algemeen
257654658;257654658;Gewone Dwergvleermuis;Pipistrellus pipistrellus;2022-10-21;10;2022-10-21;1;ter plaatse;gezien;onbekend;onbekend;192754.55121161757;223605.2026146697;4.982035999999994;51.320669;FS3887;Oud-Turnhout - Centrum;Oud-Turnhout;Oud-Turnhout;Antwerpen;ObsIdentify;J;Goedgekeurd op basis van bewijsmateriaal;1980-01-01;4;;999;Zoogdieren;Vespertilionidae;2026-07-08;387;S;algemeen
342788580;342788580;Gewone Dwergvleermuis;Pipistrellus pipistrellus;2025-03-31;3;2025-03-31;2;ter plaatse;nestkast;onbekend;onbekend;182314.1618780724;233237.4339743257;4.8331475257873535;51.40792165708268;FS2796;Wortel-Kolonie - Zone Noordoost;Hoogstraten;Wortel;Antwerpen;ObsIdentify;J;Goedgekeurd op basis van bewijsmateriaal;1980-01-01;3;;15;Zoogdieren;Vespertilionidae;2026-07-08;387;S;algemeen
361203706;361203706;Gewone Dwergvleermuis;Pipistrellus pipistrellus;2025-07-06;7;2025-07-06;1;dood;onbekend;onbekend;onbekend;210199.3555529004;201542.22454174887;5.22858;51.12081116666667;FS5565;Oostham - Immert;Leopoldsburg;Heppen;Limburg;Observation;J;Goedgekeurd op basis van bewijsmateriaal;1980-01-01;3;Zat achter het rolluik.;11;Zoogdieren;Vespertilionidae;2026-07-08;387;S;algemeen
342516814;342516814;Gewone Dwergvleermuis;Pipistrellus pipistrellus;2023-06-24;6;2025-03-28;1;ter plaatse;onbekend;onbekend;onbekend;158594.96276627688;201499.12670300435;4.491521666666666;51.12349716666667;FS0464;  ;Lint;Lint;Antwerpen;ObsIdentify;J;Goedgekeurd op basis van bewijsmateriaal;1980-01-01;3;;12;Zoogdieren;Vespertilionidae;2026-07-08;387;S;algemeen
372279796;372279796;Gewone Dwergvleermuis;Pipistrellus pipistrellus;2020-02-03;2;2025-09-09;1;winterslaap;onbekend;onbekend;onbekend;152564.86930850992;206207.5970224692;4.405424958265232;51.16587861973928;ES9869;Wilrijk - Fort 6;Antwerpen;Wilrijk;Antwerpen;Meetnetten.be;J;Goedgekeurd op basis van kennisregels - nabijheid;2021-02-01;3;meetnetten.be: life stage: unknown_ activity: hibernation;10;Zoogdieren;Vespertilionidae;2026-07-08;387;S;algemeen
372279792;372279792;Gewone Dwergvleermuis;Pipistrellus pipistrellus;2020-02-03;2;2025-09-09;1;winterslaap;onbekend;onbekend;onbekend;152564.86930850992;206207.5970224692;4.405424958265232;51.16587861973928;ES9869;Wilrijk - Fort 6;Antwerpen;Wilrijk;Antwerpen;Meetnetten.be;J;Goedgekeurd op basis van kennisregels - nabijheid;2021-02-01;3;meetnetten.be: life stage: unknown_ activity: hibernation;10;Zoogdieren;Vespertilionidae;2026-07-08;387;S;algemeen
372622552;372622552;Gewone Dwergvleermuis;Pipistrellus pipistrellus;2025-09-13;9;2025-09-13;1;ter plaatse;onbekend;onbekend;onbekend;240813.63105418053;201199.39109632463;5.6656824;51.1137309;FS8665;  ;Bree;Opitter;Limburg;ObsIdentify;J;Goedgekeurd op basis van bewijsmateriaal;1980-01-01;3;;4;Zoogdieren;Vespertilionidae;2026-07-08;387;S;algemeen
372785623;372785623;Gewone Dwergvleermuis;Pipistrellus pipistrellus;2025-09-14;9;2025-09-14;1;dood;onbekend;onbekend;onbekend;173555.88389641413;182040.635431652;4.703956083333334;50.94816969444444;FS1945;  ;Rotselaar;Rotselaar;Vlaams-Brabant;ObsIdentify;J;Goedgekeurd op basis van bewijsmateriaal;1980-01-01;3;;999;Zoogdieren;Vespertilionidae;2026-07-08;387;S;algemeen
346227645;346227645;Gewone Dwergvleermuis;Pipistrellus pipistrellus;2024-08-16;8;2025-04-23;1;ter plaatse;onbekend;onbekend;onbekend;204432.70296649227;209264.95315918516;5.147379208360935;51.1907958984375;FS5073;Mol - Gompel;Mol;Mol;Antwerpen;ObsIdentify;J;Goedgekeurd op basis van bewijsmateriaal;1980-01-01;3;;5;Zoogdieren;Vespertilionidae;2026-07-08;387;S;algemeen
356188584;356188584;Gewone Dwergvleermuis;Pipistrellus pipistrellus;2025-06-13;6;2025-06-13;1;dood;onbekend;onbekend;onbekend;163512.8000973216;212404.6419963092;4.562172276140455;51.22142726104658;FS0975;Schilde/Malle - Schijnvallei;Wommelgem;Wommelgem;Antwerpen;iObs;J;Goedgekeurd op basis van kennisregels - nabijheid;1980-01-01;3;;16;Zoogdieren;Vespertilionidae;2026-07-08;387;S;algemeen
277056177;277056177;Gewone Dwergvleermuis;Pipistrellus pipistrellus;2023-06-17;6;2023-06-19;1;zogend;vangst;adult;Vrouw;240372.83433974284;208397.58473162356;5.661178641021252;51.17849216486201;FS8673;Bree - De Luysen-Mariahof - Grote Mariahofvijver;Bree;Beek;Limburg;ObsMapp;J;Goedgekeurd op basis van kennisregels - nabijheid;1980-01-01;3;gewicht 6.0_ arm links 33_08mm;5;Zoogdieren;Vespertilionidae;2026-07-08;387;S;algemeen
277056174;277056174;Gewone Dwergvleermuis;Pipistrellus pipistrellus;2023-06-17;6;2023-06-19;1;zogend;vangst;adult;Vrouw;240372.83433974284;208397.58473162356;5.661178641021252;51.17849216486201;FS8673;Bree - De Luysen-Mariahof - Grote Mariahofvijver;Bree;Beek;Limburg;ObsMapp;J;Goedgekeurd op basis van kennisregels - nabijheid;1980-01-01;3;gewicht 5.9g arm links 32_35mm;5;Zoogdieren;Vespertilionidae;2026-07-08;387;S;algemeen
277056161;277056161;Gewone Dwergvleermuis;Pipistrellus pipistrellus;2023-06-18;6;2023-06-19;1;foeragerend;vangst;adult;Man;240495.9684103237;208386.63403321337;5.662936493754387;51.17837446202504;FS8673;Bree - De Luysen-Mariahof - Grote Mariahofvijver;Bree;Beek;Limburg;ObsMapp;J;Goedgekeurd op basis van kennisregels - nabijheid;1980-01-01;3;gewicht 4_6g. arm links 30_72mm;5;Zoogdieren;Vespertilionidae;2026-07-08;387;S;algemeen
367220489;367220489;Gewone Dwergvleermuis;Pipistrellus pipistrellus;2025-08-07;8;2025-08-07;1;slachtoffer verkeer;onbekend;onbekend;onbekend;154678.12118694122;232895.82094074693;4.4359858;51.4057428;ES9995;Grenspark Kalmthoutse Heide - Stappersven;Kalmthout;Kalmthout;Antwerpen;Observation;J;Goedgekeurd op basis van bewijsmateriaal;1980-01-01;4;;8;Zoogdieren;Vespertilionidae;2026-07-08;387;S;algemeen
317063041;317063041;Gewone Dwergvleermuis;Pipistrellus pipistrellus;2024-06-21;6;2024-07-01;61;zwermend (aan zomerverblijf);gezien en gehoord;onbekend;Vrouw;223193.0509616078;184263.0506230807;5.410680770874023;50.96400505425326;FS6948;Genk - Domein Bokrijk - Zuidoost;Genk;Genk;Limburg;Site;J;Goedgekeurd op basis van expertoordeel;1980-01-01;3;;4;Zoogdieren;Vespertilionidae;2026-07-08;387;S;algemeen
386554617;386554617;Gewone Dwergvleermuis;Pipistrellus pipistrellus;2025-07-03;7;2026-02-23;7;ter plaatse;vangst;onbekend;onbekend;222204.6126518748;186104.22204554823;5.396974999999998;50.980678;FS6850;  ;Zonhoven;Zonhoven;Limburg;Site;J;Goedgekeurd op basis van expertoordeel;1980-01-01;3;;999;Zoogdieren;Vespertilionidae;2026-07-08;387;S;algemeen
245836747;245836747;Gewone Dwergvleermuis;Pipistrellus pipistrellus;2022-06-17;6;2022-06-18;2;ter plaatse;onbekend;onbekend;onbekend;180759.7544988655;239117.91755426023;4.81131410598755;51.4608573913574;FT2502;Meerle - Smisselbergen;Hoogstraten;Meerle;Antwerpen;ObsMapp;J;Goedgekeurd op basis van kennisregels - nabijheid;2007-01-01;3;;9;Zoogdieren;Vespertilionidae;2026-07-08;387;S;algemeen
284506234;284506234;Gewone Dwergvleermuis;Pipistrellus pipistrellus;2023-08-16;8;2023-08-16;1;ter plaatse;vangst;onbekend;onbekend;162657.9397447156;200713.3514151033;4.54952739;51.11635908;FS0863;Beneden Netevallei - Anderstad;Lier;Lier;Antwerpen;Site;J;Goedgekeurd op basis van bewijsmateriaal;1980-01-01;3;;10;Zoogdieren;Vespertilionidae;2026-07-08;387;S;algemeen
347190202;347190202;Gewone Dwergvleermuis;Pipistrellus pipistrellus;2024-02-04;2;2025-04-28;1;winterslaap;onbekend;onbekend;onbekend;154514.2709424051;206332.6406669356;4.433295971491547;51.16699048313341;FS0069;Edegem - Fort 5;Edegem;Edegem;Antwerpen;Meetnetten.be;J;Goedgekeurd op basis van kennisregels - nabijheid;2025-02-02;3;meetnetten.be: life stage: unknown_ activity: hibernation;10;Zoogdieren;Vespertilionidae;2026-07-08;387;S;algemeen
347190203;347190203;Gewone Dwergvleermuis;Pipistrellus pipistrellus;2024-02-04;2;2025-04-28;1;winterslaap;onbekend;onbekend;onbekend;154514.2709424051;206332.6406669356;4.433295971491547;51.16699048313341;FS0069;Edegem - Fort 5;Edegem;Edegem;Antwerpen;Meetnetten.be;J;Goedgekeurd op basis van kennisregels - nabijheid;2025-02-02;3;meetnetten.be: life stage: unknown_ activity: hibernation;10;Zoogdieren;Vespertilionidae;2026-07-08;387;S;algemeen
347190205;347190205;Gewone Dwergvleermuis;Pipistrellus pipistrellus;2024-02-04;2;2025-04-28;1;winterslaap;onbekend;onbekend;onbekend;154514.2709424051;206332.6406669356;4.433295971491547;51.16699048313341;FS0069;Edegem - Fort 5;Edegem;Edegem;Antwerpen;Meetnetten.be;J;Goedgekeurd op basis van kennisregels - nabijheid;2025-02-02;3;meetnetten.be: life stage: unknown_ activity: hibernation;10;Zoogdieren;Vespertilionidae;2026-07-08;387;S;algemeen
347190206;347190206;Gewone Dwergvleermuis;Pipistrellus pipistrellus;2024-02-04;2;2025-04-28;1;winterslaap;onbekend;onbekend;onbekend;154514.2709424051;206332.6406669356;4.433295971491547;51.16699048313341;FS0069;Edegem - Fort 5;Edegem;Edegem;Antwerpen;Meetnetten.be;J;Goedgekeurd op basis van kennisregels - nabijheid;2025-02-02;3;meetnetten.be: life stage: unknown_ activity: hibernation;10;Zoogdieren;Vespertilionidae;2026-07-08;387;S;algemeen
347190212;347190212;Gewone Dwergvleermuis;Pipistrellus pipistrellus;2024-02-04;2;2025-04-28;1;winterslaap;onbekend;onbekend;onbekend;154514.2709424051;206332.6406669356;4.433295971491547;51.16699048313341;FS0069;Edegem - Fort 5;Edegem;Edegem;Antwerpen;Meetnetten.be;J;Goedgekeurd op basis van kennisregels - nabijheid;2025-02-02;3;meetnetten.be: life stage: unknown_ activity: hibernation;10;Zoogdieren;Vespertilionidae;2026-07-08;387;S;algemeen
318715000;318715000:3546749;Gewone Dwergvleermuis;Pipistrellus pipistrellus;2024-07-12;7;2024-07-13;1;ter plaatse;vangst;subadult;Man;222754.00985024136;184341.70239021812;5.404447317123413;50.96476725026343;FS6848;Genk - Domein Bokrijk - Zuidoost;Genk;Genk;Limburg;Site;J;Goedgekeurd op basis van expertoordeel;1980-01-01;3;;8;Zoogdieren;Vespertilionidae;2026-07-08;387;S;algemeen
318715000;318715000:3546750;Gewone Dwergvleermuis;Pipistrellus pipistrellus;2024-07-12;7;2024-07-13;1;zogend;vangst;adult;Vrouw;222754.00985024136;184341.70239021812;5.404447317123413;50.96476725026343;FS6848;Genk - Domein Bokrijk - Zuidoost;Genk;Genk;Limburg;Site;J;Goedgekeurd op basis van expertoordeel;1980-01-01;3;;8;Zoogdieren;Vespertilionidae;2026-07-08;387;S;algemeen
273837858;273837858;Gewone Dwergvleermuis;Pipistrellus pipistrellus;2023-05-27;5;2023-05-28;6;ter plaatse;vangst;adult;onbekend;197873.99163508933;174210.09181498643;5.048968999999943;50.876283;FS4438;Domein Pardon Tienbunders (privé-domein ontoegankelijk);Zoutleeuw;Budingen;Vlaams-Brabant;Site;J;Goedgekeurd op basis van kennisregels - nabijheid;1980-01-01;3;;15;Zoogdieren;Vespertilionidae;2026-07-08;387;S;algemeen
273668877;273668877;Gewone Dwergvleermuis;Pipistrellus pipistrellus;2023-05-27;5;2023-05-27;1;ter plaatse;batdetector;onbekend;onbekend;197785.394017362;174431.5102077825;5.047739028930664;50.87828063964844;FS4438;Ransberg - Tienbunders;Zoutleeuw;Budingen;Vlaams-Brabant;ObsMapp;J;Goedgekeurd op basis van kennisregels - nabijheid;1980-01-01;3;;4;Zoogdieren;Vespertilionidae;2026-07-08;387;S;algemeen
347184597;347184597;Gewone Dwergvleermuis;Pipistrellus pipistrellus;2025-02-02;2;2025-04-28;1;winterslaap;onbekend;onbekend;onbekend;158886.57235593454;224392.12657714728;4.4962512841441145;51.32926305824483;FS0487;Brasschaat - Fort;Brasschaat;Brasschaat;Antwerpen;Meetnetten.be;J;Goedgekeurd op basis van kennisregels - nabijheid;2026-02-01;3;meetnetten.be: life stage: unknown_ activity: hibernation;10;Zoogdieren;Vespertilionidae;2026-07-08;387;S;algemeen
347184596;347184596;Gewone Dwergvleermuis;Pipistrellus pipistrellus;2025-02-02;2;2025-04-28;1;winterslaap;onbekend;onbekend;onbekend;158886.57235593454;224392.12657714728;4.4962512841441145;51.32926305824483;FS0487;Brasschaat - Fort;Brasschaat;Brasschaat;Antwerpen;Meetnetten.be;J;Goedgekeurd op basis van kennisregels - nabijheid;2026-02-01;3;meetnetten.be: life stage: unknown_ activity: hibernation;10;Zoogdieren;Vespertilionidae;2026-07-08;387;S;algemeen
347184595;347184595;Gewone Dwergvleermuis;Pipistrellus pipistrellus;2025-02-02;2;2025-04-28;1;winterslaap;onbekend;onbekend;onbekend;158886.57235593454;224392.12657714728;4.4962512841441145;51.32926305824483;FS0487;Brasschaat - Fort;Brasschaat;Brasschaat;Antwerpen;Meetnetten.be;J;Goedgekeurd op basis van kennisregels - nabijheid;2026-02-01;3;meetnetten.be: life stage: unknown_ activity: hibernation;10;Zoogdieren;Vespertilionidae;2026-07-08;387;S;algemeen
347184579;347184579;Gewone Dwergvleermuis;Pipistrellus pipistrellus;2025-02-02;2;2025-04-28;1;winterslaap;onbekend;onbekend;onbekend;158886.57235593454;224392.12657714728;4.4962512841441145;51.32926305824483;FS0487;Brasschaat - Fort;Brasschaat;Brasschaat;Antwerpen;Meetnetten.be;J;Goedgekeurd op basis van kennisregels - nabijheid;2026-02-01;3;meetnetten.be: life stage: unknown_ activity: hibernation;10;Zoogdieren;Vespertilionidae;2026-07-08;387;S;algemeen
347184403;347184403;Gewone Dwergvleermuis;Pipistrellus pipistrellus;2025-02-02;2;2025-04-28;1;winterslaap;onbekend;onbekend;onbekend;158886.57235593454;224392.12657714728;4.4962512841441145;51.32926305824483;FS0487;Brasschaat - Fort;Brasschaat;Brasschaat;Antwerpen;Meetnetten.be;J;Goedgekeurd op basis van kennisregels - nabijheid;2026-02-01;3;meetnetten.be: life stage: unknown_ activity: hibernation;10;Zoogdieren;Vespertilionidae;2026-07-08;387;S;algemeen
347184322;347184322;Gewone Dwergvleermuis;Pipistrellus pipistrellus;2025-02-02;2;2025-04-28;1;winterslaap;onbekend;onbekend;onbekend;158886.57235593454;224392.12657714728;4.4962512841441145;51.32926305824483;FS0487;Brasschaat - Fort;Brasschaat;Brasschaat;Antwerpen;Meetnetten.be;J;Goedgekeurd op basis van kennisregels - nabijheid;2026-02-01;3;meetnetten.be: life stage: unknown_ activity: hibernation;10;Zoogdieren;Vespertilionidae;2026-07-08;387;S;algemeen
347184315;347184315;Gewone Dwergvleermuis;Pipistrellus pipistrellus;2025-02-02;2;2025-04-28;1;winterslaap;onbekend;onbekend;onbekend;158886.57235593454;224392.12657714728;4.4962512841441145;51.32926305824483;FS0487;Brasschaat - Fort;Brasschaat;Brasschaat;Antwerpen;Meetnetten.be;J;Goedgekeurd op basis van kennisregels - nabijheid;2026-02-01;3;meetnetten.be: life stage: unknown_ activity: hibernation;10;Zoogdieren;Vespertilionidae;2026-07-08;387;S;algemeen
347184313;347184313;Gewone Dwergvleermuis;Pipistrellus pipistrellus;2025-02-02;2;2025-04-28;1;winterslaap;onbekend;onbekend;onbekend;158886.57235593454;224392.12657714728;4.4962512841441145;51.32926305824483;FS0487;Brasschaat - Fort;Brasschaat;Brasschaat;Antwerpen;Meetnetten.be;J;Goedgekeurd op basis van kennisregels - nabijheid;2026-02-01;3;meetnetten.be: life stage: unknown_ activity: hibernation;10;Zoogdieren;Vespertilionidae;2026-07-08;387;S;algemeen
347184311;347184311;Gewone Dwergvleermuis;Pipistrellus pipistrellus;2025-02-02;2;2025-04-28;1;winterslaap;onbekend;onbekend;onbekend;158886.57235593454;224392.12657714728;4.4962512841441145;51.32926305824483;FS0487;Brasschaat - Fort;Brasschaat;Brasschaat;Antwerpen;Meetnetten.be;J;Goedgekeurd op basis van kennisregels - nabijheid;2026-02-01;3;meetnetten.be: life stage: unknown_ activity: hibernation;10;Zoogdieren;Vespertilionidae;2026-07-08;387;S;algemeen
347184310;347184310;Gewone Dwergvleermuis;Pipistrellus pipistrellus;2025-02-02;2;2025-04-28;1;winterslaap;onbekend;onbekend;onbekend;158886.57235593454;224392.12657714728;4.4962512841441145;51.32926305824483;FS0487;Brasschaat - Fort;Brasschaat;Brasschaat;Antwerpen;Meetnetten.be;J;Goedgekeurd op basis van kennisregels - nabijheid;2026-02-01;3;meetnetten.be: life stage: unknown_ activity: hibernation;10;Zoogdieren;Vespertilionidae;2026-07-08;387;S;algemeen
347184307;347184307;Gewone Dwergvleermuis;Pipistrellus pipistrellus;2025-02-02;2;2025-04-28;1;winterslaap;onbekend;onbekend;onbekend;158886.57235593454;224392.12657714728;4.4962512841441145;51.32926305824483;FS0487;Brasschaat - Fort;Brasschaat;Brasschaat;Antwerpen;Meetnetten.be;J;Goedgekeurd op basis van kennisregels - nabijheid;2026-02-01;3;meetnetten.be: life stage: unknown_ activity: hibernation;10;Zoogdieren;Vespertilionidae;2026-07-08;387;S;algemeen
347184305;347184305;Gewone Dwergvleermuis;Pipistrellus pipistrellus;2025-02-02;2;2025-04-28;1;winterslaap;onbekend;onbekend;onbekend;158886.57235593454;224392.12657714728;4.4962512841441145;51.32926305824483;FS0487;Brasschaat - Fort;Brasschaat;Brasschaat;Antwerpen;Meetnetten.be;J;Goedgekeurd op basis van kennisregels - nabijheid;2026-02-01;3;meetnetten.be: life stage: unknown_ activity: hibernation;10;Zoogdieren;Vespertilionidae;2026-07-08;387;S;algemeen
347184302;347184302;Gewone Dwergvleermuis;Pipistrellus pipistrellus;2025-02-02;2;2025-04-28;1;winterslaap;onbekend;onbekend;onbekend;158886.57235593454;224392.12657714728;4.4962512841441145;51.32926305824483;FS0487;Brasschaat - Fort;Brasschaat;Brasschaat;Antwerpen;Meetnetten.be;J;Goedgekeurd op basis van kennisregels - nabijheid;2026-02-01;3;meetnetten.be: life stage: unknown_ activity: hibernation;10;Zoogdieren;Vespertilionidae;2026-07-08;387;S;algemeen
347184301;347184301;Gewone Dwergvleermuis;Pipistrellus pipistrellus;2025-02-02;2;2025-04-28;1;winterslaap;onbekend;onbekend;onbekend;158886.57235593454;224392.12657714728;4.4962512841441145;51.32926305824483;FS0487;Brasschaat - Fort;Brasschaat;Brasschaat;Antwerpen;Meetnetten.be;J;Goedgekeurd op basis van kennisregels - nabijheid;2026-02-01;3;meetnetten.be: life stage: unknown_ activity: hibernation;10;Zoogdieren;Vespertilionidae;2026-07-08;387;S;algemeen
347184299;347184299;Gewone Dwergvleermuis;Pipistrellus pipistrellus;2025-02-02;2;2025-04-28;1;winterslaap;onbekend;onbekend;onbekend;158886.57235593454;224392.12657714728;4.4962512841441145;51.32926305824483;FS0487;Brasschaat - Fort;Brasschaat;Brasschaat;Antwerpen;Meetnetten.be;J;Goedgekeurd op basis van kennisregels - nabijheid;2026-02-01;3;meetnetten.be: life stage: unknown_ activity: hibernation;10;Zoogdieren;Vespertilionidae;2026-07-08;387;S;algemeen
347184296;347184296;Gewone Dwergvleermuis;Pipistrellus pipistrellus;2025-02-02;2;2025-04-28;1;winterslaap;onbekend;onbekend;onbekend;158886.57235593454;224392.12657714728;4.4962512841441145;51.32926305824483;FS0487;Brasschaat - Fort;Brasschaat;Brasschaat;Antwerpen;Meetnetten.be;J;Goedgekeurd op basis van kennisregels - nabijheid;2026-02-01;3;meetnetten.be: life stage: unknown_ activity: hibernation;10;Zoogdieren;Vespertilionidae;2026-07-08;387;S;algemeen
347184294;347184294;Gewone Dwergvleermuis;Pipistrellus pipistrellus;2025-02-02;2;2025-04-28;1;winterslaap;onbekend;onbekend;onbekend;158886.57235593454;224392.12657714728;4.4962512841441145;51.32926305824483;FS0487;Brasschaat - Fort;Brasschaat;Brasschaat;Antwerpen;Meetnetten.be;J;Goedgekeurd op basis van kennisregels - nabijheid;2026-02-01;3;meetnetten.be: life stage: unknown_ activity: hibernation;10;Zoogdieren;Vespertilionidae;2026-07-08;387;S;algemeen
364197870;364197870:4037637;Gewone Dwergvleermuis;Pipistrellus pipistrellus;2025-07-19;7;2025-07-21;12;ter plaatse;vangst;adult;Vrouw;215807.0541488205;188074.5829672301;5.306236000000013;50.99915;FS6152;Laambeekvallei - Oost;Heusden-Zolder;Zolder;Limburg;Site;J;Goedgekeurd op basis van bewijsmateriaal;1980-01-01;3;project midden limburg;15;Zoogdieren;Vespertilionidae;2026-07-08;387;S;algemeen
364197870;364197870:4037638;Gewone Dwergvleermuis;Pipistrellus pipistrellus;2025-07-19;7;2025-07-21;1;ter plaatse;vangst;adult;Man;215807.0541488205;188074.5829672301;5.306236000000013;50.99915;FS6152;Laambeekvallei - Oost;Heusden-Zolder;Zolder;Limburg;Site;J;Goedgekeurd op basis van bewijsmateriaal;1980-01-01;3;project midden limburg;15;Zoogdieren;Vespertilionidae;2026-07-08;387;S;algemeen
364197870;364197870:4037639;Gewone Dwergvleermuis;Pipistrellus pipistrellus;2025-07-19;7;2025-07-21;3;ter plaatse;vangst;juveniel;Vrouw;215807.0541488205;188074.5829672301;5.306236000000013;50.99915;FS6152;Laambeekvallei - Oost;Heusden-Zolder;Zolder;Limburg;Site;J;Goedgekeurd op basis van bewijsmateriaal;1980-01-01;3;project midden limburg;15;Zoogdieren;Vespertilionidae;2026-07-08;387;S;algemeen
364197870;364197870:4037640;Gewone Dwergvleermuis;Pipistrellus pipistrellus;2025-07-19;7;2025-07-21;1;ter plaatse;vangst;juveniel;Man;215807.0541488205;188074.5829672301;5.306236000000013;50.99915;FS6152;Laambeekvallei - Oost;Heusden-Zolder;Zolder;Limburg;Site;J;Goedgekeurd op basis van bewijsmateriaal;1980-01-01;3;project midden limburg;15;Zoogdieren;Vespertilionidae;2026-07-08;387;S;algemeen
192782782;192782782;Gewone Dwergvleermuis;Pipistrellus pipistrellus;2020-05-24;5;2020-05-30;1;ter plaatse;op geluidsrecorder;onbekend;onbekend;166114.03824413396;213891.5403159149;4.5994711;51.234725;FS1177;Schilde - Putse Heide/Verbrand Bos;Schilde;Schilde;Antwerpen;Site;J;Goedgekeurd op basis van expertoordeel;1980-01-01;3;;7;Zoogdieren;Vespertilionidae;2026-07-08;387;S;algemeen
347184040;347184040;Gewone Dwergvleermuis;Pipistrellus pipistrellus;2025-02-02;2;2025-04-28;1;winterslaap;onbekend;onbekend;onbekend;158886.57235593454;224392.12657714728;4.4962512841441145;51.32926305824483;FS0487;Brasschaat - Fort;Brasschaat;Brasschaat;Antwerpen;Meetnetten.be;J;Goedgekeurd op basis van kennisregels - nabijheid;2026-02-01;3;meetnetten.be: life stage: unknown_ activity: hibernation;10;Zoogdieren;Vespertilionidae;2026-07-08;387;S;algemeen
347190078;347190078;Gewone Dwergvleermuis;Pipistrellus pipistrellus;2024-02-04;2;2025-04-28;1;winterslaap;onbekend;onbekend;onbekend;154514.2709424051;206332.6406669356;4.433295971491547;51.16699048313341;FS0069;Edegem - Fort 5;Edegem;Edegem;Antwerpen;Meetnetten.be;J;Goedgekeurd op basis van kennisregels - nabijheid;2025-02-02;3;meetnetten.be: life stage: unknown_ activity: hibernation;10;Zoogdieren;Vespertilionidae;2026-07-08;387;S;algemeen
347190079;347190079;Gewone Dwergvleermuis;Pipistrellus pipistrellus;2024-02-04;2;2025-04-28;1;winterslaap;onbekend;onbekend;onbekend;154514.2709424051;206332.6406669356;4.433295971491547;51.16699048313341;FS0069;Edegem - Fort 5;Edegem;Edegem;Antwerpen;Meetnetten.be;J;Goedgekeurd op basis van kennisregels - nabijheid;2025-02-02;3;meetnetten.be: life stage: unknown_ activity: hibernation;10;Zoogdieren;Vespertilionidae;2026-07-08;387;S;algemeen
347184038;347184038;Gewone Dwergvleermuis;Pipistrellus pipistrellus;2025-02-02;2;2025-04-28;1;winterslaap;onbekend;onbekend;onbekend;158886.57235593454;224392.12657714728;4.4962512841441145;51.32926305824483;FS0487;Brasschaat - Fort;Brasschaat;Brasschaat;Antwerpen;Meetnetten.be;J;Goedgekeurd op basis van kennisregels - nabijheid;2026-02-01;3;meetnetten.be: life stage: unknown_ activity: hibernation;10;Zoogdieren;Vespertilionidae;2026-07-08;387;S;algemeen
347184014;347184014;Gewone Dwergvleermuis;Pipistrellus pipistrellus;2025-02-02;2;2025-04-28;1;winterslaap;onbekend;onbekend;onbekend;158886.57235593454;224392.12657714728;4.4962512841441145;51.32926305824483;FS0487;Brasschaat - Fort;Brasschaat;Brasschaat;Antwerpen;Meetnetten.be;J;Goedgekeurd op basis van kennisregels - nabijheid;2026-02-01;3;meetnetten.be: life stage: unknown_ activity: hibernation;10;Zoogdieren;Vespertilionidae;2026-07-08;387;S;algemeen
347183984;347183984;Gewone Dwergvleermuis;Pipistrellus pipistrellus;2025-02-02;2;2025-04-28;1;winterslaap;onbekend;onbekend;onbekend;158886.57235593454;224392.12657714728;4.4962512841441145;51.32926305824483;FS0487;Brasschaat - Fort;Brasschaat;Brasschaat;Antwerpen;Meetnetten.be;J;Goedgekeurd op basis van kennisregels - nabijheid;2026-02-01;3;meetnetten.be: life stage: unknown_ activity: hibernation;10;Zoogdieren;Vespertilionidae;2026-07-08;387;S;algemeen
347183980;347183980;Gewone Dwergvleermuis;Pipistrellus pipistrellus;2025-02-02;2;2025-04-28;1;winterslaap;onbekend;onbekend;onbekend;158886.57235593454;224392.12657714728;4.4962512841441145;51.32926305824483;FS0487;Brasschaat - Fort;Brasschaat;Brasschaat;Antwerpen;Meetnetten.be;J;Goedgekeurd op basis van kennisregels - nabijheid;2026-02-01;3;meetnetten.be: life stage: unknown_ activity: hibernation;10;Zoogdieren;Vespertilionidae;2026-07-08;387;S;algemeen
347183978;347183978;Gewone Dwergvleermuis;Pipistrellus pipistrellus;2025-02-02;2;2025-04-28;1;winterslaap;onbekend;onbekend;onbekend;158886.57235593454;224392.12657714728;4.4962512841441145;51.32926305824483;FS0487;Brasschaat - Fort;Brasschaat;Brasschaat;Antwerpen;Meetnetten.be;J;Goedgekeurd op basis van kennisregels - nabijheid;2026-02-01;3;meetnetten.be: life stage: unknown_ activity: hibernation;10;Zoogdieren;Vespertilionidae;2026-07-08;387;S;algemeen
347183975;347183975;Gewone Dwergvleermuis;Pipistrellus pipistrellus;2025-02-02;2;2025-04-28;1;winterslaap;onbekend;onbekend;onbekend;158886.57235593454;224392.12657714728;4.4962512841441145;51.32926305824483;FS0487;Brasschaat - Fort;Brasschaat;Brasschaat;Antwerpen;Meetnetten.be;J;Goedgekeurd op basis van kennisregels - nabijheid;2026-02-01;3;meetnetten.be: life stage: unknown_ activity: hibernation;10;Zoogdieren;Vespertilionidae;2026-07-08;387;S;algemeen
347183973;347183973;Gewone Dwergvleermuis;Pipistrellus pipistrellus;2025-02-02;2;2025-04-28;1;winterslaap;onbekend;onbekend;onbekend;158886.57235593454;224392.12657714728;4.4962512841441145;51.32926305824483;FS0487;Brasschaat - Fort;Brasschaat;Brasschaat;Antwerpen;Meetnetten.be;J;Goedgekeurd op basis van kennisregels - nabijheid;2026-02-01;3;meetnetten.be: life stage: unknown_ activity: hibernation;10;Zoogdieren;Vespertilionidae;2026-07-08;387;S;algemeen
347183958;347183958;Gewone Dwergvleermuis;Pipistrellus pipistrellus;2025-02-02;2;2025-04-28;1;winterslaap;onbekend;onbekend;onbekend;158886.57235593454;224392.12657714728;4.4962512841441145;51.32926305824483;FS0487;Brasschaat - Fort;Brasschaat;Brasschaat;Antwerpen;Meetnetten.be;J;Goedgekeurd op basis van kennisregels - nabijheid;2026-02-01;3;meetnetten.be: life stage: unknown_ activity: hibernation;10;Zoogdieren;Vespertilionidae;2026-07-08;387;S;algemeen
347183956;347183956;Gewone Dwergvleermuis;Pipistrellus pipistrellus;2025-02-02;2;2025-04-28;1;winterslaap;onbekend;onbekend;onbekend;158886.57235593454;224392.12657714728;4.4962512841441145;51.32926305824483;FS0487;Brasschaat - Fort;Brasschaat;Brasschaat;Antwerpen;Meetnetten.be;J;Goedgekeurd op basis van kennisregels - nabijheid;2026-02-01;3;meetnetten.be: life stage: unknown_ activity: hibernation;10;Zoogdieren;Vespertilionidae;2026-07-08;387;S;algemeen
347183954;347183954;Gewone Dwergvleermuis;Pipistrellus pipistrellus;2025-02-02;2;2025-04-28;1;winterslaap;onbekend;onbekend;onbekend;158886.57235593454;224392.12657714728;4.4962512841441145;51.32926305824483;FS0487;Brasschaat - Fort;Brasschaat;Brasschaat;Antwerpen;Meetnetten.be;J;Goedgekeurd op basis van kennisregels - nabijheid;2026-02-01;3;meetnetten.be: life stage: unknown_ activity: hibernation;10;Zoogdieren;Vespertilionidae;2026-07-08;387;S;algemeen
347183949;347183949;Gewone Dwergvleermuis;Pipistrellus pipistrellus;2025-02-02;2;2025-04-28;1;winterslaap;onbekend;onbekend;onbekend;158886.57235593454;224392.12657714728;4.4962512841441145;51.32926305824483;FS0487;Brasschaat - Fort;Brasschaat;Brasschaat;Antwerpen;Meetnetten.be;J;Goedgekeurd op basis van kennisregels - nabijheid;2026-02-01;3;meetnetten.be: life stage: unknown_ activity: hibernation;10;Zoogdieren;Vespertilionidae;2026-07-08;387;S;algemeen
347183948;347183948;Gewone Dwergvleermuis;Pipistrellus pipistrellus;2025-02-02;2;2025-04-28;1;winterslaap;onbekend;onbekend;onbekend;158886.57235593454;224392.12657714728;4.4962512841441145;51.32926305824483;FS0487;Brasschaat - Fort;Brasschaat;Brasschaat;Antwerpen;Meetnetten.be;J;Goedgekeurd op basis van kennisregels - nabijheid;2026-02-01;3;meetnetten.be: life stage: unknown_ activity: hibernation;10;Zoogdieren;Vespertilionidae;2026-07-08;387;S;algemeen
347183947;347183947;Gewone Dwergvleermuis;Pipistrellus pipistrellus;2025-02-02;2;2025-04-28;1;winterslaap;onbekend;onbekend;onbekend;158886.57235593454;224392.12657714728;4.4962512841441145;51.32926305824483;FS0487;Brasschaat - Fort;Brasschaat;Brasschaat;Antwerpen;Meetnetten.be;J;Goedgekeurd op basis van kennisregels - nabijheid;2026-02-01;3;meetnetten.be: life stage: unknown_ activity: hibernation;10;Zoogdieren;Vespertilionidae;2026-07-08;387;S;algemeen
368989623;368989623;Gewone Dwergvleermuis;Pipistrellus pipistrellus;2025-08-16;8;2025-08-17;1;ter plaatse;batdetector;onbekend;onbekend;157067.98805902508;212003.6022891728;4.4699170000000095;51.217938;FS0275;Deurne - Rivierenhof (Groendomein provincie Antwerpen - regio Antw.);Antwerpen;Deurne;Antwerpen;Site;J;Goedgekeurd op basis van kennisregels - nabijheid;1980-01-01;3;;7;Zoogdieren;Vespertilionidae;2026-07-08;387;S;algemeen
347190134;347190134;Gewone Dwergvleermuis;Pipistrellus pipistrellus;2024-02-04;2;2025-04-28;1;winterslaap;onbekend;onbekend;onbekend;154514.2709424051;206332.6406669356;4.433295971491547;51.16699048313341;FS0069;Edegem - Fort 5;Edegem;Edegem;Antwerpen;Meetnetten.be;J;Goedgekeurd op basis van kennisregels - nabijheid;2025-02-02;3;meetnetten.be: life stage: unknown_ activity: hibernation;10;Zoogdieren;Vespertilionidae;2026-07-08;387;S;algemeen
347190135;347190135;Gewone Dwergvleermuis;Pipistrellus pipistrellus;2024-02-04;2;2025-04-28;1;winterslaap;onbekend;onbekend;onbekend;154514.2709424051;206332.6406669356;4.433295971491547;51.16699048313341;FS0069;Edegem - Fort 5;Edegem;Edegem;Antwerpen;Meetnetten.be;J;Goedgekeurd op basis van kennisregels - nabijheid;2025-02-02;3;meetnetten.be: life stage: unknown_ activity: hibernation;10;Zoogdieren;Vespertilionidae;2026-07-08;387;S;algemeen
347190136;347190136;Gewone Dwergvleermuis;Pipistrellus pipistrellus;2024-02-04;2;2025-04-28;1;winterslaap;onbekend;onbekend;onbekend;154514.2709424051;206332.6406669356;4.433295971491547;51.16699048313341;FS0069;Edegem - Fort 5;Edegem;Edegem;Antwerpen;Meetnetten.be;J;Goedgekeurd op basis van kennisregels - nabijheid;2025-02-02;3;meetnetten.be: life stage: unknown_ activity: hibernation;10;Zoogdieren;Vespertilionidae;2026-07-08;387;S;algemeen
347184193;347184193;Gewone Dwergvleermuis;Pipistrellus pipistrellus;2025-02-02;2;2025-04-28;1;winterslaap;onbekend;onbekend;onbekend;158886.57235593454;224392.12657714728;4.4962512841441145;51.32926305824483;FS0487;Brasschaat - Fort;Brasschaat;Brasschaat;Antwerpen;Meetnetten.be;J;Goedgekeurd op basis van kennisregels - nabijheid;2026-02-01;3;meetnetten.be: life stage: unknown_ activity: hibernation;10;Zoogdieren;Vespertilionidae;2026-07-08;387;S;algemeen
347184168;347184168;Gewone Dwergvleermuis;Pipistrellus pipistrellus;2025-02-02;2;2025-04-28;1;winterslaap;onbekend;onbekend;onbekend;158886.57235593454;224392.12657714728;4.4962512841441145;51.32926305824483;FS0487;Brasschaat - Fort;Brasschaat;Brasschaat;Antwerpen;Meetnetten.be;J;Goedgekeurd op basis van kennisregels - nabijheid;2026-02-01;3;meetnetten.be: life stage: unknown_ activity: hibernation;10;Zoogdieren;Vespertilionidae;2026-07-08;387;S;algemeen
347184167;347184167;Gewone Dwergvleermuis;Pipistrellus pipistrellus;2025-02-02;2;2025-04-28;1;winterslaap;onbekend;onbekend;onbekend;158886.57235593454;224392.12657714728;4.4962512841441145;51.32926305824483;FS0487;Brasschaat - Fort;Brasschaat;Brasschaat;Antwerpen;Meetnetten.be;J;Goedgekeurd op basis van kennisregels - nabijheid;2026-02-01;3;meetnetten.be: life stage: unknown_ activity: hibernation;10;Zoogdieren;Vespertilionidae;2026-07-08;387;S;algemeen
347184166;347184166;Gewone Dwergvleermuis;Pipistrellus pipistrellus;2025-02-02;2;2025-04-28;1;winterslaap;onbekend;onbekend;onbekend;158886.57235593454;224392.12657714728;4.4962512841441145;51.32926305824483;FS0487;Brasschaat - Fort;Brasschaat;Brasschaat;Antwerpen;Meetnetten.be;J;Goedgekeurd op basis van kennisregels - nabijheid;2026-02-01;3;meetnetten.be: life stage: unknown_ activity: hibernation;10;Zoogdieren;Vespertilionidae;2026-07-08;387;S;algemeen
347184164;347184164;Gewone Dwergvleermuis;Pipistrellus pipistrellus;2025-02-02;2;2025-04-28;1;winterslaap;onbekend;onbekend;onbekend;158886.57235593454;224392.12657714728;4.4962512841441145;51.32926305824483;FS0487;Brasschaat - Fort;Brasschaat;Brasschaat;Antwerpen;Meetnetten.be;J;Goedgekeurd op basis van kennisregels - nabijheid;2026-02-01;3;meetnetten.be: life stage: unknown_ activity: hibernation;10;Zoogdieren;Vespertilionidae;2026-07-08;387;S;algemeen
347184161;347184161;Gewone Dwergvleermuis;Pipistrellus pipistrellus;2025-02-02;2;2025-04-28;1;winterslaap;onbekend;onbekend;onbekend;158886.57235593454;224392.12657714728;4.4962512841441145;51.32926305824483;FS0487;Brasschaat - Fort;Brasschaat;Brasschaat;Antwerpen;Meetnetten.be;J;Goedgekeurd op basis van kennisregels - nabijheid;2026-02-01;3;meetnetten.be: life stage: unknown_ activity: hibernation;10;Zoogdieren;Vespertilionidae;2026-07-08;387;S;algemeen
298310823;298310823;Gewone Dwergvleermuis;Pipistrellus pipistrellus;2024-02-04;2;2024-02-05;10;winterslaap;gezien;onbekend;onbekend;154480.27843525162;206493.98442888912;4.432812000000013;51.168441;FS0069;Edegem - Fort 5;Edegem;Edegem;Antwerpen;Site;J;Goedgekeurd op basis van kennisregels - nabijheid;1980-01-01;3;totaal aantal_ details in meetnetten.Be;30;Zoogdieren;Vespertilionidae;2026-07-08;387;S;algemeen
299546714;299546714;Gewone Dwergvleermuis;Pipistrellus pipistrellus;2024-02-24;2;2024-02-25;1;ter plaatse;gezien;adult;onbekend;186839.3632347997;188347.9061783785;4.893611431121826;51.004173278808594;FS3251;  ;Aarschot;Langdorp;Vlaams-Brabant;ObsMapp;J;Goedgekeurd op basis van bewijsmateriaal;1980-01-01;3;;3;Zoogdieren;Vespertilionidae;2026-07-08;387;S;algemeen
369022326;369022326;Gewone Dwergvleermuis;Pipistrellus pipistrellus;2025-08-17;8;2025-08-17;1;slachtoffer verkeer;onbekend;onbekend;onbekend;194381.1213009817;193512.422530137;5.001683333333333;51.050066666666666;FS4057;Gerhagen - Schoterheide;Tessenderlo;Tessenderlo;Limburg;ObsIdentify;J;Goedgekeurd op basis van bewijsmateriaal;1980-01-01;3;;999;Zoogdieren;Vespertilionidae;2026-07-08;387;S;algemeen
184734456;184734456;Gewone Dwergvleermuis;Pipistrellus pipistrellus;2020-01-24;1;2020-01-24;1;winterslaap;onbekend;onbekend;onbekend;152602.1193960016;206234.74107133225;4.40595769882202;51.1661224365234;ES9869;Wilrijk - Fort 6;Antwerpen;Wilrijk;Antwerpen;copied observation;J;Goedgekeurd op basis van kennisregels - nabijheid;2007-01-01;3;;25;Zoogdieren;Vespertilionidae;2026-07-08;387;S;algemeen
369500906;369500906;Gewone Dwergvleermuis;Pipistrellus pipistrellus;2025-08-20;8;2025-08-20;2;ter plaatse;onbekend;onbekend;onbekend;180412.07002409903;233019.49967972096;4.805794715881348;51.40606689453125;FS2596;Wortel-Kolonie - Zone Noordwest;Hoogstraten;Wortel;Antwerpen;ObsMapp;J;Goedgekeurd op basis van kennisregels - nabijheid;1980-01-01;4;;3;Zoogdieren;Vespertilionidae;2026-07-08;387;S;algemeen
403507252;403507252;Gewone Dwergvleermuis;Pipistrellus pipistrellus;2026-06-05;6;2026-06-07;1;dood;gezien;adult;Man;156234.54564889648;212225.55778280649;4.457992315292358;51.21994269477624;FS0175;  ;Antwerpen;Deurne;Antwerpen;ObsMapp;J;Goedgekeurd op basis van bewijsmateriaal;1980-01-01;3;mogelijk slachtoffer van kat;5;Zoogdieren;Vespertilionidae;2026-07-08;387;S;algemeen
186232133;186232133;Gewone Dwergvleermuis;Pipistrellus pipistrellus;2020-03-07;3;2020-03-07;1;foeragerend;gezien;onbekend;onbekend;153904.76103259285;223103.76581001747;4.424765;51.317739;ES9986;Kapellen - Dorpskern;Kapellen;Kapellen;Antwerpen;ObsMapp;J;Goedgekeurd op basis van expertoordeel;2007-01-01;3;;5;Zoogdieren;Vespertilionidae;2026-07-08;387;S;algemeen
187912957;187912957;Gewone Dwergvleermuis;Pipistrellus pipistrellus;2020-04-05;4;2020-04-05;2;foeragerend;gezien;onbekend;onbekend;151720.97053996797;227033.14800776917;4.393462;51.353067;ES9790;Putte - Dorpskern;Stabroek;Stabroek;Antwerpen;ObsMapp;J;Goedgekeurd op basis van expertoordeel;2007-01-01;3;soortbepaling op basis van grootte_ vorm en vlieggedrag.;5;Zoogdieren;Vespertilionidae;2026-07-08;387;S;algemeen
187912958;187912958;Gewone Dwergvleermuis;Pipistrellus pipistrellus;2020-04-05;4;2020-04-05;1;foeragerend;gezien;onbekend;onbekend;151569.8237099302;226979.0258493852;4.3912922;51.352581;ES9689;Putte - Dorpskern;Stabroek;Stabroek;Antwerpen;ObsMapp;J;Goedgekeurd op basis van expertoordeel;2007-01-01;3;soortbepaling op basis van grootte_ vorm en vlieggedrag.;5;Zoogdieren;Vespertilionidae;2026-07-08;387;S;algemeen
187913990;187913990;Gewone Dwergvleermuis;Pipistrellus pipistrellus;2020-04-05;4;2020-04-05;1;foeragerend;gezien;onbekend;onbekend;152060.19750562383;226870.05566823948;4.3983303;51.3516;ES9789;Putte - Dorpskern;Kapellen;Kapellen;Antwerpen;Site;J;Goedgekeurd op basis van expertoordeel;1980-01-01;3;soortbepaling op basis van grootte_ vorm en vlieggedrag.;5;Zoogdieren;Vespertilionidae;2026-07-08;387;S;algemeen
191915664;191915664;Gewone Dwergvleermuis;Pipistrellus pipistrellus;2020-05-21;5;2020-05-21;1;ter plaatse;batdetector;onbekend;onbekend;152006.97056060185;226872.2283688886;4.39756631851196;51.351619720459;ES9789;Putte - Dorpskern;Kapellen;Kapellen;Antwerpen;ObsMapp;J;Goedgekeurd op basis van kennisregels - nabijheid;2007-01-01;3;;25;Zoogdieren;Vespertilionidae;2026-07-08;387;S;algemeen
191915665;191915665;Gewone Dwergvleermuis;Pipistrellus pipistrellus;2020-05-21;5;2020-05-21;2;foeragerend;batdetector;onbekend;onbekend;151973.17137018967;226991.9031277364;4.39708185195923;51.3526954650879;ES9789;Putte - Dorpskern;Stabroek;Stabroek;Antwerpen;ObsMapp;J;Goedgekeurd op basis van kennisregels - nabijheid;2007-01-01;3;;25;Zoogdieren;Vespertilionidae;2026-07-08;387;S;algemeen
191915666;191915666;Gewone Dwergvleermuis;Pipistrellus pipistrellus;2020-05-21;5;2020-05-21;1;foeragerend;batdetector;onbekend;onbekend;151955.05177253147;227029.66998834908;4.39682197570801;51.3530349731445;ES9790;Putte - Dorpskern;Stabroek;Stabroek;Antwerpen;ObsMapp;J;Goedgekeurd op basis van kennisregels - nabijheid;2007-01-01;3;;25;Zoogdieren;Vespertilionidae;2026-07-08;387;S;algemeen
191915667;191915667;Gewone Dwergvleermuis;Pipistrellus pipistrellus;2020-05-21;5;2020-05-21;1;foeragerend;batdetector;onbekend;onbekend;151935.64321778796;227050.88381004703;4.39654350280762;51.3532257080078;ES9790;Putte - Dorpskern;Stabroek;Stabroek;Antwerpen;ObsMapp;J;Goedgekeurd op basis van kennisregels - nabijheid;2007-01-01;3;;25;Zoogdieren;Vespertilionidae;2026-07-08;387;S;algemeen
191915668;191915668;Gewone Dwergvleermuis;Pipistrellus pipistrellus;2020-05-21;5;2020-05-21;1;ter plaatse;batdetector;onbekend;onbekend;151862.44002585678;227015.20448794492;4.39549255371094;51.3529052734375;ES9789;Putte - Dorpskern;Stabroek;Stabroek;Antwerpen;ObsMapp;J;Goedgekeurd op basis van kennisregels - nabijheid;2007-01-01;3;;25;Zoogdieren;Vespertilionidae;2026-07-08;387;S;algemeen
191915669;191915669;Gewone Dwergvleermuis;Pipistrellus pipistrellus;2020-05-21;5;2020-05-21;1;ter plaatse;batdetector;onbekend;onbekend;151838.9194989872;227017.3179878388;4.39515495300293;51.3529243469238;ES9789;Putte - Dorpskern;Stabroek;Stabroek;Antwerpen;ObsMapp;J;Goedgekeurd op basis van expertoordeel;2007-01-01;3;;25;Zoogdieren;Vespertilionidae;2026-07-08;387;S;algemeen
191915670;191915670;Gewone Dwergvleermuis;Pipistrellus pipistrellus;2020-05-21;5;2020-05-21;1;ter plaatse;batdetector;onbekend;onbekend;151903.3264718134;227034.74333657417;4.39607954025269;51.3530807495117;ES9790;Putte - Dorpskern;Stabroek;Stabroek;Antwerpen;ObsMapp;J;Goedgekeurd op basis van kennisregels - nabijheid;2007-01-01;3;;25;Zoogdieren;Vespertilionidae;2026-07-08;387;S;algemeen
191915671;191915671;Gewone Dwergvleermuis;Pipistrellus pipistrellus;2020-05-21;5;2020-05-21;1;ter plaatse;batdetector;onbekend;onbekend;151977.218911933;227005.48633870296;4.39714002609253;51.3528175354004;ES9789;Putte - Dorpskern;Kapellen;Kapellen;Antwerpen;ObsMapp;J;Goedgekeurd op basis van kennisregels - nabijheid;2007-01-01;3;;25;Zoogdieren;Vespertilionidae;2026-07-08;387;S;algemeen
192774067;192774067;Gewone Dwergvleermuis;Pipistrellus pipistrellus;2020-05-30;5;2020-05-30;1;sociaal gedrag;batdetector;onbekend;onbekend;152041.89119316306;226863.1500828629;4.3980675;51.351538;ES9789;Putte - Dorpskern;Kapellen;Kapellen;Antwerpen;Site;J;Goedgekeurd op basis van bewijsmateriaal;1980-01-01;3;57 passages tussen 29/05/2020 22:21 en 30/05/2020 2:44. Detector actief van 22:00 tot 7:30_ maar batterij vermoedelijk leeg tijdens laatste opname.;5;Zoogdieren;Vespertilionidae;2026-07-08;387;S;algemeen
193170823;193170823;Gewone Dwergvleermuis;Pipistrellus pipistrellus;2020-06-03;6;2020-06-03;1;ziek/gewond;vangst;adult;Man;159714.14939480994;221426.44471061043;4.508044;51.302594;FS0584;Brasschaat - Dorpskern;Brasschaat;Brasschaat;Antwerpen;Site;J;Goedgekeurd op basis van bewijsmateriaal;1980-01-01;3;Via oproep. Verzwakt/uitgedroogd dier in living. Opgehaald_ laten drinken en vruchteloos proberen te laten vliegen. Helaas overleden vooraleer het naar VOC kon gebracht worden.;5;Zoogdieren;Vespertilionidae;2026-07-08;387;S;algemeen
194876445;194876445;Gewone Dwergvleermuis;Pipistrellus pipistrellus;2020-06-24;6;2020-06-24;1;ter plaatse;batdetector;onbekend;onbekend;151668.57604866382;226891.20421573427;4.39270925521851;51.3517913818359;ES9689;Putte - Dorpskern;Stabroek;Stabroek;Antwerpen;ObsMapp;J;Goedgekeurd op basis van expertoordeel;2007-01-01;3;;25;Zoogdieren;Vespertilionidae;2026-07-08;387;S;algemeen
330312926;330312926;Gewone Dwergvleermuis;Pipistrellus pipistrellus;2024-10-08;10;2024-10-08;2;foeragerend;batdetector;onbekend;onbekend;152048.6911596024;226863.7127128858;4.398165106576926;51.35154303214218;ES9789;Putte - Dorpskern;Kapellen;Kapellen;Antwerpen;Site;J;Goedgekeurd op basis van bewijsmateriaal;1980-01-01;3;;4;Zoogdieren;Vespertilionidae;2026-07-08;387;S;algemeen
288829255;288829255;Gewone Dwergvleermuis;Pipistrellus pipistrellus;2023-09-24;9;2023-09-24;1;foeragerend;batdetector;onbekend;onbekend;156940.59304408656;211421.1977097271;4.468082450330257;51.2127046709401;FS0274;Deurne - Rivierenhof (Groendomein provincie Antwerpen - regio Antw.);Antwerpen;Deurne;Antwerpen;ObsMapp;J;Goedgekeurd op basis van kennisregels - nabijheid;1980-01-01;3;;5;Zoogdieren;Vespertilionidae;2026-07-08;387;S;algemeen
288829254;288829254;Gewone Dwergvleermuis;Pipistrellus pipistrellus;2023-09-24;9;2023-09-24;1;foeragerend;batdetector;onbekend;onbekend;156893.37270787347;211395.4311548518;4.467406198382378;51.212473640269984;FS0274;Deurne - Rivierenhof (Groendomein provincie Antwerpen - regio Antw.);Antwerpen;Deurne;Antwerpen;ObsMapp;J;Goedgekeurd op basis van kennisregels - nabijheid;1980-01-01;3;;5;Zoogdieren;Vespertilionidae;2026-07-08;387;S;algemeen
288829252;288829252;Gewone Dwergvleermuis;Pipistrellus pipistrellus;2023-09-24;9;2023-09-24;1;foeragerend;batdetector;onbekend;onbekend;156867.0087365845;211365.5567478612;4.467028342187405;51.21220543321085;FS0274;Deurne - Rivierenhof (Groendomein provincie Antwerpen - regio Antw.);Antwerpen;Deurne;Antwerpen;ObsMapp;J;Goedgekeurd op basis van kennisregels - nabijheid;1980-01-01;3;;5;Zoogdieren;Vespertilionidae;2026-07-08;387;S;algemeen
288829247;288829247;Gewone Dwergvleermuis;Pipistrellus pipistrellus;2023-09-24;9;2023-09-24;1;foeragerend;batdetector;onbekend;onbekend;156842.06609513066;211369.1814528145;4.466671466827393;51.21223831176758;FS0274;Deurne - Rivierenhof (Groendomein provincie Antwerpen - regio Antw.);Antwerpen;Deurne;Antwerpen;ObsMapp;J;Goedgekeurd op basis van kennisregels - nabijheid;1980-01-01;3;;5;Zoogdieren;Vespertilionidae;2026-07-08;387;S;algemeen
288829244;288829244;Gewone Dwergvleermuis;Pipistrellus pipistrellus;2023-09-24;9;2023-09-24;1;sociaal gedrag;batdetector;onbekend;onbekend;156808.81955815776;211363.6201932225;4.466195583343506;51.212188720703125;FS0274;Deurne - Rivierenhof (Groendomein provincie Antwerpen - regio Antw.);Antwerpen;Deurne;Antwerpen;ObsMapp;J;Goedgekeurd op basis van kennisregels - nabijheid;1980-01-01;3;;3;Zoogdieren;Vespertilionidae;2026-07-08;387;S;algemeen
288829239;288829239;Gewone Dwergvleermuis;Pipistrellus pipistrellus;2023-09-24;9;2023-09-24;1;foeragerend;batdetector;onbekend;onbekend;156778.5345700263;211361.0338539444;4.465762138366699;51.21216583251953;FS0274;Deurne - Rivierenhof (Groendomein provincie Antwerpen - regio Antw.);Antwerpen;Deurne;Antwerpen;ObsMapp;J;Goedgekeurd op basis van kennisregels - nabijheid;1980-01-01;3;;3;Zoogdieren;Vespertilionidae;2026-07-08;387;S;algemeen
288829233;288829233;Gewone Dwergvleermuis;Pipistrellus pipistrellus;2023-09-24;9;2023-09-24;1;ter plaatse;batdetector;onbekend;onbekend;156756.6014475543;211519.73132897448;4.465451240539551;51.21359252929688;FS0274;Deurne - Rivierenhof (Groendomein provincie Antwerpen - regio Antw.);Antwerpen;Deurne;Antwerpen;ObsMapp;J;Goedgekeurd op basis van kennisregels - nabijheid;1980-01-01;3;;3;Zoogdieren;Vespertilionidae;2026-07-08;387;S;algemeen
288829225;288829225;Gewone Dwergvleermuis;Pipistrellus pipistrellus;2023-09-24;9;2023-09-24;1;ter plaatse;batdetector;onbekend;onbekend;156682.79162359855;211576.50492930505;4.464395999908447;51.21410369873047;FS0274;Deurne - Rivierenhof (Groendomein provincie Antwerpen - regio Antw.);Antwerpen;Deurne;Antwerpen;ObsMapp;J;Goedgekeurd op basis van kennisregels - nabijheid;1980-01-01;3;;3;Zoogdieren;Vespertilionidae;2026-07-08;387;S;algemeen
288829221;288829221;Gewone Dwergvleermuis;Pipistrellus pipistrellus;2023-09-24;9;2023-09-24;1;foeragerend;batdetector;onbekend;onbekend;156703.93803957684;211482.7395707229;4.464696884155273;51.213260650634766;FS0274;Deurne - Rivierenhof (Groendomein provincie Antwerpen - regio Antw.);Antwerpen;Deurne;Antwerpen;ObsMapp;J;Goedgekeurd op basis van kennisregels - nabijheid;1980-01-01;3;;3;Zoogdieren;Vespertilionidae;2026-07-08;387;S;algemeen
288829219;288829219;Gewone Dwergvleermuis;Pipistrellus pipistrellus;2023-09-24;9;2023-09-24;1;sociaal gedrag;batdetector;onbekend;onbekend;156721.21220981822;211650.4008693853;4.46494722366333;51.21476745605469;FS0274;Deurne - Rivierenhof (Groendomein provincie Antwerpen - regio Antw.);Antwerpen;Deurne;Antwerpen;ObsMapp;J;Goedgekeurd op basis van kennisregels - nabijheid;1980-01-01;3;;3;Zoogdieren;Vespertilionidae;2026-07-08;387;S;algemeen
288829217;288829217;Gewone Dwergvleermuis;Pipistrellus pipistrellus;2023-09-24;9;2023-09-24;1;sociaal gedrag;batdetector;onbekend;onbekend;156673.53738583715;211672.83220794704;4.4642653465271;51.214969635009766;FS0274;Deurne - Rivierenhof (Groendomein provincie Antwerpen - regio Antw.);Antwerpen;Deurne;Antwerpen;ObsMapp;J;Goedgekeurd op basis van kennisregels - nabijheid;1980-01-01;3;;3;Zoogdieren;Vespertilionidae;2026-07-08;387;S;algemeen
288829213;288829213;Gewone Dwergvleermuis;Pipistrellus pipistrellus;2023-09-24;9;2023-09-24;1;foeragerend;batdetector;onbekend;onbekend;156597.7657394555;211780.9571788544;4.4631829261779785;51.2159423828125;FS0274;Deurne - Rivierenhof (Groendomein provincie Antwerpen - regio Antw.);Antwerpen;Deurne;Antwerpen;ObsMapp;J;Goedgekeurd op basis van kennisregels - nabijheid;1980-01-01;3;;3;Zoogdieren;Vespertilionidae;2026-07-08;387;S;algemeen
288829211;288829211;Gewone Dwergvleermuis;Pipistrellus pipistrellus;2023-09-24;9;2023-09-24;1;foeragerend;batdetector;onbekend;onbekend;156599.61661424965;211844.6199040348;4.463210582733154;51.21651458740234;FS0274;Deurne - Rivierenhof (Groendomein provincie Antwerpen - regio Antw.);Antwerpen;Deurne;Antwerpen;ObsMapp;J;Goedgekeurd op basis van kennisregels - nabijheid;1980-01-01;3;;3;Zoogdieren;Vespertilionidae;2026-07-08;387;S;algemeen
288829207;288829207;Gewone Dwergvleermuis;Pipistrellus pipistrellus;2023-09-24;9;2023-09-24;1;foeragerend;batdetector;onbekend;onbekend;156599.61661424965;211844.6199040348;4.463210582733154;51.21651458740234;FS0274;Deurne - Rivierenhof (Groendomein provincie Antwerpen - regio Antw.);Antwerpen;Deurne;Antwerpen;ObsMapp;J;Goedgekeurd op basis van kennisregels - nabijheid;1980-01-01;3;;3;Zoogdieren;Vespertilionidae;2026-07-08;387;S;algemeen
288829200;288829200;Gewone Dwergvleermuis;Pipistrellus pipistrellus;2023-09-24;9;2023-09-24;1;sociaal gedrag;batdetector;onbekend;onbekend;156690.03581139393;211976.30131369177;4.464507102966309;51.21769714355469;FS0275;Deurne - Rivierenhof (Groendomein provincie Antwerpen - regio Antw.);Antwerpen;Deurne;Antwerpen;ObsMapp;J;Goedgekeurd op basis van kennisregels - nabijheid;1980-01-01;3;;3;Zoogdieren;Vespertilionidae;2026-07-08;387;S;algemeen
288829198;288829198;Gewone Dwergvleermuis;Pipistrellus pipistrellus;2023-09-24;9;2023-09-24;1;sociaal gedrag;batdetector;onbekend;onbekend;156819.48191481837;211967.9829776939;4.466359615325928;51.217620849609375;FS0275;Deurne - Rivierenhof (Groendomein provincie Antwerpen - regio Antw.);Antwerpen;Deurne;Antwerpen;ObsMapp;J;Goedgekeurd op basis van kennisregels - nabijheid;1980-01-01;3;;3;Zoogdieren;Vespertilionidae;2026-07-08;387;S;algemeen
288829195;288829195;Gewone Dwergvleermuis;Pipistrellus pipistrellus;2023-09-24;9;2023-09-24;1;ter plaatse;batdetector;onbekend;onbekend;157043.83122632763;211898.68274621293;4.469569206237793;51.21699523925781;FS0274;Deurne - Rivierenhof (Groendomein provincie Antwerpen - regio Antw.);Antwerpen;Deurne;Antwerpen;ObsMapp;J;Goedgekeurd op basis van kennisregels - nabijheid;1980-01-01;3;;4;Zoogdieren;Vespertilionidae;2026-07-08;387;S;algemeen
288829192;288829192;Gewone Dwergvleermuis;Pipistrellus pipistrellus;2023-09-24;9;2023-09-24;1;foeragerend;batdetector;onbekend;onbekend;157114.19789330766;211946.3124893988;4.470577239990234;51.21742248535156;FS0275;Deurne - Rivierenhof (Groendomein provincie Antwerpen - regio Antw.);Antwerpen;Deurne;Antwerpen;ObsMapp;J;Goedgekeurd op basis van kennisregels - nabijheid;1980-01-01;3;;4;Zoogdieren;Vespertilionidae;2026-07-08;387;S;algemeen
287928643;287928643;Gewone Dwergvleermuis;Pipistrellus pipistrellus;2023-09-14;9;2023-09-14;1;foeragerend;batdetector;onbekend;onbekend;156809.05201449065;212145.79393482115;4.466213703155518;51.21921920776367;FS0275;Deurne - Rivierenhof (Groendomein provincie Antwerpen - regio Antw.);Antwerpen;Deurne;Antwerpen;ObsMapp;J;Goedgekeurd op basis van kennisregels - nabijheid;1980-01-01;3;;4;Zoogdieren;Vespertilionidae;2026-07-08;387;S;algemeen
287928642;287928642;Gewone Dwergvleermuis;Pipistrellus pipistrellus;2023-09-14;9;2023-09-14;1;foeragerend;batdetector;onbekend;onbekend;156868.175481943;212004.54628340527;4.467057228088379;51.21794891357422;FS0275;Deurne - Rivierenhof (Groendomein provincie Antwerpen - regio Antw.);Antwerpen;Deurne;Antwerpen;ObsMapp;J;Goedgekeurd op basis van kennisregels - nabijheid;1980-01-01;3;;3;Zoogdieren;Vespertilionidae;2026-07-08;387;S;algemeen
287928639;287928639;Gewone Dwergvleermuis;Pipistrellus pipistrellus;2023-09-14;9;2023-09-14;1;foeragerend;batdetector;onbekend;onbekend;156910.74657389414;211836.11538951565;4.467663288116455;51.216434478759766;FS0274;Deurne - Rivierenhof (Groendomein provincie Antwerpen - regio Antw.);Antwerpen;Deurne;Antwerpen;ObsMapp;J;Goedgekeurd op basis van kennisregels - nabijheid;1980-01-01;3;;4;Zoogdieren;Vespertilionidae;2026-07-08;387;S;algemeen
287928605;287928605;Gewone Dwergvleermuis;Pipistrellus pipistrellus;2023-09-14;9;2023-09-14;1;foeragerend;batdetector;onbekend;onbekend;157265.6110674028;212049.2291614404;4.4727463722229;51.21834564208984;FS0275;Deurne - Rivierenhof (Groendomein provincie Antwerpen - regio Antw.);Antwerpen;Deurne;Antwerpen;ObsMapp;J;Goedgekeurd op basis van kennisregels - nabijheid;1980-01-01;3;;4;Zoogdieren;Vespertilionidae;2026-07-08;387;S;algemeen
287928604;287928604;Gewone Dwergvleermuis;Pipistrellus pipistrellus;2023-09-14;9;2023-09-14;1;foeragerend;batdetector;onbekend;onbekend;157235.312433558;212059.3722083541;4.472312927246094;51.21843719482422;FS0275;Deurne - Rivierenhof (Groendomein provincie Antwerpen - regio Antw.);Antwerpen;Deurne;Antwerpen;ObsMapp;J;Goedgekeurd op basis van kennisregels - nabijheid;1980-01-01;3;;3;Zoogdieren;Vespertilionidae;2026-07-08;387;S;algemeen
287928603;287928603;Gewone Dwergvleermuis;Pipistrellus pipistrellus;2023-09-14;9;2023-09-14;1;foeragerend;batdetector;onbekend;onbekend;157195.00992373753;212123.82502228115;4.471737384796143;51.219017028808594;FS0275;Deurne - Rivierenhof (Groendomein provincie Antwerpen - regio Antw.);Antwerpen;Deurne;Antwerpen;ObsMapp;J;Goedgekeurd op basis van kennisregels - nabijheid;1980-01-01;3;;4;Zoogdieren;Vespertilionidae;2026-07-08;387;S;algemeen
287928602;287928602;Gewone Dwergvleermuis;Pipistrellus pipistrellus;2023-09-14;9;2023-09-14;1;foeragerend;batdetector;onbekend;onbekend;157158.090602791;212103.8266794216;4.471208572387695;51.21883773803711;FS0275;Deurne - Rivierenhof (Groendomein provincie Antwerpen - regio Antw.);Antwerpen;Deurne;Antwerpen;ObsMapp;J;Goedgekeurd op basis van kennisregels - nabijheid;1980-01-01;3;;4;Zoogdieren;Vespertilionidae;2026-07-08;387;S;algemeen
287928601;287928601;Gewone Dwergvleermuis;Pipistrellus pipistrellus;2023-09-14;9;2023-09-14;1;foeragerend;batdetector;onbekend;onbekend;157143.80638175123;212097.865220177;4.471004009246826;51.21878433227539;FS0275;Deurne - Rivierenhof (Groendomein provincie Antwerpen - regio Antw.);Antwerpen;Deurne;Antwerpen;ObsMapp;J;Goedgekeurd op basis van kennisregels - nabijheid;1980-01-01;3;;3;Zoogdieren;Vespertilionidae;2026-07-08;387;S;algemeen
287928599;287928599;Gewone Dwergvleermuis;Pipistrellus pipistrellus;2023-09-14;9;2023-09-14;1;foeragerend;batdetector;onbekend;onbekend;157006.42940705502;211800.58987578284;4.46903199999997;51.216114;FS0274;Deurne - Rivierenhof (Groendomein provincie Antwerpen - regio Antw.);Antwerpen;Deurne;Antwerpen;ObsMapp;J;Goedgekeurd op basis van kennisregels - nabijheid;1980-01-01;3;;3;Zoogdieren;Vespertilionidae;2026-07-08;387;S;algemeen
287928596;287928596;Gewone Dwergvleermuis;Pipistrellus pipistrellus;2023-09-14;9;2023-09-14;1;foeragerend;batdetector;onbekend;onbekend;156912.27351031784;211890.0165512301;4.467686176300049;51.2169189453125;FS0274;Deurne - Rivierenhof (Groendomein provincie Antwerpen - regio Antw.);Antwerpen;Deurne;Antwerpen;ObsMapp;J;Goedgekeurd op basis van kennisregels - nabijheid;1980-01-01;3;;4;Zoogdieren;Vespertilionidae;2026-07-08;387;S;algemeen
287928595;287928595;Gewone Dwergvleermuis;Pipistrellus pipistrellus;2023-09-14;9;2023-09-14;1;foeragerend;batdetector;onbekend;onbekend;156870.4383094662;211956.5918017868;4.46708869934082;51.2175178527832;FS0275;Deurne - Rivierenhof (Groendomein provincie Antwerpen - regio Antw.);Antwerpen;Deurne;Antwerpen;ObsMapp;J;Goedgekeurd op basis van kennisregels - nabijheid;1980-01-01;3;;4;Zoogdieren;Vespertilionidae;2026-07-08;387;S;algemeen
287928593;287928593;Gewone Dwergvleermuis;Pipistrellus pipistrellus;2023-09-14;9;2023-09-14;1;foeragerend;batdetector;onbekend;onbekend;156833.49864403525;211975.21639335997;4.466560363769531;51.21768569946289;FS0275;Deurne - Rivierenhof (Groendomein provincie Antwerpen - regio Antw.);Antwerpen;Deurne;Antwerpen;ObsMapp;J;Goedgekeurd op basis van kennisregels - nabijheid;1980-01-01;3;;3;Zoogdieren;Vespertilionidae;2026-07-08;387;S;algemeen
287928591;287928591;Gewone Dwergvleermuis;Pipistrellus pipistrellus;2023-09-14;9;2023-09-14;1;sociaal gedrag;batdetector;onbekend;onbekend;156803.41097365215;211977.29858922865;4.466129779815674;51.21770477294922;FS0275;Deurne - Rivierenhof (Groendomein provincie Antwerpen - regio Antw.);Antwerpen;Deurne;Antwerpen;ObsMapp;J;Goedgekeurd op basis van kennisregels - nabijheid;1980-01-01;3;;4;Zoogdieren;Vespertilionidae;2026-07-08;387;S;algemeen
287124871;287124871;Gewone Dwergvleermuis;Pipistrellus pipistrellus;2023-09-06;9;2023-09-06;1;ter plaatse;batdetector;onbekend;onbekend;157093.96924419588;211804.95857041425;4.470284938812256;51.21615219116211;FS0274;Deurne - Rivierenhof (Groendomein provincie Antwerpen - regio Antw.);Antwerpen;Deurne;Antwerpen;ObsMapp;J;Goedgekeurd op basis van kennisregels - nabijheid;1980-01-01;3;;3;Zoogdieren;Vespertilionidae;2026-07-08;387;S;algemeen
287124866;287124866;Gewone Dwergvleermuis;Pipistrellus pipistrellus;2023-09-06;9;2023-09-06;1;ter plaatse;batdetector;onbekend;onbekend;157125.2469907404;211906.85831235533;4.470734596252441;51.21706771850586;FS0274;Deurne - Rivierenhof (Groendomein provincie Antwerpen - regio Antw.);Antwerpen;Deurne;Antwerpen;ObsMapp;J;Goedgekeurd op basis van kennisregels - nabijheid;1980-01-01;3;;4;Zoogdieren;Vespertilionidae;2026-07-08;387;S;algemeen
287124862;287124862;Gewone Dwergvleermuis;Pipistrellus pipistrellus;2023-09-06;9;2023-09-06;1;ter plaatse;batdetector;onbekend;onbekend;157093.58833268075;212033.2866306007;4.47028398513794;51.218204498291016;FS0275;Deurne - Rivierenhof (Groendomein provincie Antwerpen - regio Antw.);Antwerpen;Deurne;Antwerpen;ObsMapp;J;Goedgekeurd op basis van kennisregels - nabijheid;1980-01-01;3;;3;Zoogdieren;Vespertilionidae;2026-07-08;387;S;algemeen
287124860;287124860;Gewone Dwergvleermuis;Pipistrellus pipistrellus;2023-09-06;9;2023-09-06;1;ter plaatse;batdetector;onbekend;onbekend;157077.00880810243;212097.34865787253;4.470047950744629;51.218780517578125;FS0275;Deurne - Rivierenhof (Groendomein provincie Antwerpen - regio Antw.);Antwerpen;Deurne;Antwerpen;ObsMapp;J;Goedgekeurd op basis van kennisregels - nabijheid;1980-01-01;3;;5;Zoogdieren;Vespertilionidae;2026-07-08;387;S;algemeen
287124857;287124857;Gewone Dwergvleermuis;Pipistrellus pipistrellus;2023-09-06;9;2023-09-06;1;foeragerend;batdetector;onbekend;onbekend;156922.0552725447;212148.06652584855;4.467831134796143;51.21923828125;FS0275;Deurne - Rivierenhof (Groendomein provincie Antwerpen - regio Antw.);Antwerpen;Deurne;Antwerpen;ObsMapp;J;Goedgekeurd op basis van kennisregels - nabijheid;1980-01-01;3;;4;Zoogdieren;Vespertilionidae;2026-07-08;387;S;algemeen
287124856;287124856;Gewone Dwergvleermuis;Pipistrellus pipistrellus;2023-09-06;9;2023-09-06;1;foeragerend;batdetector;onbekend;onbekend;156880.03948902994;212126.7901086509;4.46722936630249;51.21904754638672;FS0275;Deurne - Rivierenhof (Groendomein provincie Antwerpen - regio Antw.);Antwerpen;Deurne;Antwerpen;ObsMapp;J;Goedgekeurd op basis van kennisregels - nabijheid;1980-01-01;3;;4;Zoogdieren;Vespertilionidae;2026-07-08;387;S;algemeen
287124855;287124855;Gewone Dwergvleermuis;Pipistrellus pipistrellus;2023-09-06;9;2023-09-06;1;foeragerend;batdetector;onbekend;onbekend;156982.07781297553;212058.59850832727;4.468688488006592;51.21843338012695;FS0275;Deurne - Rivierenhof (Groendomein provincie Antwerpen - regio Antw.);Antwerpen;Deurne;Antwerpen;ObsMapp;J;Goedgekeurd op basis van kennisregels - nabijheid;1980-01-01;3;;5;Zoogdieren;Vespertilionidae;2026-07-08;387;S;algemeen
287124854;287124854;Gewone Dwergvleermuis;Pipistrellus pipistrellus;2023-09-06;9;2023-09-06;1;foeragerend;batdetector;onbekend;onbekend;156995.06645999322;212062.011345556;4.468874454498291;51.21846389770508;FS0275;Deurne - Rivierenhof (Groendomein provincie Antwerpen - regio Antw.);Antwerpen;Deurne;Antwerpen;ObsMapp;J;Goedgekeurd op basis van kennisregels - nabijheid;1980-01-01;3;;4;Zoogdieren;Vespertilionidae;2026-07-08;387;S;algemeen
287124852;287124852;Gewone Dwergvleermuis;Pipistrellus pipistrellus;2023-09-06;9;2023-09-06;1;foeragerend;batdetector;onbekend;onbekend;157012.59949235065;211957.6321111014;4.469123363494873;51.21752548217773;FS0275;Deurne - Rivierenhof (Groendomein provincie Antwerpen - regio Antw.);Antwerpen;Deurne;Antwerpen;ObsMapp;J;Goedgekeurd op basis van kennisregels - nabijheid;1980-01-01;3;;4;Zoogdieren;Vespertilionidae;2026-07-08;387;S;algemeen
287124851;287124851;Gewone Dwergvleermuis;Pipistrellus pipistrellus;2023-09-06;9;2023-09-06;1;foeragerend;batdetector;onbekend;onbekend;157023.727152258;211908.84096800536;4.4692816734313965;51.21708679199219;FS0274;Deurne - Rivierenhof (Groendomein provincie Antwerpen - regio Antw.);Antwerpen;Deurne;Antwerpen;ObsMapp;J;Goedgekeurd op basis van kennisregels - nabijheid;1980-01-01;3;;4;Zoogdieren;Vespertilionidae;2026-07-08;387;S;algemeen
287124850;287124850;Gewone Dwergvleermuis;Pipistrellus pipistrellus;2023-09-06;9;2023-09-06;1;foeragerend;batdetector;onbekend;onbekend;157037.4809960702;211888.91281244904;4.469478130340576;51.2169075012207;FS0274;Deurne - Rivierenhof (Groendomein provincie Antwerpen - regio Antw.);Antwerpen;Deurne;Antwerpen;ObsMapp;J;Goedgekeurd op basis van kennisregels - nabijheid;1980-01-01;3;;4;Zoogdieren;Vespertilionidae;2026-07-08;387;S;algemeen
285147859;285147859;Gewone Dwergvleermuis;Pipistrellus pipistrellus;2023-08-20;8;2023-08-20;1;foeragerend;batdetector;onbekend;onbekend;157010.31896692753;211797.204862535;4.469087600708008;51.21608352661133;FS0274;Deurne - Rivierenhof (Groendomein provincie Antwerpen - regio Antw.);Antwerpen;Deurne;Antwerpen;ObsMapp;J;Goedgekeurd op basis van kennisregels - nabijheid;1980-01-01;3;;4;Zoogdieren;Vespertilionidae;2026-07-08;387;S;algemeen
285147858;285147858;Gewone Dwergvleermuis;Pipistrellus pipistrellus;2023-08-20;8;2023-08-20;1;foeragerend;batdetector;onbekend;onbekend;157030.2366503262;211850.70670048983;4.46937370300293;51.2165641784668;FS0274;Deurne - Rivierenhof (Groendomein provincie Antwerpen - regio Antw.);Antwerpen;Deurne;Antwerpen;ObsMapp;J;Goedgekeurd op basis van kennisregels - nabijheid;1980-01-01;3;;4;Zoogdieren;Vespertilionidae;2026-07-08;387;S;algemeen
285147855;285147855;Gewone Dwergvleermuis;Pipistrellus pipistrellus;2023-08-20;8;2023-08-20;1;foeragerend;batdetector;onbekend;onbekend;157051.1487871093;211907.6052064346;4.469674110412598;51.21707534790039;FS0274;Deurne - Rivierenhof (Groendomein provincie Antwerpen - regio Antw.);Antwerpen;Deurne;Antwerpen;ObsMapp;J;Goedgekeurd op basis van kennisregels - nabijheid;1980-01-01;3;;4;Zoogdieren;Vespertilionidae;2026-07-08;387;S;algemeen
285147854;285147854;Gewone Dwergvleermuis;Pipistrellus pipistrellus;2023-08-20;8;2023-08-20;1;foeragerend;batdetector;onbekend;onbekend;157223.44593247888;211944.76683219612;4.472140789031982;51.2174072265625;FS0275;Deurne - Rivierenhof (Groendomein provincie Antwerpen - regio Antw.);Antwerpen;Deurne;Antwerpen;ObsMapp;J;Goedgekeurd op basis van kennisregels - nabijheid;1980-01-01;3;;4;Zoogdieren;Vespertilionidae;2026-07-08;387;S;algemeen
279510734;279510734;Gewone Dwergvleermuis;Pipistrellus pipistrellus;2023-06-28;6;2023-07-08;1;in kolonie op gebouw;gezien;adult;onbekend;181415.71317135607;183918.8815691825;4.815961111111111;50.96468055555556;FS2747;  ;Aarschot;Gelrode;Vlaams-Brabant;ObsMapp;J;Goedgekeurd op basis van expertoordeel;1980-01-01;3;1 dier zien zitten_ maar niet fotografeerbaar;999;Zoogdieren;Vespertilionidae;2026-07-08;387;S;algemeen
246411169;246411169;Gewone Dwergvleermuis;Pipistrellus pipistrellus;2022-06-21;6;2022-06-22;1;ter plaatse;vangst;adult;Vrouw;221437.48463102576;195695.81261247955;5.3879281;51.066984;FS6759;Helchteren - Kasteelgebied Ter Dolen;Houthalen-Helchteren;Helchteren;Limburg;Site;J;Goedgekeurd op basis van kennisregels - nabijheid;1980-01-01;3;;5;Zoogdieren;Vespertilionidae;2026-07-08;387;S;algemeen
246411222;246411222;Gewone Dwergvleermuis;Pipistrellus pipistrellus;2022-06-22;6;2022-06-22;1;ter plaatse;vangst;adult;Vrouw;221437.4776221079;195695.81251620408;5.387928;51.066984;FS6759;Helchteren - Kasteelgebied Ter Dolen;Houthalen-Helchteren;Helchteren;Limburg;Site;J;Goedgekeurd op basis van kennisregels - nabijheid;1980-01-01;3;;5;Zoogdieren;Vespertilionidae;2026-07-08;387;S;algemeen
246412081;246412081;Gewone Dwergvleermuis;Pipistrellus pipistrellus;2022-06-22;6;2022-06-22;1;ter plaatse;vangst;adult;Vrouw;221459.7047554317;195688.32975309345;5.3882436;51.066914;FS6759;Helchteren - Kasteelgebied Ter Dolen;Houthalen-Helchteren;Helchteren;Limburg;Site;J;Goedgekeurd op basis van kennisregels - nabijheid;1980-01-01;3;;5;Zoogdieren;Vespertilionidae;2026-07-08;387;S;algemeen
246412522;246412522;Gewone Dwergvleermuis;Pipistrellus pipistrellus;2022-06-22;6;2022-06-22;1;ter plaatse;vangst;onbekend;onbekend;221459.7327911432;195688.33013830613;5.388244;51.066914;FS6759;Helchteren - Kasteelgebied Ter Dolen;Houthalen-Helchteren;Helchteren;Limburg;Site;J;Goedgekeurd op basis van kennisregels - nabijheid;1980-01-01;3;uit net ontsnapt;5;Zoogdieren;Vespertilionidae;2026-07-08;387;S;algemeen
344861862;344861862;Gewone Dwergvleermuis;Pipistrellus pipistrellus;2025-04-02;4;2025-04-15;2;foeragerend;onbekend;onbekend;onbekend;143734.69757059315;213278.54271503817;4.279064000000062;51.229408;ES8976;  ;Beveren;Melsele;Oost-Vlaanderen;Site;J;Goedgekeurd op basis van kennisregels - nabijheid;1980-01-01;3;;4;Zoogdieren;Vespertilionidae;2026-07-08;387;S;algemeen
251865281;251865281;Gewone Dwergvleermuis;Pipistrellus pipistrellus;2022-08-09;8;2022-08-09;1;slachtoffer verkeer;gezien;adult;onbekend;189154.1954760253;201508.90050227477;4.928004;51.122321;FS3465;  ;Westerlo;Tongerlo;Antwerpen;iObs;J;Goedgekeurd op basis van bewijsmateriaal;1980-01-01;3;;15;Zoogdieren;Vespertilionidae;2026-07-08;387;S;algemeen
275166789;275166789;Gewone Dwergvleermuis;Pipistrellus pipistrellus;2023-06-06;6;2023-06-06;1;slachtoffer verkeer;gezien;adult;Man;205826.69612376552;211194.57022166063;5.167615000000069;51.208006;FS5175;  ;Mol;Mol;Antwerpen;iObs;J;Goedgekeurd op basis van bewijsmateriaal;1980-01-01;3;;4;Zoogdieren;Vespertilionidae;2026-07-08;387;S;algemeen
186903166;186903166;Gewone Dwergvleermuis;Pipistrellus pipistrellus;2020-03-19;3;2020-03-19;1;ter plaatse;gezien;onbekend;onbekend;201865.5184534631;211054.5173777463;5.110916;51.207117;FS4774;Mol - Achterbos;Mol;Mol;Antwerpen;Site;J;Goedgekeurd op basis van bewijsmateriaal;1980-01-01;3;door buren vandaag gevonden op de grond aan hun woning_ vleermuis leefde nog en werd door ons in een vleermuizenkast geplaatst;5;Zoogdieren;Vespertilionidae;2026-07-08;387;S;algemeen
276862108;276862108;Gewone Dwergvleermuis;Pipistrellus pipistrellus;2023-06-17;6;2023-06-18;1;ter plaatse;onbekend;onbekend;onbekend;240514.90878717837;208319.64091812077;5.6631905954223285;51.177769414554064;FS8672;Bree - De Luysen-Mariahof;Bree;Beek;Limburg;iObs;J;Goedgekeurd op basis van kennisregels - nabijheid;1980-01-01;3;;35;Zoogdieren;Vespertilionidae;2026-07-08;387;S;algemeen
276862111;276862111;Gewone Dwergvleermuis;Pipistrellus pipistrellus;2023-06-17;6;2023-06-18;1;ter plaatse;gehoord;onbekend;onbekend;240383.01334338725;208347.9888182003;5.66131182946792;51.17804484446643;FS8672;Bree - De Luysen-Mariahof - Grote Mariahofvijver;Bree;Beek;Limburg;iObs;J;Goedgekeurd op basis van kennisregels - nabijheid;1980-01-01;3;;3;Zoogdieren;Vespertilionidae;2026-07-08;387;S;algemeen
310031128;310031128;Gewone Dwergvleermuis;Pipistrellus pipistrellus;2024-05-17;5;2024-05-17;1;overvliegend;gehoord;onbekend;onbekend;184089.92042519536;188357.1805490898;4.854441642761231;51.004425048828125;FS3051;  ;Aarschot;Langdorp;Vlaams-Brabant;ObsMapp;J;Goedgekeurd op basis van expertoordeel;1980-01-01;3;;20;Zoogdieren;Vespertilionidae;2026-07-08;387;S;algemeen
273678772;273678772;Gewone Dwergvleermuis;Pipistrellus pipistrellus;2023-05-27;5;2023-05-28;2;foeragerend;batdetector;onbekend;onbekend;197738.09910028524;174392.03535310552;5.047061920166016;50.8779296875;FS4438;Domein Pardon Tienbunders (privé-domein ontoegankelijk);Kortenaken;Ransberg;Vlaams-Brabant;ObsMapp;J;Goedgekeurd op basis van kennisregels - nabijheid;1980-01-01;3;;3;Zoogdieren;Vespertilionidae;2026-07-08;387;S;algemeen
273678771;273678771;Gewone Dwergvleermuis;Pipistrellus pipistrellus;2023-05-27;5;2023-05-28;2;foeragerend;batdetector;onbekend;onbekend;197961.10459736784;174370.73896802682;5.050227642059326;50.87771987915039;FS4438;Tienbunders - Dolvenbos;Zoutleeuw;Budingen;Vlaams-Brabant;ObsMapp;J;Goedgekeurd op basis van kennisregels - nabijheid;1980-01-01;3;;3;Zoogdieren;Vespertilionidae;2026-07-08;387;S;algemeen
273678769;273678769;Gewone Dwergvleermuis;Pipistrellus pipistrellus;2023-05-27;5;2023-05-28;5;ter plaatse;vangst;adult;onbekend;197927.7980712291;174233.36118618492;5.049736499786377;50.8764877319336;FS4438;Domein Pardon Tienbunders (privé-domein ontoegankelijk);Zoutleeuw;Budingen;Vlaams-Brabant;ObsMapp;J;Goedgekeurd op basis van kennisregels - nabijheid;1980-01-01;3;;3;Zoogdieren;Vespertilionidae;2026-07-08;387;S;algemeen
253539431;253539431;Gewone Dwergvleermuis;Pipistrellus pipistrellus;2022-08-28;8;2022-08-28;1;dood;onbekend;onbekend;onbekend;185289.4700033535;181974.51098461915;4.8709156;50.9469796;FS3145;Hagelands Bos - Houwaartsebergbos;Tielt-Winge;Houwaart;Vlaams-Brabant;ObsIdentify;J;Goedgekeurd op basis van bewijsmateriaal;1980-01-01;3;;6;Zoogdieren;Vespertilionidae;2026-07-08;387;S;algemeen
384082728;384082728;Gewone Dwergvleermuis;Pipistrellus pipistrellus;2026-01-14;1;2026-01-14;1;dood;onbekend;onbekend;onbekend;159655.9364031065;223778.55627289787;4.50727254152298;51.32373584681841;FS0586;Brasschaat/Kalmthout - Klein Schietveld;Brasschaat;Brasschaat;Antwerpen;Site;J;Goedgekeurd op basis van bewijsmateriaal;1980-01-01;3;;4;Zoogdieren;Vespertilionidae;2026-07-08;387;S;algemeen
368429972;368429972;Gewone Dwergvleermuis;Pipistrellus pipistrellus;2025-08-13;8;2025-08-13;1;foeragerend;batdetector;onbekend;onbekend;216118.28381895827;211407.5772409942;5.31490766989009;51.20883265386335;FS6175;Lommel - Kattenbos (dorp);Lommel;Lommel;Limburg;Site;J;Goedgekeurd op basis van bewijsmateriaal;1980-01-01;4;;4;Zoogdieren;Vespertilionidae;2026-07-08;387;S;algemeen
384962334;384962334;Gewone Dwergvleermuis;Pipistrellus pipistrellus;2026-01-27;1;2026-01-28;1;ter plaatse;onbekend;onbekend;onbekend;176897.53003320872;219449.6253995597;4.754275972222223;51.28427897222222;FS2282;Oostmalle - Heihuizen;Malle;Oostmalle;Antwerpen;ObsIdentify;J;Goedgekeurd op basis van bewijsmateriaal;1980-01-01;3;;999;Zoogdieren;Vespertilionidae;2026-07-08;387;S;algemeen
379387454;379387454;Gewone Dwergvleermuis;Pipistrellus pipistrellus;2025-11-04;11;2025-11-04;1;dood;onbekend;onbekend;onbekend;215954.15326130803;214984.7640898069;5.313210762981704;51.24100193117022;FS6179;  ;Lommel;Lommel;Limburg;iObs;J;Goedgekeurd op basis van bewijsmateriaal;1980-01-01;3;;34;Zoogdieren;Vespertilionidae;2026-07-08;387;S;algemeen
384522860;384522860;Gewone Dwergvleermuis;Pipistrellus pipistrellus;2026-01-20;1;2026-01-20;1;dood;onbekend;onbekend;onbekend;215935.1858100919;214986.9917361848;5.312939587294348;51.24102412203641;FS6179;  ;Lommel;Lommel;Limburg;iObs;J;Goedgekeurd op basis van bewijsmateriaal;1980-01-01;3;;24;Zoogdieren;Vespertilionidae;2026-07-08;387;S;algemeen
383354612;383354612;Gewone Dwergvleermuis;Pipistrellus pipistrellus;2026-01-02;1;2026-01-02;1;ter plaatse;onbekend;onbekend;onbekend;185072.73696850368;210649.49920422304;4.870593055555556;51.20474241666667;FS3074;Kasterlee - Kempense Heuvelrug;Kasterlee;Lichtaart;Antwerpen;ObsIdentify;J;Goedgekeurd op basis van bewijsmateriaal;1980-01-01;3;;999;Zoogdieren;Vespertilionidae;2026-07-08;387;S;algemeen
257289797;257289797;Gewone Dwergvleermuis;Pipistrellus pipistrellus;2022-10-17;10;2022-10-17;1;ter plaatse;onbekend;onbekend;onbekend;185062.3660347822;210642.5960233053;4.87044400000002;51.204681;FS3074;Kasterlee - Kempense Heuvelrug;Kasterlee;Lichtaart;Antwerpen;Site;J;Goedgekeurd op basis van bewijsmateriaal;1980-01-01;3;Om 17h40 was ze nog steeds aanwezig en is een meter naar rechts opgeschoven. Daarna kroop ze over de grond. Ik heb ze in kot tegen houten kant gehangen waar het donker is. ca 5 cm groot (zie 2 laatste foto's). Tijdens verplaatsen korte kreetjes tot halve minuut later.;25;Zoogdieren;Vespertilionidae;2026-07-08;387;S;algemeen
356631643;356631643;Gewone Dwergvleermuis;Pipistrellus pipistrellus;2025-06-14;6;2025-06-15;1;ter plaatse;onbekend;onbekend;onbekend;187849.0393074749;197365.16713644192;4.908931733225472;51.08516186694389;FS3361;Westerlo/Herselt - Grote Netevallei;Westerlo;Westerlo;Antwerpen;Site;J;Goedgekeurd op basis van bewijsmateriaal;1980-01-01;3;Gered uit regenwaterton_ na twee uur terug opgedroogd en uitgerust weggevlogen.;60;Zoogdieren;Vespertilionidae;2026-07-08;387;S;algemeen
287567311;287567311;Gewone Dwergvleermuis;Pipistrellus pipistrellus;2023-09-10;9;2023-09-10;1;ter plaatse;vangst;adult;onbekend;148893.1115951047;208258.59016983584;4.352926000000025;51.184319;ES9471;  ;Antwerpen;Hoboken;Antwerpen;Site;J;Goedgekeurd op basis van bewijsmateriaal;1980-01-01;3;En buiten gezet;25;Zoogdieren;Vespertilionidae;2026-07-08;387;S;algemeen
194946460;194946460;Gewone Dwergvleermuis;Pipistrellus pipistrellus;2020-06-25;6;2020-06-25;1;ter plaatse;onbekend;juveniel;onbekend;148630.72019453338;208330.40860461164;4.349173;51.184964;ES9471;Hoboken - Hobokense Polder;Antwerpen;Hoboken;Antwerpen;Site;J;Goedgekeurd op basis van bewijsmateriaal;1980-01-01;3;Was gevonden op de school van polderstad en is vrijgelaten in de Hobokense polder samen met Eddie en Niels;7;Zoogdieren;Vespertilionidae;2026-07-08;387;S;algemeen
405273419;405273419;Gewone Dwergvleermuis;Pipistrellus pipistrellus;2026-06-15;6;2026-06-15;1;slachtoffer verkeer;gezien;onbekend;onbekend;183116.1519477953;197549.08801253792;4.841403299722222;51.0871056;FS2861;  ;Westerlo;Westerlo;Antwerpen;ObsMapp;J;Goedgekeurd op basis van bewijsmateriaal;1980-01-01;4;;5;Zoogdieren;Vespertilionidae;2026-07-08;387;S;algemeen
369586522;369586522;Gewone Dwergvleermuis;Pipistrellus pipistrellus;2025-08-20;8;2025-08-20;1;ter plaatse;batdetector;onbekend;onbekend;192016.72335826143;195494.0436930461;4.96819406747818;51.06805525457223;FS3759;Veerle - Wijngaardbos;Laakdal;Veerle;Antwerpen;Site;J;Goedgekeurd op basis van bewijsmateriaal;1980-01-01;3;;4;Zoogdieren;Vespertilionidae;2026-07-08;387;S;algemeen
375310701;375310701;Gewone Dwergvleermuis;Pipistrellus pipistrellus;2025-10-07;10;2025-10-07;6;ter plaatse;batdetector;onbekend;onbekend;191523.3454496493;197544.97816421464;4.9613893032073975;51.08652587391946;FS3761;Veerle - Trichelbroek;Laakdal;Eindhout;Antwerpen;Site;J;Goedgekeurd op basis van bewijsmateriaal;1980-01-01;3;;15;Zoogdieren;Vespertilionidae;2026-07-08;387;S;algemeen
355455612;355455612;Gewone Dwergvleermuis;Pipistrellus pipistrellus;2025-06-07;6;2025-06-09;1;ter plaatse;onbekend;onbekend;onbekend;179071.16655922146;208283.5557151176;4.784532099722222;51.18381039972222;FS2471;Vorselaar - Heiken;Vorselaar;Vorselaar;Antwerpen;ObsMapp;J;Goedgekeurd op basis van bewijsmateriaal;1980-01-01;3;;999;Zoogdieren;Vespertilionidae;2026-07-08;387;S;algemeen
355498544;355498544;Gewone Dwergvleermuis;Pipistrellus pipistrellus;2025-06-10;6;2025-06-10;1;ter plaatse;onbekend;onbekend;onbekend;240516.58689011075;208324.8982493421;5.6632159;51.1778164;FS8672;Bree - De Luysen-Mariahof;Bree;Beek;Limburg;ObsIdentify;J;Goedgekeurd op basis van bewijsmateriaal;1980-01-01;3;;8;Zoogdieren;Vespertilionidae;2026-07-08;387;S;algemeen
230082307;230082307;Gewone Dwergvleermuis;Pipistrellus pipistrellus;2021-11-29;11;2021-11-30;2;ter plaatse;onbekend;onbekend;onbekend;182116.35309437755;233112.39840461407;4.8302937;51.406809;FS2796;Wortel-Kolonie - Zone Noordoost;Hoogstraten;Wortel;Antwerpen;Site;J;Goedgekeurd op basis van bewijsmateriaal;1980-01-01;3;commune ou nathusius ?;25;Zoogdieren;Vespertilionidae;2026-07-08;387;S;algemeen
380544101;380544101;Gewone Dwergvleermuis;Pipistrellus pipistrellus;2025-11-14;11;2025-11-14;1;ter plaatse;nestkast;onbekend;onbekend;201148.83169110675;228015.93061288912;5.10306375;51.35962545;FS4691;Arendonk - Kruisberg;Arendonk;Arendonk;Antwerpen;ObsIdentify;J;Goedgekeurd op basis van bewijsmateriaal;1980-01-01;3;;999;Zoogdieren;Vespertilionidae;2026-07-08;387;S;algemeen
258083653;258083653;Gewone Dwergvleermuis;Pipistrellus pipistrellus;2022-10-18;10;2022-10-26;4;in kolonie anders;onbekend;onbekend;onbekend;181325.2270164358;233364.89117498972;4.81894699999998;51.409122;FS2696;Wortel-Kolonie - Zone Noordwest;Hoogstraten;Wortel;Antwerpen;ObsMapp;J;Goedgekeurd op basis van kennisregels - nabijheid;2007-01-01;3;;6;Zoogdieren;Vespertilionidae;2026-07-08;387;S;algemeen
209605694;209605694;Gewone Dwergvleermuis;Pipistrellus pipistrellus;2021-03-29;3;2021-03-29;4;sociaal gedrag;onbekend;onbekend;onbekend;181481.56832433672;233572.5743347127;4.821212;51.41098;FS2697;Wortel-Kolonie - Zone Noordwest;Hoogstraten;Wortel;Antwerpen;ObsMapp;J;Goedgekeurd op basis van bewijsmateriaal;2007-01-01;3;;7;Zoogdieren;Vespertilionidae;2026-07-08;387;S;algemeen
209605697;209605697;Gewone Dwergvleermuis;Pipistrellus pipistrellus;2021-03-29;3;2021-03-29;2;sociaal gedrag;batdetector;onbekend;onbekend;181365.1436056216;233334.64696123265;4.819518;51.408848;FS2696;Wortel-Kolonie - Zone Noordwest;Hoogstraten;Wortel;Antwerpen;ObsMapp;J;Goedgekeurd op basis van bewijsmateriaal;2007-01-01;3;;8;Zoogdieren;Vespertilionidae;2026-07-08;387;S;algemeen
251728239;251728239;Gewone Dwergvleermuis;Pipistrellus pipistrellus;2022-08-07;8;2022-08-08;1;foeragerend;batdetector;onbekend;onbekend;180416.49905019323;241875.74488038663;4.80661;51.485661;FT2505;Meerle - Elsakker;Hoogstraten;Meerle;Antwerpen;Site;J;Goedgekeurd op basis van bewijsmateriaal;1980-01-01;3;;25;Zoogdieren;Vespertilionidae;2026-07-08;387;S;algemeen
251726691;251726691;Gewone Dwergvleermuis;Pipistrellus pipistrellus;2022-08-07;8;2022-08-08;2;foeragerend;batdetector;onbekend;onbekend;181001.0862858681;242625.8495839648;4.81509;51.492371;FT2606;Meerle - Elsakker;Hoogstraten;Meerle;Antwerpen;Site;J;Goedgekeurd op basis van bewijsmateriaal;1980-01-01;3;;25;Zoogdieren;Vespertilionidae;2026-07-08;387;S;algemeen
193256764;193256764;Gewone Dwergvleermuis;Pipistrellus pipistrellus;2020-06-02;6;2020-06-04;1;foeragerend;batdetector;adult;onbekend;181871.71269513373;233291.0201614648;4.826794;51.408428;FS2796;Wortel-Kolonie - Zone Noordoost;Hoogstraten;Wortel;Antwerpen;copied observation;J;Goedgekeurd op basis van bewijsmateriaal;2007-01-01;3;;25;Zoogdieren;Vespertilionidae;2026-07-08;387;S;algemeen
193256767;193256767;Gewone Dwergvleermuis;Pipistrellus pipistrellus;2020-06-02;6;2020-06-04;1;foeragerend;batdetector;adult;onbekend;182324.4562520142;233909.69295417424;4.833356;51.413963;FS2797;Wortel-Kolonie - Zone Noordoost;Hoogstraten;Wortel;Antwerpen;copied observation;J;Goedgekeurd op basis van kennisregels - nabijheid;2007-01-01;3;;25;Zoogdieren;Vespertilionidae;2026-07-08;387;S;algemeen
193256768;193256768;Gewone Dwergvleermuis;Pipistrellus pipistrellus;2020-06-02;6;2020-06-04;1;foeragerend;batdetector;adult;onbekend;182157.78022959345;233882.3924573604;4.830958;51.413727;FS2797;Wortel-Kolonie - Zone Noordoost;Hoogstraten;Wortel;Antwerpen;copied observation;J;Goedgekeurd op basis van bewijsmateriaal;2007-01-01;3;;25;Zoogdieren;Vespertilionidae;2026-07-08;387;S;algemeen
193256770;193256770;Gewone Dwergvleermuis;Pipistrellus pipistrellus;2020-06-02;6;2020-06-04;2;foeragerend;batdetector;adult;onbekend;181901.4219550708;233842.97030310053;4.82727;51.413387;FS2797;Wortel-Kolonie - Zone Noordoost;Hoogstraten;Wortel;Antwerpen;copied observation;J;Goedgekeurd op basis van bewijsmateriaal;2007-01-01;3;;25;Zoogdieren;Vespertilionidae;2026-07-08;387;S;algemeen
193256771;193256771;Gewone Dwergvleermuis;Pipistrellus pipistrellus;2020-06-02;6;2020-06-04;2;foeragerend;batdetector;adult;onbekend;181820.7982004298;233828.89790152293;4.82611;51.413265;FS2697;Wortel-Kolonie - Zone Noordoost;Hoogstraten;Wortel;Antwerpen;copied observation;J;Goedgekeurd op basis van bewijsmateriaal;2007-01-01;3;;25;Zoogdieren;Vespertilionidae;2026-07-08;387;S;algemeen
193256772;193256772;Gewone Dwergvleermuis;Pipistrellus pipistrellus;2020-06-02;6;2020-06-04;1;foeragerend;batdetector;adult;onbekend;181610.26433709185;233793.2223516954;4.823081;51.412956;FS2697;Wortel-Kolonie - Akker;Hoogstraten;Wortel;Antwerpen;copied observation;J;Goedgekeurd op basis van bewijsmateriaal;2007-01-01;3;;25;Zoogdieren;Vespertilionidae;2026-07-08;387;S;algemeen
235090413;235090413;Gewone Dwergvleermuis;Pipistrellus pipistrellus;2022-03-10;3;2022-03-10;1;foeragerend;batdetector;onbekend;onbekend;181659.43453657863;232867.01571713013;4.823706;51.404629;FS2696;Wortel-Kolonie - Zone Noordwest;Hoogstraten;Wortel;Antwerpen;ObsMapp;J;Goedgekeurd op basis van bewijsmateriaal;2007-01-01;3;;7;Zoogdieren;Vespertilionidae;2026-07-08;387;S;algemeen
193290005;193290005;Gewone Dwergvleermuis;Pipistrellus pipistrellus;2020-06-02;6;2020-06-04;1;foeragerend;batdetector;adult;onbekend;182104.14837706863;233880.38940688505;4.830187;51.413712;FS2797;Wortel-Kolonie - Zone Noordoost;Hoogstraten;Wortel;Antwerpen;Site;J;Goedgekeurd op basis van bewijsmateriaal;1980-01-01;3;;25;Zoogdieren;Vespertilionidae;2026-07-08;387;S;algemeen
236082779;236082779;Gewone Dwergvleermuis;Pipistrellus pipistrellus;2022-03-24;3;2022-03-24;2;sociaal gedrag;batdetector;onbekend;onbekend;181647.5361062627;232934.8145806836;4.823541;51.405239;FS2696;Wortel-Kolonie - Zone Noordwest;Hoogstraten;Wortel;Antwerpen;ObsMapp;J;Goedgekeurd op basis van bewijsmateriaal;2007-01-01;3;;5;Zoogdieren;Vespertilionidae;2026-07-08;387;S;algemeen
209605702;209605702;Gewone Dwergvleermuis;Pipistrellus pipistrellus;2021-03-29;3;2021-03-29;1;ter plaatse;batdetector;onbekend;onbekend;181638.19977319043;232913.95069714263;4.823405;51.405052;FS2696;Wortel-Kolonie - Zone Noordwest;Hoogstraten;Wortel;Antwerpen;ObsMapp;J;Goedgekeurd op basis van bewijsmateriaal;2007-01-01;3;;6;Zoogdieren;Vespertilionidae;2026-07-08;387;S;algemeen
200618443;200618443;Gewone Dwergvleermuis;Pipistrellus pipistrellus;2020-09-07;9;2020-09-24;2;ter plaatse;gezien;adult;onbekend;181497.91660420856;233218.7124945493;4.82141590118408;51.4077987670898;FS2696;Wortel-Kolonie - Zone Noordwest;Hoogstraten;Wortel;Antwerpen;copied observation;J;Goedgekeurd op basis van kennisregels - nabijheid;2007-01-01;3;;25;Zoogdieren;Vespertilionidae;2026-07-08;387;S;algemeen
190849250;190849250;Gewone Dwergvleermuis;Pipistrellus pipistrellus;2020-05-08;5;2020-05-09;1;ter plaatse;gezien;adult;onbekend;181870.53888364168;233300.80427874063;4.826778;51.408516;FS2796;Wortel-Kolonie - Bootjesven;Hoogstraten;Wortel;Antwerpen;copied observation;J;Goedgekeurd op basis van bewijsmateriaal;2007-01-01;3;;25;Zoogdieren;Vespertilionidae;2026-07-08;387;S;algemeen
209946040;209946040;Gewone Dwergvleermuis;Pipistrellus pipistrellus;2021-03-29;3;2021-04-03;10;sociaal gedrag;batdetector;onbekend;onbekend;181203.5497713278;233533.1661071945;4.817213;51.410641;FS2697;Wortel-Kolonie - Brandven;Hoogstraten;Wortel;Antwerpen;Site;J;Goedgekeurd op basis van bewijsmateriaal;1980-01-01;3;;25;Zoogdieren;Vespertilionidae;2026-07-08;387;S;algemeen
209958659;209958659;Gewone Dwergvleermuis;Pipistrellus pipistrellus;2021-03-29;3;2021-04-03;2;sociaal gedrag;batdetector;onbekend;onbekend;181527.36337914364;233525.34359123465;4.821866;51.410553;FS2697;Wortel-Kolonie - Bootjesven;Hoogstraten;Wortel;Antwerpen;Site;J;Goedgekeurd op basis van bewijsmateriaal;1980-01-01;3;;25;Zoogdieren;Vespertilionidae;2026-07-08;387;S;algemeen
209961532;209961532;Gewone Dwergvleermuis;Pipistrellus pipistrellus;2021-03-29;3;2021-04-03;1;ter plaatse;batdetector;onbekend;onbekend;182102.64414024015;233026.30486503523;4.830089;51.406036;FS2796;Wortel-Kolonie - Zone Noordoost;Hoogstraten;Wortel;Antwerpen;Site;J;Goedgekeurd op basis van bewijsmateriaal;1980-01-01;3;;25;Zoogdieren;Vespertilionidae;2026-07-08;387;S;algemeen
271807523;271807523;Gewone Dwergvleermuis;Pipistrellus pipistrellus;2023-05-14;5;2023-05-15;1;foeragerend;batdetector;onbekend;onbekend;165588.2886035458;227023.65376219805;4.592511999999942;51.352772;FS1090;Brecht - Groot Schietveld (Strikt ontoegankelijk);Brecht;Brecht;Antwerpen;ObsMapp;J;Goedgekeurd op basis van bewijsmateriaal;1980-01-01;3;;7;Zoogdieren;Vespertilionidae;2026-07-08;387;S;algemeen
200637917;200637917;Gewone Dwergvleermuis;Pipistrellus pipistrellus;2020-09-25;9;2020-09-25;1;ter plaatse;onbekend;onbekend;onbekend;181494.90030536705;233212.7518622624;4.82137203216553;51.4077453613281;FS2696;Wortel-Kolonie - Zone Noordwest;Hoogstraten;Wortel;Antwerpen;ObsMapp;J;Goedgekeurd op basis van kennisregels - nabijheid;2007-01-01;3;;25;Zoogdieren;Vespertilionidae;2026-07-08;387;S;algemeen
199282797;199282797;Gewone Dwergvleermuis;Pipistrellus pipistrellus;2020-08-30;8;2020-08-30;1;ter plaatse;gezien;adult;onbekend;181488.34655987704;233214.4519006433;4.821278;51.407761;FS2696;Wortel-Kolonie - Zone Noordwest;Hoogstraten;Wortel;Antwerpen;ObsMapp;J;Goedgekeurd op basis van bewijsmateriaal;2007-01-01;3;;25;Zoogdieren;Vespertilionidae;2026-07-08;387;S;algemeen
249113069;249113069;Gewone Dwergvleermuis;Pipistrellus pipistrellus;2022-07-14;7;2022-07-15;1;foeragerend;batdetector;onbekend;onbekend;178358.53149681608;243023.983970698;4.777077;51.496086;FT2306;  ;Hoogstraten;Meerle;Antwerpen;Site;J;Goedgekeurd op basis van bewijsmateriaal;1980-01-01;3;;25;Zoogdieren;Vespertilionidae;2026-07-08;387;S;algemeen
383156916;383156916;Gewone Dwergvleermuis;Pipistrellus pipistrellus;2025-12-29;12;2025-12-30;1;winterslaap;nestkast;adult;onbekend;182098.22388793787;233145.7913530944;4.830036163330078;51.40711013349616;FS2796;Wortel-Kolonie - Zone Noordoost;Hoogstraten;Wortel;Antwerpen;Site;J;Goedgekeurd op basis van kennisregels - nabijheid;1980-01-01;3;;4;Zoogdieren;Vespertilionidae;2026-07-08;387;S;algemeen
255757066;255757066;Gewone Dwergvleermuis;Pipistrellus pipistrellus;2022-09-29;9;2022-09-29;1;foeragerend;batdetector;onbekend;onbekend;181416.5332999689;232620.1910336092;4.820194;51.402424;FS2696;Wortel-Kolonie - Zone Noordwest;Hoogstraten;Wortel;Antwerpen;Site;J;Goedgekeurd op basis van bewijsmateriaal;1980-01-01;3;;25;Zoogdieren;Vespertilionidae;2026-07-08;387;S;algemeen
255756869;255756869;Gewone Dwergvleermuis;Pipistrellus pipistrellus;2022-09-29;9;2022-09-29;1;ter plaatse;onbekend;onbekend;onbekend;181384.48767261463;232610.2180890441;4.81973266601563;51.4023361206055;FS2696;Wortel-Kolonie - Zone Noordwest;Hoogstraten;Wortel;Antwerpen;ObsMapp;J;Goedgekeurd op basis van kennisregels - nabijheid;2007-01-01;3;;8;Zoogdieren;Vespertilionidae;2026-07-08;387;S;algemeen
255756867;255756867;Gewone Dwergvleermuis;Pipistrellus pipistrellus;2022-09-29;9;2022-09-29;10;foeragerend;batdetector;onbekend;onbekend;181196.84890338985;233555.04489807505;4.8171186;51.410838;FS2697;Wortel-Kolonie - Brandven;Hoogstraten;Wortel;Antwerpen;ObsMapp;J;Goedgekeurd op basis van bewijsmateriaal;2007-01-01;3;;11;Zoogdieren;Vespertilionidae;2026-07-08;387;S;algemeen
248778988;248778988;Gewone Dwergvleermuis;Pipistrellus pipistrellus;2022-07-11;7;2022-07-12;2;foeragerend;batdetector;onbekend;onbekend;181485.20102658597;235120.19502626825;4.8214;51.424889;FS2698;Meer/Minderhout - Halsche Beemden en Pimpernelgraslanden;Hoogstraten;Minderhout;Antwerpen;ObsMapp;J;Goedgekeurd op basis van bewijsmateriaal;2007-01-01;3;;9;Zoogdieren;Vespertilionidae;2026-07-08;387;S;algemeen
248778987;248778987;Gewone Dwergvleermuis;Pipistrellus pipistrellus;2022-07-11;7;2022-07-12;1;foeragerend;batdetector;onbekend;onbekend;181429.213501569;235061.66122972872;4.82059;51.424366;FS2698;Meer/Minderhout - Halsche Beemden en Pimpernelgraslanden;Hoogstraten;Minderhout;Antwerpen;ObsMapp;J;Goedgekeurd op basis van bewijsmateriaal;2007-01-01;3;;18;Zoogdieren;Vespertilionidae;2026-07-08;387;S;algemeen
390088037;390088037;Gewone Dwergvleermuis;Pipistrellus pipistrellus;2026-03-30;3;2026-03-30;3;ter plaatse;nestkast;adult;onbekend;201147.34539566524;228009.1870599845;5.103041455555555;51.359564975000005;FS4691;Arendonk - Kruisberg;Arendonk;Arendonk;Antwerpen;ObsIdentify;J;Goedgekeurd op basis van bewijsmateriaal;1980-01-01;3;;999;Zoogdieren;Vespertilionidae;2026-07-08;387;S;algemeen
390088017;390088017;Gewone Dwergvleermuis;Pipistrellus pipistrellus;2026-03-30;3;2026-03-30;1;ter plaatse;nestkast;adult;onbekend;201202.0113612886;228014.86712226737;5.103827008333333;51.35961115833334;FS4691;Arendonk - Kruisberg;Arendonk;Arendonk;Antwerpen;ObsIdentify;J;Goedgekeurd op basis van bewijsmateriaal;1980-01-01;3;;999;Zoogdieren;Vespertilionidae;2026-07-08;387;S;algemeen
342977291;342977291;Gewone Dwergvleermuis;Pipistrellus pipistrellus;2025-04-01;4;2025-04-02;5;foeragerend;batdetector;adult;onbekend;182132.0152957344;233137.30813568365;4.830520999999976;51.407032;FS2796;Wortel-Kolonie - Zone Noordoost;Hoogstraten;Wortel;Antwerpen;Site;J;Goedgekeurd op basis van bewijsmateriaal;1980-01-01;3;;6;Zoogdieren;Vespertilionidae;2026-07-08;387;S;algemeen
191287515;191287515;Gewone Dwergvleermuis;Pipistrellus pipistrellus;2020-05-14;5;2020-05-14;1;ter plaatse;batdetector;onbekend;onbekend;172342.9824343974;226243.16938276868;4.6894187;51.345534;FS1789;Sint-Lenaarts - Dorpskern;Brecht;Sint-Lenaarts;Antwerpen;Site;J;Goedgekeurd op basis van bewijsmateriaal;1980-01-01;3;;5;Zoogdieren;Vespertilionidae;2026-07-08;387;S;algemeen
254231233;254231233;Gewone Dwergvleermuis;Pipistrellus pipistrellus;2022-09-02;9;2022-09-06;4;foeragerend;batdetector;onbekend;onbekend;184446.34505765207;229103.53190328277;4.863392;51.370644;FS2992;  ;Merksplas;Merksplas;Antwerpen;Site;J;Goedgekeurd op basis van bewijsmateriaal;1980-01-01;3;;25;Zoogdieren;Vespertilionidae;2026-07-08;387;S;algemeen
254231356;254231356;Gewone Dwergvleermuis;Pipistrellus pipistrellus;2022-09-02;9;2022-09-06;1;foeragerend;batdetector;onbekend;onbekend;184476.22252573032;229061.6734919008;4.863817;51.370266;FS2992;  ;Merksplas;Merksplas;Antwerpen;Site;J;Goedgekeurd op basis van bewijsmateriaal;1980-01-01;3;;25;Zoogdieren;Vespertilionidae;2026-07-08;387;S;algemeen
191828041;191828041;Gewone Dwergvleermuis;Pipistrellus pipistrellus;2020-05-19;5;2020-05-20;1;foeragerend;batdetector;onbekend;onbekend;181913.75002925727;233233.53321754467;4.827393;51.407909;FS2796;Wortel-Kolonie - Zone Noordoost;Hoogstraten;Wortel;Antwerpen;copied observation;J;Goedgekeurd op basis van bewijsmateriaal;2007-01-01;3;;25;Zoogdieren;Vespertilionidae;2026-07-08;387;S;algemeen
191828042;191828042;Gewone Dwergvleermuis;Pipistrellus pipistrellus;2020-05-19;5;2020-05-20;2;sociaal gedrag;batdetector;onbekend;onbekend;181995.1392280642;233035.87347749996;4.828545;51.406128;FS2796;Wortel-Kolonie - Zone Noordoost;Hoogstraten;Wortel;Antwerpen;copied observation;J;Goedgekeurd op basis van bewijsmateriaal;2007-01-01;3;;25;Zoogdieren;Vespertilionidae;2026-07-08;387;S;algemeen
191828043;191828043;Gewone Dwergvleermuis;Pipistrellus pipistrellus;2020-05-19;5;2020-05-20;1;sociaal gedrag;batdetector;onbekend;onbekend;182000.6111666109;232815.6019115616;4.828604;51.404148;FS2796;Wortel-Kolonie - Zone Noordoost;Hoogstraten;Wortel;Antwerpen;copied observation;J;Goedgekeurd op basis van bewijsmateriaal;2007-01-01;3;;25;Zoogdieren;Vespertilionidae;2026-07-08;387;S;algemeen
191828044;191828044;Gewone Dwergvleermuis;Pipistrellus pipistrellus;2020-05-19;5;2020-05-20;2;ter plaatse;batdetector;onbekend;onbekend;182019.3862577233;232728.2638379475;4.828866;51.403362;FS2796;Wortel-Kolonie - Zone Noordoost;Hoogstraten;Wortel;Antwerpen;copied observation;J;Goedgekeurd op basis van bewijsmateriaal;2007-01-01;3;;25;Zoogdieren;Vespertilionidae;2026-07-08;387;S;algemeen
191828045;191828045;Gewone Dwergvleermuis;Pipistrellus pipistrellus;2020-05-19;5;2020-05-20;1;foeragerend;batdetector;onbekend;onbekend;181798.1504040083;232671.7080455646;4.825682;51.402866;FS2696;Wortel-Kolonie - Zone Zuidoost;Hoogstraten;Wortel;Antwerpen;copied observation;J;Goedgekeurd op basis van bewijsmateriaal;2007-01-01;3;;25;Zoogdieren;Vespertilionidae;2026-07-08;387;S;algemeen
245834560;245834560;Gewone Dwergvleermuis;Pipistrellus pipistrellus;2022-06-17;6;2022-06-18;2;ter plaatse;onbekend;onbekend;onbekend;180777.7748632542;239152.83039276395;4.81157636642456;51.4611701965332;FT2502;Meerle - Smisselbergen;Hoogstraten;Meerle;Antwerpen;ObsMapp;J;Goedgekeurd op basis van kennisregels - nabijheid;2007-01-01;3;;3;Zoogdieren;Vespertilionidae;2026-07-08;387;S;algemeen
245834558;245834558;Gewone Dwergvleermuis;Pipistrellus pipistrellus;2022-06-17;6;2022-06-18;1;ter plaatse;batdetector;onbekend;onbekend;180772.4617453309;239014.02551114187;4.811488;51.459923;FT2502;Meerle - Smisselbergen;Hoogstraten;Meerle;Antwerpen;ObsMapp;J;Goedgekeurd op basis van bewijsmateriaal;2007-01-01;3;;8;Zoogdieren;Vespertilionidae;2026-07-08;387;S;algemeen
192028033;192028033;Gewone Dwergvleermuis;Pipistrellus pipistrellus;2020-05-21;5;2020-05-22;1;foeragerend;batdetector;onbekend;onbekend;181514.7156404328;233591.02429516893;4.82169;51.411144;FS2697;Wortel-Kolonie - Bootjesven;Hoogstraten;Wortel;Antwerpen;ObsMapp;J;Goedgekeurd op basis van bewijsmateriaal;2007-01-01;3;;25;Zoogdieren;Vespertilionidae;2026-07-08;387;S;algemeen
192028034;192028034;Gewone Dwergvleermuis;Pipistrellus pipistrellus;2020-05-21;5;2020-05-22;10;sociaal gedrag;batdetector;onbekend;onbekend;181201.02445201133;233525.02844555865;4.817176;51.410568;FS2697;Wortel-Kolonie - Brandven;Hoogstraten;Wortel;Antwerpen;ObsMapp;J;Goedgekeurd op basis van bewijsmateriaal;2007-01-01;3;;25;Zoogdieren;Vespertilionidae;2026-07-08;387;S;algemeen
245834557;245834557;Gewone Dwergvleermuis;Pipistrellus pipistrellus;2022-06-17;6;2022-06-18;2;ter plaatse;batdetector;onbekend;onbekend;180712.7976684257;239508.14518624544;4.810672;51.464367;FT2503;Meerle - Den Rooy;Hoogstraten;Meerle;Antwerpen;ObsMapp;J;Goedgekeurd op basis van bewijsmateriaal;2007-01-01;3;;9;Zoogdieren;Vespertilionidae;2026-07-08;387;S;algemeen
192430065;192430065;Gewone Dwergvleermuis;Pipistrellus pipistrellus;2020-05-25;5;2020-05-26;1;foeragerend;batdetector;onbekend;onbekend;182292.6516218942;233355.1677265;4.832849;51.408981;FS2796;Wortel-Kolonie - Zone Noordoost;Hoogstraten;Wortel;Antwerpen;copied observation;J;Goedgekeurd op basis van bewijsmateriaal;2007-01-01;3;;25;Zoogdieren;Vespertilionidae;2026-07-08;387;S;algemeen
192430066;192430066;Gewone Dwergvleermuis;Pipistrellus pipistrellus;2020-05-25;5;2020-05-26;1;foeragerend;batdetector;onbekend;onbekend;182370.8058565345;232954.2113904301;4.833936;51.405373;FS2796;Wortel-Kolonie - Zone Noordoost;Hoogstraten;Wortel;Antwerpen;copied observation;J;Goedgekeurd op basis van bewijsmateriaal;2007-01-01;3;;25;Zoogdieren;Vespertilionidae;2026-07-08;387;S;algemeen
192430067;192430067;Gewone Dwergvleermuis;Pipistrellus pipistrellus;2020-05-25;5;2020-05-26;1;foeragerend;batdetector;onbekend;onbekend;182396.9588986981;232812.1783130057;4.834299;51.404095;FS2796;Wortel-Kolonie - Zone Noordoost;Hoogstraten;Wortel;Antwerpen;copied observation;J;Goedgekeurd op basis van bewijsmateriaal;2007-01-01;3;;25;Zoogdieren;Vespertilionidae;2026-07-08;387;S;algemeen
220099562;220099562;Gewone Dwergvleermuis;Pipistrellus pipistrellus;2021-07-17;7;2021-07-17;1;ter plaatse;batdetector;onbekend;onbekend;180646.9990324436;242412.76272984597;4.809974;51.490475;FT2505;Meerle - Elsakker;Hoogstraten;Meerle;Antwerpen;ObsMapp;J;Goedgekeurd op basis van expertoordeel;2007-01-01;3;;2;Zoogdieren;Vespertilionidae;2026-07-08;387;S;algemeen
220099564;220099564;Gewone Dwergvleermuis;Pipistrellus pipistrellus;2021-07-17;7;2021-07-17;1;ter plaatse;batdetector;onbekend;onbekend;180875.1469935836;242928.5257385876;4.813303;51.495098;FT2506;Meerle - Elsakker;Hoogstraten;Meerle;Antwerpen;ObsMapp;J;Goedgekeurd op basis van bewijsmateriaal;2007-01-01;3;;2;Zoogdieren;Vespertilionidae;2026-07-08;387;S;algemeen
220099565;220099565;Gewone Dwergvleermuis;Pipistrellus pipistrellus;2021-07-17;7;2021-07-17;2;ter plaatse;batdetector;onbekend;onbekend;180989.16407202548;242644.80495322123;4.81492;51.492542;FT2506;Meerle - Elsakker;Hoogstraten;Meerle;Antwerpen;ObsMapp;J;Goedgekeurd op basis van bewijsmateriaal;2007-01-01;3;;2;Zoogdieren;Vespertilionidae;2026-07-08;387;S;algemeen
192430068;192430068;Gewone Dwergvleermuis;Pipistrellus pipistrellus;2020-05-25;5;2020-05-26;2;foeragerend;batdetector;onbekend;onbekend;182124.6871000316;233029.00117567275;4.830406;51.406059;FS2796;Wortel-Kolonie - Zone Noordoost;Hoogstraten;Wortel;Antwerpen;copied observation;J;Goedgekeurd op basis van bewijsmateriaal;2007-01-01;3;;25;Zoogdieren;Vespertilionidae;2026-07-08;387;S;algemeen
192430069;192430069;Gewone Dwergvleermuis;Pipistrellus pipistrellus;2020-05-25;5;2020-05-26;2;foeragerend;batdetector;onbekend;onbekend;182034.64797170955;233061.15337183516;4.829115;51.406353;FS2796;Wortel-Kolonie - Zone Noordoost;Hoogstraten;Wortel;Antwerpen;copied observation;J;Goedgekeurd op basis van bewijsmateriaal;2007-01-01;3;;25;Zoogdieren;Vespertilionidae;2026-07-08;387;S;algemeen
192430071;192430071;Gewone Dwergvleermuis;Pipistrellus pipistrellus;2020-05-25;5;2020-05-26;1;foeragerend;batdetector;onbekend;onbekend;182119.08579533157;233336.28171421308;4.830353;51.408821;FS2796;Wortel-Kolonie - Zone Noordoost;Hoogstraten;Wortel;Antwerpen;copied observation;J;Goedgekeurd op basis van bewijsmateriaal;2007-01-01;3;;25;Zoogdieren;Vespertilionidae;2026-07-08;387;S;algemeen
192430072;192430072;Gewone Dwergvleermuis;Pipistrellus pipistrellus;2020-05-25;5;2020-05-26;2;foeragerend;batdetector;onbekend;onbekend;182477.73434111223;233401.3921589777;4.835513;51.409386;FS2796;Wortel-Kolonie - Heide;Hoogstraten;Wortel;Antwerpen;copied observation;J;Goedgekeurd op basis van bewijsmateriaal;2007-01-01;3;;25;Zoogdieren;Vespertilionidae;2026-07-08;387;S;algemeen
214683130;214683130;Gewone Dwergvleermuis;Pipistrellus pipistrellus;2021-05-21;5;2021-05-24;2;foeragerend;batdetector;adult;onbekend;181365.0720997397;233563.85357784107;4.819537;51.410908;FS2697;Wortel-Kolonie - Zone Noordwest;Hoogstraten;Wortel;Antwerpen;Site;J;Goedgekeurd op basis van bewijsmateriaal;1980-01-01;3;;25;Zoogdieren;Vespertilionidae;2026-07-08;387;S;algemeen
214678421;214678421;Gewone Dwergvleermuis;Pipistrellus pipistrellus;2021-05-21;5;2021-05-24;3;sociaal gedrag;batdetector;adult;onbekend;181198.22282402724;233516.55531769432;4.817135;51.410492;FS2697;Wortel-Kolonie - Zone Noordwest;Hoogstraten;Wortel;Antwerpen;Site;J;Goedgekeurd op basis van bewijsmateriaal;1980-01-01;3;;25;Zoogdieren;Vespertilionidae;2026-07-08;387;S;algemeen
214673118;214673118;Gewone Dwergvleermuis;Pipistrellus pipistrellus;2021-05-21;5;2021-05-24;3;foeragerend;batdetector;adult;onbekend;181356.59280316203;233379.1011865316;4.819399;51.409248;FS2696;Wortel-Kolonie - Zone Noordwest;Hoogstraten;Wortel;Antwerpen;Site;J;Goedgekeurd op basis van bewijsmateriaal;1980-01-01;3;;25;Zoogdieren;Vespertilionidae;2026-07-08;387;S;algemeen
214669810;214669810;Gewone Dwergvleermuis;Pipistrellus pipistrellus;2021-05-21;5;2021-05-24;1;foeragerend;batdetector;adult;onbekend;181668.0526260635;232863.1743210284;4.8238295;51.404594;FS2696;Wortel-Kolonie - Zone Noordoost - Bezoekerscentrum De Klapekster;Hoogstraten;Wortel;Antwerpen;Site;J;Goedgekeurd op basis van bewijsmateriaal;1980-01-01;3;;7;Zoogdieren;Vespertilionidae;2026-07-08;387;S;algemeen
214428602;214428602;Gewone Dwergvleermuis;Pipistrellus pipistrellus;2021-05-21;5;2021-05-22;5;sociaal gedrag;batdetector;adult;onbekend;181523.243437308;233504.9568072045;4.821805;51.41037;FS2697;Wortel-Kolonie - Zone Noordwest;Hoogstraten;Wortel;Antwerpen;ObsMapp;J;Goedgekeurd op basis van bewijsmateriaal;2007-01-01;3;;10;Zoogdieren;Vespertilionidae;2026-07-08;387;S;algemeen
225249673;225249673;Gewone Dwergvleermuis;Pipistrellus pipistrellus;2021-09-08;9;2021-09-10;2;sociaal gedrag;batdetector;adult;onbekend;181555.12852812887;232637.61531963665;4.822187;51.402573;FS2696;Wortel-Kolonie - Zone Zuidwest;Hoogstraten;Wortel;Antwerpen;ObsMapp;J;Goedgekeurd op basis van bewijsmateriaal;2007-01-01;3;;6;Zoogdieren;Vespertilionidae;2026-07-08;387;S;algemeen
369610977;369610977;Gewone Dwergvleermuis;Pipistrellus pipistrellus;2025-08-20;8;2025-08-21;2;ter plaatse;nestkast;onbekend;onbekend;180449.59193743457;233032.02986563745;4.806334972381592;51.40617752075195;FS2596;Wortel-Kolonie - Zone Noordwest;Hoogstraten;Wortel;Antwerpen;ObsMapp;J;Goedgekeurd op basis van kennisregels - nabijheid;1980-01-01;3;;9;Zoogdieren;Vespertilionidae;2026-07-08;387;S;algemeen
369610975;369610975;Gewone Dwergvleermuis;Pipistrellus pipistrellus;2025-08-20;8;2025-08-21;1;ter plaatse;nestkast;onbekend;onbekend;180406.80852547952;233011.40424425717;4.805718421936035;51.4059944152832;FS2596;Wortel-Kolonie - Zone Noordwest;Hoogstraten;Wortel;Antwerpen;ObsMapp;J;Goedgekeurd op basis van kennisregels - nabijheid;1980-01-01;3;;14;Zoogdieren;Vespertilionidae;2026-07-08;387;S;algemeen
369610973;369610973;Gewone Dwergvleermuis;Pipistrellus pipistrellus;2025-08-20;8;2025-08-21;1;ter plaatse;nestkast;onbekend;onbekend;180388.98506781965;233012.14810871423;4.80546236038208;51.40600204467773;FS2596;Wortel-Kolonie - Zone Noordwest;Hoogstraten;Wortel;Antwerpen;ObsMapp;J;Goedgekeurd op basis van kennisregels - nabijheid;1980-01-01;3;;7;Zoogdieren;Vespertilionidae;2026-07-08;387;S;algemeen
369610970;369610970;Gewone Dwergvleermuis;Pipistrellus pipistrellus;2025-08-20;8;2025-08-21;4;ter plaatse;nestkast;onbekend;onbekend;180346.7375530658;233013.17274692372;4.804855346679688;51.40601348876953;FS2596;Wortel-Kolonie - Zone Noordwest;Hoogstraten;Wortel;Antwerpen;ObsMapp;J;Goedgekeurd op basis van kennisregels - nabijheid;1980-01-01;3;;9;Zoogdieren;Vespertilionidae;2026-07-08;387;S;algemeen
369610923;369610923;Gewone Dwergvleermuis;Pipistrellus pipistrellus;2025-08-20;8;2025-08-21;8;ter plaatse;nestkast;onbekend;onbekend;182304.31313449537;233257.6544320546;4.8330078125;51.40810394287109;FS2796;Wortel-Kolonie - Zone Noordoost;Hoogstraten;Wortel;Antwerpen;ObsMapp;J;Goedgekeurd op basis van kennisregels - nabijheid;1980-01-01;3;;7;Zoogdieren;Vespertilionidae;2026-07-08;387;S;algemeen
369610913;369610913;Gewone Dwergvleermuis;Pipistrellus pipistrellus;2025-08-20;8;2025-08-21;5;ter plaatse;nestkast;onbekend;onbekend;182161.74630663605;233154.47260101695;4.830949783325195;51.40718460083008;FS2796;Wortel-Kolonie - Zone Noordoost;Hoogstraten;Wortel;Antwerpen;ObsMapp;J;Goedgekeurd op basis van kennisregels - nabijheid;1980-01-01;3;;1;Zoogdieren;Vespertilionidae;2026-07-08;387;S;algemeen
369610903;369610903;Gewone Dwergvleermuis;Pipistrellus pipistrellus;2025-08-20;8;2025-08-21;1;ter plaatse;nestkast;onbekend;onbekend;182133.63243141465;233129.25520639867;4.830543518066406;51.406959533691406;FS2796;Wortel-Kolonie - Zone Noordoost;Hoogstraten;Wortel;Antwerpen;ObsMapp;J;Goedgekeurd op basis van kennisregels - nabijheid;1980-01-01;3;;6;Zoogdieren;Vespertilionidae;2026-07-08;387;S;algemeen
369610900;369610900;Gewone Dwergvleermuis;Pipistrellus pipistrellus;2025-08-20;8;2025-08-21;2;ter plaatse;nestkast;onbekend;onbekend;182107.06523336636;233127.39202609472;4.8301615715026855;51.40694427490234;FS2796;Wortel-Kolonie - Zone Noordoost;Hoogstraten;Wortel;Antwerpen;ObsMapp;J;Goedgekeurd op basis van kennisregels - nabijheid;1980-01-01;3;;8;Zoogdieren;Vespertilionidae;2026-07-08;387;S;algemeen
241550087;241550087;Gewone Dwergvleermuis;Pipistrellus pipistrellus;2022-05-14;5;2022-05-15;1;foeragerend;batdetector;adult;onbekend;177237.52234699612;215632.4687921973;4.758861;51.249954;FS2279;Vorselaar - Boer Miljoen;Vorselaar;Vorselaar;Antwerpen;Site;J;Goedgekeurd op basis van bewijsmateriaal;1980-01-01;3;;25;Zoogdieren;Vespertilionidae;2026-07-08;387;S;algemeen
241548794;241548794;Gewone Dwergvleermuis;Pipistrellus pipistrellus;2022-05-14;5;2022-05-15;1;foeragerend;batdetector;adult;onbekend;176829.02495160096;215787.4305098532;4.753022;51.251366;FS2279;Oostmalle - Blommerschot;Malle;Oostmalle;Antwerpen;Site;J;Goedgekeurd op basis van bewijsmateriaal;1980-01-01;3;;25;Zoogdieren;Vespertilionidae;2026-07-08;387;S;algemeen
241546915;241546915;Gewone Dwergvleermuis;Pipistrellus pipistrellus;2022-05-14;5;2022-05-15;1;foeragerend;batdetector;adult;onbekend;176628.96058861102;215643.7651386913;4.750146;51.250084;FS2279;Oostmalle - Blommerschot;Malle;Oostmalle;Antwerpen;Site;J;Goedgekeurd op basis van bewijsmateriaal;1980-01-01;3;;25;Zoogdieren;Vespertilionidae;2026-07-08;387;S;algemeen
241545745;241545745;Gewone Dwergvleermuis;Pipistrellus pipistrellus;2022-05-14;5;2022-05-15;2;foeragerend;batdetector;adult;onbekend;176157.9106260982;215373.1213547755;4.74338;51.247673;FS2178;Oostmalle - Blommerschot - De Kluis;Malle;Oostmalle;Antwerpen;ObsMapp;J;Goedgekeurd op basis van bewijsmateriaal;2007-01-01;3;;11;Zoogdieren;Vespertilionidae;2026-07-08;387;S;algemeen
241545741;241545741;Gewone Dwergvleermuis;Pipistrellus pipistrellus;2022-05-14;5;2022-05-15;1;foeragerend;batdetector;adult;onbekend;176420.62604643058;215558.6980086621;4.747156;51.249329;FS2179;Oostmalle - Blommerschot;Malle;Oostmalle;Antwerpen;ObsMapp;J;Goedgekeurd op basis van bewijsmateriaal;2007-01-01;3;;7;Zoogdieren;Vespertilionidae;2026-07-08;387;S;algemeen
384878580;384878580;Gewone Dwergvleermuis;Pipistrellus pipistrellus;2026-01-25;1;2026-01-26;1;winterslaap;gezien;adult;onbekend;154021.32154771796;226398.5914497953;4.426473999999985;51.347352;ES9989;Kapellen - Ertbrandbos - Fort;Kapellen;Kapellen;Antwerpen;Site;J;Goedgekeurd op basis van bewijsmateriaal;1980-01-01;3;;999;Zoogdieren;Vespertilionidae;2026-07-08;387;S;algemeen
259822691;259822691;Gewone Dwergvleermuis;Pipistrellus pipistrellus;2022-11-21;11;2022-11-21;5;winterslaap;onbekend;onbekend;onbekend;180342.5950516744;233015.3193021677;4.80479600000001;51.406033;FS2596;Wortel-Kolonie - Zone Noordwest;Hoogstraten;Wortel;Antwerpen;ObsMapp;J;Goedgekeurd op basis van bewijsmateriaal;2007-01-01;3;k47;6;Zoogdieren;Vespertilionidae;2026-07-08;387;S;algemeen
259817466;259817466;Gewone Dwergvleermuis;Pipistrellus pipistrellus;2022-11-21;11;2022-11-21;1;winterslaap;gezien;onbekend;onbekend;180350.6494195576;233018.37084275763;4.8049120000000585;51.40606;FS2596;Wortel-Kolonie - Zone Noordwest;Hoogstraten;Wortel;Antwerpen;Site;J;Goedgekeurd op basis van bewijsmateriaal;1980-01-01;3;;25;Zoogdieren;Vespertilionidae;2026-07-08;387;S;algemeen
226209445;226209445;Gewone Dwergvleermuis;Pipistrellus pipistrellus;2021-09-23;9;2021-09-23;2;sociaal gedrag;batdetector;onbekend;onbekend;181866.61459113716;233293.9928382337;4.826721;51.408455;FS2796;Wortel-Kolonie - Bootjesven;Hoogstraten;Wortel;Antwerpen;ObsMapp;J;Goedgekeurd op basis van bewijsmateriaal;2007-01-01;3;;9;Zoogdieren;Vespertilionidae;2026-07-08;387;S;algemeen
226209447;226209447;Gewone Dwergvleermuis;Pipistrellus pipistrellus;2021-09-23;9;2021-09-23;1;sociaal gedrag;batdetector;onbekend;onbekend;181153.4191862773;232328.3049953692;4.816388;51.399815;FS2695;Wortel-Kolonie - Zone Zuidwest;Hoogstraten;Wortel;Antwerpen;ObsMapp;J;Goedgekeurd op basis van bewijsmateriaal;2007-01-01;3;;11;Zoogdieren;Vespertilionidae;2026-07-08;387;S;algemeen
226209449;226209449;Gewone Dwergvleermuis;Pipistrellus pipistrellus;2021-09-23;9;2021-09-23;2;sociaal gedrag;batdetector;onbekend;onbekend;181225.3532220983;232344.8732480351;4.817423;51.39996;FS2695;Wortel-Kolonie - Zone Zuidwest;Hoogstraten;Wortel;Antwerpen;ObsMapp;J;Goedgekeurd op basis van bewijsmateriaal;2007-01-01;3;;9;Zoogdieren;Vespertilionidae;2026-07-08;387;S;algemeen
226209452;226209452;Gewone Dwergvleermuis;Pipistrellus pipistrellus;2021-09-23;9;2021-09-23;1;ter plaatse;batdetector;onbekend;onbekend;181364.06706419785;232012.0308662001;4.819387;51.396961;FS2695;Wortel-Kolonie - Zone Zuidwest;Hoogstraten;Wortel;Antwerpen;ObsMapp;J;Goedgekeurd op basis van bewijsmateriaal;2007-01-01;3;;12;Zoogdieren;Vespertilionidae;2026-07-08;387;S;algemeen
226209453;226209453;Gewone Dwergvleermuis;Pipistrellus pipistrellus;2021-09-23;9;2021-09-23;1;sociaal gedrag;batdetector;onbekend;onbekend;181403.73767044925;231909.57464397047;4.819948;51.396038;FS2695;Wortel-Kolonie - Zone Zuidwest;Hoogstraten;Wortel;Antwerpen;ObsMapp;J;Goedgekeurd op basis van bewijsmateriaal;2007-01-01;3;;10;Zoogdieren;Vespertilionidae;2026-07-08;387;S;algemeen
226209454;226209454;Gewone Dwergvleermuis;Pipistrellus pipistrellus;2021-09-23;9;2021-09-23;3;ter plaatse;batdetector;onbekend;onbekend;181362.23587474917;231465.8208758505;4.819313;51.392052;FS2694;Wortel-Kolonie - Zone Zuidwest;Hoogstraten;Wortel;Antwerpen;ObsMapp;J;Goedgekeurd op basis van bewijsmateriaal;2007-01-01;3;;9;Zoogdieren;Vespertilionidae;2026-07-08;387;S;algemeen
226209458;226209458;Gewone Dwergvleermuis;Pipistrellus pipistrellus;2021-09-23;9;2021-09-23;2;ter plaatse;batdetector;onbekend;onbekend;181278.7085009308;231970.3447378064;4.818157;51.396591;FS2695;Wortel-Kolonie - Zone Zuidwest;Hoogstraten;Wortel;Antwerpen;ObsMapp;J;Goedgekeurd op basis van bewijsmateriaal;2007-01-01;3;;9;Zoogdieren;Vespertilionidae;2026-07-08;387;S;algemeen
194708205;194708205;Gewone Dwergvleermuis;Pipistrellus pipistrellus;2020-06-22;6;2020-06-22;1;ter plaatse;binnenshuis;onbekend;onbekend;220809.02563697333;183851.0663405508;5.37666797637939;50.9605979919434;FS6648;Hasselt - Domein Kiewit;Hasselt;Hasselt;Limburg;ObsMapp;J;Goedgekeurd op basis van bewijsmateriaal;2007-01-01;4;;25;Zoogdieren;Vespertilionidae;2026-07-08;387;S;algemeen
374783950;374783950;Gewone Dwergvleermuis;Pipistrellus pipistrellus;2025-10-02;10;2025-10-02;1;ter plaatse;onbekend;onbekend;onbekend;174492.70952936253;190199.6854412537;4.7178339;51.0214729;FS2053;  ;Heist-op-den-Berg;Schriek;Antwerpen;ObsIdentify;J;Goedgekeurd op basis van bewijsmateriaal;1980-01-01;4;;23;Zoogdieren;Vespertilionidae;2026-07-08;387;S;algemeen
276736396;276736396;Gewone Dwergvleermuis;Pipistrellus pipistrellus;2023-06-17;6;2023-06-17;1;foeragerend;batdetector;onbekend;onbekend;156653.74362072852;211391.0041533606;4.46397686;51.21243668;FS0274;Deurne - Rivierenhof (Groendomein provincie Antwerpen - regio Antw.);Antwerpen;Deurne;Antwerpen;ObsMapp;J;Goedgekeurd op basis van bewijsmateriaal;1980-01-01;3;opname 28 (27 mislukt);3;Zoogdieren;Vespertilionidae;2026-07-08;387;S;algemeen
276736392;276736392;Gewone Dwergvleermuis;Pipistrellus pipistrellus;2023-06-17;6;2023-06-17;1;foeragerend;batdetector;onbekend;onbekend;156630.1803544898;211550.9731785152;4.4636426;51.21387482;FS0274;Deurne - Rivierenhof (Groendomein provincie Antwerpen - regio Antw.);Antwerpen;Deurne;Antwerpen;ObsMapp;J;Goedgekeurd op basis van bewijsmateriaal;1980-01-01;3;opname 29;4;Zoogdieren;Vespertilionidae;2026-07-08;387;S;algemeen
276736374;276736374;Gewone Dwergvleermuis;Pipistrellus pipistrellus;2023-06-17;6;2023-06-17;1;foeragerend;batdetector;onbekend;onbekend;156551.9774270797;211998.1930444846;4.46253157;51.21789551;FS0275;Deurne - Rivierenhof (Groendomein provincie Antwerpen - regio Antw.);Antwerpen;Deurne;Antwerpen;ObsMapp;J;Goedgekeurd op basis van bewijsmateriaal;1980-01-01;3;opname 33;6;Zoogdieren;Vespertilionidae;2026-07-08;387;S;algemeen
327275816;327275816;Gewone Dwergvleermuis;Pipistrellus pipistrellus;2024-09-07;9;2024-09-07;1;ter plaatse;onbekend;onbekend;onbekend;157681.48977145753;211360.60267531127;4.478683948516846;51.21215057373047;FS0374;Deurne - Rivierenhof (Groendomein provincie Antwerpen - regio Antw.);Antwerpen;Deurne;Antwerpen;ObsMapp;J;Goedgekeurd op basis van bewijsmateriaal;1980-01-01;3;Achter luik voorkant Schranshoeve;3;Zoogdieren;Vespertilionidae;2026-07-08;387;S;algemeen
326756050;326756050;Gewone Dwergvleermuis;Pipistrellus pipistrellus;2024-09-02;9;2024-09-02;1;ter plaatse;gezien;adult;onbekend;157029.15279741134;212045.8259311896;4.469362;51.218318;FS0275;Sterbos_K9;Antwerpen;Deurne;Antwerpen;Projectwaarneming;J;Goedgekeurd op basis van bewijsmateriaal;1980-01-01;3;;10;Zoogdieren;Vespertilionidae;2026-07-08;387;S;algemeen
277030504;277030504;Gewone Dwergvleermuis;Pipistrellus pipistrellus;2023-06-17;6;2023-06-19;3;ter plaatse;vangst;onbekend;onbekend;240365.0009764586;208398.1921584364;5.66106679;51.17849885;FS8573;Bree - De Luysen-Mariahof;Bree;Beek;Limburg;Site;J;Goedgekeurd op basis van bewijsmateriaal;1980-01-01;3;;1000;Zoogdieren;Vespertilionidae;2026-07-08;387;S;algemeen
369618016;369618016;Gewone Dwergvleermuis;Pipistrellus pipistrellus;2025-08-20;8;2025-08-21;8;ter plaatse;nestkast;onbekend;onbekend;182312.55770011785;233255.1593955066;4.833126068115234;51.4080810546875;FS2796;Wortel-Kolonie - Zone Noordoost;Hoogstraten;Wortel;Antwerpen;ObsMapp;J;Goedgekeurd op basis van kennisregels - nabijheid;1980-01-01;3;;3;Zoogdieren;Vespertilionidae;2026-07-08;387;S;algemeen
369618015;369618015;Gewone Dwergvleermuis;Pipistrellus pipistrellus;2025-08-20;8;2025-08-21;5;ter plaatse;nestkast;onbekend;onbekend;182322.3213866586;233179.66943555695;4.833259582519531;51.40740203857422;FS2796;Wortel-Kolonie - Zone Noordoost;Hoogstraten;Wortel;Antwerpen;ObsMapp;J;Goedgekeurd op basis van kennisregels - nabijheid;1980-01-01;3;;3;Zoogdieren;Vespertilionidae;2026-07-08;387;S;algemeen
369618012;369618012;Gewone Dwergvleermuis;Pipistrellus pipistrellus;2025-08-20;8;2025-08-21;5;ter plaatse;nestkast;onbekend;onbekend;182166.1208489212;233155.34876191893;4.831012725830078;51.40719223022461;FS2796;Wortel-Kolonie - Zone Noordoost;Hoogstraten;Wortel;Antwerpen;ObsMapp;J;Goedgekeurd op basis van kennisregels - nabijheid;1980-01-01;3;;3;Zoogdieren;Vespertilionidae;2026-07-08;387;S;algemeen
369618004;369618004;Gewone Dwergvleermuis;Pipistrellus pipistrellus;2025-08-20;8;2025-08-21;1;ter plaatse;nestkast;onbekend;onbekend;182129.47426773835;233130.92708629745;4.830483913421631;51.40697479248047;FS2796;Wortel-Kolonie - Zone Noordoost;Hoogstraten;Wortel;Antwerpen;ObsMapp;J;Goedgekeurd op basis van kennisregels - nabijheid;1980-01-01;3;;9;Zoogdieren;Vespertilionidae;2026-07-08;387;S;algemeen
369618003;369618003;Gewone Dwergvleermuis;Pipistrellus pipistrellus;2025-08-20;8;2025-08-21;2;ter plaatse;nestkast;onbekend;onbekend;182106.83857936715;233137.1528332261;4.830159187316895;51.40703201293945;FS2796;Wortel-Kolonie - Zone Noordoost;Hoogstraten;Wortel;Antwerpen;ObsMapp;J;Goedgekeurd op basis van kennisregels - nabijheid;1980-01-01;3;;3;Zoogdieren;Vespertilionidae;2026-07-08;387;S;algemeen
263374418;263374418;Gewone Dwergvleermuis;Pipistrellus pipistrellus;2023-02-07;2;2023-02-09;2;winterslaap;onbekend;onbekend;onbekend;152570.3552767169;206223.15177419785;4.4055035;51.16601841;ES9869;Wilrijk - Fort 6;Antwerpen;Wilrijk;Antwerpen;copied observation;J;Goedgekeurd op basis van bewijsmateriaal;1980-01-01;3;Dier achteraan mogelijk best op Pip spec houden (in totaal dus drie verschillende dieren op foto).;100;Zoogdieren;Vespertilionidae;2026-07-08;387;S;algemeen
263374262;263374262;Gewone Dwergvleermuis;Pipistrellus pipistrellus;2023-02-07;2;2023-02-09;1;winterslaap;onbekend;onbekend;onbekend;152570.3552767169;206223.15177419785;4.4055035;51.16601841;ES9869;Wilrijk - Fort 6;Antwerpen;Wilrijk;Antwerpen;copied observation;J;Goedgekeurd op basis van bewijsmateriaal;1980-01-01;3;;100;Zoogdieren;Vespertilionidae;2026-07-08;387;S;algemeen
263374221;263374221;Gewone Dwergvleermuis;Pipistrellus pipistrellus;2023-02-07;2;2023-02-09;2;winterslaap;onbekend;onbekend;onbekend;152570.3552767169;206223.15177419785;4.4055035;51.16601841;ES9869;Wilrijk - Fort 6;Antwerpen;Wilrijk;Antwerpen;copied observation;J;Goedgekeurd op basis van bewijsmateriaal;1980-01-01;3;;100;Zoogdieren;Vespertilionidae;2026-07-08;387;S;algemeen
263374208;263374208;Gewone Dwergvleermuis;Pipistrellus pipistrellus;2023-02-07;2;2023-02-09;1;winterslaap;onbekend;onbekend;onbekend;152570.3552767169;206223.15177419785;4.4055035;51.16601841;ES9869;Wilrijk - Fort 6;Antwerpen;Wilrijk;Antwerpen;copied observation;J;Goedgekeurd op basis van bewijsmateriaal;1980-01-01;3;;100;Zoogdieren;Vespertilionidae;2026-07-08;387;S;algemeen
263374192;263374192;Gewone Dwergvleermuis;Pipistrellus pipistrellus;2023-02-07;2;2023-02-09;1;winterslaap;onbekend;onbekend;onbekend;152570.3552767169;206223.15177419785;4.4055035;51.16601841;ES9869;Wilrijk - Fort 6;Antwerpen;Wilrijk;Antwerpen;copied observation;J;Goedgekeurd op basis van bewijsmateriaal;1980-01-01;3;;100;Zoogdieren;Vespertilionidae;2026-07-08;387;S;algemeen
263315424;263315424;Gewone Dwergvleermuis;Pipistrellus pipistrellus;2023-02-07;2;2023-02-08;1;winterslaap;onbekend;onbekend;onbekend;152570.3552767169;206223.15177419785;4.4055035;51.16601841;ES9869;Wilrijk - Fort 6;Antwerpen;Wilrijk;Antwerpen;copied observation;J;Goedgekeurd op basis van bewijsmateriaal;1980-01-01;3;;100;Zoogdieren;Vespertilionidae;2026-07-08;387;S;algemeen
368985798;368985798;Gewone Dwergvleermuis;Pipistrellus pipistrellus;2025-08-16;8;2025-08-17;7;in kolonie op gebouw;onbekend;onbekend;onbekend;215751.2276940887;206346.56384294943;5.308738231658936;51.163387298583984;FS6170;Eksel - Pijnven;Hechtel-Eksel;Eksel;Limburg;ObsMapp;J;Goedgekeurd op basis van expertoordeel;1980-01-01;3;;3;Zoogdieren;Vespertilionidae;2026-07-08;387;S;algemeen
290520743;290520743;Gewone Dwergvleermuis;Pipistrellus pipistrellus;2023-06-13;6;2023-10-13;1;foeragerend;batdetector;onbekend;onbekend;151169.35679494418;207845.57107199545;4.38547962;51.18060626;ES9670;  ;Antwerpen;Antwerpen;Antwerpen;Site;J;Goedgekeurd op basis van bewijsmateriaal;1980-01-01;3;;1000;Zoogdieren;Vespertilionidae;2026-07-08;387;S;algemeen
290567107;290567107;Gewone Dwergvleermuis;Pipistrellus pipistrellus;2023-06-17;6;2023-10-13;3;foeragerend;batdetector;onbekend;onbekend;157168.65035130232;211434.1349077616;4.47134638;51.21281815;FS0274;Deurne - Rivierenhof (Groendomein provincie Antwerpen - regio Antw.);Antwerpen;Deurne;Antwerpen;copied observation;J;Goedgekeurd op basis van expertoordeel;1980-01-01;3;3 soorten pulsen: A) Hockey met 50+ Fem_ B) Hockey rond de 50 Fem &  C) U-vorm rond de 50 Fem;3;Zoogdieren;Vespertilionidae;2026-07-08;387;S;algemeen
290767788;290767788;Gewone Dwergvleermuis;Pipistrellus pipistrellus;2023-10-15;10;2023-10-15;1;foeragerend;batdetector;onbekend;onbekend;156682.62389963833;212168.12174004785;4.464404582977295;51.21942138671875;FS0275;Deurne - Rivierenhof (Groendomein provincie Antwerpen - regio Antw.);Antwerpen;Deurne;Antwerpen;ObsMapp;J;Goedgekeurd op basis van bewijsmateriaal;1980-01-01;3;17;7;Zoogdieren;Vespertilionidae;2026-07-08;387;S;algemeen
290767792;290767792;Gewone Dwergvleermuis;Pipistrellus pipistrellus;2023-10-15;10;2023-10-15;1;foeragerend;batdetector;onbekend;onbekend;156102.4876693287;211900.02793687023;4.456096649169922;51.217018127441406;FS0174;Deurne - Rivierenhof (Groendomein provincie Antwerpen - regio Antw.);Antwerpen;Borgerhout;Antwerpen;ObsMapp;J;Goedgekeurd op basis van bewijsmateriaal;1980-01-01;3;15;6;Zoogdieren;Vespertilionidae;2026-07-08;387;S;algemeen
290767797;290767797;Gewone Dwergvleermuis;Pipistrellus pipistrellus;2023-10-15;10;2023-10-15;1;foeragerend;batdetector;onbekend;onbekend;156733.41627938926;211311.7441025656;4.465115547180176;51.21172332763672;FS0274;Deurne - Rivierenhof (Groendomein provincie Antwerpen - regio Antw.);Antwerpen;Deurne;Antwerpen;ObsMapp;J;Goedgekeurd op basis van bewijsmateriaal;1980-01-01;3;12_ mogelijk gemist;9;Zoogdieren;Vespertilionidae;2026-07-08;387;S;algemeen
290767799;290767799;Gewone Dwergvleermuis;Pipistrellus pipistrellus;2023-10-15;10;2023-10-15;1;foeragerend;batdetector;onbekend;onbekend;156767.3460459366;211355.50176321808;4.46560192;51.21211624;FS0274;Deurne - Rivierenhof (Groendomein provincie Antwerpen - regio Antw.);Antwerpen;Deurne;Antwerpen;ObsMapp;J;Goedgekeurd op basis van kennisregels - nabijheid;1980-01-01;3;9;7;Zoogdieren;Vespertilionidae;2026-07-08;387;S;algemeen
290767804;290767804;Gewone Dwergvleermuis;Pipistrellus pipistrellus;2023-10-15;10;2023-10-15;1;foeragerend;batdetector;onbekend;onbekend;156708.69894043487;211664.81470466685;4.46476841;51.21489716;FS0274;Deurne - Rivierenhof (Groendomein provincie Antwerpen - regio Antw.);Antwerpen;Deurne;Antwerpen;ObsMapp;J;Goedgekeurd op basis van bewijsmateriaal;1980-01-01;3;7;9;Zoogdieren;Vespertilionidae;2026-07-08;387;S;algemeen
290767808;290767808;Gewone Dwergvleermuis;Pipistrellus pipistrellus;2023-10-15;10;2023-10-15;1;foeragerend;batdetector;onbekend;onbekend;157039.30908175997;212111.7270226339;4.46950865;51.21891022;FS0275;Deurne - Rivierenhof (Groendomein provincie Antwerpen - regio Antw.);Antwerpen;Deurne;Antwerpen;ObsMapp;J;Goedgekeurd op basis van bewijsmateriaal;1980-01-01;3;1_ver;11;Zoogdieren;Vespertilionidae;2026-07-08;387;S;algemeen
324268390;324268390;Gewone Dwergvleermuis;Pipistrellus pipistrellus;2024-08-15;8;2024-08-15;1;ter plaatse;onbekend;onbekend;onbekend;157677.0588311856;211360.1717828419;4.47862053;51.21214676;FS0374;Deurne - Rivierenhof (Groendomein provincie Antwerpen - regio Antw.);Antwerpen;Deurne;Antwerpen;ObsMapp;J;Goedgekeurd op basis van bewijsmateriaal;1980-01-01;3;Achter luik voorkant Schranshoeve;4;Zoogdieren;Vespertilionidae;2026-07-08;387;S;algemeen
231946039;231946039;Gewone Dwergvleermuis;Pipistrellus pipistrellus;2022-01-07;1;2022-01-07;1;winterslaap;onbekend;onbekend;onbekend;152451.26318010874;206023.7426105002;4.40379953384399;51.1642265319824;ES9869;Wilrijk - Fort 6;Antwerpen;Wilrijk;Antwerpen;ObsMapp;J;Goedgekeurd op basis van bewijsmateriaal;2007-01-01;3;Holtravers;4;Zoogdieren;Vespertilionidae;2026-07-08;387;S;algemeen
327705176;327705176;Gewone Dwergvleermuis;Pipistrellus pipistrellus;2024-09-08;9;2024-09-10;1;ter plaatse;onbekend;onbekend;onbekend;157681.66585677993;211354.236910522;4.478686332702637;51.21209335327149;FS0374;Deurne - Rivierenhof (Groendomein provincie Antwerpen - regio Antw.);Antwerpen;Deurne;Antwerpen;ObsMapp;J;Goedgekeurd op basis van kennisregels - nabijheid;1980-01-01;3;Achter luik voorkant Schranshoeve;4;Zoogdieren;Vespertilionidae;2026-07-08;387;S;algemeen
327705164;327705164;Gewone Dwergvleermuis;Pipistrellus pipistrellus;2024-09-08;9;2024-09-10;1;ter plaatse;onbekend;onbekend;onbekend;157719.33454904624;211387.8209025096;4.479226112365723;51.21239471435547;FS0374;Deurne - Rivierenhof (Groendomein provincie Antwerpen - regio Antw.);Antwerpen;Deurne;Antwerpen;ObsMapp;J;Goedgekeurd op basis van kennisregels - nabijheid;1980-01-01;3;Achter luik zijkant schuur;3;Zoogdieren;Vespertilionidae;2026-07-08;387;S;algemeen
327705159;327705159;Gewone Dwergvleermuis;Pipistrellus pipistrellus;2024-09-10;9;2024-09-10;2;in kolonie anders;onbekend;onbekend;onbekend;181483.0933373385;233211.83090730105;4.821202278137207;51.4077377319336;FS2696;Wortel-Kolonie - Zone Noordwest;Hoogstraten;Wortel;Antwerpen;ObsMapp;J;Goedgekeurd op basis van bewijsmateriaal;1980-01-01;3;In Schwegler 1FTH;3;Zoogdieren;Vespertilionidae;2026-07-08;387;S;algemeen
327705151;327705151;Gewone Dwergvleermuis;Pipistrellus pipistrellus;2024-09-10;9;2024-09-10;1;in kolonie anders;onbekend;onbekend;onbekend;181302.80828069456;233383.05816068128;4.818626403808594;51.40928649902344;FS2696;Wortel-Kolonie - Zone Noordwest;Hoogstraten;Wortel;Antwerpen;ObsMapp;J;Goedgekeurd op basis van bewijsmateriaal;1980-01-01;3;In 3FS;3;Zoogdieren;Vespertilionidae;2026-07-08;387;S;algemeen
327705144;327705144;Gewone Dwergvleermuis;Pipistrellus pipistrellus;2024-09-10;9;2024-09-10;2;in kolonie anders;onbekend;onbekend;onbekend;181376.78250197804;233566.0186830992;4.819705486297607;51.410926818847656;FS2697;Wortel-Kolonie - Zone Noordwest;Hoogstraten;Wortel;Antwerpen;ObsMapp;J;Goedgekeurd op basis van bewijsmateriaal;1980-01-01;3;In ANS-5;3;Zoogdieren;Vespertilionidae;2026-07-08;387;S;algemeen
327705139;327705139;Gewone Dwergvleermuis;Pipistrellus pipistrellus;2024-09-10;9;2024-09-10;3;in kolonie anders;onbekend;onbekend;onbekend;181943.6579378565;233682.4001498045;4.827862739562988;51.41194152832031;FS2797;Wortel-Kolonie - Bootjesven;Hoogstraten;Wortel;Antwerpen;ObsMapp;J;Goedgekeurd op basis van bewijsmateriaal;1980-01-01;3;In ANS-5;3;Zoogdieren;Vespertilionidae;2026-07-08;387;S;algemeen
327705138;327705138;Gewone Dwergvleermuis;Pipistrellus pipistrellus;2024-09-10;9;2024-09-10;5;in kolonie anders;onbekend;onbekend;onbekend;182311.0513129753;233257.27218372747;4.833104610443115;51.40810012817383;FS2796;Wortel-Kolonie - Zone Noordoost;Hoogstraten;Wortel;Antwerpen;ObsMapp;J;Goedgekeurd op basis van bewijsmateriaal;1980-01-01;3;In 1FFH;3;Zoogdieren;Vespertilionidae;2026-07-08;387;S;algemeen
327705137;327705137;Gewone Dwergvleermuis;Pipistrellus pipistrellus;2024-09-10;9;2024-09-10;6;in kolonie anders;onbekend;onbekend;onbekend;182323.1084678755;233175.85436678305;4.83327054977417;51.40736770629883;FS2796;Wortel-Kolonie - Zone Noordoost;Hoogstraten;Wortel;Antwerpen;ObsMapp;J;Goedgekeurd op basis van bewijsmateriaal;1980-01-01;3;in ANS-5;3;Zoogdieren;Vespertilionidae;2026-07-08;387;S;algemeen
327705133;327705133;Gewone Dwergvleermuis;Pipistrellus pipistrellus;2024-09-10;9;2024-09-10;5;in kolonie anders;onbekend;onbekend;onbekend;182183.1659613365;233130.41284800693;4.831255435943604;51.40696716308594;FS2796;Wortel-Kolonie - Zone Noordoost;Hoogstraten;Wortel;Antwerpen;ObsMapp;J;Goedgekeurd op basis van bewijsmateriaal;1980-01-01;3;in 2FTH;3;Zoogdieren;Vespertilionidae;2026-07-08;387;S;algemeen
327705125;327705125;Gewone Dwergvleermuis;Pipistrellus pipistrellus;2024-09-10;9;2024-09-10;3;in kolonie anders;onbekend;onbekend;onbekend;182130.9527223409;233127.96518398635;4.830504894256592;51.40694808959961;FS2796;Wortel-Kolonie - Zone Noordoost;Hoogstraten;Wortel;Antwerpen;ObsMapp;J;Goedgekeurd op basis van bewijsmateriaal;1980-01-01;3;In 3FS_ opgehangen eind mei 2024;3;Zoogdieren;Vespertilionidae;2026-07-08;387;S;algemeen
330155291;330155291:3638682;Gewone Dwergvleermuis;Pipistrellus pipistrellus;2024-10-07;10;2024-10-07;1;ter plaatse;onbekend;adult;Vrouw;157720.64470542307;211384.873680166;4.47924479842186;51.21236820588806;FS0374;Deurne - Rivierenhof (Groendomein provincie Antwerpen - regio Antw.);Antwerpen;Deurne;Antwerpen;ObsMapp;J;Goedgekeurd op basis van bewijsmateriaal;1980-01-01;3;Achter luik zijkant schuur. Gehanteerd omwille van werken aan de luiken.;5;Zoogdieren;Vespertilionidae;2026-07-08;387;S;algemeen
330155291;330155291:3638683;Gewone Dwergvleermuis;Pipistrellus pipistrellus;2024-10-07;10;2024-10-07;1;ter plaatse;onbekend;adult;Man;157720.64470542307;211384.873680166;4.47924479842186;51.21236820588806;FS0374;Deurne - Rivierenhof (Groendomein provincie Antwerpen - regio Antw.);Antwerpen;Deurne;Antwerpen;ObsMapp;J;Goedgekeurd op basis van bewijsmateriaal;1980-01-01;3;Achter luik zijkant schuur. Gehanteerd omwille van werken aan de luiken.;5;Zoogdieren;Vespertilionidae;2026-07-08;387;S;algemeen
330155293;330155293:3638684;Gewone Dwergvleermuis;Pipistrellus pipistrellus;2024-10-07;10;2024-10-07;1;ter plaatse;onbekend;adult;Vrouw;157677.82577764534;211359.7484152792;4.478631496429443;51.21214294433594;FS0374;Deurne - Rivierenhof (Groendomein provincie Antwerpen - regio Antw.);Antwerpen;Deurne;Antwerpen;ObsMapp;J;Goedgekeurd op basis van kennisregels - nabijheid;1980-01-01;3;Achter luiken voorkant Schranshoeve. Gehanteerd vanwege werken aan de luiken.;3;Zoogdieren;Vespertilionidae;2026-07-08;387;S;algemeen
233667914;233667914;Gewone Dwergvleermuis;Pipistrellus pipistrellus;2022-02-10;2;2022-02-12;1;winterslaap;onbekend;onbekend;onbekend;152565.59336401214;206215.9869525041;4.40543537;51.16595403;ES9869;Wilrijk - Fort 6;Antwerpen;Wilrijk;Antwerpen;Site;J;Goedgekeurd op basis van bewijsmateriaal;1980-01-01;3;Telling reduit met Ralf en Luc;10;Zoogdieren;Vespertilionidae;2026-07-08;387;S;algemeen
330155293;330155293:3638685;Gewone Dwergvleermuis;Pipistrellus pipistrellus;2024-10-07;10;2024-10-07;2;ter plaatse;onbekend;adult;Man;157677.82577764534;211359.7484152792;4.478631496429443;51.21214294433594;FS0374;Deurne - Rivierenhof (Groendomein provincie Antwerpen - regio Antw.);Antwerpen;Deurne;Antwerpen;ObsMapp;J;Goedgekeurd op basis van kennisregels - nabijheid;1980-01-01;3;Achter luiken voorkant Schranshoeve. Gehanteerd vanwege werken aan de luiken.;3;Zoogdieren;Vespertilionidae;2026-07-08;387;S;algemeen
257057908;257057908;Gewone Dwergvleermuis;Pipistrellus pipistrellus;2022-10-15;10;2022-10-15;1;foeragerend;onbekend;onbekend;onbekend;157224.301044942;212043.09190973543;4.47215499999993;51.218291;FS0275;Deurne - Rivierenhof (Groendomein provincie Antwerpen - regio Antw.);Antwerpen;Deurne;Antwerpen;Site;J;Goedgekeurd op basis van bewijsmateriaal;1980-01-01;3;Foeragerend onder een lantaarnpaal;10;Zoogdieren;Vespertilionidae;2026-07-08;387;S;algemeen
291118372;291118372;Gewone Dwergvleermuis;Pipistrellus pipistrellus;2023-10-19;10;2023-10-20;1;foeragerend;batdetector;onbekend;onbekend;180983.7748722129;242709.3090019608;4.814847999999984;51.493122;FT2506;Meerle - Elsakker;Hoogstraten;Meerle;Antwerpen;ObsMapp;J;Goedgekeurd op basis van bewijsmateriaal;1980-01-01;3;21;3;Zoogdieren;Vespertilionidae;2026-07-08;387;S;algemeen
291118373;291118373;Gewone Dwergvleermuis;Pipistrellus pipistrellus;2023-10-19;10;2023-10-20;1;foeragerend;batdetector;onbekend;onbekend;180994.20027162237;242569.72817688715;4.814985999999976;51.491867;FT2606;Meerle - Elsakker;Hoogstraten;Meerle;Antwerpen;ObsMapp;J;Goedgekeurd op basis van bewijsmateriaal;1980-01-01;3;20;4;Zoogdieren;Vespertilionidae;2026-07-08;387;S;algemeen
291118374;291118374;Gewone Dwergvleermuis;Pipistrellus pipistrellus;2023-10-19;10;2023-10-20;1;foeragerend;batdetector;onbekend;onbekend;180973.6174040768;242458.00081163735;4.814679999999953;51.490864;FT2505;Meerle - Elsakker;Hoogstraten;Meerle;Antwerpen;ObsMapp;J;Goedgekeurd op basis van kennisregels - nabijheid;1980-01-01;3;19;4;Zoogdieren;Vespertilionidae;2026-07-08;387;S;algemeen
291118377;291118377;Gewone Dwergvleermuis;Pipistrellus pipistrellus;2023-10-19;10;2023-10-20;1;foeragerend;batdetector;onbekend;onbekend;180984.79863547115;242712.31944685988;4.814863000000059;51.493149;FT2506;Meerle - Elsakker;Hoogstraten;Meerle;Antwerpen;ObsMapp;J;Goedgekeurd op basis van kennisregels - nabijheid;1980-01-01;3;16;3;Zoogdieren;Vespertilionidae;2026-07-08;387;S;algemeen
291118378;291118378;Gewone Dwergvleermuis;Pipistrellus pipistrellus;2023-10-19;10;2023-10-20;1;foeragerend;batdetector;onbekend;onbekend;180985.6968763116;242713.1037405245;4.814876000000027;51.493156;FT2506;Meerle - Elsakker;Hoogstraten;Meerle;Antwerpen;ObsMapp;J;Goedgekeurd op basis van bewijsmateriaal;1980-01-01;3;15;3;Zoogdieren;Vespertilionidae;2026-07-08;387;S;algemeen
291118386;291118386;Gewone Dwergvleermuis;Pipistrellus pipistrellus;2023-10-19;10;2023-10-20;1;foeragerend;batdetector;onbekend;onbekend;180841.77529504447;242806.4852422969;4.812812000000008;51.494003;FT2506;Meerle - Elsakker;Hoogstraten;Meerle;Antwerpen;ObsMapp;J;Goedgekeurd op basis van bewijsmateriaal;1980-01-01;3;14;3;Zoogdieren;Vespertilionidae;2026-07-08;387;S;algemeen
291118387;291118387;Gewone Dwergvleermuis;Pipistrellus pipistrellus;2023-10-19;10;2023-10-20;1;foeragerend;batdetector;onbekend;onbekend;180946.7710032565;242775.73710090943;4.814321000000064;51.493721;FT2506;Meerle - Elsakker;Hoogstraten;Meerle;Antwerpen;ObsMapp;J;Goedgekeurd op basis van bewijsmateriaal;1980-01-01;3;13;3;Zoogdieren;Vespertilionidae;2026-07-08;387;S;algemeen
291118390;291118390;Gewone Dwergvleermuis;Pipistrellus pipistrellus;2023-10-19;10;2023-10-20;1;foeragerend;batdetector;onbekend;onbekend;180988.56646498444;242660.96054854803;4.814912796020508;51.4926872253418;FT2506;Meerle - Elsakker;Hoogstraten;Meerle;Antwerpen;ObsMapp;J;Goedgekeurd op basis van bewijsmateriaal;1980-01-01;3;12;3;Zoogdieren;Vespertilionidae;2026-07-08;387;S;algemeen
291118393;291118393;Gewone Dwergvleermuis;Pipistrellus pipistrellus;2023-10-19;10;2023-10-20;1;foeragerend;batdetector;onbekend;onbekend;180994.269687368;242566.34019207585;4.814986705780029;51.49183654785156;FT2606;Meerle - Elsakker;Hoogstraten;Meerle;Antwerpen;ObsMapp;J;Goedgekeurd op basis van bewijsmateriaal;1980-01-01;3;10;4;Zoogdieren;Vespertilionidae;2026-07-08;387;S;algemeen
291118394;291118394;Gewone Dwergvleermuis;Pipistrellus pipistrellus;2023-10-19;10;2023-10-20;1;foeragerend;batdetector;onbekend;onbekend;180992.842249902;242610.8999434216;4.814970016479492;51.49223709106445;FT2506;Meerle - Elsakker;Hoogstraten;Meerle;Antwerpen;ObsMapp;J;Goedgekeurd op basis van bewijsmateriaal;1980-01-01;3;9;4;Zoogdieren;Vespertilionidae;2026-07-08;387;S;algemeen
291118395;291118395;Gewone Dwergvleermuis;Pipistrellus pipistrellus;2023-10-19;10;2023-10-20;1;foeragerend;batdetector;onbekend;onbekend;180992.65064099376;242631.697216142;4.81496906;51.49242401;FT2506;Meerle - Elsakker;Hoogstraten;Meerle;Antwerpen;ObsMapp;J;Goedgekeurd op basis van bewijsmateriaal;1980-01-01;3;geen idee v opname 8;3;Zoogdieren;Vespertilionidae;2026-07-08;387;S;algemeen
291118398;291118398;Gewone Dwergvleermuis;Pipistrellus pipistrellus;2023-10-19;10;2023-10-20;1;foeragerend;batdetector;onbekend;onbekend;180993.1326244528;242634.24708210584;4.81497622;51.4924469;FT2506;Meerle - Elsakker;Hoogstraten;Meerle;Antwerpen;ObsMapp;J;Goedgekeurd op basis van bewijsmateriaal;1980-01-01;3;8;3;Zoogdieren;Vespertilionidae;2026-07-08;387;S;algemeen
291136405;291136405;Gewone Dwergvleermuis;Pipistrellus pipistrellus;2023-10-19;10;2023-10-20;1;sociaal gedrag;batdetector;onbekend;onbekend;180988.58078359987;242660.9355609845;4.814912999999933;51.492687;FT2506;Meerle - Elsakker;Hoogstraten;Meerle;Antwerpen;copied observation;J;Goedgekeurd op basis van expertoordeel;1980-01-01;3;Opgenomen tesamen met Ppip.;3;Zoogdieren;Vespertilionidae;2026-07-08;387;S;algemeen
291152650;291152650;Gewone Dwergvleermuis;Pipistrellus pipistrellus;2023-10-21;10;2023-10-21;1;foeragerend;batdetector;onbekend;onbekend;156746.52314117865;211532.0262779547;4.46530724;51.21370316;FS0274;Deurne - Rivierenhof (Groendomein provincie Antwerpen - regio Antw.);Antwerpen;Deurne;Antwerpen;ObsMapp;J;Goedgekeurd op basis van bewijsmateriaal;1980-01-01;3;6;3;Zoogdieren;Vespertilionidae;2026-07-08;387;S;algemeen
291152654;291152654;Gewone Dwergvleermuis;Pipistrellus pipistrellus;2023-10-21;10;2023-10-21;1;foeragerend;batdetector;onbekend;onbekend;157202.2006709792;211603.09372171573;4.47182989;51.2143364;FS0274;Deurne - Rivierenhof (Groendomein provincie Antwerpen - regio Antw.);Antwerpen;Deurne;Antwerpen;ObsMapp;J;Goedgekeurd op basis van bewijsmateriaal;1980-01-01;3;4 vermoedelijk boven Schijn;5;Zoogdieren;Vespertilionidae;2026-07-08;387;S;algemeen
291152655;291152655;Gewone Dwergvleermuis;Pipistrellus pipistrellus;2023-10-20;10;2023-10-21;1;foeragerend;batdetector;onbekend;onbekend;157328.84101489055;211934.72951760425;4.47364902;51.21731567;FS0275;Deurne - Rivierenhof (Groendomein provincie Antwerpen - regio Antw.);Antwerpen;Deurne;Antwerpen;ObsMapp;J;Goedgekeurd op basis van kennisregels - nabijheid;1980-01-01;3;3;9;Zoogdieren;Vespertilionidae;2026-07-08;387;S;algemeen
291152656;291152656;Gewone Dwergvleermuis;Pipistrellus pipistrellus;2023-10-20;10;2023-10-21;1;foeragerend;batdetector;onbekend;onbekend;157257.71968800313;211974.9475584235;4.47263193;51.21767807;FS0275;Deurne - Rivierenhof (Groendomein provincie Antwerpen - regio Antw.);Antwerpen;Deurne;Antwerpen;ObsMapp;J;Goedgekeurd op basis van bewijsmateriaal;1980-01-01;3;2;3;Zoogdieren;Vespertilionidae;2026-07-08;387;S;algemeen
291233634;291233634;Gewone Dwergvleermuis;Pipistrellus pipistrellus;2023-10-22;10;2023-10-22;2;foeragerend;batdetector;onbekend;onbekend;156729.68801942086;211589.72195129003;4.46506739;51.21422195;FS0274;Deurne - Rivierenhof (Groendomein provincie Antwerpen - regio Antw.);Antwerpen;Deurne;Antwerpen;ObsMapp;J;Goedgekeurd op basis van bewijsmateriaal;1980-01-01;3;9 -11;3;Zoogdieren;Vespertilionidae;2026-07-08;387;S;algemeen
291233635;291233635;Gewone Dwergvleermuis;Pipistrellus pipistrellus;2023-10-22;10;2023-10-22;1;foeragerend;batdetector;onbekend;onbekend;156902.8197655996;212132.33809765708;4.46755552;51.21909714;FS0275;Deurne - Rivierenhof (Groendomein provincie Antwerpen - regio Antw.);Antwerpen;Deurne;Antwerpen;ObsMapp;J;Goedgekeurd op basis van kennisregels - nabijheid;1980-01-01;3;9 ver;17;Zoogdieren;Vespertilionidae;2026-07-08;387;S;algemeen
291233636;291233636;Gewone Dwergvleermuis;Pipistrellus pipistrellus;2023-10-22;10;2023-10-22;1;foeragerend;batdetector;onbekend;onbekend;156997.57419346756;212153.26162682756;4.46891212;51.21928406;FS0275;Deurne - Rivierenhof (Groendomein provincie Antwerpen - regio Antw.);Antwerpen;Deurne;Antwerpen;ObsMapp;J;Goedgekeurd op basis van bewijsmateriaal;1980-01-01;3;7 8;8;Zoogdieren;Vespertilionidae;2026-07-08;387;S;algemeen
291233637;291233637;Gewone Dwergvleermuis;Pipistrellus pipistrellus;2023-10-22;10;2023-10-22;1;foeragerend;batdetector;onbekend;onbekend;157046.41288865538;212130.40971427783;4.46961069;51.21907806;FS0275;Deurne - Rivierenhof (Groendomein provincie Antwerpen - regio Antw.);Antwerpen;Deurne;Antwerpen;ObsMapp;J;Goedgekeurd op basis van kennisregels - nabijheid;1980-01-01;3;6;8;Zoogdieren;Vespertilionidae;2026-07-08;387;S;algemeen
291233638;291233638;Gewone Dwergvleermuis;Pipistrellus pipistrellus;2023-10-22;10;2023-10-22;1;sociaal gedrag;batdetector;onbekend;onbekend;157103.88872650865;212077.4390626932;4.47043228;51.21860123;FS0275;Deurne - Rivierenhof (Groendomein provincie Antwerpen - regio Antw.);Antwerpen;Deurne;Antwerpen;ObsMapp;J;Goedgekeurd op basis van bewijsmateriaal;1980-01-01;3;Eerste vijf opnames_ stationair gedrag?;9;Zoogdieren;Vespertilionidae;2026-07-08;387;S;algemeen
396247335;396247335;Gewone Dwergvleermuis;Pipistrellus pipistrellus;2026-05-03;5;2026-05-04;3;in kolonie op gebouw;onbekend;onbekend;onbekend;166593.63972226862;212194.2657321291;4.606259822845459;51.21945571899414;FS1275;Oelegem - Vrieselhof (Groendomein provincie Antwerpen - regio Antw.);Ranst;Oelegem;Antwerpen;ObsMapp;J;Goedgekeurd op basis van expertoordeel;1980-01-01;3;Nog net op tijd om enkele dieren terug te zien keren. Vliegen binnen via kleine openingen in de spouw.;3;Zoogdieren;Vespertilionidae;2026-07-08;387;S;algemeen
293612429;293612429;Gewone Dwergvleermuis;Pipistrellus pipistrellus;2023-11-20;11;2023-11-21;1;foeragerend;batdetector;onbekend;onbekend;157019.3747332572;212046.76605529152;4.46922207;51.21832657;FS0275;Deurne - Rivierenhof (Groendomein provincie Antwerpen - regio Antw.);Antwerpen;Deurne;Antwerpen;ObsMapp;J;Goedgekeurd op basis van bewijsmateriaal;1980-01-01;3;19 & 20;8;Zoogdieren;Vespertilionidae;2026-07-08;387;S;algemeen
293612431;293612431;Gewone Dwergvleermuis;Pipistrellus pipistrellus;2023-11-20;11;2023-11-21;1;foeragerend;batdetector;onbekend;onbekend;156933.1217178183;211896.41106786672;4.46798468;51.21697617;FS0274;Deurne - Rivierenhof (Groendomein provincie Antwerpen - regio Antw.);Antwerpen;Deurne;Antwerpen;ObsMapp;J;Goedgekeurd op basis van bewijsmateriaal;1980-01-01;3;18;3;Zoogdieren;Vespertilionidae;2026-07-08;387;S;algemeen
293612432;293612432;Gewone Dwergvleermuis;Pipistrellus pipistrellus;2023-11-20;11;2023-11-21;1;foeragerend;batdetector;onbekend;onbekend;157152.79019368524;212106.36615812872;4.47113276;51.21886063;FS0275;Deurne - Rivierenhof (Groendomein provincie Antwerpen - regio Antw.);Antwerpen;Deurne;Antwerpen;ObsMapp;J;Goedgekeurd op basis van bewijsmateriaal;1980-01-01;3;17;9;Zoogdieren;Vespertilionidae;2026-07-08;387;S;algemeen
293612433;293612433;Gewone Dwergvleermuis;Pipistrellus pipistrellus;2023-11-20;11;2023-11-21;3;sociaal gedrag;batdetector;onbekend;onbekend;157109.4829690674;212079.56840312292;4.47051239;51.2186203;FS0275;Deurne - Rivierenhof (Groendomein provincie Antwerpen - regio Antw.);Antwerpen;Deurne;Antwerpen;ObsMapp;J;Goedgekeurd op basis van bewijsmateriaal;1980-01-01;3;8 tem 16_ Verschillende opnames met meerdere Ppip en minstens één Pnat_ zie ook: https://old.waarnemingen.be/waarneming/view/293863337;4;Zoogdieren;Vespertilionidae;2026-07-08;387;S;algemeen
293612435;293612435;Gewone Dwergvleermuis;Pipistrellus pipistrellus;2023-11-20;11;2023-11-21;1;foeragerend;batdetector;onbekend;onbekend;157103.28282011708;212082.10647270363;4.4704237;51.21864319;FS0275;Deurne - Rivierenhof (Groendomein provincie Antwerpen - regio Antw.);Antwerpen;Deurne;Antwerpen;ObsMapp;J;Goedgekeurd op basis van bewijsmateriaal;1980-01-01;3;7;6;Zoogdieren;Vespertilionidae;2026-07-08;387;S;algemeen
293612436;293612436;Gewone Dwergvleermuis;Pipistrellus pipistrellus;2023-11-20;11;2023-11-21;1;foeragerend;batdetector;onbekend;onbekend;157034.0740035352;212114.69037373923;4.46943378;51.21893692;FS0275;Deurne - Rivierenhof (Groendomein provincie Antwerpen - regio Antw.);Antwerpen;Deurne;Antwerpen;ObsMapp;J;Goedgekeurd op basis van bewijsmateriaal;1980-01-01;3;5 en 6_ Eén of meerdere dieren?;8;Zoogdieren;Vespertilionidae;2026-07-08;387;S;algemeen
293612438;293612438;Gewone Dwergvleermuis;Pipistrellus pipistrellus;2023-11-20;11;2023-11-21;1;foeragerend;batdetector;onbekend;onbekend;157034.9562626311;212054.4260460725;4.46944523;51.21839523;FS0275;Deurne - Rivierenhof (Groendomein provincie Antwerpen - regio Antw.);Antwerpen;Deurne;Antwerpen;ObsMapp;J;Goedgekeurd op basis van bewijsmateriaal;1980-01-01;3;3;8;Zoogdieren;Vespertilionidae;2026-07-08;387;S;algemeen
293612440;293612440;Gewone Dwergvleermuis;Pipistrellus pipistrellus;2023-11-20;11;2023-11-21;1;foeragerend;batdetector;onbekend;onbekend;157126.84670645787;212026.96647367533;4.470759868621826;51.21814727783203;FS0275;Deurne - Rivierenhof (Groendomein provincie Antwerpen - regio Antw.);Antwerpen;Deurne;Antwerpen;ObsMapp;J;Goedgekeurd op basis van bewijsmateriaal;1980-01-01;3;1;7;Zoogdieren;Vespertilionidae;2026-07-08;387;S;algemeen
294339495;294339495;Gewone Dwergvleermuis;Pipistrellus pipistrellus;2023-12-08;12;2023-12-08;1;foeragerend;batdetector;onbekend;onbekend;157250.18889771547;212083.3712910088;4.47252633;51.21865272;FS0275;Deurne - Rivierenhof (Groendomein provincie Antwerpen - regio Antw.);Antwerpen;Deurne;Antwerpen;Site;J;Goedgekeurd op basis van expertoordeel;1980-01-01;3;Rondjes vliegend achter het wachtersgebouw;10;Zoogdieren;Vespertilionidae;2026-07-08;387;S;algemeen
383171062;383171062;Gewone Dwergvleermuis;Pipistrellus pipistrellus;2025-12-29;12;2025-12-30;15;winterslaap;nestkast;onbekend;onbekend;181707.90424482775;232789.61279643237;4.824395656585693;51.4039306640625;FS2696;Wortel-Kolonie - Zone Noordoost - Bezoekerscentrum De Klapekster;Hoogstraten;Wortel;Antwerpen;ObsMapp;J;Goedgekeurd op basis van bewijsmateriaal;1980-01-01;3;;3;Zoogdieren;Vespertilionidae;2026-07-08;387;S;algemeen
383171064;383171064;Gewone Dwergvleermuis;Pipistrellus pipistrellus;2025-12-29;12;2025-12-30;1;winterslaap;nestkast;onbekend;onbekend;182109.4639766364;233141.83805923536;4.830197334289551;51.407073974609375;FS2796;Wortel-Kolonie - Zone Noordoost;Hoogstraten;Wortel;Antwerpen;ObsMapp;J;Goedgekeurd op basis van bewijsmateriaal;1980-01-01;3;k80;3;Zoogdieren;Vespertilionidae;2026-07-08;387;S;algemeen
383171066;383171066;Gewone Dwergvleermuis;Pipistrellus pipistrellus;2025-12-29;12;2025-12-30;1;winterslaap;nestkast;onbekend;onbekend;182307.61389213675;233255.12843380496;4.833055019378662;51.4080810546875;FS2796;Wortel-Kolonie - Zone Noordoost;Hoogstraten;Wortel;Antwerpen;ObsMapp;J;Goedgekeurd op basis van kennisregels - nabijheid;1980-01-01;3;k4;3;Zoogdieren;Vespertilionidae;2026-07-08;387;S;algemeen
294709307;294709307;Gewone Dwergvleermuis;Pipistrellus pipistrellus;2023-12-14;12;2023-12-17;1;foeragerend;batdetector;onbekend;onbekend;157137.34234527976;212122.47163034137;4.470911979675293;51.2190055847168;FS0275;Deurne - Rivierenhof (Groendomein provincie Antwerpen - regio Antw.);Antwerpen;Deurne;Antwerpen;ObsMapp;J;Goedgekeurd op basis van kennisregels - nabijheid;1980-01-01;3;3;10;Zoogdieren;Vespertilionidae;2026-07-08;387;S;algemeen
294709312;294709312;Gewone Dwergvleermuis;Pipistrellus pipistrellus;2023-12-14;12;2023-12-17;1;foeragerend;batdetector;onbekend;onbekend;157237.72131927454;212052.16074289757;4.472347259521484;51.2183723449707;FS0275;Deurne - Rivierenhof (Groendomein provincie Antwerpen - regio Antw.);Antwerpen;Deurne;Antwerpen;ObsMapp;J;Goedgekeurd op basis van bewijsmateriaal;1980-01-01;3;1;3;Zoogdieren;Vespertilionidae;2026-07-08;387;S;algemeen
384348759;384348759;Gewone Dwergvleermuis;Pipistrellus pipistrellus;2026-01-15;1;2026-01-18;149;winterslaap;onbekend;onbekend;onbekend;202055.05073553347;227236.0509793628;5.115959999999973;51.352535;FS4791;Arendonk - Hoge Vijvers;Arendonk;Arendonk;Antwerpen;Site;J;Goedgekeurd op basis van bewijsmateriaal;1980-01-01;3;Telling Duits kamp - Volledige data bij Anneke in de meetnetten.;30;Zoogdieren;Vespertilionidae;2026-07-08;387;S;algemeen
295261663;295261663;Gewone Dwergvleermuis;Pipistrellus pipistrellus;2023-12-27;12;2023-12-29;1;winterslaap;onbekend;onbekend;onbekend;202068.612350766;227198.4260310512;5.11614921;51.35219562;FS4791;Arendonk - Hoge Vijvers;Arendonk;Arendonk;Antwerpen;copied observation;J;Goedgekeurd op basis van bewijsmateriaal;1980-01-01;3;Wintertelling samen met Ann Lenaerts;10;Zoogdieren;Vespertilionidae;2026-07-08;387;S;algemeen
330762837;330762837;Gewone Dwergvleermuis;Pipistrellus pipistrellus;2024-10-13;10;2024-10-13;2;ter plaatse;onbekend;onbekend;onbekend;157691.23961900294;211347.03634972777;4.478823184967041;51.21202850341797;FS0374;Deurne - Rivierenhof (Groendomein provincie Antwerpen - regio Antw.);Antwerpen;Deurne;Antwerpen;ObsMapp;J;Goedgekeurd op basis van bewijsmateriaal;1980-01-01;3;Achter luik aan zijkant Schranshoeve;3;Zoogdieren;Vespertilionidae;2026-07-08;387;S;algemeen
298324396;298324396;Gewone Dwergvleermuis;Pipistrellus pipistrellus;2024-02-05;2;2024-02-05;1;winterslaap;onbekend;onbekend;onbekend;152569.35424876222;206217.75775756687;4.40548915;51.16596993;ES9869;Wilrijk - Fort 6;Antwerpen;Wilrijk;Antwerpen;Site;J;Goedgekeurd op basis van bewijsmateriaal;1980-01-01;3;;100;Zoogdieren;Vespertilionidae;2026-07-08;387;S;algemeen
331809983;331809983;Gewone Dwergvleermuis;Pipistrellus pipistrellus;2024-10-23;10;2024-10-23;2;winterslaap;onbekend;onbekend;onbekend;152570.5640951691;206227.12777696643;4.405506514012814;51.16605414766045;ES9869;Wilrijk - Fort 6;Antwerpen;Wilrijk;Antwerpen;ObsMapp;J;Goedgekeurd op basis van bewijsmateriaal;1980-01-01;3;;5;Zoogdieren;Vespertilionidae;2026-07-08;387;S;algemeen
300195136;300195136;Gewone Dwergvleermuis;Pipistrellus pipistrellus;2024-03-03;3;2024-03-04;1;ter plaatse;onbekend;onbekend;onbekend;200726.78249247384;228115.90657611657;5.097019195556641;51.36056137084961;FS4592;Arendonk - Kruisberg;Arendonk;Arendonk;Antwerpen;ObsMapp;J;Goedgekeurd op basis van bewijsmateriaal;1980-01-01;3;In zaagsnede;6;Zoogdieren;Vespertilionidae;2026-07-08;387;S;algemeen
300195142;300195142;Gewone Dwergvleermuis;Pipistrellus pipistrellus;2024-03-03;3;2024-03-04;1;ter plaatse;onbekend;onbekend;onbekend;200549.4322893424;228761.87640595905;5.094563961029053;51.36638259887695;FS4592;Arendonk - Kruisberg;Arendonk;Arendonk;Antwerpen;ObsMapp;J;Goedgekeurd op basis van bewijsmateriaal;1980-01-01;3;In zaagsnede;3;Zoogdieren;Vespertilionidae;2026-07-08;387;S;algemeen
300571043;300571043;Gewone Dwergvleermuis;Pipistrellus pipistrellus;2024-03-09;3;2024-03-10;4;winterslaap;onbekend;onbekend;onbekend;207289.05618297867;220222.4737500865;5.189969;51.28900306;FS5284;Postel - Abdij;Mol;Mol;Antwerpen;Site;J;Goedgekeurd op basis van bewijsmateriaal;1980-01-01;3;Op zolder abdij_ samen met Alex;10;Zoogdieren;Vespertilionidae;2026-07-08;387;S;algemeen
302755730;302755730;Gewone Dwergvleermuis;Pipistrellus pipistrellus;2024-04-01;4;2024-04-01;1;ter plaatse;onbekend;onbekend;onbekend;171457.9090864744;214968.25684001297;4.6760454177856445;51.24422836303711;FS1678;Zoerselbos - bezoekerscentrum;Zoersel;Zoersel;Antwerpen;ObsMapp;J;Goedgekeurd op basis van bewijsmateriaal;1980-01-01;3;Achter luik;3;Zoogdieren;Vespertilionidae;2026-07-08;387;S;algemeen
303795022;303795022;Gewone Dwergvleermuis;Pipistrellus pipistrellus;2024-04-06;4;2024-04-07;1;foeragerend;batdetector;onbekend;onbekend;157072.22298239087;212088.85403135975;4.469979286193848;51.21870422363281;FS0275;Deurne - Rivierenhof (Groendomein provincie Antwerpen - regio Antw.);Antwerpen;Deurne;Antwerpen;ObsMapp;J;Goedgekeurd op basis van bewijsmateriaal;1980-01-01;3;5;3;Zoogdieren;Vespertilionidae;2026-07-08;387;S;algemeen
303919957;303919957;Gewone Dwergvleermuis;Pipistrellus pipistrellus;2024-04-06;4;2024-04-08;1;sociaal gedrag;batdetector;onbekend;onbekend;157212.32104757923;212035.7690400165;4.47198339;51.21822533;FS0275;Deurne - Rivierenhof (Groendomein provincie Antwerpen - regio Antw.);Antwerpen;Deurne;Antwerpen;copied observation;J;Goedgekeurd op basis van bewijsmateriaal;1980-01-01;3;;5;Zoogdieren;Vespertilionidae;2026-07-08;387;S;algemeen
198651662;198651662;Gewone Dwergvleermuis;Pipistrellus pipistrellus;2020-08-16;8;2020-08-17;25;sociaal gedrag;binnenshuis;onbekend;onbekend;157251.16155005814;212066.42746294104;4.47253991;51.21850041;FS0275;Deurne - Rivierenhof (Groendomein provincie Antwerpen - regio Antw.);Antwerpen;Deurne;Antwerpen;Site;J;Goedgekeurd op basis van bewijsmateriaal;1980-01-01;3;Verhaal: Ik werk als domeinwachter in het Rivierenhof te Deurne (BE) waar ik regelmatig een nachtshift draai. Afgelopen weekend vonden mijn collega en ikzelf een vleermuis in het Wachtersgebouw. Op zich niks opvallends_ dit maken we wel vaker mee. We zetten de deuren open_ deden de lichten uit en het Dwergje vond vanzelf zijn weg weer naar buiten. Ik vertrek op toezichtsronde en word rond 02:30h opgeroepen door dezelfde collega met als boodschap dat hij nog een zevental vleermuizen de deur had moeten wijzen. Dat is wel opvallend. Even later en een blik omhoog in de trappenhal van het gebouw zei genoeg_ de dieren komen van de bovenste verdieping. _Een andere collega had blijkbaar 's avonds besloten het gebouw te verluchten en had alle ramen van de desbetreffende verdieping (zo'n twaalf stuks) opengezet_ inclusief de dakkoepel die direct leidt naar de trappenhal. In totaal moeten er zo'n dertig vleermuizen hun weg naar binnen gevonden hebben_ in elke kamer zaten minstens drie dieren. Mijn collega en ik hebben er eerst voor gezorgd dat de dakkoepel gesloten werd en dat de dieren in de trappenhal in aparte kamers verzeild raakten. Daarna was het gewoon een kwestie van de deuren te sluiten en het licht uit te doen_ waarna de dieren vaak snel hun weg naar buiten weer vonden en we de ramen konden sluiten. De dieren in de grootste kamer leken echter niet zo veel zin te hebben om het pand te verlaten. Sterker nog_ na verschillende controles leek het aantal dieren toe te nemen._Wanneer ik rond 03:30h de kamer nog eens ga controleren_ geloof ik m'n ogen niet: een Laatvlieger moet moeilijke manoeuvres maken om het aanzienlijke aantal dwergjes in de kamer te ontwijken en gaat hierbij zo nu en dan eens aan een los stukje behang tegen de muur hangen. Tegelijkertijd vallen me nog twee(?) vleermuizen op_ dewelke iets groter en donkerder lijken dan de dwergjes met hun 'lichtere' buik. Deze twee(?) zijn ook erg vocaal_ goed 'te horen'. Eén (van de twee?) dier(en?) landt op een stoel en sukkelt wat later op de grond. Even wat foto's nemen en bekijken_ dat is geen dwerg! Nyctalus! Nog nooit van dichtbij gezien_ maar wel al gehoord op met behulp van een batdetector in het park. Uiteindelijk vliegen (bijna) alle vleermuizen vanzelf naar buiten. Eén Dwergje heeft een goede verstopplek gevonden achter wat oude buizen. Met behulp van een plastieken doos en een A4'tje wordt het dier tegen 05:30h op een vensterbank geplaatst. Een kwartiertje later is er ook van dit beestje geen spoor meer. Eind goed al goed!;10;Zoogdieren;Vespertilionidae;2026-07-08;387;S;algemeen
334457442;334457442;Gewone Dwergvleermuis;Pipistrellus pipistrellus;2024-11-28;11;2024-11-28;1;winterslaap;nestkast;onbekend;onbekend;150153.07803223617;206183.99079575203;4.370944976806641;51.16567230224609;ES9569;Antwerpen - Schoonselhof;Antwerpen;Wilrijk;Antwerpen;ObsMapp;J;Goedgekeurd op basis van bewijsmateriaal;1980-01-01;3;Schoonselhof 1;3;Zoogdieren;Vespertilionidae;2026-07-08;387;S;algemeen
184733721;184733721;Gewone Dwergvleermuis;Pipistrellus pipistrellus;2020-01-24;1;2020-01-24;1;winterslaap;onbekend;onbekend;onbekend;152602.11947820077;206234.7414581552;4.4059577;51.16612244;ES9869;Wilrijk - Fort 6;Antwerpen;Wilrijk;Antwerpen;ObsMapp;J;Goedgekeurd op basis van bewijsmateriaal;2007-01-01;3;;25;Zoogdieren;Vespertilionidae;2026-07-08;387;S;algemeen
184733727;184733727;Gewone Dwergvleermuis;Pipistrellus pipistrellus;2020-01-24;1;2020-01-24;1;winterslaap;onbekend;onbekend;onbekend;152602.11947820077;206234.7414581552;4.4059577;51.16612244;ES9869;Wilrijk - Fort 6;Antwerpen;Wilrijk;Antwerpen;ObsMapp;J;Goedgekeurd op basis van bewijsmateriaal;2007-01-01;3;;25;Zoogdieren;Vespertilionidae;2026-07-08;387;S;algemeen
337542371;337542371;Gewone Dwergvleermuis;Pipistrellus pipistrellus;2025-01-24;1;2025-01-24;1;winterslaap;onbekend;onbekend;onbekend;147323.8940837648;202391.444134458;4.330525398254395;51.13157653808594;ES9365;Hemiksem - Sint-Bernardusabdij;Hemiksem;Hemiksem;Antwerpen;ObsMapp;J;Goedgekeurd op basis van bewijsmateriaal;1980-01-01;3;;4;Zoogdieren;Vespertilionidae;2026-07-08;387;S;algemeen
338095698;338095698;Gewone Dwergvleermuis;Pipistrellus pipistrellus;2025-01-31;1;2025-02-02;1;winterslaap;onbekend;onbekend;onbekend;156121.85026092833;189968.9858936891;4.456002116203308;51.01988582636817;FS0253;Mechelen - Vrijbroekpark (Groendomein provincie Antwerpen - regio Mechelen);Mechelen;Mechelen;Antwerpen;Site;J;Goedgekeurd op basis van bewijsmateriaal;1980-01-01;3;;4;Zoogdieren;Vespertilionidae;2026-07-08;387;S;algemeen
338095980;338095980;Gewone Dwergvleermuis;Pipistrellus pipistrellus;2025-02-02;2;2025-02-02;1;winterslaap;onbekend;onbekend;onbekend;158842.54081712544;224341.89956952815;4.495618343353271;51.32881230044359;FS0487;Brasschaat - Fort;Brasschaat;Brasschaat;Antwerpen;Site;J;Goedgekeurd op basis van bewijsmateriaal;1980-01-01;3;;15;Zoogdieren;Vespertilionidae;2026-07-08;387;S;algemeen
341109655;341109655;Gewone Dwergvleermuis;Pipistrellus pipistrellus;2025-03-14;3;2025-03-14;2;ter plaatse;nestkast;onbekend;onbekend;150150.4759056916;206197.9956917269;4.370907783508301;51.16579818725586;ES9569;Antwerpen - Schoonselhof;Antwerpen;Wilrijk;Antwerpen;ObsMapp;J;Goedgekeurd op basis van bewijsmateriaal;1980-01-01;3;k1;3;Zoogdieren;Vespertilionidae;2026-07-08;387;S;algemeen
352924282;352924282;Gewone Dwergvleermuis;Pipistrellus pipistrellus;2025-05-28;5;2025-05-28;3;in kolonie op gebouw;onbekend;onbekend;onbekend;181878.3901141556;233302.1183515284;4.82689094543457;51.40852737426758;FS2796;Wortel-Kolonie - Bootjesven;Hoogstraten;Wortel;Antwerpen;ObsMapp;J;Goedgekeurd op basis van expertoordeel;1980-01-01;3;;3;Zoogdieren;Vespertilionidae;2026-07-08;387;S;algemeen
352679753;352679753;Gewone Dwergvleermuis;Pipistrellus pipistrellus;2025-05-21;5;2025-05-26;1;foeragerend;batdetector;onbekend;onbekend;142985.18546952758;214841.74411617685;4.268303999999944;51.24345;ES8877;Kallo - Steenland (STLA);Beveren;Melsele;Oost-Vlaanderen;Site;J;Goedgekeurd op basis van expertoordeel;1980-01-01;3;Batdetector SM4 die slechts een half uurtje gewerkt heeft in de avond van 21/05 vanwege een platte batterij. Enkel speciallekes gespecifieerd.;2;Zoogdieren;Vespertilionidae;2026-07-08;387;S;algemeen
187338678;187338678;Gewone Dwergvleermuis;Pipistrellus pipistrellus;2020-03-27;3;2020-03-27;1;foeragerend;onbekend;onbekend;onbekend;154765.09493723902;210295.22754771265;4.43693447113037;51.2026062011719;FS0073;Antwerpen - Landschap Groene bedding;Antwerpen;Berchem;Antwerpen;ObsMapp;J;Goedgekeurd op basis van bewijsmateriaal;2007-01-01;3;;25;Zoogdieren;Vespertilionidae;2026-07-08;387;S;algemeen
346136426;346136426;Gewone Dwergvleermuis;Pipistrellus pipistrellus;2025-04-21;4;2025-04-23;2;ter plaatse;onbekend;onbekend;onbekend;201803.74610557608;227258.1713060141;5.112356185913086;51.35275650024414;FS4791;Arendonk - Hoge Vijvers;Arendonk;Arendonk;Antwerpen;ObsMapp;J;Goedgekeurd op basis van expertoordeel;1980-01-01;3;In FHT's_ b2-27;3;Zoogdieren;Vespertilionidae;2026-07-08;387;S;algemeen
312482483;312482483;Gewone Dwergvleermuis;Pipistrellus pipistrellus;2024-05-31;5;2024-06-01;1;foeragerend;batdetector;onbekend;onbekend;150003.59094777677;205723.0958808316;4.368807792663574;51.161529541015625;ES9568;Antwerpen - Schoonselhof;Antwerpen;Wilrijk;Antwerpen;ObsMapp;J;Goedgekeurd op basis van bewijsmateriaal;1980-01-01;3;45 ver;3;Zoogdieren;Vespertilionidae;2026-07-08;387;S;algemeen
312568560;312568560;Gewone Dwergvleermuis;Pipistrellus pipistrellus;2024-05-31;5;2024-06-02;1;foeragerend;batdetector;onbekend;onbekend;150187.93934461885;206035.02968113497;4.37144327;51.16433334;ES9568;Antwerpen - Schoonselhof;Antwerpen;Wilrijk;Antwerpen;copied observation;J;Goedgekeurd op basis van bewijsmateriaal;1980-01-01;3;38 tem 40_ dieren boven vijver;3;Zoogdieren;Vespertilionidae;2026-07-08;387;S;algemeen
405134345;405134345;Gewone Dwergvleermuis;Pipistrellus pipistrellus;2025-10-21;10;2026-06-15;1;in kolonie op gebouw;batdetector;onbekend;onbekend;154995.6636483682;205478.9710697597;4.440166473388672;51.1593132019043;FS0068;Edegem - Hof ter Linden;Edegem;Edegem;Antwerpen;ObsMapp;J;Goedgekeurd op basis van expertoordeel;1980-01-01;3;Onder lood van muirlijst;1;Zoogdieren;Vespertilionidae;2026-07-08;387;S;algemeen
185897793;185897793;Gewone Dwergvleermuis;Pipistrellus pipistrellus;2020-02-04;2;2020-02-27;1;ter plaatse;batdetector;adult;onbekend;192873.5992878021;199300.07315642387;4.9808664;51.102203;FS3863;Geel - Zammelsbroek - Zammelsbroek Oosterlo;Geel;Geel;Antwerpen;Site;J;Goedgekeurd op basis van bewijsmateriaal;1980-01-01;3;;7;Zoogdieren;Vespertilionidae;2026-07-08;387;S;algemeen
258095924;258095924;Gewone Dwergvleermuis;Pipistrellus pipistrellus;2022-10-26;10;2022-10-26;1;ter plaatse;onbekend;onbekend;onbekend;207565.4191427184;182635.91755500995;5.187981094083967;50.95114135742188;FS5346;  ;Herk-de-Stad;Schulen;Limburg;ObsIdentify;J;Goedgekeurd op basis van expertoordeel;1980-01-01;3;;40;Zoogdieren;Vespertilionidae;2026-07-08;387;S;algemeen
192947337;192947337;Gewone Dwergvleermuis;Pipistrellus pipistrellus;2020-05-31;5;2020-06-01;1;foeragerend;gezien;onbekend;onbekend;149646.61951668176;226781.00248465035;4.36368703842163;51.3508033752441;ES9489;Grenspark Kalmthoutse Heide - Kraaienberg;Stabroek;Stabroek;Antwerpen;ObsMapp;J;Goedgekeurd op basis van expertoordeel;2007-01-01;4;;25;Zoogdieren;Vespertilionidae;2026-07-08;387;S;algemeen
192947336;192947336;Gewone Dwergvleermuis;Pipistrellus pipistrellus;2020-05-31;5;2020-06-01;1;overvliegend;gezien;onbekend;onbekend;149554.00983386405;226934.65087055412;4.36235761642456;51.3521842956543;ES9489;Grenspark Kalmthoutse Heide - Kraaienberg;Stabroek;Stabroek;Antwerpen;ObsMapp;J;Goedgekeurd op basis van expertoordeel;2007-01-01;4;;25;Zoogdieren;Vespertilionidae;2026-07-08;387;S;algemeen
192947334;192947334;Gewone Dwergvleermuis;Pipistrellus pipistrellus;2020-05-31;5;2020-06-01;1;foeragerend;gezien;onbekend;onbekend;149598.3672958184;227075.38942006696;4.36299417167902;51.3534492686841;ES9490;Grenspark Kalmthoutse Heide - Kraaienberg;Stabroek;Stabroek;Antwerpen;ObsMapp;J;Goedgekeurd op basis van expertoordeel;2007-01-01;4;;25;Zoogdieren;Vespertilionidae;2026-07-08;387;S;algemeen
192947333;192947333;Gewone Dwergvleermuis;Pipistrellus pipistrellus;2020-05-31;5;2020-06-01;1;overvliegend;gezien;onbekend;onbekend;149318.93814396145;226907.086658326;4.35898351669312;51.351936340332;ES9489;Grenspark Kalmthoutse Heide - Kraaienberg;Antwerpen;Berendrecht-Zandvliet-Lillo;Antwerpen;ObsMapp;J;Goedgekeurd op basis van expertoordeel;2007-01-01;4;;25;Zoogdieren;Vespertilionidae;2026-07-08;387;S;algemeen
358273722;358273722;Gewone Dwergvleermuis;Pipistrellus pipistrellus;2025-06-22;6;2025-06-22;1;ter plaatse;onbekend;onbekend;onbekend;169144.99326162372;203426.1513091065;4.642313199999999;51.14056459972223;FS1466;Nijlen - Bogaertsheide;Nijlen;Kessel;Antwerpen;ObsIdentify;J;Goedgekeurd op basis van bewijsmateriaal;1980-01-01;3;;999;Zoogdieren;Vespertilionidae;2026-07-08;387;S;algemeen
227051892;227051892;Gewone Dwergvleermuis;Pipistrellus pipistrellus;2021-09-13;9;2021-10-05;1;slachtoffer verkeer;gezien;adult;onbekend;193626.77835513107;189249.9853578797;4.99041652679443;51.0118103027344;FS3953;Averbode - Vierkensbroek;Scherpenheuvel-Zichem;Zichem;Vlaams-Brabant;ObsMapp;J;Goedgekeurd op basis van bewijsmateriaal;2007-01-01;3;;4;Zoogdieren;Vespertilionidae;2026-07-08;387;S;algemeen
246050768;246050768;Gewone Dwergvleermuis;Pipistrellus pipistrellus;2022-06-19;6;2022-06-19;1;ter plaatse;onbekend;onbekend;onbekend;240530.99871836777;208316.05984008496;5.663419753986826;51.177734708129016;FS8672;Bree - De Luysen-Mariahof;Bree;Beek;Limburg;ObsIdentify;J;Goedgekeurd op basis van bewijsmateriaal;1980-01-01;3;;26;Zoogdieren;Vespertilionidae;2026-07-08;387;S;algemeen
327295963;327295963;Gewone Dwergvleermuis;Pipistrellus pipistrellus;2024-09-07;9;2024-09-07;1;ter plaatse;onbekend;onbekend;onbekend;163110.44805574568;230977.83559457865;4.557089966856097;51.38837338016966;FS0894;  ;Wuustwezel;Wuustwezel;Antwerpen;Site;J;Goedgekeurd op basis van bewijsmateriaal;1980-01-01;4;;110;Zoogdieren;Vespertilionidae;2026-07-08;387;S;algemeen
235928317;235928317;Gewone Dwergvleermuis;Pipistrellus pipistrellus;2022-03-23;3;2022-03-23;1;ter plaatse;onbekend;onbekend;onbekend;159133.0865254712;205776.59449796192;4.4993159;51.1619375;FS0468;  ;Boechout;Boechout;Antwerpen;ObsIdentify;J;Goedgekeurd op basis van bewijsmateriaal;1980-01-01;3;;116;Zoogdieren;Vespertilionidae;2026-07-08;387;S;algemeen
370734953;370734953;Gewone Dwergvleermuis;Pipistrellus pipistrellus;2025-08-28;8;2025-08-28;1;ter plaatse;onbekend;onbekend;onbekend;177330.29059052636;209762.81502110697;4.759746193890236;51.19719166779071;FS2273;  ;Grobbendonk;Grobbendonk;Antwerpen;ObsIdentify;J;Goedgekeurd op basis van bewijsmateriaal;1980-01-01;4;;4;Zoogdieren;Vespertilionidae;2026-07-08;387;S;algemeen
247379718;247379718;Gewone Dwergvleermuis;Pipistrellus pipistrellus;2022-06-23;6;2022-06-30;1;dood;onbekend;subadult;onbekend;195850.06619382536;182983.0310369581;5.02131018787622;50.9553061474467;FS4146;  ;Bekkevoort;Assent;Vlaams-Brabant;ObsMapp;J;Goedgekeurd op basis van bewijsmateriaal;2007-01-01;3;voor voordeur buren. twee vleermuizen binnenshuis laatste dagen. ingezameld na dag te zijn begraven.;999;Zoogdieren;Vespertilionidae;2026-07-08;387;S;algemeen
257963500;257963500;Gewone Dwergvleermuis;Pipistrellus pipistrellus;2022-10-24;10;2022-10-24;1;slachtoffer verkeer;verzameld;adult;onbekend;182276.7495751451;181057.33464637303;4.82796549797058;50.9389106008779;FS2844;Nieuwrode - Kasteel van Horst;Holsbeek;Nieuwrode;Vlaams-Brabant;ObsMapp;J;Goedgekeurd op basis van bewijsmateriaal;2007-01-01;3;gevonden op fietspad. ;5;Zoogdieren;Vespertilionidae;2026-07-08;387;S;algemeen
289656413;289656413;Gewone Dwergvleermuis;Pipistrellus pipistrellus;2023-10-04;10;2023-10-04;1;dood;onbekend;onbekend;onbekend;204147.1595430772;203314.61286678817;5.142407417297363;51.1373405456543;FS4967;Meerhout - Gestel/Schepenenbroek;Balen;Olmen;Antwerpen;ObsMapp;J;Goedgekeurd op basis van bewijsmateriaal;1980-01-01;3;;4;Zoogdieren;Vespertilionidae;2026-07-08;387;S;algemeen
276127016;276127016;Gewone Dwergvleermuis;Pipistrellus pipistrellus;2023-06-13;6;2023-06-13;3;ter plaatse;batdetector;onbekend;onbekend;204189.77271913385;203292.96781453025;5.143012999999996;51.137142;FS4967;Kanaal Dessel-Kwaadmechelen (Bukenberg - Gompel);Balen;Olmen;Antwerpen;ObsMapp;J;Goedgekeurd op basis van bewijsmateriaal;1980-01-01;3;;10;Zoogdieren;Vespertilionidae;2026-07-08;387;S;algemeen
383209000;383209000;Gewone Dwergvleermuis;Pipistrellus pipistrellus;2025-08-24;8;2025-12-30;2;in kolonie op gebouw;gezien;adult;onbekend;197539.61647992476;213899.614319996;5.049392580986023;51.23306155126802;FS4377;Retie - Prinsenpark (Groendomein provincie Antwerpen - regio Kempen);Retie;Retie;Antwerpen;Site;J;Goedgekeurd op basis van bewijsmateriaal;1980-01-01;3;Twee dieren zaten aan de oostzijde van een gebouw achter een bordje met opschrift. Aan de westzijde van het gebouw zat een identiek bordje met daaronder ook uitwerpselen van vleermuizen. Aan de noordzijde zit een groot naambord met daaronder verspreidt veel uitwerpselen.;4;Zoogdieren;Vespertilionidae;2026-07-08;387;S;algemeen
309890120;309890120;Gewone Dwergvleermuis;Pipistrellus pipistrellus;2024-05-16;5;2024-05-16;1;ter plaatse;vangst;adult;onbekend;153616.5437126167;201918.9577386621;4.420416913926601;51.127323871504935;ES9964;  ;Kontich;Kontich;Antwerpen;ObsMapp;J;Goedgekeurd op basis van bewijsmateriaal;1980-01-01;3;;5;Zoogdieren;Vespertilionidae;2026-07-08;387;S;algemeen
337698388;337698388;Gewone Dwergvleermuis;Pipistrellus pipistrellus;2025-01-25;1;2025-01-26;4;winterslaap;onbekend;onbekend;onbekend;150592.67751211923;206002.38268121425;4.377229325473309;51.16403958331738;ES9668;Wilrijk - Fort 7;Antwerpen;Wilrijk;Antwerpen;ObsMapp;J;Goedgekeurd op basis van expertoordeel;1980-01-01;3;;5;Zoogdieren;Vespertilionidae;2026-07-08;387;S;algemeen
226178250;226178250;Gewone Dwergvleermuis;Pipistrellus pipistrellus;2021-09-23;9;2021-09-23;1;slachtoffer windmolen;onbekend;onbekend;onbekend;145519.47107323655;228891.24904774505;4.304423;51.369753;ES9091;Zandvliet - Kabeljauwpolder;Antwerpen;Berendrecht-Zandvliet-Lillo;Antwerpen;ObsMapp;J;Goedgekeurd op basis van bewijsmateriaal;2007-01-01;3;Toevalstreffer: lag op 110m van de mast!;999;Zoogdieren;Vespertilionidae;2026-07-08;387;S;algemeen
322964476;322964476;Gewone Dwergvleermuis;Pipistrellus pipistrellus;2024-08-05;8;2024-08-05;1;ter plaatse;vangst;onbekend;onbekend;153600.715400913;201937.65102691483;4.420190999999932;51.127492;ES9964;  ;Kontich;Kontich;Antwerpen;ObsMapp;J;Goedgekeurd op basis van bewijsmateriaal;1980-01-01;3;;5;Zoogdieren;Vespertilionidae;2026-07-08;387;S;algemeen
298280424;298280424;Gewone Dwergvleermuis;Pipistrellus pipistrellus;2024-02-04;2;2024-02-04;1;winterslaap;onbekend;onbekend;onbekend;154537.2151569083;206368.0792025784;4.433624446392059;51.16730884333048;FS0069;Edegem - Fort 5;Edegem;Edegem;Antwerpen;ObsMapp;J;Goedgekeurd op basis van bewijsmateriaal;1980-01-01;3;;50;Zoogdieren;Vespertilionidae;2026-07-08;387;S;algemeen
314250952;314250952;Gewone Dwergvleermuis;Pipistrellus pipistrellus;2024-06-12;6;2024-06-13;1;ter plaatse;vangst;onbekend;Man;148280.2899947112;225666.4499072805;4.344080910086632;51.34078350980448;ES9388;Berendrecht - Opstalvallei - Opstalvallei 1C;Stabroek;Stabroek;Antwerpen;ObsMapp;J;Goedgekeurd op basis van bewijsmateriaal;1980-01-01;3;;5;Zoogdieren;Vespertilionidae;2026-07-08;387;S;algemeen
382964877;382964877;Gewone Dwergvleermuis;Pipistrellus pipistrellus;2025-07-27;7;2025-12-27;2;slachtoffer verkeer;onbekend;onbekend;onbekend;158389.38268890887;199737.78537702747;4.488544463674771;51.10766797582971;FS0462;  ;Duffel;Duffel;Antwerpen;Site;J;Goedgekeurd op basis van bewijsmateriaal;1980-01-01;3;lagen samen op de fietsostrade naast de spoorweg;7;Zoogdieren;Vespertilionidae;2026-07-08;387;S;algemeen
238033942;238033942;Gewone Dwergvleermuis;Pipistrellus pipistrellus;2022-04-17;4;2022-04-17;1;ter plaatse;onbekend;onbekend;onbekend;214716.424534603;185221.71568229515;5.2901959;50.97363;FS6049;Kuringen - Kolberg - Rode Vijvers;Hasselt;Stokrooie;Limburg;Site;J;Goedgekeurd op basis van bewijsmateriaal;1980-01-01;4;;15;Zoogdieren;Vespertilionidae;2026-07-08;387;S;algemeen
356108669;356108669;Gewone Dwergvleermuis;Pipistrellus pipistrellus;2025-06-13;6;2025-06-13;1;ter plaatse;onbekend;onbekend;onbekend;163515.93599707095;212391.4188860832;4.562216666666666;51.22130833333333;FS0975;Schilde/Malle - Schijnvallei;Wommelgem;Wommelgem;Antwerpen;ObsIdentify;J;Goedgekeurd op basis van bewijsmateriaal;1980-01-01;3;;14;Zoogdieren;Vespertilionidae;2026-07-08;387;S;algemeen
374522751;374522751;Gewone Dwergvleermuis;Pipistrellus pipistrellus;2025-09-29;9;2025-09-29;1;ter plaatse;onbekend;onbekend;onbekend;150568.63284885624;207499.5337509578;4.376888124582893;51.17749684456014;ES9670;  ;Antwerpen;Wilrijk;Antwerpen;ObsIdentify;J;Goedgekeurd op basis van bewijsmateriaal;1980-01-01;3;;7;Zoogdieren;Vespertilionidae;2026-07-08;387;S;algemeen
369761767;369761767;Gewone Dwergvleermuis;Pipistrellus pipistrellus;2025-08-22;8;2025-08-22;1;ter plaatse;onbekend;onbekend;onbekend;195282.1172682272;176485.04541581403;5.012424799722222;50.8969406;FS4140;Miskom - Ledesevroente Miskomdorp;Kortenaken;Kersbeek-Miskom;Vlaams-Brabant;ObsIdentify;J;Goedgekeurd op basis van bewijsmateriaal;1980-01-01;3;;999;Zoogdieren;Vespertilionidae;2026-07-08;387;S;algemeen
353812179;353812179;Gewone Dwergvleermuis;Pipistrellus pipistrellus;2025-06-01;6;2025-06-01;1;ter plaatse;onbekend;onbekend;onbekend;165207.110581172;215213.97467235665;4.586541899999999;51.2466361;FS1078;  ;Schilde;Schilde;Antwerpen;ObsMapp;J;Goedgekeurd op basis van bewijsmateriaal;1980-01-01;3;;999;Zoogdieren;Vespertilionidae;2026-07-08;387;S;algemeen
319179234;319179234;Gewone Dwergvleermuis;Pipistrellus pipistrellus;2024-05-10;5;2024-07-16;1;foeragerend;gezien en gehoord;onbekend;onbekend;165568.099863436;215761.7990942085;4.591735303401947;51.25155042216272;FS1179;  ;Schilde;Schilde;Antwerpen;Site;J;Goedgekeurd op basis van expertoordeel;1980-01-01;3;;4;Zoogdieren;Vespertilionidae;2026-07-08;387;S;algemeen
196441934;196441934;Gewone Dwergvleermuis;Pipistrellus pipistrellus;2020-06-17;6;2020-07-18;1;dood;gezien;onbekend;onbekend;158009.58535740268;201327.9895758843;4.48315668106079;51.1219673156738;FS0364;  ;Kontich;Kontich;Antwerpen;ObsMapp;J;Goedgekeurd op basis van bewijsmateriaal;2007-01-01;4;;25;Zoogdieren;Vespertilionidae;2026-07-08;387;S;algemeen
255897489;255897489;Gewone Dwergvleermuis;Pipistrellus pipistrellus;2022-10-01;10;2022-10-01;1;ter plaatse;onbekend;adult;onbekend;170181.17092734005;194841.6946875453;4.656642;51.063366;FS1658;  ;Putte;Beerzel;Antwerpen;ObsMapp;J;Goedgekeurd op basis van bewijsmateriaal;2007-01-01;3;;999;Zoogdieren;Vespertilionidae;2026-07-08;387;S;algemeen
324909462;324909462;Gewone Dwergvleermuis;Pipistrellus pipistrellus;2024-08-15;8;2024-08-18;1;foeragerend;batdetector;onbekend;onbekend;145982.61176372855;206071.95064109375;4.311323761940002;51.16465161483109;ES9168;  ;Kruibeke;Kruibeke;Oost-Vlaanderen;Site;J;Goedgekeurd op basis van bewijsmateriaal;1980-01-01;3;Test Pippyg detector;4;Zoogdieren;Vespertilionidae;2026-07-08;387;S;algemeen
361221349;361221349;Gewone Dwergvleermuis;Pipistrellus pipistrellus;2025-07-04;7;2025-07-06;1;ter plaatse;onbekend;onbekend;onbekend;182958.0843986997;186621.81158259136;4.838160013748819;50.98889147747428;FS2950;  ;Aarschot;Aarschot;Vlaams-Brabant;Observation;J;Goedgekeurd op basis van bewijsmateriaal;1980-01-01;3;;15;Zoogdieren;Vespertilionidae;2026-07-08;387;S;algemeen
397024763;397024763;Gewone Dwergvleermuis;Pipistrellus pipistrellus;2026-05-08;5;2026-05-08;1;ter plaatse;onbekend;onbekend;onbekend;162913.15061091282;208745.67276080325;4.5534585;51.1885527;FS0871;Ranst - Centrum;Ranst;Ranst;Antwerpen;ObsIdentify;J;Goedgekeurd op basis van bewijsmateriaal;1980-01-01;3;;13;Zoogdieren;Vespertilionidae;2026-07-08;387;S;algemeen
206611970;206611970;Gewone Dwergvleermuis;Pipistrellus pipistrellus;2021-01-29;1;2021-01-30;1;winterslaap;onbekend;onbekend;onbekend;154956.04933031654;234358.67605948448;4.44000005722046;51.418888092041;FS0097;Grenspark Kalmthoutse Heide - De Nol (Ontoegankelijk);Kalmthout;Kalmthout;Antwerpen;ObsMapp;J;Goedgekeurd op basis van bewijsmateriaal;2007-01-01;3;;999;Zoogdieren;Vespertilionidae;2026-07-08;387;S;algemeen
398818755;398818755;Gewone Dwergvleermuis;Pipistrellus pipistrellus;2026-05-17;5;2026-05-17;1;dood;onbekend;onbekend;onbekend;200762.3844055304;203229.82286613155;5.0940373;51.1368858;FS4667;  ;Meerhout;Meerhout;Antwerpen;ObsIdentify;J;Goedgekeurd op basis van bewijsmateriaal;1980-01-01;3;;11;Zoogdieren;Vespertilionidae;2026-07-08;387;S;algemeen
372928390;372928390;Gewone Dwergvleermuis;Pipistrellus pipistrellus;2025-09-12;9;2025-09-15;1;ter plaatse;op geluidsrecorder;onbekend;onbekend;185237.2633841124;210386.0185637474;4.872921466630942;51.20236415742168;FS3073;Kasterlee - Kempense Heuvelrug;Kasterlee;Lichtaart;Antwerpen;Site;J;Goedgekeurd op basis van bewijsmateriaal;1980-01-01;3;49 passages tussen 20u15 en 21u11;4;Zoogdieren;Vespertilionidae;2026-07-08;387;S;algemeen
374640448;374640448;Gewone Dwergvleermuis;Pipistrellus pipistrellus;2025-09-29;9;2025-09-30;1;ter plaatse;op geluidsrecorder;onbekend;onbekend;187923.31383928;211729.14086538836;4.911491999999953;51.214266;FS3375;  ;Kasterlee;Lichtaart;Antwerpen;Site;J;Goedgekeurd op basis van bewijsmateriaal;1980-01-01;3;69 passages tussen 20u25 en 21u01;4;Zoogdieren;Vespertilionidae;2026-07-08;387;S;algemeen
370780276;370780276;Gewone Dwergvleermuis;Pipistrellus pipistrellus;2025-08-27;8;2025-08-28;1;ter plaatse;onbekend;onbekend;onbekend;185297.2920410511;210228.870482252;4.8737650000000485;51.200948;FS3073;Kasterlee - Snepkensvijver;Kasterlee;Lichtaart;Antwerpen;Site;J;Goedgekeurd op basis van bewijsmateriaal;1980-01-01;3;;4;Zoogdieren;Vespertilionidae;2026-07-08;387;S;algemeen
370780143;370780143;Gewone Dwergvleermuis;Pipistrellus pipistrellus;2025-08-27;8;2025-08-28;1;sociaal gedrag;batdetector;onbekend;onbekend;185297.2996686365;210228.88715619035;4.873765110751265;51.20094814940259;FS3073;Kasterlee - Snepkensvijver;Kasterlee;Lichtaart;Antwerpen;Site;J;Goedgekeurd op basis van bewijsmateriaal;1980-01-01;3;;4;Zoogdieren;Vespertilionidae;2026-07-08;387;S;algemeen
322181236;322181236;Gewone Dwergvleermuis;Pipistrellus pipistrellus;2024-07-30;7;2024-07-31;1;foeragerend;batdetector;onbekend;onbekend;185300.1995294192;210233.0067701349;4.873806999999943;51.200985;FS3073;Kasterlee - Snepkensvijver;Kasterlee;Lichtaart;Antwerpen;ObsMapp;J;Goedgekeurd op basis van bewijsmateriaal;1980-01-01;3;;3;Zoogdieren;Vespertilionidae;2026-07-08;387;S;algemeen
321085561;321085561;Gewone Dwergvleermuis;Pipistrellus pipistrellus;2024-07-24;7;2024-07-25;9;in kolonie op gebouw;batdetector;onbekend;onbekend;185231.7869289033;210384.8512530811;4.872842999999989;51.202354;FS3073;Kasterlee - Kempense Heuvelrug;Kasterlee;Lichtaart;Antwerpen;ObsMapp;J;Goedgekeurd op basis van bewijsmateriaal;1980-01-01;3;Uitvliegend uit ZW gevel Snepkenshof 4 vanaf 21u41;3;Zoogdieren;Vespertilionidae;2026-07-08;387;S;algemeen
372927856;372927856;Gewone Dwergvleermuis;Pipistrellus pipistrellus;2025-09-08;9;2025-09-15;1;ter plaatse;onbekend;onbekend;onbekend;184987.2761676039;209671.29529698569;4.869275807941449;51.195955262419815;FS3073;Herentals - Schoutenheiven;Herentals;Herentals;Antwerpen;Site;J;Goedgekeurd op basis van bewijsmateriaal;1980-01-01;3;;7;Zoogdieren;Vespertilionidae;2026-07-08;387;S;algemeen
254324819;254324819;Gewone Dwergvleermuis;Pipistrellus pipistrellus;2022-09-04;9;2022-09-07;1;ter plaatse;onbekend;onbekend;onbekend;169089.34952852564;200569.7257734239;4.64136791229248;51.1148910522461;FS1463;Berlaar - Centrum;Berlaar;Berlaar;Antwerpen;ObsMapp;J;Goedgekeurd op basis van bewijsmateriaal;2007-01-01;3;in Regenwaterput ;3;Zoogdieren;Vespertilionidae;2026-07-08;387;S;algemeen
370716682;370716682;Gewone Dwergvleermuis;Pipistrellus pipistrellus;2025-08-27;8;2025-08-28;1;in kolonie op gebouw;batdetector;onbekend;onbekend;185237.59535577064;210381.3089933619;4.872925758099882;51.202321806359016;FS3073;Kasterlee - Kempense Heuvelrug;Kasterlee;Lichtaart;Antwerpen;Site;J;Goedgekeurd op basis van kennisregels - nabijheid;1980-01-01;3;;7;Zoogdieren;Vespertilionidae;2026-07-08;387;S;algemeen
321544877;321544877;Gewone Dwergvleermuis;Pipistrellus pipistrellus;2024-07-27;7;2024-07-28;1;in kolonie op gebouw;batdetector;onbekend;onbekend;185231.93458666827;210400.17896959465;4.872846603393555;51.20249176025391;FS3074;Kasterlee - Kempense Heuvelrug;Kasterlee;Lichtaart;Antwerpen;ObsMapp;J;Goedgekeurd op basis van expertoordeel;1980-01-01;3;Uit NO gevel;3;Zoogdieren;Vespertilionidae;2026-07-08;387;S;algemeen
373513635;373513635;Gewone Dwergvleermuis;Pipistrellus pipistrellus;2025-09-21;9;2025-09-21;1;ter plaatse;batdetector;onbekend;onbekend;185238.33553515293;210388.0109549416;4.872936999999979;51.202382;FS3073;Kasterlee - Kempense Heuvelrug;Kasterlee;Lichtaart;Antwerpen;Site;J;Goedgekeurd op basis van bewijsmateriaal;1980-01-01;3;4 passages op 1 nacht: __- 21:30__- 22:09__- 01:20__- 02:00;2;Zoogdieren;Vespertilionidae;2026-07-08;387;S;algemeen
321544873;321544873;Gewone Dwergvleermuis;Pipistrellus pipistrellus;2024-07-27;7;2024-07-28;1;in kolonie op gebouw;batdetector;onbekend;onbekend;185240.51137035835;210408.30106493455;4.872970104217529;51.20256423950195;FS3074;Kasterlee - Kempense Heuvelrug;Kasterlee;Lichtaart;Antwerpen;ObsMapp;J;Goedgekeurd op basis van expertoordeel;1980-01-01;3;Onder corniche van N-gevel;3;Zoogdieren;Vespertilionidae;2026-07-08;387;S;algemeen
321544871;321544871;Gewone Dwergvleermuis;Pipistrellus pipistrellus;2024-07-27;7;2024-07-28;1;foeragerend;batdetector;onbekend;onbekend;185240.07359369876;211232.126472774;4.873043999999936;51.209969;FS3074;Kasterlee - Zwart Water;Kasterlee;Lichtaart;Antwerpen;ObsMapp;J;Goedgekeurd op basis van bewijsmateriaal;1980-01-01;3;;1;Zoogdieren;Vespertilionidae;2026-07-08;387;S;algemeen
373513183;373513183;Gewone Dwergvleermuis;Pipistrellus pipistrellus;2025-09-20;9;2025-09-21;1;ter plaatse;batdetector;onbekend;onbekend;185238.33720415685;210388.00782302208;4.872937023574195;51.20238197174754;FS3073;Kasterlee - Kempense Heuvelrug;Kasterlee;Lichtaart;Antwerpen;Site;J;Goedgekeurd op basis van kennisregels - nabijheid;1980-01-01;3;390 passages op één nacht.__Meeste passages voor 24u 's nachts (mogelijk constant foeragerend).____Een overzicht:__91 passages tussen 20u25 (start opname) en 21u.__100 passages tussen 21u en 22u.__114 passages tussen 22u en 23u.__38 passages tussen 23u en 24u.__15 passages tussen 24u en 1u.__10 passages tussen 1u en 2u.__4 passages tussen 2u en 3u.__6 passages tussen 3u en 4u.__2 passages tussen 4u en 5u.__0 passages tussen 5u en 6u.__19 passages tussen 6u en 7u.__2 passages tussen 7u en 7u15.;2;Zoogdieren;Vespertilionidae;2026-07-08;387;S;algemeen
374641108;374641108;Gewone Dwergvleermuis;Pipistrellus pipistrellus;2025-09-29;9;2025-09-30;1;ter plaatse;onbekend;onbekend;onbekend;187923.31383928;211729.14086538836;4.911491999999953;51.214266;FS3375;  ;Kasterlee;Lichtaart;Antwerpen;Site;J;Goedgekeurd op basis van bewijsmateriaal;1980-01-01;3;4 passages tussen 20u42 en 20u50;4;Zoogdieren;Vespertilionidae;2026-07-08;387;S;algemeen
372927745;372927745;Gewone Dwergvleermuis;Pipistrellus pipistrellus;2025-09-08;9;2025-09-15;1;ter plaatse;onbekend;onbekend;onbekend;185142.69140744492;209649.9550064113;4.871496999999977;51.195754;FS3073;Herentals - Schoutenheiven;Herentals;Herentals;Antwerpen;Site;J;Goedgekeurd op basis van bewijsmateriaal;1980-01-01;3;3 passages tussen 22u03 en 22u07;7;Zoogdieren;Vespertilionidae;2026-07-08;387;S;algemeen
372927393;372927393;Gewone Dwergvleermuis;Pipistrellus pipistrellus;2025-09-08;9;2025-09-15;1;ter plaatse;onbekend;onbekend;onbekend;185216.20070993065;209645.1691300748;4.872548102939618;51.19570649891516;FS3073;Kasterlee - Snepkensvijver en omgeving;Herentals;Herentals;Antwerpen;Site;J;Goedgekeurd op basis van bewijsmateriaal;1980-01-01;3;25 passages tussen 21u53 en 22u01;7;Zoogdieren;Vespertilionidae;2026-07-08;387;S;algemeen
372926765;372926765;Gewone Dwergvleermuis;Pipistrellus pipistrellus;2025-09-08;9;2025-09-15;1;ter plaatse;onbekend;onbekend;onbekend;184882.96411096805;209457.39644552305;4.867762999999968;51.194039;FS3073;Herentals - Schoutenheiven;Herentals;Herentals;Antwerpen;Site;J;Goedgekeurd op basis van bewijsmateriaal;1980-01-01;3;;7;Zoogdieren;Vespertilionidae;2026-07-08;387;S;algemeen
372926210;372926210;Gewone Dwergvleermuis;Pipistrellus pipistrellus;2025-09-08;9;2025-09-15;1;ter plaatse;onbekend;onbekend;onbekend;184883.74423739465;209341.4729566025;4.867762999999968;51.192997;FS3072;Herentals - Schoutenheiven;Herentals;Herentals;Antwerpen;Site;J;Goedgekeurd op basis van bewijsmateriaal;1980-01-01;3;;7;Zoogdieren;Vespertilionidae;2026-07-08;387;S;algemeen
372926089;372926089;Gewone Dwergvleermuis;Pipistrellus pipistrellus;2025-09-08;9;2025-09-15;1;ter plaatse;onbekend;onbekend;onbekend;184883.74423739465;209341.4729566025;4.867762999999968;51.192997;FS3072;Herentals - Schoutenheiven;Herentals;Herentals;Antwerpen;Site;J;Goedgekeurd op basis van bewijsmateriaal;1980-01-01;3;;7;Zoogdieren;Vespertilionidae;2026-07-08;387;S;algemeen
372925835;372925835;Gewone Dwergvleermuis;Pipistrellus pipistrellus;2025-09-08;9;2025-09-15;1;ter plaatse;onbekend;onbekend;onbekend;184883.74423739465;209341.4729566025;4.867762999999968;51.192997;FS3072;Herentals - Schoutenheiven;Herentals;Herentals;Antwerpen;Site;J;Goedgekeurd op basis van bewijsmateriaal;1980-01-01;3;;7;Zoogdieren;Vespertilionidae;2026-07-08;387;S;algemeen
372924982;372924982;Gewone Dwergvleermuis;Pipistrellus pipistrellus;2025-09-08;9;2025-09-15;1;ter plaatse;onbekend;onbekend;onbekend;184883.7472472121;209341.46260433085;4.8677630420570495;51.1929969067688;FS3072;Herentals - Schoutenheiven;Herentals;Herentals;Antwerpen;Site;J;Goedgekeurd op basis van bewijsmateriaal;1980-01-01;3;53 passages tussen 21u25 en 21u39;7;Zoogdieren;Vespertilionidae;2026-07-08;387;S;algemeen
372924633;372924633;Gewone Dwergvleermuis;Pipistrellus pipistrellus;2025-09-08;9;2025-09-15;1;ter plaatse;onbekend;onbekend;onbekend;184982.170208014;209632.2920037415;4.8691989999999805;51.195605;FS3073;Herentals - Schoutenheiven;Herentals;Herentals;Antwerpen;Site;J;Goedgekeurd op basis van bewijsmateriaal;1980-01-01;3;9 passages tussen 21u10 en 21u18;4;Zoogdieren;Vespertilionidae;2026-07-08;387;S;algemeen
372924476;372924476;Gewone Dwergvleermuis;Pipistrellus pipistrellus;2025-09-08;9;2025-09-15;1;ter plaatse;onbekend;onbekend;onbekend;184982.13950547064;209632.2891472476;4.869198560518271;51.19560497618754;FS3073;Herentals - Schoutenheiven;Herentals;Herentals;Antwerpen;Site;J;Goedgekeurd op basis van bewijsmateriaal;1980-01-01;3;12 passages tussen 21u10 en 21u18;4;Zoogdieren;Vespertilionidae;2026-07-08;387;S;algemeen
372924095;372924095;Gewone Dwergvleermuis;Pipistrellus pipistrellus;2025-09-08;9;2025-09-15;1;ter plaatse;onbekend;onbekend;onbekend;185234.4551148083;210379.94141004328;4.8728806968574645;51.20230970608488;FS3073;Kasterlee - Kempense Heuvelrug;Kasterlee;Lichtaart;Antwerpen;Site;J;Goedgekeurd op basis van kennisregels - nabijheid;1980-01-01;3;;7;Zoogdieren;Vespertilionidae;2026-07-08;387;S;algemeen
376298226;376298226;Gewone Dwergvleermuis;Pipistrellus pipistrellus;2025-10-15;10;2025-10-15;1;ter plaatse;onbekend;onbekend;onbekend;153927.93496060572;202329.28248060212;4.4248695;51.1310101;ES9965;  ;Kontich;Kontich;Antwerpen;ObsIdentify;J;Goedgekeurd op basis van bewijsmateriaal;1980-01-01;4;;8;Zoogdieren;Vespertilionidae;2026-07-08;387;S;algemeen
376374501;376374501;Gewone Dwergvleermuis;Pipistrellus pipistrellus;2025-10-15;10;2025-10-15;1;dood;onbekend;adult;onbekend;153798.98060900834;202301.6953646075;4.423027000000047;51.130763;ES9965;  ;Kontich;Kontich;Antwerpen;Site;J;Goedgekeurd op basis van bewijsmateriaal;1980-01-01;4;Dood;240;Zoogdieren;Vespertilionidae;2026-07-08;387;S;algemeen
187938442;187938442;Gewone Dwergvleermuis;Pipistrellus pipistrellus;2020-04-05;4;2020-04-06;1;ter plaatse;onbekend;adult;onbekend;180004.0156098086;192428.96304749884;4.7965649;51.041252;FS2555;  ;Hulshout;Houtvenne;Antwerpen;Site;J;Goedgekeurd op basis van bewijsmateriaal;1980-01-01;3;kwam van onder dakrand gevallen_ vloog weg na enkele minuten;5;Zoogdieren;Vespertilionidae;2026-07-08;387;S;algemeen
359990860;359990860;Gewone Dwergvleermuis;Pipistrellus pipistrellus;2025-06-30;6;2025-06-30;1;ter plaatse;onbekend;onbekend;onbekend;155021.1514287919;223505.29369035643;4.4407831;51.3213392;FS0086;Kapellen - Dorpskern;Kapellen;Kapellen;Antwerpen;ObsIdentify;J;Goedgekeurd op basis van bewijsmateriaal;1980-01-01;3;;3;Zoogdieren;Vespertilionidae;2026-07-08;387;S;algemeen
359991273;359991273;Gewone Dwergvleermuis;Pipistrellus pipistrellus;2025-06-30;6;2025-06-30;1;ter plaatse;onbekend;onbekend;onbekend;155016.42552227172;223511.65309445933;4.4407154;51.3213964;FS0086;Kapellen - Dorpskern;Kapellen;Kapellen;Antwerpen;ObsIdentify;J;Goedgekeurd op basis van bewijsmateriaal;1980-01-01;3;;3;Zoogdieren;Vespertilionidae;2026-07-08;387;S;algemeen
398818862;398818862;Gewone Dwergvleermuis;Pipistrellus pipistrellus;2026-05-17;5;2026-05-17;1;dood;onbekend;onbekend;onbekend;200755.1678829601;203221.2411968624;5.093933;51.1368093;FS4667;  ;Meerhout;Meerhout;Antwerpen;ObsIdentify;J;Goedgekeurd op basis van bewijsmateriaal;1980-01-01;3;;10;Zoogdieren;Vespertilionidae;2026-07-08;387;S;algemeen
325114071;325114071;Gewone Dwergvleermuis;Pipistrellus pipistrellus;2024-08-19;8;2024-08-19;1;vangst door kat;gezien;onbekend;onbekend;161135.48696167904;186712.8315480445;4.527356;50.990541;FS0749;  ;Boortmeerbeek;Hever;Vlaams-Brabant;ObsMapp;J;Goedgekeurd op basis van bewijsmateriaal;1980-01-01;3;;999;Zoogdieren;Vespertilionidae;2026-07-08;387;S;algemeen
384931638;384931638;Gewone Dwergvleermuis;Pipistrellus pipistrellus;2026-01-27;1;2026-01-27;1;ter plaatse;onbekend;onbekend;onbekend;211799.54423127935;201326.74331788067;5.2513966666666665;51.1187055;FS5765;Leopoldsburg - Centrum;Leopoldsburg;Leopoldsburg;Limburg;ObsIdentify;J;Goedgekeurd op basis van bewijsmateriaal;1980-01-01;4;;999;Zoogdieren;Vespertilionidae;2026-07-08;387;S;algemeen
246700408;246700408;Gewone Dwergvleermuis;Pipistrellus pipistrellus;2022-06-24;6;2022-06-24;306;kraamkolonie;onbekend;onbekend;onbekend;240514.53388739;208318.698093202;5.663184999999999;51.177761;FS8672;Bree - De Luysen-Mariahof;Bree;Beek;Limburg;ObsMapp;J;Goedgekeurd op basis van expertoordeel;2007-01-01;3;;5;Zoogdieren;Vespertilionidae;2026-07-08;387;S;algemeen
276656020;276656020;Gewone Dwergvleermuis;Pipistrellus pipistrellus;2023-06-16;6;2023-06-16;1;ter plaatse;onbekend;onbekend;onbekend;240312.31742074803;208206.9459637264;5.660265922546387;51.176788330078125;FS8572;Bree - Sint-Maartensheide;Bree;Beek;Limburg;ObsMapp;J;Goedgekeurd op basis van kennisregels - nabijheid;1980-01-01;3;;3;Zoogdieren;Vespertilionidae;2026-07-08;387;S;algemeen
358093487;358093487;Gewone Dwergvleermuis;Pipistrellus pipistrellus;2025-06-21;6;2025-06-22;238;kraamkolonie;gezien;onbekend;Vrouw;240517.09396315424;208323.27907363884;5.663222746225074;51.17780176869692;FS8672;Bree - De Luysen-Mariahof;Bree;Beek;Limburg;Site;J;Goedgekeurd op basis van expertoordeel;1980-01-01;3;Eerste uitvlieger 21:35_ na een uur de eerste die terug komen en gestopt met tellen;4;Zoogdieren;Vespertilionidae;2026-07-08;387;S;algemeen
355075201;355075201;Gewone Dwergvleermuis;Pipistrellus pipistrellus;2025-06-07;6;2025-06-08;55;in kolonie op gebouw;gezien;onbekend;onbekend;165735.16428884672;186370.3132421812;4.592853784561157;50.98735514143014;FS1149;Haacht - Hooiberg;Haacht;Haacht;Vlaams-Brabant;Site;J;Goedgekeurd op basis van expertoordeel;1980-01-01;3;;8;Zoogdieren;Vespertilionidae;2026-07-08;387;S;algemeen
215755580;215755580;Gewone Dwergvleermuis;Pipistrellus pipistrellus;2021-06-03;6;2021-06-03;1;ter plaatse;onbekend;onbekend;onbekend;154522.91260024725;221935.5006491356;4.4336164;51.307234;ES9984;Kapellen - Dorpskern;Kapellen;Kapellen;Antwerpen;Site;J;Goedgekeurd op basis van bewijsmateriaal;1980-01-01;3;;15;Zoogdieren;Vespertilionidae;2026-07-08;387;S;algemeen
252921000;252921000;Gewone Dwergvleermuis;Pipistrellus pipistrellus;2022-07-16;7;2022-08-21;1;foeragerend;batdetector;onbekend;onbekend;159451.62130264752;202047.6232851716;4.503772;51.128414;FS0565;  ;Lint;Lint;Antwerpen;Site;J;Goedgekeurd op basis van bewijsmateriaal;1980-01-01;3;Bat uses tree line to cross open plane.;25;Zoogdieren;Vespertilionidae;2026-07-08;387;S;algemeen
252924367;252924367;Gewone Dwergvleermuis;Pipistrellus pipistrellus;2022-07-16;7;2022-08-21;1;foeragerend;batdetector;onbekend;onbekend;159451.62130264752;202047.6232851716;4.503772;51.128414;FS0565;  ;Lint;Lint;Antwerpen;Site;J;Goedgekeurd op basis van bewijsmateriaal;1980-01-01;3;;25;Zoogdieren;Vespertilionidae;2026-07-08;387;S;algemeen
252925326;252925326;Gewone Dwergvleermuis;Pipistrellus pipistrellus;2022-07-16;7;2022-08-21;1;foeragerend;batdetector;onbekend;onbekend;159451.62130264752;202047.6232851716;4.503772;51.128414;FS0565;  ;Lint;Lint;Antwerpen;Site;J;Goedgekeurd op basis van bewijsmateriaal;1980-01-01;3;;25;Zoogdieren;Vespertilionidae;2026-07-08;387;S;algemeen
258684091;258684091;Gewone Dwergvleermuis;Pipistrellus pipistrellus;2022-10-29;10;2022-11-01;1;ter plaatse;telemetrie;onbekend;onbekend;200538.581257722;228805.0640186416;5.09441423416138;51.366771697998;FS4592;Arendonk - Kruisberg;Arendonk;Arendonk;Antwerpen;ObsMapp;J;Goedgekeurd op basis van expertoordeel;2007-01-01;3;;3;Zoogdieren;Vespertilionidae;2026-07-08;387;S;algemeen
258684093;258684093;Gewone Dwergvleermuis;Pipistrellus pipistrellus;2022-10-29;10;2022-11-01;1;ter plaatse;telemetrie;onbekend;onbekend;200712.43056453968;228109.3989799097;5.09681224822998;51.3605041503906;FS4592;Arendonk - Kruisberg;Arendonk;Arendonk;Antwerpen;ObsMapp;J;Goedgekeurd op basis van expertoordeel;2007-01-01;3;;8;Zoogdieren;Vespertilionidae;2026-07-08;387;S;algemeen
252925821;252925821;Gewone Dwergvleermuis;Pipistrellus pipistrellus;2022-07-16;7;2022-08-21;1;foeragerend;batdetector;onbekend;onbekend;159451.62130264752;202047.6232851716;4.503772;51.128414;FS0565;  ;Lint;Lint;Antwerpen;Site;J;Goedgekeurd op basis van bewijsmateriaal;1980-01-01;3;;25;Zoogdieren;Vespertilionidae;2026-07-08;387;S;algemeen
258684094;258684094;Gewone Dwergvleermuis;Pipistrellus pipistrellus;2022-10-29;10;2022-11-01;3;ter plaatse;telemetrie;onbekend;onbekend;200606.13254540265;227302.7563810693;5.09517288208008;51.3532638549805;FS4591;Arendonk - Kruisberg;Arendonk;Arendonk;Antwerpen;ObsMapp;J;Goedgekeurd op basis van bewijsmateriaal;2007-01-01;3;;5;Zoogdieren;Vespertilionidae;2026-07-08;387;S;algemeen
364460634;364460634;Gewone Dwergvleermuis;Pipistrellus pipistrellus;2025-07-12;7;2025-07-22;1;ter plaatse;onbekend;onbekend;onbekend;216683.30343687223;186685.1230014265;5.318464279174805;50.9865608215332;FS6250;Zonhoven - Wijvenheide - Zuid;Zonhoven;Zonhoven;Limburg;ObsMapp;J;Goedgekeurd op basis van kennisregels - nabijheid;2050-01-01;3;;3;Zoogdieren;Vespertilionidae;2026-07-08;387;S;algemeen
364460631;364460631;Gewone Dwergvleermuis;Pipistrellus pipistrellus;2025-07-12;7;2025-07-22;1;ter plaatse;onbekend;onbekend;onbekend;216691.84878654135;186676.74434655067;5.318584442138672;50.98648452758789;FS6250;Zonhoven - Wijvenheide - Zuid;Zonhoven;Zonhoven;Limburg;ObsMapp;J;Goedgekeurd op basis van kennisregels - nabijheid;2050-01-01;3;;3;Zoogdieren;Vespertilionidae;2026-07-08;387;S;algemeen
364460628;364460628;Gewone Dwergvleermuis;Pipistrellus pipistrellus;2025-07-12;7;2025-07-22;1;ter plaatse;onbekend;onbekend;onbekend;216718.83134766787;186656.2941335421;5.318964958190918;50.98629760742188;FS6250;Zonhoven - Wijvenheide - Zuid;Zonhoven;Zonhoven;Limburg;ObsMapp;J;Goedgekeurd op basis van kennisregels - nabijheid;2050-01-01;3;;3;Zoogdieren;Vespertilionidae;2026-07-08;387;S;algemeen
364460624;364460624;Gewone Dwergvleermuis;Pipistrellus pipistrellus;2025-07-12;7;2025-07-22;1;ter plaatse;onbekend;onbekend;onbekend;216736.81609599444;186593.28857124504;5.319209575653076;50.9857292175293;FS6250;Zonhoven - Wijvenheide - Zuid;Zonhoven;Zonhoven;Limburg;ObsMapp;J;Goedgekeurd op basis van bewijsmateriaal;2050-01-01;3;opnamz: 0712-211906;3;Zoogdieren;Vespertilionidae;2026-07-08;387;S;algemeen
364460621;364460621;Gewone Dwergvleermuis;Pipistrellus pipistrellus;2025-07-12;7;2025-07-22;1;ter plaatse;onbekend;onbekend;onbekend;216743.1122457608;186582.75917687823;5.3192973136901855;50.985633850097656;FS6250;Zonhoven - Wijvenheide - Zuid;Zonhoven;Zonhoven;Limburg;ObsMapp;J;Goedgekeurd op basis van kennisregels - nabijheid;2050-01-01;3;;3;Zoogdieren;Vespertilionidae;2026-07-08;387;S;algemeen
364460617;364460617;Gewone Dwergvleermuis;Pipistrellus pipistrellus;2025-07-12;7;2025-07-22;1;ter plaatse;onbekend;onbekend;onbekend;216763.02261191935;186586.4095112896;5.319581508636475;50.98566436767578;FS6250;Zonhoven - Wijvenheide - Zuid;Zonhoven;Zonhoven;Limburg;ObsMapp;J;Goedgekeurd op basis van kennisregels - nabijheid;2050-01-01;3;;3;Zoogdieren;Vespertilionidae;2026-07-08;387;S;algemeen
364460611;364460611;Gewone Dwergvleermuis;Pipistrellus pipistrellus;2025-07-12;7;2025-07-22;1;ter plaatse;onbekend;onbekend;onbekend;216790.20389556504;186607.97802514955;5.319972515106201;50.98585510253906;FS6250;Zonhoven - Wijvenheide - Zuid;Zonhoven;Zonhoven;Limburg;ObsMapp;J;Goedgekeurd op basis van kennisregels - nabijheid;2050-01-01;3;;3;Zoogdieren;Vespertilionidae;2026-07-08;387;S;algemeen
364460590;364460590;Gewone Dwergvleermuis;Pipistrellus pipistrellus;2025-07-12;7;2025-07-22;1;ter plaatse;onbekend;onbekend;onbekend;216911.9251702399;186649.43379168585;5.321713447570801;50.98621368408203;FS6250;Zonhoven - Wijvenheide - Zuid;Zonhoven;Zonhoven;Limburg;ObsMapp;J;Goedgekeurd op basis van kennisregels - nabijheid;2050-01-01;3;;3;Zoogdieren;Vespertilionidae;2026-07-08;387;S;algemeen
364460588;364460588;Gewone Dwergvleermuis;Pipistrellus pipistrellus;2025-07-12;7;2025-07-22;1;ter plaatse;onbekend;onbekend;onbekend;216977.85516568716;186644.33937444072;5.322651386260986;50.98616027832031;FS6350;Zonhoven - Wijvenheide - Zuid;Zonhoven;Zonhoven;Limburg;ObsMapp;J;Goedgekeurd op basis van kennisregels - nabijheid;2050-01-01;3;;3;Zoogdieren;Vespertilionidae;2026-07-08;387;S;algemeen
364460581;364460581;Gewone Dwergvleermuis;Pipistrellus pipistrellus;2025-07-12;7;2025-07-22;1;ter plaatse;onbekend;onbekend;onbekend;216979.9636130425;186641.82006763108;5.322680950164795;50.98613739013672;FS6350;Zonhoven - Wijvenheide - Zuid;Zonhoven;Zonhoven;Limburg;ObsMapp;J;Goedgekeurd op basis van kennisregels - nabijheid;2050-01-01;3;;3;Zoogdieren;Vespertilionidae;2026-07-08;387;S;algemeen
364460573;364460573;Gewone Dwergvleermuis;Pipistrellus pipistrellus;2025-07-12;7;2025-07-22;1;ter plaatse;onbekend;onbekend;onbekend;216972.93767271275;186638.7589231785;5.322580337524414;50.98611068725586;FS6350;Zonhoven - Wijvenheide - Zuid;Zonhoven;Zonhoven;Limburg;ObsMapp;J;Goedgekeurd op basis van kennisregels - nabijheid;2050-01-01;3;;4;Zoogdieren;Vespertilionidae;2026-07-08;387;S;algemeen
393687697;393687697;Gewone Dwergvleermuis;Pipistrellus pipistrellus;2026-04-18;4;2026-04-21;1;foeragerend;batdetector;onbekend;onbekend;166591.31056828567;205072.2672905475;4.60590000000002;51.15544;FS1268;Kleine Netevallei - Steenbeemden;Nijlen;Kessel;Antwerpen;Site;J;Goedgekeurd op basis van bewijsmateriaal;1980-01-01;3;;4;Zoogdieren;Vespertilionidae;2026-07-08;387;S;algemeen
364460432;364460432;Gewone Dwergvleermuis;Pipistrellus pipistrellus;2025-07-13;7;2025-07-22;1;ter plaatse;onbekend;onbekend;onbekend;216978.87516378588;186640.53286630288;5.322665214538574;50.98612594604492;FS6350;Zonhoven - Wijvenheide - Zuid;Zonhoven;Zonhoven;Limburg;ObsMapp;J;Goedgekeurd op basis van kennisregels - nabijheid;2050-01-01;3;;3;Zoogdieren;Vespertilionidae;2026-07-08;387;S;algemeen
364460431;364460431;Gewone Dwergvleermuis;Pipistrellus pipistrellus;2025-07-13;7;2025-07-22;1;ter plaatse;onbekend;onbekend;onbekend;216918.2363908212;186650.7880634945;5.321803569793701;50.98622512817383;FS6250;Zonhoven - Wijvenheide - Zuid;Zonhoven;Zonhoven;Limburg;ObsMapp;J;Goedgekeurd op basis van kennisregels - nabijheid;2050-01-01;3;;3;Zoogdieren;Vespertilionidae;2026-07-08;387;S;algemeen
364460428;364460428;Gewone Dwergvleermuis;Pipistrellus pipistrellus;2025-07-13;7;2025-07-22;1;ter plaatse;onbekend;onbekend;onbekend;216861.66018273763;186626.2951120436;5.320993423461914;50.98601150512695;FS6250;Zonhoven - Wijvenheide - Zuid;Zonhoven;Zonhoven;Limburg;ObsMapp;J;Goedgekeurd op basis van kennisregels - nabijheid;2050-01-01;3;;3;Zoogdieren;Vespertilionidae;2026-07-08;387;S;algemeen
389515016;389515016;Gewone Dwergvleermuis;Pipistrellus pipistrellus;2026-03-19;3;2026-03-24;1;foeragerend;batdetector;adult;onbekend;169601.29296371693;207663.0259075109;4.649062156677246;51.178632567138784;FS1570;Kleine Netevallei - Netekanaal ten N van Emblem;Nijlen;Nijlen;Antwerpen;Site;J;Goedgekeurd op basis van bewijsmateriaal;1980-01-01;3;;60;Zoogdieren;Vespertilionidae;2026-07-08;387;S;algemeen
389505616;389505616;Gewone Dwergvleermuis;Pipistrellus pipistrellus;2026-03-19;3;2026-03-24;1;foeragerend;batdetector;adult;onbekend;169907.24420174002;207849.40503430087;4.653447568416596;51.18029734193082;FS1571;Kleine Netevallei - Viersels Gebroekt;Zandhoven;Viersel;Antwerpen;Site;J;Goedgekeurd op basis van bewijsmateriaal;1980-01-01;3;;4;Zoogdieren;Vespertilionidae;2026-07-08;387;S;algemeen
389505404;389505404;Gewone Dwergvleermuis;Pipistrellus pipistrellus;2026-03-19;3;2026-03-24;1;foeragerend;batdetector;adult;onbekend;168893.72818954912;207417.24451627675;4.638930999999957;51.176447;FS1470;Kleine Netevallei - Viersels Gebroekt;Zandhoven;Viersel;Antwerpen;Site;J;Goedgekeurd op basis van kennisregels - nabijheid;1980-01-01;3;;4;Zoogdieren;Vespertilionidae;2026-07-08;387;S;algemeen
389504908;389504908;Gewone Dwergvleermuis;Pipistrellus pipistrellus;2026-03-19;3;2026-03-24;1;foeragerend;batdetector;adult;onbekend;168723.73684428583;207336.15804356337;4.636496007442474;51.17572370404235;FS1470;Kleine Netevallei - Viersels Gebroekt;Zandhoven;Viersel;Antwerpen;Site;J;Goedgekeurd op basis van bewijsmateriaal;1980-01-01;3;;4;Zoogdieren;Vespertilionidae;2026-07-08;387;S;algemeen
389504705;389504705;Gewone Dwergvleermuis;Pipistrellus pipistrellus;2026-03-19;3;2026-03-24;4;foeragerend;batdetector;adult;onbekend;168619.35864658424;207360.1021418292;4.635004699230194;51.175942307354205;FS1470;Kleine Netevallei - Viersels Gebroekt;Zandhoven;Viersel;Antwerpen;Site;J;Goedgekeurd op basis van kennisregels - nabijheid;1980-01-01;3;;4;Zoogdieren;Vespertilionidae;2026-07-08;387;S;algemeen
216112790;216112790;Gewone Dwergvleermuis;Pipistrellus pipistrellus;2021-06-06;6;2021-06-06;1;ter plaatse;gezien;adult;onbekend;200512.769966284;228809.05607465748;5.09404420852661;51.3668098449707;FS4592;Arendonk - Kruisberg;Arendonk;Arendonk;Antwerpen;ObsMapp;J;Goedgekeurd op basis van bewijsmateriaal;2007-01-01;3;;8;Zoogdieren;Vespertilionidae;2026-07-08;387;S;algemeen
264515414;264515414;Gewone Dwergvleermuis;Pipistrellus pipistrellus;2023-03-02;3;2023-03-02;1;ter plaatse;onbekend;onbekend;onbekend;166621.9234419315;212183.4455016777;4.606664143502712;51.21935764683027;FS1275;Oelegem - Vrieselhof (Groendomein provincie Antwerpen - regio Antw.);Ranst;Oelegem;Antwerpen;ObsMapp;J;Goedgekeurd op basis van bewijsmateriaal;2023-04-02;3;;5;Zoogdieren;Vespertilionidae;2026-07-08;387;S;algemeen
275202733;275202733;Gewone Dwergvleermuis;Pipistrellus pipistrellus;2023-06-06;6;2023-06-07;1;dood;onbekend;onbekend;onbekend;170179.53277062497;194992.6533048898;4.656627;51.064723;FS1658;  ;Putte;Beerzel;Antwerpen;ObsMapp;J;Goedgekeurd op basis van bewijsmateriaal;1980-01-01;3;;999;Zoogdieren;Vespertilionidae;2026-07-08;387;S;algemeen
188878775;188878775;Gewone Dwergvleermuis;Pipistrellus pipistrellus;2020-04-17;4;2020-04-17;1;ter plaatse;onbekend;onbekend;onbekend;187586.17405802547;211265.1161407847;4.90661907196045;51.2101173400879;FS3374;  ;Kasterlee;Lichtaart;Antwerpen;ObsMapp;J;Goedgekeurd op basis van bewijsmateriaal;2007-01-01;3;;25;Zoogdieren;Vespertilionidae;2026-07-08;387;S;algemeen
371532474;371532474;Gewone Dwergvleermuis;Pipistrellus pipistrellus;2025-08-31;8;2025-09-03;1;dood;onbekend;onbekend;onbekend;180670.9949389663;185174.05953702144;4.805465430392852;50.97600328819679;FS2648;  ;Aarschot;Aarschot;Vlaams-Brabant;iObs;J;Goedgekeurd op basis van bewijsmateriaal;1980-01-01;3;;17;Zoogdieren;Vespertilionidae;2026-07-08;387;S;algemeen
208372262;208372262;Gewone Dwergvleermuis;Pipistrellus pipistrellus;2021-03-06;3;2021-03-06;1;ter plaatse;gezien;onbekend;onbekend;189023.58715711496;217520.1993285697;4.92786264;51.26624298;FS3481;Tielen - Tielenkamp (Ontoegankelijk);Kasterlee;Tielen;Antwerpen;ObsMapp;J;Goedgekeurd op basis van bewijsmateriaal;2007-01-01;3;;9;Zoogdieren;Vespertilionidae;2026-07-08;387;S;algemeen
370551972;370551972;Gewone Dwergvleermuis;Pipistrellus pipistrellus;2025-08-26;8;2025-08-27;1;foeragerend;gezien;adult;onbekend;152113.7067391037;219128.898975797;4.399051999999983;51.282022;ES9782;Ekeren - Muisbroek (Stad Antwerpen);Antwerpen;Antwerpen;Antwerpen;Site;J;Goedgekeurd op basis van bewijsmateriaal;1980-01-01;3;;60;Zoogdieren;Vespertilionidae;2026-07-08;387;S;algemeen
370548733;370548733;Gewone Dwergvleermuis;Pipistrellus pipistrellus;2025-08-26;8;2025-08-26;1;ter plaatse;onbekend;onbekend;onbekend;152113.7067391037;219128.898975797;4.399051999999983;51.282022;ES9782;Ekeren - Muisbroek (Stad Antwerpen);Antwerpen;Antwerpen;Antwerpen;Site;J;Goedgekeurd op basis van bewijsmateriaal;1980-01-01;3;;60;Zoogdieren;Vespertilionidae;2026-07-08;387;S;algemeen
370553072;370553072;Gewone Dwergvleermuis;Pipistrellus pipistrellus;2025-08-26;8;2025-08-27;1;foeragerend;gezien;adult;onbekend;152113.7067391037;219128.898975797;4.399051999999983;51.282022;ES9782;Ekeren - Muisbroek (Stad Antwerpen);Antwerpen;Antwerpen;Antwerpen;Site;J;Goedgekeurd op basis van bewijsmateriaal;1980-01-01;3;;60;Zoogdieren;Vespertilionidae;2026-07-08;387;S;algemeen
375856644;375856644;Gewone Dwergvleermuis;Pipistrellus pipistrellus;2025-10-12;10;2025-10-12;1;ter plaatse;onbekend;onbekend;onbekend;184872.65136090788;176065.76400986593;4.86442250200069;50.893890380859375;FS3139;  ;Lubbeek;Lubbeek;Vlaams-Brabant;ObsIdentify;J;Goedgekeurd op basis van bewijsmateriaal;1980-01-01;3;;5;Zoogdieren;Vespertilionidae;2026-07-08;387;S;algemeen
326047811;326047811;Gewone Dwergvleermuis;Pipistrellus pipistrellus;2024-08-28;8;2024-08-28;1;ter plaatse;onbekend;onbekend;onbekend;183044.18959971017;186680.78350955248;4.839391666666667;50.98941666666666;FS2950;  ;Aarschot;Aarschot;Vlaams-Brabant;ObsIdentify;J;Goedgekeurd op basis van bewijsmateriaal;1980-01-01;4;;24;Zoogdieren;Vespertilionidae;2026-07-08;387;S;algemeen
219843804;219843804;Gewone Dwergvleermuis;Pipistrellus pipistrellus;2021-07-13;7;2021-07-13;1;dood;onbekend;onbekend;onbekend;201936.51178841805;173814.21504489053;5.106631626220962;50.8723753905844;FS4837;Aronst Hoek - Betserbroek;Zoutleeuw;Budingen;Vlaams-Brabant;iObs;J;Goedgekeurd op basis van bewijsmateriaal;2007-01-01;4;Dood op het terras ;5;Zoogdieren;Vespertilionidae;2026-07-08;387;S;algemeen
287965230;287965230;Gewone Dwergvleermuis;Pipistrellus pipistrellus;2023-09-08;9;2023-09-15;1;dood;vangst;adult;onbekend;189118.32503112595;213106.10588317085;4.928742408752441;51.2265625;FS3476;Lichtaart - Centrum;Kasterlee;Lichtaart;Antwerpen;ObsMapp;J;Goedgekeurd op basis van bewijsmateriaal;1980-01-01;3;;3;Zoogdieren;Vespertilionidae;2026-07-08;387;S;algemeen
194949826;194949826;Gewone Dwergvleermuis;Pipistrellus pipistrellus;2020-06-20;6;2020-06-25;1;ter plaatse;onbekend;onbekend;onbekend;201067.9690974402;174475.78566786926;5.094384681413049;50.87839926599359;FS4738;  ;Geetbets;Geetbets;Vlaams-Brabant;iObs;J;Goedgekeurd op basis van bewijsmateriaal;2007-01-01;3;;65;Zoogdieren;Vespertilionidae;2026-07-08;387;S;algemeen
357241167;357241167;Gewone Dwergvleermuis;Pipistrellus pipistrellus;2025-06-17;6;2025-06-18;1;ziek/gewond;binnenshuis;onbekend;onbekend;171872.31900931188;197335.9283566326;4.68091607093811;51.08572460915354;FS1760;  ;Heist-op-den-Berg;Itegem;Antwerpen;ObsIdentify;J;Goedgekeurd op basis van expertoordeel;1980-01-01;3;;4;Zoogdieren;Vespertilionidae;2026-07-08;387;S;algemeen
247139795;247139795;Gewone Dwergvleermuis;Pipistrellus pipistrellus;2022-06-21;6;2022-06-28;1;ter plaatse;onbekend;onbekend;Man;221437.05038669027;195711.6054037549;5.387925;51.067126;FS6760;Helchteren - Kasteelgebied Ter Dolen;Houthalen-Helchteren;Helchteren;Limburg;Site;J;Goedgekeurd op basis van bewijsmateriaal;1980-01-01;3;;25;Zoogdieren;Vespertilionidae;2026-07-08;387;S;algemeen
328744982;328744982;Gewone Dwergvleermuis;Pipistrellus pipistrellus;2024-09-21;9;2024-09-21;1;ter plaatse;onbekend;onbekend;onbekend;189409.3740956428;219416.6259393394;4.933596666666666;51.28326166666667;FS3483;Turnhout - Winkel;Turnhout;Turnhout;Antwerpen;ObsIdentify;J;Goedgekeurd op basis van bewijsmateriaal;1980-01-01;3;;11;Zoogdieren;Vespertilionidae;2026-07-08;387;S;algemeen
407753436;407753436;Gewone Dwergvleermuis;Pipistrellus pipistrellus;2026-06-25;6;2026-06-27;4;foeragerend;gezien en gehoord;onbekend;onbekend;183574.39702100496;222429.48203115535;4.850249290466309;51.31071088314968;FS2886;  ;Beerse;Beerse;Antwerpen;Site;J;Goedgekeurd op basis van expertoordeel;1980-01-01;3;;30;Zoogdieren;Vespertilionidae;2026-07-08;387;S;algemeen
273838393;273838393;Gewone Dwergvleermuis;Pipistrellus pipistrellus;2023-05-27;5;2023-05-28;1;ter plaatse;batdetector;onbekend;onbekend;197785.394017362;174431.5102077825;5.047739028930664;50.87828063964844;FS4438;Ransberg - Tienbunders;Zoutleeuw;Budingen;Vlaams-Brabant;copied observation;J;Goedgekeurd op basis van kennisregels - nabijheid;1980-01-01;3;;4;Zoogdieren;Vespertilionidae;2026-07-08;387;S;algemeen
273838440;273838440;Gewone Dwergvleermuis;Pipistrellus pipistrellus;2023-05-27;5;2023-05-28;6;ter plaatse;vangst;adult;onbekend;197873.99163508933;174210.09181498643;5.048968999999943;50.876283;FS4438;Domein Pardon Tienbunders (privé-domein ontoegankelijk);Zoutleeuw;Budingen;Vlaams-Brabant;copied observation;J;Goedgekeurd op basis van kennisregels - nabijheid;1980-01-01;3;;15;Zoogdieren;Vespertilionidae;2026-07-08;387;S;algemeen
301543234;301543234;Gewone Dwergvleermuis;Pipistrellus pipistrellus;2024-03-19;3;2024-03-19;1;ter plaatse;onbekend;onbekend;onbekend;224635.2733509509;202945.9742171997;5.435029864311218;51.13174388075856;FS7067;  ;Peer;Peer;Limburg;Site;J;Goedgekeurd op basis van bewijsmateriaal;1980-01-01;3;;4;Zoogdieren;Vespertilionidae;2026-07-08;387;S;algemeen
245995154;245995154;Gewone Dwergvleermuis;Pipistrellus pipistrellus;2022-06-17;6;2022-06-19;2;ter plaatse;onbekend;onbekend;onbekend;180759.7544988655;239117.91755426023;4.81131410598755;51.4608573913574;FT2502;Meerle - Smisselbergen;Hoogstraten;Meerle;Antwerpen;copied observation;J;Goedgekeurd op basis van kennisregels - nabijheid;2007-01-01;3;;9;Zoogdieren;Vespertilionidae;2026-07-08;387;S;algemeen
322225245;322225245;Gewone Dwergvleermuis;Pipistrellus pipistrellus;2024-07-26;7;2024-08-01;10;ter plaatse;batdetector;onbekend;onbekend;156846.68531238794;190909.214485378;4.466350078582764;51.02832939286623;FS0253;Mechelen - Nattenhofbos;Mechelen;Mechelen;Antwerpen;Site;J;Goedgekeurd op basis van expertoordeel;1980-01-01;3;;15;Zoogdieren;Vespertilionidae;2026-07-08;387;S;algemeen
327177327;327177327;Gewone Dwergvleermuis;Pipistrellus pipistrellus;2024-09-06;9;2024-09-06;1;dood;onbekend;onbekend;onbekend;189574.39868094728;202183.3140077982;4.934079050925675;51.12835429810037;FS3565;  ;Westerlo;Oevel;Antwerpen;Site;J;Goedgekeurd op basis van bewijsmateriaal;1980-01-01;3;;4;Zoogdieren;Vespertilionidae;2026-07-08;387;S;algemeen
315488577;315488577;Gewone Dwergvleermuis;Pipistrellus pipistrellus;2024-06-21;6;2024-06-22;61;(nabij) nest / burcht;gezien;adult;onbekend;223190.67574985995;184263.2337452332;5.41064700000004;50.964007;FS6948;Genk - Domein Bokrijk - Zuidoost;Genk;Genk;Limburg;ObsMapp;J;Goedgekeurd op basis van expertoordeel;1980-01-01;3;uitvliegende dwergvleermuizen gezien tijdens de telling.__Les basiscursus vleermuizen inventariseren_ pnc en natuurpunt studie;5;Zoogdieren;Vespertilionidae;2026-07-08;387;S;algemeen
256031679;256031679;Gewone Dwergvleermuis;Pipistrellus pipistrellus;2022-05-14;5;2022-10-03;1;ter plaatse;batdetector;onbekend;onbekend;155143.1738712411;209184.033867036;4.442327999999975;51.192615;FS0072;  ;Antwerpen;Berchem;Antwerpen;Site;J;Goedgekeurd op basis van expertoordeel;1980-01-01;4;;15;Zoogdieren;Vespertilionidae;2026-07-08;387;S;algemeen
255851813;255851813;Gewone Dwergvleermuis;Pipistrellus pipistrellus;2022-10-01;10;2022-10-01;1;ter plaatse;onbekend;onbekend;onbekend;197777.31241656104;214821.30873915087;5.052917239642612;51.24132604045505;FS4378;  ;Retie;Retie;Antwerpen;ObsIdentify;J;Goedgekeurd op basis van bewijsmateriaal;1980-01-01;3;;12;Zoogdieren;Vespertilionidae;2026-07-08;387;S;algemeen
371433675;371433675;Gewone Dwergvleermuis;Pipistrellus pipistrellus;2025-09-02;9;2025-09-02;1;dood;onbekend;onbekend;onbekend;188435.50648923503;199707.29752741568;4.917548763888889;51.10617555555556;FS3463;  ;Westerlo;Tongerlo;Antwerpen;ObsIdentify;J;Goedgekeurd op basis van bewijsmateriaal;1980-01-01;3;;999;Zoogdieren;Vespertilionidae;2026-07-08;387;S;algemeen
238440150;238440150;Gewone Dwergvleermuis;Pipistrellus pipistrellus;2022-04-20;4;2022-04-20;1;ter plaatse;onbekend;onbekend;onbekend;188450.4217328808;199720.35158387103;4.9177631;51.1062919;FS3463;  ;Westerlo;Tongerlo;Antwerpen;ObsIdentify;J;Goedgekeurd op basis van bewijsmateriaal;1980-01-01;3;;999;Zoogdieren;Vespertilionidae;2026-07-08;387;S;algemeen
220097234;220097234;Gewone Dwergvleermuis;Pipistrellus pipistrellus;2021-07-16;7;2021-07-17;1;ter plaatse;batdetector;onbekend;onbekend;203536.9138944475;207435.2947411193;5.13429641723633;51.1744346618652;FS4971;Balen - Rosselaar;Balen;Balen;Antwerpen;ObsMapp;J;Goedgekeurd op basis van expertoordeel;2007-01-01;3;;25;Zoogdieren;Vespertilionidae;2026-07-08;387;S;algemeen
225781761;225781761;Gewone Dwergvleermuis;Pipistrellus pipistrellus;2021-09-17;9;2021-09-18;2;ter plaatse;batdetector;onbekend;onbekend;203539.4973434932;207437.01907307468;5.13433361053467;51.1744499206543;FS4971;Balen - Rosselaar;Balen;Balen;Antwerpen;ObsMapp;J;Goedgekeurd op basis van bewijsmateriaal;2007-01-01;3;;25;Zoogdieren;Vespertilionidae;2026-07-08;387;S;algemeen
334674411;334674411;Gewone Dwergvleermuis;Pipistrellus pipistrellus;2024-11-29;11;2024-12-02;1;ter plaatse;onbekend;adult;onbekend;245620.02173079184;200003.95096189808;5.733994245529175;51.10221224793591;FS9164;Neeroeteren - Jagersborg;Maaseik;Neeroeteren;Limburg;Site;J;Goedgekeurd op basis van bewijsmateriaal;1980-01-01;4;onder schorsplaat van dode boom;15;Zoogdieren;Vespertilionidae;2026-07-08;387;S;algemeen
280891060;280891060;Gewone Dwergvleermuis;Pipistrellus pipistrellus;2023-07-16;7;2023-07-17;1;ter plaatse;onbekend;onbekend;onbekend;190440.81939943996;218421.7224167744;4.948267936706543;51.27424803729022;FS3582;Turnhout - Winkel;Turnhout;Turnhout;Antwerpen;Site;J;Goedgekeurd op basis van expertoordeel;1980-01-01;3;;7;Zoogdieren;Vespertilionidae;2026-07-08;387;S;algemeen
242095614;242095614;Gewone Dwergvleermuis;Pipistrellus pipistrellus;2022-05-19;5;2022-05-19;1;ter plaatse;onbekend;onbekend;onbekend;220251.44992180463;183001.97512252908;5.368569418792957;50.95303382729301;FS6647;Hasselt - Borggraeve Vijvers;Hasselt;Hasselt;Limburg;ObsIdentify;J;Goedgekeurd op basis van bewijsmateriaal;1980-01-01;3;;7;Zoogdieren;Vespertilionidae;2026-07-08;387;S;algemeen
336857100;336857100;Gewone Dwergvleermuis;Pipistrellus pipistrellus;2025-01-11;1;2025-01-11;1;ter plaatse;onbekend;onbekend;onbekend;187145.8869617972;222998.46749237276;4.90152499540657;51.31560529930043;FS3286;Vosselaar - Centrum;Vosselaar;Vosselaar;Antwerpen;ObsIdentify;J;Goedgekeurd op basis van bewijsmateriaal;1980-01-01;3;;14;Zoogdieren;Vespertilionidae;2026-07-08;387;S;algemeen
355854869;355854869;Gewone Dwergvleermuis;Pipistrellus pipistrellus;2025-06-11;6;2025-06-11;1;ter plaatse;batdetector;onbekend;onbekend;217698.85731326387;190367.20706553943;5.333608150482178;51.01953887939453;FS6354;Laambeekvallei - Oost;Heusden-Zolder;Zolder;Limburg;ObsMapp;J;Goedgekeurd op basis van bewijsmateriaal;1980-01-01;3;;3;Zoogdieren;Vespertilionidae;2026-07-08;387;S;algemeen
351467379;351467379;Gewone Dwergvleermuis;Pipistrellus pipistrellus;2025-05-19;5;2025-05-19;1;foeragerend;onbekend;onbekend;onbekend;217705.25003035407;190387.6617791448;5.33370304107666;51.01972198486328;FS6354;Laambeekvallei - Oost;Heusden-Zolder;Zolder;Limburg;ObsMapp;J;Goedgekeurd op basis van kennisregels - nabijheid;1980-01-01;3;;5;Zoogdieren;Vespertilionidae;2026-07-08;387;S;algemeen
371503898;371503898;Gewone Dwergvleermuis;Pipistrellus pipistrellus;2025-09-03;9;2025-09-03;1;ziek/gewond;gezien;adult;onbekend;201818.48670505336;225255.51100574716;5.112279653549194;51.33475629711543;FS4789;  ;Arendonk;Arendonk;Antwerpen;Site;J;Goedgekeurd op basis van bewijsmateriaal;1980-01-01;3;Op het jaagpad_ liggend;7;Zoogdieren;Vespertilionidae;2026-07-08;387;S;algemeen
252330055;252330055;Gewone Dwergvleermuis;Pipistrellus pipistrellus;2021-07-21;7;2022-08-14;1;overvliegend;batdetector;onbekend;onbekend;156114.9282682518;202187.22284512877;4.4561099;51.129714;FS0165;  ;Kontich;Kontich;Antwerpen;copied observation;J;Goedgekeurd op basis van kennisregels - nabijheid;1980-01-01;3;;5;Zoogdieren;Vespertilionidae;2026-07-08;387;S;algemeen
230719143;230719143;Gewone Dwergvleermuis;Pipistrellus pipistrellus;2021-12-13;12;2021-12-18;1;winterslaap;gezien;onbekend;onbekend;152583.62137528986;206201.30741015635;4.405693;51.165822;ES9869;Wilrijk - Fort 6;Antwerpen;Wilrijk;Antwerpen;ObsMapp;J;Goedgekeurd op basis van bewijsmateriaal;2021-12-31;3;;10;Zoogdieren;Vespertilionidae;2026-07-08;387;S;algemeen
392550579;392550579;Gewone Dwergvleermuis;Pipistrellus pipistrellus;2026-04-14;4;2026-04-15;1;dood;onbekend;onbekend;onbekend;159859.69570426567;214494.2910820162;4.509941000000026;51.240284;FS0577;Schoten - Zuid-Oost - Koningshof;Schoten;Schoten;Antwerpen;Site;J;Goedgekeurd op basis van bewijsmateriaal;1980-01-01;4;;7;Zoogdieren;Vespertilionidae;2026-07-08;387;S;algemeen
185397221;185397221;Gewone Dwergvleermuis;Pipistrellus pipistrellus;2020-02-12;2;2020-02-12;2;ter plaatse;gezien;adult;onbekend;163148.87628518615;215854.9378577508;4.557089;51.252448;FS0879;'s Gravenwezel Centrum;Schilde;'s-Gravenwezel;Antwerpen;Site;J;Goedgekeurd op basis van bewijsmateriaal;1980-01-01;3;;25;Zoogdieren;Vespertilionidae;2026-07-08;387;S;algemeen
184856099;184856099;Gewone Dwergvleermuis;Pipistrellus pipistrellus;2020-01-27;1;2020-01-27;2;ter plaatse;gezien;adult;onbekend;163149.88432064757;215842.92473294027;4.557103;51.25234;FS0879;'s Gravenwezel Centrum;Schilde;'s-Gravenwezel;Antwerpen;Site;J;Goedgekeurd op basis van bewijsmateriaal;1980-01-01;3;;25;Zoogdieren;Vespertilionidae;2026-07-08;387;S;algemeen
205560293;205560293;Gewone Dwergvleermuis;Pipistrellus pipistrellus;2021-01-11;1;2021-01-11;1;ter plaatse;gezien;adult;onbekend;163124.77364508173;215833.5153328897;4.556743;51.252256;FS0879;'s Gravenwezel Centrum;Schilde;'s-Gravenwezel;Antwerpen;Site;J;Goedgekeurd op basis van bewijsmateriaal;1980-01-01;3;;25;Zoogdieren;Vespertilionidae;2026-07-08;387;S;algemeen
208185868;208185868;Gewone Dwergvleermuis;Pipistrellus pipistrellus;2021-03-02;3;2021-03-02;1;ter plaatse;gezien;adult;onbekend;163118.0287840402;215839.1722755469;4.5566466;51.252307;FS0879;'s Gravenwezel Centrum;Schilde;'s-Gravenwezel;Antwerpen;Site;J;Goedgekeurd op basis van bewijsmateriaal;1980-01-01;3;;5;Zoogdieren;Vespertilionidae;2026-07-08;387;S;algemeen
183949358;183949358;Gewone Dwergvleermuis;Pipistrellus pipistrellus;2020-01-07;1;2020-01-07;1;ter plaatse;gezien;adult;onbekend;163107.62055499875;215841.25972527263;4.5564976;51.252326;FS0879;'s Gravenwezel Centrum;Schilde;'s-Gravenwezel;Antwerpen;Site;J;Goedgekeurd op basis van bewijsmateriaal;1980-01-01;3;;7;Zoogdieren;Vespertilionidae;2026-07-08;387;S;algemeen
206458434;206458434;Gewone Dwergvleermuis;Pipistrellus pipistrellus;2021-01-26;1;2021-01-26;1;ter plaatse;gezien;adult;onbekend;163119.7223329306;215837.6189871905;4.5566708;51.252293;FS0879;'s Gravenwezel Centrum;Schilde;'s-Gravenwezel;Antwerpen;Site;J;Goedgekeurd op basis van bewijsmateriaal;1980-01-01;3;;7;Zoogdieren;Vespertilionidae;2026-07-08;387;S;algemeen
203577686;203577686;Gewone Dwergvleermuis;Pipistrellus pipistrellus;2020-11-23;11;2020-11-23;1;ter plaatse;gezien;onbekend;onbekend;163128.9176340312;215837.53109381907;4.5568025;51.252292;FS0879;'s Gravenwezel Centrum;Schilde;'s-Gravenwezel;Antwerpen;Site;J;Goedgekeurd op basis van bewijsmateriaal;1980-01-01;3;;5;Zoogdieren;Vespertilionidae;2026-07-08;387;S;algemeen
184354386;184354386;Gewone Dwergvleermuis;Pipistrellus pipistrellus;2020-01-13;1;2020-01-13;1;ter plaatse;gezien;adult;onbekend;163118.59826462792;215837.6161323255;4.5566547;51.252293;FS0879;'s Gravenwezel Centrum;Schilde;'s-Gravenwezel;Antwerpen;Site;J;Goedgekeurd op basis van bewijsmateriaal;1980-01-01;3;;7;Zoogdieren;Vespertilionidae;2026-07-08;387;S;algemeen
207773450;207773450;Gewone Dwergvleermuis;Pipistrellus pipistrellus;2021-02-23;2;2021-02-24;1;ter plaatse;gezien;adult;onbekend;163112.42587546507;215835.04156330787;4.5565662;51.25227;FS0879;'s Gravenwezel Centrum;Schilde;'s-Gravenwezel;Antwerpen;Site;J;Goedgekeurd op basis van bewijsmateriaal;1980-01-01;3;;5;Zoogdieren;Vespertilionidae;2026-07-08;387;S;algemeen
203415808;203415808;Gewone Dwergvleermuis;Pipistrellus pipistrellus;2020-11-19;11;2020-11-19;2;ter plaatse;gezien;onbekend;onbekend;163111.26702393536;215840.49018486496;4.5565498;51.252319;FS0879;'s Gravenwezel Centrum;Schilde;'s-Gravenwezel;Antwerpen;Site;J;Goedgekeurd op basis van bewijsmateriaal;1980-01-01;3;;5;Zoogdieren;Vespertilionidae;2026-07-08;387;S;algemeen
205262936;205262936;Gewone Dwergvleermuis;Pipistrellus pipistrellus;2021-01-05;1;2021-01-05;1;ter plaatse;gezien;adult;onbekend;163116.91367546548;215838.39064906255;4.5566306;51.2523;FS0879;'s Gravenwezel Centrum;Schilde;'s-Gravenwezel;Antwerpen;Site;J;Goedgekeurd op basis van bewijsmateriaal;1980-01-01;3;;5;Zoogdieren;Vespertilionidae;2026-07-08;387;S;algemeen
374116622;374116622;Gewone Dwergvleermuis;Pipistrellus pipistrellus;2025-09-26;9;2025-09-26;1;dood;onbekend;onbekend;onbekend;174419.02253069435;185376.33309248928;4.71646116571175;50.978118896484375;FS2048;  ;Rotselaar;Werchter;Vlaams-Brabant;ObsIdentify;J;Goedgekeurd op basis van bewijsmateriaal;1980-01-01;3;In de kachel;19;Zoogdieren;Vespertilionidae;2026-07-08;387;S;algemeen
369500806;369500806;Gewone Dwergvleermuis;Pipistrellus pipistrellus;2025-08-20;8;2025-08-20;1;ter plaatse;onbekend;onbekend;onbekend;173004.3652904278;200454.04823213443;4.697269666944348;51.11370849609375;FS1863;  ;Heist-op-den-Berg;Itegem;Antwerpen;ObsIdentify;J;Goedgekeurd op basis van expertoordeel;1980-01-01;3;;999;Zoogdieren;Vespertilionidae;2026-07-08;387;S;algemeen
319673341;319673341;Gewone Dwergvleermuis;Pipistrellus pipistrellus;2024-07-18;7;2024-07-18;1;ter plaatse;gezien;onbekend;onbekend;182250.5200697787;216696.59117681623;4.830751776498801;51.2592595119266;FS2780;  ;Lille;Lille;Antwerpen;Site;J;Goedgekeurd op basis van bewijsmateriaal;1980-01-01;3;Foto dat me is doorgestuurd door mijn nichtje zat overdag tegen haar muur.;4;Zoogdieren;Vespertilionidae;2026-07-08;387;S;algemeen
250611058;250611058;Gewone Dwergvleermuis;Pipistrellus pipistrellus;2022-07-28;7;2022-07-28;1;ter plaatse;gezien;onbekend;onbekend;150973.4211580076;205511.08923593443;4.382671;51.159623;ES9668;  ;Antwerpen;Wilrijk;Antwerpen;ObsIdentify;J;Goedgekeurd op basis van bewijsmateriaal;1980-01-01;3;Binnengevlogen in winkel Coolblue. Gevangen met handdoek en terug buiten gezet.;999;Zoogdieren;Vespertilionidae;2026-07-08;387;S;algemeen
252288760;252288760;Gewone Dwergvleermuis;Pipistrellus pipistrellus;2022-08-14;8;2022-08-14;1;dood;onbekend;onbekend;onbekend;191802.58669784697;214711.4228859972;4.967351888888889;51.24080275;FS3778;Kasterlee - Centrum;Kasterlee;Kasterlee;Antwerpen;ObsIdentify;J;Goedgekeurd op basis van bewijsmateriaal;1980-01-01;3;;999;Zoogdieren;Vespertilionidae;2026-07-08;387;S;algemeen
331727215;331727215;Gewone Dwergvleermuis;Pipistrellus pipistrellus;2024-10-22;10;2024-10-22;1;ter plaatse;onbekend;onbekend;onbekend;215826.2668968216;197234.31150940992;5.308161666666667;51.08147783333333;FS6161;Koersel - Vallei van de Zwarte Beek - Overslag tot Melkpad;Beringen;Koersel;Limburg;ObsIdentify;J;Goedgekeurd op basis van bewijsmateriaal;1980-01-01;3;;4;Zoogdieren;Vespertilionidae;2026-07-08;387;S;algemeen
269808931;269808931;Gewone Dwergvleermuis;Pipistrellus pipistrellus;2023-05-01;5;2023-05-01;1;ter plaatse;onbekend;onbekend;onbekend;181499.76934337773;223922.72083629947;4.820628317295444;51.324249267578125;FS2687;  ;Beerse;Beerse;Antwerpen;ObsIdentify;J;Goedgekeurd op basis van bewijsmateriaal;1980-01-01;3;;5;Zoogdieren;Vespertilionidae;2026-07-08;387;S;algemeen
357018283;357018283;Gewone Dwergvleermuis;Pipistrellus pipistrellus;2025-06-17;6;2025-06-17;1;ter plaatse;onbekend;onbekend;onbekend;196038.214042635;188860.5961945327;5.0247276;51.0081235;FS4252;Molenstede - Molenveld;Diest;Molenstede;Vlaams-Brabant;ObsIdentify;J;Goedgekeurd op basis van bewijsmateriaal;1980-01-01;4;;999;Zoogdieren;Vespertilionidae;2026-07-08;387;S;algemeen
338117430;338117430;Gewone Dwergvleermuis;Pipistrellus pipistrellus;2024-07-18;7;2025-02-03;3;in kolonie op gebouw;onbekend;onbekend;onbekend;169493.97068143424;214428.3036254719;4.647892;51.239445;FS1577;Halle (Zoersel) - Centrum;Zoersel;Halle;Antwerpen;Meetnetten.be;J;Goedgekeurd op basis van expertoordeel;2025-07-17;3;meetnetten.be: life stage: unknown_ activity: colony on building;10;Zoogdieren;Vespertilionidae;2026-07-08;387;S;algemeen
241537236;241537236;Gewone Dwergvleermuis;Pipistrellus pipistrellus;2022-05-14;5;2022-05-15;1;ter plaatse;batdetector;onbekend;onbekend;176149.1234024173;215360.3484233059;4.74325323104858;51.24755859375;FS2178;Oostmalle - Blommerschot - De Kluis;Zoersel;Zoersel;Antwerpen;ObsMapp;J;Goedgekeurd op basis van kennisregels - nabijheid;2007-01-01;3;;3;Zoogdieren;Vespertilionidae;2026-07-08;387;S;algemeen
357251728;357251728;Gewone Dwergvleermuis;Pipistrellus pipistrellus;2025-06-17;6;2025-06-18;4;in kolonie op gebouw;onbekend;onbekend;onbekend;169493.97068143424;214428.3036254719;4.647892;51.239445;FS1577;Halle (Zoersel) - Centrum;Zoersel;Halle;Antwerpen;Meetnetten.be;J;Goedgekeurd op basis van expertoordeel;2026-06-16;3;meetnetten.be: life stage: unknown_ activity: colony on building;10;Zoogdieren;Vespertilionidae;2026-07-08;387;S;algemeen
327141934;327141934;Gewone Dwergvleermuis;Pipistrellus pipistrellus;2024-09-05;9;2024-09-05;1;ter plaatse;vangst;adult;onbekend;160502.1040069951;213242.44405265248;4.5191033185619744;51.22902060722525;FS0676;Wijnegem - Centrum;Wijnegem;Wijnegem;Antwerpen;Site;J;Goedgekeurd op basis van expertoordeel;1980-01-01;3;in woonkamer binnen gevlogen;4;Zoogdieren;Vespertilionidae;2026-07-08;387;S;algemeen
