wn_id;unieke_id;naam_nl;naam_lat;datum;maand;invoerdatum;aantal;gedrag;methode;kleed;geslacht;x;y;lon;lat;utm1;gebied;gemeente;deelgemeente;provincie;typewaarneming;zeker;status;embargo_datum;toestemming_wnr;bijzonderheden;precisie;soortgroep;familie;aanleverdatum;id_species;id_species_type;zeldzaamheid
215566235;215566235;Aardbeivlinder;Pyrgus malvae;2021-06-01;6;2021-06-01;1;ter plaatse;onbekend;imago;onbekend;159158.12840552893;225560.0471207472;4.500177;51.339756;FS0488;Brasschaat/Kalmthout - Klein Schietveld;Brasschaat;Brasschaat;Antwerpen;ObsMapp;J;Goedgekeurd op basis van bewijsmateriaal;2007-01-01;3;;3;Dagvlinders;Hesperiidae;2026-07-08;672;S;zeldzaam
242122452;242122452;Aardbeivlinder;Pyrgus malvae;2022-05-19;5;2022-05-19;1;ter plaatse;onbekend;imago;onbekend;159258.63144543002;225288.1724736346;4.50161218643188;51.3373107910156;FS0488;Brasschaat/Kalmthout - Klein Schietveld;Brasschaat;Brasschaat;Antwerpen;ObsMapp;J;Goedgekeurd op basis van kennisregels - nabijheid;2007-01-01;3;;4;Dagvlinders;Hesperiidae;2026-07-08;672;S;zeldzaam
191326696;191326696;Aardbeivlinder;Pyrgus malvae;2020-05-14;5;2020-05-14;1;ter plaatse;gezien;imago;onbekend;158951.54397887917;225573.6910510296;4.4972128868103;51.3398818969727;FS0488;Kapellen/Brasschaat - De Uitlegger en omgeving;Brasschaat;Brasschaat;Antwerpen;ObsMapp;J;Goedgekeurd op basis van kennisregels - nabijheid;2007-01-01;3;;25;Dagvlinders;Hesperiidae;2026-07-08;672;S;zeldzaam
191326687;191326687;Aardbeivlinder;Pyrgus malvae;2020-05-14;5;2020-05-14;1;ter plaatse;gezien;imago;onbekend;158742.0431870952;225430.72448007297;4.49420309066772;51.3386001586914;FS0488;Kapellen/Brasschaat - De Uitlegger en omgeving;Brasschaat;Brasschaat;Antwerpen;ObsMapp;J;Goedgekeurd op basis van kennisregels - nabijheid;2007-01-01;3;;25;Dagvlinders;Hesperiidae;2026-07-08;672;S;zeldzaam
191326689;191326689;Aardbeivlinder;Pyrgus malvae;2020-05-14;5;2020-05-14;2;ter plaatse;gezien;imago;onbekend;158731.24986341366;225426.8863430349;4.49404811859131;51.338565826416;FS0488;Kapellen/Brasschaat - De Uitlegger en omgeving;Brasschaat;Brasschaat;Antwerpen;ObsMapp;J;Goedgekeurd op basis van kennisregels - nabijheid;2007-01-01;3;;25;Dagvlinders;Hesperiidae;2026-07-08;672;S;zeldzaam
191326686;191326686;Aardbeivlinder;Pyrgus malvae;2020-05-14;5;2020-05-14;1;ter plaatse;gezien;imago;onbekend;158681.22923959052;225392.84781740516;4.4933295249939;51.3382606506348;FS0488;Kapellen/Brasschaat - De Uitlegger en omgeving;Brasschaat;Brasschaat;Antwerpen;ObsMapp;J;Goedgekeurd op basis van kennisregels - nabijheid;2007-01-01;3;;25;Dagvlinders;Hesperiidae;2026-07-08;672;S;zeldzaam
396749003;396749003;Aardbeivlinder;Pyrgus malvae;2026-04-30;4;2026-05-06;1;ter plaatse;gezien;imago;onbekend;158694.33664031755;225305.532106298;4.493515491485596;51.337475662965225;FS0488;Kapellen/Brasschaat - De Uitlegger en omgeving;Brasschaat;Brasschaat;Antwerpen;Site;J;Goedgekeurd op basis van kennisregels - nabijheid;1980-01-01;3;;15;Dagvlinders;Hesperiidae;2026-07-08;672;S;zeldzaam
396748868;396748868;Aardbeivlinder;Pyrgus malvae;2026-04-30;4;2026-05-06;1;ter plaatse;gezien;imago;onbekend;159199.52112456015;225451.0812559724;4.500768184661865;51.338775958214136;FS0488;Brasschaat/Kalmthout - Klein Schietveld;Brasschaat;Brasschaat;Antwerpen;Site;J;Goedgekeurd op basis van kennisregels - nabijheid;1980-01-01;3;;7;Dagvlinders;Hesperiidae;2026-07-08;672;S;zeldzaam
396748639;396748639;Aardbeivlinder;Pyrgus malvae;2026-04-29;4;2026-05-06;1;ter plaatse;gezien;imago;onbekend;158810.97223617876;225308.71340459213;4.495189189910889;51.33750247354895;FS0488;Kapellen/Brasschaat - De Uitlegger en omgeving;Brasschaat;Brasschaat;Antwerpen;Site;J;Goedgekeurd op basis van kennisregels - nabijheid;1980-01-01;3;;15;Dagvlinders;Hesperiidae;2026-07-08;672;S;zeldzaam
191326697;191326697;Aardbeivlinder;Pyrgus malvae;2020-05-14;5;2020-05-14;1;ter plaatse;gezien;imago;onbekend;158926.57409216312;225582.1361688329;4.49685478210449;51.339958190918;FS0488;Kapellen/Brasschaat - De Uitlegger en omgeving;Brasschaat;Brasschaat;Antwerpen;ObsMapp;J;Goedgekeurd op basis van kennisregels - nabijheid;2007-01-01;3;;25;Dagvlinders;Hesperiidae;2026-07-08;672;S;zeldzaam
396748553;396748553;Aardbeivlinder;Pyrgus malvae;2026-04-29;4;2026-05-06;1;ter plaatse;gezien;imago;onbekend;158757.74165092528;225393.33292775787;4.494427442550659;51.33826384568968;FS0488;Kapellen/Brasschaat - De Uitlegger en omgeving;Brasschaat;Brasschaat;Antwerpen;Site;J;Goedgekeurd op basis van kennisregels - nabijheid;1980-01-01;3;;15;Dagvlinders;Hesperiidae;2026-07-08;672;S;zeldzaam
191326685;191326685;Aardbeivlinder;Pyrgus malvae;2020-05-14;5;2020-05-14;1;ter plaatse;gezien;imago;onbekend;158661.52823456304;225370.3201616602;4.49304628372192;51.3380584716797;FS0488;Kapellen/Brasschaat - De Uitlegger en omgeving;Brasschaat;Brasschaat;Antwerpen;ObsMapp;J;Goedgekeurd op basis van kennisregels - nabijheid;2007-01-01;3;;25;Dagvlinders;Hesperiidae;2026-07-08;672;S;zeldzaam
191326694;191326694;Aardbeivlinder;Pyrgus malvae;2020-05-14;5;2020-05-14;1;ter plaatse;gezien;imago;onbekend;158985.83393594055;225518.15124032088;4.49770355224609;51.3393821716309;FS0488;Kapellen/Brasschaat - De Uitlegger en omgeving;Brasschaat;Brasschaat;Antwerpen;ObsMapp;J;Goedgekeurd op basis van kennisregels - nabijheid;2007-01-01;3;;25;Dagvlinders;Hesperiidae;2026-07-08;672;S;zeldzaam
396748420;396748420;Aardbeivlinder;Pyrgus malvae;2026-04-29;4;2026-05-06;1;ter plaatse;gezien;imago;onbekend;158922.7336988819;225535.6050529024;4.496798515319824;51.33954003203149;FS0488;Kapellen/Brasschaat - De Uitlegger en omgeving;Brasschaat;Brasschaat;Antwerpen;Site;J;Goedgekeurd op basis van kennisregels - nabijheid;1980-01-01;3;;30;Dagvlinders;Hesperiidae;2026-07-08;672;S;zeldzaam
401503984;401503984;Aardbeivlinder;Pyrgus malvae;2026-05-25;5;2026-05-28;1;ter plaatse;gezien;imago;onbekend;158715.22416492453;225333.9053788828;4.493815898895264;51.33773036287752;FS0488;Kapellen/Brasschaat - De Uitlegger en omgeving;Brasschaat;Brasschaat;Antwerpen;Site;J;Goedgekeurd op basis van kennisregels - nabijheid;1980-01-01;3;;15;Dagvlinders;Hesperiidae;2026-07-08;672;S;zeldzaam
243193873;243193873;Aardbeivlinder;Pyrgus malvae;2022-05-27;5;2022-05-27;1;ter plaatse;gezien;imago;onbekend;159277.30338004918;225230.4842217723;4.50187862;51.33679199;FS0488;Brasschaat/Kalmthout - Klein Schietveld;Brasschaat;Brasschaat;Antwerpen;Site;J;Goedgekeurd op basis van kennisregels - nabijheid;1980-01-01;3;;10;Dagvlinders;Hesperiidae;2026-07-08;672;S;zeldzaam
243193952;243193952;Aardbeivlinder;Pyrgus malvae;2022-05-27;5;2022-05-27;1;ter plaatse;gezien;imago;onbekend;159269.0269279008;225252.47879045084;4.50176043;51.33698981;FS0488;Brasschaat/Kalmthout - Klein Schietveld;Brasschaat;Brasschaat;Antwerpen;Site;J;Goedgekeurd op basis van kennisregels - nabijheid;1980-01-01;3;;10;Dagvlinders;Hesperiidae;2026-07-08;672;S;zeldzaam
243194135;243194135;Aardbeivlinder;Pyrgus malvae;2022-05-27;5;2022-05-27;1;ter plaatse;gezien;imago;onbekend;159203.27051447757;225431.7199809933;4.50082149;51.33860188;FS0488;Brasschaat/Kalmthout - Klein Schietveld;Brasschaat;Brasschaat;Antwerpen;Site;J;Goedgekeurd op basis van kennisregels - nabijheid;1980-01-01;3;"Vorm ""taras"".";10;Dagvlinders;Hesperiidae;2026-07-08;672;S;zeldzaam
217445708;217445708;Aardbeivlinder;Pyrgus malvae;2021-06-16;6;2021-06-18;3;ter plaatse;gezien;imago;onbekend;158743.7805896483;225248.9396390887;4.49422359;51.33696626;FS0488;Kapellen/Brasschaat - De Uitlegger en omgeving;Brasschaat;Brasschaat;Antwerpen;Site;J;Goedgekeurd op basis van kennisregels - nabijheid;1980-01-01;3;;10;Dagvlinders;Hesperiidae;2026-07-08;672;S;zeldzaam
217445719;217445719;Aardbeivlinder;Pyrgus malvae;2021-06-16;6;2021-06-18;1;ter plaatse;gezien;imago;onbekend;158715.1800119129;225346.03233879711;4.49381556;51.33783936;FS0488;Kapellen/Brasschaat - De Uitlegger en omgeving;Brasschaat;Brasschaat;Antwerpen;Site;J;Goedgekeurd op basis van kennisregels - nabijheid;1980-01-01;3;;10;Dagvlinders;Hesperiidae;2026-07-08;672;S;zeldzaam
401503944;401503944;Aardbeivlinder;Pyrgus malvae;2026-05-25;5;2026-05-28;1;ter plaatse;gezien;imago;onbekend;158683.8613351112;225309.98884329107;4.493365287780762;51.33751587883492;FS0488;Kapellen/Brasschaat - De Uitlegger en omgeving;Brasschaat;Brasschaat;Antwerpen;Site;J;Goedgekeurd op basis van kennisregels - nabijheid;1980-01-01;3;;15;Dagvlinders;Hesperiidae;2026-07-08;672;S;zeldzaam
401503902;401503902;Aardbeivlinder;Pyrgus malvae;2026-05-25;5;2026-05-28;1;ter plaatse;gezien;imago;onbekend;158670.45808283365;225277.15372420385;4.4931721687316895;51.33722096163777;FS0488;Kapellen/Brasschaat - De Uitlegger en omgeving;Brasschaat;Brasschaat;Antwerpen;Site;J;Goedgekeurd op basis van kennisregels - nabijheid;1980-01-01;3;;15;Dagvlinders;Hesperiidae;2026-07-08;672;S;zeldzaam
401502812;401502812;Aardbeivlinder;Pyrgus malvae;2026-05-24;5;2026-05-28;1;ter plaatse;gezien;imago;onbekend;159170.25956481398;225517.78982627764;4.500350000000026;51.339376;FS0488;Brasschaat/Kalmthout - Klein Schietveld;Brasschaat;Brasschaat;Antwerpen;Site;J;Goedgekeurd op basis van kennisregels - nabijheid;1980-01-01;3;;15;Dagvlinders;Hesperiidae;2026-07-08;672;S;zeldzaam
401501985;401501985;Aardbeivlinder;Pyrgus malvae;2026-05-23;5;2026-05-28;1;ter plaatse;gezien;imago;onbekend;158695.83203396414;225305.53463271167;4.493536949157715;51.337475662965225;FS0488;Kapellen/Brasschaat - De Uitlegger en omgeving;Brasschaat;Brasschaat;Antwerpen;Site;J;Goedgekeurd op basis van kennisregels - nabijheid;1980-01-01;3;;15;Dagvlinders;Hesperiidae;2026-07-08;672;S;zeldzaam
242035173;242035173;Aardbeivlinder;Pyrgus malvae;2022-05-18;5;2022-05-18;1;ter plaatse;onbekend;imago;onbekend;159450.34084077613;225134.36311928555;4.50435899;51.33592523;FS0488;Brasschaat/Kalmthout - Klein Schietveld;Brasschaat;Brasschaat;Antwerpen;Site;J;Goedgekeurd op basis van bewijsmateriaal;1980-01-01;3;;10;Dagvlinders;Hesperiidae;2026-07-08;672;S;zeldzaam
242034767;242034767;Aardbeivlinder;Pyrgus malvae;2022-05-18;5;2022-05-18;3;ter plaatse;onbekend;imago;onbekend;159254.1378696596;225301.0548809301;4.50154804;51.33742665;FS0488;Brasschaat/Kalmthout - Klein Schietveld;Brasschaat;Brasschaat;Antwerpen;Site;J;Goedgekeurd op basis van kennisregels - nabijheid;1980-01-01;3;;10;Dagvlinders;Hesperiidae;2026-07-08;672;S;zeldzaam
215682974;215682974;Aardbeivlinder;Pyrgus malvae;2021-06-02;6;2021-06-02;3;ter plaatse;onbekend;imago;onbekend;159153.45827703492;225575.159082463;4.50011037;51.3398919;FS0488;Brasschaat/Kalmthout - Klein Schietveld;Brasschaat;Brasschaat;Antwerpen;Site;J;Goedgekeurd op basis van bewijsmateriaal;1980-01-01;3;;10;Dagvlinders;Hesperiidae;2026-07-08;672;S;zeldzaam
192478204;192478204;Aardbeivlinder;Pyrgus malvae;2020-05-26;5;2020-05-26;3;ter plaatse;onbekend;imago;onbekend;158700.759295474;225348.77275385056;4.4936087;51.33786421;FS0488;Kapellen/Brasschaat - De Uitlegger en omgeving;Brasschaat;Brasschaat;Antwerpen;Site;J;Goedgekeurd op basis van bewijsmateriaal;1980-01-01;3;;10;Dagvlinders;Hesperiidae;2026-07-08;672;S;zeldzaam
243066643;243066643;Aardbeivlinder;Pyrgus malvae;2022-05-26;5;2022-05-26;1;ter plaatse;onbekend;imago;onbekend;159257.62741464385;225296.3303734781;4.50159799;51.33738413;FS0488;Brasschaat/Kalmthout - Klein Schietveld;Brasschaat;Brasschaat;Antwerpen;Site;J;Goedgekeurd op basis van kennisregels - nabijheid;1980-01-01;3;;10;Dagvlinders;Hesperiidae;2026-07-08;672;S;zeldzaam
213506767;213506767;Aardbeivlinder;Pyrgus malvae;2021-05-13;5;2021-05-13;1;ter plaatse;gezien;imago;onbekend;158829.29680793412;225494.11259204987;4.49545669555664;51.339168548584;FS0488;Kapellen/Brasschaat - De Uitlegger en omgeving;Brasschaat;Brasschaat;Antwerpen;ObsMapp;J;Goedgekeurd op basis van bewijsmateriaal;2007-01-01;3;;25;Dagvlinders;Hesperiidae;2026-07-08;672;S;zeldzaam
189550636;189550636;Aardbeivlinder;Pyrgus malvae;2020-04-24;4;2020-04-24;9;ter plaatse;gezien;imago;onbekend;158746.83496906544;225387.6572809033;4.4942708;51.338213;FS0488;Kapellen/Brasschaat - De Uitlegger en omgeving;Brasschaat;Brasschaat;Antwerpen;Site;J;Goedgekeurd op basis van bewijsmateriaal;1980-01-01;3;;7;Dagvlinders;Hesperiidae;2026-07-08;672;S;zeldzaam
242034560;242034560;Aardbeivlinder;Pyrgus malvae;2022-05-18;5;2022-05-18;1;ter plaatse;onbekend;imago;onbekend;159150.46246655716;225578.2768316781;4.50006746;51.33991997;FS0488;Brasschaat/Kalmthout - Klein Schietveld;Brasschaat;Brasschaat;Antwerpen;Site;J;Goedgekeurd op basis van kennisregels - nabijheid;1980-01-01;3;;10;Dagvlinders;Hesperiidae;2026-07-08;672;S;zeldzaam
215055378;215055378;Aardbeivlinder;Pyrgus malvae;2021-05-28;5;2021-05-28;24;ter plaatse;gezien;imago;onbekend;160306.8546845685;226517.8647224158;4.51668854;51.34834527;FS0589;  ;Brasschaat;Brasschaat;Antwerpen;Site;J;Goedgekeurd op basis van expertoordeel;1980-01-01;3;Bij het lopen van de aardbeivlinderroute op het klein schietveld samen met Frans Vorselmans.;10;Dagvlinders;Hesperiidae;2026-07-08;672;S;zeldzaam
240714042;240714042;Aardbeivlinder;Pyrgus malvae;2022-05-08;5;2022-05-08;2;ter plaatse;onbekend;imago;onbekend;159174.98042871995;225534.0911864955;4.50041816;51.33952244;FS0488;Brasschaat/Kalmthout - Klein Schietveld;Brasschaat;Brasschaat;Antwerpen;Site;J;Goedgekeurd op basis van kennisregels - nabijheid;1980-01-01;3;;100;Dagvlinders;Hesperiidae;2026-07-08;672;S;zeldzaam
239922854;239922854;Aardbeivlinder;Pyrgus malvae;2022-05-02;5;2022-05-02;3;ter plaatse;onbekend;imago;onbekend;159159.46843235323;225558.90463694185;4.5001962;51.33974571;FS0488;Brasschaat/Kalmthout - Klein Schietveld;Brasschaat;Brasschaat;Antwerpen;Site;J;Goedgekeurd op basis van bewijsmateriaal;1980-01-01;3;;10;Dagvlinders;Hesperiidae;2026-07-08;672;S;zeldzaam
217445639;217445639;Aardbeivlinder;Pyrgus malvae;2021-06-09;6;2021-06-18;3;ter plaatse;gezien;imago;onbekend;158699.48078727978;225358.4880533433;4.49359059;51.33795155;FS0488;Kapellen/Brasschaat - De Uitlegger en omgeving;Brasschaat;Brasschaat;Antwerpen;Site;J;Goedgekeurd op basis van kennisregels - nabijheid;1980-01-01;3;;10;Dagvlinders;Hesperiidae;2026-07-08;672;S;zeldzaam
217445623;217445623;Aardbeivlinder;Pyrgus malvae;2021-06-09;6;2021-06-18;3;ter plaatse;gezien;imago;onbekend;158718.94472740998;225344.3520114934;4.49386954;51.3378242;FS0488;Kapellen/Brasschaat - De Uitlegger en omgeving;Brasschaat;Brasschaat;Antwerpen;Site;J;Goedgekeurd op basis van kennisregels - nabijheid;1980-01-01;3;;10;Dagvlinders;Hesperiidae;2026-07-08;672;S;zeldzaam
192172112;192172112;Aardbeivlinder;Pyrgus malvae;2020-05-20;5;2020-05-23;1;ter plaatse;gezien;imago;onbekend;158777.8021287912;225399.13530799188;4.49471544;51.33831569;FS0488;Kapellen/Brasschaat - De Uitlegger en omgeving;Brasschaat;Brasschaat;Antwerpen;Site;J;Goedgekeurd op basis van kennisregels - nabijheid;1980-01-01;3;;10;Dagvlinders;Hesperiidae;2026-07-08;672;S;zeldzaam
189452869;189452869;Aardbeivlinder;Pyrgus malvae;2020-04-23;4;2020-04-23;5;ter plaatse;gezien;imago;onbekend;158726.98976904145;225369.82196768;4.4939856;51.338053;FS0488;Kapellen/Brasschaat - De Uitlegger en omgeving;Brasschaat;Brasschaat;Antwerpen;Site;J;Goedgekeurd op basis van bewijsmateriaal;1980-01-01;3;Tijdens lopen van de aardbeivlinderroute samen met Frans en Koen Vorsselmans;15;Dagvlinders;Hesperiidae;2026-07-08;672;S;zeldzaam
216652231;216652231;Aardbeivlinder;Pyrgus malvae;2021-06-11;6;2021-06-11;18;ter plaatse;gezien;imago;onbekend;158756.80197493464;225329.48517322075;4.4944124;51.33769;FS0488;Kapellen/Brasschaat - De Uitlegger en omgeving;Brasschaat;Brasschaat;Antwerpen;Site;J;Goedgekeurd op basis van expertoordeel;1980-01-01;3;Met Frans Vorselmans tijdens de aardbeivlinderroute;30;Dagvlinders;Hesperiidae;2026-07-08;672;S;zeldzaam
192171108;192171108;Aardbeivlinder;Pyrgus malvae;2020-05-07;5;2020-05-23;2;in copula;gezien;imago;onbekend;158694.23827338987;225363.6995203877;4.49351549;51.33799847;FS0488;Kapellen/Brasschaat - De Uitlegger en omgeving;Brasschaat;Brasschaat;Antwerpen;Site;J;Goedgekeurd op basis van kennisregels - nabijheid;1980-01-01;3;;10;Dagvlinders;Hesperiidae;2026-07-08;672;S;zeldzaam
215868988;215868988;Aardbeivlinder;Pyrgus malvae;2021-06-04;6;2021-06-04;36;ter plaatse;gezien;imago;onbekend;158736.26793802468;225360.1580757024;4.4941185;51.337966;FS0488;Kapellen/Brasschaat - De Uitlegger en omgeving;Brasschaat;Brasschaat;Antwerpen;Site;J;Goedgekeurd op basis van expertoordeel;1980-01-01;3;Tijdens aardbeivlinderroute samen met Frans Vorselmans;7;Dagvlinders;Hesperiidae;2026-07-08;672;S;zeldzaam
192172096;192172096;Aardbeivlinder;Pyrgus malvae;2020-05-20;5;2020-05-23;1;ter plaatse;gezien;imago;onbekend;158731.602326113;225375.6943135709;4.49405193;51.33810571;FS0488;Kapellen/Brasschaat - De Uitlegger en omgeving;Brasschaat;Brasschaat;Antwerpen;Site;J;Goedgekeurd op basis van kennisregels - nabijheid;1980-01-01;3;;10;Dagvlinders;Hesperiidae;2026-07-08;672;S;zeldzaam
192172084;192172084;Aardbeivlinder;Pyrgus malvae;2020-05-20;5;2020-05-23;1;ter plaatse;gezien;imago;onbekend;158682.27283949705;225365.17020671628;4.49334383;51.33801187;FS0488;Kapellen/Brasschaat - De Uitlegger en omgeving;Brasschaat;Brasschaat;Antwerpen;Site;J;Goedgekeurd op basis van kennisregels - nabijheid;1980-01-01;3;;10;Dagvlinders;Hesperiidae;2026-07-08;672;S;zeldzaam
401501925;401501925;Aardbeivlinder;Pyrgus malvae;2026-05-23;5;2026-05-28;1;ter plaatse;gezien;imago;onbekend;158762.980002785;225390.66189460084;4.494502544403076;51.338239758456666;FS0488;Kapellen/Brasschaat - De Uitlegger en omgeving;Brasschaat;Brasschaat;Antwerpen;Site;J;Goedgekeurd op basis van kennisregels - nabijheid;1980-01-01;3;;15;Dagvlinders;Hesperiidae;2026-07-08;672;S;zeldzaam
192171380;192171380;Aardbeivlinder;Pyrgus malvae;2020-05-17;5;2020-05-23;1;ter plaatse;gezien;imago;onbekend;158826.9833453036;225291.8222289784;4.49541852;51.33735041;FS0488;Kapellen/Brasschaat - De Uitlegger en omgeving;Brasschaat;Brasschaat;Antwerpen;Site;J;Goedgekeurd op basis van kennisregels - nabijheid;1980-01-01;3;Sectie 7.;100;Dagvlinders;Hesperiidae;2026-07-08;672;S;zeldzaam
192171400;192171400;Aardbeivlinder;Pyrgus malvae;2020-05-17;5;2020-05-23;1;ter plaatse;gezien;imago;onbekend;158736.3218443193;225238.4863257436;4.49411631;51.33687242;FS0488;Kapellen/Brasschaat - De Uitlegger en omgeving;Brasschaat;Brasschaat;Antwerpen;Site;J;Goedgekeurd op basis van kennisregels - nabijheid;1980-01-01;3;Sectie 10.;10;Dagvlinders;Hesperiidae;2026-07-08;672;S;zeldzaam
192171423;192171423;Aardbeivlinder;Pyrgus malvae;2020-05-17;5;2020-05-23;3;ter plaatse;gezien;imago;onbekend;158715.2924332514;225293.6356847249;4.4938159;51.33736842;FS0488;Kapellen/Brasschaat - De Uitlegger en omgeving;Brasschaat;Brasschaat;Antwerpen;Site;J;Goedgekeurd op basis van kennisregels - nabijheid;1980-01-01;3;Sectie 12.;10;Dagvlinders;Hesperiidae;2026-07-08;672;S;zeldzaam
192172062;192172062;Aardbeivlinder;Pyrgus malvae;2020-05-20;5;2020-05-23;1;ter plaatse;gezien;imago;onbekend;158689.81027316177;225329.38831621505;4.49345112;51.33769015;FS0488;Kapellen/Brasschaat - De Uitlegger en omgeving;Brasschaat;Brasschaat;Antwerpen;Site;J;Goedgekeurd op basis van kennisregels - nabijheid;1980-01-01;3;;10;Dagvlinders;Hesperiidae;2026-07-08;672;S;zeldzaam
192172043;192172043;Aardbeivlinder;Pyrgus malvae;2020-05-20;5;2020-05-23;2;ter plaatse;gezien;imago;onbekend;158725.7296118323;225311.5506722005;4.4939661;51.33752928;FS0488;Kapellen/Brasschaat - De Uitlegger en omgeving;Brasschaat;Brasschaat;Antwerpen;Site;J;Goedgekeurd op basis van kennisregels - nabijheid;1980-01-01;3;;10;Dagvlinders;Hesperiidae;2026-07-08;672;S;zeldzaam
401501749;401501749;Aardbeivlinder;Pyrgus malvae;2026-05-23;5;2026-05-28;1;ter plaatse;gezien;imago;onbekend;158883.94786406177;225481.84695798624;4.496240615844727;51.339057460576;FS0488;Kapellen/Brasschaat - De Uitlegger en omgeving;Brasschaat;Brasschaat;Antwerpen;Site;J;Goedgekeurd op basis van kennisregels - nabijheid;1980-01-01;3;;15;Dagvlinders;Hesperiidae;2026-07-08;672;S;zeldzaam
192172021;192172021;Aardbeivlinder;Pyrgus malvae;2020-05-20;5;2020-05-23;1;ter plaatse;gezien;imago;onbekend;158701.81614055036;225304.05353145025;4.49362278;51.33746226;FS0488;Kapellen/Brasschaat - De Uitlegger en omgeving;Brasschaat;Brasschaat;Antwerpen;Site;J;Goedgekeurd op basis van kennisregels - nabijheid;1980-01-01;3;;10;Dagvlinders;Hesperiidae;2026-07-08;672;S;zeldzaam
192172012;192172012;Aardbeivlinder;Pyrgus malvae;2020-05-20;5;2020-05-23;1;ter plaatse;gezien;imago;onbekend;158692.8611341431;225293.59774893709;4.49349403;51.33736842;FS0488;Kapellen/Brasschaat - De Uitlegger en omgeving;Brasschaat;Brasschaat;Antwerpen;Site;J;Goedgekeurd op basis van kennisregels - nabijheid;1980-01-01;3;;10;Dagvlinders;Hesperiidae;2026-07-08;672;S;zeldzaam
192172002;192172002;Aardbeivlinder;Pyrgus malvae;2020-05-20;5;2020-05-23;1;ter plaatse;gezien;imago;onbekend;158688.39781412832;225280.1666796077;4.49342966;51.33724777;FS0488;Kapellen/Brasschaat - De Uitlegger en omgeving;Brasschaat;Brasschaat;Antwerpen;Site;J;Goedgekeurd op basis van kennisregels - nabijheid;1980-01-01;3;;10;Dagvlinders;Hesperiidae;2026-07-08;672;S;zeldzaam
192171886;192171886;Aardbeivlinder;Pyrgus malvae;2020-05-20;5;2020-05-23;2;ter plaatse;gezien;imago;onbekend;158691.40908977363;225268.24023012535;4.49347258;51.33714053;FS0488;Kapellen/Brasschaat - De Uitlegger en omgeving;Brasschaat;Brasschaat;Antwerpen;Site;J;Goedgekeurd op basis van kennisregels - nabijheid;1980-01-01;3;;10;Dagvlinders;Hesperiidae;2026-07-08;672;S;zeldzaam
192171443;192171443;Aardbeivlinder;Pyrgus malvae;2020-05-17;5;2020-05-23;3;ter plaatse;gezien;imago;onbekend;158689.8379745557;225312.9819446355;4.49345112;51.33754269;FS0488;Kapellen/Brasschaat - De Uitlegger en omgeving;Brasschaat;Brasschaat;Antwerpen;Site;J;Goedgekeurd op basis van kennisregels - nabijheid;1980-01-01;3;Sectie 13.;10;Dagvlinders;Hesperiidae;2026-07-08;672;S;zeldzaam
192171858;192171858;Aardbeivlinder;Pyrgus malvae;2020-05-20;5;2020-05-23;1;ter plaatse;gezien;imago;onbekend;158818.06170428274;225398.70234321523;4.49529313;51.33831118;FS0488;Kapellen/Brasschaat - De Uitlegger en omgeving;Brasschaat;Brasschaat;Antwerpen;Site;J;Goedgekeurd op basis van kennisregels - nabijheid;1980-01-01;3;;10;Dagvlinders;Hesperiidae;2026-07-08;672;S;zeldzaam
192171460;192171460;Aardbeivlinder;Pyrgus malvae;2020-05-17;5;2020-05-23;2;ter plaatse;gezien;imago;onbekend;158683.79857613269;225347.2754744375;4.49336529;51.33785101;FS0488;Kapellen/Brasschaat - De Uitlegger en omgeving;Brasschaat;Brasschaat;Antwerpen;Site;J;Goedgekeurd op basis van kennisregels - nabijheid;1980-01-01;3;Sectie 14.;10;Dagvlinders;Hesperiidae;2026-07-08;672;S;zeldzaam
192171474;192171474;Aardbeivlinder;Pyrgus malvae;2020-05-17;5;2020-05-23;1;ter plaatse;gezien;imago;onbekend;158710.70043151485;225356.2695889473;4.49375153;51.33793144;FS0488;Kapellen/Brasschaat - De Uitlegger en omgeving;Brasschaat;Brasschaat;Antwerpen;Site;J;Goedgekeurd op basis van kennisregels - nabijheid;1980-01-01;3;Sectie 14.;10;Dagvlinders;Hesperiidae;2026-07-08;672;S;zeldzaam
192171508;192171508;Aardbeivlinder;Pyrgus malvae;2020-05-17;5;2020-05-23;1;ter plaatse;gezien;imago;onbekend;158764.17744258355;225428.43915735465;4.49452065;51.33857928;FS0488;Kapellen/Brasschaat - De Uitlegger en omgeving;Brasschaat;Brasschaat;Antwerpen;Site;J;Goedgekeurd op basis van kennisregels - nabijheid;1980-01-01;3;;10;Dagvlinders;Hesperiidae;2026-07-08;672;S;zeldzaam
192171624;192171624;Aardbeivlinder;Pyrgus malvae;2020-05-19;5;2020-05-23;1;ter plaatse;gezien;imago;onbekend;159159.71410836262;225552.42639002015;4.50019956;51.33968748;FS0488;Brasschaat/Kalmthout - Klein Schietveld;Brasschaat;Brasschaat;Antwerpen;Site;J;Goedgekeurd op basis van kennisregels - nabijheid;1980-01-01;3;;10;Dagvlinders;Hesperiidae;2026-07-08;672;S;zeldzaam
192171617;192171617;Aardbeivlinder;Pyrgus malvae;2020-05-19;5;2020-05-23;1;ter plaatse;gezien;imago;onbekend;159184.49857071784;225489.8310393272;4.50055361;51.33912448;FS0488;Brasschaat/Kalmthout - Klein Schietveld;Brasschaat;Brasschaat;Antwerpen;Site;J;Goedgekeurd op basis van kennisregels - nabijheid;1980-01-01;3;;10;Dagvlinders;Hesperiidae;2026-07-08;672;S;zeldzaam
192171593;192171593;Aardbeivlinder;Pyrgus malvae;2020-05-19;5;2020-05-23;1;ter plaatse;gezien;imago;onbekend;159204.05000460905;225427.2264627861;4.50083256;51.33856148;FS0488;Brasschaat/Kalmthout - Klein Schietveld;Brasschaat;Brasschaat;Antwerpen;Site;J;Goedgekeurd op basis van kennisregels - nabijheid;1980-01-01;3;;10;Dagvlinders;Hesperiidae;2026-07-08;672;S;zeldzaam
192171556;192171556;Aardbeivlinder;Pyrgus malvae;2020-05-19;5;2020-05-23;1;ter plaatse;gezien;imago;onbekend;159273.17477230306;225239.42543465644;4.50181961;51.33687242;FS0488;Brasschaat/Kalmthout - Klein Schietveld;Brasschaat;Brasschaat;Antwerpen;Site;J;Goedgekeurd op basis van kennisregels - nabijheid;1980-01-01;3;;10;Dagvlinders;Hesperiidae;2026-07-08;672;S;zeldzaam
241651320;241651320;Aardbeivlinder;Pyrgus malvae;2022-05-14;5;2022-05-15;1;ter plaatse;gezien;imago;onbekend;158782.3775203275;225415.30365256316;4.49478149;51.33846094;FS0488;Kapellen/Brasschaat - De Uitlegger en omgeving;Brasschaat;Brasschaat;Antwerpen;Site;J;Goedgekeurd op basis van kennisregels - nabijheid;1980-01-01;3;;10;Dagvlinders;Hesperiidae;2026-07-08;672;S;zeldzaam
397897822;397897822;Aardbeivlinder;Pyrgus malvae;2026-05-10;5;2026-05-11;1;ter plaatse;gezien;imago;onbekend;158719.62693444858;225383.13100499756;4.493880271911621;51.33817273304599;FS0488;Kapellen/Brasschaat - De Uitlegger en omgeving;Brasschaat;Brasschaat;Antwerpen;Site;J;Goedgekeurd op basis van kennisregels - nabijheid;1980-01-01;3;;30;Dagvlinders;Hesperiidae;2026-07-08;672;S;zeldzaam
397897858;397897858;Aardbeivlinder;Pyrgus malvae;2026-05-10;5;2026-05-11;1;ter plaatse;gezien;imago;onbekend;158722.6859256833;225342.86681235305;4.493923187255859;51.33781079413477;FS0488;Kapellen/Brasschaat - De Uitlegger en omgeving;Brasschaat;Brasschaat;Antwerpen;Site;J;Goedgekeurd op basis van kennisregels - nabijheid;1980-01-01;3;;7;Dagvlinders;Hesperiidae;2026-07-08;672;S;zeldzaam
397897919;397897919;Aardbeivlinder;Pyrgus malvae;2026-05-10;5;2026-05-11;1;ter plaatse;gezien;imago;onbekend;158715.23805569162;225325.7023290228;4.493815898895264;51.33765663410109;FS0488;Kapellen/Brasschaat - De Uitlegger en omgeving;Brasschaat;Brasschaat;Antwerpen;Site;J;Goedgekeurd op basis van kennisregels - nabijheid;1980-01-01;3;;7;Dagvlinders;Hesperiidae;2026-07-08;672;S;zeldzaam
213788094;213788094;Aardbeivlinder;Pyrgus malvae;2021-05-12;5;2021-05-15;1;ter plaatse;gezien;imago;onbekend;158778.63050281783;225420.51758737955;4.49472785;51.33850786;FS0488;Kapellen/Brasschaat - De Uitlegger en omgeving;Brasschaat;Brasschaat;Antwerpen;Site;J;Goedgekeurd op basis van kennisregels - nabijheid;1980-01-01;3;;10;Dagvlinders;Hesperiidae;2026-07-08;672;S;zeldzaam
397897983;397897983;Aardbeivlinder;Pyrgus malvae;2026-05-10;5;2026-05-11;1;ter plaatse;gezien;imago;onbekend;158665.07852910628;225363.64995515533;4.4930970668792725;51.33799846651952;FS0488;Kapellen/Brasschaat - De Uitlegger en omgeving;Brasschaat;Brasschaat;Antwerpen;Site;J;Goedgekeurd op basis van kennisregels - nabijheid;1980-01-01;3;;7;Dagvlinders;Hesperiidae;2026-07-08;672;S;zeldzaam
217445536;217445536;Aardbeivlinder;Pyrgus malvae;2021-06-09;6;2021-06-18;1;ter plaatse;gezien;imago;onbekend;158868.96108992933;225501.2092517;4.49602604;51.33923172;FS0488;Kapellen/Brasschaat - De Uitlegger en omgeving;Brasschaat;Brasschaat;Antwerpen;Site;J;Goedgekeurd op basis van kennisregels - nabijheid;1980-01-01;3;;10;Dagvlinders;Hesperiidae;2026-07-08;672;S;zeldzaam
217445553;217445553;Aardbeivlinder;Pyrgus malvae;2021-06-09;6;2021-06-18;1;ter plaatse;gezien;imago;onbekend;158737.8065946044;225244.4546124721;4.49413776;51.33692604;FS0488;Kapellen/Brasschaat - De Uitlegger en omgeving;Brasschaat;Brasschaat;Antwerpen;Site;J;Goedgekeurd op basis van kennisregels - nabijheid;1980-01-01;3;;10;Dagvlinders;Hesperiidae;2026-07-08;672;S;zeldzaam
217445570;217445570;Aardbeivlinder;Pyrgus malvae;2021-06-09;6;2021-06-18;1;ter plaatse;gezien;imago;onbekend;158680.14203986785;225284.82233591657;4.49331131;51.33728974;FS0488;Kapellen/Brasschaat - De Uitlegger en omgeving;Brasschaat;Brasschaat;Antwerpen;Site;J;Goedgekeurd op basis van kennisregels - nabijheid;1980-01-01;3;;10;Dagvlinders;Hesperiidae;2026-07-08;672;S;zeldzaam
354652905;354652905;Aardbeivlinder;Pyrgus malvae;2025-05-19;5;2025-06-05;1;ter plaatse;gezien;imago;onbekend;158710.33412833544;225351.64319373012;4.4937461614608765;51.33788986378788;FS0488;Kapellen/Brasschaat - De Uitlegger en omgeving;Brasschaat;Brasschaat;Antwerpen;Site;J;Goedgekeurd op basis van kennisregels - nabijheid;1980-01-01;3;;7;Dagvlinders;Hesperiidae;2026-07-08;672;S;zeldzaam
217445600;217445600;Aardbeivlinder;Pyrgus malvae;2021-06-09;6;2021-06-18;1;ter plaatse;gezien;imago;onbekend;158682.3313387912;225330.49385809992;4.49334383;51.3377002;FS0488;Kapellen/Brasschaat - De Uitlegger en omgeving;Brasschaat;Brasschaat;Antwerpen;Site;J;Goedgekeurd op basis van kennisregels - nabijheid;1980-01-01;3;;10;Dagvlinders;Hesperiidae;2026-07-08;672;S;zeldzaam
354649559;354649559;Aardbeivlinder;Pyrgus malvae;2025-05-16;5;2025-06-05;1;ter plaatse;gezien;imago;onbekend;158794.11720708178;225108.5202536024;4.494942426681519;51.33570340671378;FS0488;Kapellen/Brasschaat - De Uitlegger en omgeving;Brasschaat;Brasschaat;Antwerpen;Site;J;Goedgekeurd op basis van kennisregels - nabijheid;1980-01-01;3;;15;Dagvlinders;Hesperiidae;2026-07-08;672;S;zeldzaam
354245572;354245572;Aardbeivlinder;Pyrgus malvae;2025-05-31;5;2025-06-03;1;ter plaatse;gezien;imago;onbekend;158721.20065207788;225336.8984352909;4.49390172958374;51.33775717331229;FS0488;Kapellen/Brasschaat - De Uitlegger en omgeving;Brasschaat;Brasschaat;Antwerpen;Site;J;Goedgekeurd op basis van kennisregels - nabijheid;1980-01-01;3;Meetnetten Aardbeivlinder KSV - Sectie 13.;15;Dagvlinders;Hesperiidae;2026-07-08;672;S;zeldzaam
354245376;354245376;Aardbeivlinder;Pyrgus malvae;2025-05-31;5;2025-06-03;1;ter plaatse;gezien;imago;onbekend;158827.4931784777;225266.98027189355;4.495425224304199;51.337127123949855;FS0488;Kapellen/Brasschaat - De Uitlegger en omgeving;Brasschaat;Brasschaat;Antwerpen;Site;J;Goedgekeurd op basis van kennisregels - nabijheid;1980-01-01;3;Meetnetten Aardbeivlinder KSV - Sectie 8.;15;Dagvlinders;Hesperiidae;2026-07-08;672;S;zeldzaam
354245261;354245261;Aardbeivlinder;Pyrgus malvae;2025-05-31;5;2025-06-03;1;ter plaatse;gezien;imago;onbekend;158827.3959768731;225323.65626480803;4.495425224304199;51.337636526232366;FS0488;Kapellen/Brasschaat - De Uitlegger en omgeving;Brasschaat;Brasschaat;Antwerpen;Site;J;Goedgekeurd op basis van kennisregels - nabijheid;1980-01-01;3;Meetnetten Aardbeivlinder KSV - Sectie 7.;15;Dagvlinders;Hesperiidae;2026-07-08;672;S;zeldzaam
354244634;354244634;Aardbeivlinder;Pyrgus malvae;2025-05-31;5;2025-06-03;1;ter plaatse;gezien;imago;onbekend;158892.1598892796;225489.01531047;4.496358633041382;51.33912176184022;FS0488;Kapellen/Brasschaat - De Uitlegger en omgeving;Brasschaat;Brasschaat;Antwerpen;Site;J;Goedgekeurd op basis van kennisregels - nabijheid;1980-01-01;3;Meetnetten Aardbeivlinder KSV - Sectie 1.;15;Dagvlinders;Hesperiidae;2026-07-08;672;S;zeldzaam
274273965;274273965;Aardbeivlinder;Pyrgus malvae;2023-05-28;5;2023-05-31;3;ter plaatse;gezien;imago;onbekend;158665.8892995983;225326.36509799023;4.4931078;51.33766334;FS0488;Kapellen/Brasschaat - De Uitlegger en omgeving;Brasschaat;Brasschaat;Antwerpen;Site;J;Goedgekeurd op basis van kennisregels - nabijheid;1980-01-01;3;;10;Dagvlinders;Hesperiidae;2026-07-08;672;S;zeldzaam
274274010;274274010;Aardbeivlinder;Pyrgus malvae;2023-05-28;5;2023-05-31;1;ter plaatse;gezien;imago;onbekend;158715.27854225563;225301.8388697049;4.4938159;51.33744215;FS0488;Kapellen/Brasschaat - De Uitlegger en omgeving;Brasschaat;Brasschaat;Antwerpen;Site;J;Goedgekeurd op basis van kennisregels - nabijheid;1980-01-01;3;;10;Dagvlinders;Hesperiidae;2026-07-08;672;S;zeldzaam
274274044;274274044;Aardbeivlinder;Pyrgus malvae;2023-05-28;5;2023-05-31;1;ter plaatse;gezien;imago;onbekend;158716.7324190977;225326.45095893185;4.49383736;51.33766334;FS0488;Kapellen/Brasschaat - De Uitlegger en omgeving;Brasschaat;Brasschaat;Antwerpen;Site;J;Goedgekeurd op basis van kennisregels - nabijheid;1980-01-01;3;;10;Dagvlinders;Hesperiidae;2026-07-08;672;S;zeldzaam
274274083;274274083;Aardbeivlinder;Pyrgus malvae;2023-05-28;5;2023-05-31;1;ter plaatse;gezien;imago;onbekend;158714.436061373;225357.76791137084;4.49380517;51.33794485;FS0488;Kapellen/Brasschaat - De Uitlegger en omgeving;Brasschaat;Brasschaat;Antwerpen;Site;J;Goedgekeurd op basis van kennisregels - nabijheid;1980-01-01;3;;10;Dagvlinders;Hesperiidae;2026-07-08;672;S;zeldzaam
274274120;274274120;Aardbeivlinder;Pyrgus malvae;2023-05-28;5;2023-05-31;1;ter plaatse;gezien;imago;onbekend;158673.32795377553;225348.7487038244;4.49321508;51.33786441;FS0488;Kapellen/Brasschaat - De Uitlegger en omgeving;Brasschaat;Brasschaat;Antwerpen;Site;J;Goedgekeurd op basis van kennisregels - nabijheid;1980-01-01;3;;10;Dagvlinders;Hesperiidae;2026-07-08;672;S;zeldzaam
311006183;311006183;Aardbeivlinder;Pyrgus malvae;2024-05-22;5;2024-05-22;1;ter plaatse;gezien;imago;onbekend;158700.48455011038;225359.1773378216;4.49360501;51.33795773;FS0488;Kapellen/Brasschaat - De Uitlegger en omgeving;Brasschaat;Brasschaat;Antwerpen;Site;J;Goedgekeurd op basis van kennisregels - nabijheid;1980-01-01;3;;10;Dagvlinders;Hesperiidae;2026-07-08;672;S;zeldzaam
215801734;215801734;Aardbeivlinder;Pyrgus malvae;2021-06-01;6;2021-06-03;2;ter plaatse;gezien;imago;onbekend;158971.5427545396;224556.48800915663;4.49747443;51.33073901;FS0487;Brasschaat - Fort;Brasschaat;Brasschaat;Antwerpen;Site;J;Goedgekeurd op basis van expertoordeel;1980-01-01;3;;10;Dagvlinders;Hesperiidae;2026-07-08;672;S;zeldzaam
215796964;215796964;Aardbeivlinder;Pyrgus malvae;2021-06-01;6;2021-06-03;1;ter plaatse;gezien;imago;onbekend;158686.04874732983;225342.80438891705;4.49339747;51.33781079;FS0488;Kapellen/Brasschaat - De Uitlegger en omgeving;Brasschaat;Brasschaat;Antwerpen;Site;J;Goedgekeurd op basis van kennisregels - nabijheid;1980-01-01;3;;10;Dagvlinders;Hesperiidae;2026-07-08;672;S;zeldzaam
215796943;215796943;Aardbeivlinder;Pyrgus malvae;2021-06-01;6;2021-06-03;2;ter plaatse;gezien;imago;onbekend;158700.22729741587;225359.2347582104;4.49360132;51.33795825;FS0488;Kapellen/Brasschaat - De Uitlegger en omgeving;Brasschaat;Brasschaat;Antwerpen;Site;J;Goedgekeurd op basis van kennisregels - nabijheid;1980-01-01;3;;10;Dagvlinders;Hesperiidae;2026-07-08;672;S;zeldzaam
272594068;272594068;Aardbeivlinder;Pyrgus malvae;2023-05-19;5;2023-05-20;1;ter plaatse;gezien;imago;onbekend;158665.1302251357;225333.07503093127;4.49309707;51.33772366;FS0488;Kapellen/Brasschaat - De Uitlegger en omgeving;Brasschaat;Brasschaat;Antwerpen;Site;J;Goedgekeurd op basis van kennisregels - nabijheid;1980-01-01;3;;10;Dagvlinders;Hesperiidae;2026-07-08;672;S;zeldzaam
311006075;311006075;Aardbeivlinder;Pyrgus malvae;2024-05-22;5;2024-05-22;1;ter plaatse;gezien;imago;onbekend;158698.75318346883;225346.55528599303;4.49357986;51.33784431;FS0488;Kapellen/Brasschaat - De Uitlegger en omgeving;Brasschaat;Brasschaat;Antwerpen;Site;J;Goedgekeurd op basis van kennisregels - nabijheid;1980-01-01;3;;10;Dagvlinders;Hesperiidae;2026-07-08;672;S;zeldzaam
215796909;215796909;Aardbeivlinder;Pyrgus malvae;2021-06-01;6;2021-06-03;1;ter plaatse;gezien;imago;onbekend;158737.61668876102;225356.3152147029;4.49413776;51.33793144;FS0488;Kapellen/Brasschaat - De Uitlegger en omgeving;Brasschaat;Brasschaat;Antwerpen;Site;J;Goedgekeurd op basis van kennisregels - nabijheid;1980-01-01;3;;10;Dagvlinders;Hesperiidae;2026-07-08;672;S;zeldzaam
215796852;215796852;Aardbeivlinder;Pyrgus malvae;2021-06-01;6;2021-06-03;2;ter plaatse;gezien;imago;onbekend;158704.04308041345;225313.7513916269;4.49365497;51.33754939;FS0488;Kapellen/Brasschaat - De Uitlegger en omgeving;Brasschaat;Brasschaat;Antwerpen;Site;J;Goedgekeurd op basis van kennisregels - nabijheid;1980-01-01;3;;10;Dagvlinders;Hesperiidae;2026-07-08;672;S;zeldzaam
215796830;215796830;Aardbeivlinder;Pyrgus malvae;2021-06-01;6;2021-06-03;1;ter plaatse;gezien;imago;onbekend;158674.17557145777;225275.8636259092;4.49322548;51.33720931;FS0488;Kapellen/Brasschaat - De Uitlegger en omgeving;Brasschaat;Brasschaat;Antwerpen;Site;J;Goedgekeurd op basis van kennisregels - nabijheid;1980-01-01;3;;10;Dagvlinders;Hesperiidae;2026-07-08;672;S;zeldzaam
215796806;215796806;Aardbeivlinder;Pyrgus malvae;2021-06-01;6;2021-06-03;1;ter plaatse;gezien;imago;onbekend;158704.12625603823;225250.55912706163;4.49365463;51.33698142;FS0488;Kapellen/Brasschaat - De Uitlegger en omgeving;Brasschaat;Brasschaat;Antwerpen;Site;J;Goedgekeurd op basis van kennisregels - nabijheid;1980-01-01;3;;10;Dagvlinders;Hesperiidae;2026-07-08;672;S;zeldzaam
215796786;215796786;Aardbeivlinder;Pyrgus malvae;2021-06-01;6;2021-06-03;1;ter plaatse;gezien;imago;onbekend;158734.0721545656;225242.21083333905;4.49408412;51.33690593;FS0488;Kapellen/Brasschaat - De Uitlegger en omgeving;Brasschaat;Brasschaat;Antwerpen;Site;J;Goedgekeurd op basis van kennisregels - nabijheid;1980-01-01;3;;10;Dagvlinders;Hesperiidae;2026-07-08;672;S;zeldzaam
215796752;215796752;Aardbeivlinder;Pyrgus malvae;2021-06-01;6;2021-06-03;2;ter plaatse;gezien;imago;onbekend;158824.23804903254;225407.36785699052;4.49538197;51.33838897;FS0488;Kapellen/Brasschaat - De Uitlegger en omgeving;Brasschaat;Brasschaat;Antwerpen;Site;J;Goedgekeurd op basis van kennisregels - nabijheid;1980-01-01;3;;10;Dagvlinders;Hesperiidae;2026-07-08;672;S;zeldzaam
215796678;215796678;Aardbeivlinder;Pyrgus malvae;2021-06-01;6;2021-06-03;1;ter plaatse;gezien;imago;onbekend;159106.45320926764;225652.25584951788;4.49943781;51.34058559;FS0488;Kapellen/Brasschaat - De Uitlegger en omgeving;Brasschaat;Brasschaat;Antwerpen;Site;J;Goedgekeurd op basis van kennisregels - nabijheid;1980-01-01;3;;10;Dagvlinders;Hesperiidae;2026-07-08;672;S;zeldzaam
215796650;215796650;Aardbeivlinder;Pyrgus malvae;2021-06-01;6;2021-06-03;1;ter plaatse;gezien;imago;onbekend;159288.1937052744;225203.6567938132;4.50203419;51.33655069;FS0488;Brasschaat/Kalmthout - Klein Schietveld;Brasschaat;Brasschaat;Antwerpen;Site;J;Goedgekeurd op basis van kennisregels - nabijheid;1980-01-01;3;;10;Dagvlinders;Hesperiidae;2026-07-08;672;S;zeldzaam
215796469;215796469;Aardbeivlinder;Pyrgus malvae;2021-05-20;5;2021-06-03;1;ter plaatse;gezien;imago;onbekend;158745.80852048929;225375.7184345238;4.49425578;51.33810571;FS0488;Kapellen/Brasschaat - De Uitlegger en omgeving;Brasschaat;Brasschaat;Antwerpen;Site;J;Goedgekeurd op basis van kennisregels - nabijheid;1980-01-01;3;;10;Dagvlinders;Hesperiidae;2026-07-08;672;S;zeldzaam
215796443;215796443;Aardbeivlinder;Pyrgus malvae;2021-05-20;5;2021-06-03;1;ter plaatse;gezien;imago;onbekend;158742.84352510175;225346.82470001743;4.49421253;51.33784606;FS0488;Kapellen/Brasschaat - De Uitlegger en omgeving;Brasschaat;Brasschaat;Antwerpen;Site;J;Goedgekeurd op basis van kennisregels - nabijheid;1980-01-01;3;;10;Dagvlinders;Hesperiidae;2026-07-08;672;S;zeldzaam
215796403;215796403;Aardbeivlinder;Pyrgus malvae;2021-05-20;5;2021-06-03;1;ter plaatse;gezien;imago;onbekend;158689.84301100165;225309.9990692418;4.49345112;51.33751588;FS0488;Kapellen/Brasschaat - De Uitlegger en omgeving;Brasschaat;Brasschaat;Antwerpen;Site;J;Goedgekeurd op basis van kennisregels - nabijheid;1980-01-01;3;;10;Dagvlinders;Hesperiidae;2026-07-08;672;S;zeldzaam
394867749;394867749;Aardbeivlinder;Pyrgus malvae;2026-04-25;4;2026-04-27;1;ter plaatse;gezien;imago;onbekend;158712.68576713858;225287.51392914448;4.493778347969055;51.33731343765344;FS0488;Kapellen/Brasschaat - De Uitlegger en omgeving;Brasschaat;Brasschaat;Antwerpen;Site;J;Goedgekeurd op basis van kennisregels - nabijheid;1980-01-01;3;;7;Dagvlinders;Hesperiidae;2026-07-08;672;S;zeldzaam
192965037;192965037;Aardbeivlinder;Pyrgus malvae;2020-05-29;5;2020-06-01;3;ter plaatse;gezien;imago;onbekend;158700.260074482;225339.84550907745;4.49360132;51.33778398;FS0488;Kapellen/Brasschaat - De Uitlegger en omgeving;Brasschaat;Brasschaat;Antwerpen;Site;J;Goedgekeurd op basis van kennisregels - nabijheid;1980-01-01;3;Sectie 16.;10;Dagvlinders;Hesperiidae;2026-07-08;672;S;zeldzaam
192965010;192965010;Aardbeivlinder;Pyrgus malvae;2020-05-29;5;2020-06-01;2;ter plaatse;gezien;imago;onbekend;158685.2903440806;225349.51543309912;4.49338675;51.33787112;FS0488;Kapellen/Brasschaat - De Uitlegger en omgeving;Brasschaat;Brasschaat;Antwerpen;Site;J;Goedgekeurd op basis van kennisregels - nabijheid;1980-01-01;3;Sectie 14.;10;Dagvlinders;Hesperiidae;2026-07-08;672;S;zeldzaam
192964977;192964977;Aardbeivlinder;Pyrgus malvae;2020-05-29;5;2020-06-01;2;ter plaatse;gezien;imago;onbekend;158713.6604407807;225305.06378601305;4.49379276;51.33747116;FS0488;Kapellen/Brasschaat - De Uitlegger en omgeving;Brasschaat;Brasschaat;Antwerpen;Site;J;Goedgekeurd op basis van kennisregels - nabijheid;1980-01-01;3;Sectie 12.;10;Dagvlinders;Hesperiidae;2026-07-08;672;S;zeldzaam
192964944;192964944;Aardbeivlinder;Pyrgus malvae;2020-05-29;5;2020-06-01;2;ter plaatse;gezien;imago;onbekend;158730.08247800387;225252.38881376013;4.49402712;51.33699747;FS0488;Kapellen/Brasschaat - De Uitlegger en omgeving;Brasschaat;Brasschaat;Antwerpen;Site;J;Goedgekeurd op basis van kennisregels - nabijheid;1980-01-01;3;Sectie 11.;10;Dagvlinders;Hesperiidae;2026-07-08;672;S;zeldzaam
192170203;192170203;Aardbeivlinder;Pyrgus malvae;2020-05-04;5;2020-05-23;1;ter plaatse;gezien;imago;onbekend;158697.9708200382;225367.43415470797;4.49356914;51.33803198;FS0488;Kapellen/Brasschaat - De Uitlegger en omgeving;Brasschaat;Brasschaat;Antwerpen;Site;J;Goedgekeurd op basis van kennisregels - nabijheid;1980-01-01;3;;10;Dagvlinders;Hesperiidae;2026-07-08;672;S;zeldzaam
347334977;347334977;Aardbeivlinder;Pyrgus malvae;2025-04-28;4;2025-04-29;1;ter plaatse;gezien;imago;onbekend;158704.70349285874;225365.20828078408;4.49366569519043;51.33801187166048;FS0488;Kapellen/Brasschaat - De Uitlegger en omgeving;Brasschaat;Brasschaat;Antwerpen;Site;J;Goedgekeurd op basis van kennisregels - nabijheid;1980-01-01;3;;15;Dagvlinders;Hesperiidae;2026-07-08;672;S;zeldzaam
347334898;347334898;Aardbeivlinder;Pyrgus malvae;2025-04-28;4;2025-04-29;1;ter plaatse;gezien;imago;onbekend;158717.457651288;225339.572071068;4.493848085403442;51.33778126079888;FS0488;Kapellen/Brasschaat - De Uitlegger en omgeving;Brasschaat;Brasschaat;Antwerpen;Site;J;Goedgekeurd op basis van kennisregels - nabijheid;1980-01-01;3;;15;Dagvlinders;Hesperiidae;2026-07-08;672;S;zeldzaam
192170224;192170224;Aardbeivlinder;Pyrgus malvae;2020-05-04;5;2020-05-23;1;ter plaatse;gezien;imago;onbekend;158679.29936771977;225354.7256520437;4.49330091;51.33791804;FS0488;Kapellen/Brasschaat - De Uitlegger en omgeving;Brasschaat;Brasschaat;Antwerpen;Site;J;Goedgekeurd op basis van kennisregels - nabijheid;1980-01-01;3;;10;Dagvlinders;Hesperiidae;2026-07-08;672;S;zeldzaam
347334696;347334696;Aardbeivlinder;Pyrgus malvae;2025-04-28;4;2025-04-29;1;ter plaatse;gezien;imago;onbekend;158764.45759333266;225401.10455351693;4.494524002075195;51.338333593867;FS0488;Kapellen/Brasschaat - De Uitlegger en omgeving;Brasschaat;Brasschaat;Antwerpen;Site;J;Goedgekeurd op basis van kennisregels - nabijheid;1980-01-01;3;;30;Dagvlinders;Hesperiidae;2026-07-08;672;S;zeldzaam
347334383;347334383;Aardbeivlinder;Pyrgus malvae;2025-04-28;4;2025-04-29;3;ter plaatse;gezien;imago;onbekend;158830.27416785236;225389.28545743227;4.4954681396484375;51.33822635338237;FS0488;Kapellen/Brasschaat - De Uitlegger en omgeving;Brasschaat;Brasschaat;Antwerpen;Site;J;Goedgekeurd op basis van kennisregels - nabijheid;1980-01-01;3;;60;Dagvlinders;Hesperiidae;2026-07-08;672;S;zeldzaam
192170302;192170302;Aardbeivlinder;Pyrgus malvae;2020-05-07;5;2020-05-23;1;ter plaatse;gezien;imago;onbekend;158827.03348418843;225398.7177219987;4.49542187;51.33831118;FS0488;Kapellen/Brasschaat - De Uitlegger en omgeving;Brasschaat;Brasschaat;Antwerpen;Site;J;Goedgekeurd op basis van kennisregels - nabijheid;1980-01-01;3;Sectie 3.;10;Dagvlinders;Hesperiidae;2026-07-08;672;S;zeldzaam
192964811;192964811;Aardbeivlinder;Pyrgus malvae;2020-05-29;5;2020-06-01;1;ter plaatse;gezien;imago;onbekend;158824.2825351387;225395.2405751329;4.49538231;51.33827997;FS0488;Kapellen/Brasschaat - De Uitlegger en omgeving;Brasschaat;Brasschaat;Antwerpen;Site;J;Goedgekeurd op basis van kennisregels - nabijheid;1980-01-01;3;Sectie 3.;10;Dagvlinders;Hesperiidae;2026-07-08;672;S;zeldzaam
192170332;192170332;Aardbeivlinder;Pyrgus malvae;2020-05-07;5;2020-05-23;1;ter plaatse;gezien;imago;onbekend;158789.9830742204;225339.99796155933;4.49488878;51.33778398;FS0488;Kapellen/Brasschaat - De Uitlegger en omgeving;Brasschaat;Brasschaat;Antwerpen;Site;J;Goedgekeurd op basis van kennisregels - nabijheid;1980-01-01;3;Sectie 6.;10;Dagvlinders;Hesperiidae;2026-07-08;672;S;zeldzaam
192170360;192170360;Aardbeivlinder;Pyrgus malvae;2020-05-07;5;2020-05-23;1;ter plaatse;gezien;imago;onbekend;158825.9494148551;225295.31624892075;4.49540377;51.33738183;FS0488;Kapellen/Brasschaat - De Uitlegger en omgeving;Brasschaat;Brasschaat;Antwerpen;Site;J;Goedgekeurd op basis van kennisregels - nabijheid;1980-01-01;3;Sectie 7.;10;Dagvlinders;Hesperiidae;2026-07-08;672;S;zeldzaam
192170405;192170405;Aardbeivlinder;Pyrgus malvae;2020-05-07;5;2020-05-23;1;ter plaatse;gezien;imago;onbekend;158713.80950047073;225286.1754083037;4.49379444;51.33730139;FS0488;Kapellen/Brasschaat - De Uitlegger en omgeving;Brasschaat;Brasschaat;Antwerpen;Site;J;Goedgekeurd op basis van kennisregels - nabijheid;1980-01-01;3;Sectie 11.;10;Dagvlinders;Hesperiidae;2026-07-08;672;S;zeldzaam
192170420;192170420;Aardbeivlinder;Pyrgus malvae;2020-05-07;5;2020-05-23;1;ter plaatse;gezien;imago;onbekend;158713.76909668464;225310.0395226404;4.49379444;51.33751588;FS0488;Kapellen/Brasschaat - De Uitlegger en omgeving;Brasschaat;Brasschaat;Antwerpen;Site;J;Goedgekeurd op basis van kennisregels - nabijheid;1980-01-01;3;Sectie 12.;10;Dagvlinders;Hesperiidae;2026-07-08;672;S;zeldzaam
192170470;192170470;Aardbeivlinder;Pyrgus malvae;2020-05-07;5;2020-05-23;5;ter plaatse;gezien;imago;onbekend;158697.31504626738;225312.99457472563;4.49355841;51.33754269;FS0488;Kapellen/Brasschaat - De Uitlegger en omgeving;Brasschaat;Brasschaat;Antwerpen;Site;J;Goedgekeurd op basis van kennisregels - nabijheid;1980-01-01;3;Sectie 13.;10;Dagvlinders;Hesperiidae;2026-07-08;672;S;zeldzaam
192170495;192170495;Aardbeivlinder;Pyrgus malvae;2020-05-07;5;2020-05-23;4;ter plaatse;gezien;imago;onbekend;158692.76288700683;225351.76549046952;4.49349403;51.33789123;FS0488;Kapellen/Brasschaat - De Uitlegger en omgeving;Brasschaat;Brasschaat;Antwerpen;Site;J;Goedgekeurd op basis van kennisregels - nabijheid;1980-01-01;3;Sectie 14.;10;Dagvlinders;Hesperiidae;2026-07-08;672;S;zeldzaam
192170513;192170513;Aardbeivlinder;Pyrgus malvae;2020-05-07;5;2020-05-23;1;ter plaatse;gezien;imago;onbekend;158715.21161376164;225341.36280433368;4.4938159;51.33779739;FS0488;Kapellen/Brasschaat - De Uitlegger en omgeving;Brasschaat;Brasschaat;Antwerpen;Site;J;Goedgekeurd op basis van kennisregels - nabijheid;1980-01-01;3;Sectie 15.;10;Dagvlinders;Hesperiidae;2026-07-08;672;S;zeldzaam
192170526;192170526;Aardbeivlinder;Pyrgus malvae;2020-05-07;5;2020-05-23;2;ter plaatse;gezien;imago;onbekend;158689.82034605468;225323.42256508395;4.49345112;51.33763653;FS0488;Kapellen/Brasschaat - De Uitlegger en omgeving;Brasschaat;Brasschaat;Antwerpen;Site;J;Goedgekeurd op basis van kennisregels - nabijheid;1980-01-01;3;Sectie 16.;10;Dagvlinders;Hesperiidae;2026-07-08;672;S;zeldzaam
192170852;192170852;Aardbeivlinder;Pyrgus malvae;2020-05-07;5;2020-05-23;2;ter plaatse;gezien;imago;onbekend;158749.325048639;225368.75618805457;4.49430607;51.33804308;FS0488;Kapellen/Brasschaat - De Uitlegger en omgeving;Brasschaat;Brasschaat;Antwerpen;Site;J;Goedgekeurd op basis van kennisregels - nabijheid;1980-01-01;3;Sectie 17.;10;Dagvlinders;Hesperiidae;2026-07-08;672;S;zeldzaam
192171050;192171050;Aardbeivlinder;Pyrgus malvae;2020-05-07;5;2020-05-23;2;ter plaatse;gezien;imago;onbekend;158698.80738321628;225314.48798250407;4.49357986;51.33755609;FS0488;Kapellen/Brasschaat - De Uitlegger en omgeving;Brasschaat;Brasschaat;Antwerpen;Site;J;Goedgekeurd op basis van kennisregels - nabijheid;1980-01-01;3;;10;Dagvlinders;Hesperiidae;2026-07-08;672;S;zeldzaam
192171066;192171066;Aardbeivlinder;Pyrgus malvae;2020-05-07;5;2020-05-23;1;ter plaatse;gezien;imago;onbekend;158673.3480616333;225336.8172007473;4.49321508;51.33775717;FS0488;Kapellen/Brasschaat - De Uitlegger en omgeving;Brasschaat;Brasschaat;Antwerpen;Site;J;Goedgekeurd op basis van kennisregels - nabijheid;1980-01-01;3;;10;Dagvlinders;Hesperiidae;2026-07-08;672;S;zeldzaam
394867838;394867838;Aardbeivlinder;Pyrgus malvae;2026-04-25;4;2026-04-27;1;ter plaatse;gezien;imago;onbekend;158775.35774234962;225366.66824516;4.494679570198059;51.33802391533843;FS0488;Kapellen/Brasschaat - De Uitlegger en omgeving;Brasschaat;Brasschaat;Antwerpen;Site;J;Goedgekeurd op basis van kennisregels - nabijheid;1980-01-01;3;;7;Dagvlinders;Hesperiidae;2026-07-08;672;S;zeldzaam
394867950;394867950;Aardbeivlinder;Pyrgus malvae;2026-04-25;4;2026-04-27;2;ter plaatse;gezien;imago;onbekend;158706.6574938219;225315.09603457616;4.493692517280579;51.33756143583221;FS0488;Kapellen/Brasschaat - De Uitlegger en omgeving;Brasschaat;Brasschaat;Antwerpen;Site;J;Goedgekeurd op basis van kennisregels - nabijheid;1980-01-01;3;;7;Dagvlinders;Hesperiidae;2026-07-08;672;S;zeldzaam
400658778;400658778;Aardbeivlinder;Pyrgus malvae;2026-05-10;5;2026-05-24;1;ter plaatse;gezien;imago;onbekend;158831.964490946;225493.53740402963;4.495494961738586;51.339163337691055;FS0488;Kapellen/Brasschaat - De Uitlegger en omgeving;Brasschaat;Brasschaat;Antwerpen;Site;J;Goedgekeurd op basis van kennisregels - nabijheid;1980-01-01;3;;7;Dagvlinders;Hesperiidae;2026-07-08;672;S;zeldzaam
311006117;311006117;Aardbeivlinder;Pyrgus malvae;2024-05-22;5;2024-05-22;1;ter plaatse;gezien;imago;onbekend;158674.84109361793;225338.3117155228;4.49323654;51.33777058;FS0488;Kapellen/Brasschaat - De Uitlegger en omgeving;Brasschaat;Brasschaat;Antwerpen;Site;J;Goedgekeurd op basis van kennisregels - nabijheid;1980-01-01;3;;10;Dagvlinders;Hesperiidae;2026-07-08;672;S;zeldzaam
215796365;215796365;Aardbeivlinder;Pyrgus malvae;2021-05-20;5;2021-06-03;1;ter plaatse;gezien;imago;onbekend;158822.97108105663;225287.8533768812;4.49536085;51.3373148;FS0488;Kapellen/Brasschaat - De Uitlegger en omgeving;Brasschaat;Brasschaat;Antwerpen;Site;J;Goedgekeurd op basis van kennisregels - nabijheid;1980-01-01;3;;10;Dagvlinders;Hesperiidae;2026-07-08;672;S;zeldzaam
190935216;190935216;Aardbeivlinder;Pyrgus malvae;2020-05-09;5;2020-05-09;1;ter plaatse;gezien;imago;Man;158676.42681661487;225265.0881809816;4.49325752258301;51.3371124267578;FS0488;Kapellen/Brasschaat - De Uitlegger en omgeving;Brasschaat;Brasschaat;Antwerpen;ObsMapp;J;Goedgekeurd op basis van bewijsmateriaal;2020-06-09;3;;25;Dagvlinders;Hesperiidae;2026-07-08;672;S;zeldzaam
394214126;394214126;Aardbeivlinder;Pyrgus malvae;2026-04-24;4;2026-04-24;1;ter plaatse;onbekend;imago;onbekend;158861.90320943735;225478.4755356647;4.4959242;51.3390275;FS0488;Kapellen/Brasschaat - De Uitlegger en omgeving;Brasschaat;Brasschaat;Antwerpen;ObsMapp;J;Goedgekeurd op basis van kennisregels - automatische beeldherkenning (NIA);1980-01-01;3;;999;Dagvlinders;Hesperiidae;2026-07-08;672;S;zeldzaam
241594026;241594026;Aardbeivlinder;Pyrgus malvae;2022-05-15;5;2022-05-15;1;ter plaatse;gezien;imago;onbekend;159309.8855830801;225173.18975458943;4.50234465301037;51.3362765016817;FS0488;Brasschaat/Kalmthout - Klein Schietveld;Brasschaat;Brasschaat;Antwerpen;ObsMapp;J;Goedgekeurd op basis van kennisregels - nabijheid;2007-01-01;4;;5;Dagvlinders;Hesperiidae;2026-07-08;672;S;zeldzaam
189779568;189779568;Aardbeivlinder;Pyrgus malvae;2020-04-26;4;2020-04-26;1;ter plaatse;gezien;imago;onbekend;158720.16085770392;225303.36022286303;4.49388599395752;51.3374557495117;FS0488;Kapellen/Brasschaat - De Uitlegger en omgeving;Brasschaat;Brasschaat;Antwerpen;ObsMapp;J;Goedgekeurd op basis van kennisregels - nabijheid;2007-01-01;3;;25;Dagvlinders;Hesperiidae;2026-07-08;672;S;zeldzaam
228997708;228997708;Aardbeivlinder;Pyrgus malvae;2021-06-06;6;2021-11-07;3;ter plaatse;onbekend;imago;onbekend;158726.13955642126;225305.06805081567;4.493971824646;51.3374710083008;FS0488;Kapellen/Brasschaat - De Uitlegger en omgeving;Brasschaat;Brasschaat;Antwerpen;Meetnetten.be;J;Goedgekeurd op basis van kennisregels - nabijheid;2022-06-05;3;meetnetten.be: levensfase: imago_ activiteit: ter plaatse;10;Dagvlinders;Hesperiidae;2026-07-08;672;S;zeldzaam
228997715;228997715;Aardbeivlinder;Pyrgus malvae;2021-06-06;6;2021-11-07;1;ter plaatse;onbekend;imago;onbekend;158683.39479043806;225330.46117682848;4.49335908889771;51.3376998901367;FS0488;Kapellen/Brasschaat - De Uitlegger en omgeving;Brasschaat;Brasschaat;Antwerpen;Meetnetten.be;J;Goedgekeurd op basis van kennisregels - nabijheid;2022-06-05;3;meetnetten.be: levensfase: imago_ activiteit: ter plaatse;10;Dagvlinders;Hesperiidae;2026-07-08;672;S;zeldzaam
228997716;228997716;Aardbeivlinder;Pyrgus malvae;2021-06-06;6;2021-11-07;1;ter plaatse;onbekend;imago;onbekend;158685.35540821767;225330.46448518336;4.49338722229004;51.3376998901367;FS0488;Kapellen/Brasschaat - De Uitlegger en omgeving;Brasschaat;Brasschaat;Antwerpen;Meetnetten.be;J;Goedgekeurd op basis van kennisregels - nabijheid;2022-06-05;3;meetnetten.be: levensfase: imago_ activiteit: ter plaatse;10;Dagvlinders;Hesperiidae;2026-07-08;672;S;zeldzaam
228997691;228997691;Aardbeivlinder;Pyrgus malvae;2021-06-06;6;2021-11-07;1;ter plaatse;onbekend;imago;onbekend;158822.10815921956;225267.8823697828;4.49534797668457;51.3371353149414;FS0488;Kapellen/Brasschaat - De Uitlegger en omgeving;Brasschaat;Brasschaat;Antwerpen;Meetnetten.be;J;Goedgekeurd op basis van kennisregels - nabijheid;2022-06-05;3;meetnetten.be: levensfase: imago_ activiteit: ter plaatse;10;Dagvlinders;Hesperiidae;2026-07-08;672;S;zeldzaam
193365571;193365571;Aardbeivlinder;Pyrgus malvae;2020-05-17;5;2020-06-06;1;ter plaatse;gezien;imago;onbekend;158884.39253467307;225551.5046481164;4.49624872207642;51.3396835327148;FS0488;Kapellen/Brasschaat - De Uitlegger en omgeving;Brasschaat;Brasschaat;Antwerpen;ObsMapp;J;Goedgekeurd op basis van kennisregels - nabijheid;2007-01-01;3;;25;Dagvlinders;Hesperiidae;2026-07-08;672;S;zeldzaam
228997671;228997671;Aardbeivlinder;Pyrgus malvae;2021-06-06;6;2021-11-07;1;ter plaatse;onbekend;imago;onbekend;158728.13629382502;225303.3737418726;4.49400043487549;51.3374557495117;FS0488;Kapellen/Brasschaat - De Uitlegger en omgeving;Brasschaat;Brasschaat;Antwerpen;Meetnetten.be;J;Goedgekeurd op basis van kennisregels - nabijheid;2022-06-05;3;meetnetten.be: levensfase: imago_ activiteit: ter plaatse;10;Dagvlinders;Hesperiidae;2026-07-08;672;S;zeldzaam
191956528;191956528;Aardbeivlinder;Pyrgus malvae;2020-05-21;5;2020-05-21;1;ter plaatse;gezien;imago;onbekend;159325.3207256317;225139.9614938544;4.50256526470184;51.3359775966841;FS0488;Brasschaat/Kalmthout - Klein Schietveld;Brasschaat;Brasschaat;Antwerpen;ObsMapp;J;Goedgekeurd op basis van kennisregels - nabijheid;2007-01-01;4;;25;Dagvlinders;Hesperiidae;2026-07-08;672;S;zeldzaam
193365478;193365478;Aardbeivlinder;Pyrgus malvae;2020-05-31;5;2020-06-06;1;ter plaatse;gezien;imago;Man;158726.84616959305;225319.4996544737;4.49398231506348;51.3376007080078;FS0488;Kapellen/Brasschaat - De Uitlegger en omgeving;Brasschaat;Brasschaat;Antwerpen;ObsMapp;J;Goedgekeurd op basis van kennisregels - nabijheid;2007-01-01;3;;25;Dagvlinders;Hesperiidae;2026-07-08;672;S;zeldzaam
228997710;228997710;Aardbeivlinder;Pyrgus malvae;2021-06-06;6;2021-11-07;1;ter plaatse;onbekend;imago;onbekend;158680.5078917832;225367.3811727967;4.49331855773926;51.3380317687988;FS0488;Kapellen/Brasschaat - De Uitlegger en omgeving;Brasschaat;Brasschaat;Antwerpen;Meetnetten.be;J;Goedgekeurd op basis van kennisregels - nabijheid;2022-06-05;3;meetnetten.be: levensfase: imago_ activiteit: ter plaatse;10;Dagvlinders;Hesperiidae;2026-07-08;672;S;zeldzaam
228997711;228997711;Aardbeivlinder;Pyrgus malvae;2021-06-06;6;2021-11-07;1;ter plaatse;onbekend;imago;onbekend;158677.5704080958;225355.49235359952;4.49327611923218;51.3379249572754;FS0488;Kapellen/Brasschaat - De Uitlegger en omgeving;Brasschaat;Brasschaat;Antwerpen;Meetnetten.be;J;Goedgekeurd op basis van kennisregels - nabijheid;2022-06-05;3;meetnetten.be: levensfase: imago_ activiteit: ter plaatse;10;Dagvlinders;Hesperiidae;2026-07-08;672;S;zeldzaam
228997681;228997681;Aardbeivlinder;Pyrgus malvae;2021-06-06;6;2021-11-07;1;ter plaatse;onbekend;imago;onbekend;158830.56742305288;225392.67745458052;4.49547243118286;51.3382568359375;FS0488;Kapellen/Brasschaat - De Uitlegger en omgeving;Brasschaat;Brasschaat;Antwerpen;Meetnetten.be;J;Goedgekeurd op basis van kennisregels - nabijheid;2022-06-05;3;meetnetten.be: levensfase: imago_ activiteit: ter plaatse;10;Dagvlinders;Hesperiidae;2026-07-08;672;S;zeldzaam
228997684;228997684;Aardbeivlinder;Pyrgus malvae;2021-06-06;6;2021-11-07;1;ter plaatse;onbekend;imago;onbekend;158788.0869534539;225341.2494675098;4.4948616027832;51.3377952575684;FS0488;Kapellen/Brasschaat - De Uitlegger en omgeving;Brasschaat;Brasschaat;Antwerpen;Meetnetten.be;J;Goedgekeurd op basis van kennisregels - nabijheid;2022-06-05;3;meetnetten.be: levensfase: imago_ activiteit: ter plaatse;10;Dagvlinders;Hesperiidae;2026-07-08;672;S;zeldzaam
228997700;228997700;Aardbeivlinder;Pyrgus malvae;2021-06-06;6;2021-11-07;1;ter plaatse;onbekend;imago;onbekend;158755.77865989893;225267.76910613663;4.4943962097168;51.3371353149414;FS0488;Kapellen/Brasschaat - De Uitlegger en omgeving;Brasschaat;Brasschaat;Antwerpen;Meetnetten.be;J;Goedgekeurd op basis van kennisregels - nabijheid;2022-06-05;3;meetnetten.be: levensfase: imago_ activiteit: ter plaatse;10;Dagvlinders;Hesperiidae;2026-07-08;672;S;zeldzaam
191956556;191956556;Aardbeivlinder;Pyrgus malvae;2020-05-21;5;2020-05-21;1;ter plaatse;gezien;imago;onbekend;159236.46445614257;225358.04848928284;4.50129590928555;51.3379391906149;FS0488;Brasschaat/Kalmthout - Klein Schietveld;Brasschaat;Brasschaat;Antwerpen;ObsMapp;J;Goedgekeurd op basis van kennisregels - nabijheid;2007-01-01;4;;25;Dagvlinders;Hesperiidae;2026-07-08;672;S;zeldzaam
191956789;191956789;Aardbeivlinder;Pyrgus malvae;2020-05-21;5;2020-05-21;1;ter plaatse;gezien;imago;onbekend;159687.5372671244;225616.5208524568;4.50777545571327;51.3402548735529;FS0588;Brasschaat/Kalmthout - Klein Schietveld - Rand zone vliegveld;Brasschaat;Brasschaat;Antwerpen;ObsMapp;J;Goedgekeurd op basis van kennisregels - nabijheid;2007-01-01;4;;25;Dagvlinders;Hesperiidae;2026-07-08;672;S;zeldzaam
191956810;191956810;Aardbeivlinder;Pyrgus malvae;2020-05-21;5;2020-05-21;1;ter plaatse;gezien;imago;onbekend;159777.79742940667;225663.50680375472;4.50907196849585;51.3406756467221;FS0588;Brasschaat/Kalmthout - Klein Schietveld;Brasschaat;Brasschaat;Antwerpen;ObsMapp;J;Goedgekeurd op basis van kennisregels - nabijheid;2007-01-01;4;;25;Dagvlinders;Hesperiidae;2026-07-08;672;S;zeldzaam
228997701;228997701;Aardbeivlinder;Pyrgus malvae;2021-06-06;6;2021-11-07;1;ter plaatse;onbekend;imago;onbekend;158724.8275851409;225294.87965842336;4.49395275115967;51.3373794555664;FS0488;Kapellen/Brasschaat - De Uitlegger en omgeving;Brasschaat;Brasschaat;Antwerpen;Meetnetten.be;J;Goedgekeurd op basis van kennisregels - nabijheid;2022-06-05;3;meetnetten.be: levensfase: imago_ activiteit: ter plaatse;10;Dagvlinders;Hesperiidae;2026-07-08;672;S;zeldzaam
189313025;189313025;Aardbeivlinder;Pyrgus malvae;2020-04-20;4;2020-04-21;2;ter plaatse;gezien;imago;onbekend;158795.74195286015;225392.61782254087;4.49497270584106;51.3382568359375;FS0488;Kapellen/Brasschaat - De Uitlegger en omgeving;Brasschaat;Brasschaat;Antwerpen;ObsMapp;J;Goedgekeurd op basis van kennisregels - nabijheid;2007-01-01;3;;25;Dagvlinders;Hesperiidae;2026-07-08;672;S;zeldzaam
193365609;193365609;Aardbeivlinder;Pyrgus malvae;2020-05-05;5;2020-06-06;1;ter plaatse;gezien;imago;onbekend;159666.76617497831;225701.0383719588;4.50747966766357;51.3410148620605;FS0488;Brasschaat/Kalmthout - Klein Schietveld;Brasschaat;Brasschaat;Antwerpen;ObsMapp;J;Goedgekeurd op basis van kennisregels - nabijheid;2007-01-01;3;;25;Dagvlinders;Hesperiidae;2026-07-08;672;S;zeldzaam
189313026;189313026;Aardbeivlinder;Pyrgus malvae;2020-04-20;4;2020-04-21;1;ter plaatse;gezien;imago;onbekend;158736.5497664782;225358.5631010076;4.49412250518799;51.3379516601563;FS0488;Kapellen/Brasschaat - De Uitlegger en omgeving;Brasschaat;Brasschaat;Antwerpen;ObsMapp;J;Goedgekeurd op basis van kennisregels - nabijheid;2007-01-01;3;;25;Dagvlinders;Hesperiidae;2026-07-08;672;S;zeldzaam
228997703;228997703;Aardbeivlinder;Pyrgus malvae;2021-06-06;6;2021-11-07;1;ter plaatse;onbekend;imago;onbekend;158726.73817826994;225265.59766639865;4.49397945404053;51.3371162414551;FS0488;Kapellen/Brasschaat - De Uitlegger en omgeving;Brasschaat;Brasschaat;Antwerpen;Meetnetten.be;J;Goedgekeurd op basis van kennisregels - nabijheid;2022-06-05;3;meetnetten.be: levensfase: imago_ activiteit: ter plaatse;10;Dagvlinders;Hesperiidae;2026-07-08;672;S;zeldzaam
228997704;228997704;Aardbeivlinder;Pyrgus malvae;2021-06-06;6;2021-11-07;2;ter plaatse;onbekend;imago;onbekend;158726.19483515178;225252.86403694563;4.49397134780884;51.3370018005371;FS0488;Kapellen/Brasschaat - De Uitlegger en omgeving;Brasschaat;Brasschaat;Antwerpen;Meetnetten.be;J;Goedgekeurd op basis van kennisregels - nabijheid;2022-06-05;3;meetnetten.be: levensfase: imago_ activiteit: ter plaatse;10;Dagvlinders;Hesperiidae;2026-07-08;672;S;zeldzaam
228997705;228997705;Aardbeivlinder;Pyrgus malvae;2021-06-06;6;2021-11-07;1;ter plaatse;onbekend;imago;onbekend;158731.06748581844;225240.5640166001;4.49404096603394;51.3368911743164;FS0488;Kapellen/Brasschaat - De Uitlegger en omgeving;Brasschaat;Brasschaat;Antwerpen;Meetnetten.be;J;Goedgekeurd op basis van kennisregels - nabijheid;2022-06-05;3;meetnetten.be: levensfase: imago_ activiteit: ter plaatse;10;Dagvlinders;Hesperiidae;2026-07-08;672;S;zeldzaam
228997707;228997707;Aardbeivlinder;Pyrgus malvae;2021-06-06;6;2021-11-07;1;ter plaatse;onbekend;imago;onbekend;158727.36406455535;225308.04109285487;4.49398946762085;51.3374977111816;FS0488;Kapellen/Brasschaat - De Uitlegger en omgeving;Brasschaat;Brasschaat;Antwerpen;Meetnetten.be;J;Goedgekeurd op basis van kennisregels - nabijheid;2022-06-05;3;meetnetten.be: levensfase: imago_ activiteit: ter plaatse;10;Dagvlinders;Hesperiidae;2026-07-08;672;S;zeldzaam
189779563;189779563;Aardbeivlinder;Pyrgus malvae;2020-04-26;4;2020-04-26;1;ter plaatse;gezien;imago;onbekend;158693.42547658947;225333.44907651749;4.49350309371948;51.3377265930176;FS0488;Kapellen/Brasschaat - De Uitlegger en omgeving;Brasschaat;Brasschaat;Antwerpen;ObsMapp;J;Goedgekeurd op basis van kennisregels - nabijheid;2007-01-01;3;;25;Dagvlinders;Hesperiidae;2026-07-08;672;S;zeldzaam
189313029;189313029;Aardbeivlinder;Pyrgus malvae;2020-04-20;4;2020-04-21;1;ter plaatse;gezien;imago;onbekend;158782.8336519674;225413.86472430825;4.494788;51.338448;FS0488;Kapellen/Brasschaat - De Uitlegger en omgeving;Brasschaat;Brasschaat;Antwerpen;ObsMapp;J;Goedgekeurd op basis van bewijsmateriaal;2007-01-01;3;vorm TARAS;25;Dagvlinders;Hesperiidae;2026-07-08;672;S;zeldzaam
193365615;193365615;Aardbeivlinder;Pyrgus malvae;2020-05-05;5;2020-06-06;1;ter plaatse;gezien;imago;onbekend;158903.9991536102;225531.5905965269;4.4965295791626;51.3395042419434;FS0488;Kapellen/Brasschaat - De Uitlegger en omgeving;Brasschaat;Brasschaat;Antwerpen;ObsMapp;J;Goedgekeurd op basis van kennisregels - nabijheid;2007-01-01;3;;25;Dagvlinders;Hesperiidae;2026-07-08;672;S;zeldzaam
189779562;189779562;Aardbeivlinder;Pyrgus malvae;2020-04-26;4;2020-04-26;1;ter plaatse;gezien;imago;onbekend;158678.41548803338;225347.0053035496;4.49328804016113;51.3378486633301;FS0488;Kapellen/Brasschaat - De Uitlegger en omgeving;Brasschaat;Brasschaat;Antwerpen;ObsMapp;J;Goedgekeurd op basis van kennisregels - nabijheid;2007-01-01;3;;25;Dagvlinders;Hesperiidae;2026-07-08;672;S;zeldzaam
189779570;189779570;Aardbeivlinder;Pyrgus malvae;2020-04-26;4;2020-04-26;3;ter plaatse;gezien;imago;onbekend;158722.04049345411;225292.3283924954;4.49391269683838;51.3373565673828;FS0488;Kapellen/Brasschaat - De Uitlegger en omgeving;Brasschaat;Brasschaat;Antwerpen;ObsMapp;J;Goedgekeurd op basis van kennisregels - nabijheid;2007-01-01;3;;25;Dagvlinders;Hesperiidae;2026-07-08;672;S;zeldzaam
189779560;189779560;Aardbeivlinder;Pyrgus malvae;2020-04-26;4;2020-04-26;1;ter plaatse;gezien;imago;onbekend;158682.2155389751;225359.7444254328;4.49334287643433;51.337963104248;FS0488;Kapellen/Brasschaat - De Uitlegger en omgeving;Brasschaat;Brasschaat;Antwerpen;ObsMapp;J;Goedgekeurd op basis van kennisregels - nabijheid;2007-01-01;3;;25;Dagvlinders;Hesperiidae;2026-07-08;672;S;zeldzaam
189779556;189779556;Aardbeivlinder;Pyrgus malvae;2020-04-26;4;2020-04-26;1;ter plaatse;gezien;imago;onbekend;158750.1570448244;225388.29588293564;4.49431848526001;51.3382186889648;FS0488;Kapellen/Brasschaat - De Uitlegger en omgeving;Brasschaat;Brasschaat;Antwerpen;ObsMapp;J;Goedgekeurd op basis van kennisregels - nabijheid;2007-01-01;3;;25;Dagvlinders;Hesperiidae;2026-07-08;672;S;zeldzaam
193365566;193365566;Aardbeivlinder;Pyrgus malvae;2020-05-17;5;2020-06-06;1;ter plaatse;gezien;imago;onbekend;158756.13422157316;225429.89958624545;4.4944052696228;51.3385925292969;FS0488;Kapellen/Brasschaat - De Uitlegger en omgeving;Brasschaat;Brasschaat;Antwerpen;ObsMapp;J;Goedgekeurd op basis van kennisregels - nabijheid;2007-01-01;3;;25;Dagvlinders;Hesperiidae;2026-07-08;672;S;zeldzaam
193365534;193365534;Aardbeivlinder;Pyrgus malvae;2020-05-17;5;2020-06-06;2;ter plaatse;gezien;imago;onbekend;158869.26283830474;225287.4868959533;4.49602508544922;51.3373107910156;FS0488;Kapellen/Brasschaat - De Uitlegger en omgeving;Brasschaat;Brasschaat;Antwerpen;ObsMapp;J;Goedgekeurd op basis van kennisregels - nabijheid;2007-01-01;3;;25;Dagvlinders;Hesperiidae;2026-07-08;672;S;zeldzaam
193365619;193365619;Aardbeivlinder;Pyrgus malvae;2020-05-05;5;2020-06-06;4;ter plaatse;gezien;imago;onbekend;158763.2230759028;225443.0687923329;4.49450731277466;51.3387107849121;FS0488;Kapellen/Brasschaat - De Uitlegger en omgeving;Brasschaat;Brasschaat;Antwerpen;ObsMapp;J;Goedgekeurd op basis van kennisregels - nabijheid;2007-01-01;3;;25;Dagvlinders;Hesperiidae;2026-07-08;672;S;zeldzaam
228997714;228997714;Aardbeivlinder;Pyrgus malvae;2021-06-06;6;2021-11-07;1;ter plaatse;onbekend;imago;onbekend;158697.34431624625;225374.2003782168;4.49356031417847;51.3380928039551;FS0488;Kapellen/Brasschaat - De Uitlegger en omgeving;Brasschaat;Brasschaat;Antwerpen;Meetnetten.be;J;Goedgekeurd op basis van kennisregels - nabijheid;2022-06-05;3;meetnetten.be: levensfase: imago_ activiteit: ter plaatse;10;Dagvlinders;Hesperiidae;2026-07-08;672;S;zeldzaam
193365620;193365620;Aardbeivlinder;Pyrgus malvae;2020-05-05;5;2020-06-06;3;ter plaatse;gezien;imago;onbekend;158759.11337990948;225436.6954378793;4.49444818496704;51.3386535644531;FS0488;Kapellen/Brasschaat - De Uitlegger en omgeving;Brasschaat;Brasschaat;Antwerpen;ObsMapp;J;Goedgekeurd op basis van kennisregels - nabijheid;2007-01-01;3;;25;Dagvlinders;Hesperiidae;2026-07-08;672;S;zeldzaam
193365558;193365558;Aardbeivlinder;Pyrgus malvae;2020-05-17;5;2020-06-06;1;ter plaatse;gezien;imago;onbekend;158657.14465722552;225368.61509083863;4.49298334121704;51.3380432128906;FS0388;Kapellen/Brasschaat - De Uitlegger en omgeving;Brasschaat;Brasschaat;Antwerpen;ObsMapp;J;Goedgekeurd op basis van kennisregels - nabijheid;2007-01-01;3;;25;Dagvlinders;Hesperiidae;2026-07-08;672;S;zeldzaam
228997699;228997699;Aardbeivlinder;Pyrgus malvae;2021-06-06;6;2021-11-07;1;ter plaatse;onbekend;imago;onbekend;158743.64127188764;225252.89364608657;4.49422168731689;51.3370018005371;FS0488;Kapellen/Brasschaat - De Uitlegger en omgeving;Brasschaat;Brasschaat;Antwerpen;Meetnetten.be;J;Goedgekeurd op basis van kennisregels - nabijheid;2022-06-05;3;meetnetten.be: levensfase: imago_ activiteit: ter plaatse;10;Dagvlinders;Hesperiidae;2026-07-08;672;S;zeldzaam
240768976;240768976;Aardbeivlinder;Pyrgus malvae;2022-05-08;5;2022-05-08;1;ter plaatse;gezien;imago;onbekend;158940.60197240385;225579.1895471774;4.49705600738525;51.3399314880371;FS0488;Kapellen/Brasschaat - De Uitlegger en omgeving;Brasschaat;Brasschaat;Antwerpen;ObsMapp;J;Goedgekeurd op basis van kennisregels - nabijheid;2007-01-01;3;;1;Dagvlinders;Hesperiidae;2026-07-08;672;S;zeldzaam
240768979;240768979;Aardbeivlinder;Pyrgus malvae;2022-05-08;5;2022-05-08;2;ter plaatse;gezien;imago;onbekend;158761.09419388365;225385.76794621532;4.49447536468506;51.3381958007813;FS0488;Kapellen/Brasschaat - De Uitlegger en omgeving;Brasschaat;Brasschaat;Antwerpen;ObsMapp;J;Goedgekeurd op basis van kennisregels - nabijheid;2007-01-01;3;;2;Dagvlinders;Hesperiidae;2026-07-08;672;S;zeldzaam
228997719;228997719;Aardbeivlinder;Pyrgus malvae;2021-06-06;6;2021-11-07;2;ter plaatse;onbekend;imago;onbekend;159278.757913937;225769.4504118729;4.501913430184144;51.34163616109852;FS0488;Brasschaat/Kalmthout - Klein Schietveld;Brasschaat;Brasschaat;Antwerpen;Meetnetten.be;J;Goedgekeurd op basis van kennisregels - nabijheid;2022-06-05;3;meetnetten.be: levensfase: imago_ activiteit: ter plaatse;1247;Dagvlinders;Hesperiidae;2026-07-08;672;S;zeldzaam
240768980;240768980;Aardbeivlinder;Pyrgus malvae;2022-05-08;5;2022-05-08;3;ter plaatse;gezien;imago;onbekend;158736.93988817363;225363.6568485349;4.49412822723389;51.3379974365234;FS0488;Kapellen/Brasschaat - De Uitlegger en omgeving;Brasschaat;Brasschaat;Antwerpen;ObsMapp;J;Goedgekeurd op basis van kennisregels - nabijheid;2007-01-01;3;;4;Dagvlinders;Hesperiidae;2026-07-08;672;S;zeldzaam
228997718;228997718;Aardbeivlinder;Pyrgus malvae;2021-06-06;6;2021-11-07;1;ter plaatse;onbekend;imago;onbekend;158701.55482138565;225340.67801803164;4.49361991882324;51.3377914428711;FS0488;Kapellen/Brasschaat - De Uitlegger en omgeving;Brasschaat;Brasschaat;Antwerpen;Meetnetten.be;J;Goedgekeurd op basis van kennisregels - nabijheid;2022-06-05;3;meetnetten.be: levensfase: imago_ activiteit: ter plaatse;10;Dagvlinders;Hesperiidae;2026-07-08;672;S;zeldzaam
189779567;189779567;Aardbeivlinder;Pyrgus malvae;2020-04-26;4;2020-04-26;1;ter plaatse;gezien;imago;onbekend;158722.20535471363;225312.70100837573;4.49391555786133;51.3375396728516;FS0488;Kapellen/Brasschaat - De Uitlegger en omgeving;Brasschaat;Brasschaat;Antwerpen;ObsMapp;J;Goedgekeurd op basis van kennisregels - nabijheid;2007-01-01;3;;25;Dagvlinders;Hesperiidae;2026-07-08;672;S;zeldzaam
240768981;240768981;Aardbeivlinder;Pyrgus malvae;2022-05-08;5;2022-05-08;1;ter plaatse;gezien;imago;onbekend;158714.8054360252;225365.3170161452;4.49381065368652;51.3380126953125;FS0488;Kapellen/Brasschaat - De Uitlegger en omgeving;Brasschaat;Brasschaat;Antwerpen;ObsMapp;J;Goedgekeurd op basis van kennisregels - nabijheid;2007-01-01;3;;2;Dagvlinders;Hesperiidae;2026-07-08;672;S;zeldzaam
214039274;214039274;Aardbeivlinder;Pyrgus malvae;2021-05-10;5;2021-05-17;1;ter plaatse;gezien;imago;onbekend;160287.831592302;225339.78330196533;4.51638174057007;51.3377571105957;FS0588;Brasschaat/Kalmthout - Klein Schietveld;Brasschaat;Brasschaat;Antwerpen;ObsMapp;J;Goedgekeurd op basis van expertoordeel;2007-01-01;3;;2;Dagvlinders;Hesperiidae;2026-07-08;672;S;zeldzaam
193365538;193365538;Aardbeivlinder;Pyrgus malvae;2020-05-17;5;2020-06-06;1;ter plaatse;gezien;imago;onbekend;158881.00017809923;225245.0647701444;4.49619245529175;51.3369293212891;FS0488;Kapellen/Brasschaat - De Uitlegger en omgeving;Brasschaat;Brasschaat;Antwerpen;ObsMapp;J;Goedgekeurd op basis van kennisregels - nabijheid;2007-01-01;3;;25;Dagvlinders;Hesperiidae;2026-07-08;672;S;zeldzaam
214039280;214039280;Aardbeivlinder;Pyrgus malvae;2021-05-10;5;2021-05-17;1;ter plaatse;gezien;imago;onbekend;158765.0536592595;225402.3272171719;4.49453258514404;51.3383445739746;FS0488;Kapellen/Brasschaat - De Uitlegger en omgeving;Brasschaat;Brasschaat;Antwerpen;ObsMapp;J;Goedgekeurd op basis van kennisregels - nabijheid;2007-01-01;3;;2;Dagvlinders;Hesperiidae;2026-07-08;672;S;zeldzaam
214039281;214039281;Aardbeivlinder;Pyrgus malvae;2021-05-10;5;2021-05-17;2;ter plaatse;gezien;imago;onbekend;158681.60378473342;225367.8074451033;4.49333429336548;51.3380355834961;FS0488;Kapellen/Brasschaat - De Uitlegger en omgeving;Brasschaat;Brasschaat;Antwerpen;ObsMapp;J;Goedgekeurd op basis van kennisregels - nabijheid;2007-01-01;3;;3;Dagvlinders;Hesperiidae;2026-07-08;672;S;zeldzaam
214039282;214039282;Aardbeivlinder;Pyrgus malvae;2021-05-10;5;2021-05-17;1;ter plaatse;gezien;imago;onbekend;158726.320952002;225315.67895061892;4.49397468566895;51.3375663757324;FS0488;Kapellen/Brasschaat - De Uitlegger en omgeving;Brasschaat;Brasschaat;Antwerpen;ObsMapp;J;Goedgekeurd op basis van kennisregels - nabijheid;2007-01-01;3;;2;Dagvlinders;Hesperiidae;2026-07-08;672;S;zeldzaam
228997712;228997712;Aardbeivlinder;Pyrgus malvae;2021-06-06;6;2021-11-07;1;ter plaatse;onbekend;imago;onbekend;158720.5947494547;225361.0825846437;4.49389362335205;51.3379745483398;FS0488;Kapellen/Brasschaat - De Uitlegger en omgeving;Brasschaat;Brasschaat;Antwerpen;Meetnetten.be;J;Goedgekeurd op basis van kennisregels - nabijheid;2022-06-05;3;meetnetten.be: levensfase: imago_ activiteit: ter plaatse;10;Dagvlinders;Hesperiidae;2026-07-08;672;S;zeldzaam
193365479;193365479;Aardbeivlinder;Pyrgus malvae;2020-05-31;5;2020-06-06;1;ter plaatse;gezien;imago;onbekend;158723.1430140686;225308.45836061327;4.49392890930176;51.3375015258789;FS0488;Kapellen/Brasschaat - De Uitlegger en omgeving;Brasschaat;Brasschaat;Antwerpen;ObsMapp;J;Goedgekeurd op basis van kennisregels - nabijheid;2007-01-01;3;;25;Dagvlinders;Hesperiidae;2026-07-08;672;S;zeldzaam
240768984;240768984;Aardbeivlinder;Pyrgus malvae;2022-05-08;5;2022-05-08;1;ter plaatse;gezien;imago;onbekend;158687.03210629898;225380.549318552;4.49341249465942;51.3381500244141;FS0488;Kapellen/Brasschaat - De Uitlegger en omgeving;Brasschaat;Brasschaat;Antwerpen;ObsMapp;J;Goedgekeurd op basis van kennisregels - nabijheid;2007-01-01;3;;2;Dagvlinders;Hesperiidae;2026-07-08;672;S;zeldzaam
228997685;228997685;Aardbeivlinder;Pyrgus malvae;2021-06-06;6;2021-11-07;1;ter plaatse;onbekend;imago;onbekend;158787.42161401728;225341.67275526;4.49485206604004;51.3377990722656;FS0488;Kapellen/Brasschaat - De Uitlegger en omgeving;Brasschaat;Brasschaat;Antwerpen;Meetnetten.be;J;Goedgekeurd op basis van kennisregels - nabijheid;2022-06-05;3;meetnetten.be: levensfase: imago_ activiteit: ter plaatse;10;Dagvlinders;Hesperiidae;2026-07-08;672;S;zeldzaam
240768985;240768985;Aardbeivlinder;Pyrgus malvae;2022-05-08;5;2022-05-08;4;ter plaatse;gezien;imago;onbekend;158722.1128545827;225308.4566147113;4.49391412734985;51.3375015258789;FS0488;Kapellen/Brasschaat - De Uitlegger en omgeving;Brasschaat;Brasschaat;Antwerpen;ObsMapp;J;Goedgekeurd op basis van bewijsmateriaal;2007-01-01;3;;4;Dagvlinders;Hesperiidae;2026-07-08;672;S;zeldzaam
193365547;193365547;Aardbeivlinder;Pyrgus malvae;2020-05-17;5;2020-06-06;4;ter plaatse;gezien;imago;onbekend;158683.71333937524;225279.5308732232;4.49336242675781;51.3372421264648;FS0488;Kapellen/Brasschaat - De Uitlegger en omgeving;Brasschaat;Brasschaat;Antwerpen;ObsMapp;J;Goedgekeurd op basis van kennisregels - nabijheid;2007-01-01;3;;25;Dagvlinders;Hesperiidae;2026-07-08;672;S;zeldzaam
240768986;240768986;Aardbeivlinder;Pyrgus malvae;2022-05-08;5;2022-05-08;1;ter plaatse;gezien;imago;onbekend;158720.25176936804;225288.92997225092;4.49388694763184;51.3373260498047;FS0488;Kapellen/Brasschaat - De Uitlegger en omgeving;Brasschaat;Brasschaat;Antwerpen;ObsMapp;J;Goedgekeurd op basis van kennisregels - nabijheid;2007-01-01;3;;2;Dagvlinders;Hesperiidae;2026-07-08;672;S;zeldzaam
228997697;228997697;Aardbeivlinder;Pyrgus malvae;2021-06-06;6;2021-11-07;1;ter plaatse;onbekend;imago;onbekend;158735.71411705212;225243.9672898604;4.49410772323608;51.3369216918945;FS0488;Kapellen/Brasschaat - De Uitlegger en omgeving;Brasschaat;Brasschaat;Antwerpen;Meetnetten.be;J;Goedgekeurd op basis van kennisregels - nabijheid;2022-06-05;3;meetnetten.be: levensfase: imago_ activiteit: ter plaatse;10;Dagvlinders;Hesperiidae;2026-07-08;672;S;zeldzaam
193365555;193365555;Aardbeivlinder;Pyrgus malvae;2020-05-17;5;2020-06-06;1;ter plaatse;gezien;imago;onbekend;158624.65745573252;225341.3974244064;4.49251651763916;51.3377990722656;FS0388;Kapellen/Brasschaat - De Uitlegger en omgeving;Brasschaat;Brasschaat;Antwerpen;ObsMapp;J;Goedgekeurd op basis van kennisregels - nabijheid;2007-01-01;3;;25;Dagvlinders;Hesperiidae;2026-07-08;672;S;zeldzaam
240768988;240768988;Aardbeivlinder;Pyrgus malvae;2022-05-08;5;2022-05-08;1;ter plaatse;gezien;imago;onbekend;158752.4880481147;225268.18793288156;4.49434900283813;51.3371391296387;FS0488;Kapellen/Brasschaat - De Uitlegger en omgeving;Brasschaat;Brasschaat;Antwerpen;ObsMapp;J;Goedgekeurd op basis van kennisregels - nabijheid;2007-01-01;3;;2;Dagvlinders;Hesperiidae;2026-07-08;672;S;zeldzaam
228997698;228997698;Aardbeivlinder;Pyrgus malvae;2021-06-06;6;2021-11-07;1;ter plaatse;onbekend;imago;onbekend;158739.12613790762;225250.33943602812;4.49415683746338;51.3369789123535;FS0488;Kapellen/Brasschaat - De Uitlegger en omgeving;Brasschaat;Brasschaat;Antwerpen;Meetnetten.be;J;Goedgekeurd op basis van kennisregels - nabijheid;2022-06-05;3;meetnetten.be: levensfase: imago_ activiteit: ter plaatse;10;Dagvlinders;Hesperiidae;2026-07-08;672;S;zeldzaam
189779564;189779564;Aardbeivlinder;Pyrgus malvae;2020-04-26;4;2020-04-26;2;ter plaatse;gezien;imago;onbekend;158729.86237600443;225343.69692200888;4.49402618408203;51.337818145752;FS0488;Kapellen/Brasschaat - De Uitlegger en omgeving;Brasschaat;Brasschaat;Antwerpen;ObsMapp;J;Goedgekeurd op basis van kennisregels - nabijheid;2007-01-01;3;;25;Dagvlinders;Hesperiidae;2026-07-08;672;S;zeldzaam
193365554;193365554;Aardbeivlinder;Pyrgus malvae;2020-05-17;5;2020-06-06;1;ter plaatse;gezien;imago;onbekend;158625.02228256263;225341.82245955057;4.4925217628479;51.3378028869629;FS0388;Kapellen/Brasschaat - De Uitlegger en omgeving;Brasschaat;Brasschaat;Antwerpen;ObsMapp;J;Goedgekeurd op basis van kennisregels - nabijheid;2007-01-01;3;;25;Dagvlinders;Hesperiidae;2026-07-08;672;S;zeldzaam
228997696;228997696;Aardbeivlinder;Pyrgus malvae;2021-06-06;6;2021-11-07;1;ter plaatse;onbekend;imago;onbekend;158790.9568548519;225256.36963246297;4.49490070343018;51.3370323181152;FS0488;Kapellen/Brasschaat - De Uitlegger en omgeving;Brasschaat;Brasschaat;Antwerpen;Meetnetten.be;J;Goedgekeurd op basis van kennisregels - nabijheid;2022-06-05;3;meetnetten.be: levensfase: imago_ activiteit: ter plaatse;10;Dagvlinders;Hesperiidae;2026-07-08;672;S;zeldzaam
240768991;240768991;Aardbeivlinder;Pyrgus malvae;2022-05-08;5;2022-05-08;1;ter plaatse;gezien;imago;onbekend;158834.70738260204;225400.74861213937;4.49553203582764;51.3383293151855;FS0488;Kapellen/Brasschaat - De Uitlegger en omgeving;Brasschaat;Brasschaat;Antwerpen;ObsMapp;J;Goedgekeurd op basis van kennisregels - nabijheid;2007-01-01;3;;2;Dagvlinders;Hesperiidae;2026-07-08;672;S;zeldzaam
228997695;228997695;Aardbeivlinder;Pyrgus malvae;2021-06-06;6;2021-11-07;1;ter plaatse;onbekend;imago;onbekend;158787.56001746087;225260.6080680033;4.49485206604004;51.3370704650879;FS0488;Kapellen/Brasschaat - De Uitlegger en omgeving;Brasschaat;Brasschaat;Antwerpen;Meetnetten.be;J;Goedgekeurd op basis van kennisregels - nabijheid;2022-06-05;3;meetnetten.be: levensfase: imago_ activiteit: ter plaatse;10;Dagvlinders;Hesperiidae;2026-07-08;672;S;zeldzaam
228997692;228997692;Aardbeivlinder;Pyrgus malvae;2021-06-06;6;2021-11-07;1;ter plaatse;onbekend;imago;onbekend;158829.0648727047;225280.62700763065;4.49544811248779;51.3372497558594;FS0488;Kapellen/Brasschaat - De Uitlegger en omgeving;Brasschaat;Brasschaat;Antwerpen;Meetnetten.be;J;Goedgekeurd op basis van kennisregels - nabijheid;2022-06-05;3;meetnetten.be: levensfase: imago_ activiteit: ter plaatse;10;Dagvlinders;Hesperiidae;2026-07-08;672;S;zeldzaam
193365559;193365559;Aardbeivlinder;Pyrgus malvae;2020-05-17;5;2020-06-06;1;ter plaatse;gezien;imago;onbekend;158672.14770826395;225378.8265208993;4.49319887161255;51.338134765625;FS0488;Kapellen/Brasschaat - De Uitlegger en omgeving;Brasschaat;Brasschaat;Antwerpen;ObsMapp;J;Goedgekeurd op basis van kennisregels - nabijheid;2007-01-01;3;;25;Dagvlinders;Hesperiidae;2026-07-08;672;S;zeldzaam
228997713;228997713;Aardbeivlinder;Pyrgus malvae;2021-06-06;6;2021-11-07;2;ter plaatse;onbekend;imago;onbekend;158702.0341265817;225371.6617630292;4.49362754821777;51.3380699157715;FS0488;Kapellen/Brasschaat - De Uitlegger en omgeving;Brasschaat;Brasschaat;Antwerpen;Meetnetten.be;J;Goedgekeurd op basis van kennisregels - nabijheid;2022-06-05;3;meetnetten.be: levensfase: imago_ activiteit: ter plaatse;10;Dagvlinders;Hesperiidae;2026-07-08;672;S;zeldzaam
189779576;189779576;Aardbeivlinder;Pyrgus malvae;2020-04-26;4;2020-04-26;1;ter plaatse;gezien;imago;onbekend;158774.7142839018;225407.86118848625;4.49467134475708;51.3383941650391;FS0488;Kapellen/Brasschaat - De Uitlegger en omgeving;Brasschaat;Brasschaat;Antwerpen;ObsMapp;J;Goedgekeurd op basis van kennisregels - nabijheid;2007-01-01;3;;25;Dagvlinders;Hesperiidae;2026-07-08;672;S;zeldzaam
193365568;193365568;Aardbeivlinder;Pyrgus malvae;2020-05-17;5;2020-06-06;1;ter plaatse;gezien;imago;onbekend;158774.6059099491;225412.9540900467;4.49466991424561;51.3384399414063;FS0488;Kapellen/Brasschaat - De Uitlegger en omgeving;Brasschaat;Brasschaat;Antwerpen;ObsMapp;J;Goedgekeurd op basis van kennisregels - nabijheid;2007-01-01;3;;25;Dagvlinders;Hesperiidae;2026-07-08;672;S;zeldzaam
193365562;193365562;Aardbeivlinder;Pyrgus malvae;2020-05-17;5;2020-06-06;2;in copula;gezien;imago;onbekend;158674.63427266252;225382.22610187624;4.49323463439941;51.3381652832031;FS0488;Kapellen/Brasschaat - De Uitlegger en omgeving;Brasschaat;Brasschaat;Antwerpen;ObsMapp;J;Goedgekeurd op basis van kennisregels - nabijheid;2007-01-01;3;;25;Dagvlinders;Hesperiidae;2026-07-08;672;S;zeldzaam
193365563;193365563;Aardbeivlinder;Pyrgus malvae;2020-05-17;5;2020-06-06;1;ter plaatse;gezien;imago;onbekend;158675.63404883345;225380.5300919432;4.49324893951416;51.3381500244141;FS0488;Kapellen/Brasschaat - De Uitlegger en omgeving;Brasschaat;Brasschaat;Antwerpen;ObsMapp;J;Goedgekeurd op basis van kennisregels - nabijheid;2007-01-01;3;;25;Dagvlinders;Hesperiidae;2026-07-08;672;S;zeldzaam
193365564;193365564;Aardbeivlinder;Pyrgus malvae;2020-05-17;5;2020-06-06;1;ter plaatse;gezien;imago;onbekend;158691.00399694758;225389.8933481276;4.49346971511841;51.3382339477539;FS0488;Kapellen/Brasschaat - De Uitlegger en omgeving;Brasschaat;Brasschaat;Antwerpen;ObsMapp;J;Goedgekeurd op basis van kennisregels - nabijheid;2007-01-01;3;;25;Dagvlinders;Hesperiidae;2026-07-08;672;S;zeldzaam
214338419;214338419;Aardbeivlinder;Pyrgus malvae;2021-05-20;5;2021-05-20;1;ter plaatse;onbekend;imago;onbekend;158595.87745921197;227550.05975637303;4.49215650558472;51.3576507568359;FS0390;Brasschaat/Kalmthout - Klein Schietveld - Vennengebied;Kalmthout;Kalmthout;Antwerpen;ObsMapp;J;Goedgekeurd op basis van expertoordeel;2007-01-01;3;;4;Dagvlinders;Hesperiidae;2026-07-08;672;S;zeldzaam
240224061;240224061;Aardbeivlinder;Pyrgus malvae;2022-05-04;5;2022-05-04;1;ter plaatse;gezien;imago;onbekend;159154.04940517724;225544.2232384719;4.50011806321142;51.33961384115917;FS0488;Brasschaat/Kalmthout - Klein Schietveld;Brasschaat;Brasschaat;Antwerpen;iObs;J;Goedgekeurd op basis van kennisregels - nabijheid;2007-01-01;4;;4;Dagvlinders;Hesperiidae;2026-07-08;672;S;zeldzaam
191501166;191501166;Aardbeivlinder;Pyrgus malvae;2020-05-16;5;2020-05-16;1;ter plaatse;onbekend;imago;onbekend;158597.45166587486;224668.2209309684;4.49211;51.331749;FS0387;Kapellen/Brasschaat - De Uitlegger en omgeving;Brasschaat;Brasschaat;Antwerpen;Site;J;Goedgekeurd op basis van bewijsmateriaal;1980-01-01;4;;25;Dagvlinders;Hesperiidae;2026-07-08;672;S;zeldzaam
191504661;191504661;Aardbeivlinder;Pyrgus malvae;2020-05-16;5;2020-05-16;1;ter plaatse;onbekend;imago;onbekend;158770.1660549373;225568.16102433112;4.49461;51.339835;FS0488;Kapellen/Brasschaat - De Uitlegger en omgeving;Kapellen;Kapellen;Antwerpen;Site;J;Goedgekeurd op basis van bewijsmateriaal;1980-01-01;4;;25;Dagvlinders;Hesperiidae;2026-07-08;672;S;zeldzaam
191536854;191536854;Aardbeivlinder;Pyrgus malvae;2020-05-16;5;2020-05-17;3;ter plaatse;gezien;imago;onbekend;158743.92997364316;225395.92492869124;4.49422931671143;51.3382873535156;FS0488;Kapellen/Brasschaat - De Uitlegger en omgeving;Brasschaat;Brasschaat;Antwerpen;ObsMapp;J;Goedgekeurd op basis van kennisregels - nabijheid;2007-01-01;3;normaal gaan monitoren maar het was al laat dus weinig actieve vlinders gezien;25;Dagvlinders;Hesperiidae;2026-07-08;672;S;zeldzaam
191536853;191536853;Aardbeivlinder;Pyrgus malvae;2020-05-16;5;2020-05-17;1;ter plaatse;gezien;imago;onbekend;158751.4429283749;225394.2400028408;4.49433708190918;51.3382720947266;FS0488;Kapellen/Brasschaat - De Uitlegger en omgeving;Brasschaat;Brasschaat;Antwerpen;ObsMapp;J;Goedgekeurd op basis van kennisregels - nabijheid;2007-01-01;3;;25;Dagvlinders;Hesperiidae;2026-07-08;672;S;zeldzaam
308869156;308869156;Aardbeivlinder;Pyrgus malvae;2024-05-10;5;2024-05-10;1;ter plaatse;gezien;imago;onbekend;158812.59201300042;225313.7038242314;4.495212554931641;51.337547302246094;FS0488;Kapellen/Brasschaat - De Uitlegger en omgeving;Brasschaat;Brasschaat;Antwerpen;ObsMapp;J;Goedgekeurd op basis van kennisregels - nabijheid;1980-01-01;3;;2;Dagvlinders;Hesperiidae;2026-07-08;672;S;zeldzaam
213220104;213220104;Aardbeivlinder;Pyrgus malvae;2021-05-10;5;2021-05-10;1;ter plaatse;gezien;imago;onbekend;158741.26696103092;225391.65318680837;4.494191;51.338249;FS0488;Kapellen/Brasschaat - De Uitlegger en omgeving;Brasschaat;Brasschaat;Antwerpen;ObsMapp;J;Goedgekeurd op basis van bewijsmateriaal;2007-01-01;3;;7;Dagvlinders;Hesperiidae;2026-07-08;672;S;zeldzaam
240962999;240962999;Aardbeivlinder;Pyrgus malvae;2022-05-09;5;2022-05-10;1;eileggend;gezien;imago;Vrouw;158705.93173765522;225326.6794278156;4.49368238444444;51.3376655577778;FS0488;Kapellen/Brasschaat - De Uitlegger en omgeving;Brasschaat;Brasschaat;Antwerpen;ObsMapp;J;Goedgekeurd op basis van bewijsmateriaal;2007-01-01;3;;999;Dagvlinders;Hesperiidae;2026-07-08;672;S;zeldzaam
190042189;190042189;Aardbeivlinder;Pyrgus malvae;2020-04-27;4;2020-04-29;1;ter plaatse;onbekend;onbekend;onbekend;158731.3767591724;225254.1460960768;4.49404573440552;51.3370132446289;FS0488;Kapellen/Brasschaat - De Uitlegger en omgeving;Brasschaat;Brasschaat;Antwerpen;Meetnetten.be;J;Goedgekeurd op basis van kennisregels - nabijheid;2021-04-26;3;meetnetten.be: levensfase: imago_ activiteit: ter plaatse;10;Dagvlinders;Hesperiidae;2026-07-08;672;S;zeldzaam
242383172;242383172;Aardbeivlinder;Pyrgus malvae;2022-05-21;5;2022-05-21;1;ter plaatse;gezien;imago;onbekend;158780.76797748142;225404.4760954948;4.49475812888889;51.3383636472222;FS0488;Kapellen/Brasschaat - De Uitlegger en omgeving;Brasschaat;Brasschaat;Antwerpen;ObsMapp;J;Goedgekeurd op basis van bewijsmateriaal;2007-01-01;3;;999;Dagvlinders;Hesperiidae;2026-07-08;672;S;zeldzaam
190042188;190042188;Aardbeivlinder;Pyrgus malvae;2020-04-27;4;2020-04-29;1;ter plaatse;onbekend;onbekend;onbekend;158718.0427018805;225298.26355040356;4.49385547637939;51.3374099731445;FS0488;Kapellen/Brasschaat - De Uitlegger en omgeving;Brasschaat;Brasschaat;Antwerpen;Meetnetten.be;J;Goedgekeurd op basis van kennisregels - nabijheid;2021-04-26;3;meetnetten.be: levensfase: imago_ activiteit: ter plaatse;10;Dagvlinders;Hesperiidae;2026-07-08;672;S;zeldzaam
215927398;215927398;Aardbeivlinder;Pyrgus malvae;2021-06-04;6;2021-06-04;2;ter plaatse;gezien;imago;onbekend;158857.21090284977;225474.21262534708;4.49585676193237;51.3389892578125;FS0488;Kapellen/Brasschaat - De Uitlegger en omgeving;Brasschaat;Brasschaat;Antwerpen;ObsMapp;J;Goedgekeurd op basis van kennisregels - nabijheid;2007-01-01;3;;4;Dagvlinders;Hesperiidae;2026-07-08;672;S;zeldzaam
191603019;191603019;Aardbeivlinder;Pyrgus malvae;2020-05-17;5;2020-05-17;1;ter plaatse;gezien;imago;onbekend;158939.27053340664;225561.3614205774;4.49703645706177;51.339771270752;FS0488;Kapellen/Brasschaat - De Uitlegger en omgeving;Brasschaat;Brasschaat;Antwerpen;ObsMapp;J;Goedgekeurd op basis van kennisregels - nabijheid;2007-01-01;3;;25;Dagvlinders;Hesperiidae;2026-07-08;672;S;zeldzaam
240962996;240962996;Aardbeivlinder;Pyrgus malvae;2022-05-09;5;2022-05-10;1;ter plaatse;gezien;imago;onbekend;158848.62153942912;225483.5351790544;4.49573373794556;51.3390731811523;FS0488;Kapellen/Brasschaat - De Uitlegger en omgeving;Brasschaat;Brasschaat;Antwerpen;ObsMapp;J;Goedgekeurd op basis van kennisregels - nabijheid;2007-01-01;3;;3;Dagvlinders;Hesperiidae;2026-07-08;672;S;zeldzaam
242383162;242383162;Aardbeivlinder;Pyrgus malvae;2022-05-21;5;2022-05-21;1;ter plaatse;gezien;imago;onbekend;158743.22912214388;225358.57442610431;4.49421834944444;51.33795166;FS0488;Kapellen/Brasschaat - De Uitlegger en omgeving;Brasschaat;Brasschaat;Antwerpen;ObsMapp;J;Goedgekeurd op basis van bewijsmateriaal;2007-01-01;3;;999;Dagvlinders;Hesperiidae;2026-07-08;672;S;zeldzaam
192716925;192716925;Aardbeivlinder;Pyrgus malvae;2020-05-29;5;2020-05-29;1;ter plaatse;gezien;imago;onbekend;158781.57718861464;225378.1632252233;4.49476909637451;51.3381271362305;FS0488;Kapellen/Brasschaat - De Uitlegger en omgeving;Brasschaat;Brasschaat;Antwerpen;ObsMapp;J;Goedgekeurd op basis van kennisregels - nabijheid;2007-01-01;3;;25;Dagvlinders;Hesperiidae;2026-07-08;672;S;zeldzaam
190042187;190042187;Aardbeivlinder;Pyrgus malvae;2020-04-27;4;2020-04-29;1;ter plaatse;onbekend;onbekend;onbekend;158678.58204857854;225327.0576692354;4.49328994750977;51.3376693725586;FS0488;Kapellen/Brasschaat - De Uitlegger en omgeving;Brasschaat;Brasschaat;Antwerpen;Meetnetten.be;J;Goedgekeurd op basis van kennisregels - nabijheid;2021-04-26;3;meetnetten.be: levensfase: imago_ activiteit: ter plaatse;10;Dagvlinders;Hesperiidae;2026-07-08;672;S;zeldzaam
244059076;244059076;Aardbeivlinder;Pyrgus malvae;2022-06-02;6;2022-06-03;1;ter plaatse;gezien;imago;onbekend;158725.05268820564;225358.1191737652;4.49395751953125;51.337947845459;FS0488;Kapellen/Brasschaat - De Uitlegger en omgeving;Brasschaat;Brasschaat;Antwerpen;ObsMapp;J;Goedgekeurd op basis van bewijsmateriaal;2007-01-01;3;;3;Dagvlinders;Hesperiidae;2026-07-08;672;S;zeldzaam
238435881;238435881;Aardbeivlinder;Pyrgus malvae;2022-04-20;4;2022-04-20;1;ter plaatse;gezien;imago;onbekend;158680.3703727745;225350.40399032735;4.49331617355347;51.3378791809082;FS0488;Kapellen/Brasschaat - De Uitlegger en omgeving;Brasschaat;Brasschaat;Antwerpen;ObsMapp;J;Goedgekeurd op basis van bewijsmateriaal;2007-01-01;3;;3;Dagvlinders;Hesperiidae;2026-07-08;672;S;zeldzaam
189460205;189460205;Aardbeivlinder;Pyrgus malvae;2020-04-23;4;2020-04-23;2;ter plaatse;gezien;imago;onbekend;158688.58793660495;225364.42384103689;4.4934344291687;51.338005065918;FS0488;Kapellen/Brasschaat - De Uitlegger en omgeving;Brasschaat;Brasschaat;Antwerpen;ObsMapp;J;Goedgekeurd op basis van kennisregels - nabijheid;2007-01-01;3;;25;Dagvlinders;Hesperiidae;2026-07-08;672;S;zeldzaam
190042180;190042180;Aardbeivlinder;Pyrgus malvae;2020-04-27;4;2020-04-29;1;ter plaatse;onbekend;onbekend;onbekend;158693.35901500858;225333.44896425493;4.49350214004517;51.3377265930176;FS0488;Kapellen/Brasschaat - De Uitlegger en omgeving;Brasschaat;Brasschaat;Antwerpen;Meetnetten.be;J;Goedgekeurd op basis van kennisregels - nabijheid;2021-04-26;3;meetnetten.be: levensfase: imago_ activiteit: ter plaatse;10;Dagvlinders;Hesperiidae;2026-07-08;672;S;zeldzaam
190042177;190042177;Aardbeivlinder;Pyrgus malvae;2020-04-27;4;2020-04-29;1;ter plaatse;onbekend;onbekend;onbekend;158739.46036865178;225366.6320943227;4.49416446685791;51.3380241394043;FS0488;Kapellen/Brasschaat - De Uitlegger en omgeving;Brasschaat;Brasschaat;Antwerpen;Meetnetten.be;J;Goedgekeurd op basis van kennisregels - nabijheid;2021-04-26;3;meetnetten.be: levensfase: imago_ activiteit: ter plaatse;10;Dagvlinders;Hesperiidae;2026-07-08;672;S;zeldzaam
189460208;189460208;Aardbeivlinder;Pyrgus malvae;2020-04-23;4;2020-04-23;1;ter plaatse;gezien;imago;onbekend;158734.46808910454;225273.25040401143;4.49409055709839;51.3371849060059;FS0488;Kapellen/Brasschaat - De Uitlegger en omgeving;Brasschaat;Brasschaat;Antwerpen;ObsMapp;J;Goedgekeurd op basis van kennisregels - nabijheid;2007-01-01;3;;25;Dagvlinders;Hesperiidae;2026-07-08;672;S;zeldzaam
242383173;242383173;Aardbeivlinder;Pyrgus malvae;2022-05-21;5;2022-05-21;1;ter plaatse;gezien;imago;onbekend;158829.2787114996;225388.4309969265;4.49545383444444;51.3382186888889;FS0488;Kapellen/Brasschaat - De Uitlegger en omgeving;Brasschaat;Brasschaat;Antwerpen;ObsMapp;J;Goedgekeurd op basis van bewijsmateriaal;2007-01-01;3;;999;Dagvlinders;Hesperiidae;2026-07-08;672;S;zeldzaam
190042190;190042190;Aardbeivlinder;Pyrgus malvae;2020-04-27;4;2020-04-29;1;ter plaatse;onbekend;onbekend;onbekend;158719.18477981037;225291.0502828136;4.49387168884277;51.337345123291;FS0488;Kapellen/Brasschaat - De Uitlegger en omgeving;Brasschaat;Brasschaat;Antwerpen;Meetnetten.be;J;Goedgekeurd op basis van kennisregels - nabijheid;2021-04-26;3;meetnetten.be: levensfase: imago_ activiteit: ter plaatse;10;Dagvlinders;Hesperiidae;2026-07-08;672;S;zeldzaam
190042186;190042186;Aardbeivlinder;Pyrgus malvae;2020-04-27;4;2020-04-29;1;ter plaatse;onbekend;onbekend;onbekend;158688.29333283246;225322.40539352875;4.49342918395996;51.3376274108887;FS0488;Kapellen/Brasschaat - De Uitlegger en omgeving;Brasschaat;Brasschaat;Antwerpen;Meetnetten.be;J;Goedgekeurd op basis van kennisregels - nabijheid;2021-04-26;3;meetnetten.be: levensfase: imago_ activiteit: ter plaatse;10;Dagvlinders;Hesperiidae;2026-07-08;672;S;zeldzaam
213640880;213640880;Aardbeivlinder;Pyrgus malvae;2021-05-13;5;2021-05-14;1;ter plaatse;onbekend;imago;onbekend;158861.06322189292;225517.8813429512;4.49591312;51.33938169;FS0488;Kapellen/Brasschaat - De Uitlegger en omgeving;Brasschaat;Brasschaat;Antwerpen;Site;J;Goedgekeurd op basis van kennisregels - nabijheid;1980-01-01;3;;10;Dagvlinders;Hesperiidae;2026-07-08;672;S;zeldzaam
190042185;190042185;Aardbeivlinder;Pyrgus malvae;2020-04-27;4;2020-04-29;1;ter plaatse;onbekend;onbekend;onbekend;158723.8266140248;225336.47148411628;4.49393939971924;51.3377532958984;FS0488;Kapellen/Brasschaat - De Uitlegger en omgeving;Brasschaat;Brasschaat;Antwerpen;Meetnetten.be;J;Goedgekeurd op basis van kennisregels - nabijheid;2021-04-26;3;meetnetten.be: levensfase: imago_ activiteit: ter plaatse;10;Dagvlinders;Hesperiidae;2026-07-08;672;S;zeldzaam
189460211;189460211;Aardbeivlinder;Pyrgus malvae;2020-04-23;4;2020-04-23;1;ter plaatse;gezien;imago;onbekend;158784.70429301076;225415.09343564603;4.4948148727417;51.3384590148926;FS0488;Kapellen/Brasschaat - De Uitlegger en omgeving;Brasschaat;Brasschaat;Antwerpen;ObsMapp;J;Goedgekeurd op basis van kennisregels - nabijheid;2007-01-01;3;;25;Dagvlinders;Hesperiidae;2026-07-08;672;S;zeldzaam
240962995;240962995;Aardbeivlinder;Pyrgus malvae;2022-05-09;5;2022-05-10;1;ter plaatse;gezien;imago;onbekend;158604.6313722368;223823.20464306232;4.492192745;51.3241539;FS0386;Brasschaat - Mishagen;Brasschaat;Brasschaat;Antwerpen;ObsMapp;J;Goedgekeurd op basis van bewijsmateriaal;2007-01-01;3;;999;Dagvlinders;Hesperiidae;2026-07-08;672;S;zeldzaam
242383171;242383171;Aardbeivlinder;Pyrgus malvae;2022-05-21;5;2022-05-21;1;ter plaatse;gezien;imago;onbekend;158777.8003559552;225410.41297537275;4.49471569055556;51.3384170530556;FS0488;Kapellen/Brasschaat - De Uitlegger en omgeving;Brasschaat;Brasschaat;Antwerpen;ObsMapp;J;Goedgekeurd op basis van bewijsmateriaal;2007-01-01;3;;999;Dagvlinders;Hesperiidae;2026-07-08;672;S;zeldzaam
217463654;217463654;Aardbeivlinder;Pyrgus malvae;2021-06-18;6;2021-06-18;1;ter plaatse;gezien;imago;onbekend;158773.61344371826;225371.3588627437;4.49465465545654;51.3380661010742;FS0488;Kapellen/Brasschaat - De Uitlegger en omgeving;Brasschaat;Brasschaat;Antwerpen;ObsMapp;J;Goedgekeurd op basis van bewijsmateriaal;2007-01-01;3;;3;Dagvlinders;Hesperiidae;2026-07-08;672;S;zeldzaam
189460206;189460206;Aardbeivlinder;Pyrgus malvae;2020-04-23;4;2020-04-23;2;ter plaatse;gezien;imago;onbekend;158727.7751947791;225320.3500772268;4.49399566650391;51.3376083374023;FS0488;Kapellen/Brasschaat - De Uitlegger en omgeving;Brasschaat;Brasschaat;Antwerpen;ObsMapp;J;Goedgekeurd op basis van kennisregels - nabijheid;2007-01-01;3;;25;Dagvlinders;Hesperiidae;2026-07-08;672;S;zeldzaam
189460209;189460209;Aardbeivlinder;Pyrgus malvae;2020-04-23;4;2020-04-23;2;ter plaatse;gezien;imago;onbekend;158746.03681093434;225251.20002186205;4.49425601959229;51.336986541748;FS0488;Kapellen/Brasschaat - De Uitlegger en omgeving;Brasschaat;Brasschaat;Antwerpen;ObsMapp;J;Goedgekeurd op basis van kennisregels - nabijheid;2007-01-01;3;;25;Dagvlinders;Hesperiidae;2026-07-08;672;S;zeldzaam
240962998;240962998;Aardbeivlinder;Pyrgus malvae;2022-05-09;5;2022-05-10;1;ter plaatse;gezien;imago;onbekend;158850.77306290608;225469.1084631281;4.49576425552368;51.3389434814453;FS0488;Kapellen/Brasschaat - De Uitlegger en omgeving;Brasschaat;Brasschaat;Antwerpen;ObsMapp;J;Goedgekeurd op basis van kennisregels - nabijheid;2007-01-01;3;;3;Dagvlinders;Hesperiidae;2026-07-08;672;S;zeldzaam
190042184;190042184;Aardbeivlinder;Pyrgus malvae;2020-04-27;4;2020-04-29;2;ter plaatse;onbekend;onbekend;onbekend;158686.49226027302;225365.6935748048;4.49340438842773;51.3380165100098;FS0488;Kapellen/Brasschaat - De Uitlegger en omgeving;Brasschaat;Brasschaat;Antwerpen;Meetnetten.be;J;Goedgekeurd op basis van kennisregels - nabijheid;2021-04-26;3;meetnetten.be: levensfase: imago_ activiteit: ter plaatse;10;Dagvlinders;Hesperiidae;2026-07-08;672;S;zeldzaam
190042179;190042179;Aardbeivlinder;Pyrgus malvae;2020-04-27;4;2020-04-29;1;ter plaatse;onbekend;onbekend;onbekend;158698.07420079564;225335.57904964127;4.49356985092163;51.3377456665039;FS0488;Kapellen/Brasschaat - De Uitlegger en omgeving;Brasschaat;Brasschaat;Antwerpen;Meetnetten.be;J;Goedgekeurd op basis van kennisregels - nabijheid;2021-04-26;3;meetnetten.be: levensfase: imago_ activiteit: ter plaatse;10;Dagvlinders;Hesperiidae;2026-07-08;672;S;zeldzaam
190042197;190042197;Aardbeivlinder;Pyrgus malvae;2020-04-27;4;2020-04-29;1;ter plaatse;onbekend;onbekend;onbekend;158770.0721275766;225421.4348399425;4.49460506439209;51.3385162353516;FS0488;Kapellen/Brasschaat - De Uitlegger en omgeving;Brasschaat;Brasschaat;Antwerpen;Meetnetten.be;J;Goedgekeurd op basis van kennisregels - nabijheid;2021-04-26;3;meetnetten.be: levensfase: imago_ activiteit: ter plaatse;10;Dagvlinders;Hesperiidae;2026-07-08;672;S;zeldzaam
190042178;190042178;Aardbeivlinder;Pyrgus malvae;2020-04-27;4;2020-04-29;1;ter plaatse;onbekend;onbekend;onbekend;158717.51939919195;225352.1644755965;4.49384927749634;51.3378944396973;FS0488;Kapellen/Brasschaat - De Uitlegger en omgeving;Brasschaat;Brasschaat;Antwerpen;Meetnetten.be;J;Goedgekeurd op basis van kennisregels - nabijheid;2021-04-26;3;meetnetten.be: levensfase: imago_ activiteit: ter plaatse;10;Dagvlinders;Hesperiidae;2026-07-08;672;S;zeldzaam
190769368;190769368;Aardbeivlinder;Pyrgus malvae;2020-05-08;5;2020-05-08;1;ter plaatse;gezien;imago;onbekend;158698.36403948112;225335.1716037784;4.493574;51.337742;FS0488;Kapellen/Brasschaat - De Uitlegger en omgeving;Brasschaat;Brasschaat;Antwerpen;iObs;J;Goedgekeurd op basis van bewijsmateriaal;2007-01-01;3;;85;Dagvlinders;Hesperiidae;2026-07-08;672;S;zeldzaam
190769369;190769369;Aardbeivlinder;Pyrgus malvae;2020-05-08;5;2020-05-08;1;ter plaatse;gezien;imago;onbekend;158676.83895211865;225370.06287279725;4.493265975861922;51.338055927377184;FS0488;Kapellen/Brasschaat - De Uitlegger en omgeving;Brasschaat;Brasschaat;Antwerpen;iObs;J;Goedgekeurd op basis van kennisregels - nabijheid;2007-01-01;3;;34;Dagvlinders;Hesperiidae;2026-07-08;672;S;zeldzaam
190769370;190769370;Aardbeivlinder;Pyrgus malvae;2020-05-08;5;2020-05-08;1;ter plaatse;gezien;imago;onbekend;158681.27204086754;225369.362404556;4.493329570706655;51.33804956441464;FS0488;Kapellen/Brasschaat - De Uitlegger en omgeving;Brasschaat;Brasschaat;Antwerpen;iObs;J;Goedgekeurd op basis van kennisregels - nabijheid;2007-01-01;3;;8;Dagvlinders;Hesperiidae;2026-07-08;672;S;zeldzaam
190769372;190769372;Aardbeivlinder;Pyrgus malvae;2020-05-08;5;2020-05-08;1;ter plaatse;gezien;imago;onbekend;158706.53137002842;225368.34093587197;4.493692;51.33804;FS0488;Kapellen/Brasschaat - De Uitlegger en omgeving;Brasschaat;Brasschaat;Antwerpen;iObs;J;Goedgekeurd op basis van bewijsmateriaal;2007-01-01;3;;8;Dagvlinders;Hesperiidae;2026-07-08;672;S;zeldzaam
192787202;192787202;Aardbeivlinder;Pyrgus malvae;2020-05-30;5;2020-05-30;1;ter plaatse;gezien;imago;onbekend;158789.074176526;225146.62858529203;4.494871;51.336046;FS0488;Kapellen/Brasschaat - De Uitlegger en omgeving;Brasschaat;Brasschaat;Antwerpen;iObs;J;Goedgekeurd op basis van bewijsmateriaal;2007-01-01;3;;27;Dagvlinders;Hesperiidae;2026-07-08;672;S;zeldzaam
190769348;190769348;Aardbeivlinder;Pyrgus malvae;2020-05-08;5;2020-05-08;1;ter plaatse;gezien;imago;onbekend;159258.36463511814;225279.52150270063;4.501608134717424;51.3372330408732;FS0488;Brasschaat/Kalmthout - Klein Schietveld;Brasschaat;Brasschaat;Antwerpen;iObs;J;Goedgekeurd op basis van kennisregels - nabijheid;2007-01-01;3;;63;Dagvlinders;Hesperiidae;2026-07-08;672;S;zeldzaam
190042191;190042191;Aardbeivlinder;Pyrgus malvae;2020-04-27;4;2020-04-29;1;ter plaatse;onbekend;onbekend;onbekend;158775.34750221722;225270.34897507355;4.49467706680298;51.337158203125;FS0488;Kapellen/Brasschaat - De Uitlegger en omgeving;Brasschaat;Brasschaat;Antwerpen;Meetnetten.be;J;Goedgekeurd op basis van kennisregels - nabijheid;2021-04-26;3;meetnetten.be: levensfase: imago_ activiteit: ter plaatse;10;Dagvlinders;Hesperiidae;2026-07-08;672;S;zeldzaam
217463653;217463653;Aardbeivlinder;Pyrgus malvae;2021-06-18;6;2021-06-18;1;ter plaatse;gezien;imago;onbekend;158815.05224884942;225410.0522367172;4.49525022506714;51.3384132385254;FS0488;Kapellen/Brasschaat - De Uitlegger en omgeving;Brasschaat;Brasschaat;Antwerpen;ObsMapp;J;Goedgekeurd op basis van kennisregels - nabijheid;2007-01-01;3;;3;Dagvlinders;Hesperiidae;2026-07-08;672;S;zeldzaam
190769367;190769367;Aardbeivlinder;Pyrgus malvae;2020-05-08;5;2020-05-08;2;ter plaatse;gezien;imago;onbekend;158727.1648351416;225316.60910898916;4.49398681732075;51.33757472308491;FS0488;Kapellen/Brasschaat - De Uitlegger en omgeving;Brasschaat;Brasschaat;Antwerpen;iObs;J;Goedgekeurd op basis van kennisregels - nabijheid;2007-01-01;3;;34;Dagvlinders;Hesperiidae;2026-07-08;672;S;zeldzaam
190042182;190042182;Aardbeivlinder;Pyrgus malvae;2020-04-27;4;2020-04-29;1;ter plaatse;onbekend;onbekend;onbekend;158720.33393842657;225358.11117634457;4.49388980865479;51.337947845459;FS0488;Kapellen/Brasschaat - De Uitlegger en omgeving;Brasschaat;Brasschaat;Antwerpen;Meetnetten.be;J;Goedgekeurd op basis van kennisregels - nabijheid;2021-04-26;3;meetnetten.be: levensfase: imago_ activiteit: ter plaatse;10;Dagvlinders;Hesperiidae;2026-07-08;672;S;zeldzaam
190042181;190042181;Aardbeivlinder;Pyrgus malvae;2020-04-27;4;2020-04-29;1;ter plaatse;onbekend;onbekend;onbekend;158688.19803935487;225378.85359150544;4.49342918395996;51.338134765625;FS0488;Kapellen/Brasschaat - De Uitlegger en omgeving;Brasschaat;Brasschaat;Antwerpen;Meetnetten.be;J;Goedgekeurd op basis van kennisregels - nabijheid;2021-04-26;3;meetnetten.be: levensfase: imago_ activiteit: ter plaatse;10;Dagvlinders;Hesperiidae;2026-07-08;672;S;zeldzaam
190042192;190042192;Aardbeivlinder;Pyrgus malvae;2020-04-27;4;2020-04-29;2;ter plaatse;onbekend;onbekend;onbekend;158804.85702826257;225328.545416506;4.49510192871094;51.3376808166504;FS0488;Kapellen/Brasschaat - De Uitlegger en omgeving;Brasschaat;Brasschaat;Antwerpen;Meetnetten.be;J;Goedgekeurd op basis van kennisregels - nabijheid;2021-04-26;3;meetnetten.be: levensfase: imago_ activiteit: ter plaatse;10;Dagvlinders;Hesperiidae;2026-07-08;672;S;zeldzaam
190042194;190042194;Aardbeivlinder;Pyrgus malvae;2020-04-27;4;2020-04-29;1;ter plaatse;onbekend;onbekend;onbekend;158807.6268069776;225321.75937585623;4.49514150619507;51.3376197814941;FS0488;Kapellen/Brasschaat - De Uitlegger en omgeving;Brasschaat;Brasschaat;Antwerpen;Meetnetten.be;J;Goedgekeurd op basis van kennisregels - nabijheid;2021-04-26;3;meetnetten.be: levensfase: imago_ activiteit: ter plaatse;10;Dagvlinders;Hesperiidae;2026-07-08;672;S;zeldzaam
240907196;240907196;Aardbeivlinder;Pyrgus malvae;2022-05-07;5;2022-05-09;1;ter plaatse;gezien;imago;onbekend;159254.19019506103;225297.53359159827;4.5015487;51.337395;FS0488;Brasschaat/Kalmthout - Klein Schietveld;Brasschaat;Brasschaat;Antwerpen;Site;J;Goedgekeurd op basis van bewijsmateriaal;1980-01-01;3;;5;Dagvlinders;Hesperiidae;2026-07-08;672;S;zeldzaam
190935159;190935159;Aardbeivlinder;Pyrgus malvae;2020-05-09;5;2020-05-09;1;ter plaatse;gezien;imago;onbekend;158730.27508679067;225257.11519246452;4.4940299987793;51.3370399475098;FS0488;Kapellen/Brasschaat - De Uitlegger en omgeving;Brasschaat;Brasschaat;Antwerpen;ObsMapp;J;Goedgekeurd op basis van bewijsmateriaal;2020-06-09;3;;25;Dagvlinders;Hesperiidae;2026-07-08;672;S;zeldzaam
215300397;215300397;Aardbeivlinder;Pyrgus malvae;2021-05-30;5;2021-05-30;1;ter plaatse;gezien;imago;onbekend;159159.10067860445;225568.76119201165;4.50019117444754;51.339834305968;FS0488;Brasschaat/Kalmthout - Klein Schietveld;Brasschaat;Brasschaat;Antwerpen;ObsMapp;J;Goedgekeurd op basis van kennisregels - nabijheid;2007-01-01;4;;5;Dagvlinders;Hesperiidae;2026-07-08;672;S;zeldzaam
215300389;215300389;Aardbeivlinder;Pyrgus malvae;2021-05-30;5;2021-05-30;1;ter plaatse;gezien;imago;onbekend;159186.11059013175;225489.8344377521;4.50057674199343;51.3391244846931;FS0488;Brasschaat/Kalmthout - Klein Schietveld;Brasschaat;Brasschaat;Antwerpen;ObsMapp;J;Goedgekeurd op basis van kennisregels - nabijheid;2007-01-01;4;;5;Dagvlinders;Hesperiidae;2026-07-08;672;S;zeldzaam
274691159;274691159;Aardbeivlinder;Pyrgus malvae;2023-06-03;6;2023-06-03;1;ter plaatse;onbekend;imago;onbekend;158714.50385878878;225327.5427919738;4.49380540847778;51.3376731872559;FS0488;Kapellen/Brasschaat - De Uitlegger en omgeving;Brasschaat;Brasschaat;Antwerpen;ObsMapp;J;Goedgekeurd op basis van kennisregels - nabijheid;2007-01-01;3;;12;Dagvlinders;Hesperiidae;2026-07-08;672;S;zeldzaam
189651129;189651129;Aardbeivlinder;Pyrgus malvae;2020-04-25;4;2020-04-25;1;ter plaatse;onbekend;imago;onbekend;158726.50031575764;225347.08661035355;4.49397802352905;51.3378486633301;FS0488;Kapellen/Brasschaat - De Uitlegger en omgeving;Brasschaat;Brasschaat;Antwerpen;ObsMapp;J;Goedgekeurd op basis van kennisregels - nabijheid;2007-01-01;3;;25;Dagvlinders;Hesperiidae;2026-07-08;672;S;zeldzaam
240038792;240038792;Aardbeivlinder;Pyrgus malvae;2022-05-03;5;2022-05-03;1;ter plaatse;onbekend;imago;onbekend;158721.7501910565;225306.7583053764;4.49390888214111;51.3374862670898;FS0488;Kapellen/Brasschaat - De Uitlegger en omgeving;Brasschaat;Brasschaat;Antwerpen;ObsMapp;J;Goedgekeurd op basis van kennisregels - nabijheid;2007-01-01;3;;10;Dagvlinders;Hesperiidae;2026-07-08;672;S;zeldzaam
215300388;215300388;Aardbeivlinder;Pyrgus malvae;2021-05-30;5;2021-05-30;1;ter plaatse;gezien;imago;onbekend;159199.34486946202;225458.1885494199;4.50076583772898;51.3388398409702;FS0488;Brasschaat/Kalmthout - Klein Schietveld;Brasschaat;Brasschaat;Antwerpen;ObsMapp;J;Goedgekeurd op basis van kennisregels - nabijheid;2007-01-01;4;;5;Dagvlinders;Hesperiidae;2026-07-08;672;S;zeldzaam
215300378;215300378;Aardbeivlinder;Pyrgus malvae;2021-05-30;5;2021-05-30;1;ter plaatse;gezien;imago;onbekend;159237.7726516868;225371.2176179262;4.50131502002478;51.3380575328924;FS0488;Brasschaat/Kalmthout - Klein Schietveld;Brasschaat;Brasschaat;Antwerpen;ObsMapp;J;Goedgekeurd op basis van kennisregels - nabijheid;2007-01-01;4;;5;Dagvlinders;Hesperiidae;2026-07-08;672;S;zeldzaam
350801619;350801619;Aardbeivlinder;Pyrgus malvae;2025-05-16;5;2025-05-16;1;ter plaatse;onbekend;imago;onbekend;158918.57124195196;225568.3715400016;4.496739599722222;51.3398346;FS0488;Kapellen/Brasschaat - De Uitlegger en omgeving;Brasschaat;Brasschaat;Antwerpen;ObsMapp;J;Goedgekeurd op basis van bewijsmateriaal;1980-01-01;3;;999;Dagvlinders;Hesperiidae;2026-07-08;672;S;zeldzaam
395793859;395793859;Aardbeivlinder;Pyrgus malvae;2026-05-01;5;2026-05-02;1;ter plaatse;gezien;imago;onbekend;158930.48399959627;225569.41022667105;4.496910572052002;51.33984375;FS0488;Kapellen/Brasschaat - De Uitlegger en omgeving;Brasschaat;Brasschaat;Antwerpen;ObsMapp;J;Goedgekeurd op basis van kennisregels - nabijheid;1980-01-01;3;;3;Dagvlinders;Hesperiidae;2026-07-08;672;S;zeldzaam
190546779;190546779;Aardbeivlinder;Pyrgus malvae;2020-05-05;5;2020-05-05;1;ter plaatse;gezien;imago;onbekend;158747.10782845595;225403.1455338886;4.49427509307861;51.3383522033691;FS0488;Kapellen/Brasschaat - De Uitlegger en omgeving;Brasschaat;Brasschaat;Antwerpen;ObsMapp;J;Goedgekeurd op basis van kennisregels - nabijheid;2007-01-01;3;;25;Dagvlinders;Hesperiidae;2026-07-08;672;S;zeldzaam
190546780;190546780;Aardbeivlinder;Pyrgus malvae;2020-05-05;5;2020-05-05;1;ter plaatse;gezien;imago;onbekend;158749.64415755143;225396.7834875444;4.49431133270264;51.3382949829102;FS0488;Kapellen/Brasschaat - De Uitlegger en omgeving;Brasschaat;Brasschaat;Antwerpen;ObsMapp;J;Goedgekeurd op basis van kennisregels - nabijheid;2007-01-01;3;;25;Dagvlinders;Hesperiidae;2026-07-08;672;S;zeldzaam
190546781;190546781;Aardbeivlinder;Pyrgus malvae;2020-05-05;5;2020-05-05;1;ter plaatse;gezien;imago;onbekend;158756.40218647508;225370.0562806027;4.49440765380859;51.3380546569824;FS0488;Kapellen/Brasschaat - De Uitlegger en omgeving;Brasschaat;Brasschaat;Antwerpen;ObsMapp;J;Goedgekeurd op basis van kennisregels - nabijheid;2007-01-01;3;;25;Dagvlinders;Hesperiidae;2026-07-08;672;S;zeldzaam
190546782;190546782;Aardbeivlinder;Pyrgus malvae;2020-05-05;5;2020-05-05;1;ter plaatse;gezien;imago;onbekend;158693.35184591584;225337.69318940863;4.49350214004517;51.3377647399902;FS0488;Kapellen/Brasschaat - De Uitlegger en omgeving;Brasschaat;Brasschaat;Antwerpen;ObsMapp;J;Goedgekeurd op basis van kennisregels - nabijheid;2007-01-01;3;;25;Dagvlinders;Hesperiidae;2026-07-08;672;S;zeldzaam
190546783;190546783;Aardbeivlinder;Pyrgus malvae;2020-05-05;5;2020-05-05;1;ter plaatse;gezien;imago;onbekend;158720.63589071602;225356.4139929032;4.49389410018921;51.3379325866699;FS0488;Kapellen/Brasschaat - De Uitlegger en omgeving;Brasschaat;Brasschaat;Antwerpen;ObsMapp;J;Goedgekeurd op basis van kennisregels - nabijheid;2007-01-01;3;;25;Dagvlinders;Hesperiidae;2026-07-08;672;S;zeldzaam
216190029;216190029;Aardbeivlinder;Pyrgus malvae;2021-06-06;6;2021-06-07;1;ter plaatse;gezien;imago;onbekend;158742.31201956896;225252.89138808288;4.49420261383057;51.3370018005371;FS0488;Kapellen/Brasschaat - De Uitlegger en omgeving;Brasschaat;Brasschaat;Antwerpen;ObsMapp;J;Goedgekeurd op basis van kennisregels - nabijheid;2007-01-01;3;Lid van Atalanta vlinderwerkgroep;1;Dagvlinders;Hesperiidae;2026-07-08;672;S;zeldzaam
190546784;190546784;Aardbeivlinder;Pyrgus malvae;2020-05-05;5;2020-05-05;1;ter plaatse;gezien;imago;onbekend;158710.3236167419;225362.7628863864;4.49374628067017;51.3379898071289;FS0488;Kapellen/Brasschaat - De Uitlegger en omgeving;Brasschaat;Brasschaat;Antwerpen;ObsMapp;J;Goedgekeurd op basis van kennisregels - nabijheid;2007-01-01;3;;25;Dagvlinders;Hesperiidae;2026-07-08;672;S;zeldzaam
190546786;190546786;Aardbeivlinder;Pyrgus malvae;2020-05-05;5;2020-05-05;1;ter plaatse;gezien;imago;onbekend;158697.839905049;225375.89891090803;4.49356746673584;51.3381080627441;FS0488;Kapellen/Brasschaat - De Uitlegger en omgeving;Brasschaat;Brasschaat;Antwerpen;ObsMapp;J;Goedgekeurd op basis van kennisregels - nabijheid;2007-01-01;3;vorm taras;25;Dagvlinders;Hesperiidae;2026-07-08;672;S;zeldzaam
190546787;190546787;Aardbeivlinder;Pyrgus malvae;2020-05-05;5;2020-05-05;2;in copula;gezien;imago;onbekend;158696.34811753745;225373.7742710169;4.49354600906372;51.3380889892578;FS0488;Kapellen/Brasschaat - De Uitlegger en omgeving;Brasschaat;Brasschaat;Antwerpen;ObsMapp;J;Goedgekeurd op basis van kennisregels - nabijheid;2007-01-01;3;;25;Dagvlinders;Hesperiidae;2026-07-08;672;S;zeldzaam
190546789;190546789;Aardbeivlinder;Pyrgus malvae;2020-05-05;5;2020-05-05;2;ter plaatse;gezien;imago;onbekend;158730.6078512447;225335.20971176028;4.49403667449951;51.3377418518066;FS0488;Kapellen/Brasschaat - De Uitlegger en omgeving;Brasschaat;Brasschaat;Antwerpen;ObsMapp;J;Goedgekeurd op basis van kennisregels - nabijheid;2007-01-01;3;;25;Dagvlinders;Hesperiidae;2026-07-08;672;S;zeldzaam
190546790;190546790;Aardbeivlinder;Pyrgus malvae;2020-05-05;5;2020-05-05;1;ter plaatse;gezien;imago;onbekend;158721.45959543213;225282.1412404496;4.49390411376953;51.3372650146484;FS0488;Kapellen/Brasschaat - De Uitlegger en omgeving;Brasschaat;Brasschaat;Antwerpen;ObsMapp;J;Goedgekeurd op basis van kennisregels - nabijheid;2007-01-01;3;;25;Dagvlinders;Hesperiidae;2026-07-08;672;S;zeldzaam
189942372;189942372;Aardbeivlinder;Pyrgus malvae;2020-04-26;4;2020-04-28;1;ter plaatse;onbekend;onbekend;onbekend;158677.1087569044;225353.36945645977;4.49326944351196;51.3379058837891;FS0488;Kapellen/Brasschaat - De Uitlegger en omgeving;Brasschaat;Brasschaat;Antwerpen;Meetnetten.be;J;Goedgekeurd op basis van kennisregels - nabijheid;2021-04-25;3;meetnetten.be: levensfase: imago_ activiteit: ter plaatse;10;Dagvlinders;Hesperiidae;2026-07-08;672;S;zeldzaam
190546791;190546791;Aardbeivlinder;Pyrgus malvae;2020-05-05;5;2020-05-05;2;ter plaatse;gezien;imago;onbekend;158722.78884023786;225282.14349310007;4.49392318725586;51.3372650146484;FS0488;Kapellen/Brasschaat - De Uitlegger en omgeving;Brasschaat;Brasschaat;Antwerpen;ObsMapp;J;Goedgekeurd op basis van kennisregels - nabijheid;2007-01-01;3;;25;Dagvlinders;Hesperiidae;2026-07-08;672;S;zeldzaam
189942373;189942373;Aardbeivlinder;Pyrgus malvae;2020-04-26;4;2020-04-28;1;ter plaatse;onbekend;onbekend;onbekend;158676.32481576188;225345.30408358944;4.49325799942017;51.337833404541;FS0488;Kapellen/Brasschaat - De Uitlegger en omgeving;Brasschaat;Brasschaat;Antwerpen;Meetnetten.be;J;Goedgekeurd op basis van kennisregels - nabijheid;2021-04-25;3;meetnetten.be: levensfase: imago_ activiteit: ter plaatse;10;Dagvlinders;Hesperiidae;2026-07-08;672;S;zeldzaam
189945922;189945922;Aardbeivlinder;Pyrgus malvae;2020-04-26;4;2020-04-28;11;ter plaatse;gezien;imago;onbekend;158690.863259382;225319.91629428323;4.493466;51.337605;FS0488;Kapellen/Brasschaat - De Uitlegger en omgeving;Brasschaat;Brasschaat;Antwerpen;Site;J;Goedgekeurd op basis van bewijsmateriaal;1980-01-01;3;;25;Dagvlinders;Hesperiidae;2026-07-08;672;S;zeldzaam
190546795;190546795;Aardbeivlinder;Pyrgus malvae;2020-05-05;5;2020-05-05;1;ter plaatse;gezien;imago;onbekend;158745.0276120491;225258.41350828015;4.49424171447754;51.3370513916016;FS0488;Kapellen/Brasschaat - De Uitlegger en omgeving;Brasschaat;Brasschaat;Antwerpen;ObsMapp;J;Goedgekeurd op basis van kennisregels - nabijheid;2007-01-01;3;;25;Dagvlinders;Hesperiidae;2026-07-08;672;S;zeldzaam
216190030;216190030;Aardbeivlinder;Pyrgus malvae;2021-06-06;6;2021-06-07;1;ter plaatse;gezien;imago;onbekend;158753.5485594794;225269.88743094075;4.4943642616272;51.3371543884277;FS0488;Kapellen/Brasschaat - De Uitlegger en omgeving;Brasschaat;Brasschaat;Antwerpen;ObsMapp;J;Goedgekeurd op basis van kennisregels - nabijheid;2007-01-01;3;Lid van Atalanta vlinderwerkgroep;1;Dagvlinders;Hesperiidae;2026-07-08;672;S;zeldzaam
216190032;216190032;Aardbeivlinder;Pyrgus malvae;2021-06-06;6;2021-06-07;1;ter plaatse;gezien;imago;onbekend;158786.659150725;225262.72864810564;4.49483919143677;51.3370895385742;FS0488;Kapellen/Brasschaat - De Uitlegger en omgeving;Brasschaat;Brasschaat;Antwerpen;ObsMapp;J;Goedgekeurd op basis van kennisregels - nabijheid;2007-01-01;3;Lid van Atalanta vlinderwerkgroep;4;Dagvlinders;Hesperiidae;2026-07-08;672;S;zeldzaam
190596215;190596215;Aardbeivlinder;Pyrgus malvae;2020-05-06;5;2020-05-06;1;ter plaatse;onbekend;onbekend;onbekend;159378.9858933143;226261.16278259363;4.5033646;51.346054;FS0489;Brasschaat/Kalmthout - Klein Schietveld;Kapellen;Kapellen;Antwerpen;Site;J;Goedgekeurd op basis van expertoordeel;1980-01-01;3;;25;Dagvlinders;Hesperiidae;2026-07-08;672;S;zeldzaam
190546796;190546796;Aardbeivlinder;Pyrgus malvae;2020-05-05;5;2020-05-05;1;ter plaatse;gezien;imago;onbekend;158799.95309990636;225261.90251267608;4.49502992630005;51.3370819091797;FS0488;Kapellen/Brasschaat - De Uitlegger en omgeving;Brasschaat;Brasschaat;Antwerpen;ObsMapp;J;Goedgekeurd op basis van kennisregels - nabijheid;2007-01-01;3;;25;Dagvlinders;Hesperiidae;2026-07-08;672;S;zeldzaam
190546798;190546798;Aardbeivlinder;Pyrgus malvae;2020-05-05;5;2020-05-05;1;ter plaatse;gezien;imago;onbekend;158805.72171123372;225250.45294103585;4.49511241912842;51.3369789123535;FS0488;Kapellen/Brasschaat - De Uitlegger en omgeving;Brasschaat;Brasschaat;Antwerpen;ObsMapp;J;Goedgekeurd op basis van kennisregels - nabijheid;2007-01-01;3;;25;Dagvlinders;Hesperiidae;2026-07-08;672;S;zeldzaam
190546801;190546801;Aardbeivlinder;Pyrgus malvae;2020-05-05;5;2020-05-05;1;ter plaatse;gezien;imago;onbekend;158838.84108905663;225296.3474622713;4.49558877944946;51.3373908996582;FS0488;Kapellen/Brasschaat - De Uitlegger en omgeving;Brasschaat;Brasschaat;Antwerpen;ObsMapp;J;Goedgekeurd op basis van kennisregels - nabijheid;2007-01-01;3;;25;Dagvlinders;Hesperiidae;2026-07-08;672;S;zeldzaam
214184546;214184546;Aardbeivlinder;Pyrgus malvae;2021-05-18;5;2021-05-19;1;ter plaatse;gezien;imago;onbekend;159155.98394065656;225551.14248653597;4.500146;51.339676;FS0488;Brasschaat/Kalmthout - Klein Schietveld;Brasschaat;Brasschaat;Antwerpen;ObsMapp;J;Goedgekeurd op basis van bewijsmateriaal;2007-01-01;3;;9;Dagvlinders;Hesperiidae;2026-07-08;672;S;zeldzaam
214184538;214184538;Aardbeivlinder;Pyrgus malvae;2021-05-18;5;2021-05-19;1;ter plaatse;gezien;imago;onbekend;158808.87775491824;225503.41493237857;4.4951639175415;51.3392524719238;FS0488;Kapellen/Brasschaat - De Uitlegger en omgeving;Brasschaat;Brasschaat;Antwerpen;ObsMapp;J;Goedgekeurd op basis van kennisregels - nabijheid;2007-01-01;3;;9;Dagvlinders;Hesperiidae;2026-07-08;672;S;zeldzaam
214182018;214182018;Aardbeivlinder;Pyrgus malvae;2021-05-18;5;2021-05-19;1;ter plaatse;gezien;imago;onbekend;159027.36653037427;226490.1759544089;4.498324;51.348118;FS0489;Brasschaat/Kalmthout - Klein Schietveld;Kapellen;Kapellen;Antwerpen;ObsMapp;J;Goedgekeurd op basis van bewijsmateriaal;2007-01-01;3;;4;Dagvlinders;Hesperiidae;2026-07-08;672;S;zeldzaam
214182014;214182014;Aardbeivlinder;Pyrgus malvae;2021-05-18;5;2021-05-19;1;ter plaatse;gezien;imago;onbekend;158644.10597838077;225358.44481489155;4.492796;51.337952;FS0388;Kapellen/Brasschaat - De Uitlegger en omgeving;Brasschaat;Brasschaat;Antwerpen;ObsMapp;J;Goedgekeurd op basis van bewijsmateriaal;2007-01-01;3;;5;Dagvlinders;Hesperiidae;2026-07-08;672;S;zeldzaam
190546803;190546803;Aardbeivlinder;Pyrgus malvae;2020-05-05;5;2020-05-05;1;ter plaatse;gezien;imago;onbekend;158787.34645710076;225346.76571199205;4.49485111236572;51.3378448486328;FS0488;Kapellen/Brasschaat - De Uitlegger en omgeving;Brasschaat;Brasschaat;Antwerpen;ObsMapp;J;Goedgekeurd op basis van kennisregels - nabijheid;2007-01-01;3;;25;Dagvlinders;Hesperiidae;2026-07-08;672;S;zeldzaam
216190033;216190033;Aardbeivlinder;Pyrgus malvae;2021-06-06;6;2021-06-07;1;ter plaatse;gezien;imago;onbekend;158791.28554305586;225258.4923119349;4.49490547180176;51.3370513916016;FS0488;Kapellen/Brasschaat - De Uitlegger en omgeving;Brasschaat;Brasschaat;Antwerpen;ObsMapp;J;Goedgekeurd op basis van kennisregels - nabijheid;2007-01-01;3;Lid van Atalanta vlinderwerkgroep;1;Dagvlinders;Hesperiidae;2026-07-08;672;S;zeldzaam
190546804;190546804;Aardbeivlinder;Pyrgus malvae;2020-05-05;5;2020-05-05;1;ter plaatse;gezien;imago;onbekend;158771.93455569522;225381.54217238724;4.49463081359863;51.3381576538086;FS0488;Kapellen/Brasschaat - De Uitlegger en omgeving;Brasschaat;Brasschaat;Antwerpen;ObsMapp;J;Goedgekeurd op basis van kennisregels - nabijheid;2007-01-01;3;;25;Dagvlinders;Hesperiidae;2026-07-08;672;S;zeldzaam
190546805;190546805;Aardbeivlinder;Pyrgus malvae;2020-05-05;5;2020-05-05;1;ter plaatse;gezien;imago;onbekend;158772.69379281127;225384.5144331539;4.49464178085327;51.3381843566895;FS0488;Kapellen/Brasschaat - De Uitlegger en omgeving;Brasschaat;Brasschaat;Antwerpen;ObsMapp;J;Goedgekeurd op basis van kennisregels - nabijheid;2007-01-01;3;;25;Dagvlinders;Hesperiidae;2026-07-08;672;S;zeldzaam
190546810;190546810;Aardbeivlinder;Pyrgus malvae;2020-05-05;5;2020-05-05;1;ter plaatse;gezien;imago;onbekend;158786.44313518342;225408.73004586343;4.49483966827393;51.3384017944336;FS0488;Kapellen/Brasschaat - De Uitlegger en omgeving;Brasschaat;Brasschaat;Antwerpen;ObsMapp;J;Goedgekeurd op basis van kennisregels - nabijheid;2007-01-01;3;;25;Dagvlinders;Hesperiidae;2026-07-08;672;S;zeldzaam
347767524;347767524;Aardbeivlinder;Pyrgus malvae;2025-05-01;5;2025-05-01;2;ter plaatse;gezien;imago;onbekend;158777.28960077537;225417.6273286305;4.49470853805542;51.33848190307617;FS0488;Kapellen/Brasschaat - De Uitlegger en omgeving;Brasschaat;Brasschaat;Antwerpen;ObsMapp;J;Goedgekeurd op basis van kennisregels - nabijheid;1980-01-01;3;;8;Dagvlinders;Hesperiidae;2026-07-08;672;S;zeldzaam
190546815;190546815;Aardbeivlinder;Pyrgus malvae;2020-05-05;5;2020-05-05;1;ter plaatse;gezien;imago;onbekend;158823.80612954692;225421.1022575097;4.4953761100769;51.3385124206543;FS0488;Kapellen/Brasschaat - De Uitlegger en omgeving;Brasschaat;Brasschaat;Antwerpen;ObsMapp;J;Goedgekeurd op basis van kennisregels - nabijheid;2007-01-01;3;;25;Dagvlinders;Hesperiidae;2026-07-08;672;S;zeldzaam
190546816;190546816;Aardbeivlinder;Pyrgus malvae;2020-05-05;5;2020-05-05;1;ter plaatse;gezien;imago;onbekend;158825.6966136456;225423.227618292;4.49540328979492;51.3385314941406;FS0488;Kapellen/Brasschaat - De Uitlegger en omgeving;Brasschaat;Brasschaat;Antwerpen;ObsMapp;J;Goedgekeurd op basis van kennisregels - nabijheid;2007-01-01;3;;25;Dagvlinders;Hesperiidae;2026-07-08;672;S;zeldzaam
240814594;240814594;Aardbeivlinder;Pyrgus malvae;2022-05-08;5;2022-05-09;1;ter plaatse;gezien;imago;onbekend;158947.51733755885;225577.0794430254;4.49715518951416;51.3399124145508;FS0488;Kapellen/Brasschaat - De Uitlegger en omgeving;Brasschaat;Brasschaat;Antwerpen;ObsMapp;J;Goedgekeurd op basis van kennisregels - nabijheid;2007-01-01;3;;6;Dagvlinders;Hesperiidae;2026-07-08;672;S;zeldzaam
347767509;347767509;Aardbeivlinder;Pyrgus malvae;2025-05-01;5;2025-05-01;1;ter plaatse;gezien;imago;onbekend;158826.07718098245;225433.83886830788;4.49540901184082;51.338626861572266;FS0488;Kapellen/Brasschaat - De Uitlegger en omgeving;Brasschaat;Brasschaat;Antwerpen;ObsMapp;J;Goedgekeurd op basis van kennisregels - nabijheid;1980-01-01;3;;9;Dagvlinders;Hesperiidae;2026-07-08;672;S;zeldzaam
347767490;347767490;Aardbeivlinder;Pyrgus malvae;2025-05-01;5;2025-05-01;1;ter plaatse;gezien;imago;onbekend;158868.2107265943;225473.8071421357;4.496014595031738;51.338985443115234;FS0488;Kapellen/Brasschaat - De Uitlegger en omgeving;Brasschaat;Brasschaat;Antwerpen;ObsMapp;J;Goedgekeurd op basis van kennisregels - nabijheid;1980-01-01;3;;2;Dagvlinders;Hesperiidae;2026-07-08;672;S;zeldzaam
240814596;240814596;Aardbeivlinder;Pyrgus malvae;2022-05-08;5;2022-05-09;1;ter plaatse;gezien;imago;onbekend;158722.4863072802;225303.7885871036;4.49391937255859;51.337459564209;FS0488;Kapellen/Brasschaat - De Uitlegger en omgeving;Brasschaat;Brasschaat;Antwerpen;ObsMapp;J;Goedgekeurd op basis van kennisregels - nabijheid;2007-01-01;3;;2;Dagvlinders;Hesperiidae;2026-07-08;672;S;zeldzaam
240814597;240814597;Aardbeivlinder;Pyrgus malvae;2022-05-08;5;2022-05-09;1;ter plaatse;gezien;imago;onbekend;158719.71863401256;225289.7779162824;4.4938793182373;51.3373336791992;FS0488;Kapellen/Brasschaat - De Uitlegger en omgeving;Brasschaat;Brasschaat;Antwerpen;ObsMapp;J;Goedgekeurd op basis van kennisregels - nabijheid;2007-01-01;3;;3;Dagvlinders;Hesperiidae;2026-07-08;672;S;zeldzaam
190935212;190935212;Aardbeivlinder;Pyrgus malvae;2020-05-09;5;2020-05-09;4;ter plaatse;gezien;imago;onbekend;158686.56946678154;225359.32734856475;4.49340534210205;51.3379592895508;FS0488;Kapellen/Brasschaat - De Uitlegger en omgeving;Brasschaat;Brasschaat;Antwerpen;ObsMapp;J;Goedgekeurd op basis van bewijsmateriaal;2020-06-09;3;;25;Dagvlinders;Hesperiidae;2026-07-08;672;S;zeldzaam
215629398;215629398;Aardbeivlinder;Pyrgus malvae;2021-05-31;5;2021-06-02;2;ter plaatse;gezien;imago;onbekend;158752.44850154818;225389.1486268798;4.49435138702393;51.3382263183594;FS0488;Kapellen/Brasschaat - De Uitlegger en omgeving;Brasschaat;Brasschaat;Antwerpen;ObsMapp;J;Goedgekeurd op basis van kennisregels - nabijheid;2007-01-01;3;;3;Dagvlinders;Hesperiidae;2026-07-08;672;S;zeldzaam
215629400;215629400;Aardbeivlinder;Pyrgus malvae;2021-05-31;5;2021-06-02;1;ter plaatse;gezien;imago;onbekend;158698.15093938247;225349.1607389692;4.49357128143311;51.3378677368164;FS0488;Kapellen/Brasschaat - De Uitlegger en omgeving;Brasschaat;Brasschaat;Antwerpen;ObsMapp;J;Goedgekeurd op basis van kennisregels - nabijheid;2007-01-01;3;;8;Dagvlinders;Hesperiidae;2026-07-08;672;S;zeldzaam
241112221;241112221;Aardbeivlinder;Pyrgus malvae;2022-05-11;5;2022-05-11;1;ter plaatse;gezien;imago;onbekend;158797.20102020924;225316.6484609889;4.49499177932739;51.337574005127;FS0488;Kapellen/Brasschaat - De Uitlegger en omgeving;Brasschaat;Brasschaat;Antwerpen;ObsMapp;J;Goedgekeurd op basis van kennisregels - nabijheid;2007-01-01;3;Atalanta aardbeivlinderroute sectie 7;5;Dagvlinders;Hesperiidae;2026-07-08;672;S;zeldzaam
241112220;241112220;Aardbeivlinder;Pyrgus malvae;2022-05-11;5;2022-05-11;1;ter plaatse;gezien;imago;onbekend;158834.35344321246;225297.1886052005;4.49552440643311;51.3373985290527;FS0488;Kapellen/Brasschaat - De Uitlegger en omgeving;Brasschaat;Brasschaat;Antwerpen;ObsMapp;J;Goedgekeurd op basis van kennisregels - nabijheid;2007-01-01;3;Atlanta aardbeivlinderroute sectie 7;4;Dagvlinders;Hesperiidae;2026-07-08;672;S;zeldzaam
189536679;189536679;Aardbeivlinder;Pyrgus malvae;2020-04-24;4;2020-04-24;1;ter plaatse;gezien;imago;onbekend;158666.49102874694;225324.06632852837;4.49311637878418;51.3376426696777;FS0488;Kapellen/Brasschaat - De Uitlegger en omgeving;Brasschaat;Brasschaat;Antwerpen;ObsMapp;J;Goedgekeurd op basis van kennisregels - nabijheid;2007-01-01;3;;25;Dagvlinders;Hesperiidae;2026-07-08;672;S;zeldzaam
191929273;191929273;Aardbeivlinder;Pyrgus malvae;2020-05-20;5;2020-05-21;2;ter plaatse;gezien;imago;onbekend;158703.95626114195;225355.1124862097;4.49365472793579;51.3379211425781;FS0488;Kapellen/Brasschaat - De Uitlegger en omgeving;Brasschaat;Brasschaat;Antwerpen;ObsMapp;J;Goedgekeurd op basis van kennisregels - nabijheid;2007-01-01;3;;25;Dagvlinders;Hesperiidae;2026-07-08;672;S;zeldzaam
215629403;215629403;Aardbeivlinder;Pyrgus malvae;2021-05-31;5;2021-06-02;1;ter plaatse;gezien;imago;onbekend;158680.440111757;225328.75849764328;4.49331665039063;51.3376846313477;FS0488;Kapellen/Brasschaat - De Uitlegger en omgeving;Brasschaat;Brasschaat;Antwerpen;ObsMapp;J;Goedgekeurd op basis van kennisregels - nabijheid;2007-01-01;3;;3;Dagvlinders;Hesperiidae;2026-07-08;672;S;zeldzaam
191929274;191929274;Aardbeivlinder;Pyrgus malvae;2020-05-20;5;2020-05-21;2;ter plaatse;gezien;imago;onbekend;158687.2127515419;225332.5897385478;4.4934139251709;51.337718963623;FS0488;Kapellen/Brasschaat - De Uitlegger en omgeving;Brasschaat;Brasschaat;Antwerpen;ObsMapp;J;Goedgekeurd op basis van kennisregels - nabijheid;2007-01-01;3;;25;Dagvlinders;Hesperiidae;2026-07-08;672;S;zeldzaam
189536686;189536686;Aardbeivlinder;Pyrgus malvae;2020-04-24;4;2020-04-24;1;ter plaatse;gezien;imago;onbekend;158798.69422658076;225220.73127252609;4.49501085281372;51.3367118835449;FS0488;Kapellen/Brasschaat - De Uitlegger en omgeving;Brasschaat;Brasschaat;Antwerpen;ObsMapp;J;Goedgekeurd op basis van kennisregels - nabijheid;2007-01-01;3;;25;Dagvlinders;Hesperiidae;2026-07-08;672;S;zeldzaam
189536684;189536684;Aardbeivlinder;Pyrgus malvae;2020-04-24;4;2020-04-24;1;ter plaatse;gezien;imago;onbekend;158696.41527999943;225255.36017416324;4.49354410171509;51.3370246887207;FS0488;Kapellen/Brasschaat - De Uitlegger en omgeving;Brasschaat;Brasschaat;Antwerpen;ObsMapp;J;Goedgekeurd op basis van kennisregels - nabijheid;2007-01-01;3;;25;Dagvlinders;Hesperiidae;2026-07-08;672;S;zeldzaam
189536683;189536683;Aardbeivlinder;Pyrgus malvae;2020-04-24;4;2020-04-24;2;ter plaatse;gezien;imago;onbekend;158716.1232093949;225293.5916390149;4.49382781982422;51.3373680114746;FS0488;Kapellen/Brasschaat - De Uitlegger en omgeving;Brasschaat;Brasschaat;Antwerpen;ObsMapp;J;Goedgekeurd op basis van bewijsmateriaal;2007-01-01;3;;25;Dagvlinders;Hesperiidae;2026-07-08;672;S;zeldzaam
189536682;189536682;Aardbeivlinder;Pyrgus malvae;2020-04-24;4;2020-04-24;2;ter plaatse;gezien;imago;onbekend;158715.8136856338;225339.00445056983;4.49382448196411;51.337776184082;FS0488;Kapellen/Brasschaat - De Uitlegger en omgeving;Brasschaat;Brasschaat;Antwerpen;ObsMapp;J;Goedgekeurd op basis van kennisregels - nabijheid;2007-01-01;3;;25;Dagvlinders;Hesperiidae;2026-07-08;672;S;zeldzaam
189536681;189536681;Aardbeivlinder;Pyrgus malvae;2020-04-24;4;2020-04-24;1;ter plaatse;gezien;imago;onbekend;158700.42784604104;225338.97841780167;4.49360370635986;51.337776184082;FS0488;Kapellen/Brasschaat - De Uitlegger en omgeving;Brasschaat;Brasschaat;Antwerpen;ObsMapp;J;Goedgekeurd op basis van kennisregels - nabijheid;2007-01-01;3;;25;Dagvlinders;Hesperiidae;2026-07-08;672;S;zeldzaam
215629397;215629397;Aardbeivlinder;Pyrgus malvae;2021-05-31;5;2021-06-02;1;ter plaatse;gezien;imago;onbekend;158778.72798254472;225392.5887745535;4.49472856521606;51.3382568359375;FS0488;Kapellen/Brasschaat - De Uitlegger en omgeving;Brasschaat;Brasschaat;Antwerpen;ObsMapp;J;Goedgekeurd op basis van bewijsmateriaal;2007-01-01;3;;4;Dagvlinders;Hesperiidae;2026-07-08;672;S;zeldzaam
189536680;189536680;Aardbeivlinder;Pyrgus malvae;2020-04-24;4;2020-04-24;2;ter plaatse;gezien;imago;onbekend;158678.21937209545;225325.3593628313;4.49328470230103;51.3376541137695;FS0488;Kapellen/Brasschaat - De Uitlegger en omgeving;Brasschaat;Brasschaat;Antwerpen;ObsMapp;J;Goedgekeurd op basis van bewijsmateriaal;2007-01-01;3;;25;Dagvlinders;Hesperiidae;2026-07-08;672;S;zeldzaam
214398300;214398300;Aardbeivlinder;Pyrgus malvae;2021-05-20;5;2021-05-21;1;ter plaatse;gezien;imago;onbekend;158858.29179016847;225464.02831027936;4.49587202072144;51.3388977050781;FS0488;Kapellen/Brasschaat - De Uitlegger en omgeving;Brasschaat;Brasschaat;Antwerpen;ObsMapp;J;Goedgekeurd op basis van bewijsmateriaal;2007-01-01;3;vrs2;5;Dagvlinders;Hesperiidae;2026-07-08;672;S;zeldzaam
241112213;241112213;Aardbeivlinder;Pyrgus malvae;2022-05-11;5;2022-05-11;1;ter plaatse;gezien;imago;onbekend;158720.43461595106;225298.6920262892;4.49388980865479;51.3374137878418;FS0488;Kapellen/Brasschaat - De Uitlegger en omgeving;Brasschaat;Brasschaat;Antwerpen;ObsMapp;J;Goedgekeurd op basis van kennisregels - nabijheid;2007-01-01;3;Atlanta aardbeivlinderroute sectie 12;4;Dagvlinders;Hesperiidae;2026-07-08;672;S;zeldzaam
191929275;191929275;Aardbeivlinder;Pyrgus malvae;2020-05-20;5;2020-05-21;2;in copula;gezien;imago;onbekend;158686.63019713847;225362.722841206;4.49340629577637;51.3379898071289;FS0488;Kapellen/Brasschaat - De Uitlegger en omgeving;Brasschaat;Brasschaat;Antwerpen;ObsMapp;J;Goedgekeurd op basis van bewijsmateriaal;2007-01-01;3;;25;Dagvlinders;Hesperiidae;2026-07-08;672;S;zeldzaam
191929276;191929276;Aardbeivlinder;Pyrgus malvae;2020-05-20;5;2020-05-21;2;ter plaatse;gezien;imago;onbekend;158688.4126427191;225330.4696454527;4.49343109130859;51.3376998901367;FS0488;Kapellen/Brasschaat - De Uitlegger en omgeving;Brasschaat;Brasschaat;Antwerpen;ObsMapp;J;Goedgekeurd op basis van kennisregels - nabijheid;2007-01-01;3;;25;Dagvlinders;Hesperiidae;2026-07-08;672;S;zeldzaam
191929278;191929278;Aardbeivlinder;Pyrgus malvae;2020-05-20;5;2020-05-21;1;ter plaatse;gezien;imago;onbekend;158728.2209932785;225331.8102735644;4.49400234222412;51.3377113342285;FS0488;Kapellen/Brasschaat - De Uitlegger en omgeving;Brasschaat;Brasschaat;Antwerpen;ObsMapp;J;Goedgekeurd op basis van kennisregels - nabijheid;2007-01-01;3;;25;Dagvlinders;Hesperiidae;2026-07-08;672;S;zeldzaam
191929279;191929279;Aardbeivlinder;Pyrgus malvae;2020-05-20;5;2020-05-21;2;ter plaatse;gezien;imago;onbekend;158720.23451075924;225299.1161109172;4.49388694763184;51.3374176025391;FS0488;Kapellen/Brasschaat - De Uitlegger en omgeving;Brasschaat;Brasschaat;Antwerpen;ObsMapp;J;Goedgekeurd op basis van kennisregels - nabijheid;2007-01-01;3;;25;Dagvlinders;Hesperiidae;2026-07-08;672;S;zeldzaam
215629406;215629406;Aardbeivlinder;Pyrgus malvae;2021-05-31;5;2021-06-02;1;ter plaatse;gezien;imago;onbekend;158682.1194270635;225357.62214448024;4.49334144592285;51.3379440307617;FS0488;Kapellen/Brasschaat - De Uitlegger en omgeving;Brasschaat;Brasschaat;Antwerpen;ObsMapp;J;Goedgekeurd op basis van kennisregels - nabijheid;2007-01-01;3;;3;Dagvlinders;Hesperiidae;2026-07-08;672;S;zeldzaam
214398290;214398290;Aardbeivlinder;Pyrgus malvae;2021-05-20;5;2021-05-21;1;ter plaatse;gezien;imago;onbekend;158800.10198926742;225252.5654477328;4.49503183364868;51.3369979858398;FS0488;Kapellen/Brasschaat - De Uitlegger en omgeving;Brasschaat;Brasschaat;Antwerpen;ObsMapp;J;Goedgekeurd op basis van bewijsmateriaal;2007-01-01;3;vr s9;2;Dagvlinders;Hesperiidae;2026-07-08;672;S;zeldzaam
241112222;241112222;Aardbeivlinder;Pyrgus malvae;2022-05-11;5;2022-05-11;1;ter plaatse;gezien;imago;onbekend;158800.87513541445;225325.14321645256;4.49504470825195;51.3376502990723;FS0488;Kapellen/Brasschaat - De Uitlegger en omgeving;Brasschaat;Brasschaat;Antwerpen;ObsMapp;J;Goedgekeurd op basis van bewijsmateriaal;2007-01-01;3;Atalanta aardbeivlinderroute sectie 6;3;Dagvlinders;Hesperiidae;2026-07-08;672;S;zeldzaam
191929285;191929285;Aardbeivlinder;Pyrgus malvae;2020-05-20;5;2020-05-21;1;ter plaatse;gezien;imago;onbekend;158780.02875677706;225272.90350036972;4.49474430084229;51.3371810913086;FS0488;Kapellen/Brasschaat - De Uitlegger en omgeving;Brasschaat;Brasschaat;Antwerpen;ObsMapp;J;Goedgekeurd op basis van kennisregels - nabijheid;2007-01-01;3;;25;Dagvlinders;Hesperiidae;2026-07-08;672;S;zeldzaam
215629407;215629407;Aardbeivlinder;Pyrgus malvae;2021-05-31;5;2021-06-02;2;ter plaatse;gezien;imago;onbekend;158695.32608528694;225329.6324738013;4.4935302734375;51.3376922607422;FS0488;Kapellen/Brasschaat - De Uitlegger en omgeving;Brasschaat;Brasschaat;Antwerpen;ObsMapp;J;Goedgekeurd op basis van kennisregels - nabijheid;2007-01-01;3;;3;Dagvlinders;Hesperiidae;2026-07-08;672;S;zeldzaam
214398292;214398292;Aardbeivlinder;Pyrgus malvae;2021-05-20;5;2021-05-21;2;ter plaatse;gezien;imago;onbekend;158823.63922939374;225305.2342767641;4.49537086486816;51.3374710083008;FS0488;Kapellen/Brasschaat - De Uitlegger en omgeving;Brasschaat;Brasschaat;Antwerpen;ObsMapp;J;Goedgekeurd op basis van kennisregels - nabijheid;2007-01-01;3;vr s7;4;Dagvlinders;Hesperiidae;2026-07-08;672;S;zeldzaam
215629410;215629410;Aardbeivlinder;Pyrgus malvae;2021-05-31;5;2021-06-02;2;ter plaatse;gezien;imago;onbekend;158739.3074284915;225241.4268485317;4.49415922164917;51.3368988037109;FS0488;Kapellen/Brasschaat - De Uitlegger en omgeving;Brasschaat;Brasschaat;Antwerpen;ObsMapp;J;Goedgekeurd op basis van kennisregels - nabijheid;2007-01-01;3;;3;Dagvlinders;Hesperiidae;2026-07-08;672;S;zeldzaam
215629412;215629412;Aardbeivlinder;Pyrgus malvae;2021-05-31;5;2021-06-02;1;ter plaatse;gezien;imago;onbekend;158793.7880403446;225252.55465635937;4.49494123458862;51.3369979858398;FS0488;Kapellen/Brasschaat - De Uitlegger en omgeving;Brasschaat;Brasschaat;Antwerpen;ObsMapp;J;Goedgekeurd op basis van kennisregels - nabijheid;2007-01-01;3;;3;Dagvlinders;Hesperiidae;2026-07-08;672;S;zeldzaam
215629417;215629417;Aardbeivlinder;Pyrgus malvae;2021-05-31;5;2021-06-02;2;ter plaatse;gezien;imago;onbekend;158800.65860219992;225393.47507483236;4.49504327774048;51.338264465332;FS0488;Kapellen/Brasschaat - De Uitlegger en omgeving;Brasschaat;Brasschaat;Antwerpen;ObsMapp;J;Goedgekeurd op basis van kennisregels - nabijheid;2007-01-01;3;;3;Dagvlinders;Hesperiidae;2026-07-08;672;S;zeldzaam
241112208;241112208;Aardbeivlinder;Pyrgus malvae;2022-05-11;5;2022-05-11;1;ter plaatse;gezien;imago;onbekend;158688.77227284256;225373.33705162723;4.49343729019165;51.3380851745605;FS0488;Kapellen/Brasschaat - De Uitlegger en omgeving;Brasschaat;Brasschaat;Antwerpen;ObsMapp;J;Goedgekeurd op basis van kennisregels - nabijheid;2007-01-01;3;Atlanta aardbeivlinderroute sectie 15;3;Dagvlinders;Hesperiidae;2026-07-08;672;S;zeldzaam
241112207;241112207;Aardbeivlinder;Pyrgus malvae;2022-05-11;5;2022-05-11;1;ter plaatse;gezien;imago;onbekend;158707.6190124316;225370.39793777463;4.49370765686035;51.3380584716797;FS0488;Kapellen/Brasschaat - De Uitlegger en omgeving;Brasschaat;Brasschaat;Antwerpen;ObsMapp;J;Goedgekeurd op basis van kennisregels - nabijheid;2007-01-01;3;Atlanta aardbeivlinderroute sectie 15;2;Dagvlinders;Hesperiidae;2026-07-08;672;S;zeldzaam
241112206;241112206;Aardbeivlinder;Pyrgus malvae;2022-05-11;5;2022-05-11;1;ter plaatse;gezien;imago;onbekend;158743.44082773212;225370.8830927992;4.49422168731689;51.338062286377;FS0488;Kapellen/Brasschaat - De Uitlegger en omgeving;Brasschaat;Brasschaat;Antwerpen;ObsMapp;J;Goedgekeurd op basis van bewijsmateriaal;2007-01-01;3;Atalanta aardbeivlinderroute sectie 17;2;Dagvlinders;Hesperiidae;2026-07-08;672;S;zeldzaam
213443146;213443146;Aardbeivlinder;Pyrgus malvae;2021-05-12;5;2021-05-12;1;ter plaatse;gezien;imago;onbekend;158815.72215305298;225387.55892020464;4.49525928497314;51.3382110595703;FS0488;Kapellen/Brasschaat - De Uitlegger en omgeving;Brasschaat;Brasschaat;Antwerpen;ObsMapp;J;Goedgekeurd op basis van kennisregels - nabijheid;2007-01-01;3;;5;Dagvlinders;Hesperiidae;2026-07-08;672;S;zeldzaam
190244305;190244305;Aardbeivlinder;Pyrgus malvae;2020-05-02;5;2020-05-03;1;ter plaatse;gezien;imago;onbekend;158723.79009022744;225279.59864827525;4.49393749237061;51.3372421264648;FS0488;Kapellen/Brasschaat - De Uitlegger en omgeving;Brasschaat;Brasschaat;Antwerpen;ObsMapp;J;Goedgekeurd op basis van kennisregels - nabijheid;2007-01-01;3;;25;Dagvlinders;Hesperiidae;2026-07-08;672;S;zeldzaam
213443149;213443149;Aardbeivlinder;Pyrgus malvae;2021-05-12;5;2021-05-12;2;ter plaatse;gezien;imago;onbekend;158731.51106016745;225370.8628398869;4.4940505027771;51.338062286377;FS0488;Kapellen/Brasschaat - De Uitlegger en omgeving;Brasschaat;Brasschaat;Antwerpen;ObsMapp;J;Goedgekeurd op basis van kennisregels - nabijheid;2007-01-01;3;;6;Dagvlinders;Hesperiidae;2026-07-08;672;S;zeldzaam
241112205;241112205;Aardbeivlinder;Pyrgus malvae;2022-05-11;5;2022-05-11;1;ter plaatse;gezien;imago;onbekend;158746.03719169353;225387.8644564571;4.49425935745239;51.3382148742676;FS0488;Kapellen/Brasschaat - De Uitlegger en omgeving;Brasschaat;Brasschaat;Antwerpen;ObsMapp;J;Goedgekeurd op basis van kennisregels - nabijheid;2007-01-01;3;Atalanta aardbeivlinderroute sectie 17;3;Dagvlinders;Hesperiidae;2026-07-08;672;S;zeldzaam
215629395;215629395;Aardbeivlinder;Pyrgus malvae;2021-05-31;5;2021-06-02;1;ter plaatse;gezien;imago;onbekend;158857.5935926563;225483.55061154813;4.49586248397827;51.3390731811523;FS0488;Kapellen/Brasschaat - De Uitlegger en omgeving;Brasschaat;Brasschaat;Antwerpen;ObsMapp;J;Goedgekeurd op basis van kennisregels - nabijheid;2007-01-01;3;;3;Dagvlinders;Hesperiidae;2026-07-08;672;S;zeldzaam
213443150;213443150;Aardbeivlinder;Pyrgus malvae;2021-05-12;5;2021-05-12;3;ter plaatse;gezien;imago;onbekend;158748.06929843404;225384.8969433671;4.49428844451904;51.3381881713867;FS0488;Kapellen/Brasschaat - De Uitlegger en omgeving;Brasschaat;Brasschaat;Antwerpen;ObsMapp;J;Goedgekeurd op basis van bewijsmateriaal;2007-01-01;3;;3;Dagvlinders;Hesperiidae;2026-07-08;672;S;zeldzaam
190244304;190244304;Aardbeivlinder;Pyrgus malvae;2020-05-02;5;2020-05-03;2;ter plaatse;gezien;imago;onbekend;158719.76624643945;225281.28952397592;4.49387979507446;51.3372573852539;FS0488;Kapellen/Brasschaat - De Uitlegger en omgeving;Brasschaat;Brasschaat;Antwerpen;ObsMapp;J;Goedgekeurd op basis van bewijsmateriaal;2007-01-01;3;;25;Dagvlinders;Hesperiidae;2026-07-08;672;S;zeldzaam
213443153;213443153;Aardbeivlinder;Pyrgus malvae;2021-05-12;5;2021-05-12;1;ter plaatse;gezien;imago;onbekend;158795.33356244754;225320.46508286893;4.49496507644653;51.3376083374023;FS0488;Kapellen/Brasschaat - De Uitlegger en omgeving;Brasschaat;Brasschaat;Antwerpen;ObsMapp;J;Goedgekeurd op basis van kennisregels - nabijheid;2007-01-01;3;vr 7;3;Dagvlinders;Hesperiidae;2026-07-08;672;S;zeldzaam
191319085;191319085;Aardbeivlinder;Pyrgus malvae;2020-05-13;5;2020-05-14;1;ter plaatse;gezien;imago;onbekend;158891.12026787264;225542.6033593565;4.49634504318237;51.3396034240723;FS0488;Kapellen/Brasschaat - De Uitlegger en omgeving;Brasschaat;Brasschaat;Antwerpen;ObsMapp;J;Goedgekeurd op basis van bewijsmateriaal;2007-01-01;3;;25;Dagvlinders;Hesperiidae;2026-07-08;672;S;zeldzaam
241112211;241112211;Aardbeivlinder;Pyrgus malvae;2022-05-11;5;2022-05-11;1;ter plaatse;gezien;imago;onbekend;158688.73178278204;225318.5863204068;4.49343538284302;51.3375930786133;FS0488;Kapellen/Brasschaat - De Uitlegger en omgeving;Brasschaat;Brasschaat;Antwerpen;ObsMapp;J;Goedgekeurd op basis van bewijsmateriaal;2007-01-01;3;Atlanta aardbeivlinderroute sectie 13;2;Dagvlinders;Hesperiidae;2026-07-08;672;S;zeldzaam
214398288;214398288;Aardbeivlinder;Pyrgus malvae;2021-05-20;5;2021-05-21;1;ter plaatse;gezien;imago;onbekend;158688.81481841588;225367.81961427812;4.49343776702881;51.3380355834961;FS0488;Kapellen/Brasschaat - De Uitlegger en omgeving;Brasschaat;Brasschaat;Antwerpen;ObsMapp;J;Goedgekeurd op basis van bewijsmateriaal;2007-01-01;3;vr s14;3;Dagvlinders;Hesperiidae;2026-07-08;672;S;zeldzaam
241112219;241112219;Aardbeivlinder;Pyrgus malvae;2022-05-11;5;2022-05-11;1;ter plaatse;gezien;imago;onbekend;158834.47717601055;225283.1828363994;4.49552583694458;51.337272644043;FS0488;Kapellen/Brasschaat - De Uitlegger en omgeving;Brasschaat;Brasschaat;Antwerpen;ObsMapp;J;Goedgekeurd op basis van kennisregels - nabijheid;2007-01-01;3;Atalanta aardbeivlinderroute sectie 8;3;Dagvlinders;Hesperiidae;2026-07-08;672;S;zeldzaam
241112210;241112210;Aardbeivlinder;Pyrgus malvae;2022-05-11;5;2022-05-11;1;ter plaatse;gezien;imago;onbekend;158689.13055341528;225318.586993644;4.49344110488892;51.3375930786133;FS0488;Kapellen/Brasschaat - De Uitlegger en omgeving;Brasschaat;Brasschaat;Antwerpen;ObsMapp;J;Goedgekeurd op basis van bewijsmateriaal;2007-01-01;3;Atlanta aardbeivlinderroute sectie 13;1;Dagvlinders;Hesperiidae;2026-07-08;672;S;zeldzaam
310332267;310332267;Aardbeivlinder;Pyrgus malvae;2024-05-17;5;2024-05-19;1;ter plaatse;onbekend;imago;onbekend;158774.56188034022;225399.7968755141;4.494668960571289;51.338321685791016;FS0488;Kapellen/Brasschaat - De Uitlegger en omgeving;Brasschaat;Brasschaat;Antwerpen;ObsMapp;J;Goedgekeurd op basis van bewijsmateriaal;1980-01-01;3;sectie 5;3;Dagvlinders;Hesperiidae;2026-07-08;672;S;zeldzaam
310332182;310332182;Aardbeivlinder;Pyrgus malvae;2024-05-17;5;2024-05-19;1;ter plaatse;onbekend;imago;onbekend;158727.31152683415;225339.02393473405;4.49398946762085;51.33777618408203;FS0488;Kapellen/Brasschaat - De Uitlegger en omgeving;Brasschaat;Brasschaat;Antwerpen;ObsMapp;J;Goedgekeurd op basis van bewijsmateriaal;1980-01-01;3;sectie 13;5;Dagvlinders;Hesperiidae;2026-07-08;672;S;zeldzaam
310332144;310332144;Aardbeivlinder;Pyrgus malvae;2024-05-17;5;2024-05-19;1;ter plaatse;onbekend;imago;onbekend;158690.3067988764;225330.4728434868;4.493458271026611;51.33769989013672;FS0488;Kapellen/Brasschaat - De Uitlegger en omgeving;Brasschaat;Brasschaat;Antwerpen;ObsMapp;J;Goedgekeurd op basis van bewijsmateriaal;1980-01-01;3;sectie 14;5;Dagvlinders;Hesperiidae;2026-07-08;672;S;zeldzaam
310332124;310332124;Aardbeivlinder;Pyrgus malvae;2024-05-17;5;2024-05-19;1;ter plaatse;onbekend;imago;onbekend;158683.81920237793;225354.6540459273;4.49336576461792;51.33791732788086;FS0488;Kapellen/Brasschaat - De Uitlegger en omgeving;Brasschaat;Brasschaat;Antwerpen;ObsMapp;J;Goedgekeurd op basis van bewijsmateriaal;1980-01-01;3;sectie 14;3;Dagvlinders;Hesperiidae;2026-07-08;672;S;zeldzaam
310332112;310332112;Aardbeivlinder;Pyrgus malvae;2024-05-17;5;2024-05-19;1;ter plaatse;onbekend;imago;onbekend;158702.01381325963;225364.02210062928;4.493627071380615;51.3380012512207;FS0488;Kapellen/Brasschaat - De Uitlegger en omgeving;Brasschaat;Brasschaat;Antwerpen;ObsMapp;J;Goedgekeurd op basis van bewijsmateriaal;1980-01-01;3;sectie 15;3;Dagvlinders;Hesperiidae;2026-07-08;672;S;zeldzaam
310332098;310332098;Aardbeivlinder;Pyrgus malvae;2024-05-17;5;2024-05-19;1;ter plaatse;onbekend;imago;onbekend;158718.2346569637;225361.5030099852;4.493859767913818;51.33797836303711;FS0488;Kapellen/Brasschaat - De Uitlegger en omgeving;Brasschaat;Brasschaat;Antwerpen;ObsMapp;J;Goedgekeurd op basis van bewijsmateriaal;1980-01-01;3;sectie 15;4;Dagvlinders;Hesperiidae;2026-07-08;672;S;zeldzaam
214398287;214398287;Aardbeivlinder;Pyrgus malvae;2021-05-20;5;2021-05-21;1;ter plaatse;gezien;imago;onbekend;158686.78345539857;225370.3627278637;4.49340867996216;51.3380584716797;FS0488;Kapellen/Brasschaat - De Uitlegger en omgeving;Brasschaat;Brasschaat;Antwerpen;ObsMapp;J;Goedgekeurd op basis van kennisregels - nabijheid;2007-01-01;3;vr s15;2;Dagvlinders;Hesperiidae;2026-07-08;672;S;zeldzaam
240814598;240814598;Aardbeivlinder;Pyrgus malvae;2022-05-08;5;2022-05-09;1;ter plaatse;gezien;imago;onbekend;158753.087653488;225267.3401053194;4.49435758590698;51.3371315002441;FS0488;Kapellen/Brasschaat - De Uitlegger en omgeving;Brasschaat;Brasschaat;Antwerpen;ObsMapp;J;Goedgekeurd op basis van kennisregels - nabijheid;2007-01-01;3;;4;Dagvlinders;Hesperiidae;2026-07-08;672;S;zeldzaam
310332019;310332019;Aardbeivlinder;Pyrgus malvae;2024-05-17;5;2024-05-19;1;ter plaatse;onbekend;imago;onbekend;158699.48160179923;225348.3141405573;4.493590354919434;51.33786010742188;FS0488;Kapellen/Brasschaat - De Uitlegger en omgeving;Brasschaat;Brasschaat;Antwerpen;ObsMapp;J;Goedgekeurd op basis van bewijsmateriaal;1980-01-01;3;sectie 17;5;Dagvlinders;Hesperiidae;2026-07-08;672;S;zeldzaam
310332008;310332008;Aardbeivlinder;Pyrgus malvae;2024-05-17;5;2024-05-19;1;ter plaatse;onbekend;imago;onbekend;158704.28117802335;225339.83378080087;4.493659019470215;51.33778381347656;FS0488;Kapellen/Brasschaat - De Uitlegger en omgeving;Brasschaat;Brasschaat;Antwerpen;ObsMapp;J;Goedgekeurd op basis van bewijsmateriaal;1980-01-01;3;sectie 17 vorm taras??;4;Dagvlinders;Hesperiidae;2026-07-08;672;S;zeldzaam
214398294;214398294;Aardbeivlinder;Pyrgus malvae;2021-05-20;5;2021-05-21;1;ter plaatse;gezien;imago;onbekend;158820.87596717663;225308.20050629132;4.49533128738403;51.3374977111816;FS0488;Kapellen/Brasschaat - De Uitlegger en omgeving;Brasschaat;Brasschaat;Antwerpen;ObsMapp;J;Goedgekeurd op basis van bewijsmateriaal;2007-01-01;3;vr s7;2;Dagvlinders;Hesperiidae;2026-07-08;672;S;zeldzaam
214398297;214398297;Aardbeivlinder;Pyrgus malvae;2021-05-20;5;2021-05-21;1;ter plaatse;gezien;imago;onbekend;158767.69907280762;225409.9713523779;4.4945707321167;51.3384132385254;FS0488;Kapellen/Brasschaat - De Uitlegger en omgeving;Brasschaat;Brasschaat;Antwerpen;ObsMapp;J;Goedgekeurd op basis van bewijsmateriaal;2007-01-01;3;vr s5;2;Dagvlinders;Hesperiidae;2026-07-08;672;S;zeldzaam
214398286;214398286;Aardbeivlinder;Pyrgus malvae;2021-05-20;5;2021-05-21;1;ter plaatse;gezien;imago;onbekend;158698.76223650965;225361.04563740268;4.49358034133911;51.3379745483398;FS0488;Kapellen/Brasschaat - De Uitlegger en omgeving;Brasschaat;Brasschaat;Antwerpen;ObsMapp;J;Goedgekeurd op basis van bewijsmateriaal;2007-01-01;3;vr s15;3;Dagvlinders;Hesperiidae;2026-07-08;672;S;zeldzaam
214398302;214398302;Aardbeivlinder;Pyrgus malvae;2021-05-20;5;2021-05-21;1;ter plaatse;gezien;imago;onbekend;158875.4615841917;225527.72149106025;4.4961199760437;51.339469909668;FS0488;Kapellen/Brasschaat - De Uitlegger en omgeving;Brasschaat;Brasschaat;Antwerpen;ObsMapp;J;Goedgekeurd op basis van bewijsmateriaal;2007-01-01;3;;2;Dagvlinders;Hesperiidae;2026-07-08;672;S;zeldzaam
214398285;214398285;Aardbeivlinder;Pyrgus malvae;2021-05-20;5;2021-05-21;1;ter plaatse;gezien;imago;onbekend;158743.99931870747;225394.2273511868;4.49423027038574;51.3382720947266;FS0488;Kapellen/Brasschaat - De Uitlegger en omgeving;Brasschaat;Brasschaat;Antwerpen;ObsMapp;J;Goedgekeurd op basis van kennisregels - nabijheid;2007-01-01;3;vr s16;3;Dagvlinders;Hesperiidae;2026-07-08;672;S;zeldzaam
216190036;216190036;Aardbeivlinder;Pyrgus malvae;2021-06-06;6;2021-06-07;1;ter plaatse;gezien;imago;onbekend;158822.54307495328;225266.1854207097;4.49535417556763;51.3371200561523;FS0488;Kapellen/Brasschaat - De Uitlegger en omgeving;Brasschaat;Brasschaat;Antwerpen;ObsMapp;J;Goedgekeurd op basis van kennisregels - nabijheid;2007-01-01;3;Lid van Atalanta vlinderwerkgroep;2;Dagvlinders;Hesperiidae;2026-07-08;672;S;zeldzaam
403067311;403067311;Aardbeivlinder;Pyrgus malvae;2026-05-22;5;2026-06-04;3;ter plaatse;onbekend;imago;onbekend;158824.7991579066;225384.60350852087;4.495389461517334;51.33818435668945;FS0488;Kapellen/Brasschaat - De Uitlegger en omgeving;Brasschaat;Brasschaat;Antwerpen;ObsMapp;J;Goedgekeurd op basis van bewijsmateriaal;1980-01-01;3;sectie 3;3;Dagvlinders;Hesperiidae;2026-07-08;672;S;zeldzaam
216190037;216190037;Aardbeivlinder;Pyrgus malvae;2021-06-06;6;2021-06-07;1;ter plaatse;gezien;imago;onbekend;158826.67368702474;225279.7740591504;4.4954137802124;51.3372421264648;FS0488;Kapellen/Brasschaat - De Uitlegger en omgeving;Brasschaat;Brasschaat;Antwerpen;ObsMapp;J;Goedgekeurd op basis van kennisregels - nabijheid;2007-01-01;3;Lid van Atalanta vlinderwerkgroep;2;Dagvlinders;Hesperiidae;2026-07-08;672;S;zeldzaam
214398298;214398298;Aardbeivlinder;Pyrgus malvae;2021-05-20;5;2021-05-21;1;ter plaatse;gezien;imago;onbekend;158776.6712535875;225409.98664455675;4.49469947814941;51.3384132385254;FS0488;Kapellen/Brasschaat - De Uitlegger en omgeving;Brasschaat;Brasschaat;Antwerpen;ObsMapp;J;Goedgekeurd op basis van kennisregels - nabijheid;2007-01-01;3;vr s4;4;Dagvlinders;Hesperiidae;2026-07-08;672;S;zeldzaam
351696966;351696966;Aardbeivlinder;Pyrgus malvae;2025-05-19;5;2025-05-21;1;ter plaatse;onbekend;imago;onbekend;158828.51150562993;225390.12738468123;4.495442867279053;51.33823394775391;FS0488;Kapellen/Brasschaat - De Uitlegger en omgeving;Brasschaat;Brasschaat;Antwerpen;ObsMapp;J;Goedgekeurd op basis van bewijsmateriaal;1980-01-01;3;sectie  3;3;Dagvlinders;Hesperiidae;2026-07-08;672;S;zeldzaam
241112212;241112212;Aardbeivlinder;Pyrgus malvae;2022-05-11;5;2022-05-11;3;ter plaatse;gezien;imago;onbekend;158726.09984912752;225308.8877966553;4.49397134780884;51.3375053405762;FS0488;Kapellen/Brasschaat - De Uitlegger en omgeving;Brasschaat;Brasschaat;Antwerpen;ObsMapp;J;Goedgekeurd op basis van kennisregels - nabijheid;2007-01-01;3;Atlanta aardbeivlinderroute sectie 12;4;Dagvlinders;Hesperiidae;2026-07-08;672;S;zeldzaam
241112216;241112216;Aardbeivlinder;Pyrgus malvae;2022-05-11;5;2022-05-11;1;ter plaatse;gezien;imago;onbekend;158834.34043690373;225246.68216943648;4.49552297592163;51.3369445800781;FS0488;Kapellen/Brasschaat - De Uitlegger en omgeving;Brasschaat;Brasschaat;Antwerpen;ObsMapp;J;Goedgekeurd op basis van kennisregels - nabijheid;2007-01-01;3;Atlanta aardbeivlinderroute sectie 8;3;Dagvlinders;Hesperiidae;2026-07-08;672;S;zeldzaam
216190042;216190042;Aardbeivlinder;Pyrgus malvae;2021-06-06;6;2021-06-07;1;ter plaatse;gezien;imago;onbekend;158790.57780922647;225342.10256861523;4.49489736557007;51.3378028869629;FS0488;Kapellen/Brasschaat - De Uitlegger en omgeving;Brasschaat;Brasschaat;Antwerpen;ObsMapp;J;Goedgekeurd op basis van kennisregels - nabijheid;2007-01-01;3;Lid van Atalanta vlinderwerkgroep;1;Dagvlinders;Hesperiidae;2026-07-08;672;S;zeldzaam
216190015;216190015;Aardbeivlinder;Pyrgus malvae;2021-06-06;6;2021-06-07;5;ter plaatse;gezien;imago;onbekend;158736.92224211947;225295.74902286287;4.49412631988525;51.3373870849609;FS0488;Kapellen/Brasschaat - De Uitlegger en omgeving;Brasschaat;Brasschaat;Antwerpen;ObsMapp;J;Goedgekeurd op basis van kennisregels - nabijheid;2007-01-01;3;Lid van Atalanta vlinderwerkgroep;2;Dagvlinders;Hesperiidae;2026-07-08;672;S;zeldzaam
216190016;216190016;Aardbeivlinder;Pyrgus malvae;2021-06-06;6;2021-06-07;2;ter plaatse;gezien;imago;onbekend;158717.5709976321;225302.0825644564;4.49384880065918;51.3374443054199;FS0488;Kapellen/Brasschaat - De Uitlegger en omgeving;Brasschaat;Brasschaat;Antwerpen;ObsMapp;J;Goedgekeurd op basis van kennisregels - nabijheid;2007-01-01;3;Lid van Atalanta vlinderwerkgroep;1;Dagvlinders;Hesperiidae;2026-07-08;672;S;zeldzaam
216190017;216190017;Aardbeivlinder;Pyrgus malvae;2021-06-06;6;2021-06-07;1;ter plaatse;gezien;imago;onbekend;158724.5415918682;225306.7630364904;4.4939489364624;51.3374862670898;FS0488;Kapellen/Brasschaat - De Uitlegger en omgeving;Brasschaat;Brasschaat;Antwerpen;ObsMapp;J;Goedgekeurd op basis van kennisregels - nabijheid;2007-01-01;3;Lid van Atalanta vlinderwerkgroep;4;Dagvlinders;Hesperiidae;2026-07-08;672;S;zeldzaam
216190018;216190018;Aardbeivlinder;Pyrgus malvae;2021-06-06;6;2021-06-07;2;ter plaatse;gezien;imago;onbekend;158724.57554229628;225306.3386703655;4.49394941329956;51.3374824523926;FS0488;Kapellen/Brasschaat - De Uitlegger en omgeving;Brasschaat;Brasschaat;Antwerpen;ObsMapp;J;Goedgekeurd op basis van kennisregels - nabijheid;2007-01-01;3;Lid van Atalanta vlinderwerkgroep;4;Dagvlinders;Hesperiidae;2026-07-08;672;S;zeldzaam
216190019;216190019;Aardbeivlinder;Pyrgus malvae;2021-06-06;6;2021-06-07;1;ter plaatse;gezien;imago;onbekend;158721.62661711025;225301.24058814347;4.49390697479248;51.3374366760254;FS0488;Kapellen/Brasschaat - De Uitlegger en omgeving;Brasschaat;Brasschaat;Antwerpen;ObsMapp;J;Goedgekeurd op basis van kennisregels - nabijheid;2007-01-01;3;Lid van Atalanta vlinderwerkgroep;3;Dagvlinders;Hesperiidae;2026-07-08;672;S;zeldzaam
216190024;216190024;Aardbeivlinder;Pyrgus malvae;2021-06-06;6;2021-06-07;1;ter plaatse;gezien;imago;onbekend;158726.27006270323;225267.29456716403;4.49397277832031;51.3371315002441;FS0488;Kapellen/Brasschaat - De Uitlegger en omgeving;Brasschaat;Brasschaat;Antwerpen;ObsMapp;J;Goedgekeurd op basis van kennisregels - nabijheid;2007-01-01;3;Lid van Atalanta vlinderwerkgroep;2;Dagvlinders;Hesperiidae;2026-07-08;672;S;zeldzaam
189306406;189306406;Aardbeivlinder;Pyrgus malvae;2020-04-20;4;2020-04-21;1;ter plaatse;gezien;imago;onbekend;158222.98454922068;223622.1024216162;4.4867134;51.322352;FS0386;Kapellen - Oude Gracht;Brasschaat;Brasschaat;Antwerpen;Site;J;Goedgekeurd op basis van expertoordeel;1980-01-01;3;;60;Dagvlinders;Hesperiidae;2026-07-08;672;S;zeldzaam
216190025;216190025;Aardbeivlinder;Pyrgus malvae;2021-06-06;6;2021-06-07;2;ter plaatse;gezien;imago;onbekend;158726.07211457597;225266.4453843152;4.49396991729736;51.3371238708496;FS0488;Kapellen/Brasschaat - De Uitlegger en omgeving;Brasschaat;Brasschaat;Antwerpen;ObsMapp;J;Goedgekeurd op basis van kennisregels - nabijheid;2007-01-01;3;Lid van Atalanta vlinderwerkgroep;2;Dagvlinders;Hesperiidae;2026-07-08;672;S;zeldzaam
189763735;189763735;Aardbeivlinder;Pyrgus malvae;2020-04-26;4;2020-04-26;1;eileggend;gezien;ei;onbekend;158690.863259382;225319.91629428323;4.493466;51.337605;FS0488;Kapellen/Brasschaat - De Uitlegger en omgeving;Brasschaat;Brasschaat;Antwerpen;ObsMapp;J;Goedgekeurd op basis van bewijsmateriaal;2007-01-01;3;;25;Dagvlinders;Hesperiidae;2026-07-08;672;S;zeldzaam
216190043;216190043;Aardbeivlinder;Pyrgus malvae;2021-06-06;6;2021-06-07;1;ter plaatse;gezien;imago;onbekend;158788.98200918795;225342.5242670998;4.49487447738647;51.3378067016602;FS0488;Kapellen/Brasschaat - De Uitlegger en omgeving;Brasschaat;Brasschaat;Antwerpen;ObsMapp;J;Goedgekeurd op basis van kennisregels - nabijheid;2007-01-01;3;Lid van Atalanta vlinderwerkgroep;2;Dagvlinders;Hesperiidae;2026-07-08;672;S;zeldzaam
216190046;216190046;Aardbeivlinder;Pyrgus malvae;2021-06-06;6;2021-06-07;1;ter plaatse;gezien;imago;onbekend;158764.51543547557;225445.19311253447;4.49452590942383;51.3387298583984;FS0488;Kapellen/Brasschaat - De Uitlegger en omgeving;Brasschaat;Brasschaat;Antwerpen;ObsMapp;J;Goedgekeurd op basis van kennisregels - nabijheid;2007-01-01;3;Lid van Atalanta vlinderwerkgroep;1;Dagvlinders;Hesperiidae;2026-07-08;672;S;zeldzaam
216190051;216190051;Aardbeivlinder;Pyrgus malvae;2021-06-06;6;2021-06-07;1;ter plaatse;gezien;imago;onbekend;158830.5290954596;225395.6483557187;4.4954719543457;51.3382835388184;FS0488;Kapellen/Brasschaat - De Uitlegger en omgeving;Brasschaat;Brasschaat;Antwerpen;ObsMapp;J;Goedgekeurd op basis van kennisregels - nabijheid;2007-01-01;3;Lid van Atalanta vlinderwerkgroep;1;Dagvlinders;Hesperiidae;2026-07-08;672;S;zeldzaam
216189998;216189998;Aardbeivlinder;Pyrgus malvae;2021-06-06;6;2021-06-07;1;ter plaatse;gezien;imago;onbekend;158760.36818076804;225382.79574369825;4.49446487426758;51.3381690979004;FS0488;Kapellen/Brasschaat - De Uitlegger en omgeving;Brasschaat;Brasschaat;Antwerpen;ObsMapp;J;Goedgekeurd op basis van kennisregels - nabijheid;2007-01-01;3;Lid van Atalanta vlinderwerkgroep;4;Dagvlinders;Hesperiidae;2026-07-08;672;S;zeldzaam
216189999;216189999;Aardbeivlinder;Pyrgus malvae;2021-06-06;6;2021-06-07;1;ter plaatse;gezien;imago;onbekend;158759.00789824573;225381.5201570941;4.49444532394409;51.3381576538086;FS0488;Kapellen/Brasschaat - De Uitlegger en omgeving;Brasschaat;Brasschaat;Antwerpen;ObsMapp;J;Goedgekeurd op basis van kennisregels - nabijheid;2007-01-01;3;Lid van Atalanta vlinderwerkgroep;3;Dagvlinders;Hesperiidae;2026-07-08;672;S;zeldzaam
216190000;216190000;Aardbeivlinder;Pyrgus malvae;2021-06-06;6;2021-06-07;1;ter plaatse;gezien;imago;onbekend;158754.39608046997;225377.268072485;4.4943790435791;51.3381195068359;FS0488;Kapellen/Brasschaat - De Uitlegger en omgeving;Brasschaat;Brasschaat;Antwerpen;ObsMapp;J;Goedgekeurd op basis van kennisregels - nabijheid;2007-01-01;3;Lid van Atalanta vlinderwerkgroep;3;Dagvlinders;Hesperiidae;2026-07-08;672;S;zeldzaam
216190001;216190001;Aardbeivlinder;Pyrgus malvae;2021-06-06;6;2021-06-07;1;ter plaatse;gezien;imago;onbekend;158684.2559268437;225332.16032470204;4.49337148666382;51.3377151489258;FS0488;Kapellen/Brasschaat - De Uitlegger en omgeving;Brasschaat;Brasschaat;Antwerpen;ObsMapp;J;Goedgekeurd op basis van kennisregels - nabijheid;2007-01-01;3;Lid van Atalanta vlinderwerkgroep;4;Dagvlinders;Hesperiidae;2026-07-08;672;S;zeldzaam
216190026;216190026;Aardbeivlinder;Pyrgus malvae;2021-06-06;6;2021-06-07;1;ter plaatse;gezien;imago;onbekend;158732.3960212059;225240.99069407585;4.49406003952026;51.3368949890137;FS0488;Kapellen/Brasschaat - De Uitlegger en omgeving;Brasschaat;Brasschaat;Antwerpen;ObsMapp;J;Goedgekeurd op basis van kennisregels - nabijheid;2007-01-01;3;Lid van Atalanta vlinderwerkgroep;4;Dagvlinders;Hesperiidae;2026-07-08;672;S;zeldzaam
216190027;216190027;Aardbeivlinder;Pyrgus malvae;2021-06-06;6;2021-06-07;1;ter plaatse;gezien;imago;onbekend;158733.29182824248;225241.84106118232;4.49407291412354;51.3369026184082;FS0488;Kapellen/Brasschaat - De Uitlegger en omgeving;Brasschaat;Brasschaat;Antwerpen;ObsMapp;J;Goedgekeurd op basis van kennisregels - nabijheid;2007-01-01;3;Lid van Atalanta vlinderwerkgroep;4;Dagvlinders;Hesperiidae;2026-07-08;672;S;zeldzaam
216190028;216190028;Aardbeivlinder;Pyrgus malvae;2021-06-06;6;2021-06-07;1;ter plaatse;gezien;imago;onbekend;158736.6699017008;225248.63757166543;4.49412155151367;51.3369636535645;FS0488;Kapellen/Brasschaat - De Uitlegger en omgeving;Brasschaat;Brasschaat;Antwerpen;ObsMapp;J;Goedgekeurd op basis van kennisregels - nabijheid;2007-01-01;3;Lid van Atalanta vlinderwerkgroep;4;Dagvlinders;Hesperiidae;2026-07-08;672;S;zeldzaam
225798006;225798006;Aardbeivlinder;Pyrgus malvae;2021-05-10;5;2021-09-18;1;ter plaatse;onbekend;imago;onbekend;158679.37733654238;225367.8036898309;4.49330234527588;51.3380355834961;FS0488;Kapellen/Brasschaat - De Uitlegger en omgeving;Brasschaat;Brasschaat;Antwerpen;Meetnetten.be;J;Goedgekeurd op basis van kennisregels - nabijheid;2022-05-09;3;meetnetten.be: levensfase: imago_ activiteit: ter plaatse;10;Dagvlinders;Hesperiidae;2026-07-08;672;S;zeldzaam
225798007;225798007;Aardbeivlinder;Pyrgus malvae;2021-05-10;5;2021-09-18;1;ter plaatse;onbekend;imago;onbekend;158679.4437976826;225367.80380191468;4.4933032989502;51.3380355834961;FS0488;Kapellen/Brasschaat - De Uitlegger en omgeving;Brasschaat;Brasschaat;Antwerpen;Meetnetten.be;J;Goedgekeurd op basis van kennisregels - nabijheid;2022-05-09;3;meetnetten.be: levensfase: imago_ activiteit: ter plaatse;10;Dagvlinders;Hesperiidae;2026-07-08;672;S;zeldzaam
225798008;225798008;Aardbeivlinder;Pyrgus malvae;2021-05-10;5;2021-09-18;1;ter plaatse;onbekend;imago;onbekend;158724.09520080916;225315.2507536346;4.49394273757935;51.3375625610352;FS0488;Kapellen/Brasschaat - De Uitlegger en omgeving;Brasschaat;Brasschaat;Antwerpen;Meetnetten.be;J;Goedgekeurd op basis van kennisregels - nabijheid;2022-05-09;3;meetnetten.be: levensfase: imago_ activiteit: ter plaatse;10;Dagvlinders;Hesperiidae;2026-07-08;672;S;zeldzaam
216190002;216190002;Aardbeivlinder;Pyrgus malvae;2021-06-06;6;2021-06-07;1;ter plaatse;gezien;imago;onbekend;158684.32023993751;225333.43370438556;4.49337244033813;51.3377265930176;FS0488;Kapellen/Brasschaat - De Uitlegger en omgeving;Brasschaat;Brasschaat;Antwerpen;ObsMapp;J;Goedgekeurd op basis van kennisregels - nabijheid;2007-01-01;3;Lid van Atalanta vlinderwerkgroep;4;Dagvlinders;Hesperiidae;2026-07-08;672;S;zeldzaam
216190004;216190004;Aardbeivlinder;Pyrgus malvae;2021-06-06;6;2021-06-07;1;ter plaatse;gezien;imago;onbekend;158700.32384888583;225341.5247844085;4.49360227584839;51.3377990722656;FS0488;Kapellen/Brasschaat - De Uitlegger en omgeving;Brasschaat;Brasschaat;Antwerpen;ObsMapp;J;Goedgekeurd op basis van kennisregels - nabijheid;2007-01-01;3;Lid van Atalanta vlinderwerkgroep;2;Dagvlinders;Hesperiidae;2026-07-08;672;S;zeldzaam
216190005;216190005;Aardbeivlinder;Pyrgus malvae;2021-06-06;6;2021-06-07;1;ter plaatse;gezien;imago;onbekend;158721.69711358604;225357.68906246495;4.49390935897827;51.3379440307617;FS0488;Kapellen/Brasschaat - De Uitlegger en omgeving;Brasschaat;Brasschaat;Antwerpen;ObsMapp;J;Goedgekeurd op basis van kennisregels - nabijheid;2007-01-01;3;Lid van Atalanta vlinderwerkgroep;1;Dagvlinders;Hesperiidae;2026-07-08;672;S;zeldzaam
216190006;216190006;Aardbeivlinder;Pyrgus malvae;2021-06-06;6;2021-06-07;2;ter plaatse;gezien;imago;onbekend;158699.14809086733;225368.68591754604;4.49358606338501;51.3380432128906;FS0488;Kapellen/Brasschaat - De Uitlegger en omgeving;Brasschaat;Brasschaat;Antwerpen;ObsMapp;J;Goedgekeurd op basis van kennisregels - nabijheid;2007-01-01;3;Lid van Atalanta vlinderwerkgroep;4;Dagvlinders;Hesperiidae;2026-07-08;672;S;zeldzaam
216190008;216190008;Aardbeivlinder;Pyrgus malvae;2021-06-06;6;2021-06-07;1;ter plaatse;gezien;imago;onbekend;158696.72154247755;225369.1062403759;4.49355125427246;51.3380470275879;FS0488;Kapellen/Brasschaat - De Uitlegger en omgeving;Brasschaat;Brasschaat;Antwerpen;ObsMapp;J;Goedgekeurd op basis van kennisregels - nabijheid;2007-01-01;3;Lid van Atalanta vlinderwerkgroep;2;Dagvlinders;Hesperiidae;2026-07-08;672;S;zeldzaam
216190010;216190010;Aardbeivlinder;Pyrgus malvae;2021-06-06;6;2021-06-07;1;ter plaatse;gezien;imago;onbekend;158683.03484744468;225366.53658800013;4.49335479736328;51.3380241394043;FS0488;Kapellen/Brasschaat - De Uitlegger en omgeving;Brasschaat;Brasschaat;Antwerpen;ObsMapp;J;Goedgekeurd op basis van kennisregels - nabijheid;2007-01-01;3;Lid van Atalanta vlinderwerkgroep;2;Dagvlinders;Hesperiidae;2026-07-08;672;S;zeldzaam
189287849;189287849;Aardbeivlinder;Pyrgus malvae;2020-04-20;4;2020-04-21;3;ter plaatse;gezien;imago;onbekend;158782.415518351;225413.8640107978;4.494782;51.338448;FS0488;Kapellen/Brasschaat - De Uitlegger en omgeving;Brasschaat;Brasschaat;Antwerpen;ObsMapp;J;Goedgekeurd op basis van bewijsmateriaal;2007-01-01;3;Eén exemplaar vorm taras zie foto;25;Dagvlinders;Hesperiidae;2026-07-08;672;S;zeldzaam
216190011;216190011;Aardbeivlinder;Pyrgus malvae;2021-06-06;6;2021-06-07;1;ter plaatse;gezien;imago;onbekend;158680.39787666377;225353.79942673072;4.49331665039063;51.3379096984863;FS0488;Kapellen/Brasschaat - De Uitlegger en omgeving;Brasschaat;Brasschaat;Antwerpen;ObsMapp;J;Goedgekeurd op basis van kennisregels - nabijheid;2007-01-01;3;Lid van Atalanta vlinderwerkgroep;1;Dagvlinders;Hesperiidae;2026-07-08;672;S;zeldzaam
216190014;216190014;Aardbeivlinder;Pyrgus malvae;2021-06-06;6;2021-06-07;1;ter plaatse;gezien;imago;onbekend;158722.94290902957;225308.88244515285;4.49392604827881;51.3375053405762;FS0488;Kapellen/Brasschaat - De Uitlegger en omgeving;Brasschaat;Brasschaat;Antwerpen;ObsMapp;J;Goedgekeurd op basis van kennisregels - nabijheid;2007-01-01;3;Lid van Atalanta vlinderwerkgroep;2;Dagvlinders;Hesperiidae;2026-07-08;672;S;zeldzaam
191608547;191608547;Aardbeivlinder;Pyrgus malvae;2020-05-17;5;2020-05-17;1;ter plaatse;gezien;imago;onbekend;158882.26118916183;225534.9484299831;4.49621772766113;51.3395347595215;FS0488;Kapellen/Brasschaat - De Uitlegger en omgeving;Brasschaat;Brasschaat;Antwerpen;ObsMapp;J;Goedgekeurd op basis van kennisregels - nabijheid;2007-01-01;3;;25;Dagvlinders;Hesperiidae;2026-07-08;672;S;zeldzaam
191608546;191608546;Aardbeivlinder;Pyrgus malvae;2020-05-17;5;2020-05-17;1;ter plaatse;gezien;imago;onbekend;158858.97974866998;225489.07050916087;4.49588251113892;51.3391227722168;FS0488;Kapellen/Brasschaat - De Uitlegger en omgeving;Brasschaat;Brasschaat;Antwerpen;ObsMapp;J;Goedgekeurd op basis van kennisregels - nabijheid;2007-01-01;3;;25;Dagvlinders;Hesperiidae;2026-07-08;672;S;zeldzaam
191608543;191608543;Aardbeivlinder;Pyrgus malvae;2020-05-17;5;2020-05-17;1;ter plaatse;gezien;imago;onbekend;158776.70014134925;225412.53323698972;4.49469995498657;51.338436126709;FS0488;Kapellen/Brasschaat - De Uitlegger en omgeving;Brasschaat;Brasschaat;Antwerpen;ObsMapp;J;Goedgekeurd op basis van kennisregels - nabijheid;2007-01-01;3;;25;Dagvlinders;Hesperiidae;2026-07-08;672;S;zeldzaam
191608541;191608541;Aardbeivlinder;Pyrgus malvae;2020-05-17;5;2020-05-17;1;ter plaatse;gezien;imago;onbekend;158757.89686508235;225429.05373755377;4.49443054199219;51.3385848999023;FS0488;Kapellen/Brasschaat - De Uitlegger en omgeving;Brasschaat;Brasschaat;Antwerpen;ObsMapp;J;Goedgekeurd op basis van kennisregels - nabijheid;2007-01-01;3;;25;Dagvlinders;Hesperiidae;2026-07-08;672;S;zeldzaam
191608539;191608539;Aardbeivlinder;Pyrgus malvae;2020-05-17;5;2020-05-17;1;ter plaatse;gezien;imago;onbekend;158690.8588911102;225397.1083080452;4.49346780776978;51.3382987976074;FS0488;Kapellen/Brasschaat - De Uitlegger en omgeving;Brasschaat;Brasschaat;Antwerpen;ObsMapp;J;Goedgekeurd op basis van kennisregels - nabijheid;2007-01-01;3;;25;Dagvlinders;Hesperiidae;2026-07-08;672;S;zeldzaam
191608538;191608538;Aardbeivlinder;Pyrgus malvae;2020-05-17;5;2020-05-17;3;ter plaatse;gezien;imago;onbekend;158674.62783423907;225386.0459052585;4.49323463439941;51.3381996154785;FS0488;Kapellen/Brasschaat - De Uitlegger en omgeving;Brasschaat;Brasschaat;Antwerpen;ObsMapp;J;Goedgekeurd op basis van kennisregels - nabijheid;2007-01-01;3;;25;Dagvlinders;Hesperiidae;2026-07-08;672;S;zeldzaam
191608535;191608535;Aardbeivlinder;Pyrgus malvae;2020-05-17;5;2020-05-17;1;ter plaatse;gezien;imago;onbekend;158671.68105099862;225379.6745821638;4.49319219589233;51.3381423950195;FS0488;Kapellen/Brasschaat - De Uitlegger en omgeving;Brasschaat;Brasschaat;Antwerpen;ObsMapp;J;Goedgekeurd op basis van kennisregels - nabijheid;2007-01-01;3;;25;Dagvlinders;Hesperiidae;2026-07-08;672;S;zeldzaam
215300366;215300366;Aardbeivlinder;Pyrgus malvae;2021-05-30;5;2021-05-30;1;ter plaatse;gezien;imago;onbekend;159274.53465583434;225262.80242118705;4.50183972716331;51.3370825090889;FS0488;Brasschaat/Kalmthout - Klein Schietveld;Brasschaat;Brasschaat;Antwerpen;ObsMapp;J;Goedgekeurd op basis van kennisregels - nabijheid;2007-01-01;4;;5;Dagvlinders;Hesperiidae;2026-07-08;672;S;zeldzaam
189942341;189942341;Aardbeivlinder;Pyrgus malvae;2020-04-20;4;2020-04-28;1;ter plaatse;onbekend;onbekend;onbekend;158782.9821133316;225411.6951055545;4.49479007720947;51.3384284973145;FS0488;Kapellen/Brasschaat - De Uitlegger en omgeving;Brasschaat;Brasschaat;Antwerpen;Meetnetten.be;J;Goedgekeurd op basis van kennisregels - nabijheid;2021-04-19;3;meetnetten.be: levensfase: imago_ activiteit: ter plaatse;10;Dagvlinders;Hesperiidae;2026-07-08;672;S;zeldzaam
191608534;191608534;Aardbeivlinder;Pyrgus malvae;2020-05-17;5;2020-05-17;1;ter plaatse;gezien;imago;onbekend;158658.73901026126;225369.04219681025;4.49300622940063;51.3380470275879;FS0388;Kapellen/Brasschaat - De Uitlegger en omgeving;Brasschaat;Brasschaat;Antwerpen;ObsMapp;J;Goedgekeurd op basis van kennisregels - nabijheid;2007-01-01;3;;25;Dagvlinders;Hesperiidae;2026-07-08;672;S;zeldzaam
191608530;191608530;Aardbeivlinder;Pyrgus malvae;2020-05-17;5;2020-05-17;1;ter plaatse;gezien;imago;onbekend;158622.52357738695;225345.63808605637;4.49248600006104;51.3378372192383;FS0388;Kapellen/Brasschaat - De Uitlegger en omgeving;Brasschaat;Brasschaat;Antwerpen;ObsMapp;J;Goedgekeurd op basis van kennisregels - nabijheid;2007-01-01;3;;25;Dagvlinders;Hesperiidae;2026-07-08;672;S;zeldzaam
191608527;191608527;Aardbeivlinder;Pyrgus malvae;2020-05-17;5;2020-05-17;4;ter plaatse;gezien;imago;onbekend;158684.54483397678;225279.10785260983;4.49337434768677;51.3372383117676;FS0488;Kapellen/Brasschaat - De Uitlegger en omgeving;Brasschaat;Brasschaat;Antwerpen;ObsMapp;J;Goedgekeurd op basis van kennisregels - nabijheid;2007-01-01;3;;25;Dagvlinders;Hesperiidae;2026-07-08;672;S;zeldzaam
215300360;215300360;Aardbeivlinder;Pyrgus malvae;2021-05-30;5;2021-05-30;1;ter plaatse;gezien;imago;onbekend;159315.77919571628;225157.3297560662;4.50242880731821;51.336133857003;FS0488;Brasschaat/Kalmthout - Klein Schietveld;Brasschaat;Brasschaat;Antwerpen;ObsMapp;J;Goedgekeurd op basis van kennisregels - nabijheid;2007-01-01;4;;5;Dagvlinders;Hesperiidae;2026-07-08;672;S;zeldzaam
191608520;191608520;Aardbeivlinder;Pyrgus malvae;2020-05-17;5;2020-05-17;1;ter plaatse;gezien;imago;onbekend;158889.07759699228;225243.8054421954;4.49630832672119;51.3369178771973;FS0488;Kapellen/Brasschaat - De Uitlegger en omgeving;Brasschaat;Brasschaat;Antwerpen;ObsMapp;J;Goedgekeurd op basis van kennisregels - nabijheid;2007-01-01;3;;25;Dagvlinders;Hesperiidae;2026-07-08;672;S;zeldzaam
189942342;189942342;Aardbeivlinder;Pyrgus malvae;2020-04-20;4;2020-04-28;1;ter plaatse;onbekend;onbekend;onbekend;158735.91046008017;225363.23067733645;4.49411344528198;51.3379936218262;FS0488;Kapellen/Brasschaat - De Uitlegger en omgeving;Brasschaat;Brasschaat;Antwerpen;Meetnetten.be;J;Goedgekeurd op basis van kennisregels - nabijheid;2021-04-19;3;meetnetten.be: levensfase: imago_ activiteit: ter plaatse;10;Dagvlinders;Hesperiidae;2026-07-08;672;S;zeldzaam
191608514;191608514;Aardbeivlinder;Pyrgus malvae;2020-05-17;5;2020-05-17;1;ter plaatse;gezien;imago;onbekend;158874.39432876807;225279.43169100583;4.49609851837158;51.3372383117676;FS0488;Kapellen/Brasschaat - De Uitlegger en omgeving;Brasschaat;Brasschaat;Antwerpen;ObsMapp;J;Goedgekeurd op basis van kennisregels - nabijheid;2007-01-01;3;;25;Dagvlinders;Hesperiidae;2026-07-08;672;S;zeldzaam
189942359;189942359;Aardbeivlinder;Pyrgus malvae;2020-04-26;4;2020-04-28;1;ter plaatse;onbekend;onbekend;onbekend;158776.70448388683;225409.986701224;4.49469995498657;51.3384132385254;FS0488;Kapellen/Brasschaat - De Uitlegger en omgeving;Brasschaat;Brasschaat;Antwerpen;Meetnetten.be;J;Goedgekeurd op basis van kennisregels - nabijheid;2021-04-25;3;meetnetten.be: levensfase: imago_ activiteit: ter plaatse;10;Dagvlinders;Hesperiidae;2026-07-08;672;S;zeldzaam
189942362;189942362;Aardbeivlinder;Pyrgus malvae;2020-04-26;4;2020-04-28;3;ter plaatse;onbekend;onbekend;onbekend;158719.01790548797;225291.4744237736;4.49386930465698;51.3373489379883;FS0488;Kapellen/Brasschaat - De Uitlegger en omgeving;Brasschaat;Brasschaat;Antwerpen;Meetnetten.be;J;Goedgekeurd op basis van kennisregels - nabijheid;2021-04-25;3;meetnetten.be: levensfase: imago_ activiteit: ter plaatse;10;Dagvlinders;Hesperiidae;2026-07-08;672;S;zeldzaam
189942365;189942365;Aardbeivlinder;Pyrgus malvae;2020-04-26;4;2020-04-28;1;ter plaatse;onbekend;onbekend;onbekend;158724.5026052232;225310.1583599029;4.49394845962524;51.337516784668;FS0488;Kapellen/Brasschaat - De Uitlegger en omgeving;Brasschaat;Brasschaat;Antwerpen;Meetnetten.be;J;Goedgekeurd op basis van kennisregels - nabijheid;2021-04-25;3;meetnetten.be: levensfase: imago_ activiteit: ter plaatse;10;Dagvlinders;Hesperiidae;2026-07-08;672;S;zeldzaam
191608512;191608512;Aardbeivlinder;Pyrgus malvae;2020-05-17;5;2020-05-17;2;ter plaatse;gezien;imago;onbekend;158872.76380817816;225280.7021510508;4.49607515335083;51.3372497558594;FS0488;Kapellen/Brasschaat - De Uitlegger en omgeving;Brasschaat;Brasschaat;Antwerpen;ObsMapp;J;Goedgekeurd op basis van kennisregels - nabijheid;2007-01-01;3;;25;Dagvlinders;Hesperiidae;2026-07-08;672;S;zeldzaam
190546764;190546764;Aardbeivlinder;Pyrgus malvae;2020-05-05;5;2020-05-05;1;ter plaatse;gezien;imago;onbekend;159668.6329176793;225786.3512083432;4.50750875473022;51.3417816162109;FS0488;Brasschaat/Kalmthout - Klein Schietveld;Brasschaat;Brasschaat;Antwerpen;ObsMapp;J;Goedgekeurd op basis van expertoordeel;2007-01-01;3;;25;Dagvlinders;Hesperiidae;2026-07-08;672;S;zeldzaam
189942367;189942367;Aardbeivlinder;Pyrgus malvae;2020-04-26;4;2020-04-28;1;ter plaatse;onbekend;onbekend;onbekend;158722.81861709218;225303.78915029857;4.49392414093018;51.337459564209;FS0488;Kapellen/Brasschaat - De Uitlegger en omgeving;Brasschaat;Brasschaat;Antwerpen;Meetnetten.be;J;Goedgekeurd op basis van kennisregels - nabijheid;2021-04-25;3;meetnetten.be: levensfase: imago_ activiteit: ter plaatse;10;Dagvlinders;Hesperiidae;2026-07-08;672;S;zeldzaam
189942369;189942369;Aardbeivlinder;Pyrgus malvae;2020-04-26;4;2020-04-28;1;ter plaatse;onbekend;onbekend;onbekend;158693.66311066088;225330.47851187177;4.49350643157959;51.3376998901367;FS0488;Kapellen/Brasschaat - De Uitlegger en omgeving;Brasschaat;Brasschaat;Antwerpen;Meetnetten.be;J;Goedgekeurd op basis van kennisregels - nabijheid;2021-04-25;3;meetnetten.be: levensfase: imago_ activiteit: ter plaatse;10;Dagvlinders;Hesperiidae;2026-07-08;672;S;zeldzaam
190546768;190546768;Aardbeivlinder;Pyrgus malvae;2020-05-05;5;2020-05-05;1;ter plaatse;gezien;imago;onbekend;159668.22981975417;225700.19227107053;4.50750064849854;51.341007232666;FS0588;Brasschaat/Kalmthout - Klein Schietveld;Brasschaat;Brasschaat;Antwerpen;ObsMapp;J;Goedgekeurd op basis van kennisregels - nabijheid;2007-01-01;3;;25;Dagvlinders;Hesperiidae;2026-07-08;672;S;zeldzaam
190546772;190546772;Aardbeivlinder;Pyrgus malvae;2020-05-05;5;2020-05-05;1;ter plaatse;gezien;imago;onbekend;158910.27953254574;225531.6014648536;4.4966197013855;51.3395042419434;FS0488;Kapellen/Brasschaat - De Uitlegger en omgeving;Brasschaat;Brasschaat;Antwerpen;ObsMapp;J;Goedgekeurd op basis van kennisregels - nabijheid;2007-01-01;3;;25;Dagvlinders;Hesperiidae;2026-07-08;672;S;zeldzaam
190546777;190546777;Aardbeivlinder;Pyrgus malvae;2020-05-05;5;2020-05-05;4;ter plaatse;gezien;imago;onbekend;158765.43358927694;225452.4098828435;4.49453926086426;51.338794708252;FS0488;Kapellen/Brasschaat - De Uitlegger en omgeving;Brasschaat;Brasschaat;Antwerpen;ObsMapp;J;Goedgekeurd op basis van kennisregels - nabijheid;2007-01-01;3;;25;Dagvlinders;Hesperiidae;2026-07-08;672;S;zeldzaam
189942370;189942370;Aardbeivlinder;Pyrgus malvae;2020-04-26;4;2020-04-28;1;ter plaatse;onbekend;onbekend;onbekend;158730.93151913467;225340.30334564857;4.49404144287109;51.3377876281738;FS0488;Kapellen/Brasschaat - De Uitlegger en omgeving;Brasschaat;Brasschaat;Antwerpen;Meetnetten.be;J;Goedgekeurd op basis van kennisregels - nabijheid;2021-04-25;3;meetnetten.be: levensfase: imago_ activiteit: ter plaatse;10;Dagvlinders;Hesperiidae;2026-07-08;672;S;zeldzaam
190546778;190546778;Aardbeivlinder;Pyrgus malvae;2020-05-05;5;2020-05-05;3;ter plaatse;gezien;imago;onbekend;158761.23866309287;225437.5479031084;4.49447870254517;51.3386611938477;FS0488;Kapellen/Brasschaat - De Uitlegger en omgeving;Brasschaat;Brasschaat;Antwerpen;ObsMapp;J;Goedgekeurd op basis van kennisregels - nabijheid;2007-01-01;3;;25;Dagvlinders;Hesperiidae;2026-07-08;672;S;zeldzaam
189942371;189942371;Aardbeivlinder;Pyrgus malvae;2020-04-26;4;2020-04-28;1;ter plaatse;onbekend;onbekend;onbekend;158730.70106382735;225339.02968349212;4.49403810501099;51.337776184082;FS0488;Kapellen/Brasschaat - De Uitlegger en omgeving;Brasschaat;Brasschaat;Antwerpen;Meetnetten.be;J;Goedgekeurd op basis van kennisregels - nabijheid;2021-04-25;3;meetnetten.be: levensfase: imago_ activiteit: ter plaatse;10;Dagvlinders;Hesperiidae;2026-07-08;672;S;zeldzaam
189579881;189579881;Aardbeivlinder;Pyrgus malvae;2020-04-24;4;2020-04-24;3;ter plaatse;gezien;imago;onbekend;158753.33430786445;225344.1656124648;4.494363;51.337822;FS0488;Kapellen/Brasschaat - De Uitlegger en omgeving;Brasschaat;Brasschaat;Antwerpen;ObsMapp;J;Goedgekeurd op basis van bewijsmateriaal;2007-01-01;4;;25;Dagvlinders;Hesperiidae;2026-07-08;672;S;zeldzaam
189547285;189547285;Aardbeivlinder;Pyrgus malvae;2020-04-24;4;2020-04-24;2;ter plaatse;gezien;imago;onbekend;158764.36198054889;225334.3934872523;4.494521;51.337734;FS0488;Kapellen/Brasschaat - De Uitlegger en omgeving;Brasschaat;Brasschaat;Antwerpen;ObsMapp;J;Goedgekeurd op basis van bewijsmateriaal;2007-01-01;3;;25;Dagvlinders;Hesperiidae;2026-07-08;672;S;zeldzaam
189547286;189547286;Aardbeivlinder;Pyrgus malvae;2020-04-24;4;2020-04-24;2;ter plaatse;gezien;imago;onbekend;158748.29749264402;225348.39688572567;4.49429082870483;51.3378601074219;FS0488;Kapellen/Brasschaat - De Uitlegger en omgeving;Brasschaat;Brasschaat;Antwerpen;ObsMapp;J;Goedgekeurd op basis van kennisregels - nabijheid;2007-01-01;3;;25;Dagvlinders;Hesperiidae;2026-07-08;672;S;zeldzaam
200489311;200489311;Aardbeivlinder;Pyrgus malvae;2020-05-18;5;2020-09-21;1;ter plaatse;gezien;imago;onbekend;158705.80048742518;225306.03402412124;4.49368;51.33748;FS0488;Kapellen/Brasschaat - De Uitlegger en omgeving;Brasschaat;Brasschaat;Antwerpen;Site;J;Goedgekeurd op basis van bewijsmateriaal;1980-01-01;3;;25;Dagvlinders;Hesperiidae;2026-07-08;672;S;zeldzaam
216483359;216483359;Aardbeivlinder;Pyrgus malvae;2021-06-08;6;2021-06-09;1;ter plaatse;gezien;imago;onbekend;158901.13796322743;225486.38708164264;4.4964874;51.339098;FS0488;Kapellen/Brasschaat - De Uitlegger en omgeving;Brasschaat;Brasschaat;Antwerpen;Site;J;Goedgekeurd op basis van bewijsmateriaal;1980-01-01;3;;15;Dagvlinders;Hesperiidae;2026-07-08;672;S;zeldzaam
215797340;215797340;Aardbeivlinder;Pyrgus malvae;2021-06-02;6;2021-06-03;2;ter plaatse;gezien;imago;onbekend;158711.91275550652;225346.63747323025;4.4937686920166;51.3378448486328;FS0488;Kapellen/Brasschaat - De Uitlegger en omgeving;Brasschaat;Brasschaat;Antwerpen;ObsMapp;J;Goedgekeurd op basis van kennisregels - nabijheid;2007-01-01;3;Vlinderroute sectie 16;3;Dagvlinders;Hesperiidae;2026-07-08;672;S;zeldzaam
215797339;215797339;Aardbeivlinder;Pyrgus malvae;2021-06-02;6;2021-06-03;1;ter plaatse;gezien;imago;onbekend;158677.55547085466;225324.9338196935;4.49327516555786;51.3376502990723;FS0488;Kapellen/Brasschaat - De Uitlegger en omgeving;Brasschaat;Brasschaat;Antwerpen;ObsMapp;J;Goedgekeurd op basis van kennisregels - nabijheid;2007-01-01;3;Vlinderroute sectie 16;3;Dagvlinders;Hesperiidae;2026-07-08;672;S;zeldzaam
396247589;396247589;Aardbeivlinder;Pyrgus malvae;2026-05-02;5;2026-05-04;1;ter plaatse;onbekend;imago;onbekend;159223.3363726083;225389.2678524917;4.501108333333334;51.33822;FS0488;Brasschaat/Kalmthout - Klein Schietveld;Brasschaat;Brasschaat;Antwerpen;ObsIdentify;J;Goedgekeurd op basis van bewijsmateriaal;1980-01-01;3;;8;Dagvlinders;Hesperiidae;2026-07-08;672;S;zeldzaam
350597889;350597889;Aardbeivlinder;Pyrgus malvae;2025-05-12;5;2025-05-15;1;ter plaatse;gezien;imago;onbekend;158828.7960189254;225398.61634953783;4.495447158813477;51.33831024169922;FS0488;Kapellen/Brasschaat - De Uitlegger en omgeving;Brasschaat;Brasschaat;Antwerpen;ObsMapp;J;Goedgekeurd op basis van kennisregels - nabijheid;1980-01-01;3;;3;Dagvlinders;Hesperiidae;2026-07-08;672;S;zeldzaam
215797338;215797338;Aardbeivlinder;Pyrgus malvae;2021-06-02;6;2021-06-03;1;ter plaatse;gezien;imago;onbekend;158768.67869157073;225381.1122004921;4.49458408355713;51.3381538391113;FS0488;Kapellen/Brasschaat - De Uitlegger en omgeving;Brasschaat;Brasschaat;Antwerpen;ObsMapp;J;Goedgekeurd op basis van kennisregels - nabijheid;2007-01-01;3;Vlinderroute sectie 17;3;Dagvlinders;Hesperiidae;2026-07-08;672;S;zeldzaam
350597907;350597907;Aardbeivlinder;Pyrgus malvae;2025-05-12;5;2025-05-15;1;ter plaatse;gezien;imago;onbekend;158856.14060662733;225458.9315209575;4.495841026306152;51.33885192871094;FS0488;Kapellen/Brasschaat - De Uitlegger en omgeving;Brasschaat;Brasschaat;Antwerpen;ObsMapp;J;Goedgekeurd op basis van kennisregels - nabijheid;1980-01-01;3;;3;Dagvlinders;Hesperiidae;2026-07-08;672;S;zeldzaam
401016317;401016317;Aardbeivlinder;Pyrgus malvae;2026-05-22;5;2026-05-26;1;ter plaatse;gezien;imago;onbekend;158677.61048266842;225331.724691852;4.493276119232178;51.33771133422852;FS0488;Kapellen/Brasschaat - De Uitlegger en omgeving;Brasschaat;Brasschaat;Antwerpen;ObsMapp;J;Goedgekeurd op basis van kennisregels - nabijheid;1980-01-01;3;;3;Dagvlinders;Hesperiidae;2026-07-08;672;S;zeldzaam
241791064;241791064;Aardbeivlinder;Pyrgus malvae;2022-05-12;5;2022-05-16;1;ter plaatse;onbekend;imago;onbekend;158668.8005457459;225372.9501704797;4.4931507;51.338082;FS0488;Kapellen/Brasschaat - De Uitlegger en omgeving;Brasschaat;Brasschaat;Antwerpen;Site;J;Goedgekeurd op basis van bewijsmateriaal;1980-01-01;3;;30;Dagvlinders;Hesperiidae;2026-07-08;672;S;zeldzaam
192079709;192079709;Aardbeivlinder;Pyrgus malvae;2020-05-20;5;2020-05-22;1;ter plaatse;gezien;imago;onbekend;158782.42886992788;225385.37988328096;4.49478149414063;51.338191986084;FS0488;Kapellen/Brasschaat - De Uitlegger en omgeving;Brasschaat;Brasschaat;Antwerpen;ObsMapp;J;Goedgekeurd op basis van kennisregels - nabijheid;2007-01-01;3;;25;Dagvlinders;Hesperiidae;2026-07-08;672;S;zeldzaam
192079711;192079711;Aardbeivlinder;Pyrgus malvae;2020-05-20;5;2020-05-22;2;ter plaatse;gezien;imago;onbekend;158705.28548720293;225355.1147343628;4.49367380142212;51.3379211425781;FS0488;Kapellen/Brasschaat - De Uitlegger en omgeving;Brasschaat;Brasschaat;Antwerpen;ObsMapp;J;Goedgekeurd op basis van kennisregels - nabijheid;2007-01-01;3;;25;Dagvlinders;Hesperiidae;2026-07-08;672;S;zeldzaam
350597756;350597756;Aardbeivlinder;Pyrgus malvae;2025-05-12;5;2025-05-15;1;ter plaatse;gezien;imago;onbekend;158731.34335807356;225352.18790929855;4.49404764175415;51.33789443969727;FS0488;Kapellen/Brasschaat - De Uitlegger en omgeving;Brasschaat;Brasschaat;Antwerpen;ObsMapp;J;Goedgekeurd op basis van kennisregels - nabijheid;1980-01-01;3;;3;Dagvlinders;Hesperiidae;2026-07-08;672;S;zeldzaam
192079712;192079712;Aardbeivlinder;Pyrgus malvae;2020-05-20;5;2020-05-22;1;ter plaatse;gezien;imago;onbekend;158700.09195117682;225341.09996866435;4.49359893798828;51.3377952575684;FS0488;Kapellen/Brasschaat - De Uitlegger en omgeving;Brasschaat;Brasschaat;Antwerpen;ObsMapp;J;Goedgekeurd op basis van kennisregels - nabijheid;2007-01-01;3;;25;Dagvlinders;Hesperiidae;2026-07-08;672;S;zeldzaam
192079713;192079713;Aardbeivlinder;Pyrgus malvae;2020-05-20;5;2020-05-22;1;ter plaatse;gezien;imago;onbekend;158683.6463146484;225338.9500756916;4.49336290359497;51.337776184082;FS0488;Kapellen/Brasschaat - De Uitlegger en omgeving;Brasschaat;Brasschaat;Antwerpen;ObsMapp;J;Goedgekeurd op basis van kennisregels - nabijheid;2007-01-01;3;;25;Dagvlinders;Hesperiidae;2026-07-08;672;S;zeldzaam
401016321;401016321;Aardbeivlinder;Pyrgus malvae;2026-05-22;5;2026-05-26;1;ter plaatse;gezien;imago;onbekend;158692.81057941448;225323.6862924444;4.493494033813477;51.33763885498047;FS0488;Kapellen/Brasschaat - De Uitlegger en omgeving;Brasschaat;Brasschaat;Antwerpen;ObsMapp;J;Goedgekeurd op basis van kennisregels - nabijheid;1980-01-01;3;;1;Dagvlinders;Hesperiidae;2026-07-08;672;S;zeldzaam
192079714;192079714;Aardbeivlinder;Pyrgus malvae;2020-05-20;5;2020-05-22;2;in copula;gezien;imago;onbekend;158687.62998099078;225361.0268337065;4.49342060089111;51.3379745483398;FS0488;Kapellen/Brasschaat - De Uitlegger en omgeving;Brasschaat;Brasschaat;Antwerpen;ObsMapp;J;Goedgekeurd op basis van bewijsmateriaal;2007-01-01;3;;25;Dagvlinders;Hesperiidae;2026-07-08;672;S;zeldzaam
242217604;242217604;Aardbeivlinder;Pyrgus malvae;2022-05-18;5;2022-05-20;1;ter plaatse;onbekend;imago;onbekend;159818.21091398023;225655.9460440781;4.5096517;51.340607;FS0588;Brasschaat/Kalmthout - Klein Schietveld;Brasschaat;Brasschaat;Antwerpen;Site;J;Goedgekeurd op basis van bewijsmateriaal;1980-01-01;3;;30;Dagvlinders;Hesperiidae;2026-07-08;672;S;zeldzaam
271393434;271393434;Aardbeivlinder;Pyrgus malvae;2023-05-12;5;2023-05-12;1;ter plaatse;gezien;imago;onbekend;158762.80047883294;225437.55056200828;4.494501113891602;51.338661193847656;FS0488;Kapellen/Brasschaat - De Uitlegger en omgeving;Brasschaat;Brasschaat;Antwerpen;ObsMapp;J;Goedgekeurd op basis van kennisregels - nabijheid;1980-01-01;3;;3;Dagvlinders;Hesperiidae;2026-07-08;672;S;zeldzaam
310001359;310001359;Aardbeivlinder;Pyrgus malvae;2024-05-17;5;2024-05-17;1;ter plaatse;gezien;imago;onbekend;158769.04130105616;225402.33400973585;4.494589805603027;51.33834457397461;FS0488;Kapellen/Brasschaat - De Uitlegger en omgeving;Brasschaat;Brasschaat;Antwerpen;ObsMapp;J;Goedgekeurd op basis van kennisregels - nabijheid;1980-01-01;3;;3;Dagvlinders;Hesperiidae;2026-07-08;672;S;zeldzaam
310001351;310001351;Aardbeivlinder;Pyrgus malvae;2024-05-17;5;2024-05-17;1;ter plaatse;gezien;imago;onbekend;158726.94239020627;225341.1454274943;4.493984222412109;51.33779525756836;FS0488;Kapellen/Brasschaat - De Uitlegger en omgeving;Brasschaat;Brasschaat;Antwerpen;ObsMapp;J;Goedgekeurd op basis van kennisregels - nabijheid;1980-01-01;3;;3;Dagvlinders;Hesperiidae;2026-07-08;672;S;zeldzaam
310001349;310001349;Aardbeivlinder;Pyrgus malvae;2024-05-17;5;2024-05-17;1;ter plaatse;gezien;imago;onbekend;158684.2009237577;225325.369452456;4.493370532989502;51.33765411376953;FS0488;Kapellen/Brasschaat - De Uitlegger en omgeving;Brasschaat;Brasschaat;Antwerpen;ObsMapp;J;Goedgekeurd op basis van bewijsmateriaal;1980-01-01;3;;4;Dagvlinders;Hesperiidae;2026-07-08;672;S;zeldzaam
192079716;192079716;Aardbeivlinder;Pyrgus malvae;2020-05-20;5;2020-05-22;1;ter plaatse;gezien;imago;onbekend;158687.36600998652;225340.22962434124;4.49341630935669;51.3377876281738;FS0488;Kapellen/Brasschaat - De Uitlegger en omgeving;Brasschaat;Brasschaat;Antwerpen;ObsMapp;J;Goedgekeurd op basis van kennisregels - nabijheid;2007-01-01;3;;25;Dagvlinders;Hesperiidae;2026-07-08;672;S;zeldzaam
191265552;191265552;Aardbeivlinder;Pyrgus malvae;2020-05-13;5;2020-05-13;1;ter plaatse;gezien;imago;onbekend;158887.29008724948;225547.6898335656;4.49629020690918;51.3396492004395;FS0488;Kapellen/Brasschaat - De Uitlegger en omgeving;Brasschaat;Brasschaat;Antwerpen;ObsMapp;J;Goedgekeurd op basis van kennisregels - nabijheid;2007-01-01;3;;25;Dagvlinders;Hesperiidae;2026-07-08;672;S;zeldzaam
350597761;350597761;Aardbeivlinder;Pyrgus malvae;2025-05-12;5;2025-05-15;1;ter plaatse;gezien;imago;onbekend;158731.26238656283;225341.1527544279;4.494046211242676;51.33779525756836;FS0488;Kapellen/Brasschaat - De Uitlegger en omgeving;Brasschaat;Brasschaat;Antwerpen;ObsMapp;J;Goedgekeurd op basis van kennisregels - nabijheid;1980-01-01;3;;3;Dagvlinders;Hesperiidae;2026-07-08;672;S;zeldzaam
310001340;310001340;Aardbeivlinder;Pyrgus malvae;2024-05-17;5;2024-05-17;1;ter plaatse;gezien;imago;onbekend;158693.08768740122;225356.3673880212;4.493498802185059;51.33793258666992;FS0488;Kapellen/Brasschaat - De Uitlegger en omgeving;Brasschaat;Brasschaat;Antwerpen;ObsMapp;J;Goedgekeurd op basis van bewijsmateriaal;1980-01-01;3;;3;Dagvlinders;Hesperiidae;2026-07-08;672;S;zeldzaam
348998108;348998108;Aardbeivlinder;Pyrgus malvae;2025-05-07;5;2025-05-07;1;ter plaatse;onbekend;imago;onbekend;159187.8497606074;225493.9505269574;4.5006018038881015;51.33916145195378;FS0488;Brasschaat/Kalmthout - Klein Schietveld;Brasschaat;Brasschaat;Antwerpen;ObsIdentify;J;Goedgekeurd op basis van bewijsmateriaal;1980-01-01;3;;4;Dagvlinders;Hesperiidae;2026-07-08;672;S;zeldzaam
310001334;310001334;Aardbeivlinder;Pyrgus malvae;2024-05-17;5;2024-05-17;1;ter plaatse;gezien;imago;onbekend;158680.29460547908;225355.9213713352;4.49331521987915;51.337928771972656;FS0488;Kapellen/Brasschaat - De Uitlegger en omgeving;Brasschaat;Brasschaat;Antwerpen;ObsMapp;J;Goedgekeurd op basis van bewijsmateriaal;1980-01-01;3;;3;Dagvlinders;Hesperiidae;2026-07-08;672;S;zeldzaam
310001325;310001325;Aardbeivlinder;Pyrgus malvae;2024-05-17;5;2024-05-17;1;ter plaatse;gezien;imago;onbekend;158716.7840114399;225354.7097725868;4.493838787078857;51.33791732788086;FS0488;Kapellen/Brasschaat - De Uitlegger en omgeving;Brasschaat;Brasschaat;Antwerpen;ObsMapp;J;Goedgekeurd op basis van kennisregels - nabijheid;1980-01-01;3;;3;Dagvlinders;Hesperiidae;2026-07-08;672;S;zeldzaam
191265555;191265555;Aardbeivlinder;Pyrgus malvae;2020-05-13;5;2020-05-13;1;ter plaatse;gezien;imago;onbekend;158696.60630919746;225338.97195887196;4.49354887008667;51.337776184082;FS0488;Kapellen/Brasschaat - De Uitlegger en omgeving;Brasschaat;Brasschaat;Antwerpen;ObsMapp;J;Goedgekeurd op basis van kennisregels - nabijheid;2007-01-01;3;;25;Dagvlinders;Hesperiidae;2026-07-08;672;S;zeldzaam
310001322;310001322;Aardbeivlinder;Pyrgus malvae;2024-05-17;5;2024-05-17;1;ter plaatse;gezien;imago;onbekend;158718.74677701542;225353.43982596416;4.493866920471191;51.33790588378906;FS0488;Kapellen/Brasschaat - De Uitlegger en omgeving;Brasschaat;Brasschaat;Antwerpen;ObsMapp;J;Goedgekeurd op basis van kennisregels - nabijheid;1980-01-01;3;;3;Dagvlinders;Hesperiidae;2026-07-08;672;S;zeldzaam
350597762;350597762;Aardbeivlinder;Pyrgus malvae;2025-05-12;5;2025-05-15;1;ter plaatse;gezien;imago;onbekend;158715.34215641668;225362.3469585674;4.493818283081055;51.33798599243164;FS0488;Kapellen/Brasschaat - De Uitlegger en omgeving;Brasschaat;Brasschaat;Antwerpen;ObsMapp;J;Goedgekeurd op basis van kennisregels - nabijheid;1980-01-01;3;;3;Dagvlinders;Hesperiidae;2026-07-08;672;S;zeldzaam
191265558;191265558;Aardbeivlinder;Pyrgus malvae;2020-05-13;5;2020-05-13;1;ter plaatse;gezien;imago;onbekend;158680.1237439014;225378.4155433169;4.49331331253052;51.3381309509277;FS0488;Kapellen/Brasschaat - De Uitlegger en omgeving;Brasschaat;Brasschaat;Antwerpen;ObsMapp;J;Goedgekeurd op basis van kennisregels - nabijheid;2007-01-01;3;;25;Dagvlinders;Hesperiidae;2026-07-08;672;S;zeldzaam
191265559;191265559;Aardbeivlinder;Pyrgus malvae;2020-05-13;5;2020-05-13;2;ter plaatse;gezien;imago;onbekend;158679.73428324447;225372.89737719763;4.49330759048462;51.3380813598633;FS0488;Kapellen/Brasschaat - De Uitlegger en omgeving;Brasschaat;Brasschaat;Antwerpen;ObsMapp;J;Goedgekeurd op basis van kennisregels - nabijheid;2007-01-01;3;;25;Dagvlinders;Hesperiidae;2026-07-08;672;S;zeldzaam
215235453;215235453;Aardbeivlinder;Pyrgus malvae;2021-05-28;5;2021-05-29;7;ter plaatse;onbekend;imago;onbekend;158680.90022284974;225293.53083115816;4.4933224;51.337368;FS0488;Kapellen/Brasschaat - De Uitlegger en omgeving;Brasschaat;Brasschaat;Antwerpen;Site;J;Goedgekeurd op basis van bewijsmateriaal;1980-01-01;4;;15;Dagvlinders;Hesperiidae;2026-07-08;672;S;zeldzaam
401016332;401016332;Aardbeivlinder;Pyrgus malvae;2026-05-22;5;2026-05-26;1;ter plaatse;gezien;imago;onbekend;158718.4219032806;225290.2001431547;4.493860721588135;51.33733749389648;FS0488;Kapellen/Brasschaat - De Uitlegger en omgeving;Brasschaat;Brasschaat;Antwerpen;ObsMapp;J;Goedgekeurd op basis van kennisregels - nabijheid;1980-01-01;3;;1;Dagvlinders;Hesperiidae;2026-07-08;672;S;zeldzaam
401016331;401016331;Aardbeivlinder;Pyrgus malvae;2026-05-22;5;2026-05-26;1;ter plaatse;gezien;imago;onbekend;158730.84395495203;225313.5645028837;4.494039535522461;51.337547302246094;FS0488;Kapellen/Brasschaat - De Uitlegger en omgeving;Brasschaat;Brasschaat;Antwerpen;ObsMapp;J;Goedgekeurd op basis van kennisregels - nabijheid;1980-01-01;3;;1;Dagvlinders;Hesperiidae;2026-07-08;672;S;zeldzaam
192079717;192079717;Aardbeivlinder;Pyrgus malvae;2020-05-20;5;2020-05-22;1;ter plaatse;gezien;imago;onbekend;158688.14679624123;225330.46919666324;4.49342727661133;51.3376998901367;FS0488;Kapellen/Brasschaat - De Uitlegger en omgeving;Brasschaat;Brasschaat;Antwerpen;ObsMapp;J;Goedgekeurd op basis van kennisregels - nabijheid;2007-01-01;3;;25;Dagvlinders;Hesperiidae;2026-07-08;672;S;zeldzaam
192079719;192079719;Aardbeivlinder;Pyrgus malvae;2020-05-20;5;2020-05-22;1;ter plaatse;gezien;imago;onbekend;158727.12149812546;225333.50610398225;4.4939866065979;51.3377265930176;FS0488;Kapellen/Brasschaat - De Uitlegger en omgeving;Brasschaat;Brasschaat;Antwerpen;ObsMapp;J;Goedgekeurd op basis van kennisregels - nabijheid;2007-01-01;3;;25;Dagvlinders;Hesperiidae;2026-07-08;672;S;zeldzaam
191265560;191265560;Aardbeivlinder;Pyrgus malvae;2020-05-13;5;2020-05-13;1;ter plaatse;gezien;imago;onbekend;158681.54734681646;225361.86541707907;4.49333333969116;51.3379821777344;FS0488;Kapellen/Brasschaat - De Uitlegger en omgeving;Brasschaat;Brasschaat;Antwerpen;ObsMapp;J;Goedgekeurd op basis van kennisregels - nabijheid;2007-01-01;3;;25;Dagvlinders;Hesperiidae;2026-07-08;672;S;zeldzaam
192079720;192079720;Aardbeivlinder;Pyrgus malvae;2020-05-20;5;2020-05-22;2;ter plaatse;gezien;imago;onbekend;158716.30103206148;225306.32465032488;4.49383068084717;51.3374824523926;FS0488;Kapellen/Brasschaat - De Uitlegger en omgeving;Brasschaat;Brasschaat;Antwerpen;ObsMapp;J;Goedgekeurd op basis van kennisregels - nabijheid;2007-01-01;3;;25;Dagvlinders;Hesperiidae;2026-07-08;672;S;zeldzaam
310001320;310001320;Aardbeivlinder;Pyrgus malvae;2024-05-17;5;2024-05-17;1;ter plaatse;gezien;imago;onbekend;158710.0575822148;225343.23894329928;4.493741989135742;51.33781433105469;FS0488;Kapellen/Brasschaat - De Uitlegger en omgeving;Brasschaat;Brasschaat;Antwerpen;ObsMapp;J;Goedgekeurd op basis van kennisregels - nabijheid;1980-01-01;3;;3;Dagvlinders;Hesperiidae;2026-07-08;672;S;zeldzaam
191265561;191265561;Aardbeivlinder;Pyrgus malvae;2020-05-13;5;2020-05-13;1;ter plaatse;gezien;imago;onbekend;158690.69123476895;225338.9619671367;4.49346399307251;51.337776184082;FS0488;Kapellen/Brasschaat - De Uitlegger en omgeving;Brasschaat;Brasschaat;Antwerpen;ObsMapp;J;Goedgekeurd op basis van kennisregels - nabijheid;2007-01-01;3;;25;Dagvlinders;Hesperiidae;2026-07-08;672;S;zeldzaam
215389716;215389716;Aardbeivlinder;Pyrgus malvae;2021-05-30;5;2021-05-30;1;ter plaatse;onbekend;imago;onbekend;159738.26709534743;225626.5327776214;4.5085037;51.340344;FS0588;Brasschaat/Kalmthout - Klein Schietveld - Rand zone vliegveld;Brasschaat;Brasschaat;Antwerpen;Site;J;Goedgekeurd op basis van bewijsmateriaal;1980-01-01;4;;15;Dagvlinders;Hesperiidae;2026-07-08;672;S;zeldzaam
401016339;401016339;Aardbeivlinder;Pyrgus malvae;2026-05-22;5;2026-05-26;1;ter plaatse;gezien;imago;onbekend;158729.55707355912;225268.9978357581;4.494019985198975;51.3371467590332;FS0488;Kapellen/Brasschaat - De Uitlegger en omgeving;Brasschaat;Brasschaat;Antwerpen;ObsMapp;J;Goedgekeurd op basis van kennisregels - nabijheid;1980-01-01;3;;1;Dagvlinders;Hesperiidae;2026-07-08;672;S;zeldzaam
395352415;395352415;Aardbeivlinder;Pyrgus malvae;2026-04-29;4;2026-04-30;1;ter plaatse;gezien;imago;onbekend;158941.33738721284;225557.54519343004;4.497066020965576;51.33973693847656;FS0488;Kapellen/Brasschaat - De Uitlegger en omgeving;Brasschaat;Brasschaat;Antwerpen;ObsMapp;J;Goedgekeurd op basis van kennisregels - nabijheid;1980-01-01;3;;1;Dagvlinders;Hesperiidae;2026-07-08;672;S;zeldzaam
395352356;395352356;Aardbeivlinder;Pyrgus malvae;2026-04-29;4;2026-04-30;1;ter plaatse;gezien;imago;onbekend;158778.73304998322;225389.61781639236;4.4947285652160645;51.33823013305664;FS0488;Kapellen/Brasschaat - De Uitlegger en omgeving;Brasschaat;Brasschaat;Antwerpen;ObsMapp;J;Goedgekeurd op basis van kennisregels - nabijheid;1980-01-01;3;;1;Dagvlinders;Hesperiidae;2026-07-08;672;S;zeldzaam
310001318;310001318;Aardbeivlinder;Pyrgus malvae;2024-05-17;5;2024-05-17;1;ter plaatse;gezien;imago;onbekend;158685.98034686642;225334.28535335045;4.493396282196045;51.33773422241211;FS0488;Kapellen/Brasschaat - De Uitlegger en omgeving;Brasschaat;Brasschaat;Antwerpen;ObsMapp;J;Goedgekeurd op basis van kennisregels - nabijheid;1980-01-01;3;;3;Dagvlinders;Hesperiidae;2026-07-08;672;S;zeldzaam
350597769;350597769;Aardbeivlinder;Pyrgus malvae;2025-05-12;5;2025-05-15;1;ter plaatse;gezien;imago;onbekend;158703.00929567832;225364.87263146043;4.493641376495361;51.338008880615234;FS0488;Kapellen/Brasschaat - De Uitlegger en omgeving;Brasschaat;Brasschaat;Antwerpen;ObsMapp;J;Goedgekeurd op basis van kennisregels - nabijheid;1980-01-01;3;;3;Dagvlinders;Hesperiidae;2026-07-08;672;S;zeldzaam
310001317;310001317;Aardbeivlinder;Pyrgus malvae;2024-05-17;5;2024-05-17;1;ter plaatse;gezien;imago;onbekend;158692.1677242227;225330.47598608583;4.493484973907471;51.33769989013672;FS0488;Kapellen/Brasschaat - De Uitlegger en omgeving;Brasschaat;Brasschaat;Antwerpen;ObsMapp;J;Goedgekeurd op basis van kennisregels - nabijheid;1980-01-01;3;;3;Dagvlinders;Hesperiidae;2026-07-08;672;S;zeldzaam
395352349;395352349;Aardbeivlinder;Pyrgus malvae;2026-04-29;4;2026-04-30;1;ter plaatse;gezien;imago;onbekend;158778.16734092493;225409.5647721421;4.494720935821533;51.338409423828125;FS0488;Kapellen/Brasschaat - De Uitlegger en omgeving;Brasschaat;Brasschaat;Antwerpen;ObsMapp;J;Goedgekeurd op basis van kennisregels - nabijheid;1980-01-01;3;;1;Dagvlinders;Hesperiidae;2026-07-08;672;S;zeldzaam
191265562;191265562;Aardbeivlinder;Pyrgus malvae;2020-05-13;5;2020-05-13;1;ter plaatse;gezien;imago;onbekend;158688.94218603594;225331.74381060436;4.49343872070313;51.3377113342285;FS0488;Kapellen/Brasschaat - De Uitlegger en omgeving;Brasschaat;Brasschaat;Antwerpen;ObsMapp;J;Goedgekeurd op basis van kennisregels - nabijheid;2007-01-01;3;;25;Dagvlinders;Hesperiidae;2026-07-08;672;S;zeldzaam
395352339;395352339;Aardbeivlinder;Pyrgus malvae;2026-04-29;4;2026-04-30;1;ter plaatse;gezien;imago;onbekend;158785.83504006182;225375.62394889255;4.494830131530762;51.33810424804688;FS0488;Kapellen/Brasschaat - De Uitlegger en omgeving;Brasschaat;Brasschaat;Antwerpen;ObsMapp;J;Goedgekeurd op basis van kennisregels - nabijheid;1980-01-01;3;;2;Dagvlinders;Hesperiidae;2026-07-08;672;S;zeldzaam
395352331;395352331;Aardbeivlinder;Pyrgus malvae;2026-04-29;4;2026-04-30;1;ter plaatse;gezien;imago;onbekend;158834.0805879805;225281.90888473205;4.495520114898682;51.33726119995117;FS0488;Kapellen/Brasschaat - De Uitlegger en omgeving;Brasschaat;Brasschaat;Antwerpen;ObsMapp;J;Goedgekeurd op basis van kennisregels - nabijheid;1980-01-01;3;;2;Dagvlinders;Hesperiidae;2026-07-08;672;S;zeldzaam
401016278;401016278;Aardbeivlinder;Pyrgus malvae;2026-05-22;5;2026-05-26;1;ter plaatse;gezien;imago;onbekend;158745.75542683914;225377.67780618183;4.494255065917969;51.3381233215332;FS0488;Kapellen/Brasschaat - De Uitlegger en omgeving;Brasschaat;Brasschaat;Antwerpen;ObsMapp;J;Goedgekeurd op basis van kennisregels - nabijheid;1980-01-01;3;;1;Dagvlinders;Hesperiidae;2026-07-08;672;S;zeldzaam
395352329;395352329;Aardbeivlinder;Pyrgus malvae;2026-04-29;4;2026-04-30;1;ter plaatse;gezien;imago;onbekend;158849.39575681818;225284.4817350749;4.495739936828613;51.337284088134766;FS0488;Kapellen/Brasschaat - De Uitlegger en omgeving;Brasschaat;Brasschaat;Antwerpen;ObsMapp;J;Goedgekeurd op basis van kennisregels - nabijheid;1980-01-01;3;;1;Dagvlinders;Hesperiidae;2026-07-08;672;S;zeldzaam
395352320;395352320;Aardbeivlinder;Pyrgus malvae;2026-04-29;4;2026-04-30;1;ter plaatse;gezien;imago;onbekend;158825.86910828465;225264.4934283616;4.495401859283447;51.33710479736328;FS0488;Kapellen/Brasschaat - De Uitlegger en omgeving;Brasschaat;Brasschaat;Antwerpen;ObsMapp;J;Goedgekeurd op basis van kennisregels - nabijheid;1980-01-01;3;;2;Dagvlinders;Hesperiidae;2026-07-08;672;S;zeldzaam
395352312;395352312;Aardbeivlinder;Pyrgus malvae;2026-04-29;4;2026-04-30;1;ter plaatse;gezien;imago;onbekend;158795.15982214146;225266.5629796172;4.494961261749268;51.33712387084961;FS0488;Kapellen/Brasschaat - De Uitlegger en omgeving;Brasschaat;Brasschaat;Antwerpen;ObsMapp;J;Goedgekeurd op basis van kennisregels - nabijheid;1980-01-01;3;;1;Dagvlinders;Hesperiidae;2026-07-08;672;S;zeldzaam
310001315;310001315;Aardbeivlinder;Pyrgus malvae;2024-05-17;5;2024-05-17;1;ter plaatse;gezien;imago;onbekend;158693.09603623295;225331.75082516205;4.4934983253479;51.33771133422852;FS0488;Kapellen/Brasschaat - De Uitlegger en omgeving;Brasschaat;Brasschaat;Antwerpen;ObsMapp;J;Goedgekeurd op basis van kennisregels - nabijheid;1980-01-01;3;;3;Dagvlinders;Hesperiidae;2026-07-08;672;S;zeldzaam
213763711;213763711;Aardbeivlinder;Pyrgus malvae;2021-05-13;5;2021-05-15;1;ter plaatse;onbekend;imago;onbekend;158832.67231060297;225488.7168582873;4.495505;51.33912;FS0488;Kapellen/Brasschaat - De Uitlegger en omgeving;Brasschaat;Brasschaat;Antwerpen;Site;J;Goedgekeurd op basis van bewijsmateriaal;1980-01-01;3;;25;Dagvlinders;Hesperiidae;2026-07-08;672;S;zeldzaam
310001312;310001312;Aardbeivlinder;Pyrgus malvae;2024-05-17;5;2024-05-17;1;ter plaatse;gezien;imago;onbekend;158699.10076797777;225337.70290334243;4.493584632873535;51.33776473999024;FS0488;Kapellen/Brasschaat - De Uitlegger en omgeving;Brasschaat;Brasschaat;Antwerpen;ObsMapp;J;Goedgekeurd op basis van bewijsmateriaal;1980-01-01;3;;3;Dagvlinders;Hesperiidae;2026-07-08;672;S;zeldzaam
310001301;310001301;Aardbeivlinder;Pyrgus malvae;2024-05-17;5;2024-05-17;2;ter plaatse;gezien;imago;onbekend;158701.75779384564;225338.55624253303;4.493622779846191;51.337772369384766;FS0488;Kapellen/Brasschaat - De Uitlegger en omgeving;Brasschaat;Brasschaat;Antwerpen;ObsMapp;J;Goedgekeurd op basis van kennisregels - nabijheid;1980-01-01;3;;3;Dagvlinders;Hesperiidae;2026-07-08;672;S;zeldzaam
310001298;310001298;Aardbeivlinder;Pyrgus malvae;2024-05-17;5;2024-05-17;2;ter plaatse;gezien;imago;onbekend;158729.25198541032;225350.91109045967;4.494017601013184;51.33788299560547;FS0488;Kapellen/Brasschaat - De Uitlegger en omgeving;Brasschaat;Brasschaat;Antwerpen;ObsMapp;J;Goedgekeurd op basis van kennisregels - nabijheid;1980-01-01;3;;3;Dagvlinders;Hesperiidae;2026-07-08;672;S;zeldzaam
310001297;310001297;Aardbeivlinder;Pyrgus malvae;2024-05-17;5;2024-05-17;1;ter plaatse;gezien;imago;onbekend;158722.53579181753;225353.0218223864;4.493921279907227;51.3379020690918;FS0488;Kapellen/Brasschaat - De Uitlegger en omgeving;Brasschaat;Brasschaat;Antwerpen;ObsMapp;J;Goedgekeurd op basis van kennisregels - nabijheid;1980-01-01;3;;3;Dagvlinders;Hesperiidae;2026-07-08;672;S;zeldzaam
310001296;310001296;Aardbeivlinder;Pyrgus malvae;2024-05-17;5;2024-05-17;1;ter plaatse;gezien;imago;onbekend;158727.04796549003;225357.27370915376;4.493986129760742;51.33794021606445;FS0488;Kapellen/Brasschaat - De Uitlegger en omgeving;Brasschaat;Brasschaat;Antwerpen;ObsMapp;J;Goedgekeurd op basis van kennisregels - nabijheid;1980-01-01;3;;3;Dagvlinders;Hesperiidae;2026-07-08;672;S;zeldzaam
310001291;310001291;Aardbeivlinder;Pyrgus malvae;2024-05-17;5;2024-05-17;1;ter plaatse;gezien;imago;onbekend;158730.13409521422;225359.8254857147;4.494030475616455;51.33796310424805;FS0488;Kapellen/Brasschaat - De Uitlegger en omgeving;Brasschaat;Brasschaat;Antwerpen;ObsMapp;J;Goedgekeurd op basis van kennisregels - nabijheid;1980-01-01;3;;3;Dagvlinders;Hesperiidae;2026-07-08;672;S;zeldzaam
350597782;350597782;Aardbeivlinder;Pyrgus malvae;2025-05-12;5;2025-05-15;1;ter plaatse;gezien;imago;onbekend;158697.47676405747;225335.1536162496;4.493561267852783;51.33774185180664;FS0488;Kapellen/Brasschaat - De Uitlegger en omgeving;Brasschaat;Brasschaat;Antwerpen;ObsMapp;J;Goedgekeurd op basis van kennisregels - nabijheid;1980-01-01;3;;3;Dagvlinders;Hesperiidae;2026-07-08;672;S;zeldzaam
310001287;310001287;Aardbeivlinder;Pyrgus malvae;2024-05-17;5;2024-05-17;1;ter plaatse;gezien;imago;onbekend;158737.37476802408;225361.95989168715;4.494134426116943;51.337982177734375;FS0488;Kapellen/Brasschaat - De Uitlegger en omgeving;Brasschaat;Brasschaat;Antwerpen;ObsMapp;J;Goedgekeurd op basis van kennisregels - nabijheid;1980-01-01;3;;3;Dagvlinders;Hesperiidae;2026-07-08;672;S;zeldzaam
310001284;310001284;Aardbeivlinder;Pyrgus malvae;2024-05-17;5;2024-05-17;1;ter plaatse;gezien;imago;onbekend;158756.00415787203;225389.1546747703;4.4944024085998535;51.338226318359375;FS0488;Kapellen/Brasschaat - De Uitlegger en omgeving;Brasschaat;Brasschaat;Antwerpen;ObsMapp;J;Goedgekeurd op basis van kennisregels - nabijheid;1980-01-01;3;;3;Dagvlinders;Hesperiidae;2026-07-08;672;S;zeldzaam
395352302;395352302;Aardbeivlinder;Pyrgus malvae;2026-04-29;4;2026-04-30;1;ter plaatse;gezien;imago;onbekend;158728.96467043698;225265.6014420446;4.494011402130127;51.33711624145508;FS0488;Kapellen/Brasschaat - De Uitlegger en omgeving;Brasschaat;Brasschaat;Antwerpen;ObsMapp;J;Goedgekeurd op basis van kennisregels - nabijheid;1980-01-01;3;;2;Dagvlinders;Hesperiidae;2026-07-08;672;S;zeldzaam
395352298;395352298;Aardbeivlinder;Pyrgus malvae;2026-04-29;4;2026-04-30;1;ter plaatse;gezien;imago;onbekend;158724.9374854296;225308.4614023529;4.493954658508301;51.337501525878906;FS0488;Kapellen/Brasschaat - De Uitlegger en omgeving;Brasschaat;Brasschaat;Antwerpen;ObsMapp;J;Goedgekeurd op basis van kennisregels - nabijheid;1980-01-01;3;;2;Dagvlinders;Hesperiidae;2026-07-08;672;S;zeldzaam
401016284;401016284;Aardbeivlinder;Pyrgus malvae;2026-05-22;5;2026-05-26;1;ter plaatse;gezien;imago;onbekend;158734.0278398858;225356.43670181464;4.494086265563965;51.33793258666992;FS0488;Kapellen/Brasschaat - De Uitlegger en omgeving;Brasschaat;Brasschaat;Antwerpen;ObsMapp;J;Goedgekeurd op basis van kennisregels - nabijheid;1980-01-01;3;;1;Dagvlinders;Hesperiidae;2026-07-08;672;S;zeldzaam
401016371;401016371;Aardbeivlinder;Pyrgus malvae;2026-05-22;5;2026-05-26;1;ter plaatse;gezien;imago;onbekend;158833.6866374997;225298.46073181275;4.495514869689941;51.33740997314453;FS0488;Kapellen/Brasschaat - De Uitlegger en omgeving;Brasschaat;Brasschaat;Antwerpen;ObsMapp;J;Goedgekeurd op basis van kennisregels - nabijheid;1980-01-01;3;;1;Dagvlinders;Hesperiidae;2026-07-08;672;S;zeldzaam
401016291;401016291;Aardbeivlinder;Pyrgus malvae;2026-05-22;5;2026-05-26;1;ter plaatse;gezien;imago;onbekend;158685.0216676691;225331.3127694149;4.493382453918457;51.33770751953125;FS0488;Kapellen/Brasschaat - De Uitlegger en omgeving;Brasschaat;Brasschaat;Antwerpen;ObsMapp;J;Goedgekeurd op basis van kennisregels - nabijheid;1980-01-01;3;;1;Dagvlinders;Hesperiidae;2026-07-08;672;S;zeldzaam
350597786;350597786;Aardbeivlinder;Pyrgus malvae;2025-05-12;5;2025-05-15;1;ter plaatse;gezien;imago;onbekend;158692.66546951685;225330.901250476;4.493492126464844;51.337703704833984;FS0488;Kapellen/Brasschaat - De Uitlegger en omgeving;Brasschaat;Brasschaat;Antwerpen;ObsMapp;J;Goedgekeurd op basis van kennisregels - nabijheid;1980-01-01;3;;3;Dagvlinders;Hesperiidae;2026-07-08;672;S;zeldzaam
395352297;395352297;Aardbeivlinder;Pyrgus malvae;2026-04-29;4;2026-04-30;2;ter plaatse;gezien;imago;onbekend;158725.23539046303;225348.35773701596;4.493959903717041;51.33786010742188;FS0488;Kapellen/Brasschaat - De Uitlegger en omgeving;Brasschaat;Brasschaat;Antwerpen;ObsMapp;J;Goedgekeurd op basis van kennisregels - nabijheid;1980-01-01;3;;2;Dagvlinders;Hesperiidae;2026-07-08;672;S;zeldzaam
395352284;395352284;Aardbeivlinder;Pyrgus malvae;2026-04-29;4;2026-04-30;1;ter plaatse;gezien;imago;Vrouw;158697.21163504533;225334.7287444789;4.493557453155518;51.337738037109375;FS0488;Kapellen/Brasschaat - De Uitlegger en omgeving;Brasschaat;Brasschaat;Antwerpen;ObsMapp;J;Goedgekeurd op basis van kennisregels - nabijheid;1980-01-01;3;;1;Dagvlinders;Hesperiidae;2026-07-08;672;S;zeldzaam
401016340;401016340;Aardbeivlinder;Pyrgus malvae;2026-05-22;5;2026-05-26;1;ter plaatse;gezien;imago;onbekend;158731.41370088328;225271.547526896;4.494046688079834;51.3371696472168;FS0488;Kapellen/Brasschaat - De Uitlegger en omgeving;Brasschaat;Brasschaat;Antwerpen;ObsMapp;J;Goedgekeurd op basis van kennisregels - nabijheid;1980-01-01;3;;1;Dagvlinders;Hesperiidae;2026-07-08;672;S;zeldzaam
395352276;395352276;Aardbeivlinder;Pyrgus malvae;2026-04-29;4;2026-04-30;3;ter plaatse;gezien;imago;onbekend;158691.47991177245;225324.5328924926;4.493474960327148;51.337646484375;FS0488;Kapellen/Brasschaat - De Uitlegger en omgeving;Brasschaat;Brasschaat;Antwerpen;ObsMapp;J;Goedgekeurd op basis van kennisregels - nabijheid;1980-01-01;3;;1;Dagvlinders;Hesperiidae;2026-07-08;672;S;zeldzaam
395352272;395352272;Aardbeivlinder;Pyrgus malvae;2026-04-29;4;2026-04-30;1;ter plaatse;gezien;imago;onbekend;158729.49467840683;225344.96956956573;4.494020938873291;51.33782958984375;FS0488;Kapellen/Brasschaat - De Uitlegger en omgeving;Brasschaat;Brasschaat;Antwerpen;ObsMapp;J;Goedgekeurd op basis van kennisregels - automatische beeldherkenning (NIA);1980-01-01;3;;1;Dagvlinders;Hesperiidae;2026-07-08;672;S;zeldzaam
395352247;395352247;Aardbeivlinder;Pyrgus malvae;2026-04-29;4;2026-04-30;1;ter plaatse;gezien;imago;onbekend;158732.57947869704;225367.8936860785;4.494065761566162;51.338035583496094;FS0488;Kapellen/Brasschaat - De Uitlegger en omgeving;Brasschaat;Brasschaat;Antwerpen;ObsMapp;J;Goedgekeurd op basis van kennisregels - nabijheid;1980-01-01;3;;1;Dagvlinders;Hesperiidae;2026-07-08;672;S;zeldzaam
401016294;401016294;Aardbeivlinder;Pyrgus malvae;2026-05-22;5;2026-05-26;2;ter plaatse;gezien;imago;onbekend;158690.37469382392;225329.6241106959;4.493459224700928;51.33769226074219;FS0488;Kapellen/Brasschaat - De Uitlegger en omgeving;Brasschaat;Brasschaat;Antwerpen;ObsMapp;J;Goedgekeurd op basis van kennisregels - nabijheid;1980-01-01;3;;6;Dagvlinders;Hesperiidae;2026-07-08;672;S;zeldzaam
401016373;401016373;Aardbeivlinder;Pyrgus malvae;2026-05-22;5;2026-05-26;1;ter plaatse;gezien;imago;onbekend;158826.24580126564;225296.75027211104;4.495408058166504;51.33739471435547;FS0488;Kapellen/Brasschaat - De Uitlegger en omgeving;Brasschaat;Brasschaat;Antwerpen;ObsMapp;J;Goedgekeurd op basis van kennisregels - nabijheid;1980-01-01;3;;10;Dagvlinders;Hesperiidae;2026-07-08;672;S;zeldzaam
395352239;395352239;Aardbeivlinder;Pyrgus malvae;2026-04-29;4;2026-04-30;2;ter plaatse;gezien;imago;onbekend;158736.72825657352;225370.8716936214;4.4941253662109375;51.33806228637695;FS0488;Kapellen/Brasschaat - De Uitlegger en omgeving;Brasschaat;Brasschaat;Antwerpen;ObsMapp;J;Goedgekeurd op basis van kennisregels - nabijheid;1980-01-01;3;;1;Dagvlinders;Hesperiidae;2026-07-08;672;S;zeldzaam
395352222;395352222;Aardbeivlinder;Pyrgus malvae;2026-04-29;4;2026-04-30;1;ter plaatse;gezien;imago;onbekend;158757.142658368;225384.0635259608;4.494418621063232;51.33818054199219;FS0488;Kapellen/Brasschaat - De Uitlegger en omgeving;Brasschaat;Brasschaat;Antwerpen;ObsMapp;J;Goedgekeurd op basis van kennisregels - nabijheid;1980-01-01;3;;1;Dagvlinders;Hesperiidae;2026-07-08;672;S;zeldzaam
395352167;395352167;Aardbeivlinder;Pyrgus malvae;2026-04-29;4;2026-04-30;1;ter plaatse;gezien;imago;onbekend;158958.88028156082;225539.74988491277;4.497317314147949;51.339576721191406;FS0488;Kapellen/Brasschaat - De Uitlegger en omgeving;Brasschaat;Brasschaat;Antwerpen;ObsMapp;J;Goedgekeurd op basis van kennisregels - nabijheid;1980-01-01;3;;1;Dagvlinders;Hesperiidae;2026-07-08;672;S;zeldzaam
401016307;401016307;Aardbeivlinder;Pyrgus malvae;2026-05-22;5;2026-05-26;1;ter plaatse;gezien;imago;onbekend;158714.5011573425;225348.76397409383;4.493805885314941;51.33786392211914;FS0488;Kapellen/Brasschaat - De Uitlegger en omgeving;Brasschaat;Brasschaat;Antwerpen;ObsMapp;J;Goedgekeurd op basis van kennisregels - nabijheid;1980-01-01;3;;7;Dagvlinders;Hesperiidae;2026-07-08;672;S;zeldzaam
241730949;241730949;Aardbeivlinder;Pyrgus malvae;2022-05-11;5;2022-05-16;1;ter plaatse;gezien;imago;onbekend;158748.8545645005;225392.1134831207;4.49429988861084;51.3382530212402;FS0488;Kapellen/Brasschaat - De Uitlegger en omgeving;Brasschaat;Brasschaat;Antwerpen;ObsMapp;J;Goedgekeurd op basis van kennisregels - nabijheid;2007-01-01;3;;3;Dagvlinders;Hesperiidae;2026-07-08;672;S;zeldzaam
241730950;241730950;Aardbeivlinder;Pyrgus malvae;2022-05-11;5;2022-05-16;1;ter plaatse;gezien;imago;onbekend;158740.1784677637;225374.27294197303;4.49417495727539;51.3380928039551;FS0488;Kapellen/Brasschaat - De Uitlegger en omgeving;Brasschaat;Brasschaat;Antwerpen;ObsMapp;J;Goedgekeurd op basis van kennisregels - nabijheid;2007-01-01;3;;3;Dagvlinders;Hesperiidae;2026-07-08;672;S;zeldzaam
401016385;401016385;Aardbeivlinder;Pyrgus malvae;2026-05-22;5;2026-05-26;3;ter plaatse;gezien;imago;onbekend;158823.30160438517;225385.87421257145;4.495368003845215;51.33819580078125;FS0488;Kapellen/Brasschaat - De Uitlegger en omgeving;Brasschaat;Brasschaat;Antwerpen;ObsMapp;J;Goedgekeurd op basis van kennisregels - automatische beeldherkenning (NIA);1980-01-01;3;;4;Dagvlinders;Hesperiidae;2026-07-08;672;S;zeldzaam
241730951;241730951;Aardbeivlinder;Pyrgus malvae;2022-05-11;5;2022-05-16;1;ter plaatse;gezien;imago;onbekend;158711.24186112845;225369.97964478284;4.4937596321106;51.3380546569824;FS0488;Kapellen/Brasschaat - De Uitlegger en omgeving;Brasschaat;Brasschaat;Antwerpen;ObsMapp;J;Goedgekeurd op basis van kennisregels - nabijheid;2007-01-01;3;;3;Dagvlinders;Hesperiidae;2026-07-08;672;S;zeldzaam
401016309;401016309;Aardbeivlinder;Pyrgus malvae;2026-05-22;5;2026-05-26;1;ter plaatse;gezien;imago;onbekend;158679.64860299806;225344.88526433427;4.493305683135986;51.33782958984375;FS0488;Kapellen/Brasschaat - De Uitlegger en omgeving;Brasschaat;Brasschaat;Antwerpen;ObsMapp;J;Goedgekeurd op basis van kennisregels - nabijheid;1980-01-01;3;;3;Dagvlinders;Hesperiidae;2026-07-08;672;S;zeldzaam
350597793;350597793;Aardbeivlinder;Pyrgus malvae;2025-05-12;5;2025-05-15;2;ter plaatse;gezien;imago;onbekend;158701.33131151178;225315.6366409073;4.493616104125977;51.33756637573242;FS0488;Kapellen/Brasschaat - De Uitlegger en omgeving;Brasschaat;Brasschaat;Antwerpen;ObsMapp;J;Goedgekeurd op basis van kennisregels - nabijheid;1980-01-01;3;;3;Dagvlinders;Hesperiidae;2026-07-08;672;S;zeldzaam
350597800;350597800;Aardbeivlinder;Pyrgus malvae;2025-05-12;5;2025-05-15;3;ter plaatse;gezien;imago;onbekend;158698.8806002906;225291.0159249818;4.493580341339111;51.337345123291016;FS0488;Kapellen/Brasschaat - De Uitlegger en omgeving;Brasschaat;Brasschaat;Antwerpen;ObsMapp;J;Goedgekeurd op basis van kennisregels - automatische beeldherkenning (NIA);1980-01-01;3;;3;Dagvlinders;Hesperiidae;2026-07-08;672;S;zeldzaam
350597842;350597842;Aardbeivlinder;Pyrgus malvae;2025-05-12;5;2025-05-15;1;ter plaatse;gezien;imago;onbekend;158830.63282519122;225257.7108210353;4.49547004699707;51.33704376220703;FS0488;Kapellen/Brasschaat - De Uitlegger en omgeving;Brasschaat;Brasschaat;Antwerpen;ObsMapp;J;Goedgekeurd op basis van kennisregels - nabijheid;1980-01-01;3;;3;Dagvlinders;Hesperiidae;2026-07-08;672;S;zeldzaam
215797375;215797375;Aardbeivlinder;Pyrgus malvae;2021-06-02;6;2021-06-03;2;ter plaatse;gezien;imago;onbekend;158827.790627441;225384.18421461247;4.49543237686157;51.3381805419922;FS0488;Kapellen/Brasschaat - De Uitlegger en omgeving;Brasschaat;Brasschaat;Antwerpen;ObsMapp;J;Goedgekeurd op basis van kennisregels - nabijheid;2007-01-01;3;Vlinderroute sectie 3;3;Dagvlinders;Hesperiidae;2026-07-08;672;S;zeldzaam
215797372;215797372;Aardbeivlinder;Pyrgus malvae;2021-06-02;6;2021-06-03;1;ter plaatse;gezien;imago;onbekend;158819.2062589076;225390.53585579805;4.49530935287476;51.3382377624512;FS0488;Kapellen/Brasschaat - De Uitlegger en omgeving;Brasschaat;Brasschaat;Antwerpen;ObsMapp;J;Goedgekeurd op basis van kennisregels - nabijheid;2007-01-01;3;Vlinderroute sectie 3;3;Dagvlinders;Hesperiidae;2026-07-08;672;S;zeldzaam
215797364;215797364;Aardbeivlinder;Pyrgus malvae;2021-06-02;6;2021-06-03;1;ter plaatse;gezien;imago;onbekend;158835.6184078218;225295.91750546265;4.49554252624512;51.3373870849609;FS0488;Kapellen/Brasschaat - De Uitlegger en omgeving;Brasschaat;Brasschaat;Antwerpen;ObsMapp;J;Goedgekeurd op basis van kennisregels - nabijheid;2007-01-01;3;Vlinderroute sectie 7;3;Dagvlinders;Hesperiidae;2026-07-08;672;S;zeldzaam
215797363;215797363;Aardbeivlinder;Pyrgus malvae;2021-06-02;6;2021-06-03;1;ter plaatse;gezien;imago;onbekend;158831.54191447335;225289.54415414948;4.49548387527466;51.337329864502;FS0488;Kapellen/Brasschaat - De Uitlegger en omgeving;Brasschaat;Brasschaat;Antwerpen;ObsMapp;J;Goedgekeurd op basis van kennisregels - nabijheid;2007-01-01;3;Vlinderroute sectie 8;3;Dagvlinders;Hesperiidae;2026-07-08;672;S;zeldzaam
241730953;241730953;Aardbeivlinder;Pyrgus malvae;2022-05-11;5;2022-05-16;1;ter plaatse;gezien;imago;onbekend;158701.66930818005;225371.236722406;4.49362230300903;51.3380661010742;FS0488;Kapellen/Brasschaat - De Uitlegger en omgeving;Brasschaat;Brasschaat;Antwerpen;ObsMapp;J;Goedgekeurd op basis van kennisregels - nabijheid;2007-01-01;3;;3;Dagvlinders;Hesperiidae;2026-07-08;672;S;zeldzaam
241730955;241730955;Aardbeivlinder;Pyrgus malvae;2022-05-11;5;2022-05-16;2;ter plaatse;gezien;imago;onbekend;158693.27294375686;225325.38476824388;4.49350070953369;51.3376541137695;FS0488;Kapellen/Brasschaat - De Uitlegger en omgeving;Brasschaat;Brasschaat;Antwerpen;ObsMapp;J;Goedgekeurd op basis van kennisregels - nabijheid;2007-01-01;3;;3;Dagvlinders;Hesperiidae;2026-07-08;672;S;zeldzaam
241730956;241730956;Aardbeivlinder;Pyrgus malvae;2022-05-11;5;2022-05-16;3;ter plaatse;gezien;imago;onbekend;158725.1368711363;225308.4617403625;4.49395751953125;51.3375015258789;FS0488;Kapellen/Brasschaat - De Uitlegger en omgeving;Brasschaat;Brasschaat;Antwerpen;ObsMapp;J;Goedgekeurd op basis van kennisregels - nabijheid;2007-01-01;3;;3;Dagvlinders;Hesperiidae;2026-07-08;672;S;zeldzaam
215797362;215797362;Aardbeivlinder;Pyrgus malvae;2021-06-02;6;2021-06-03;1;ter plaatse;gezien;imago;onbekend;158784.05842155952;225267.8172924267;4.49480199813843;51.3371353149414;FS0488;Kapellen/Brasschaat - De Uitlegger en omgeving;Brasschaat;Brasschaat;Antwerpen;ObsMapp;J;Goedgekeurd op basis van kennisregels - nabijheid;2007-01-01;3;Vlinderroute sectie 9;3;Dagvlinders;Hesperiidae;2026-07-08;672;S;zeldzaam
272947330;272947330;Aardbeivlinder;Pyrgus malvae;2023-05-22;5;2023-05-22;1;ter plaatse;gezien;imago;onbekend;158823.11580796426;225397.333337646;4.495365619659424;51.33829879760742;FS0488;Kapellen/Brasschaat - De Uitlegger en omgeving;Brasschaat;Brasschaat;Antwerpen;ObsMapp;J;Goedgekeurd op basis van kennisregels - nabijheid;1980-01-01;3;;3;Dagvlinders;Hesperiidae;2026-07-08;672;S;zeldzaam
215797361;215797361;Aardbeivlinder;Pyrgus malvae;2021-06-02;6;2021-06-03;1;ter plaatse;gezien;imago;onbekend;158781.89549612178;225269.51129605065;4.49477100372314;51.3371505737305;FS0488;Kapellen/Brasschaat - De Uitlegger en omgeving;Brasschaat;Brasschaat;Antwerpen;ObsMapp;J;Goedgekeurd op basis van kennisregels - nabijheid;2007-01-01;3;Vlinderroute sectie 9;3;Dagvlinders;Hesperiidae;2026-07-08;672;S;zeldzaam
241730957;241730957;Aardbeivlinder;Pyrgus malvae;2022-05-11;5;2022-05-16;1;ter plaatse;gezien;imago;onbekend;158723.64939161987;225303.79055838287;4.49393606185913;51.337459564209;FS0488;Kapellen/Brasschaat - De Uitlegger en omgeving;Brasschaat;Brasschaat;Antwerpen;ObsMapp;J;Goedgekeurd op basis van kennisregels - nabijheid;2007-01-01;3;;3;Dagvlinders;Hesperiidae;2026-07-08;672;S;zeldzaam
241730963;241730963;Aardbeivlinder;Pyrgus malvae;2022-05-11;5;2022-05-16;1;ter plaatse;gezien;imago;onbekend;158833.26975004323;225250.92456791736;4.49550771713257;51.3369827270508;FS0488;Kapellen/Brasschaat - De Uitlegger en omgeving;Brasschaat;Brasschaat;Antwerpen;ObsMapp;J;Goedgekeurd op basis van kennisregels - nabijheid;2007-01-01;3;;3;Dagvlinders;Hesperiidae;2026-07-08;672;S;zeldzaam
241730964;241730964;Aardbeivlinder;Pyrgus malvae;2022-05-11;5;2022-05-16;1;ter plaatse;gezien;imago;onbekend;158836.23478191812;225285.30797175784;4.49555110931396;51.3372917175293;FS0488;Kapellen/Brasschaat - De Uitlegger en omgeving;Brasschaat;Brasschaat;Antwerpen;ObsMapp;J;Goedgekeurd op basis van kennisregels - nabijheid;2007-01-01;3;;3;Dagvlinders;Hesperiidae;2026-07-08;672;S;zeldzaam
215797360;215797360;Aardbeivlinder;Pyrgus malvae;2021-06-02;6;2021-06-03;1;ter plaatse;gezien;imago;onbekend;158740.25600293642;225250.3413546169;4.49417304992676;51.3369789123535;FS0488;Kapellen/Brasschaat - De Uitlegger en omgeving;Brasschaat;Brasschaat;Antwerpen;ObsMapp;J;Goedgekeurd op basis van kennisregels - nabijheid;2007-01-01;3;Vlinderroute sectie 10;3;Dagvlinders;Hesperiidae;2026-07-08;672;S;zeldzaam
215797359;215797359;Aardbeivlinder;Pyrgus malvae;2021-06-02;6;2021-06-03;1;ter plaatse;gezien;imago;onbekend;158735.08128047438;225244.81506296157;4.49409866333008;51.3369293212891;FS0488;Kapellen/Brasschaat - De Uitlegger en omgeving;Brasschaat;Brasschaat;Antwerpen;ObsMapp;J;Goedgekeurd op basis van kennisregels - nabijheid;2007-01-01;3;Vlinderroute sectie 10;3;Dagvlinders;Hesperiidae;2026-07-08;672;S;zeldzaam
401016364;401016364;Aardbeivlinder;Pyrgus malvae;2026-05-22;5;2026-05-26;1;ter plaatse;gezien;imago;onbekend;158826.619846772;225253.03527799065;4.495412349700928;51.33700180053711;FS0488;Kapellen/Brasschaat - De Uitlegger en omgeving;Brasschaat;Brasschaat;Antwerpen;ObsMapp;J;Goedgekeurd op basis van kennisregels - nabijheid;1980-01-01;3;;1;Dagvlinders;Hesperiidae;2026-07-08;672;S;zeldzaam
215797358;215797358;Aardbeivlinder;Pyrgus malvae;2021-06-02;6;2021-06-03;1;ter plaatse;gezien;imago;onbekend;158733.46374661825;225238.4459642908;4.49407529830933;51.3368721008301;FS0488;Kapellen/Brasschaat - De Uitlegger en omgeving;Brasschaat;Brasschaat;Antwerpen;ObsMapp;J;Goedgekeurd op basis van kennisregels - nabijheid;2007-01-01;3;Vlinderroute sectie 10;3;Dagvlinders;Hesperiidae;2026-07-08;672;S;zeldzaam
401016366;401016366;Aardbeivlinder;Pyrgus malvae;2026-05-22;5;2026-05-26;1;ter plaatse;gezien;imago;onbekend;158837.22180221506;225271.7281093886;4.495564937591553;51.3371696472168;FS0488;Kapellen/Brasschaat - De Uitlegger en omgeving;Brasschaat;Brasschaat;Antwerpen;ObsMapp;J;Goedgekeurd op basis van kennisregels - nabijheid;1980-01-01;3;;1;Dagvlinders;Hesperiidae;2026-07-08;672;S;zeldzaam
241730965;241730965;Aardbeivlinder;Pyrgus malvae;2022-05-11;5;2022-05-16;1;ter plaatse;gezien;imago;onbekend;158802.4796520727;225319.62845192105;4.49506759643555;51.3376007080078;FS0488;Kapellen/Brasschaat - De Uitlegger en omgeving;Brasschaat;Brasschaat;Antwerpen;ObsMapp;J;Goedgekeurd op basis van bewijsmateriaal;2007-01-01;3;;3;Dagvlinders;Hesperiidae;2026-07-08;672;S;zeldzaam
401016311;401016311;Aardbeivlinder;Pyrgus malvae;2026-05-22;5;2026-05-26;1;ter plaatse;gezien;imago;onbekend;158677.96170854077;225340.213758572;4.493281364440918;51.33778762817383;FS0488;Kapellen/Brasschaat - De Uitlegger en omgeving;Brasschaat;Brasschaat;Antwerpen;ObsMapp;J;Goedgekeurd op basis van kennisregels - nabijheid;1980-01-01;3;;3;Dagvlinders;Hesperiidae;2026-07-08;672;S;zeldzaam
241730966;241730966;Aardbeivlinder;Pyrgus malvae;2022-05-11;5;2022-05-16;1;ter plaatse;gezien;imago;onbekend;158803.4960164378;225327.69424096492;4.49508237838745;51.3376731872559;FS0488;Kapellen/Brasschaat - De Uitlegger en omgeving;Brasschaat;Brasschaat;Antwerpen;ObsMapp;J;Goedgekeurd op basis van kennisregels - nabijheid;2007-01-01;3;;3;Dagvlinders;Hesperiidae;2026-07-08;672;S;zeldzaam
310001332;310001332;Aardbeivlinder;Pyrgus malvae;2024-05-17;5;2024-05-17;1;ter plaatse;gezien;imago;onbekend;158709.6047536522;225355.54646576385;4.4937357902526855;51.33792495727539;FS0488;Kapellen/Brasschaat - De Uitlegger en omgeving;Brasschaat;Brasschaat;Antwerpen;ObsMapp;J;Goedgekeurd op basis van kennisregels - nabijheid;1980-01-01;3;;3;Dagvlinders;Hesperiidae;2026-07-08;672;S;zeldzaam
272947276;272947276;Aardbeivlinder;Pyrgus malvae;2023-05-22;5;2023-05-22;1;ter plaatse;gezien;imago;onbekend;158727.90595905454;225321.623570106;4.493997573852539;51.33761978149414;FS0488;Kapellen/Brasschaat - De Uitlegger en omgeving;Brasschaat;Brasschaat;Antwerpen;ObsMapp;J;Goedgekeurd op basis van kennisregels - nabijheid;1980-01-01;3;;3;Dagvlinders;Hesperiidae;2026-07-08;672;S;zeldzaam
215797352;215797352;Aardbeivlinder;Pyrgus malvae;2021-06-02;6;2021-06-03;1;ter plaatse;gezien;imago;onbekend;158720.99307064328;225302.51278560705;4.49389791488647;51.3374481201172;FS0488;Kapellen/Brasschaat - De Uitlegger en omgeving;Brasschaat;Brasschaat;Antwerpen;ObsMapp;J;Goedgekeurd op basis van kennisregels - nabijheid;2007-01-01;3;Vlinderroute sectie 12;3;Dagvlinders;Hesperiidae;2026-07-08;672;S;zeldzaam
215797351;215797351;Aardbeivlinder;Pyrgus malvae;2021-06-02;6;2021-06-03;1;ter plaatse;gezien;imago;onbekend;158723.274499154;225309.30743083823;4.49393081665039;51.3375091552734;FS0488;Kapellen/Brasschaat - De Uitlegger en omgeving;Brasschaat;Brasschaat;Antwerpen;ObsMapp;J;Goedgekeurd op basis van kennisregels - nabijheid;2007-01-01;3;Vlinderroute sectie 12;3;Dagvlinders;Hesperiidae;2026-07-08;672;S;zeldzaam
272947254;272947254;Aardbeivlinder;Pyrgus malvae;2023-05-22;5;2023-05-22;1;ter plaatse;gezien;imago;onbekend;158705.71225402763;225338.56293010616;4.493679523468018;51.337772369384766;FS0488;Kapellen/Brasschaat - De Uitlegger en omgeving;Brasschaat;Brasschaat;Antwerpen;ObsMapp;J;Goedgekeurd op basis van kennisregels - nabijheid;1980-01-01;3;;3;Dagvlinders;Hesperiidae;2026-07-08;672;S;zeldzaam
215797350;215797350;Aardbeivlinder;Pyrgus malvae;2021-06-02;6;2021-06-03;1;ter plaatse;gezien;imago;onbekend;158730.5146385156;225331.3897400964;4.49403524398804;51.3377075195313;FS0488;Kapellen/Brasschaat - De Uitlegger en omgeving;Brasschaat;Brasschaat;Antwerpen;ObsMapp;J;Goedgekeurd op basis van kennisregels - nabijheid;2007-01-01;3;Vlinderroute sectie 12;3;Dagvlinders;Hesperiidae;2026-07-08;672;S;zeldzaam
215797349;215797349;Aardbeivlinder;Pyrgus malvae;2021-06-02;6;2021-06-03;1;ter plaatse;gezien;imago;onbekend;158701.1761438491;225328.79351346477;4.49361419677734;51.3376846313477;FS0488;Kapellen/Brasschaat - De Uitlegger en omgeving;Brasschaat;Brasschaat;Antwerpen;ObsMapp;J;Goedgekeurd op basis van kennisregels - nabijheid;2007-01-01;3;Vlinderroute sectie 13;3;Dagvlinders;Hesperiidae;2026-07-08;672;S;zeldzaam
215797348;215797348;Aardbeivlinder;Pyrgus malvae;2021-06-02;6;2021-06-03;1;ter plaatse;gezien;imago;onbekend;158698.38690688403;225327.51552744675;4.49357414245605;51.3376731872559;FS0488;Kapellen/Brasschaat - De Uitlegger en omgeving;Brasschaat;Brasschaat;Antwerpen;ObsMapp;J;Goedgekeurd op basis van kennisregels - nabijheid;2007-01-01;3;Vlinderroute sectie 13;3;Dagvlinders;Hesperiidae;2026-07-08;672;S;zeldzaam
215797345;215797345;Aardbeivlinder;Pyrgus malvae;2021-06-02;6;2021-06-03;1;ter plaatse;gezien;imago;onbekend;158679.41987212352;225362.28625250887;4.49330282211304;51.3379859924316;FS0488;Kapellen/Brasschaat - De Uitlegger en omgeving;Brasschaat;Brasschaat;Antwerpen;ObsMapp;J;Goedgekeurd op basis van kennisregels - nabijheid;2007-01-01;3;Vlinderroute sectie 14;3;Dagvlinders;Hesperiidae;2026-07-08;672;S;zeldzaam
215797344;215797344;Aardbeivlinder;Pyrgus malvae;2021-06-02;6;2021-06-03;1;ter plaatse;gezien;imago;onbekend;158679.6792748398;225366.10650393367;4.4933066368103;51.338020324707;FS0488;Kapellen/Brasschaat - De Uitlegger en omgeving;Brasschaat;Brasschaat;Antwerpen;ObsMapp;J;Goedgekeurd op basis van kennisregels - nabijheid;2007-01-01;3;Vlinderroute sectie 14;3;Dagvlinders;Hesperiidae;2026-07-08;672;S;zeldzaam
350597745;350597745;Aardbeivlinder;Pyrgus malvae;2025-05-12;5;2025-05-15;1;ter plaatse;gezien;imago;onbekend;158830.13562763823;225431.2992859902;4.495467185974121;51.33860397338867;FS0488;Kapellen/Brasschaat - De Uitlegger en omgeving;Brasschaat;Brasschaat;Antwerpen;ObsMapp;J;Goedgekeurd op basis van kennisregels - nabijheid;1980-01-01;3;;3;Dagvlinders;Hesperiidae;2026-07-08;672;S;zeldzaam
215797342;215797342;Aardbeivlinder;Pyrgus malvae;2021-06-02;6;2021-06-03;1;ter plaatse;gezien;imago;onbekend;158722.99526638025;225356.4179912135;4.49392795562744;51.3379325866699;FS0488;Kapellen/Brasschaat - De Uitlegger en omgeving;Brasschaat;Brasschaat;Antwerpen;ObsMapp;J;Goedgekeurd op basis van kennisregels - nabijheid;2007-01-01;3;Vlinderroute sectie 15;3;Dagvlinders;Hesperiidae;2026-07-08;672;S;zeldzaam
350597845;350597845;Aardbeivlinder;Pyrgus malvae;2025-05-12;5;2025-05-15;1;ter plaatse;gezien;imago;onbekend;158820.77918374422;225306.5026456388;4.495329856872559;51.33748245239258;FS0488;Kapellen/Brasschaat - De Uitlegger en omgeving;Brasschaat;Brasschaat;Antwerpen;ObsMapp;J;Goedgekeurd op basis van kennisregels - nabijheid;1980-01-01;3;;3;Dagvlinders;Hesperiidae;2026-07-08;672;S;zeldzaam
350597747;350597747;Aardbeivlinder;Pyrgus malvae;2025-05-12;5;2025-05-15;1;ter plaatse;gezien;imago;onbekend;158790.03429552913;225387.93940948692;4.4948906898498535;51.33821487426758;FS0488;Kapellen/Brasschaat - De Uitlegger en omgeving;Brasschaat;Brasschaat;Antwerpen;ObsMapp;J;Goedgekeurd op basis van kennisregels - nabijheid;1980-01-01;3;;3;Dagvlinders;Hesperiidae;2026-07-08;672;S;zeldzaam
350597859;350597859;Aardbeivlinder;Pyrgus malvae;2025-05-12;5;2025-05-15;1;ter plaatse;gezien;imago;onbekend;158780.4255533266;225410.4174718624;4.494753360748291;51.338417053222656;FS0488;Kapellen/Brasschaat - De Uitlegger en omgeving;Brasschaat;Brasschaat;Antwerpen;ObsMapp;J;Goedgekeurd op basis van kennisregels - nabijheid;1980-01-01;3;;3;Dagvlinders;Hesperiidae;2026-07-08;672;S;zeldzaam
190881168;190881168;Aardbeivlinder;Pyrgus malvae;2020-05-09;5;2020-05-09;3;ter plaatse;onbekend;imago;onbekend;159212.70857389912;225416.6905109892;4.50095653533936;51.3384666442871;FS0488;Brasschaat/Kalmthout - Klein Schietveld;Brasschaat;Brasschaat;Antwerpen;ObsMapp;J;Goedgekeurd op basis van kennisregels - nabijheid;2007-01-01;3;;25;Dagvlinders;Hesperiidae;2026-07-08;672;S;zeldzaam
213538373;213538373;Aardbeivlinder;Pyrgus malvae;2021-05-13;5;2021-05-13;1;ter plaatse;gezien;imago;onbekend;158839.70085484546;225494.51445554104;4.495606;51.339172;FS0488;Kapellen/Brasschaat - De Uitlegger en omgeving;Brasschaat;Brasschaat;Antwerpen;ObsMapp;J;Goedgekeurd op basis van bewijsmateriaal;2007-01-01;4;;5;Dagvlinders;Hesperiidae;2026-07-08;672;S;zeldzaam
190881167;190881167;Aardbeivlinder;Pyrgus malvae;2020-05-09;5;2020-05-09;1;ter plaatse;onbekend;imago;onbekend;159192.65003359542;225465.46341087203;4.50066995620728;51.3389053344727;FS0488;Brasschaat/Kalmthout - Klein Schietveld;Brasschaat;Brasschaat;Antwerpen;ObsMapp;J;Goedgekeurd op basis van kennisregels - nabijheid;2007-01-01;3;;25;Dagvlinders;Hesperiidae;2026-07-08;672;S;zeldzaam
190881164;190881164;Aardbeivlinder;Pyrgus malvae;2020-05-09;5;2020-05-09;1;ter plaatse;onbekend;imago;onbekend;158956.11304248575;226347.00095867552;4.49729776382446;51.3468322753906;FS0489;Brasschaat/Kalmthout - Klein Schietveld;Kapellen;Kapellen;Antwerpen;ObsMapp;J;Goedgekeurd op basis van bewijsmateriaal;2007-01-01;3;;25;Dagvlinders;Hesperiidae;2026-07-08;672;S;zeldzaam
241032386;241032386;Aardbeivlinder;Pyrgus malvae;2022-05-09;5;2022-05-10;1;ter plaatse;onbekend;imago;onbekend;158836.62175967428;225502.6706390269;4.495562016968146;51.339245354804525;FS0488;Kapellen/Brasschaat - De Uitlegger en omgeving;Brasschaat;Brasschaat;Antwerpen;iObs;J;Goedgekeurd op basis van bewijsmateriaal;2007-01-01;3;;5;Dagvlinders;Hesperiidae;2026-07-08;672;S;zeldzaam
190881166;190881166;Aardbeivlinder;Pyrgus malvae;2020-05-09;5;2020-05-09;1;ter plaatse;onbekend;imago;onbekend;159187.59671114568;225485.402318893;4.50059795379639;51.3390846252441;FS0488;Brasschaat/Kalmthout - Klein Schietveld;Brasschaat;Brasschaat;Antwerpen;ObsMapp;J;Goedgekeurd op basis van kennisregels - nabijheid;2007-01-01;3;;25;Dagvlinders;Hesperiidae;2026-07-08;672;S;zeldzaam
190881165;190881165;Aardbeivlinder;Pyrgus malvae;2020-05-09;5;2020-05-09;1;ter plaatse;onbekend;imago;onbekend;159179.16383745652;225499.8176933248;4.50047731399536;51.3392143249512;FS0488;Brasschaat/Kalmthout - Klein Schietveld;Brasschaat;Brasschaat;Antwerpen;ObsMapp;J;Goedgekeurd op basis van kennisregels - nabijheid;2007-01-01;3;;25;Dagvlinders;Hesperiidae;2026-07-08;672;S;zeldzaam
