wn_id;unieke_id;naam_nl;naam_lat;datum;maand;invoerdatum;aantal;gedrag;methode;kleed;geslacht;x;y;lon;lat;utm1;gebied;gemeente;deelgemeente;provincie;typewaarneming;zeker;status;embargo_datum;toestemming_wnr;bijzonderheden;precisie;soortgroep;familie;aanleverdatum;id_species;id_species_type;zeldzaamheid
230330298;230330298;Gewone Grootoorvleermuis;Plecotus auritus;2021-12-07;12;2021-12-07;1;ter plaatse;onbekend;onbekend;onbekend;161166.83909526438;219699.43263707496;4.5288196;51.287045;FS0682;Schoten - Fort;Schoten;Schoten;Antwerpen;ObsIdentify;J;Goedgekeurd op basis van bewijsmateriaal;1980-01-01;4;;15;Zoogdieren;Vespertilionidae;2026-07-08;398;S;vrij algemeen
230082548;230082548;Gewone Grootoorvleermuis;Plecotus auritus;2021-11-29;11;2021-11-30;1;ter plaatse;onbekend;onbekend;onbekend;182068.45755320584;233130.0142201204;4.829607;51.40697;FS2796;Wortel-Kolonie - Zone Noordoost;Hoogstraten;Wortel;Antwerpen;Site;J;Goedgekeurd op basis van bewijsmateriaal;1980-01-01;3;;15;Zoogdieren;Vespertilionidae;2026-07-08;398;S;vrij algemeen
277660403;277660403;Gewone Grootoorvleermuis;Plecotus auritus;2023-06-23;6;2023-06-23;1;ter plaatse;onbekend;onbekend;onbekend;219167.664016301;189626.8209919054;5.3543991944444445;51.01271055555556;FS6553;Houthalen-Helchteren - Traject omleidingsweg;Houthalen-Helchteren;Houthalen;Limburg;ObsIdentify;J;Goedgekeurd op basis van bewijsmateriaal;1980-01-01;4;;999;Zoogdieren;Vespertilionidae;2026-07-08;398;S;vrij algemeen
231111877;231111877;Gewone Grootoorvleermuis;Plecotus auritus;2021-12-26;12;2021-12-27;8;winterslaap;onbekend;onbekend;onbekend;158888.11598602022;224374.76624309365;4.496273;51.329107;FS0487;Brasschaat - Fort;Brasschaat;Brasschaat;Antwerpen;Site;J;Goedgekeurd op basis van bewijsmateriaal;1980-01-01;3;;25;Zoogdieren;Vespertilionidae;2026-07-08;398;S;vrij algemeen
298213576;298213576;Gewone Grootoorvleermuis;Plecotus auritus;2024-02-03;2;2024-02-03;1;winterslaap;onbekend;onbekend;onbekend;224901.50519251652;181592.81479107492;5.434451999999965;50.939786;FS7145;Genk - De Maten - Augustijnenvijver;Diepenbeek;Diepenbeek;Limburg;Site;J;Goedgekeurd op basis van bewijsmateriaal;1980-01-01;3;;8;Zoogdieren;Vespertilionidae;2026-07-08;398;S;vrij algemeen
384925396;384925396;Gewone Grootoorvleermuis;Plecotus auritus;2026-01-27;1;2026-01-27;1;winterslaap;onbekend;adult;onbekend;161222.3804992193;219659.008155277;4.5296144468011335;51.286680576178846;FS0682;Schoten - Fort;Schoten;Schoten;Antwerpen;ObsMapp;J;Goedgekeurd op basis van bewijsmateriaal;1980-01-01;4;;30;Zoogdieren;Vespertilionidae;2026-07-08;398;S;vrij algemeen
380945026;380945026;Gewone Grootoorvleermuis;Plecotus auritus;2025-11-20;11;2025-11-20;1;winterslaap;nestkast;onbekend;onbekend;181355.55824253167;233378.7096250588;4.8193840980529785;51.40924453735352;FS2696;Wortel-Kolonie - Zone Noordwest;Hoogstraten;Wortel;Antwerpen;ObsMapp;J;Goedgekeurd op basis van bewijsmateriaal;1980-01-01;3;k11;3;Zoogdieren;Vespertilionidae;2026-07-08;398;S;vrij algemeen
273173577;273173577;Gewone Grootoorvleermuis;Plecotus auritus;2023-05-24;5;2023-05-24;1;slachtoffer verkeer;gezien;adult;onbekend;187920.05778627505;185381.07452124543;4.908699999999953;50.977435;FS3349;  ;Aarschot;Rillaar;Vlaams-Brabant;Site;J;Goedgekeurd op basis van bewijsmateriaal;1980-01-01;4;;8;Zoogdieren;Vespertilionidae;2026-07-08;398;S;vrij algemeen
337723385;337723385;Gewone Grootoorvleermuis;Plecotus auritus;2025-01-27;1;2025-01-27;1;winterslaap;onbekend;adult;onbekend;160823.66215216438;220186.622813968;4.523915299722222;51.29143049972222;FS0683;Schoten - Fort;Schoten;Schoten;Antwerpen;ObsMapp;J;Goedgekeurd op basis van bewijsmateriaal;1980-01-01;4;;999;Zoogdieren;Vespertilionidae;2026-07-08;398;S;vrij algemeen
251821071;251821071;Gewone Grootoorvleermuis;Plecotus auritus;2022-08-08;8;2022-08-09;20;kraamkolonie;gezien;onbekend;onbekend;215565.33831207277;197115.65860678907;5.304417;51.080441;FS6161;Koersel - Vallei van de Zwarte Beek - Overslag tot Melkpad;Beringen;Koersel;Limburg;ObsMapp;J;Goedgekeurd op basis van bewijsmateriaal;2007-01-01;3;achter het plafond. minstens 10 tegelijk gezien die actief waren_ zitten er nog wel een stuk meer. heb geen zicht op de stukken waar ze uit komen;9;Zoogdieren;Vespertilionidae;2026-07-08;398;S;vrij algemeen
294270644;294270644;Gewone Grootoorvleermuis;Plecotus auritus;2023-12-04;12;2023-12-06;1;winterslaap;onbekend;onbekend;onbekend;152565.1007758741;206196.83016948772;4.40542819;51.16578184;ES9869;Wilrijk - Fort 6;Antwerpen;Wilrijk;Antwerpen;Site;J;Goedgekeurd op basis van bewijsmateriaal;1980-01-01;3;Verdiep 1 en 2 gecontroleerd op vleermuizen. Er overwinterde enkel vleermuizen in de gang op het dak tussen kamer 117 en 118.;10;Zoogdieren;Vespertilionidae;2026-07-08;398;S;vrij algemeen
184733724;184733724;Gewone Grootoorvleermuis;Plecotus auritus;2020-01-24;1;2020-01-24;1;winterslaap;onbekend;onbekend;onbekend;152602.11947820077;206234.7414581552;4.4059577;51.16612244;ES9869;Wilrijk - Fort 6;Antwerpen;Wilrijk;Antwerpen;ObsMapp;J;Goedgekeurd op basis van bewijsmateriaal;2007-01-01;3;;25;Zoogdieren;Vespertilionidae;2026-07-08;398;S;vrij algemeen
235090410;235090410;Gewone Grootoorvleermuis;Plecotus auritus;2022-03-10;3;2022-03-10;1;foeragerend;batdetector;onbekend;onbekend;182053.6716400956;233202.5787199549;4.829401;51.407623;FS2796;Wortel-Kolonie - Zone Noordoost;Hoogstraten;Wortel;Antwerpen;ObsMapp;J;Goedgekeurd op basis van bewijsmateriaal;2007-01-01;3;;13;Zoogdieren;Vespertilionidae;2026-07-08;398;S;vrij algemeen
235090412;235090412;Gewone Grootoorvleermuis;Plecotus auritus;2022-03-10;3;2022-03-10;2;foeragerend;batdetector;onbekend;onbekend;181246.14342719968;233543.1040325407;4.817826;51.410728;FS2697;Wortel-Kolonie - Brandven;Hoogstraten;Wortel;Antwerpen;ObsMapp;J;Goedgekeurd op basis van bewijsmateriaal;2007-01-01;3;;7;Zoogdieren;Vespertilionidae;2026-07-08;398;S;vrij algemeen
243817975;243817975;Gewone Grootoorvleermuis;Plecotus auritus;2022-06-02;6;2022-06-02;42;in kolonie op gebouw;gezien en gehoord;adult;onbekend;169513.31969596018;214427.2640143279;4.648169;51.239435;FS1577;Halle (Zoersel) - Centrum;Zoersel;Halle;Antwerpen;Site;J;Goedgekeurd op basis van bewijsmateriaal;1980-01-01;3;;5;Zoogdieren;Vespertilionidae;2026-07-08;398;S;vrij algemeen
296796448;296796448;Gewone Grootoorvleermuis;Plecotus auritus;2024-01-17;1;2024-01-17;9;winterslaap;gezien;adult;onbekend;209997.0330090587;221401.07609357964;5.228978999999981;51.29932;FS5585;Postel - Eerselseweg noord;Mol;Mol;Antwerpen;Site;J;Goedgekeurd op basis van bewijsmateriaal;1980-01-01;3;;7;Zoogdieren;Vespertilionidae;2026-07-08;398;S;vrij algemeen
230939968;230939968;Gewone Grootoorvleermuis;Plecotus auritus;2021-12-22;12;2021-12-23;1;ter plaatse;gezien;adult;onbekend;220333.7433009016;210998.55690548383;5.3751442;51.204658;FS6575;  ;Overpelt;Overpelt;Limburg;Site;J;Goedgekeurd op basis van bewijsmateriaal;1980-01-01;3;Binnen in huis_ waarschijnlijk via de rolluikkast.;5;Zoogdieren;Vespertilionidae;2026-07-08;398;S;vrij algemeen
383171119;383171119;Gewone Grootoorvleermuis;Plecotus auritus;2025-12-29;12;2025-12-30;3;winterslaap;onbekend;onbekend;onbekend;173063.4654814637;233764.07361790817;4.700241565704346;51.41310119628906;FS1897;Wuustwezel - Ecoduct 'De Munt' (Ontoegankelijk);Wuustwezel;Loenhout;Antwerpen;ObsMapp;J;Goedgekeurd op basis van bewijsmateriaal;1980-01-01;3;Officiële telling ecoduct Loenhout;4;Zoogdieren;Vespertilionidae;2026-07-08;398;S;vrij algemeen
358584290;358584290;Gewone Grootoorvleermuis;Plecotus auritus;2025-06-24;6;2025-06-24;1;in kolonie in bomen;telemetrie;adult;Vrouw;156810.93731798188;212130.94232635293;4.466240406036377;51.219085693359375;FS0275;Deurne - Rivierenhof (Groendomein provincie Antwerpen - regio Antw.);Antwerpen;Deurne;Antwerpen;ObsMapp;J;Goedgekeurd op basis van expertoordeel;1980-01-01;3;Zelfde robinia als gisteren (1806)_ kanaal 150.1130. Holtes van gisteren lichten niet meer op met warmtecamera....;3;Zoogdieren;Vespertilionidae;2026-07-08;398;S;vrij algemeen
287072883;287072883;Gewone Grootoorvleermuis;Plecotus auritus;2023-09-06;9;2023-09-06;1;ter plaatse;onbekend;onbekend;onbekend;157561.026207261;212040.25795246847;4.476974308490753;51.2182611868961;FS0375;Deurne - Rivierenhof (Groendomein provincie Antwerpen - regio Antw.);Antwerpen;Deurne;Antwerpen;Site;J;Goedgekeurd op basis van bewijsmateriaal;1980-01-01;3;;5;Zoogdieren;Vespertilionidae;2026-07-08;398;S;vrij algemeen
341109657;341109657;Gewone Grootoorvleermuis;Plecotus auritus;2025-03-14;3;2025-03-14;1;ter plaatse;nestkast;onbekend;onbekend;150717.34819320834;204657.5026068129;4.379008769989014;51.15195083618164;ES9667;Wilrijk - Hof Ter Beke;Antwerpen;Wilrijk;Antwerpen;ObsMapp;J;Goedgekeurd op basis van bewijsmateriaal;1980-01-01;3;k2;3;Zoogdieren;Vespertilionidae;2026-07-08;398;S;vrij algemeen
380945022;380945022;Gewone Grootoorvleermuis;Plecotus auritus;2025-11-20;11;2025-11-20;5;winterslaap;nestkast;onbekend;onbekend;181330.6973577248;233412.93856685888;4.819029808044434;51.40955352783203;FS2696;Wortel-Kolonie - Zone Noordwest;Hoogstraten;Wortel;Antwerpen;ObsMapp;J;Goedgekeurd op basis van expertoordeel;1980-01-01;3;k24;3;Zoogdieren;Vespertilionidae;2026-07-08;398;S;vrij algemeen
295275319;295275319;Gewone Grootoorvleermuis;Plecotus auritus;2023-12-26;12;2023-12-29;2;winterslaap;gezien;adult;onbekend;209995.9555886137;221405.7344766008;5.228964327980066;51.29936197948874;FS5585;Postel - Eerselseweg noord;Mol;Mol;Antwerpen;Site;J;Goedgekeurd op basis van bewijsmateriaal;1980-01-01;3;;15;Zoogdieren;Vespertilionidae;2026-07-08;398;S;vrij algemeen
230715306;230715306;Gewone Grootoorvleermuis;Plecotus auritus;2021-12-13;12;2021-12-18;4;winterslaap;onbekend;onbekend;onbekend;152562.27648775032;206222.8795909556;4.405388;51.166016;ES9869;Wilrijk - Fort 6;Antwerpen;Wilrijk;Antwerpen;copied observation;J;Goedgekeurd op basis van bewijsmateriaal;2007-01-01;3;Met Rens en Warre.;999;Zoogdieren;Vespertilionidae;2026-07-08;398;S;vrij algemeen
293689335;293689335;Gewone Grootoorvleermuis;Plecotus auritus;2023-11-22;11;2023-11-23;1;ter plaatse;gezien;onbekend;onbekend;198779.51793346184;195262.51441499777;5.064640402597433;51.0654433534298;FS4459;Tessenderlo - Groenpoort - Liebroek;Tessenderlo;Tessenderlo;Limburg;Site;J;Goedgekeurd op basis van bewijsmateriaal;1980-01-01;3;;5;Zoogdieren;Vespertilionidae;2026-07-08;398;S;vrij algemeen
233371786;233371786;Gewone Grootoorvleermuis;Plecotus auritus;2022-02-05;2;2022-02-05;1;winterslaap;onbekend;onbekend;onbekend;157804.09506872372;208492.0950129414;4.48037642;51.18636547;FS0371;Borsbeek/Mortsel - Fort 3;Borsbeek;Borsbeek;Antwerpen;Site;J;Goedgekeurd op basis van bewijsmateriaal;1980-01-01;3;Fortentelweekend;100;Zoogdieren;Vespertilionidae;2026-07-08;398;S;vrij algemeen
213597496;213597496;Gewone Grootoorvleermuis;Plecotus auritus;2021-05-11;5;2021-05-13;1;ter plaatse;onbekend;adult;onbekend;163185.31275284349;210327.19966775272;4.557409;51.202762;FS0873;Ranst - Zevenbergen;Ranst;Ranst;Antwerpen;Site;J;Goedgekeurd op basis van bewijsmateriaal;1980-01-01;3;;15;Zoogdieren;Vespertilionidae;2026-07-08;398;S;vrij algemeen
302074668;302074668;Gewone Grootoorvleermuis;Plecotus auritus;2024-03-25;3;2024-03-25;1;ter plaatse;gezien;adult;onbekend;216235.03010019384;216244.090218192;5.317462999999975;51.252288;FS6180;Lommel - Vossemeren;Lommel;Lommel;Limburg;iObs;J;Goedgekeurd op basis van bewijsmateriaal;1980-01-01;3;tragus met lichte punt_ duim langer dan 6 mm____hing tegen een boom te slapen;4;Zoogdieren;Vespertilionidae;2026-07-08;398;S;vrij algemeen
384878518;384878518;Gewone Grootoorvleermuis;Plecotus auritus;2026-01-25;1;2026-01-26;1;winterslaap;onbekend;adult;onbekend;154021.32154771796;226398.5914497953;4.426473999999985;51.347352;ES9989;Kapellen - Ertbrandbos - Fort;Kapellen;Kapellen;Antwerpen;Site;J;Goedgekeurd op basis van bewijsmateriaal;1980-01-01;3;;999;Zoogdieren;Vespertilionidae;2026-07-08;398;S;vrij algemeen
298027417;298027417;Gewone Grootoorvleermuis;Plecotus auritus;2024-01-31;1;2024-01-31;2;winterslaap;onbekend;onbekend;onbekend;157565.45098024898;212053.05569916125;4.4770379066467285;51.21837615966797;FS0375;Deurne - Rivierenhof (Groendomein provincie Antwerpen - regio Antw.);Antwerpen;Deurne;Antwerpen;ObsMapp;J;Goedgekeurd op basis van bewijsmateriaal;1980-01-01;3;;5;Zoogdieren;Vespertilionidae;2026-07-08;398;S;vrij algemeen
358370258;358370258;Gewone Grootoorvleermuis;Plecotus auritus;2025-06-23;6;2025-06-23;1;in kolonie in bomen;telemetrie;adult;Vrouw;156807.6012741982;212134.33314017765;4.466192722320557;51.2191162109375;FS0275;Deurne - Rivierenhof (Groendomein provincie Antwerpen - regio Antw.);Antwerpen;Deurne;Antwerpen;ObsMapp;J;Goedgekeurd op basis van expertoordeel;1980-01-01;3;Zelfde boom als gisteren: Robinia (1806)_ kanaal 150.1130. Holte heeft twee ingangen.;3;Zoogdieren;Vespertilionidae;2026-07-08;398;S;vrij algemeen
224531946;224531946;Gewone Grootoorvleermuis;Plecotus auritus;2021-08-20;8;2021-09-02;1;dood;onbekend;adult;Man;195066.92589398424;178341.04743048176;5.009594;50.913641;FS4142;  ;Kortenaken;Waanrode;Vlaams-Brabant;Site;J;Goedgekeurd op basis van bewijsmateriaal;1980-01-01;3;Dood gevonden in tuin.;20;Zoogdieren;Vespertilionidae;2026-07-08;398;S;vrij algemeen
261146727;261146727;Gewone Grootoorvleermuis;Plecotus auritus;2022-12-26;12;2022-12-27;1;winterslaap;gezien;onbekend;onbekend;158834.14588500356;224426.965425089;4.495499999999993;51.329577;FS0487;Brasschaat - Fort;Brasschaat;Brasschaat;Antwerpen;Site;J;Goedgekeurd op basis van bewijsmateriaal;1980-01-01;3;;15;Zoogdieren;Vespertilionidae;2026-07-08;398;S;vrij algemeen
185136312;185136312;Gewone Grootoorvleermuis;Plecotus auritus;2020-02-02;2;2020-02-04;1;ter plaatse;gezien;adult;onbekend;154039.0592289458;226436.10020983496;4.426729;51.347689;ES9989;Kapellen - Ertbrandbos - Fort;Kapellen;Kapellen;Antwerpen;Site;J;Goedgekeurd op basis van bewijsmateriaal;1980-01-01;4;;25;Zoogdieren;Vespertilionidae;2026-07-08;398;S;vrij algemeen
298324415;298324415;Gewone Grootoorvleermuis;Plecotus auritus;2024-02-05;2;2024-02-05;1;winterslaap;onbekend;onbekend;onbekend;152569.35424876222;206217.75775756687;4.40548915;51.16596993;ES9869;Wilrijk - Fort 6;Antwerpen;Wilrijk;Antwerpen;Site;J;Goedgekeurd op basis van bewijsmateriaal;1980-01-01;3;;100;Zoogdieren;Vespertilionidae;2026-07-08;398;S;vrij algemeen
225861507;225861507;Gewone Grootoorvleermuis;Plecotus auritus;2021-09-19;9;2021-09-19;1;zwermend (aan winterverblijf);vangst;adult;Man;150606.48459401968;206220.10153671447;4.37742710113525;51.1659965515137;ES9669;Wilrijk - Fort 7;Antwerpen;Wilrijk;Antwerpen;ObsMapp;J;Goedgekeurd op basis van bewijsmateriaal;2007-01-01;3;;10;Zoogdieren;Vespertilionidae;2026-07-08;398;S;vrij algemeen
193303238;193303238;Gewone Grootoorvleermuis;Plecotus auritus;2020-05-29;5;2020-06-05;9;kraamkolonie;gezien;adult;onbekend;182056.02173272197;233208.49039524145;4.8294353;51.407676;FS2796;Wortel-Kolonie - Zone Noordoost;Hoogstraten;Wortel;Antwerpen;Site;J;Goedgekeurd op basis van bewijsmateriaal;1980-01-01;3;;15;Zoogdieren;Vespertilionidae;2026-07-08;398;S;vrij algemeen
225861510;225861510;Gewone Grootoorvleermuis;Plecotus auritus;2021-09-18;9;2021-09-19;1;zwermend (aan winterverblijf);vangst;adult;onbekend;150620.59799492644;206182.33228155127;4.37762880325317;51.165657043457;ES9669;Wilrijk - Fort 7;Antwerpen;Wilrijk;Antwerpen;ObsMapp;J;Goedgekeurd op basis van bewijsmateriaal;2007-01-01;3;;4;Zoogdieren;Vespertilionidae;2026-07-08;398;S;vrij algemeen
225861511;225861511;Gewone Grootoorvleermuis;Plecotus auritus;2021-09-18;9;2021-09-19;1;zwermend (aan winterverblijf);vangst;adult;Man;150619.6974974268;206181.90777207445;4.3776159286499;51.1656532287598;ES9669;Wilrijk - Fort 7;Antwerpen;Wilrijk;Antwerpen;ObsMapp;J;Goedgekeurd op basis van bewijsmateriaal;2007-01-01;3;;6;Zoogdieren;Vespertilionidae;2026-07-08;398;S;vrij algemeen
358147389;358147389;Gewone Grootoorvleermuis;Plecotus auritus;2025-06-22;6;2025-06-22;1;in kolonie in bomen;telemetrie;adult;Vrouw;156809.43867798266;212130.51594256144;4.466218948364258;51.21908187866211;FS0275;Deurne - Rivierenhof (Groendomein provincie Antwerpen - regio Antw.);Antwerpen;Deurne;Antwerpen;ObsMapp;J;Goedgekeurd op basis van expertoordeel;1980-01-01;3;Robinia (1806)_ kanaal 150.1130;3;Zoogdieren;Vespertilionidae;2026-07-08;398;S;vrij algemeen
183831708;183831708;Gewone Grootoorvleermuis;Plecotus auritus;2020-01-04;1;2020-01-04;14;winterslaap;gezien;onbekend;onbekend;185095.05154591348;224944.76381306443;4.8723013;51.333227;FS3088;Beerse - Velderheide-Terca Nova;Beerse;Beerse;Antwerpen;Site;J;Goedgekeurd op basis van bewijsmateriaal;1980-01-01;3;tp vleermuisbject van de gemeente Beerse (niet vrij toegankelijk)_ object gerealiseerd via Projectsubsidie Natuur. Determinatie door Frank Van Gorp.;7;Zoogdieren;Vespertilionidae;2026-07-08;398;S;vrij algemeen
194903053;194903053;Gewone Grootoorvleermuis;Plecotus auritus;2020-06-21;6;2020-06-25;1;in kolonie in bomen;batdetector;onbekend;onbekend;156702.37195660625;211461.1429830473;4.46467407;51.21306655;FS0274;Deurne - Rivierenhof (Groendomein provincie Antwerpen - regio Antw.);Antwerpen;Deurne;Antwerpen;Site;J;Goedgekeurd op basis van expertoordeel;1980-01-01;3;Kolonie ontdekt in grote spleet_ bovenin afgeknapte populier. Koloniegrootte en soortdeterminatie volgt (hopelijk) nog!_EDIT: Na pers. com. met Kris Boers blijkt het te gaan om Plecotus'en (29-06-2020).;10;Zoogdieren;Vespertilionidae;2026-07-08;398;S;vrij algemeen
195236029;195236029;Gewone Grootoorvleermuis;Plecotus auritus;2020-06-28;6;2020-06-29;10;in kolonie in bomen;onbekend;onbekend;onbekend;156696.0709816256;211454.82110309973;4.46458378;51.2130098;FS0274;Deurne - Rivierenhof (Groendomein provincie Antwerpen - regio Antw.);Antwerpen;Deurne;Antwerpen;Site;J;Goedgekeurd op basis van bewijsmateriaal;1980-01-01;3;Opnames gemaakt samen met Kris Boers. Een tiental dieren vlogen uit een scheur_ hoog in de afgebroken Populier. De eerste vloog uit om 22:34h_ zeven andere dieren volgden binnen de 4 minuten_ de twee laatste lieten nog enkele minuten op zich wachten. Opnames gemaakt tot 23:15h (ongeveer)._Nogmaals bedankt_ Kris!_EDIT: Na pers. com. met Kris Boers blijkt het te gaan om Plecotus'en (29-06-2020).;10;Zoogdieren;Vespertilionidae;2026-07-08;398;S;vrij algemeen
289642577;289642577;Gewone Grootoorvleermuis;Plecotus auritus;2020-08-23;8;2023-10-04;1;ter plaatse;onbekend;onbekend;onbekend;186428.8483417148;208975.9440270392;4.889827999999966;51.189616;FS3272;  ;Olen;Olen;Antwerpen;Site;J;Goedgekeurd op basis van bewijsmateriaal;1980-01-01;3;;15;Zoogdieren;Vespertilionidae;2026-07-08;398;S;vrij algemeen
198997476;198997476;Gewone Grootoorvleermuis;Plecotus auritus;2020-08-23;8;2020-08-24;1;ter plaatse;gezien;adult;onbekend;186424.71389388823;209003.1727096504;4.8897716;51.189861;FS3272;  ;Olen;Olen;Antwerpen;Site;J;Goedgekeurd op basis van bewijsmateriaal;1980-01-01;3;;5;Zoogdieren;Vespertilionidae;2026-07-08;398;S;vrij algemeen
300642931;300642931;Gewone Grootoorvleermuis;Plecotus auritus;2024-03-10;3;2024-03-10;1;ter plaatse;onbekend;adult;onbekend;169084.73256992784;188247.4496919932;4.640656000000035;51.004128;FS1551;Keerbergen - Vossenkot;Keerbergen;Keerbergen;Vlaams-Brabant;ObsIdentify;J;Goedgekeurd op basis van bewijsmateriaal;1980-01-01;3;;999;Zoogdieren;Vespertilionidae;2026-07-08;398;S;vrij algemeen
376038893;376038893;Gewone Grootoorvleermuis;Plecotus auritus;2025-10-12;10;2025-10-12;1;ter plaatse;onbekend;onbekend;onbekend;155292.0551148318;207188.30420588705;4.444428333333334;51.174675;FS0070;  ;Mortsel;Mortsel;Antwerpen;ObsIdentify;J;Goedgekeurd op basis van bewijsmateriaal;1980-01-01;3;;14;Zoogdieren;Vespertilionidae;2026-07-08;398;S;vrij algemeen
357251727;357251727;Gewone Grootoorvleermuis;Plecotus auritus;2025-06-17;6;2025-06-18;40;in kolonie op gebouw;onbekend;onbekend;onbekend;169493.97068143424;214428.3036254719;4.647892;51.239445;FS1577;Halle (Zoersel) - Centrum;Zoersel;Halle;Antwerpen;Meetnetten.be;J;Goedgekeurd op basis van expertoordeel;2026-06-16;3;meetnetten.be: life stage: unknown_ activity: colony on building;10;Zoogdieren;Vespertilionidae;2026-07-08;398;S;vrij algemeen
331693191;331693191;Gewone Grootoorvleermuis;Plecotus auritus;2024-10-22;10;2024-10-22;7;in kolonie op gebouw;onbekend;adult;onbekend;176273.7557220619;198850.88688388653;4.743841599722222;51.09915869972222;FS2262;Hallaar - Grote Netevallei - Pinzieleke;Heist-op-den-Berg;Itegem;Antwerpen;ObsIdentify;J;Goedgekeurd op basis van bewijsmateriaal;1980-01-01;3;;999;Zoogdieren;Vespertilionidae;2026-07-08;398;S;vrij algemeen
184818856;184818856;Gewone Grootoorvleermuis;Plecotus auritus;2020-01-26;1;2020-01-26;2;winterslaap;gezien;onbekend;onbekend;167342.6024442135;187660.0825662911;4.615808;50.998903;FS1350;Keerbergen - Broekelei;Keerbergen;Keerbergen;Vlaams-Brabant;Site;J;Goedgekeurd op basis van bewijsmateriaal;1980-01-01;3;;25;Zoogdieren;Vespertilionidae;2026-07-08;398;S;vrij algemeen
184818969;184818969;Gewone Grootoorvleermuis;Plecotus auritus;2020-01-25;1;2020-01-26;2;winterslaap;gezien;onbekend;onbekend;167634.05252442023;187560.3850541683;4.619955;50.997998;FS1350;Keerbergen - Broekelei;Keerbergen;Keerbergen;Vlaams-Brabant;Site;J;Goedgekeurd op basis van bewijsmateriaal;1980-01-01;3;;15;Zoogdieren;Vespertilionidae;2026-07-08;398;S;vrij algemeen
262497478;262497478;Gewone Grootoorvleermuis;Plecotus auritus;2023-01-22;1;2023-01-22;1;winterslaap;onbekend;onbekend;onbekend;168023.73258843413;187036.754131062;4.625480175018311;50.99327903798895;FS1450;  ;Keerbergen;Keerbergen;Vlaams-Brabant;Site;J;Goedgekeurd op basis van bewijsmateriaal;1980-01-01;3;;30;Zoogdieren;Vespertilionidae;2026-07-08;398;S;vrij algemeen
233396029;233396029;Gewone Grootoorvleermuis;Plecotus auritus;2022-01-30;1;2022-02-06;1;winterslaap;gezien;adult;onbekend;153982.99177985993;226409.01993245815;4.425924;51.347446;ES9989;Kapellen - Ertbrandbos - Fort;Kapellen;Kapellen;Antwerpen;ObsMapp;J;Goedgekeurd op basis van bewijsmateriaal;2007-01-01;3;;999;Zoogdieren;Vespertilionidae;2026-07-08;398;S;vrij algemeen
233370505;233370505;Gewone Grootoorvleermuis;Plecotus auritus;2022-02-05;2;2022-02-05;1;winterslaap;onbekend;onbekend;onbekend;157687.1857040761;208556.4370026244;4.47870567440987;51.1869453852294;FS0371;Borsbeek/Mortsel - Fort 3;Borsbeek;Borsbeek;Antwerpen;ObsMapp;J;Goedgekeurd op basis van bewijsmateriaal;2007-01-01;3;;25;Zoogdieren;Vespertilionidae;2026-07-08;398;S;vrij algemeen
385179116;385179116;Gewone Grootoorvleermuis;Plecotus auritus;2026-02-01;2;2026-02-01;1;winterslaap;onbekend;onbekend;onbekend;168756.28219219446;183379.3911656635;4.635726587881893;50.960379317827815;FS1446;Haacht - Schorisgat;Haacht;Wespelaar;Vlaams-Brabant;ObsIdentify;J;Goedgekeurd op basis van bewijsmateriaal;1980-01-01;3;;88;Zoogdieren;Vespertilionidae;2026-07-08;398;S;vrij algemeen
298280369;298280369;Gewone Grootoorvleermuis;Plecotus auritus;2024-02-04;2;2024-02-04;3;winterslaap;onbekend;onbekend;onbekend;154537.2151569083;206368.0792025784;4.433624446392059;51.16730884333048;FS0069;Edegem - Fort 5;Edegem;Edegem;Antwerpen;ObsMapp;J;Goedgekeurd op basis van bewijsmateriaal;1980-01-01;3;;50;Zoogdieren;Vespertilionidae;2026-07-08;398;S;vrij algemeen
199282795;199282795;Gewone Grootoorvleermuis;Plecotus auritus;2020-08-30;8;2020-08-30;20;in kolonie in bomen;gezien;adult;onbekend;182165.9561087428;233285.28029263575;4.831022;51.40836;FS2796;Wortel-Kolonie - Zone Noordoost;Hoogstraten;Wortel;Antwerpen;ObsMapp;J;Goedgekeurd op basis van bewijsmateriaal;2007-01-01;3;;25;Zoogdieren;Vespertilionidae;2026-07-08;398;S;vrij algemeen
350100545;350100545;Gewone Grootoorvleermuis;Plecotus auritus;2025-05-09;5;2025-05-13;6;ter plaatse;zichtkijker;onbekend;onbekend;169418.0812198155;199685.43692343216;4.646015167236328;51.10693147927036;FS1563;  ;Berlaar;Berlaar;Antwerpen;Site;J;Goedgekeurd op basis van expertoordeel;1980-01-01;3;;7;Zoogdieren;Vespertilionidae;2026-07-08;398;S;vrij algemeen
356686946;356686946;Gewone Grootoorvleermuis;Plecotus auritus;2025-06-15;6;2025-06-15;2;in kolonie op gebouw;onbekend;onbekend;onbekend;156030.15415483728;199507.05252714452;4.454854130744934;51.10562356552715;FS0162;  ;Kontich;Waarloos;Antwerpen;ObsMapp;J;Goedgekeurd op basis van expertoordeel;1980-01-01;3;;50;Zoogdieren;Vespertilionidae;2026-07-08;398;S;vrij algemeen
248929751;248929751;Gewone Grootoorvleermuis;Plecotus auritus;2022-07-13;7;2022-07-13;18;in kolonie anders;gezien;adult;onbekend;182321.23488336283;233257.7667736318;4.833251;51.408104;FS2796;Wortel-Kolonie - Zone Noordoost;Hoogstraten;Wortel;Antwerpen;ObsMapp;J;Goedgekeurd op basis van expertoordeel;2007-01-01;3;;4;Zoogdieren;Vespertilionidae;2026-07-08;398;S;vrij algemeen
400329194;400329194;Gewone Grootoorvleermuis;Plecotus auritus;2026-05-22;5;2026-05-23;6;ter plaatse;gezien;onbekend;onbekend;161308.29654124496;185541.2435099436;4.5297809690237045;50.98000609543929;FS0748;  ;Boortmeerbeek;Hever;Vlaams-Brabant;ObsMapp;J;Goedgekeurd op basis van bewijsmateriaal;1980-01-01;3;;5;Zoogdieren;Vespertilionidae;2026-07-08;398;S;vrij algemeen
262847219;262847219;Gewone Grootoorvleermuis;Plecotus auritus;2023-01-29;1;2023-01-29;1;winterslaap;onbekend;onbekend;onbekend;153986.4728314125;226410.7304936638;4.42597398;51.34746135;ES9989;Kapellen - Ertbrandbos - Fort;Kapellen;Kapellen;Antwerpen;Site;J;Goedgekeurd op basis van bewijsmateriaal;1980-01-01;3;;10;Zoogdieren;Vespertilionidae;2026-07-08;398;S;vrij algemeen
338101933;338101933;Gewone Grootoorvleermuis;Plecotus auritus;2025-02-02;2;2025-02-02;1;ter plaatse;onbekend;onbekend;onbekend;154450.7485205543;206525.8770983964;4.4323902;51.1687279;FS0069;Edegem - Fort 5;Edegem;Edegem;Antwerpen;ObsIdentify;J;Goedgekeurd op basis van expertoordeel;1980-01-01;3;;999;Zoogdieren;Vespertilionidae;2026-07-08;398;S;vrij algemeen
185065813;185065813;Gewone Grootoorvleermuis;Plecotus auritus;2020-02-01;2;2020-02-03;1;winterslaap;gezien;adult;onbekend;156430.08528425414;204264.25344840623;4.46064901351929;51.148380279541;FS0267;  ;Edegem;Edegem;Antwerpen;ObsMapp;J;Goedgekeurd op basis van bewijsmateriaal;2007-01-01;3;;25;Zoogdieren;Vespertilionidae;2026-07-08;398;S;vrij algemeen
245374199;245374199;Gewone Grootoorvleermuis;Plecotus auritus;2022-06-14;6;2022-06-14;1;ter plaatse;gezien;onbekend;onbekend;206177.28200749803;180152.96938034703;5.16784713888889;50.9289588888889;FS5244;  ;Herk-de-Stad;Herk-de-Stad;Limburg;ObsMapp;J;Goedgekeurd op basis van bewijsmateriaal;2007-01-01;3;;999;Zoogdieren;Vespertilionidae;2026-07-08;398;S;vrij algemeen
219329065;219329065;Gewone Grootoorvleermuis;Plecotus auritus;2021-07-07;7;2021-07-08;2;ter plaatse;gezien en gehoord;onbekend;onbekend;183398.4653321698;215583.8869884126;4.847093;51.249193;FS2879;Lille - Dingdongen;Lille;Lille;Antwerpen;Site;J;Goedgekeurd op basis van bewijsmateriaal;1980-01-01;3;;5;Zoogdieren;Vespertilionidae;2026-07-08;398;S;vrij algemeen
403593386;403593386;Gewone Grootoorvleermuis;Plecotus auritus;2026-06-07;6;2026-06-07;1;ter plaatse;onbekend;adult;onbekend;156580.77853088704;220486.28414939344;4.463099241256714;51.29418830923672;FS0283;Brasschaat - Friling;Brasschaat;Brasschaat;Antwerpen;Site;J;Goedgekeurd op basis van bewijsmateriaal;1980-01-01;3;;7;Zoogdieren;Vespertilionidae;2026-07-08;398;S;vrij algemeen
263135322;263135322;Gewone Grootoorvleermuis;Plecotus auritus;2023-02-04;2;2023-02-04;5;winterslaap;onbekend;onbekend;onbekend;157686.7964943999;208551.38716594875;4.4787;51.1869;FS0371;Borsbeek/Mortsel - Fort 3;Borsbeek;Borsbeek;Antwerpen;ObsMapp;J;Goedgekeurd op basis van bewijsmateriaal;1980-01-01;3;;999;Zoogdieren;Vespertilionidae;2026-07-08;398;S;vrij algemeen
233388456;233388456;Gewone Grootoorvleermuis;Plecotus auritus;2022-02-06;2;2022-02-06;1;winterslaap;onbekend;onbekend;onbekend;170613.66184092083;183682.5655701058;4.66218097;50.96304144;FS1647;Haacht - Haachts Broek;Haacht;Tildonk;Vlaams-Brabant;ObsIdentify;J;Goedgekeurd op basis van bewijsmateriaal;1980-01-01;3;;40;Zoogdieren;Vespertilionidae;2026-07-08;398;S;vrij algemeen
323101705;323101705;Gewone Grootoorvleermuis;Plecotus auritus;2024-08-06;8;2024-08-06;3;ter plaatse;onbekend;onbekend;onbekend;169416.37998854415;199688.2584378468;4.645991027355194;51.10695689827994;FS1563;  ;Berlaar;Berlaar;Antwerpen;Site;J;Goedgekeurd op basis van bewijsmateriaal;1980-01-01;3;;4;Zoogdieren;Vespertilionidae;2026-07-08;398;S;vrij algemeen
337698407;337698407;Gewone Grootoorvleermuis;Plecotus auritus;2025-01-25;1;2025-01-26;1;winterslaap;onbekend;onbekend;onbekend;150592.67751211923;206002.38268121425;4.377229325473309;51.16403958331738;ES9668;Wilrijk - Fort 7;Antwerpen;Wilrijk;Antwerpen;ObsMapp;J;Goedgekeurd op basis van bewijsmateriaal;1980-01-01;3;;5;Zoogdieren;Vespertilionidae;2026-07-08;398;S;vrij algemeen
338101917;338101917;Gewone Grootoorvleermuis;Plecotus auritus;2025-02-02;2;2025-02-02;1;ter plaatse;onbekend;onbekend;onbekend;154450.7485205543;206525.8770983964;4.4323902;51.1687279;FS0069;Edegem - Fort 5;Edegem;Edegem;Antwerpen;ObsIdentify;J;Goedgekeurd op basis van bewijsmateriaal;1980-01-01;3;;999;Zoogdieren;Vespertilionidae;2026-07-08;398;S;vrij algemeen
373857079;373857079;Gewone Grootoorvleermuis;Plecotus auritus;2025-09-24;9;2025-09-24;3;ter plaatse;onbekend;onbekend;onbekend;156596.329838428;220433.37938509323;4.463321208953857;51.2937126159668;FS0283;Brasschaat - Friling;Brasschaat;Brasschaat;Antwerpen;ObsMapp;J;Goedgekeurd op basis van bewijsmateriaal;1980-01-01;3;;5;Zoogdieren;Vespertilionidae;2026-07-08;398;S;vrij algemeen
327705121;327705121;Gewone Grootoorvleermuis;Plecotus auritus;2024-09-10;9;2024-09-10;2;in kolonie anders;onbekend;onbekend;onbekend;181880.4166936336;233301.70643019304;4.826920032501221;51.40852355957031;FS2796;Wortel-Kolonie - Bootjesven;Hoogstraten;Wortel;Antwerpen;ObsMapp;J;Goedgekeurd op basis van bewijsmateriaal;1980-01-01;3;In zelfbouw houten platte kast_ in gebouw;3;Zoogdieren;Vespertilionidae;2026-07-08;398;S;vrij algemeen
328270068;328270068;Gewone Grootoorvleermuis;Plecotus auritus;2024-09-16;9;2024-09-16;8;ter plaatse;onbekend;onbekend;onbekend;180521.9185463132;241576.94294218067;4.808101999999963;51.48297;FT2505;Meerle - Elsakker;Hoogstraten;Meerle;Antwerpen;ObsIdentify;J;Goedgekeurd op basis van bewijsmateriaal;1980-01-01;3;;999;Zoogdieren;Vespertilionidae;2026-07-08;398;S;vrij algemeen
348261161;348261161;Gewone Grootoorvleermuis;Plecotus auritus;2025-04-22;4;2025-05-03;1;dood;onbekend;onbekend;onbekend;183936.51242749605;216733.71589461344;4.8549067;51.2594963;FS2980;Lille - Klophamer;Lille;Gierle;Antwerpen;ObsIdentify;J;Goedgekeurd op basis van bewijsmateriaal;1980-01-01;4;;1;Zoogdieren;Vespertilionidae;2026-07-08;398;S;vrij algemeen
295284266;295284266;Gewone Grootoorvleermuis;Plecotus auritus;2023-12-29;12;2023-12-29;1;winterslaap;gezien;adult;onbekend;173074.35791350142;233793.36315466184;4.700399999999945;51.413364;FS1897;Wuustwezel - Ecoduct 'De Munt' (Ontoegankelijk);Wuustwezel;Loenhout;Antwerpen;Site;J;Goedgekeurd op basis van bewijsmateriaal;1980-01-01;3;;15;Zoogdieren;Vespertilionidae;2026-07-08;398;S;vrij algemeen
357943891;357943891;Gewone Grootoorvleermuis;Plecotus auritus;2025-06-21;6;2025-06-21;1;in kolonie in bomen;telemetrie;adult;Vrouw;157145.2556577472;212061.79298964608;4.471024036407471;51.21846008300781;FS0275;Deurne - Rivierenhof (Groendomein provincie Antwerpen - regio Antw.);Antwerpen;Deurne;Antwerpen;ObsMapp;J;Goedgekeurd op basis van expertoordeel;1980-01-01;3;Beuk (0201)_ kanaal 150.1130;3;Zoogdieren;Vespertilionidae;2026-07-08;398;S;vrij algemeen
263131175;263131175;Gewone Grootoorvleermuis;Plecotus auritus;2023-02-04;2;2023-02-04;1;winterslaap;onbekend;onbekend;onbekend;157863.67696746928;208441.1424587173;4.48122749;51.18590667;FS0371;Borsbeek/Mortsel - Fort 3;Borsbeek;Borsbeek;Antwerpen;Site;J;Goedgekeurd op basis van bewijsmateriaal;1980-01-01;3;;100;Zoogdieren;Vespertilionidae;2026-07-08;398;S;vrij algemeen
318976283;318976283;Gewone Grootoorvleermuis;Plecotus auritus;2024-07-13;7;2024-07-14;1;ter plaatse;onbekend;onbekend;onbekend;222790.65762483847;184326.718620616;5.404965972222223;50.96462797222223;FS6848;Genk - Domein Bokrijk - Zuidoost;Genk;Genk;Limburg;ObsIdentify;J;Goedgekeurd op basis van bewijsmateriaal;1980-01-01;3;;999;Zoogdieren;Vespertilionidae;2026-07-08;398;S;vrij algemeen
337698372;337698372;Gewone Grootoorvleermuis;Plecotus auritus;2025-01-25;1;2025-01-26;2;winterslaap;onbekend;onbekend;onbekend;150576.17997725602;206088.1770438021;4.376993626356125;51.16481077112885;ES9669;Wilrijk - Fort 7;Antwerpen;Wilrijk;Antwerpen;ObsMapp;J;Goedgekeurd op basis van bewijsmateriaal;1980-01-01;3;;5;Zoogdieren;Vespertilionidae;2026-07-08;398;S;vrij algemeen
276235110;276235110;Gewone Grootoorvleermuis;Plecotus auritus;2023-06-13;6;2023-06-13;1;dood;onbekend;onbekend;onbekend;156016.962586811;199502.47026082035;4.454665705561638;51.1055825150038;FS0162;  ;Kontich;Waarloos;Antwerpen;ObsMapp;J;Goedgekeurd op basis van bewijsmateriaal;1980-01-01;3;;50;Zoogdieren;Vespertilionidae;2026-07-08;398;S;vrij algemeen
327705146;327705146;Gewone Grootoorvleermuis;Plecotus auritus;2024-09-10;9;2024-09-10;1;in kolonie anders;onbekend;onbekend;onbekend;181308.038460942;233554.56544899105;4.818716526031494;51.41082763671875;FS2697;Wortel-Kolonie - Brandven;Hoogstraten;Wortel;Antwerpen;ObsMapp;J;Goedgekeurd op basis van bewijsmateriaal;1980-01-01;3;In 1FFH (dit jaar gehangen);3;Zoogdieren;Vespertilionidae;2026-07-08;398;S;vrij algemeen
254555078;254555078;Gewone Grootoorvleermuis;Plecotus auritus;2022-09-10;9;2022-09-11;1;ter plaatse;onbekend;onbekend;onbekend;180757.22731569124;181586.136185416;4.806391666666666;50.94374666666667;FS2645;  ;Holsbeek;Nieuwrode;Vlaams-Brabant;ObsIdentify;J;Goedgekeurd op basis van bewijsmateriaal;1980-01-01;4;;35;Zoogdieren;Vespertilionidae;2026-07-08;398;S;vrij algemeen
359218422;359218422;Gewone Grootoorvleermuis;Plecotus auritus;2025-06-27;6;2025-06-27;1;in kolonie in bomen;telemetrie;adult;Vrouw;156810.9089040016;212130.9764039908;4.466239999999971;51.219086;FS0275;Deurne - Rivierenhof (Groendomein provincie Antwerpen - regio Antw.);Antwerpen;Deurne;Antwerpen;Site;J;Goedgekeurd op basis van bewijsmateriaal;1980-01-01;3;Zelfde robinia als rest van de afgelopen week (1806). Gezenderd dier op kanaal 150.1130. Mogelijk zender afgeworpen. Signaal wordt duidelijk zwakker.;3;Zoogdieren;Vespertilionidae;2026-07-08;398;S;vrij algemeen
285782100;285782100;Gewone Grootoorvleermuis;Plecotus auritus;2023-08-25;8;2023-08-26;2;ter plaatse;gezien;adult;onbekend;173697.54393692862;216939.78807897773;4.708247;51.261861;FS1980;  ;Zoersel;Zoersel;Antwerpen;ObsMapp;J;Goedgekeurd op basis van bewijsmateriaal;1980-01-01;3;;999;Zoogdieren;Vespertilionidae;2026-07-08;398;S;vrij algemeen
263315301;263315301;Gewone Grootoorvleermuis;Plecotus auritus;2023-02-07;2;2023-02-08;1;winterslaap;onbekend;onbekend;onbekend;152570.3552767169;206223.15177419785;4.4055035;51.16601841;ES9869;Wilrijk - Fort 6;Antwerpen;Wilrijk;Antwerpen;Site;J;Goedgekeurd op basis van bewijsmateriaal;1980-01-01;3;;100;Zoogdieren;Vespertilionidae;2026-07-08;398;S;vrij algemeen
315208276;315208276;Gewone Grootoorvleermuis;Plecotus auritus;2024-06-19;6;2024-06-19;1;kraamkolonie;onbekend;onbekend;Man;156025.07777338463;199510.7000884274;4.454781711101532;51.10565640591959;FS0162;  ;Kontich;Waarloos;Antwerpen;ObsMapp;J;Goedgekeurd op basis van bewijsmateriaal;1980-01-01;3;;25;Zoogdieren;Vespertilionidae;2026-07-08;398;S;vrij algemeen
230720402;230720402;Gewone Grootoorvleermuis;Plecotus auritus;2021-12-13;12;2021-12-18;4;winterslaap;gezien;onbekend;onbekend;152572.2234934419;206194.1815017872;4.40553;51.165758;ES9869;Wilrijk - Fort 6;Antwerpen;Wilrijk;Antwerpen;ObsMapp;J;Goedgekeurd op basis van bewijsmateriaal;2021-12-31;3;;10;Zoogdieren;Vespertilionidae;2026-07-08;398;S;vrij algemeen
357850215;357850215;Gewone Grootoorvleermuis;Plecotus auritus;2025-06-20;6;2025-06-21;1;ter plaatse;vangst;adult;Vrouw;157072.9307697794;212082.91336323973;4.46998929977417;51.21865081787109;FS0275;Deurne - Rivierenhof (Groendomein provincie Antwerpen - regio Antw.);Antwerpen;Deurne;Antwerpen;ObsMapp;J;Goedgekeurd op basis van bewijsmateriaal;1980-01-01;3;Gezenderd_  kanaal 150.1130;8;Zoogdieren;Vespertilionidae;2026-07-08;398;S;vrij algemeen
256934605;256934605;Gewone Grootoorvleermuis;Plecotus auritus;2022-10-09;10;2022-10-14;1;ter plaatse;gezien;adult;onbekend;156679.79274318722;209900.8250431763;4.464322000000038;51.199042;FS0272;Deurne (A) - Boekenbergpark;Antwerpen;Deurne;Antwerpen;Site;J;Goedgekeurd op basis van bewijsmateriaal;1980-01-01;3;in het onderaards grotteke;25;Zoogdieren;Vespertilionidae;2026-07-08;398;S;vrij algemeen
256934559;256934559;Gewone Grootoorvleermuis;Plecotus auritus;2022-10-09;10;2022-10-14;1;ter plaatse;gezien;adult;onbekend;156679.79274318722;209900.8250431763;4.464322000000038;51.199042;FS0272;Deurne (A) - Boekenbergpark;Antwerpen;Deurne;Antwerpen;Site;J;Goedgekeurd op basis van bewijsmateriaal;1980-01-01;3;in het museum_ er zater er 2 tegen de wand te slapen;15;Zoogdieren;Vespertilionidae;2026-07-08;398;S;vrij algemeen
254541105;254541105;Gewone Grootoorvleermuis;Plecotus auritus;2022-09-10;9;2022-09-11;1;ter plaatse;onbekend;onbekend;onbekend;208075.08973311496;214785.98759863529;5.200362;51.240063;FS5378;Mol - Den Diel - Van Sprietputten tot Sas 2;Mol;Mol;Antwerpen;Site;J;Goedgekeurd op basis van bewijsmateriaal;1980-01-01;3;in bunker_ met toestemming;25;Zoogdieren;Vespertilionidae;2026-07-08;398;S;vrij algemeen
254541166;254541166;Gewone Grootoorvleermuis;Plecotus auritus;2022-09-10;9;2022-09-11;1;ter plaatse;onbekend;onbekend;onbekend;208659.98832152507;214688.99146917555;5.208721;51.239132;FS5478;Mol - Den Diel - Van Sprietputten tot Sas 2;Mol;Mol;Antwerpen;Site;J;Goedgekeurd op basis van bewijsmateriaal;1980-01-01;3;;25;Zoogdieren;Vespertilionidae;2026-07-08;398;S;vrij algemeen
219939245;219939245;Gewone Grootoorvleermuis;Plecotus auritus;2021-07-10;7;2021-07-14;2;ter plaatse;onbekend;onbekend;onbekend;183387.13725029156;215585.37153504603;4.8469309;51.249207;FS2879;Lille - Dingdongen;Lille;Lille;Antwerpen;Site;J;Goedgekeurd op basis van bewijsmateriaal;1980-01-01;4;;5;Zoogdieren;Vespertilionidae;2026-07-08;398;S;vrij algemeen
300545158;300545158;Gewone Grootoorvleermuis;Plecotus auritus;2024-03-09;3;2024-03-09;1;ter plaatse;onbekend;onbekend;onbekend;156691.10145566383;232212.13841936176;4.464899999999943;51.399578;FS0195;  ;Kalmthout;Kalmthout;Antwerpen;Site;J;Goedgekeurd op basis van bewijsmateriaal;1980-01-01;3;Was found during demolition works.  We placed it back in a safer well hidden place where it could continue its hibernation;35;Zoogdieren;Vespertilionidae;2026-07-08;398;S;vrij algemeen
338622533;338622533;Gewone Grootoorvleermuis;Plecotus auritus;2025-02-09;2;2025-02-09;6;winterslaap;onbekend;onbekend;onbekend;208089.64634460927;214798.85190857388;5.200572490692139;51.240177154541016;FS5378;Mol - Den Diel - Van Sprietputten tot Sas 2;Mol;Mol;Antwerpen;ObsMapp;J;Goedgekeurd op basis van bewijsmateriaal;1980-01-01;3;controle bunkers;6;Zoogdieren;Vespertilionidae;2026-07-08;398;S;vrij algemeen
223635385;223635385;Gewone Grootoorvleermuis;Plecotus auritus;2021-08-22;8;2021-08-22;1;ter plaatse;onbekend;onbekend;onbekend;194344.86331922092;206758.61774885748;5.002781;51.169132;FS4070;Geel - Centrum;Geel;Geel;Antwerpen;Site;J;Goedgekeurd op basis van bewijsmateriaal;1980-01-01;3;;25;Zoogdieren;Vespertilionidae;2026-07-08;398;S;vrij algemeen
233667967;233667967;Gewone Grootoorvleermuis;Plecotus auritus;2022-02-10;2;2022-02-12;1;ter plaatse;onbekend;onbekend;onbekend;152565.59336401214;206215.9869525041;4.40543537;51.16595403;ES9869;Wilrijk - Fort 6;Antwerpen;Wilrijk;Antwerpen;Site;J;Goedgekeurd op basis van bewijsmateriaal;1980-01-01;3;Telling reduit met Ralf en Luc;10;Zoogdieren;Vespertilionidae;2026-07-08;398;S;vrij algemeen
184733712;184733712;Gewone Grootoorvleermuis;Plecotus auritus;2020-01-24;1;2020-01-24;1;winterslaap;onbekend;onbekend;onbekend;152602.11947820077;206234.7414581552;4.4059577;51.16612244;ES9869;Wilrijk - Fort 6;Antwerpen;Wilrijk;Antwerpen;ObsMapp;J;Goedgekeurd op basis van bewijsmateriaal;2007-01-01;3;;25;Zoogdieren;Vespertilionidae;2026-07-08;398;S;vrij algemeen
202600883;202600883;Gewone Grootoorvleermuis;Plecotus auritus;2020-11-01;11;2020-11-01;1;ter plaatse;onbekend;onbekend;onbekend;181500.6357371678;233629.213680936;4.821491;51.411488;FS2697;Wortel-Kolonie - Zone Noordwest;Hoogstraten;Wortel;Antwerpen;ObsMapp;J;Goedgekeurd op basis van bewijsmateriaal;2007-01-01;3;;25;Zoogdieren;Vespertilionidae;2026-07-08;398;S;vrij algemeen
253675622;253675622;Gewone Grootoorvleermuis;Plecotus auritus;2022-08-29;8;2022-08-30;2;ter plaatse;onbekend;onbekend;onbekend;182132.64779667676;233136.3106853515;4.83053;51.407023;FS2796;Wortel-Kolonie - Zone Noordoost;Hoogstraten;Wortel;Antwerpen;Site;J;Goedgekeurd op basis van bewijsmateriaal;1980-01-01;3;nestkast 35;15;Zoogdieren;Vespertilionidae;2026-07-08;398;S;vrij algemeen
337108941;337108941;Gewone Grootoorvleermuis;Plecotus auritus;2025-01-14;1;2025-01-15;2;winterslaap;onbekend;onbekend;onbekend;177877.69828715624;207443.13634242024;4.767398834228516;51.17631530761719;FS2370;Bouwel - Het Goor en omgeving;Grobbendonk;Grobbendonk;Antwerpen;ObsMapp;J;Goedgekeurd op basis van bewijsmateriaal;1980-01-01;3;Ruïne kelder;3;Zoogdieren;Vespertilionidae;2026-07-08;398;S;vrij algemeen
331461917;331461917;Gewone Grootoorvleermuis;Plecotus auritus;2024-10-20;10;2024-10-20;1;ter plaatse;onbekend;onbekend;onbekend;208662.72984251412;214691.9854733432;5.208760738372803;51.23915863037109;FS5478;Mol - Den Diel - Van Sprietputten tot Sas 2;Mol;Mol;Antwerpen;ObsMapp;J;Goedgekeurd op basis van bewijsmateriaal;1980-01-01;3;;7;Zoogdieren;Vespertilionidae;2026-07-08;398;S;vrij algemeen
262993717;262993717;Gewone Grootoorvleermuis;Plecotus auritus;2023-02-02;2;2023-02-02;9;ter plaatse;onbekend;onbekend;onbekend;170033.59582496685;183700.0530129578;4.653924999999958;50.963219;FS1647;Haacht - Haachts Broek;Haacht;Haacht;Vlaams-Brabant;ObsIdentify;J;Goedgekeurd op basis van bewijsmateriaal;1980-01-01;3;Wintertelling in bunker Haachts Broek;262;Zoogdieren;Vespertilionidae;2026-07-08;398;S;vrij algemeen
323097217;323097217;Gewone Grootoorvleermuis;Plecotus auritus;2024-08-06;8;2024-08-06;1;ter plaatse;onbekend;onbekend;onbekend;240623.0483715897;202325.5158659769;5.6632417;51.1238817;FS8666;  ;Bree;Tongerlo;Limburg;ObsIdentify;J;Goedgekeurd op basis van bewijsmateriaal;1980-01-01;4;;11;Zoogdieren;Vespertilionidae;2026-07-08;398;S;vrij algemeen
385543907;385543907;Gewone Grootoorvleermuis;Plecotus auritus;2026-02-07;2;2026-02-07;1;winterslaap;onbekend;onbekend;onbekend;207068.80154490616;214401.6982199233;5.185893058776856;51.23670959472656;FS5278;Molse zandputten - Natuurreservaat De Maat;Mol;Mol;Antwerpen;ObsMapp;J;Goedgekeurd op basis van bewijsmateriaal;1980-01-01;3;controle bunkers;7;Zoogdieren;Vespertilionidae;2026-07-08;398;S;vrij algemeen
233419847;233419847;Gewone Grootoorvleermuis;Plecotus auritus;2022-02-06;2;2022-02-07;1;winterslaap;onbekend;onbekend;onbekend;158879.32887791836;224404.86352770403;4.49614768;51.32937765;FS0487;Brasschaat - Fort;Brasschaat;Brasschaat;Antwerpen;Site;J;Goedgekeurd op basis van bewijsmateriaal;1980-01-01;3;Fortentelweekend;100;Zoogdieren;Vespertilionidae;2026-07-08;398;S;vrij algemeen
307853450;307853450;Gewone Grootoorvleermuis;Plecotus auritus;2024-05-05;5;2024-05-05;1;dood;onbekend;onbekend;onbekend;177216.3136628539;182996.8240058599;4.7561146;50.9566046;FS2346;Rotselaar - Middelberg;Rotselaar;Rotselaar;Vlaams-Brabant;ObsIdentify;J;Goedgekeurd op basis van bewijsmateriaal;1980-01-01;3;;30;Zoogdieren;Vespertilionidae;2026-07-08;398;S;vrij algemeen
321866065;321866065;Gewone Grootoorvleermuis;Plecotus auritus;2024-07-29;7;2024-07-29;2;onbekend;gezien;adult;onbekend;240619.9387843836;202340.40484882053;5.663200999999958;51.124016;FS8666;  ;Bree;Tongerlo;Limburg;ObsIdentify;J;Goedgekeurd op basis van bewijsmateriaal;1980-01-01;4;;17;Zoogdieren;Vespertilionidae;2026-07-08;398;S;vrij algemeen
215708935;215708935;Gewone Grootoorvleermuis;Plecotus auritus;2021-06-02;6;2021-06-02;1;ter plaatse;onbekend;onbekend;onbekend;239032.91211031209;202300.20969384816;5.64052602916519;51.12390138104755;FS8466;  ;Bree;Opitter;Limburg;iObs;J;Goedgekeurd op basis van bewijsmateriaal;2007-01-01;3;;65;Zoogdieren;Vespertilionidae;2026-07-08;398;S;vrij algemeen
237815251;237815251;Gewone Grootoorvleermuis;Plecotus auritus;2022-04-07;4;2022-04-15;1;in kolonie op gebouw;gezien;onbekend;onbekend;153664.38824779994;227852.9464461021;4.4213662;51.360426;ES9890;  ;Kapellen;Kapellen;Antwerpen;Site;J;Goedgekeurd op basis van bewijsmateriaal;1980-01-01;3;via oproep (met foto)_ in kruipkelders. plaatsbezoek op 13/04/2022_ geen dieren noch keutels gevonden. vermoedelijk winter- en of tussenverblijf in kruipkelders. relatief moeilijke toegang voor de dieren via spleten van ventilatie.;5;Zoogdieren;Vespertilionidae;2026-07-08;398;S;vrij algemeen
263315342;263315342;Gewone Grootoorvleermuis;Plecotus auritus;2023-02-07;2;2023-02-08;1;winterslaap;onbekend;onbekend;onbekend;152570.3552767169;206223.15177419785;4.4055035;51.16601841;ES9869;Wilrijk - Fort 6;Antwerpen;Wilrijk;Antwerpen;Site;J;Goedgekeurd op basis van bewijsmateriaal;1980-01-01;3;;100;Zoogdieren;Vespertilionidae;2026-07-08;398;S;vrij algemeen
235662309;235662309;Gewone Grootoorvleermuis;Plecotus auritus;2022-03-19;3;2022-03-19;1;ter plaatse;gezien;adult;onbekend;187529.98264220604;201423.73681058176;4.90479703992605;51.1216633190907;FS3365;Tongerlo - Engels Kamp;Westerlo;Tongerlo;Antwerpen;ObsMapp;J;Goedgekeurd op basis van bewijsmateriaal;2007-01-01;3;na 2 dagen verplaatst naar nabij bos;5;Zoogdieren;Vespertilionidae;2026-07-08;398;S;vrij algemeen
263344812;263344812;Gewone Grootoorvleermuis;Plecotus auritus;2023-02-09;2;2023-02-09;1;winterslaap;onbekend;onbekend;onbekend;157560.33571943874;212042.83505546208;4.47696448;51.21828436;FS0375;Deurne - Rivierenhof (Groendomein provincie Antwerpen - regio Antw.);Antwerpen;Deurne;Antwerpen;Site;J;Goedgekeurd op basis van bewijsmateriaal;1980-01-01;3;Samen met Kris Boers & Bauke Fokkema;10;Zoogdieren;Vespertilionidae;2026-07-08;398;S;vrij algemeen
240135778;240135778;Gewone Grootoorvleermuis;Plecotus auritus;2022-05-04;5;2022-05-04;1;in kolonie anders;gezien;adult;onbekend;182290.7016872972;233266.4768245062;4.832813;51.408184;FS2796;Wortel-Kolonie - Zone Noordoost;Hoogstraten;Wortel;Antwerpen;ObsMapp;J;Goedgekeurd op basis van bewijsmateriaal;2007-01-01;3;;7;Zoogdieren;Vespertilionidae;2026-07-08;398;S;vrij algemeen
367709016;367709016;Gewone Grootoorvleermuis;Plecotus auritus;2025-08-09;8;2025-08-09;1;dood;onbekend;onbekend;onbekend;229742.0864845858;188549.6413765885;5.5048286;51.0016698;FS7552;Genk - Hoevenzavel;Genk;Genk;Limburg;ObsIdentify;J;Goedgekeurd op basis van bewijsmateriaal;1980-01-01;3;;32;Zoogdieren;Vespertilionidae;2026-07-08;398;S;vrij algemeen
288538325;288538325;Gewone Grootoorvleermuis;Plecotus auritus;2023-09-20;9;2023-09-21;1;ter plaatse;onbekend;onbekend;onbekend;180531.3884035876;241573.3271870818;4.80823799999996;51.482937;FT2505;Meerle - Elsakker;Hoogstraten;Meerle;Antwerpen;ObsMapp;J;Goedgekeurd op basis van bewijsmateriaal;1980-01-01;3;In kapelletje_ 's ochtends hing het dier er nog;3;Zoogdieren;Vespertilionidae;2026-07-08;398;S;vrij algemeen
240135780;240135780;Gewone Grootoorvleermuis;Plecotus auritus;2022-05-04;5;2022-05-04;5;in kolonie anders;gezien;adult;onbekend;182172.0153741173;233284.42795016617;4.831109;51.408352;FS2796;Wortel-Kolonie - Zone Noordoost;Hoogstraten;Wortel;Antwerpen;ObsMapp;J;Goedgekeurd op basis van bewijsmateriaal;2007-01-01;3;;5;Zoogdieren;Vespertilionidae;2026-07-08;398;S;vrij algemeen
333427841;333427841;Gewone Grootoorvleermuis;Plecotus auritus;2024-11-09;11;2024-11-09;1;winterslaap;onbekend;onbekend;onbekend;155154.60287382113;225006.7404929623;4.442719;51.334833;FS0088;Kapellen - Mastenbos;Kapellen;Kapellen;Antwerpen;ObsIdentify;J;Goedgekeurd op basis van bewijsmateriaal;1980-01-01;3;;999;Zoogdieren;Vespertilionidae;2026-07-08;398;S;vrij algemeen
263849378;263849378;Gewone Grootoorvleermuis;Plecotus auritus;2023-02-18;2;2023-02-18;1;winterslaap;onbekend;onbekend;onbekend;156702.65268954233;209976.7498459136;4.46465046;51.19972418;FS0273;Deurne (A) - Boekenbergpark;Antwerpen;Deurne;Antwerpen;Site;J;Goedgekeurd op basis van bewijsmateriaal;1980-01-01;3;;10;Zoogdieren;Vespertilionidae;2026-07-08;398;S;vrij algemeen
284451200;284451200;Gewone Grootoorvleermuis;Plecotus auritus;2023-08-15;8;2023-08-15;1;ter plaatse;onbekend;onbekend;onbekend;175836.59908048718;220657.421794869;4.7391566;51.29518329972222;FS2184;  ;Malle;Oostmalle;Antwerpen;ObsIdentify;J;Goedgekeurd op basis van bewijsmateriaal;1980-01-01;3;;999;Zoogdieren;Vespertilionidae;2026-07-08;398;S;vrij algemeen
284705529;284705529;Gewone Grootoorvleermuis;Plecotus auritus;2023-08-15;8;2023-08-17;1;ter plaatse;onbekend;onbekend;onbekend;175836.59908048718;220657.421794869;4.7391566;51.29518329972222;FS2184;  ;Malle;Oostmalle;Antwerpen;ObsIdentify;J;Goedgekeurd op basis van bewijsmateriaal;1980-01-01;3;;999;Zoogdieren;Vespertilionidae;2026-07-08;398;S;vrij algemeen
286912302;286912302;Gewone Grootoorvleermuis;Plecotus auritus;2023-08-15;8;2023-09-04;1;ter plaatse;onbekend;onbekend;onbekend;175836.59908048718;220657.421794869;4.7391566;51.29518329972222;FS2184;  ;Malle;Oostmalle;Antwerpen;ObsIdentify;J;Goedgekeurd op basis van bewijsmateriaal;1980-01-01;3;;999;Zoogdieren;Vespertilionidae;2026-07-08;398;S;vrij algemeen
337108936;337108936;Gewone Grootoorvleermuis;Plecotus auritus;2025-01-14;1;2025-01-15;1;winterslaap;onbekend;onbekend;onbekend;177877.69828715624;207443.13634242024;4.767398834228516;51.17631530761719;FS2370;Bouwel - Het Goor en omgeving;Grobbendonk;Grobbendonk;Antwerpen;ObsMapp;J;Goedgekeurd op basis van bewijsmateriaal;1980-01-01;3;Ruïne bovengronds;3;Zoogdieren;Vespertilionidae;2026-07-08;398;S;vrij algemeen
273678768;273678768;Gewone Grootoorvleermuis;Plecotus auritus;2023-05-27;5;2023-05-28;2;ter plaatse;vangst;adult;onbekend;197930.0363369996;174230.83550844248;5.049767971038818;50.87646484375;FS4438;Domein Pardon Tienbunders (privé-domein ontoegankelijk);Zoutleeuw;Budingen;Vlaams-Brabant;ObsMapp;J;Goedgekeurd op basis van bewijsmateriaal;1980-01-01;3;;3;Zoogdieren;Vespertilionidae;2026-07-08;398;S;vrij algemeen
385181002;385181002;Gewone Grootoorvleermuis;Plecotus auritus;2026-02-01;2;2026-02-01;1;winterslaap;onbekend;onbekend;onbekend;170030.0957192058;183704.8978976384;4.653875443127225;50.96326267244887;FS1647;Haacht - Haachts Broek;Haacht;Haacht;Vlaams-Brabant;ObsIdentify;J;Goedgekeurd op basis van bewijsmateriaal;1980-01-01;3;;14;Zoogdieren;Vespertilionidae;2026-07-08;398;S;vrij algemeen
338117429;338117429;Gewone Grootoorvleermuis;Plecotus auritus;2024-07-18;7;2025-02-03;56;in kolonie op gebouw;onbekend;onbekend;onbekend;169493.97068143424;214428.3036254719;4.647892;51.239445;FS1577;Halle (Zoersel) - Centrum;Zoersel;Halle;Antwerpen;Meetnetten.be;J;Goedgekeurd op basis van expertoordeel;2025-07-17;3;meetnetten.be: life stage: unknown_ activity: colony on building;10;Zoogdieren;Vespertilionidae;2026-07-08;398;S;vrij algemeen
334935245;334935245;Gewone Grootoorvleermuis;Plecotus auritus;2024-12-08;12;2024-12-08;4;winterslaap;onbekend;onbekend;onbekend;208084.12834219405;214786.0570608992;5.200491428375244;51.24006271362305;FS5378;Mol - Den Diel - Van Sprietputten tot Sas 2;Mol;Mol;Antwerpen;ObsMapp;J;Goedgekeurd op basis van bewijsmateriaal;1980-01-01;3;controle bunkers;4;Zoogdieren;Vespertilionidae;2026-07-08;398;S;vrij algemeen
221204247;221204247;Gewone Grootoorvleermuis;Plecotus auritus;2021-07-17;7;2021-07-26;1;dood;gezien;onbekend;onbekend;155777.01418780655;235736.533644598;4.4518232;51.431264;FS0098;Essen - Wildert;Essen;Essen;Antwerpen;Site;J;Goedgekeurd op basis van bewijsmateriaal;1980-01-01;3;Dood langs bomenrij;5;Zoogdieren;Vespertilionidae;2026-07-08;398;S;vrij algemeen
371480541;371480541;Gewone Grootoorvleermuis;Plecotus auritus;2025-09-03;9;2025-09-03;1;ter plaatse;onbekend;onbekend;onbekend;200205.6413421477;203545.35051269643;5.086126777777777;51.1397705;FS4567;Meerhout - Verloren Schaap;Meerhout;Meerhout;Antwerpen;ObsIdentify;J;Goedgekeurd op basis van bewijsmateriaal;1980-01-01;3;;999;Zoogdieren;Vespertilionidae;2026-07-08;398;S;vrij algemeen
255035869;255035869;Gewone Grootoorvleermuis;Plecotus auritus;2022-09-18;9;2022-09-18;1;slachtoffer verkeer;gezien;onbekend;onbekend;192788.18855134747;177682.96233393345;4.97711563110352;50.9078979492188;FS3941;Waanrode - Begijnenbos;Kortenaken;Waanrode;Vlaams-Brabant;ObsMapp;J;Goedgekeurd op basis van bewijsmateriaal;2007-01-01;3;op fietspad langs drukke N weg;3;Zoogdieren;Vespertilionidae;2026-07-08;398;S;vrij algemeen
276845235;276845235;Gewone Grootoorvleermuis;Plecotus auritus;2023-06-18;6;2023-06-18;1;ter plaatse;onbekend;onbekend;onbekend;240525.06415497448;208339.1798662562;5.663340669444445;51.17794342222222;FS8672;Bree - De Luysen-Mariahof;Bree;Beek;Limburg;ObsIdentify;J;Goedgekeurd op basis van bewijsmateriaal;1980-01-01;3;;999;Zoogdieren;Vespertilionidae;2026-07-08;398;S;vrij algemeen
208139285;208139285;Gewone Grootoorvleermuis;Plecotus auritus;2021-03-01;3;2021-03-02;1;ter plaatse;batdetector;adult;onbekend;181880.23425818037;233297.08115403447;4.826917;51.408482;FS2796;Wortel-Kolonie - Bootjesven;Hoogstraten;Wortel;Antwerpen;Site;J;Goedgekeurd op basis van bewijsmateriaal;1980-01-01;3;;5;Zoogdieren;Vespertilionidae;2026-07-08;398;S;vrij algemeen
327705145;327705145;Gewone Grootoorvleermuis;Plecotus auritus;2024-09-10;9;2024-09-10;17;in kolonie anders;onbekend;onbekend;onbekend;181340.05746230957;233559.85321089625;4.819177150726318;51.41087341308594;FS2697;Wortel-Kolonie - Zone Noordwest;Hoogstraten;Wortel;Antwerpen;ObsMapp;J;Goedgekeurd op basis van bewijsmateriaal;1980-01-01;3;In ANS-4;3;Zoogdieren;Vespertilionidae;2026-07-08;398;S;vrij algemeen
327705143;327705143;Gewone Grootoorvleermuis;Plecotus auritus;2024-09-10;9;2024-09-10;4;in kolonie anders;onbekend;onbekend;onbekend;181479.41748011988;233591.26176756155;4.821182727813721;51.41114807128906;FS2697;Wortel-Kolonie - Zone Noordwest;Hoogstraten;Wortel;Antwerpen;ObsMapp;J;Goedgekeurd op basis van bewijsmateriaal;1980-01-01;3;In ANS-5;3;Zoogdieren;Vespertilionidae;2026-07-08;398;S;vrij algemeen
283869709;283869709;Gewone Grootoorvleermuis;Plecotus auritus;2023-08-11;8;2023-08-11;1;dood;gezien;onbekend;onbekend;173239.09460744134;179564.05034757126;4.6992910000000165;50.92592;FS1942;  ;Leuven;Wilsele;Vlaams-Brabant;ObsIdentify;J;Goedgekeurd op basis van bewijsmateriaal;1980-01-01;4;;999;Zoogdieren;Vespertilionidae;2026-07-08;398;S;vrij algemeen
261929771;261929771;Gewone Grootoorvleermuis;Plecotus auritus;2023-01-08;1;2023-01-09;2;winterslaap;gezien;onbekend;onbekend;167136.91183035958;212815.42644948512;4.614064999999982;51.225023;FS1276;Oelegem - Fort;Ranst;Oelegem;Antwerpen;Site;J;Goedgekeurd op basis van bewijsmateriaal;1980-01-01;3;;30;Zoogdieren;Vespertilionidae;2026-07-08;398;S;vrij algemeen
327705135;327705135;Gewone Grootoorvleermuis;Plecotus auritus;2024-09-10;9;2024-09-10;14;in kolonie anders;onbekend;onbekend;onbekend;182241.6480344659;232947.4181161886;4.8320794105529785;51.40531921386719;FS2796;Wortel-Kolonie - Zone Noordoost;Hoogstraten;Wortel;Antwerpen;ObsMapp;J;Goedgekeurd op basis van bewijsmateriaal;1980-01-01;3;in ANS-5;3;Zoogdieren;Vespertilionidae;2026-07-08;398;S;vrij algemeen
284235429;284235429;Gewone Grootoorvleermuis;Plecotus auritus;2023-08-14;8;2023-08-14;1;dood;gezien;onbekend;onbekend;173236.9814451944;179564.93087699916;4.699260999999979;50.925928;FS1942;  ;Leuven;Wilsele;Vlaams-Brabant;ObsIdentify;J;Goedgekeurd op basis van bewijsmateriaal;1980-01-01;4;;999;Zoogdieren;Vespertilionidae;2026-07-08;398;S;vrij algemeen
384348769;384348769;Gewone Grootoorvleermuis;Plecotus auritus;2026-01-15;1;2026-01-18;11;winterslaap;onbekend;onbekend;onbekend;202055.05073553347;227236.0509793628;5.115959999999973;51.352535;FS4791;Arendonk - Hoge Vijvers;Arendonk;Arendonk;Antwerpen;Site;J;Goedgekeurd op basis van bewijsmateriaal;1980-01-01;3;Telling Duits kamp - Volledige data bij Anneke in de meetnetten.;30;Zoogdieren;Vespertilionidae;2026-07-08;398;S;vrij algemeen
240279707;240279707;Gewone Grootoorvleermuis;Plecotus auritus;2022-05-05;5;2022-05-05;5;in kolonie anders;gezien;onbekend;onbekend;196767.9640047705;213881.68881650176;5.03834295272827;51.2329635620117;FS4277;Retie - Prinsenpark (Groendomein provincie Antwerpen - regio Kempen);Retie;Retie;Antwerpen;ObsMapp;J;Goedgekeurd op basis van bewijsmateriaal;2007-01-01;3;;7;Zoogdieren;Vespertilionidae;2026-07-08;398;S;vrij algemeen
288355896;288355896;Gewone Grootoorvleermuis;Plecotus auritus;2023-09-15;9;2023-09-18;1;ter plaatse;onbekend;onbekend;onbekend;215569.45564909768;197117.0425340608;5.304476;51.08045297222223;FS6161;Koersel - Vallei van de Zwarte Beek - Overslag tot Melkpad;Beringen;Koersel;Limburg;ObsMapp;J;Goedgekeurd op basis van bewijsmateriaal;1980-01-01;4;;999;Zoogdieren;Vespertilionidae;2026-07-08;398;S;vrij algemeen
277030582;277030582;Gewone Grootoorvleermuis;Plecotus auritus;2023-06-17;6;2023-06-19;1;ter plaatse;vangst;onbekend;onbekend;240365.0009764586;208398.1921584364;5.66106679;51.17849885;FS8573;Bree - De Luysen-Mariahof;Bree;Beek;Limburg;Site;J;Goedgekeurd op basis van bewijsmateriaal;1980-01-01;3;;1000;Zoogdieren;Vespertilionidae;2026-07-08;398;S;vrij algemeen
328313882;328313882;Gewone Grootoorvleermuis;Plecotus auritus;2024-09-16;9;2024-09-17;8;ter plaatse;onbekend;onbekend;onbekend;180529.5891336804;241575.42313863055;4.8082122802734375;51.48295593261719;FT2505;Meerle - Elsakker;Hoogstraten;Meerle;Antwerpen;ObsMapp;J;Goedgekeurd op basis van bewijsmateriaal;1980-01-01;3;In kapel_ 0 dieren om 20h_ 1 dier om 21h_ 2 dieren om 21:30h_ 8 dieren om 22:45h_ 0 dieren om middernacht. 's Ochtends opnieuw een lege kapel.;3;Zoogdieren;Vespertilionidae;2026-07-08;398;S;vrij algemeen
333626851;333626851;Gewone Grootoorvleermuis;Plecotus auritus;2024-11-09;11;2024-11-11;2;winterslaap;onbekend;adult;onbekend;155147.599950534;224996.35124826615;4.442618370056152;51.33473968505859;FS0088;Kapellen - Mastenbos;Kapellen;Kapellen;Antwerpen;ObsMapp;J;Goedgekeurd op basis van bewijsmateriaal;1980-01-01;3;;2;Zoogdieren;Vespertilionidae;2026-07-08;398;S;vrij algemeen
218193437;218193437;Gewone Grootoorvleermuis;Plecotus auritus;2021-01-08;1;2021-06-26;2;winterslaap;onbekend;onbekend;onbekend;157562.8578008978;212041.539300126;4.47700055;51.21827268;FS0375;Deurne - Rivierenhof (Groendomein provincie Antwerpen - regio Antw.);Antwerpen;Deurne;Antwerpen;copied observation;J;Goedgekeurd op basis van bewijsmateriaal;1980-01-01;3;;10;Zoogdieren;Vespertilionidae;2026-07-08;398;S;vrij algemeen
374043419;374043419;Gewone Grootoorvleermuis;Plecotus auritus;2025-09-26;9;2025-09-26;1;ter plaatse;onbekend;onbekend;onbekend;163350.6719686098;210273.83230955809;4.559772933916759;51.20227849810927;FS0873;Ranst - Bos van Ranst;Ranst;Ranst;Antwerpen;ObsIdentify;J;Goedgekeurd op basis van bewijsmateriaal;1980-01-01;3;;4;Zoogdieren;Vespertilionidae;2026-07-08;398;S;vrij algemeen
287943174;287943174;Gewone Grootoorvleermuis;Plecotus auritus;2023-06-13;6;2023-09-15;1;dood;gezien;adult;onbekend;156022.92494054252;199512.32116548065;4.454750999999988;51.105671;FS0162;  ;Kontich;Waarloos;Antwerpen;Site;J;Goedgekeurd op basis van bewijsmateriaal;1980-01-01;3;;5;Zoogdieren;Vespertilionidae;2026-07-08;398;S;vrij algemeen
294004898;294004898;Gewone Grootoorvleermuis;Plecotus auritus;2023-11-30;11;2023-11-30;1;winterslaap;gezien;adult;onbekend;182857.43987472056;188181.3991132928;4.836866855614517;51.00291622295629;FS2851;  ;Aarschot;Aarschot;Vlaams-Brabant;Site;J;Goedgekeurd op basis van bewijsmateriaal;1980-01-01;3;;7;Zoogdieren;Vespertilionidae;2026-07-08;398;S;vrij algemeen
237439912;237439912;Gewone Grootoorvleermuis;Plecotus auritus;2022-04-12;4;2022-04-12;1;ter plaatse;onbekend;onbekend;onbekend;163745.5360073164;190767.4234784525;4.5646835;51.0269317;FS0953;  ;Bonheiden;Bonheiden;Antwerpen;ObsIdentify;J;Goedgekeurd op basis van bewijsmateriaal;1980-01-01;3;;23;Zoogdieren;Vespertilionidae;2026-07-08;398;S;vrij algemeen
298209844;298209844;Gewone Grootoorvleermuis;Plecotus auritus;2024-02-03;2;2024-02-03;1;ter plaatse;onbekend;onbekend;onbekend;150607.28813600648;205931.0283597391;4.377438068258925;51.16339819251915;ES9668;Wilrijk - Fort 7;Antwerpen;Wilrijk;Antwerpen;Site;J;Goedgekeurd op basis van bewijsmateriaal;1980-01-01;4;;4;Zoogdieren;Vespertilionidae;2026-07-08;398;S;vrij algemeen
298209336;298209336;Gewone Grootoorvleermuis;Plecotus auritus;2024-02-03;2;2024-02-03;1;ter plaatse;onbekend;onbekend;onbekend;150630.24791958797;205972.49872669857;4.377766370707832;51.16377092602986;ES9668;Wilrijk - Fort 7;Antwerpen;Wilrijk;Antwerpen;Site;J;Goedgekeurd op basis van bewijsmateriaal;1980-01-01;4;;2;Zoogdieren;Vespertilionidae;2026-07-08;398;S;vrij algemeen
298208557;298208557;Gewone Grootoorvleermuis;Plecotus auritus;2024-02-03;2;2024-02-03;1;ter plaatse;onbekend;onbekend;onbekend;150663.8039564304;206180.0225317711;4.378246486121498;51.16563623054616;ES9669;Wilrijk - Fort 7;Antwerpen;Wilrijk;Antwerpen;Site;J;Goedgekeurd op basis van bewijsmateriaal;1980-01-01;4;;2;Zoogdieren;Vespertilionidae;2026-07-08;398;S;vrij algemeen
329505720;329505720;Gewone Grootoorvleermuis;Plecotus auritus;2024-08-01;8;2024-09-30;1;dood;gezien;adult;onbekend;172211.8612093617;221329.45860552136;4.6872338;51.301375;FS1784;Westmalle Centrum;Malle;Westmalle;Antwerpen;ObsIdentify;J;Goedgekeurd op basis van bewijsmateriaal;1980-01-01;3;;999;Zoogdieren;Vespertilionidae;2026-07-08;398;S;vrij algemeen
184978775;184978775;Gewone Grootoorvleermuis;Plecotus auritus;2020-01-31;1;2020-01-31;1;ter plaatse;onbekend;onbekend;onbekend;166664.5355084252;195690.1715721693;4.606516;51.071105;FS1258;  ;Putte;Putte;Antwerpen;Site;J;Goedgekeurd op basis van bewijsmateriaal;1980-01-01;3;;5;Zoogdieren;Vespertilionidae;2026-07-08;398;S;vrij algemeen
230692854;230692854;Gewone Grootoorvleermuis;Plecotus auritus;2021-12-15;12;2021-12-17;1;dood;gezien;onbekend;onbekend;198535.068856812;186100.24276689813;5.05993545;50.98310759;FS4449;Diest - Centrum;Diest;Diest;Vlaams-Brabant;Site;J;Goedgekeurd op basis van bewijsmateriaal;1980-01-01;3;Waarnemer: Acelya Demirtas;10;Zoogdieren;Vespertilionidae;2026-07-08;398;S;vrij algemeen
338095739;338095739;Gewone Grootoorvleermuis;Plecotus auritus;2025-01-31;1;2025-02-02;1;winterslaap;onbekend;onbekend;onbekend;156121.84208450222;189969.005199966;4.456002000000012;51.019886;FS0253;Mechelen - Vrijbroekpark (Groendomein provincie Antwerpen - regio Mechelen);Mechelen;Mechelen;Antwerpen;Site;J;Goedgekeurd op basis van bewijsmateriaal;1980-01-01;3;;4;Zoogdieren;Vespertilionidae;2026-07-08;398;S;vrij algemeen
334457438;334457438;Gewone Grootoorvleermuis;Plecotus auritus;2024-11-28;11;2024-11-28;1;winterslaap;nestkast;onbekend;onbekend;150714.8129353482;204654.955884628;4.37897253036499;51.15192794799805;ES9667;Wilrijk - Hof Ter Beke;Antwerpen;Wilrijk;Antwerpen;ObsMapp;J;Goedgekeurd op basis van bewijsmateriaal;1980-01-01;3;Hof ter Beke 2;3;Zoogdieren;Vespertilionidae;2026-07-08;398;S;vrij algemeen
230701255;230701255;Gewone Grootoorvleermuis;Plecotus auritus;2021-12-13;12;2021-12-18;4;winterslaap;onbekend;onbekend;onbekend;152562.26800436436;206222.8378670765;4.40538787841797;51.166015625;ES9869;Wilrijk - Fort 6;Antwerpen;Wilrijk;Antwerpen;ObsMapp;J;Goedgekeurd op basis van bewijsmateriaal;2007-01-01;3;Samen met Warre en Elias. Geen totaaltelling.;999;Zoogdieren;Vespertilionidae;2026-07-08;398;S;vrij algemeen
295188207;295188207;Gewone Grootoorvleermuis;Plecotus auritus;2023-12-27;12;2023-12-27;1;ter plaatse;onbekend;onbekend;onbekend;202068.612350766;227198.4260310512;5.11614921;51.35219562;FS4791;Arendonk - Hoge Vijvers;Arendonk;Arendonk;Antwerpen;Site;J;Goedgekeurd op basis van bewijsmateriaal;1980-01-01;3;Samen met Ann Lenaerts;10;Zoogdieren;Vespertilionidae;2026-07-08;398;S;vrij algemeen
321194084;321194084;Gewone Grootoorvleermuis;Plecotus auritus;2024-07-25;7;2024-07-25;1;dood;gezien;adult;onbekend;170268.53089020876;184959.0390271945;4.657338999999979;50.974528;FS1648;Haacht - Scharent;Haacht;Haacht;Vlaams-Brabant;Site;J;Goedgekeurd op basis van bewijsmateriaal;1980-01-01;3;Deze vleermuis lag deze namiddag dood op het klavergras in de tuin.__Doodsoorzaak is onzeker. Eventueel vangst door kat_ al zou deze eerder in huis gebracht zijn.__Het huis beschikt over enkele vleermuishuisjes_ maar het is niet geweten of deze in gebruik zijn.;4;Zoogdieren;Vespertilionidae;2026-07-08;398;S;vrij algemeen
368052451;368052451;Gewone Grootoorvleermuis;Plecotus auritus;2025-08-11;8;2025-08-11;1;ter plaatse;onbekend;onbekend;onbekend;184671.78761409948;187410.8136599772;4.862641599722222;50.9958837;FS3051;  ;Aarschot;Langdorp;Vlaams-Brabant;ObsIdentify;J;Goedgekeurd op basis van bewijsmateriaal;1980-01-01;3;;999;Zoogdieren;Vespertilionidae;2026-07-08;398;S;vrij algemeen
337685683;337685683;Gewone Grootoorvleermuis;Plecotus auritus;2025-01-25;1;2025-01-26;1;winterslaap;gezien;adult;onbekend;150676.6026904735;206155.66132561304;4.378429412645346;51.16541724201621;ES9669;Wilrijk - Fort 7;Antwerpen;Wilrijk;Antwerpen;Site;J;Goedgekeurd op basis van bewijsmateriaal;1980-01-01;4;;4;Zoogdieren;Vespertilionidae;2026-07-08;398;S;vrij algemeen
337687496;337687496;Gewone Grootoorvleermuis;Plecotus auritus;2025-01-25;1;2025-01-26;1;winterslaap;gezien;adult;onbekend;150436.10579461843;206002.74586864188;4.374991000000023;51.164043;ES9668;Wilrijk - Fort 7;Antwerpen;Wilrijk;Antwerpen;Site;J;Goedgekeurd op basis van bewijsmateriaal;1980-01-01;4;;4;Zoogdieren;Vespertilionidae;2026-07-08;398;S;vrij algemeen
295144877;295144877;Gewone Grootoorvleermuis;Plecotus auritus;2023-12-23;12;2023-12-26;1;winterslaap;onbekend;onbekend;onbekend;158863.930935285;224378.90346063767;4.49592613;51.32914456;FS0487;Brasschaat - Fort;Brasschaat;Brasschaat;Antwerpen;Site;J;Goedgekeurd op basis van bewijsmateriaal;1980-01-01;3;Tijdens georganiseerde wintertelling;10;Zoogdieren;Vespertilionidae;2026-07-08;398;S;vrij algemeen
384690099;384690099;Gewone Grootoorvleermuis;Plecotus auritus;2026-01-23;1;2026-01-23;2;winterslaap;onbekend;onbekend;onbekend;167030.87472174177;212203.75037867948;4.612518310546875;51.21952819824219;FS1275;Oelegem - Vrieselhof (Groendomein provincie Antwerpen - regio Antw.);Ranst;Oelegem;Antwerpen;ObsMapp;J;Goedgekeurd op basis van bewijsmateriaal;1980-01-01;3;Bunker 1;3;Zoogdieren;Vespertilionidae;2026-07-08;398;S;vrij algemeen
184767050;184767050;Gewone Grootoorvleermuis;Plecotus auritus;2020-01-25;1;2020-01-25;3;winterslaap;gezien;adult;onbekend;150767.80865140303;206013.912541748;4.379733;51.164143;ES9668;Wilrijk - Fort 7;Antwerpen;Wilrijk;Antwerpen;Site;J;Goedgekeurd op basis van bewijsmateriaal;1980-01-01;4;;5;Zoogdieren;Vespertilionidae;2026-07-08;398;S;vrij algemeen
295842079;295842079;Gewone Grootoorvleermuis;Plecotus auritus;2024-01-07;1;2024-01-07;1;winterslaap;onbekend;onbekend;onbekend;167133.46245719516;212798.04582512192;4.6140148;51.22486688;FS1276;Oelegem - Fort;Ranst;Oelegem;Antwerpen;Site;J;Goedgekeurd op basis van bewijsmateriaal;1980-01-01;3;;100;Zoogdieren;Vespertilionidae;2026-07-08;398;S;vrij algemeen
325108214;325108214;Gewone Grootoorvleermuis;Plecotus auritus;2024-08-19;8;2024-08-19;1;ter plaatse;gezien;onbekend;onbekend;180537.2538525877;191957.22278903145;4.804128367072366;51.03698370219869;FS2655;  ;Hulshout;Houtvenne;Antwerpen;iObs;J;Goedgekeurd op basis van bewijsmateriaal;1980-01-01;3;;4;Zoogdieren;Vespertilionidae;2026-07-08;398;S;vrij algemeen
337063011;337063011;Gewone Grootoorvleermuis;Plecotus auritus;2025-01-14;1;2025-01-14;1;winterslaap;onbekend;onbekend;onbekend;156407.35549621738;208017.05667892096;4.460390854442494;51.18211288154073;FS0271;Mortsel - Klein Zwitserland Noord;Mortsel;Mortsel;Antwerpen;ObsIdentify;J;Goedgekeurd op basis van bewijsmateriaal;1980-01-01;4;Kelder wintertelling. Officiële cijfers komen later.;4;Zoogdieren;Vespertilionidae;2026-07-08;398;S;vrij algemeen
184767120;184767120;Gewone Grootoorvleermuis;Plecotus auritus;2020-01-25;1;2020-01-25;1;winterslaap;gezien;onbekend;onbekend;150449.04514452102;206018.0998952724;4.375176;51.164181;ES9668;Wilrijk - Fort 7;Antwerpen;Wilrijk;Antwerpen;Site;J;Goedgekeurd op basis van bewijsmateriaal;1980-01-01;4;;5;Zoogdieren;Vespertilionidae;2026-07-08;398;S;vrij algemeen
298210288;298210288;Gewone Grootoorvleermuis;Plecotus auritus;2024-02-03;2;2024-02-03;1;winterslaap;gezien;onbekend;onbekend;150766.4571171866;206157.42773476616;4.379714000000035;51.165433;ES9669;Wilrijk - Fort 7;Antwerpen;Wilrijk;Antwerpen;Site;J;Goedgekeurd op basis van bewijsmateriaal;1980-01-01;4;;2;Zoogdieren;Vespertilionidae;2026-07-08;398;S;vrij algemeen
209652212;209652212;Gewone Grootoorvleermuis;Plecotus auritus;2021-03-30;3;2021-03-30;1;dood;binnenshuis;adult;onbekend;155181.52405505866;190791.20270526595;4.4426125;51.027286;FS0153;  ;Mechelen;Mechelen;Antwerpen;Site;J;Goedgekeurd op basis van bewijsmateriaal;1980-01-01;3;;7;Zoogdieren;Vespertilionidae;2026-07-08;398;S;vrij algemeen
327705154;327705154;Gewone Grootoorvleermuis;Plecotus auritus;2024-09-10;9;2024-09-10;10;in kolonie anders;onbekend;onbekend;onbekend;181388.02870418943;233222.71162853483;4.819837093353272;51.407840728759766;FS2696;Wortel-Kolonie - Zone Noordwest;Hoogstraten;Wortel;Antwerpen;ObsMapp;J;Goedgekeurd op basis van bewijsmateriaal;1980-01-01;3;in ANS-5;3;Zoogdieren;Vespertilionidae;2026-07-08;398;S;vrij algemeen
261973247;261973247;Gewone Grootoorvleermuis;Plecotus auritus;2023-01-08;1;2023-01-10;1;winterslaap;onbekend;onbekend;onbekend;167148.4610941425;212792.8442684831;4.61422925;51.22481968;FS1276;Oelegem - Fort;Ranst;Oelegem;Antwerpen;Site;J;Goedgekeurd op basis van bewijsmateriaal;1980-01-01;3;;10;Zoogdieren;Vespertilionidae;2026-07-08;398;S;vrij algemeen
299205021;299205021;Gewone Grootoorvleermuis;Plecotus auritus;2024-02-18;2;2024-02-19;1;winterslaap;onbekend;adult;onbekend;155540.26488308824;223482.44130346455;4.448228999999969;51.321129;FS0086;Kapellen - Fort;Kapellen;Kapellen;Antwerpen;Site;J;Goedgekeurd op basis van bewijsmateriaal;1980-01-01;3;;15;Zoogdieren;Vespertilionidae;2026-07-08;398;S;vrij algemeen
258166330;258166330;Gewone Grootoorvleermuis;Plecotus auritus;2022-10-27;10;2022-10-27;1;ter plaatse;onbekend;onbekend;onbekend;156971.7832087173;239766.0982508501;4.469080567359924;51.4674663717752;FT0202;Essen - Centrum;Essen;Essen;Antwerpen;Site;J;Goedgekeurd op basis van bewijsmateriaal;1980-01-01;3;;5;Zoogdieren;Vespertilionidae;2026-07-08;398;S;vrij algemeen
228606817;228606817;Gewone Grootoorvleermuis;Plecotus auritus;2021-10-29;10;2021-10-31;1;dood;binnenshuis;onbekend;onbekend;215562.7222217489;197109.2061330797;5.30437850952148;51.0803833007813;FS6161;Koersel - Vallei van de Zwarte Beek - Overslag tot Melkpad;Beringen;Koersel;Limburg;ObsMapp;J;Goedgekeurd op basis van expertoordeel;2007-01-01;3;;2;Zoogdieren;Vespertilionidae;2026-07-08;398;S;vrij algemeen
209173838;209173838;Gewone Grootoorvleermuis;Plecotus auritus;2021-03-23;3;2021-03-23;1;ter plaatse;onbekend;onbekend;onbekend;169504.52757188975;219783.82632463984;4.6483326;51.287581;FS1483;Westmalle - Drieboomkesberg;Malle;Westmalle;Antwerpen;ObsIdentify;J;Goedgekeurd op basis van bewijsmateriaal;1980-01-01;3;;999;Zoogdieren;Vespertilionidae;2026-07-08;398;S;vrij algemeen
214794108;214794108;Gewone Grootoorvleermuis;Plecotus auritus;2021-05-25;5;2021-05-25;1;ter plaatse;verzameld;adult;onbekend;154341.22076718736;236248.15559467397;4.4311854;51.435875;ES9999;  ;Essen;Essen;Antwerpen;ObsMapp;J;Goedgekeurd op basis van bewijsmateriaal;2007-01-01;4;;5;Zoogdieren;Vespertilionidae;2026-07-08;398;S;vrij algemeen
326500183;326500183;Gewone Grootoorvleermuis;Plecotus auritus;2024-08-30;8;2024-08-31;2;ter plaatse;onbekend;adult;onbekend;181972.53787834756;220628.19359040447;4.827117919921875;51.29461231459549;FS2784;Epelaar;Beerse;Beerse;Antwerpen;Site;J;Goedgekeurd op basis van bewijsmateriaal;1980-01-01;3;;15;Zoogdieren;Vespertilionidae;2026-07-08;398;S;vrij algemeen
309800171;309800171;Gewone Grootoorvleermuis;Plecotus auritus;2024-05-16;5;2024-05-16;1;ter plaatse;onbekend;onbekend;onbekend;156208.29876066884;189970.38327669632;4.457234189955583;51.0198974609375;FS0253;Mechelen - Vrijbroekpark (Groendomein provincie Antwerpen - regio Mechelen);Mechelen;Mechelen;Antwerpen;ObsIdentify;J;Goedgekeurd op basis van bewijsmateriaal;1980-01-01;3;;645;Zoogdieren;Vespertilionidae;2026-07-08;398;S;vrij algemeen
374867458;374867458;Gewone Grootoorvleermuis;Plecotus auritus;2025-10-03;10;2025-10-03;1;ter plaatse;onbekend;onbekend;onbekend;212198.26231144436;201003.06757278368;5.2570354;51.115753499722224;FS5765;Leopoldsburg - Centrum;Leopoldsburg;Leopoldsburg;Limburg;ObsIdentify;J;Goedgekeurd op basis van bewijsmateriaal;1980-01-01;3;;999;Zoogdieren;Vespertilionidae;2026-07-08;398;S;vrij algemeen
396883602;396883602;Gewone Grootoorvleermuis;Plecotus auritus;2026-05-06;5;2026-05-07;1;ter plaatse;onbekend;adult;onbekend;179582.11891347208;232172.61024344247;4.793798445607536;51.39849880197358;FS2495;  ;Hoogstraten;Wortel;Antwerpen;Site;J;Goedgekeurd op basis van bewijsmateriaal;1980-01-01;3;;30;Zoogdieren;Vespertilionidae;2026-07-08;398;S;vrij algemeen
303606753;303606753;Gewone Grootoorvleermuis;Plecotus auritus;2024-04-06;4;2024-04-06;2;ter plaatse;gezien;adult;onbekend;158641.3943971056;205471.36301827524;4.492279770584673;51.1592015033756;FS0468;  ;Boechout;Boechout;Antwerpen;Site;J;Goedgekeurd op basis van bewijsmateriaal;1980-01-01;3;;4;Zoogdieren;Vespertilionidae;2026-07-08;398;S;vrij algemeen
279199405;279199405;Gewone Grootoorvleermuis;Plecotus auritus;2023-05-27;5;2023-07-05;1;ter plaatse;onbekend;onbekend;onbekend;188363.2986290035;218897.19453968664;4.918549060821533;51.27866371641658;FS3382;Turnhout - Tielen heide;Turnhout;Turnhout;Antwerpen;Site;J;Goedgekeurd op basis van bewijsmateriaal;1980-01-01;3;;30;Zoogdieren;Vespertilionidae;2026-07-08;398;S;vrij algemeen
324757862;324757862;Gewone Grootoorvleermuis;Plecotus auritus;2024-08-17;8;2024-08-17;1;ter plaatse;onbekend;onbekend;onbekend;156209.71070002313;189893.6847620774;4.457253000000037;51.019208;FS0252;Mechelen - Vrijbroekpark (Groendomein provincie Antwerpen - regio Mechelen);Mechelen;Mechelen;Antwerpen;Site;J;Goedgekeurd op basis van bewijsmateriaal;1980-01-01;3;;15;Zoogdieren;Vespertilionidae;2026-07-08;398;S;vrij algemeen
248177076;248177076;Gewone Grootoorvleermuis;Plecotus auritus;2022-06-18;6;2022-07-06;1;in kolonie op gebouw;gezien;onbekend;onbekend;156533.76511600972;236616.54630874936;4.46271999999999;51.439165;FS0199;Essen - Wildert;Essen;Essen;Antwerpen;Site;J;Goedgekeurd op basis van bewijsmateriaal;1980-01-01;3;aan nokbalk garage;5;Zoogdieren;Vespertilionidae;2026-07-08;398;S;vrij algemeen
256887553;256887553;Gewone Grootoorvleermuis;Plecotus auritus;2022-08-30;8;2022-10-13;1;ter plaatse;onbekend;onbekend;onbekend;156533.85923251495;236616.2345277639;4.462721347736078;51.439162196775726;FS0199;Essen - Wildert;Essen;Essen;Antwerpen;Site;J;Goedgekeurd op basis van bewijsmateriaal;1980-01-01;3;aan nokbalk in garage;5;Zoogdieren;Vespertilionidae;2026-07-08;398;S;vrij algemeen
252105361;252105361;Gewone Grootoorvleermuis;Plecotus auritus;2022-07-31;7;2022-08-12;1;ter plaatse;gezien;onbekend;onbekend;156528.89348379677;236619.6555236932;4.46265;51.439193;FS0199;Essen - Wildert;Essen;Essen;Antwerpen;Site;J;Goedgekeurd op basis van bewijsmateriaal;1980-01-01;3;aan nokbalk in garage;5;Zoogdieren;Vespertilionidae;2026-07-08;398;S;vrij algemeen
351990790;351990790;Gewone Grootoorvleermuis;Plecotus auritus;2025-05-22;5;2025-05-22;1;dood;onbekend;onbekend;onbekend;168280.48015254602;232191.76062329116;4.631418244843647;51.39914223105908;FS1395;  ;Wuustwezel;Loenhout;Antwerpen;ObsIdentify;J;Goedgekeurd op basis van bewijsmateriaal;1980-01-01;3;;4;Zoogdieren;Vespertilionidae;2026-07-08;398;S;vrij algemeen
369794401;369794401;Gewone Grootoorvleermuis;Plecotus auritus;2025-08-22;8;2025-08-22;1;dood;onbekend;onbekend;onbekend;189586.1349490765;190100.22093838267;4.932933652957473;51.019743234856605;FS3553;  ;Scherpenheuvel-Zichem;Testelt;Vlaams-Brabant;Observation;J;Goedgekeurd op basis van bewijsmateriaal;1980-01-01;3;;5;Zoogdieren;Vespertilionidae;2026-07-08;398;S;vrij algemeen
264310565;264310565;Gewone Grootoorvleermuis;Plecotus auritus;2023-02-26;2;2023-02-26;1;winterslaap;gezien;onbekend;onbekend;167136.80803214994;212783.49579695333;4.61406199999999;51.224736;FS1276;Oelegem - Fort;Ranst;Oelegem;Antwerpen;Site;J;Goedgekeurd op basis van bewijsmateriaal;1980-01-01;4;;5;Zoogdieren;Vespertilionidae;2026-07-08;398;S;vrij algemeen
245643867;245643867;Gewone Grootoorvleermuis;Plecotus auritus;2022-06-16;6;2022-06-16;1;ter plaatse;gezien en gehoord;onbekend;onbekend;174714.38447242766;188217.0902210772;4.720859;51.003642;FS2051;  ;Tremelo;Tremelo;Vlaams-Brabant;Site;J;Goedgekeurd op basis van bewijsmateriaal;1980-01-01;4;Toen we de grote parasol opendraaiden_ kwam deze vleermuis er vanonder gevlogen. Dat zal dan zeker haar/zijn slaapplekje geweest zijn?;15;Zoogdieren;Vespertilionidae;2026-07-08;398;S;vrij algemeen
222126168;222126168;Gewone Grootoorvleermuis;Plecotus auritus;2021-08-05;8;2021-08-05;1;ter plaatse;onbekend;onbekend;onbekend;214355.8912540899;192250.9853481669;5.2863007;51.036852;FS6056;  ;Heusden-Zolder;Heusden;Limburg;Site;J;Goedgekeurd op basis van bewijsmateriaal;1980-01-01;3;;5;Zoogdieren;Vespertilionidae;2026-07-08;398;S;vrij algemeen
285265390;285265390;Gewone Grootoorvleermuis;Plecotus auritus;2023-08-21;8;2023-08-21;1;dood;gezien;onbekend;onbekend;158600.51683968466;193954.7411488723;4.491422000000057;51.055682;FS0457;Mechelen - Kauwendaal;Sint-Katelijne-Waver;Sint-Katelijne-Waver;Antwerpen;ObsIdentify;J;Goedgekeurd op basis van bewijsmateriaal;1980-01-01;3;;5;Zoogdieren;Vespertilionidae;2026-07-08;398;S;vrij algemeen
333863328;333863328;Gewone Grootoorvleermuis;Plecotus auritus;2024-08-17;8;2024-11-15;4;ter plaatse;gezien;onbekend;onbekend;153942.61372224166;226407.4302490568;4.425344467163086;51.34743199335563;ES9989;Kapellen - Ertbrandbos - Fort;Kapellen;Kapellen;Antwerpen;ObsMapp;J;Goedgekeurd op basis van bewijsmateriaal;1980-01-01;3;Fort Ertbrand - gang naar gasdichte troepenkamers - links;15;Zoogdieren;Vespertilionidae;2026-07-08;398;S;vrij algemeen
346385049;346385049;Gewone Grootoorvleermuis;Plecotus auritus;2025-04-08;4;2025-04-25;1;ter plaatse;onbekend;onbekend;onbekend;186329.46899358733;232933.1656813603;4.890818999999965;51.404947;FS3196;Zondereigen - Jagersbemden;Baarle-Hertog;Baarle-Hertog;Antwerpen;Site;J;Goedgekeurd op basis van expertoordeel;1980-01-01;3;;1;Zoogdieren;Vespertilionidae;2026-07-08;398;S;vrij algemeen
191154609;191154609;Gewone Grootoorvleermuis;Plecotus auritus;2020-05-02;5;2020-05-12;1;ter plaatse;gezien;onbekend;onbekend;179181.71954328555;221301.35688836037;4.787164;51.300811;FS2484;Vlimmeren - Centrum;Beerse;Vlimmeren;Antwerpen;Site;J;Goedgekeurd op basis van bewijsmateriaal;1980-01-01;3;Gevallen uit een houten tuinhuis.__Groepsleden: Fleur Lambrecht_ Ruth De Langhe_ Marielyne Coninx_ Dries Van Moerbeke;10;Zoogdieren;Vespertilionidae;2026-07-08;398;S;vrij algemeen
378251703;378251703;Gewone Grootoorvleermuis;Plecotus auritus;2025-10-25;10;2025-10-31;6;in kolonie anders;onbekend;onbekend;onbekend;202051.2909583572;202166.42281853687;5.1122994;51.127213;FS4766;Meerhout - Gestel/Schepenenbroek;Meerhout;Meerhout;Antwerpen;ObsIdentify;J;Goedgekeurd op basis van bewijsmateriaal;1980-01-01;3;;999;Zoogdieren;Vespertilionidae;2026-07-08;398;S;vrij algemeen
378247823;378247823;Gewone Grootoorvleermuis;Plecotus auritus;2025-10-31;10;2025-10-31;1;ter plaatse;onbekend;onbekend;onbekend;202088.7875978255;202207.6629292108;5.112840905555555;51.127580297222224;FS4766;Meerhout - Gestel/Schepenenbroek;Meerhout;Meerhout;Antwerpen;ObsIdentify;J;Goedgekeurd op basis van bewijsmateriaal;1980-01-01;3;;999;Zoogdieren;Vespertilionidae;2026-07-08;398;S;vrij algemeen
218815403;218815403;Gewone Grootoorvleermuis;Plecotus auritus;2021-07-02;7;2021-07-02;1;ter plaatse;onbekend;onbekend;onbekend;154963.75459517594;192973.60424676817;4.43953833;51.0469055;FS0056;  ;Mechelen;Mechelen;Antwerpen;ObsIdentify;J;Goedgekeurd op basis van bewijsmateriaal;1980-01-01;3;;200;Zoogdieren;Vespertilionidae;2026-07-08;398;S;vrij algemeen
252236480;252236480;Gewone Grootoorvleermuis;Plecotus auritus;2022-08-13;8;2022-08-13;1;ter plaatse;onbekend;onbekend;onbekend;169216.1700937392;190859.7900113063;4.642666216445076;51.02760595306501;FS1554;  ;Putte;Putte;Antwerpen;ObsIdentify;J;Goedgekeurd op basis van bewijsmateriaal;1980-01-01;3;;4;Zoogdieren;Vespertilionidae;2026-07-08;398;S;vrij algemeen
253697567;253697567;Gewone Grootoorvleermuis;Plecotus auritus;2022-08-30;8;2022-08-30;1;ter plaatse;onbekend;onbekend;onbekend;196364.1251489605;200112.72577663977;5.030802;51.109238;FS4263;  ;Meerhout;Meerhout;Antwerpen;Site;J;Goedgekeurd op basis van bewijsmateriaal;1980-01-01;3;;25;Zoogdieren;Vespertilionidae;2026-07-08;398;S;vrij algemeen
293887954;293887954;Gewone Grootoorvleermuis;Plecotus auritus;2023-11-27;11;2023-11-27;1;ter plaatse;gezien;adult;onbekend;168174.83164746137;203067.476105338;4.628432999999973;51.137372;FS1366;Kessel - Centrum;Nijlen;Kessel;Antwerpen;Site;J;Goedgekeurd op basis van bewijsmateriaal;1980-01-01;3;;25;Zoogdieren;Vespertilionidae;2026-07-08;398;S;vrij algemeen
298274419;298274419;Gewone Grootoorvleermuis;Plecotus auritus;2024-02-03;2;2024-02-04;1;ter plaatse;onbekend;onbekend;onbekend;224989.10712448176;181568.54393885285;5.43569326378929;50.93955652970279;FS7145;Genk - De Maten - Augustijnenvijver;Diepenbeek;Diepenbeek;Limburg;Site;J;Goedgekeurd op basis van bewijsmateriaal;1980-01-01;4;;15;Zoogdieren;Vespertilionidae;2026-07-08;398;S;vrij algemeen
208231291;208231291;Gewone Grootoorvleermuis;Plecotus auritus;2021-03-01;3;2021-03-03;1;winterslaap;gezien;onbekend;onbekend;163682.06460708758;218249.7924699681;4.5648167;51.273961;FS0981;  ;Schilde;'s-Gravenwezel;Antwerpen;Site;J;Goedgekeurd op basis van bewijsmateriaal;1980-01-01;3;gezien bij opruimen tuinhuis.;5;Zoogdieren;Vespertilionidae;2026-07-08;398;S;vrij algemeen
260640600;260640600;Gewone Grootoorvleermuis;Plecotus auritus;2022-12-10;12;2022-12-12;1;ter plaatse;onbekend;onbekend;onbekend;154345.00306085392;225943.68993138892;4.43111399999998;51.343261;ES9988;Kapellen - Mastenbos;Kapellen;Kapellen;Antwerpen;Site;J;Goedgekeurd op basis van bewijsmateriaal;1980-01-01;3;;25;Zoogdieren;Vespertilionidae;2026-07-08;398;S;vrij algemeen
283538085;283538085;Gewone Grootoorvleermuis;Plecotus auritus;2023-08-09;8;2023-08-09;1;ter plaatse;onbekend;onbekend;onbekend;185162.82521274203;207969.57267330308;4.871622000000002;51.180649;FS3071;  ;Herentals;Herentals;Antwerpen;ObsMapp;J;Goedgekeurd op basis van bewijsmateriaal;1980-01-01;3;;21;Zoogdieren;Vespertilionidae;2026-07-08;398;S;vrij algemeen
224768485;224768485;Gewone Grootoorvleermuis;Plecotus auritus;2021-09-04;9;2021-09-04;1;ter plaatse;onbekend;onbekend;onbekend;181324.78875431884;200733.98660308123;4.816111111111111;51.115833333333335;FS2764;  ;Herentals;Morkhoven;Antwerpen;ObsIdentify;J;Goedgekeurd op basis van bewijsmateriaal;1980-01-01;3;;999;Zoogdieren;Vespertilionidae;2026-07-08;398;S;vrij algemeen
224372099;224372099;Gewone Grootoorvleermuis;Plecotus auritus;2021-08-31;8;2021-08-31;1;dood;onbekend;onbekend;onbekend;179741.96484850714;213072.65173588783;4.794519;51.226822;FS2576;Vorselaar - Vispluk-Berkelheide;Vorselaar;Vorselaar;Antwerpen;ObsIdentify;J;Goedgekeurd op basis van bewijsmateriaal;1980-01-01;3;;999;Zoogdieren;Vespertilionidae;2026-07-08;398;S;vrij algemeen
342788650;342788650;Gewone Grootoorvleermuis;Plecotus auritus;2025-03-31;3;2025-03-31;1;ter plaatse;nestkast;onbekend;onbekend;181358.68266128525;233555.50690079108;4.819444444444445;51.41083333333333;FS2697;Wortel-Kolonie - Zone Noordwest;Hoogstraten;Wortel;Antwerpen;ObsIdentify;J;Goedgekeurd op basis van bewijsmateriaal;1980-01-01;3;;999;Zoogdieren;Vespertilionidae;2026-07-08;398;S;vrij algemeen
371566650;371566650;Gewone Grootoorvleermuis;Plecotus auritus;2025-09-04;9;2025-09-04;1;foeragerend;batdetector;onbekend;onbekend;221677.1009179436;184019.11139178835;5.3890557289123535;50.96200180053711;FS6748;Genk - Domein Bokrijk - Zuidoost - Westelijk Vijverbekken;Genk;Genk;Limburg;ObsMapp;J;Goedgekeurd op basis van expertoordeel;1980-01-01;3;;10;Zoogdieren;Vespertilionidae;2026-07-08;398;S;vrij algemeen
239434937;239434937;Gewone Grootoorvleermuis;Plecotus auritus;2022-04-29;4;2022-04-29;1;overvliegend;batdetector;onbekend;onbekend;152004.65375926907;203038.82770207524;4.397398;51.137398;ES9766;Aartselaar - Kasteel Solhof;Aartselaar;Aartselaar;Antwerpen;Site;J;Goedgekeurd op basis van bewijsmateriaal;1980-01-01;3;Gedetermineerd en opgenomen door Echometer touch 2;25;Zoogdieren;Vespertilionidae;2026-07-08;398;S;vrij algemeen
338077758;338077758;Gewone Grootoorvleermuis;Plecotus auritus;2025-02-02;2;2025-02-02;1;ter plaatse;onbekend;onbekend;onbekend;156610.91195629662;194528.57938134763;4.463055257836714;51.06086647465324;FS0257;Walem - Fort;Mechelen;Walem;Antwerpen;Observation;J;Goedgekeurd op basis van bewijsmateriaal;1980-01-01;4;;5;Zoogdieren;Vespertilionidae;2026-07-08;398;S;vrij algemeen
338077843;338077843;Gewone Grootoorvleermuis;Plecotus auritus;2025-02-02;2;2025-02-02;1;ter plaatse;onbekend;onbekend;onbekend;156586.1528985837;194605.90851373505;4.462703492413766;51.06156186331444;FS0257;Walem - Fort;Mechelen;Walem;Antwerpen;Observation;J;Goedgekeurd op basis van bewijsmateriaal;1980-01-01;4;;5;Zoogdieren;Vespertilionidae;2026-07-08;398;S;vrij algemeen
325070028;325070028;Gewone Grootoorvleermuis;Plecotus auritus;2024-08-19;8;2024-08-19;1;ter plaatse;onbekend;onbekend;onbekend;158869.27709860983;201841.3560893871;4.4954482;51.1265692;FS0464;  ;Lint;Lint;Antwerpen;ObsIdentify;J;Goedgekeurd op basis van bewijsmateriaal;1980-01-01;3;;13;Zoogdieren;Vespertilionidae;2026-07-08;398;S;vrij algemeen
202608580;202608580;Gewone Grootoorvleermuis;Plecotus auritus;2020-11-01;11;2020-11-01;1;ter plaatse;onbekend;onbekend;onbekend;170587.44956000554;227132.00265307724;4.664274999722222;51.35358829972223;FS1590;Sint-Lenaarts - Dorpskern;Brecht;Brecht;Antwerpen;ObsIdentify;J;Goedgekeurd op basis van bewijsmateriaal;1980-01-01;3;;999;Zoogdieren;Vespertilionidae;2026-07-08;398;S;vrij algemeen
324912247;324912247;Gewone Grootoorvleermuis;Plecotus auritus;2024-08-18;8;2024-08-18;1;dood;onbekend;onbekend;onbekend;231975.6391183295;216839.90511047372;5.543021699722222;51.255619;FS7781;  ;Hamont-Achel;Hamont;Limburg;ObsIdentify;J;Goedgekeurd op basis van bewijsmateriaal;1980-01-01;3;;999;Zoogdieren;Vespertilionidae;2026-07-08;398;S;vrij algemeen
284745050;284745050;Gewone Grootoorvleermuis;Plecotus auritus;2023-08-18;8;2023-08-18;1;ter plaatse;onbekend;onbekend;onbekend;198030.1576708364;198001.1081788363;5.054311752319336;51.09012185394226;FS4361;Vorst (Laakdal) (Dg);Laakdal;Vorst;Antwerpen;Site;J;Goedgekeurd op basis van bewijsmateriaal;1980-01-01;3;;60;Zoogdieren;Vespertilionidae;2026-07-08;398;S;vrij algemeen
287633598;287633598;Gewone Grootoorvleermuis;Plecotus auritus;2023-09-11;9;2023-09-11;1;ter plaatse;onbekend;onbekend;onbekend;198534.43064805065;205110.57442384493;5.062458;51.15398197222222;FS4468;Geel - Belsbroekbos en -heide;Geel;Geel;Antwerpen;ObsIdentify;J;Goedgekeurd op basis van bewijsmateriaal;1980-01-01;3;;999;Zoogdieren;Vespertilionidae;2026-07-08;398;S;vrij algemeen
384818968;384818968;Gewone Grootoorvleermuis;Plecotus auritus;2026-01-25;1;2026-01-25;1;winterslaap;gezien;adult;onbekend;153992.91208144103;226373.5919835316;4.426065981388092;51.347127506931336;ES9989;Kapellen - Ertbrandbos - Fort;Kapellen;Kapellen;Antwerpen;ObsMapp;J;Goedgekeurd op basis van bewijsmateriaal;1980-01-01;4;Exact aantal gekend. Wintertelling Vleermuizenwerkgroep Natuurpunt Antwerpen Noord & Kempen. Met dank aan Dirk Hautekiet.;5;Zoogdieren;Vespertilionidae;2026-07-08;398;S;vrij algemeen
230082551;230082551;Gewone Grootoorvleermuis;Plecotus auritus;2021-07-22;7;2021-11-30;1;ter plaatse;onbekend;onbekend;onbekend;176180.26460595705;212844.0347452732;4.743517;51.22494;FS2176;Vorselaar - Lovenhoek;Vorselaar;Vorselaar;Antwerpen;Site;J;Goedgekeurd op basis van bewijsmateriaal;1980-01-01;3;;25;Zoogdieren;Vespertilionidae;2026-07-08;398;S;vrij algemeen
398186325;398186325;Gewone Grootoorvleermuis;Plecotus auritus;2026-05-13;5;2026-05-13;1;ter plaatse;onbekend;onbekend;onbekend;211850.9573115325;175368.9918166306;5.247739;50.88537997222223;FS5839;Kozen - Hulzenveld;Nieuwerkerken;Kozen;Limburg;ObsIdentify;J;Goedgekeurd op basis van bewijsmateriaal;1980-01-01;4;;999;Zoogdieren;Vespertilionidae;2026-07-08;398;S;vrij algemeen
221625631;221625631;Gewone Grootoorvleermuis;Plecotus auritus;2021-08-01;8;2021-08-01;1;ter plaatse;onbekend;onbekend;onbekend;174473.74697701237;204144.6828933917;4.7185016;51.1468217;FS2067;Bevel - Merodese Bossen;Nijlen;Nijlen;Antwerpen;ObsIdentify;J;Goedgekeurd op basis van bewijsmateriaal;1980-01-01;3;;5;Zoogdieren;Vespertilionidae;2026-07-08;398;S;vrij algemeen
292563379;292563379;Gewone Grootoorvleermuis;Plecotus auritus;2023-11-07;11;2023-11-07;1;ziek/gewond;gezien;onbekend;onbekend;190153.17793329983;216313.7729168106;4.943911999999955;51.255322;FS3580;  ;Kasterlee;Lichtaart;Antwerpen;Site;J;Goedgekeurd op basis van bewijsmateriaal;1980-01-01;4;Deze vleermuis leeft nog_ maar misschien verzwakt! Vreemd verhaal: hij lag plots ondersteboven op het terras. Achteraf kwam het besef dat we net dakpannen weer juist hadden gelegd na de storm Caïran. Vermoedelijk is hij daardoor opgeschrikt/wou ontsnappen/gevallen… We weten niet hoe hij er anders terecht zou kunnen komen zijn. Het beestje is in de haag geplaatst (veilig van de hond). Ik heb ook een filmpje dat hij beweegt.;7;Zoogdieren;Vespertilionidae;2026-07-08;398;S;vrij algemeen
375656854;375656854;Gewone Grootoorvleermuis;Plecotus auritus;2025-10-10;10;2025-10-10;1;ter plaatse;onbekend;onbekend;onbekend;178023.84356837644;210001.08207208943;4.769686460494995;51.19929999265187;FS2373;Vorselaar - Dorp;Vorselaar;Vorselaar;Antwerpen;Site;J;Goedgekeurd op basis van bewijsmateriaal;1980-01-01;4;;4;Zoogdieren;Vespertilionidae;2026-07-08;398;S;vrij algemeen
252541092;252541092;Gewone Grootoorvleermuis;Plecotus auritus;2022-08-17;8;2022-08-17;1;dood;onbekend;onbekend;onbekend;196856.4540162893;200923.53575585224;5.037936166666666;51.11648616666667;FS4264;Meerhout - Hezemeer;Meerhout;Meerhout;Antwerpen;ObsIdentify;J;Goedgekeurd op basis van bewijsmateriaal;1980-01-01;3;;5;Zoogdieren;Vespertilionidae;2026-07-08;398;S;vrij algemeen
225777407;225777407;Gewone Grootoorvleermuis;Plecotus auritus;2021-09-17;9;2021-09-17;1;ter plaatse;onbekend;onbekend;onbekend;229383.23214351456;198029.51276922133;5.5017788;51.0869234;FS7562;  ;Meeuwen-Gruitrode;Meeuwen;Limburg;ObsIdentify;J;Goedgekeurd op basis van bewijsmateriaal;1980-01-01;3;;22;Zoogdieren;Vespertilionidae;2026-07-08;398;S;vrij algemeen
350846512;350846512;Gewone Grootoorvleermuis;Plecotus auritus;2025-05-17;5;2025-05-17;1;dood;onbekend;onbekend;onbekend;170492.60768973315;193332.9389582863;4.660999734717484;51.04979304233284;FS1656;  ;Putte;Beerzel;Antwerpen;ObsIdentify;J;Goedgekeurd op basis van bewijsmateriaal;1980-01-01;3;;13;Zoogdieren;Vespertilionidae;2026-07-08;398;S;vrij algemeen
374455916;374455916;Gewone Grootoorvleermuis;Plecotus auritus;2025-09-29;9;2025-09-29;1;ter plaatse;onbekend;onbekend;onbekend;200761.10735542636;223505.2719983961;5.096862286652442;51.319120189011045;FS4687;Arendonk Centrum;Arendonk;Arendonk;Antwerpen;ObsIdentify;J;Goedgekeurd op basis van bewijsmateriaal;1980-01-01;4;;5;Zoogdieren;Vespertilionidae;2026-07-08;398;S;vrij algemeen
335430168;335430168;Gewone Grootoorvleermuis;Plecotus auritus;2022-06-08;6;2024-12-18;2;in kolonie op gebouw;gezien;juveniel;onbekend;156112.876055682;189956.0899808351;4.455874;51.01977;FS0253;Hotelruïne Vrijbroekpark;Mechelen;Mechelen;Antwerpen;Projectwaarneming;J;Goedgekeurd op basis van expertoordeel;2030-12-31;3;;10;Zoogdieren;Vespertilionidae;2026-07-08;398;S;vrij algemeen
335430167;335430167;Gewone Grootoorvleermuis;Plecotus auritus;2022-06-08;6;2024-12-18;4;in kolonie op gebouw;gezien;adult;onbekend;156112.876055682;189956.0899808351;4.455874;51.01977;FS0253;Hotelruïne Vrijbroekpark;Mechelen;Mechelen;Antwerpen;Projectwaarneming;J;Goedgekeurd op basis van expertoordeel;2030-12-31;3;;10;Zoogdieren;Vespertilionidae;2026-07-08;398;S;vrij algemeen
335432652;335432652;Gewone Grootoorvleermuis;Plecotus auritus;2022-07-10;7;2024-12-18;5;in kolonie op gebouw;gezien;adult;onbekend;156112.876055682;189956.0899808351;4.455874;51.01977;FS0253;Hotelruïne Vrijbroekpark;Mechelen;Mechelen;Antwerpen;Projectwaarneming;J;Goedgekeurd op basis van expertoordeel;2030-12-31;3;;10;Zoogdieren;Vespertilionidae;2026-07-08;398;S;vrij algemeen
335432850;335432850;Gewone Grootoorvleermuis;Plecotus auritus;2022-07-22;7;2024-12-18;7;in kolonie op gebouw;gezien;adult;onbekend;156117.2766683027;189972.89342894685;4.455937;51.019921;FS0253;Hotelruïne Vrijbroekpark;Mechelen;Mechelen;Antwerpen;Projectwaarneming;J;Goedgekeurd op basis van expertoordeel;2030-12-31;3;;10;Zoogdieren;Vespertilionidae;2026-07-08;398;S;vrij algemeen
335433093;335433093;Gewone Grootoorvleermuis;Plecotus auritus;2022-07-28;7;2024-12-18;4;in kolonie op gebouw;gezien;onbekend;onbekend;156117.2766683027;189972.89342894685;4.455937;51.019921;FS0253;Hotelruïne Vrijbroekpark;Mechelen;Mechelen;Antwerpen;Projectwaarneming;J;Goedgekeurd op basis van expertoordeel;2030-12-31;3;;10;Zoogdieren;Vespertilionidae;2026-07-08;398;S;vrij algemeen
321657165;321657165;Gewone Grootoorvleermuis;Plecotus auritus;2024-07-28;7;2024-07-28;1;ter plaatse;onbekend;onbekend;onbekend;187705.33952832664;206525.76024509408;4.90783128887872;51.167510986328125;FS3370;  ;Olen;Olen;Antwerpen;ObsIdentify;J;Goedgekeurd op basis van bewijsmateriaal;1980-01-01;4;;5;Zoogdieren;Vespertilionidae;2026-07-08;398;S;vrij algemeen
210550980;210550980;Gewone Grootoorvleermuis;Plecotus auritus;2021-02-10;2;2021-04-12;1;ter plaatse;onbekend;onbekend;onbekend;181063.11623005776;181794.49698000867;4.81076167;50.94560333;FS2745;  ;Holsbeek;Nieuwrode;Vlaams-Brabant;iObs;J;Goedgekeurd op basis van bewijsmateriaal;2007-01-01;3;;10;Zoogdieren;Vespertilionidae;2026-07-08;398;S;vrij algemeen
285769243;285769243;Gewone Grootoorvleermuis;Plecotus auritus;2023-08-25;8;2023-08-25;1;ter plaatse;gezien;onbekend;onbekend;172892.31484972304;216710.97645076923;4.696696999999972;51.259837;FS1880;Zoersel - Monnikenheide - Doezelbos;Zoersel;Zoersel;Antwerpen;iObs;J;Goedgekeurd op basis van bewijsmateriaal;1980-01-01;3;;20;Zoogdieren;Vespertilionidae;2026-07-08;398;S;vrij algemeen
209138405;209138405;Gewone Grootoorvleermuis;Plecotus auritus;2021-03-21;3;2021-03-22;1;ter plaatse;gezien;onbekend;onbekend;178068.1998609791;191366.62805941235;4.768882;51.0318;FS2454;  ;Heist-op-den-Berg;Booischot;Antwerpen;Site;J;Goedgekeurd op basis van bewijsmateriaal;1980-01-01;3;In regelmatig bezocht magazijn_ eerste waarneming_ meerdere uitwerpselen rood-zwart;15;Zoogdieren;Vespertilionidae;2026-07-08;398;S;vrij algemeen
258165110;258165110;Gewone Grootoorvleermuis;Plecotus auritus;2022-10-27;10;2022-10-27;1;ter plaatse;onbekend;onbekend;onbekend;156957.26575235178;239759.4976405576;4.468871541459332;51.4674072265625;FT0202;Essen - Centrum;Essen;Essen;Antwerpen;ObsIdentify;J;Goedgekeurd op basis van bewijsmateriaal;1980-01-01;3;;9;Zoogdieren;Vespertilionidae;2026-07-08;398;S;vrij algemeen
251342135;251342135;Gewone Grootoorvleermuis;Plecotus auritus;2022-08-03;8;2022-08-04;1;dood;onbekend;onbekend;onbekend;170807.8827777527;204324.40196307283;4.666125;51.148581;FS1667;  ;Nijlen;Kessel;Antwerpen;ObsIdentify;J;Goedgekeurd op basis van expertoordeel;1980-01-01;3;;999;Zoogdieren;Vespertilionidae;2026-07-08;398;S;vrij algemeen
287220128;287220128;Gewone Grootoorvleermuis;Plecotus auritus;2023-09-07;9;2023-09-07;1;ter plaatse;onbekend;onbekend;onbekend;229702.43722378372;205078.5237512868;5.507878325;51.15023373055556;FS7569;  ;Peer;Grote-Brogel;Limburg;ObsIdentify;J;Goedgekeurd op basis van bewijsmateriaal;1980-01-01;3;;999;Zoogdieren;Vespertilionidae;2026-07-08;398;S;vrij algemeen
328432262;328432262;Gewone Grootoorvleermuis;Plecotus auritus;2024-09-18;9;2024-09-18;1;ter plaatse;onbekend;onbekend;onbekend;180859.6897655848;178373.34639882948;4.807578972222222;50.914861;FS2741;  ;Holsbeek;Kortrijk-Dutsel;Vlaams-Brabant;ObsIdentify;J;Goedgekeurd op basis van bewijsmateriaal;1980-01-01;3;;999;Zoogdieren;Vespertilionidae;2026-07-08;398;S;vrij algemeen
356442250;356442250;Gewone Grootoorvleermuis;Plecotus auritus;2025-06-14;6;2025-06-14;1;ter plaatse;onbekend;onbekend;onbekend;230959.15931041152;202069.6722659236;5.525166666666666;51.123016666666665;FS7666;  ;Meeuwen-Gruitrode;Ellikom;Limburg;ObsIdentify;J;Goedgekeurd op basis van bewijsmateriaal;1980-01-01;3;;55;Zoogdieren;Vespertilionidae;2026-07-08;398;S;vrij algemeen
347969340;347969340;Gewone Grootoorvleermuis;Plecotus auritus;2025-05-02;5;2025-05-02;1;ter plaatse;onbekend;onbekend;onbekend;213411.93753811548;189731.66391803697;5.2724063;51.0143116;FS5953;  ;Heusden-Zolder;Zolder;Limburg;ObsIdentify;J;Goedgekeurd op basis van bewijsmateriaal;1980-01-01;3;;13;Zoogdieren;Vespertilionidae;2026-07-08;398;S;vrij algemeen
347969629;347969629;Gewone Grootoorvleermuis;Plecotus auritus;2025-05-02;5;2025-05-02;1;ter plaatse;onbekend;onbekend;onbekend;213394.12863814615;189719.90993626692;5.2721505;51.0142079;FS5953;  ;Heusden-Zolder;Zolder;Limburg;ObsIdentify;J;Goedgekeurd op basis van bewijsmateriaal;1980-01-01;3;;64;Zoogdieren;Vespertilionidae;2026-07-08;398;S;vrij algemeen
198307130;198307130;Gewone Grootoorvleermuis;Plecotus auritus;2020-08-12;8;2020-08-12;1;vangst door kat;onbekend;onbekend;onbekend;155565.14919127265;236208.58764817845;4.44878435134888;51.4355087280273;FS0099;Essen - Wildert;Essen;Essen;Antwerpen;ObsMapp;J;Goedgekeurd op basis van bewijsmateriaal;2007-01-01;4;In onze kamer terecht gekomen en helaas gevangen door de kat;25;Zoogdieren;Vespertilionidae;2026-07-08;398;S;vrij algemeen
227639239;227639239;Gewone Grootoorvleermuis;Plecotus auritus;2021-09-05;9;2021-10-15;1;dood;onbekend;onbekend;onbekend;183353.2193820703;181364.22457480896;4.84330833;50.94160833;FS2944;  ;Holsbeek;Nieuwrode;Vlaams-Brabant;ObsIdentify;J;Goedgekeurd op basis van bewijsmateriaal;1980-01-01;3;;12;Zoogdieren;Vespertilionidae;2026-07-08;398;S;vrij algemeen
198273681;198273681;Gewone Grootoorvleermuis;Plecotus auritus;2020-07-31;7;2020-08-11;3;ter plaatse;onbekend;onbekend;onbekend;212300.80897635105;195011.0386267565;5.2574748;51.061885;FS5859;Koersel - Stalse Molen-Nieuwendijk;Beringen;Koersel;Limburg;Site;J;Goedgekeurd op basis van bewijsmateriaal;1980-01-01;3;Drie exemplaren maken jacht op nachtvlinders. Soort niet gedetermineerd. Het gefotografeerd exemplaar hangt ter plaatse te rusten op de jachtplaats en is één van de drie exemplaren.;15;Zoogdieren;Vespertilionidae;2026-07-08;398;S;vrij algemeen
300791887;300791887;Gewone Grootoorvleermuis;Plecotus auritus;2024-03-13;3;2024-03-13;1;ter plaatse;onbekend;onbekend;onbekend;209120.7914092249;177463.39415666554;5.2092802;50.9044905;FS5541;  ;Nieuwerkerken;Wijer;Limburg;ObsIdentify;J;Goedgekeurd op basis van bewijsmateriaal;1980-01-01;3;;9;Zoogdieren;Vespertilionidae;2026-07-08;398;S;vrij algemeen
220541341;220541341;Gewone Grootoorvleermuis;Plecotus auritus;2021-05-17;5;2021-07-20;1;dood;onbekend;onbekend;onbekend;162902.3141753746;213046.32547279075;4.553457076654958;51.2272089564148;FS0876;  ;Schilde;Schilde;Antwerpen;ObsIdentify;J;Goedgekeurd op basis van bewijsmateriaal;1980-01-01;3;;25;Zoogdieren;Vespertilionidae;2026-07-08;398;S;vrij algemeen
340504099;340504099;Gewone Grootoorvleermuis;Plecotus auritus;2025-03-07;3;2025-03-07;1;ter plaatse;onbekend;onbekend;onbekend;180391.49941143757;233018.49361462143;4.805499028891915;51.40605894200008;FS2596;Wortel-Kolonie - Zone Noordwest;Hoogstraten;Wortel;Antwerpen;iObs;J;Goedgekeurd op basis van bewijsmateriaal;1980-01-01;3;;7;Zoogdieren;Vespertilionidae;2026-07-08;398;S;vrij algemeen
250162437;250162437;Gewone Grootoorvleermuis;Plecotus auritus;2022-07-24;7;2022-07-24;1;dood;gezien;adult;onbekend;173158.59173606362;179994.31907257065;4.6981732;50.929791;FS1943;  ;Leuven;Wilsele;Vlaams-Brabant;Site;J;Goedgekeurd op basis van bewijsmateriaal;1980-01-01;4;Vermoedelijk slachtoffer van vergiftiging (insecticiden).;5;Zoogdieren;Vespertilionidae;2026-07-08;398;S;vrij algemeen
247171886;247171886;Gewone Grootoorvleermuis;Plecotus auritus;2022-06-28;6;2022-06-28;1;ter plaatse;onbekend;onbekend;onbekend;178515.8048983468;209876.92484965172;4.7767149;51.1981599;FS2473;Vorselaar - Dorp;Vorselaar;Vorselaar;Antwerpen;ObsIdentify;J;Goedgekeurd op basis van bewijsmateriaal;1980-01-01;3;;60;Zoogdieren;Vespertilionidae;2026-07-08;398;S;vrij algemeen
317497453;317497453;Gewone Grootoorvleermuis;Plecotus auritus;2023-11-11;11;2024-07-05;1;ter plaatse;onbekend;onbekend;onbekend;185021.21275333207;221395.41575881743;4.870897042094803;51.30133056640625;FS3084;Vosselaar - Centrum;Vosselaar;Vosselaar;Antwerpen;ObsIdentify;J;Goedgekeurd op basis van bewijsmateriaal;1980-01-01;3;;12;Zoogdieren;Vespertilionidae;2026-07-08;398;S;vrij algemeen
301668353;301668353;Gewone Grootoorvleermuis;Plecotus auritus;2024-03-20;3;2024-03-20;1;dood;onbekend;onbekend;onbekend;210816.75470352932;181346.08672791903;5.2340335;50.9392157;FS5645;  ;Hasselt;Spalbeek;Limburg;ObsIdentify;J;Goedgekeurd op basis van bewijsmateriaal;1980-01-01;3;;5;Zoogdieren;Vespertilionidae;2026-07-08;398;S;vrij algemeen
284097516;284097516;Gewone Grootoorvleermuis;Plecotus auritus;2023-08-13;8;2023-08-13;1;dood;onbekend;onbekend;onbekend;151912.27281474686;226543.26193895843;4.396205283705514;51.348663330078125;ES9789;Putte - Dorpskern;Stabroek;Stabroek;Antwerpen;ObsIdentify;J;Goedgekeurd op basis van bewijsmateriaal;1980-01-01;3;;5;Zoogdieren;Vespertilionidae;2026-07-08;398;S;vrij algemeen
226626296;226626296;Gewone Grootoorvleermuis;Plecotus auritus;2021-09-29;9;2021-09-29;1;ter plaatse;onbekend;onbekend;onbekend;200268.43345459472;207827.2034938848;5.0876168;51.1782511;FS4571;  ;Mol;Mol;Antwerpen;ObsIdentify;J;Goedgekeurd op basis van bewijsmateriaal;1980-01-01;3;;10;Zoogdieren;Vespertilionidae;2026-07-08;398;S;vrij algemeen
287919600;287919600;Gewone Grootoorvleermuis;Plecotus auritus;2023-09-14;9;2023-09-14;1;ter plaatse;onbekend;onbekend;onbekend;204685.17651736017;211850.19968754423;5.1513805;51.2140081;FS5075;Mol - Sluis;Mol;Mol;Antwerpen;ObsIdentify;J;Goedgekeurd op basis van bewijsmateriaal;1980-01-01;3;;56;Zoogdieren;Vespertilionidae;2026-07-08;398;S;vrij algemeen
224523729;224523729;Gewone Grootoorvleermuis;Plecotus auritus;2021-09-02;9;2021-09-02;1;ter plaatse;onbekend;onbekend;onbekend;189085.2103274592;225311.9497349225;4.9295897;51.3362698;FS3488;  ;Turnhout;Turnhout;Antwerpen;ObsIdentify;J;Goedgekeurd op basis van bewijsmateriaal;1980-01-01;3;;30;Zoogdieren;Vespertilionidae;2026-07-08;398;S;vrij algemeen
250353034;250353034;Gewone Grootoorvleermuis;Plecotus auritus;2022-07-26;7;2022-07-26;1;dood;onbekend;onbekend;onbekend;189120.13369037;225295.43548276465;4.930089;51.336119;FS3488;  ;Turnhout;Turnhout;Antwerpen;ObsIdentify;J;Goedgekeurd op basis van bewijsmateriaal;1980-01-01;3;Dood;15;Zoogdieren;Vespertilionidae;2026-07-08;398;S;vrij algemeen
252368028;252368028;Gewone Grootoorvleermuis;Plecotus auritus;2022-08-15;8;2022-08-15;1;dood;onbekend;onbekend;onbekend;198641.15676854597;179920.0987299336;5.0606253;50.9275464;FS4443;  ;Halen;Loksbergen;Limburg;ObsIdentify;J;Goedgekeurd op basis van bewijsmateriaal;1980-01-01;3;;93;Zoogdieren;Vespertilionidae;2026-07-08;398;S;vrij algemeen
367453075;367453075;Gewone Grootoorvleermuis;Plecotus auritus;2025-08-08;8;2025-08-08;1;dood;onbekend;onbekend;onbekend;167749.99253610597;185030.7337470576;4.6214836;50.9752552;FS1348;  ;Haacht;Haacht;Vlaams-Brabant;ObsIdentify;J;Goedgekeurd op basis van bewijsmateriaal;1980-01-01;3;;11;Zoogdieren;Vespertilionidae;2026-07-08;398;S;vrij algemeen
284309600;284309600;Gewone Grootoorvleermuis;Plecotus auritus;2023-08-14;8;2023-08-14;1;ter plaatse;onbekend;onbekend;onbekend;203872.8426087356;214970.2298108833;5.14022;51.242127;FS4978;  ;Dessel;Dessel;Antwerpen;ObsIdentify;J;Goedgekeurd op basis van expertoordeel;1980-01-01;3;;999;Zoogdieren;Vespertilionidae;2026-07-08;398;S;vrij algemeen
362387930;362387930;Gewone Grootoorvleermuis;Plecotus auritus;2025-07-12;7;2025-07-12;1;dood;onbekend;onbekend;onbekend;182776.2732605111;195761.9729133481;4.836391666666667;51.07106116666667;FS2859;Westerlo - Schaapwees;Westerlo;Westerlo;Antwerpen;ObsIdentify;J;Goedgekeurd op basis van bewijsmateriaal;1980-01-01;4;Prooi van kat;5;Zoogdieren;Vespertilionidae;2026-07-08;398;S;vrij algemeen
225761261;225761261;Gewone Grootoorvleermuis;Plecotus auritus;2021-09-17;9;2021-09-17;1;ter plaatse;gezien;onbekend;onbekend;186815.85474292756;213097.96480084583;4.8957825;51.226641;FS3276;  ;Kasterlee;Lichtaart;Antwerpen;Site;J;Goedgekeurd op basis van bewijsmateriaal;1980-01-01;3;Gered uit de regenton;30;Zoogdieren;Vespertilionidae;2026-07-08;398;S;vrij algemeen
274570944;274570944;Gewone Grootoorvleermuis;Plecotus auritus;2023-05-04;5;2023-06-02;1;ter plaatse;onbekend;onbekend;onbekend;197023.602816329;213958.94250506532;5.042012818166667;51.23363711808334;FS4277;Retie - Prinsenpark (Groendomein provincie Antwerpen - regio Kempen);Retie;Retie;Antwerpen;ObsIdentify;J;Goedgekeurd op basis van bewijsmateriaal;1980-01-01;4;;999;Zoogdieren;Vespertilionidae;2026-07-08;398;S;vrij algemeen
274721237;274721237;Gewone Grootoorvleermuis;Plecotus auritus;2022-08-19;8;2023-06-03;1;dood;onbekend;onbekend;onbekend;191348.1825547992;210409.72389857285;4.960353970527778;51.20217143466667;FS3674;Geel - De Zegge - Wijde omgeving;Geel;Geel;Antwerpen;ObsIdentify;J;Goedgekeurd op basis van bewijsmateriaal;1980-01-01;4;;999;Zoogdieren;Vespertilionidae;2026-07-08;398;S;vrij algemeen
380633650;380633650;Gewone Grootoorvleermuis;Plecotus auritus;2025-11-15;11;2025-11-15;1;ter plaatse;onbekend;onbekend;onbekend;169744.41968258863;216830.6563048288;4.6516095;51.26102933333333;FS1580;  ;Zoersel;Halle;Antwerpen;ObsIdentify;J;Goedgekeurd op basis van bewijsmateriaal;1980-01-01;3;;999;Zoogdieren;Vespertilionidae;2026-07-08;398;S;vrij algemeen
336561546;336561546;Gewone Grootoorvleermuis;Plecotus auritus;2025-01-04;1;2025-01-04;1;winterslaap;onbekend;onbekend;onbekend;156920.30493081978;221372.61349906583;4.467983720785181;51.30215072097295;FS0284;Brasschaat - Dorpskern;Brasschaat;Brasschaat;Antwerpen;ObsIdentify;J;Goedgekeurd op basis van bewijsmateriaal;1980-01-01;3;;45;Zoogdieren;Vespertilionidae;2026-07-08;398;S;vrij algemeen
341865217;341865217;Gewone Grootoorvleermuis;Plecotus auritus;2025-03-22;3;2025-03-22;1;ter plaatse;onbekend;onbekend;onbekend;208132.3295142435;201327.6879707994;5.199025;51.1190945;FS5365;  ;Ham;Oostham;Limburg;ObsIdentify;J;Goedgekeurd op basis van bewijsmateriaal;1980-01-01;3;;30;Zoogdieren;Vespertilionidae;2026-07-08;398;S;vrij algemeen
283539771;283539771;Gewone Grootoorvleermuis;Plecotus auritus;2023-08-09;8;2023-08-09;1;dood;onbekend;onbekend;onbekend;195066.38059412563;221799.1483786805;5.014969872117826;51.30426025390625;FS4085;  ;Oud-Turnhout;Oud-Turnhout;Antwerpen;ObsIdentify;J;Goedgekeurd op basis van bewijsmateriaal;1980-01-01;3;;16;Zoogdieren;Vespertilionidae;2026-07-08;398;S;vrij algemeen
217600257;217600257;Gewone Grootoorvleermuis;Plecotus auritus;2021-06-19;6;2021-06-19;1;ter plaatse;onbekend;onbekend;onbekend;178288.4388544762;183489.39414623287;4.7714116;50.960981;FS2446;Rotselaar - Middelberg;Rotselaar;Rotselaar;Vlaams-Brabant;ObsIdentify;J;Goedgekeurd op basis van bewijsmateriaal;1980-01-01;3;;38;Zoogdieren;Vespertilionidae;2026-07-08;398;S;vrij algemeen
280594018;280594018;Gewone Grootoorvleermuis;Plecotus auritus;2023-07-15;7;2023-07-15;1;dood;onbekend;onbekend;onbekend;193909.45147547263;178944.3681809809;4.993208;50.919153;FS4042;  ;Kortenaken;Waanrode;Vlaams-Brabant;ObsIdentify;J;Goedgekeurd op basis van bewijsmateriaal;1980-01-01;3;;999;Zoogdieren;Vespertilionidae;2026-07-08;398;S;vrij algemeen
316367810;316367810;Gewone Grootoorvleermuis;Plecotus auritus;2024-06-27;6;2024-06-27;1;ter plaatse;onbekend;onbekend;onbekend;193816.56641952723;208155.3174497895;4.9953967;51.1817262;FS3971;Geel - Centrum;Geel;Geel;Antwerpen;ObsIdentify;J;Goedgekeurd op basis van bewijsmateriaal;1980-01-01;3;;13;Zoogdieren;Vespertilionidae;2026-07-08;398;S;vrij algemeen
224493174;224493174;Gewone Grootoorvleermuis;Plecotus auritus;2021-08-28;8;2021-09-01;2;ziek/gewond;onbekend;adult;onbekend;222788.07103983333;184331.4695733981;5.4049301;50.964671;FS6848;Genk - Domein Bokrijk - Zuidoost;Genk;Genk;Limburg;Site;J;Goedgekeurd op basis van bewijsmateriaal;1980-01-01;4;Zaten aan mekaar verstrengeld met de vleugels. Los gemaakt en direct terug vrijgelaten.;15;Zoogdieren;Vespertilionidae;2026-07-08;398;S;vrij algemeen
288672499;288672499;Gewone Grootoorvleermuis;Plecotus auritus;2023-09-23;9;2023-09-23;1;ter plaatse;onbekend;onbekend;onbekend;164022.83610947325;201581.7580790296;4.569053333333334;51.12413333333333;FS0964;Lier - Centrum;Lier;Lier;Antwerpen;ObsIdentify;J;Goedgekeurd op basis van bewijsmateriaal;1980-01-01;3;;4;Zoogdieren;Vespertilionidae;2026-07-08;398;S;vrij algemeen
306674390;306674390;Gewone Grootoorvleermuis;Plecotus auritus;2024-04-28;4;2024-04-28;1;ter plaatse;onbekend;onbekend;onbekend;172799.84958123317;186825.8480874421;4.6934962;50.9912147;FS1850;Tremelo - Laekdal;Tremelo;Tremelo;Vlaams-Brabant;ObsIdentify;J;Goedgekeurd op basis van bewijsmateriaal;1980-01-01;3;;999;Zoogdieren;Vespertilionidae;2026-07-08;398;S;vrij algemeen
290398990;290398990;Gewone Grootoorvleermuis;Plecotus auritus;2023-09-11;9;2023-10-11;1;ter plaatse;onbekend;onbekend;onbekend;215628.68230711628;185999.8417446902;5.303322937293439;50.98052159527263;FS6150;Kuringen - Kolberg - Rode Vijvers;Heusden-Zolder;Zolder;Limburg;ObsIdentify;J;Goedgekeurd op basis van bewijsmateriaal;1980-01-01;3;;999;Zoogdieren;Vespertilionidae;2026-07-08;398;S;vrij algemeen
320062633;320062633;Gewone Grootoorvleermuis;Plecotus auritus;2024-07-03;7;2024-07-20;1;dood;onbekend;onbekend;onbekend;169949.88806123973;205774.1957966173;4.65394315279093;51.16164286062595;FS1569;Nijlen - Centrum;Nijlen;Nijlen;Antwerpen;Site;J;Goedgekeurd op basis van bewijsmateriaal;1980-01-01;3;;35;Zoogdieren;Vespertilionidae;2026-07-08;398;S;vrij algemeen
216399125;216399125;Gewone Grootoorvleermuis;Plecotus auritus;2021-06-06;6;2021-06-08;1;ter plaatse;onbekend;onbekend;onbekend;189493.69614685423;229785.11348396167;4.93594167;51.376445;FS3493;Turnhouts Vennengebied;Turnhout;Turnhout;Antwerpen;ObsIdentify;J;Goedgekeurd op basis van bewijsmateriaal;1980-01-01;3;;65;Zoogdieren;Vespertilionidae;2026-07-08;398;S;vrij algemeen
230262570;230262570;Gewone Grootoorvleermuis;Plecotus auritus;2021-07-23;7;2021-12-05;1;ter plaatse;onbekend;onbekend;onbekend;176180.33671431034;212843.59008488897;4.743518;51.224936;FS2176;Vorselaar - Lovenhoek;Vorselaar;Vorselaar;Antwerpen;Site;J;Goedgekeurd op basis van bewijsmateriaal;1980-01-01;3;;25;Zoogdieren;Vespertilionidae;2026-07-08;398;S;vrij algemeen
209869365;209869365;Gewone Grootoorvleermuis;Plecotus auritus;2021-04-01;4;2021-04-01;1;dood;onbekend;onbekend;onbekend;167783.71207323915;220386.08943963985;4.62369667;51.29305000000001;FS1383;  ;Schilde;Schilde;Antwerpen;ObsIdentify;J;Goedgekeurd op basis van bewijsmateriaal;1980-01-01;4;;3325;Zoogdieren;Vespertilionidae;2026-07-08;398;S;vrij algemeen
263435439;263435439;Gewone Grootoorvleermuis;Plecotus auritus;2023-02-11;2;2023-02-11;1;ter plaatse;onbekend;onbekend;onbekend;174089.23128967336;182897.87398574597;4.711602;50.9558536;FS2046;Rotselaar - Centrum;Rotselaar;Rotselaar;Vlaams-Brabant;ObsIdentify;J;Goedgekeurd op basis van bewijsmateriaal;1980-01-01;3;;9;Zoogdieren;Vespertilionidae;2026-07-08;398;S;vrij algemeen
375962106;375962106;Gewone Grootoorvleermuis;Plecotus auritus;2025-10-12;10;2025-10-12;1;dood;onbekend;onbekend;onbekend;232603.44063158828;207231.4565266436;5.54982280152254;51.16917558757615;FS7871;  ;Bocholt;Bocholt;Limburg;Observation;J;Goedgekeurd op basis van bewijsmateriaal;1980-01-01;4;;5;Zoogdieren;Vespertilionidae;2026-07-08;398;S;vrij algemeen
221924155;221924155;Gewone Grootoorvleermuis;Plecotus auritus;2021-08-04;8;2021-08-04;1;ter plaatse;onbekend;onbekend;onbekend;175642.9041479645;209351.5050169816;4.7355776;51.1935722;FS2172;  ;Grobbendonk;Grobbendonk;Antwerpen;ObsIdentify;J;Goedgekeurd op basis van bewijsmateriaal;1980-01-01;3;;3;Zoogdieren;Vespertilionidae;2026-07-08;398;S;vrij algemeen
340180138;340180138;Gewone Grootoorvleermuis;Plecotus auritus;2025-03-04;3;2025-03-04;1;ter plaatse;onbekend;onbekend;onbekend;210490.6160774196;195208.85410843603;5.231687618857607;51.0638550950929;FS5659;Koersel - Dunne Broeken;Beringen;Koersel;Limburg;ObsIdentify;J;Goedgekeurd op basis van bewijsmateriaal;1980-01-01;3;;4;Zoogdieren;Vespertilionidae;2026-07-08;398;S;vrij algemeen
251812729;251812729;Gewone Grootoorvleermuis;Plecotus auritus;2022-08-09;8;2022-08-09;1;ter plaatse;onbekend;onbekend;onbekend;155959.18055789403;228527.94557981196;4.454322031278495;51.3664734155598;FS0191;  ;Kalmthout;Kalmthout;Antwerpen;ObsIdentify;J;Goedgekeurd op basis van bewijsmateriaal;1980-01-01;3;;5;Zoogdieren;Vespertilionidae;2026-07-08;398;S;vrij algemeen
250919024;250919024;Gewone Grootoorvleermuis;Plecotus auritus;2022-07-31;7;2022-07-31;1;ter plaatse;onbekend;onbekend;onbekend;230347.2189480896;184021.97905229125;5.5124544;50.9608912;FS7648;Genk - Kattevennen-Molenblook;Genk;Genk;Limburg;ObsIdentify;J;Goedgekeurd op basis van bewijsmateriaal;1980-01-01;3;;20;Zoogdieren;Vespertilionidae;2026-07-08;398;S;vrij algemeen
283811228;283811228;Gewone Grootoorvleermuis;Plecotus auritus;2023-08-11;8;2023-08-11;1;dood;onbekend;onbekend;onbekend;155397.55039993886;238606.51592051145;4.4464107464210265;51.457061767578125;FT0001;Essen - Centrum;Essen;Essen;Antwerpen;ObsIdentify;J;Goedgekeurd op basis van bewijsmateriaal;1980-01-01;3;;16;Zoogdieren;Vespertilionidae;2026-07-08;398;S;vrij algemeen
329471271;329471271;Gewone Grootoorvleermuis;Plecotus auritus;2024-09-29;9;2024-09-30;1;dood;gezien;adult;onbekend;177097.1867507335;234665.26304844115;4.758283615112305;51.42102432250977;FS2298;  ;Hoogstraten;Minderhout;Antwerpen;ObsMapp;J;Goedgekeurd op basis van bewijsmateriaal;1980-01-01;4;;5;Zoogdieren;Vespertilionidae;2026-07-08;398;S;vrij algemeen
325820586;325820586;Gewone Grootoorvleermuis;Plecotus auritus;2024-08-26;8;2024-08-26;1;ter plaatse;onbekend;onbekend;onbekend;212746.24425693296;198197.0918756947;5.2643769;51.0904738;FS5862;Beverlo - Korspel;Beringen;Beverlo;Limburg;ObsIdentify;J;Goedgekeurd op basis van bewijsmateriaal;1980-01-01;3;;20;Zoogdieren;Vespertilionidae;2026-07-08;398;S;vrij algemeen
383892981;383892981;Gewone Grootoorvleermuis;Plecotus auritus;2025-12-19;12;2026-01-11;1;winterslaap;onbekend;onbekend;onbekend;152632.15279669513;220100.85040546488;4.406489610410063;51.290755869372994;ES9883;Rangeerstation Antwerpen-Noord - Verlegde Schijn;Antwerpen;Antwerpen;Antwerpen;ObsIdentify;J;Goedgekeurd op basis van bewijsmateriaal;1980-01-01;3;;7;Zoogdieren;Vespertilionidae;2026-07-08;398;S;vrij algemeen
336002808;336002808;Gewone Grootoorvleermuis;Plecotus auritus;2024-12-28;12;2024-12-28;1;winterslaap;onbekend;onbekend;onbekend;151591.58242064912;226358.6215887247;4.391601699722223;51.3470048;ES9689;Putte - Dorpskern;Stabroek;Stabroek;Antwerpen;ObsIdentify;J;Goedgekeurd op basis van bewijsmateriaal;1980-01-01;3;;999;Zoogdieren;Vespertilionidae;2026-07-08;398;S;vrij algemeen
291167063;291167063;Gewone Grootoorvleermuis;Plecotus auritus;2023-10-21;10;2023-10-21;1;ter plaatse;onbekend;onbekend;onbekend;179438.47220885125;206516.3833501339;4.789641695789966;51.16790771484375;FS2570;  ;Herentals;Herentals;Antwerpen;ObsIdentify;J;Goedgekeurd op basis van bewijsmateriaal;1980-01-01;3;;12;Zoogdieren;Vespertilionidae;2026-07-08;398;S;vrij algemeen
323922362;323922362;Gewone Grootoorvleermuis;Plecotus auritus;2024-08-12;8;2024-08-12;1;ter plaatse;onbekend;onbekend;onbekend;206874.9723444591;191841.5410859892;5.1795877;51.033955;FS5255;  ;Beringen;Paal;Limburg;ObsIdentify;J;Goedgekeurd op basis van bewijsmateriaal;1980-01-01;3;;20;Zoogdieren;Vespertilionidae;2026-07-08;398;S;vrij algemeen
384221409;384221409;Gewone Grootoorvleermuis;Plecotus auritus;2026-01-16;1;2026-01-16;1;winterslaap;gezien;adult;onbekend;146799.17632142635;208816.9173121443;4.322973557762424;51.18932988911413;ES9271;Kruibeke - Fort;Zwijndrecht;Burcht;Antwerpen;Observation;J;Goedgekeurd op basis van bewijsmateriaal;1980-01-01;3;;15;Zoogdieren;Vespertilionidae;2026-07-08;398;S;vrij algemeen
369196710;369196710;Gewone Grootoorvleermuis;Plecotus auritus;2025-08-18;8;2025-08-18;1;dood;onbekend;onbekend;Man;168439.97183735523;216215.98042453453;4.6328912;51.2555478;FS1379;  ;Zoersel;Halle;Antwerpen;ObsIdentify;J;Goedgekeurd op basis van bewijsmateriaal;1980-01-01;3;;999;Zoogdieren;Vespertilionidae;2026-07-08;398;S;vrij algemeen
326763715;326763715;Gewone Grootoorvleermuis;Plecotus auritus;2024-09-02;9;2024-09-02;1;ter plaatse;onbekend;onbekend;onbekend;225273.07610112775;210607.4534113016;5.445729;51.2005197;FS7074;  ;Neerpelt;Neerpelt;Limburg;ObsIdentify;J;Goedgekeurd op basis van expertoordeel;1980-01-01;3;;8;Zoogdieren;Vespertilionidae;2026-07-08;398;S;vrij algemeen
368168537;368168537;Gewone Grootoorvleermuis;Plecotus auritus;2025-08-12;8;2025-08-12;1;ter plaatse;onbekend;onbekend;onbekend;212234.5224763449;190473.62313806545;5.255755555555556;51.02110833333333;FS5854;  ;Heusden-Zolder;Heusden;Limburg;ObsIdentify;J;Goedgekeurd op basis van bewijsmateriaal;1980-01-01;3;;999;Zoogdieren;Vespertilionidae;2026-07-08;398;S;vrij algemeen
368115496;368115496;Gewone Grootoorvleermuis;Plecotus auritus;2025-08-12;8;2025-08-12;1;ter plaatse;onbekend;onbekend;onbekend;212234.5224763449;190473.62313806545;5.255755555555556;51.02110833333333;FS5854;  ;Heusden-Zolder;Heusden;Limburg;ObsIdentify;J;Goedgekeurd op basis van bewijsmateriaal;1980-01-01;3;;999;Zoogdieren;Vespertilionidae;2026-07-08;398;S;vrij algemeen
309160867;309160867;Gewone Grootoorvleermuis;Plecotus auritus;2024-05-12;5;2024-05-12;1;ter plaatse;onbekend;onbekend;onbekend;203580.13231549627;188116.7635014467;5.132072166666667;51.00078888833333;FS4952;  ;Lummen;Meldert;Limburg;ObsIdentify;J;Goedgekeurd op basis van bewijsmateriaal;1980-01-01;3;;5;Zoogdieren;Vespertilionidae;2026-07-08;398;S;vrij algemeen
281895705;281895705;Gewone Grootoorvleermuis;Plecotus auritus;2023-07-25;7;2023-07-25;1;ter plaatse;onbekend;onbekend;onbekend;177191.89716484808;203622.57234662864;4.7573059;51.142007;FS2267;  ;Herenthout;Herenthout;Antwerpen;ObsIdentify;J;Goedgekeurd op basis van bewijsmateriaal;1980-01-01;3;;12;Zoogdieren;Vespertilionidae;2026-07-08;398;S;vrij algemeen
323489795;323489795;Gewone Grootoorvleermuis;Plecotus auritus;2024-08-09;8;2024-08-09;1;ter plaatse;onbekend;onbekend;onbekend;177190.6230203732;203627.9948064806;4.7572881;51.1420558;FS2267;  ;Herenthout;Herenthout;Antwerpen;ObsIdentify;J;Goedgekeurd op basis van bewijsmateriaal;1980-01-01;3;;11;Zoogdieren;Vespertilionidae;2026-07-08;398;S;vrij algemeen
219038640;219038640;Gewone Grootoorvleermuis;Plecotus auritus;2021-07-04;7;2021-07-04;1;ter plaatse;onbekend;onbekend;onbekend;177189.36852457206;203621.65794410184;4.7572697;51.1419989;FS2267;  ;Herenthout;Herenthout;Antwerpen;ObsIdentify;J;Goedgekeurd op basis van bewijsmateriaal;1980-01-01;3;;19;Zoogdieren;Vespertilionidae;2026-07-08;398;S;vrij algemeen
219038574;219038574;Gewone Grootoorvleermuis;Plecotus auritus;2021-07-04;7;2021-07-04;1;ter plaatse;onbekend;onbekend;onbekend;177191.52975813046;203627.2430401165;4.757301;51.142049;FS2267;  ;Herenthout;Herenthout;Antwerpen;ObsIdentify;J;Goedgekeurd op basis van bewijsmateriaal;1980-01-01;3;;13;Zoogdieren;Vespertilionidae;2026-07-08;398;S;vrij algemeen
279674965;279674965;Gewone Grootoorvleermuis;Plecotus auritus;2023-07-09;7;2023-07-09;1;ter plaatse;onbekend;onbekend;onbekend;177190.64774619802;203624.6128496388;4.7572882;51.1420254;FS2267;  ;Herenthout;Herenthout;Antwerpen;ObsIdentify;J;Goedgekeurd op basis van bewijsmateriaal;1980-01-01;3;;13;Zoogdieren;Vespertilionidae;2026-07-08;398;S;vrij algemeen
252599783;252599783;Gewone Grootoorvleermuis;Plecotus auritus;2022-08-17;8;2022-08-17;1;ter plaatse;onbekend;onbekend;onbekend;177191.9849926891;203621.83853826392;4.7573071;51.1420004;FS2267;  ;Herenthout;Herenthout;Antwerpen;ObsIdentify;J;Goedgekeurd op basis van bewijsmateriaal;1980-01-01;3;;11;Zoogdieren;Vespertilionidae;2026-07-08;398;S;vrij algemeen
255368379;255368379;Gewone Grootoorvleermuis;Plecotus auritus;2022-09-23;9;2022-09-23;1;ter plaatse;onbekend;onbekend;onbekend;177194.80499007826;203628.5841185385;4.7573479;51.1420609;FS2267;  ;Herenthout;Herenthout;Antwerpen;ObsIdentify;J;Goedgekeurd op basis van bewijsmateriaal;1980-01-01;3;;15;Zoogdieren;Vespertilionidae;2026-07-08;398;S;vrij algemeen
316270021;316270021;Gewone Grootoorvleermuis;Plecotus auritus;2024-06-26;6;2024-06-26;1;ter plaatse;onbekend;onbekend;onbekend;155589.77574874242;237827.4796762755;4.449163888888889;51.45005833333334;FT0000;Essen - Centrum;Essen;Essen;Antwerpen;ObsIdentify;J;Goedgekeurd op basis van bewijsmateriaal;1980-01-01;3;;999;Zoogdieren;Vespertilionidae;2026-07-08;398;S;vrij algemeen
217204531;217204531;Gewone Grootoorvleermuis;Plecotus auritus;2021-06-16;6;2021-06-16;1;ter plaatse;onbekend;onbekend;onbekend;223818.3428920704;212084.31375071127;5.425219014292048;51.21398095511944;FS6976;  ;Overpelt;Overpelt;Limburg;ObsIdentify;J;Goedgekeurd op basis van bewijsmateriaal;1980-01-01;3;;10;Zoogdieren;Vespertilionidae;2026-07-08;398;S;vrij algemeen
339891463;339891463;Gewone Grootoorvleermuis;Plecotus auritus;2025-03-01;3;2025-03-01;1;ter plaatse;onbekend;onbekend;onbekend;172172.82659401905;218133.99729711932;4.6864776611328125;51.27265548706055;FS1781;  ;Zoersel;Zoersel;Antwerpen;ObsIdentify;J;Goedgekeurd op basis van bewijsmateriaal;1980-01-01;3;;999;Zoogdieren;Vespertilionidae;2026-07-08;398;S;vrij algemeen
233552313;233552313;Gewone Grootoorvleermuis;Plecotus auritus;2022-02-09;2;2022-02-09;1;ter plaatse;onbekend;onbekend;onbekend;206717.85218439065;207191.52220219743;5.179739944444445;51.17193983333333;FS5271;Balen - Centrum;Balen;Balen;Antwerpen;ObsIdentify;J;Goedgekeurd op basis van bewijsmateriaal;1980-01-01;3;;999;Zoogdieren;Vespertilionidae;2026-07-08;398;S;vrij algemeen
325615447;325615447;Gewone Grootoorvleermuis;Plecotus auritus;2024-08-24;8;2024-08-24;1;ter plaatse;gezien;onbekend;onbekend;226240.80683470715;203699.415588378;5.458122000000003;51.138306;FS7168;Peer - Centrum;Peer;Peer;Limburg;ObsIdentify;J;Goedgekeurd op basis van bewijsmateriaal;1980-01-01;3;;10;Zoogdieren;Vespertilionidae;2026-07-08;398;S;vrij algemeen
337996019;337996019;Gewone Grootoorvleermuis;Plecotus auritus;2025-02-01;2;2025-02-01;1;ter plaatse;onbekend;onbekend;onbekend;155245.9946566596;225816.07213812508;4.4440422;51.3421064;FS0088;Kapellen - Mastenbos;Kapellen;Kapellen;Antwerpen;ObsIdentify;J;Goedgekeurd op basis van bewijsmateriaal;1980-01-01;3;;1;Zoogdieren;Vespertilionidae;2026-07-08;398;S;vrij algemeen
289401106;289401106;Gewone Grootoorvleermuis;Plecotus auritus;2023-09-30;9;2023-10-01;1;ter plaatse;onbekend;onbekend;onbekend;153326.2940213608;226802.12308840733;4.4165026;51.3509834;ES9889;Putte - Dorpskern;Kapellen;Kapellen;Antwerpen;ObsIdentify;J;Goedgekeurd op basis van bewijsmateriaal;1980-01-01;3;;1;Zoogdieren;Vespertilionidae;2026-07-08;398;S;vrij algemeen
318214943;318214943;Gewone Grootoorvleermuis;Plecotus auritus;2024-07-09;7;2024-07-09;1;ter plaatse;onbekend;onbekend;onbekend;243041.76372207917;200046.20928812493;5.6972013;51.1030126;FS8864;  ;Maaseik;Neeroeteren;Limburg;ObsIdentify;J;Goedgekeurd op basis van bewijsmateriaal;1980-01-01;3;;13;Zoogdieren;Vespertilionidae;2026-07-08;398;S;vrij algemeen
277112768;277112768;Gewone Grootoorvleermuis;Plecotus auritus;2023-06-18;6;2023-06-19;1;ter plaatse;onbekend;onbekend;onbekend;177420.1551631522;202066.99795694463;4.7604500000000005;51.12801383333333;FS2365;  ;Herenthout;Herenthout;Antwerpen;ObsIdentify;J;Goedgekeurd op basis van bewijsmateriaal;1980-01-01;3;;32;Zoogdieren;Vespertilionidae;2026-07-08;398;S;vrij algemeen
315990234;315990234;Gewone Grootoorvleermuis;Plecotus auritus;2024-06-24;6;2024-06-24;1;ter plaatse;onbekend;onbekend;Man;235934.47041495127;205265.0749822492;5.596976141059713;51.15101689220202;FS8169;  ;Bree;Beek;Limburg;Site;J;Goedgekeurd op basis van bewijsmateriaal;1980-01-01;3;Dood_ gevangen door kat;15;Zoogdieren;Vespertilionidae;2026-07-08;398;S;vrij algemeen
404679012;404679012;Gewone Grootoorvleermuis;Plecotus auritus;2026-06-13;6;2026-06-13;1;ter plaatse;onbekend;onbekend;onbekend;181875.50205100916;208061.93753362168;4.824619201423943;51.18167023510724;FS2771;  ;Herentals;Herentals;Antwerpen;ObsIdentify;J;Goedgekeurd op basis van bewijsmateriaal;1980-01-01;3;;6;Zoogdieren;Vespertilionidae;2026-07-08;398;S;vrij algemeen
223558219;223558219;Gewone Grootoorvleermuis;Plecotus auritus;2021-08-21;8;2021-08-21;1;ter plaatse;onbekend;onbekend;onbekend;156270.90486126978;227747.02686732265;4.4587841033333335;51.35945129388889;FS0190;  ;Kalmthout;Kalmthout;Antwerpen;ObsIdentify;J;Goedgekeurd op basis van bewijsmateriaal;1980-01-01;3;;999;Zoogdieren;Vespertilionidae;2026-07-08;398;S;vrij algemeen
224661789;224661789;Gewone Grootoorvleermuis;Plecotus auritus;2021-09-03;9;2021-09-03;1;ter plaatse;onbekend;onbekend;onbekend;207567.89869257665;200519.99749807268;5.190836419066124;51.11189132353125;FS5364;  ;Ham;Oostham;Limburg;ObsIdentify;J;Goedgekeurd op basis van bewijsmateriaal;1980-01-01;3;;9;Zoogdieren;Vespertilionidae;2026-07-08;398;S;vrij algemeen
331693040;331693040;Gewone Grootoorvleermuis;Plecotus auritus;2024-10-22;10;2024-10-22;7;in kolonie op gebouw;onbekend;onbekend;onbekend;176286.07098271587;198879.03024689388;4.744019444444445;51.09941111111112;FS2262;Hallaar - Grote Netevallei - Pinzieleke;Heist-op-den-Berg;Itegem;Antwerpen;ObsIdentify;J;Goedgekeurd op basis van bewijsmateriaal;1980-01-01;4;;999;Zoogdieren;Vespertilionidae;2026-07-08;398;S;vrij algemeen
223983989;223983989;Gewone Grootoorvleermuis;Plecotus auritus;2021-08-04;8;2021-08-25;1;dood;onbekend;onbekend;onbekend;175636.49620325307;209349.5819735527;4.7354858;51.1935552;FS2172;  ;Grobbendonk;Grobbendonk;Antwerpen;ObsIdentify;J;Goedgekeurd op basis van bewijsmateriaal;1980-01-01;3;;4;Zoogdieren;Vespertilionidae;2026-07-08;398;S;vrij algemeen
305362972;305362972;Gewone Grootoorvleermuis;Plecotus auritus;2024-04-17;4;2024-04-17;1;ter plaatse;onbekend;onbekend;onbekend;179939.95727243944;199294.7008645339;4.796216;51.1029696;FS2562;  ;Heist-op-den-Berg;Wiekevorst;Antwerpen;ObsIdentify;J;Goedgekeurd op basis van bewijsmateriaal;1980-01-01;3;;999;Zoogdieren;Vespertilionidae;2026-07-08;398;S;vrij algemeen
351613050;351613050;Gewone Grootoorvleermuis;Plecotus auritus;2025-05-19;5;2025-05-20;1;ter plaatse;onbekend;onbekend;onbekend;215472.258040925;187470.69045976177;5.301358899999999;50.9937599;FS6151;Zonhoven - Wijvenheide/Ter Donk/Platwijers;Heusden-Zolder;Zolder;Limburg;ObsIdentify;J;Goedgekeurd op basis van bewijsmateriaal;1980-01-01;3;;999;Zoogdieren;Vespertilionidae;2026-07-08;398;S;vrij algemeen
255448901;255448901;Gewone Grootoorvleermuis;Plecotus auritus;2022-09-25;9;2022-09-25;1;dood;onbekend;onbekend;onbekend;199154.2067198488;177901.59807726834;5.067652;50.909359;FS4541;  ;Kortenaken;Kortenaken;Vlaams-Brabant;Site;J;Goedgekeurd op basis van bewijsmateriaal;1980-01-01;3;;35;Zoogdieren;Vespertilionidae;2026-07-08;398;S;vrij algemeen
249877713;249877713;Gewone Grootoorvleermuis;Plecotus auritus;2022-07-22;7;2022-07-22;1;dood;onbekend;onbekend;onbekend;201363.0868634381;173082.69176278636;5.0983831;50.8658507;FS4737;  ;Zoutleeuw;Budingen;Vlaams-Brabant;ObsIdentify;J;Goedgekeurd op basis van bewijsmateriaal;1980-01-01;3;;20;Zoogdieren;Vespertilionidae;2026-07-08;398;S;vrij algemeen
336848067;336848067;Gewone Grootoorvleermuis;Plecotus auritus;2025-01-11;1;2025-01-11;1;winterslaap;onbekend;onbekend;onbekend;158016.58167353296;227322.1342293527;4.4838354;51.35561059972223;FS0390;  ;Kalmthout;Kalmthout;Antwerpen;ObsIdentify;J;Goedgekeurd op basis van bewijsmateriaal;1980-01-01;3;;999;Zoogdieren;Vespertilionidae;2026-07-08;398;S;vrij algemeen
284459805;284459805;Gewone Grootoorvleermuis;Plecotus auritus;2023-08-15;8;2023-08-15;1;ter plaatse;onbekend;onbekend;onbekend;216641.4754336661;191725.47408126292;5.3187877;51.03187;FS6255;  ;Heusden-Zolder;Zolder;Limburg;ObsIdentify;J;Goedgekeurd op basis van bewijsmateriaal;1980-01-01;3;;20;Zoogdieren;Vespertilionidae;2026-07-08;398;S;vrij algemeen
385146641;385146641;Gewone Grootoorvleermuis;Plecotus auritus;2026-01-31;1;2026-01-31;1;winterslaap;onbekend;onbekend;onbekend;158807.7264662818;210251.1793143265;4.494773957140069;51.20216242884428;FS0473;Wommelgem - Fort 2;Wommelgem;Wommelgem;Antwerpen;Observation;J;Goedgekeurd op basis van bewijsmateriaal;1980-01-01;4;met fortentelweekend natuurpunt;15;Zoogdieren;Vespertilionidae;2026-07-08;398;S;vrij algemeen
357771394;357771394;Gewone Grootoorvleermuis;Plecotus auritus;2025-06-20;6;2025-06-20;1;dood;uitwerpselen;onbekend;onbekend;208602.4829122557;185598.1929422319;5.2032127;50.9776643;FS5449;  ;Lummen;Lummen;Limburg;ObsIdentify;J;Goedgekeurd op basis van bewijsmateriaal;1980-01-01;3;;11;Zoogdieren;Vespertilionidae;2026-07-08;398;S;vrij algemeen
249108828;249108828;Gewone Grootoorvleermuis;Plecotus auritus;2022-07-14;7;2022-07-14;1;ter plaatse;onbekend;onbekend;onbekend;172375.89811229426;217469.7184117092;4.6893463;51.266677;FS1780;  ;Zoersel;Zoersel;Antwerpen;Site;J;Goedgekeurd op basis van bewijsmateriaal;1980-01-01;3;;7;Zoogdieren;Vespertilionidae;2026-07-08;398;S;vrij algemeen
328540473;328540473;Gewone Grootoorvleermuis;Plecotus auritus;2024-09-19;9;2024-09-19;1;dood;onbekend;onbekend;onbekend;152932.86831752193;205278.02538754695;4.4106784;51.15752129972222;ES9868;Antwerpen - Landschap Struisbeekvallei;Edegem;Edegem;Antwerpen;ObsIdentify;J;Goedgekeurd op basis van bewijsmateriaal;1980-01-01;3;;999;Zoogdieren;Vespertilionidae;2026-07-08;398;S;vrij algemeen
368753705;368753705;Gewone Grootoorvleermuis;Plecotus auritus;2025-08-15;8;2025-08-15;5;ter plaatse;nestkast;onbekend;onbekend;156916.3615949386;211559.34264091216;4.467738333333333;51.213946666666665;FS0274;Deurne - Rivierenhof (Groendomein provincie Antwerpen - regio Antw.);Antwerpen;Deurne;Antwerpen;ObsIdentify;J;Goedgekeurd op basis van bewijsmateriaal;1980-01-01;4;;4;Zoogdieren;Vespertilionidae;2026-07-08;398;S;vrij algemeen
328262773;328262773;Gewone Grootoorvleermuis;Plecotus auritus;2024-09-16;9;2024-09-16;8;ter plaatse;gezien;adult;onbekend;180527.36896021888;241571.6343232086;4.808179999999993;51.482922;FT2505;Meerle - Elsakker;Hoogstraten;Meerle;Antwerpen;ObsIdentify;J;Goedgekeurd op basis van bewijsmateriaal;1980-01-01;4;;4;Zoogdieren;Vespertilionidae;2026-07-08;398;S;vrij algemeen
284487987;284487987;Gewone Grootoorvleermuis;Plecotus auritus;2023-08-16;8;2023-08-16;1;dood;onbekend;onbekend;onbekend;184737.26609991668;217603.6997867189;4.866460999999958;51.267268;FS3081;Gierle - Centrum;Lille;Gierle;Antwerpen;ObsIdentify;J;Goedgekeurd op basis van bewijsmateriaal;1980-01-01;3;;13;Zoogdieren;Vespertilionidae;2026-07-08;398;S;vrij algemeen
324455856;324455856;Gewone Grootoorvleermuis;Plecotus auritus;2024-08-16;8;2024-08-16;1;ter plaatse;onbekend;onbekend;onbekend;159909.30640636897;187266.4966855664;4.5099067;50.9955403;FS0550;  ;Zemst;Hofstade;Vlaams-Brabant;ObsIdentify;J;Goedgekeurd op basis van bewijsmateriaal;1980-01-01;3;;16;Zoogdieren;Vespertilionidae;2026-07-08;398;S;vrij algemeen
291936998;291936998;Gewone Grootoorvleermuis;Plecotus auritus;2023-08-25;8;2023-10-29;2;ter plaatse;onbekend;adult;onbekend;172852.24926074786;216898.50343929883;4.696134924888611;51.26152411467606;FS1880;Zoersel - Monnikenheide - Doezelbos;Zoersel;Zoersel;Antwerpen;Site;J;Goedgekeurd op basis van bewijsmateriaal;1980-01-01;3;;7;Zoogdieren;Vespertilionidae;2026-07-08;398;S;vrij algemeen
368658826;368658826;Gewone Grootoorvleermuis;Plecotus auritus;2025-08-15;8;2025-08-15;1;ter plaatse;onbekend;onbekend;onbekend;182410.60261825635;188563.30562002864;4.830534916666666;51.00637433333333;FS2852;  ;Aarschot;Aarschot;Vlaams-Brabant;ObsIdentify;J;Goedgekeurd op basis van bewijsmateriaal;1980-01-01;3;;999;Zoogdieren;Vespertilionidae;2026-07-08;398;S;vrij algemeen
368072003;368072003;Gewone Grootoorvleermuis;Plecotus auritus;2025-07-22;7;2025-08-11;1;ter plaatse;onbekend;onbekend;onbekend;200627.8164009853;224555.54220629204;5.09509801864624;51.32857131958008;FS4588;Arendonk Centrum;Arendonk;Arendonk;Antwerpen;ObsMapp;J;Goedgekeurd op basis van bewijsmateriaal;1980-01-01;3;;3;Zoogdieren;Vespertilionidae;2026-07-08;398;S;vrij algemeen
284902564;284902564;Gewone Grootoorvleermuis;Plecotus auritus;2023-08-19;8;2023-08-19;1;dood;onbekend;onbekend;onbekend;157688.22815187433;220331.28977689985;4.4789721;51.2927814;FS0383;Brasschaat - Dorpskern;Brasschaat;Brasschaat;Antwerpen;ObsIdentify;J;Goedgekeurd op basis van bewijsmateriaal;1980-01-01;3;;15;Zoogdieren;Vespertilionidae;2026-07-08;398;S;vrij algemeen
286921078;286921078;Gewone Grootoorvleermuis;Plecotus auritus;2023-09-04;9;2023-09-04;1;ter plaatse;onbekend;onbekend;onbekend;183278.87685964652;208811.0204223981;4.84475757679609;51.188323974609375;FS2872;Herentals - Koulaak;Herentals;Herentals;Antwerpen;ObsIdentify;J;Goedgekeurd op basis van bewijsmateriaal;1980-01-01;3;;5;Zoogdieren;Vespertilionidae;2026-07-08;398;S;vrij algemeen
284161332;284161332;Gewone Grootoorvleermuis;Plecotus auritus;2023-08-13;8;2023-08-13;1;dood;onbekend;onbekend;onbekend;183125.07558178584;228024.75327119697;4.8443204;51.361026;FS2891;  ;Merksplas;Merksplas;Antwerpen;ObsIdentify;J;Goedgekeurd op basis van bewijsmateriaal;1980-01-01;3;;34;Zoogdieren;Vespertilionidae;2026-07-08;398;S;vrij algemeen
291953506;291953506;Gewone Grootoorvleermuis;Plecotus auritus;2023-10-30;10;2023-10-30;1;ter plaatse;onbekend;onbekend;onbekend;161150.14296201296;207899.74325602225;4.5282155287819705;51.18098594040277;FS0671;Vremde - Centrum;Boechout;Vremde;Antwerpen;Site;J;Goedgekeurd op basis van bewijsmateriaal;1980-01-01;3;;15;Zoogdieren;Vespertilionidae;2026-07-08;398;S;vrij algemeen
296699513;296699513;Gewone Grootoorvleermuis;Plecotus auritus;2024-01-16;1;2024-01-16;1;ter plaatse;onbekend;onbekend;onbekend;200523.27990250773;195640.15506722775;5.0895676;51.0686881;FS4659;Tessenderlo - Centrum;Tessenderlo;Tessenderlo;Limburg;ObsIdentify;J;Goedgekeurd op basis van expertoordeel;1980-01-01;3;;14;Zoogdieren;Vespertilionidae;2026-07-08;398;S;vrij algemeen
317629989;317629989;Gewone Grootoorvleermuis;Plecotus auritus;2024-07-06;7;2024-07-06;1;dood;onbekend;onbekend;onbekend;218383.3077301696;188395.8681501001;5.34299304709336;51.001739501953125;FS6452;  ;Zonhoven;Zonhoven;Limburg;ObsIdentify;J;Goedgekeurd op basis van bewijsmateriaal;1980-01-01;3;;4;Zoogdieren;Vespertilionidae;2026-07-08;398;S;vrij algemeen
293358804;293358804;Gewone Grootoorvleermuis;Plecotus auritus;2023-11-17;11;2023-11-17;1;ter plaatse;onbekend;onbekend;onbekend;188023.82269897775;194967.49881624524;4.911175847061187;51.0635986328125;FS3358;  ;Herselt;Herselt;Antwerpen;ObsIdentify;J;Goedgekeurd op basis van expertoordeel;1980-01-01;3;;999;Zoogdieren;Vespertilionidae;2026-07-08;398;S;vrij algemeen
367861551;367861551;Gewone Grootoorvleermuis;Plecotus auritus;2025-08-10;8;2025-08-10;1;ter plaatse;onbekend;onbekend;onbekend;184670.37995108988;187403.97364675623;4.862620899722222;50.9958223;FS3051;  ;Aarschot;Langdorp;Vlaams-Brabant;ObsIdentify;J;Goedgekeurd op basis van bewijsmateriaal;1980-01-01;3;;999;Zoogdieren;Vespertilionidae;2026-07-08;398;S;vrij algemeen
298271806;298271806;Gewone Grootoorvleermuis;Plecotus auritus;2024-02-04;2;2024-02-04;1;winterslaap;onbekend;onbekend;onbekend;195376.5065071107;196685.1804671893;5.016272999999956;51.078508;FS4160;Vorst (Laakdal) (Dg);Laakdal;Vorst;Antwerpen;ObsIdentify;J;Goedgekeurd op basis van bewijsmateriaal;1980-01-01;3;;98;Zoogdieren;Vespertilionidae;2026-07-08;398;S;vrij algemeen
371133481;371133481;Gewone Grootoorvleermuis;Plecotus auritus;2024-08-30;8;2025-08-31;1;ter plaatse;onbekend;onbekend;onbekend;168805.14281060643;199991.5456957398;4.6372793;51.1097033;FS1463;Berlaar - Centrum;Berlaar;Berlaar;Antwerpen;ObsIdentify;J;Goedgekeurd op basis van bewijsmateriaal;1980-01-01;3;;19;Zoogdieren;Vespertilionidae;2026-07-08;398;S;vrij algemeen
338069747;338069747;Gewone Grootoorvleermuis;Plecotus auritus;2025-02-02;2;2025-02-02;1;ter plaatse;onbekend;onbekend;onbekend;156552.77562143575;194524.77882662692;4.462225914001465;51.06083297729492;FS0257;Walem - Fort;Mechelen;Walem;Antwerpen;ObsMapp;J;Goedgekeurd op basis van bewijsmateriaal;1980-01-01;4;;5;Zoogdieren;Vespertilionidae;2026-07-08;398;S;vrij algemeen
338069771;338069771;Gewone Grootoorvleermuis;Plecotus auritus;2025-02-02;2;2025-02-02;1;ter plaatse;onbekend;onbekend;onbekend;156566.77401027115;194566.2026625304;4.462426342070103;51.06120517270528;FS0257;Walem - Fort;Mechelen;Walem;Antwerpen;ObsMapp;J;Goedgekeurd op basis van bewijsmateriaal;1980-01-01;4;;5;Zoogdieren;Vespertilionidae;2026-07-08;398;S;vrij algemeen
385223658;385223658;Gewone Grootoorvleermuis;Plecotus auritus;2026-02-01;2;2026-02-01;1;winterslaap;onbekend;onbekend;onbekend;156528.1317954323;194614.30497124695;4.461875999999961;51.061638;FS0257;Walem - Fort;Mechelen;Walem;Antwerpen;Site;J;Goedgekeurd op basis van bewijsmateriaal;1980-01-01;4;;15;Zoogdieren;Vespertilionidae;2026-07-08;398;S;vrij algemeen
385222067;385222067;Gewone Grootoorvleermuis;Plecotus auritus;2026-02-01;2;2026-02-01;1;winterslaap;onbekend;onbekend;onbekend;158647.8287055999;196103.360880374;4.492148000000043;51.074995;FS0459;Duffel - Fort;Duffel;Duffel;Antwerpen;Site;J;Goedgekeurd op basis van bewijsmateriaal;1980-01-01;4;;7;Zoogdieren;Vespertilionidae;2026-07-08;398;S;vrij algemeen
385221958;385221958;Gewone Grootoorvleermuis;Plecotus auritus;2026-02-01;2;2026-02-01;1;winterslaap;onbekend;onbekend;onbekend;158647.8287055999;196103.360880374;4.492148000000043;51.074995;FS0459;Duffel - Fort;Duffel;Duffel;Antwerpen;Site;J;Goedgekeurd op basis van bewijsmateriaal;1980-01-01;4;;7;Zoogdieren;Vespertilionidae;2026-07-08;398;S;vrij algemeen
385221802;385221802;Gewone Grootoorvleermuis;Plecotus auritus;2026-02-01;2;2026-02-01;1;winterslaap;onbekend;onbekend;onbekend;158647.8287055999;196103.360880374;4.492148000000043;51.074995;FS0459;Duffel - Fort;Duffel;Duffel;Antwerpen;Site;J;Goedgekeurd op basis van bewijsmateriaal;1980-01-01;4;;7;Zoogdieren;Vespertilionidae;2026-07-08;398;S;vrij algemeen
385222692;385222692;Gewone Grootoorvleermuis;Plecotus auritus;2026-02-01;2;2026-02-01;1;winterslaap;onbekend;onbekend;onbekend;156528.1317954323;194614.30497124695;4.461875999999961;51.061638;FS0257;Walem - Fort;Mechelen;Walem;Antwerpen;Site;J;Goedgekeurd op basis van bewijsmateriaal;1980-01-01;4;;15;Zoogdieren;Vespertilionidae;2026-07-08;398;S;vrij algemeen
385222601;385222601;Gewone Grootoorvleermuis;Plecotus auritus;2026-02-01;2;2026-02-01;1;winterslaap;onbekend;onbekend;onbekend;156528.1317954323;194614.30497124695;4.461875999999961;51.061638;FS0257;Walem - Fort;Mechelen;Walem;Antwerpen;Site;J;Goedgekeurd op basis van bewijsmateriaal;1980-01-01;4;;15;Zoogdieren;Vespertilionidae;2026-07-08;398;S;vrij algemeen
306300629;306300629;Gewone Grootoorvleermuis;Plecotus auritus;2024-04-26;4;2024-04-26;1;ter plaatse;onbekend;onbekend;onbekend;185120.252793178;203954.7911657132;4.8706246;51.1445652;FS3067;  ;Olen;Olen;Antwerpen;ObsIdentify;J;Goedgekeurd op basis van bewijsmateriaal;1980-01-01;3;;64;Zoogdieren;Vespertilionidae;2026-07-08;398;S;vrij algemeen
306300660;306300660;Gewone Grootoorvleermuis;Plecotus auritus;2024-04-26;4;2024-04-26;1;ter plaatse;onbekend;onbekend;onbekend;185106.3744240303;203961.16110818277;4.8704269;51.1446233;FS3067;  ;Olen;Olen;Antwerpen;ObsIdentify;J;Goedgekeurd op basis van bewijsmateriaal;1980-01-01;3;;30;Zoogdieren;Vespertilionidae;2026-07-08;398;S;vrij algemeen
398261529;398261529;Gewone Grootoorvleermuis;Plecotus auritus;2026-05-14;5;2026-05-14;1;ter plaatse;onbekend;onbekend;onbekend;155322.8067115789;227279.0719833672;4.44516629375975;51.355255001202174;FS0090;Kapellen - Kapellenbos - West;Kapellen;Kapellen;Antwerpen;Observation;J;Goedgekeurd op basis van bewijsmateriaal;1980-01-01;4;;10;Zoogdieren;Vespertilionidae;2026-07-08;398;S;vrij algemeen
291423001;291423001;Gewone Grootoorvleermuis;Plecotus auritus;2023-10-23;10;2023-10-23;1;ter plaatse;gezien;onbekend;onbekend;217779.8839572153;206052.20041425992;5.337681770324707;51.1605070503668;FS6370;Eksel - Veewei;Hechtel-Eksel;Eksel;Limburg;Site;J;Goedgekeurd op basis van bewijsmateriaal;1980-01-01;3;;30;Zoogdieren;Vespertilionidae;2026-07-08;398;S;vrij algemeen
385200786;385200786;Gewone Grootoorvleermuis;Plecotus auritus;2026-02-01;2;2026-02-01;1;winterslaap;onbekend;onbekend;onbekend;156484.17434675715;194485.79504572228;4.461246666666667;51.06048333333333;FS0257;Walem - Fort;Mechelen;Walem;Antwerpen;ObsIdentify;J;Goedgekeurd op basis van bewijsmateriaal;1980-01-01;3;;136;Zoogdieren;Vespertilionidae;2026-07-08;398;S;vrij algemeen
385225564;385225564;Gewone Grootoorvleermuis;Plecotus auritus;2026-02-01;2;2026-02-01;1;winterslaap;onbekend;onbekend;onbekend;156484.17434675715;194485.79504572228;4.461246666666667;51.06048333333333;FS0257;Walem - Fort;Mechelen;Walem;Antwerpen;ObsIdentify;J;Goedgekeurd op basis van bewijsmateriaal;1980-01-01;3;;136;Zoogdieren;Vespertilionidae;2026-07-08;398;S;vrij algemeen
319866860;319866860;Gewone Grootoorvleermuis;Plecotus auritus;2024-07-19;7;2024-07-19;1;ter plaatse;onbekend;onbekend;onbekend;194117.29750340665;206559.7165088924;4.999503333333333;51.167361666666665;FS3970;Geel - Centrum;Geel;Geel;Antwerpen;ObsIdentify;J;Goedgekeurd op basis van bewijsmateriaal;1980-01-01;3;;4;Zoogdieren;Vespertilionidae;2026-07-08;398;S;vrij algemeen
372766560;372766560;Gewone Grootoorvleermuis;Plecotus auritus;2025-09-08;9;2025-09-14;1;ter plaatse;onbekend;onbekend;onbekend;164861.11783170668;214023.9530967446;4.5815379;51.2359489;FS1077;Schilde - Centrum;Schilde;Schilde;Antwerpen;ObsIdentify;J;Goedgekeurd op basis van expertoordeel;1980-01-01;3;;1;Zoogdieren;Vespertilionidae;2026-07-08;398;S;vrij algemeen
344083976;344083976;Gewone Grootoorvleermuis;Plecotus auritus;2025-04-10;4;2025-04-10;1;ter plaatse;onbekend;onbekend;onbekend;166113.9106397313;200988.3252101019;4.598895;51.1187445;FS1164;Lier - Fort;Lier;Lier;Antwerpen;ObsIdentify;J;Goedgekeurd op basis van bewijsmateriaal;1980-01-01;3;;999;Zoogdieren;Vespertilionidae;2026-07-08;398;S;vrij algemeen
371524354;371524354;Gewone Grootoorvleermuis;Plecotus auritus;2025-09-03;9;2025-09-03;1;dood;onbekend;onbekend;onbekend;198416.2672978645;208650.4493352901;5.0612415;51.1858089;FS4472;  ;Mol;Mol;Antwerpen;ObsIdentify;J;Goedgekeurd op basis van bewijsmateriaal;1980-01-01;3;;7;Zoogdieren;Vespertilionidae;2026-07-08;398;S;vrij algemeen
371524359;371524359;Gewone Grootoorvleermuis;Plecotus auritus;2025-09-03;9;2025-09-03;1;dood;onbekend;onbekend;onbekend;198416.2672978645;208650.4493352901;5.0612415;51.1858089;FS4472;  ;Mol;Mol;Antwerpen;ObsIdentify;J;Goedgekeurd op basis van bewijsmateriaal;1980-01-01;3;;7;Zoogdieren;Vespertilionidae;2026-07-08;398;S;vrij algemeen
371524348;371524348;Gewone Grootoorvleermuis;Plecotus auritus;2025-09-03;9;2025-09-03;1;dood;onbekend;onbekend;onbekend;198416.2672978645;208650.4493352901;5.0612415;51.1858089;FS4472;  ;Mol;Mol;Antwerpen;ObsIdentify;J;Goedgekeurd op basis van bewijsmateriaal;1980-01-01;3;;7;Zoogdieren;Vespertilionidae;2026-07-08;398;S;vrij algemeen
373912942;373912942;Gewone Grootoorvleermuis;Plecotus auritus;2025-09-24;9;2025-09-24;1;ter plaatse;onbekend;onbekend;onbekend;222984.0285392099;196441.94046786052;5.4101386;51.0734972;FS6860;  ;Houthalen-Helchteren;Helchteren;Limburg;ObsIdentify;J;Goedgekeurd op basis van bewijsmateriaal;1980-01-01;3;;21;Zoogdieren;Vespertilionidae;2026-07-08;398;S;vrij algemeen
403085501;403085501;Gewone Grootoorvleermuis;Plecotus auritus;2026-06-05;6;2026-06-05;1;vangst door kat;onbekend;onbekend;onbekend;186864.3237664057;193982.85326310716;4.894536236317304;51.05482302521648;FS3257;  ;Herselt;Herselt;Antwerpen;ObsIdentify;J;Goedgekeurd op basis van bewijsmateriaal;1980-01-01;3;;15;Zoogdieren;Vespertilionidae;2026-07-08;398;S;vrij algemeen
403123488;403123488;Gewone Grootoorvleermuis;Plecotus auritus;2026-06-05;6;2026-06-05;1;ter plaatse;onbekend;onbekend;onbekend;186870.04920661575;193986.84066664707;4.894618296548798;51.05485850190585;FS3257;  ;Herselt;Herselt;Antwerpen;ObsIdentify;J;Goedgekeurd op basis van bewijsmateriaal;1980-01-01;3;;9;Zoogdieren;Vespertilionidae;2026-07-08;398;S;vrij algemeen
403119069;403119069;Gewone Grootoorvleermuis;Plecotus auritus;2026-06-05;6;2026-06-05;1;dood;onbekend;onbekend;onbekend;186870.55871582436;193986.71436414588;4.894625550465195;51.054857334132;FS3257;  ;Herselt;Herselt;Antwerpen;ObsIdentify;J;Goedgekeurd op basis van bewijsmateriaal;1980-01-01;3;;19;Zoogdieren;Vespertilionidae;2026-07-08;398;S;vrij algemeen
403123710;403123710;Gewone Grootoorvleermuis;Plecotus auritus;2026-06-05;6;2026-06-05;1;ter plaatse;onbekend;onbekend;onbekend;186876.1604662332;193982.4826475205;4.89470501534207;51.05481893936234;FS3257;  ;Herselt;Herselt;Antwerpen;ObsIdentify;J;Goedgekeurd op basis van bewijsmateriaal;1980-01-01;3;;19;Zoogdieren;Vespertilionidae;2026-07-08;398;S;vrij algemeen
390860719;390860719;Gewone Grootoorvleermuis;Plecotus auritus;2026-04-05;4;2026-04-05;1;ter plaatse;onbekend;onbekend;onbekend;203102.20653068196;185741.00417124943;5.124918999999977;50.979478;FS4949;  ;Halen;Zelem;Limburg;Site;J;Goedgekeurd op basis van bewijsmateriaal;1980-01-01;4;;15;Zoogdieren;Vespertilionidae;2026-07-08;398;S;vrij algemeen
390860742;390860742;Gewone Grootoorvleermuis;Plecotus auritus;2026-04-05;4;2026-04-05;1;ter plaatse;onbekend;onbekend;onbekend;203102.20653068196;185741.00417124943;5.124918999999977;50.979478;FS4949;  ;Halen;Zelem;Limburg;Site;J;Goedgekeurd op basis van bewijsmateriaal;1980-01-01;4;;15;Zoogdieren;Vespertilionidae;2026-07-08;398;S;vrij algemeen
390860861;390860861;Gewone Grootoorvleermuis;Plecotus auritus;2026-04-05;4;2026-04-05;1;ter plaatse;onbekend;onbekend;onbekend;203102.20653068196;185741.00417124943;5.124918999999977;50.979478;FS4949;  ;Halen;Zelem;Limburg;Site;J;Goedgekeurd op basis van bewijsmateriaal;1980-01-01;4;;15;Zoogdieren;Vespertilionidae;2026-07-08;398;S;vrij algemeen
380263727;380263727;Gewone Grootoorvleermuis;Plecotus auritus;2025-11-10;11;2025-11-10;1;winterslaap;onbekend;onbekend;onbekend;173062.54725097568;233744.3426792221;4.7002271;51.4129239;FS1897;Wuustwezel - Ecoduct 'De Munt' (Ontoegankelijk);Wuustwezel;Loenhout;Antwerpen;ObsMapp;J;Goedgekeurd op basis van bewijsmateriaal;1980-01-01;3;;999;Zoogdieren;Vespertilionidae;2026-07-08;398;S;vrij algemeen
381238188;381238188;Gewone Grootoorvleermuis;Plecotus auritus;2025-11-22;11;2025-11-26;1;winterslaap;onbekend;onbekend;onbekend;173073.88844747885;233773.8897160245;4.700391999999965;51.413189;FS1897;Wuustwezel - Ecoduct 'De Munt' (Ontoegankelijk);Wuustwezel;Loenhout;Antwerpen;Site;J;Goedgekeurd op basis van bewijsmateriaal;1980-01-01;3;vleermuiskelder;4;Zoogdieren;Vespertilionidae;2026-07-08;398;S;vrij algemeen
233727378;233727378;Gewone Grootoorvleermuis;Plecotus auritus;2022-02-12;2;2022-02-12;3;winterslaap;onbekend;onbekend;onbekend;173049.54077591567;233761.8891374115;4.7000412940979;51.4130821228027;FS1897;Wuustwezel - Ecoduct 'De Munt' (Ontoegankelijk);Wuustwezel;Loenhout;Antwerpen;ObsMapp;J;Goedgekeurd op basis van bewijsmateriaal;2007-01-01;3;;6;Zoogdieren;Vespertilionidae;2026-07-08;398;S;vrij algemeen
385043861;385043861;Gewone Grootoorvleermuis;Plecotus auritus;2026-01-23;1;2026-01-29;1;winterslaap;onbekend;onbekend;onbekend;173060.45020316076;233763.2112470856;4.700198173522949;51.41309356689453;FS1897;Wuustwezel - Ecoduct 'De Munt' (Ontoegankelijk);Wuustwezel;Loenhout;Antwerpen;ObsMapp;J;Goedgekeurd op basis van bewijsmateriaal;1980-01-01;3;;2;Zoogdieren;Vespertilionidae;2026-07-08;398;S;vrij algemeen
358438812;358438812;Gewone Grootoorvleermuis;Plecotus auritus;2025-06-23;6;2025-06-23;1;in kolonie anders;gezien;adult;onbekend;155153.486836205;224992.25086128805;4.442702777777778;51.33470277777778;FS0088;Kapellen - Mastenbos;Kapellen;Kapellen;Antwerpen;ObsMapp;J;Goedgekeurd op basis van bewijsmateriaal;1980-01-01;3;in bunker;999;Zoogdieren;Vespertilionidae;2026-07-08;398;S;vrij algemeen
222700877;222700877;Gewone Grootoorvleermuis;Plecotus auritus;2021-08-12;8;2021-08-12;1;ter plaatse;gezien;adult;onbekend;192762.2088490356;194890.15237471;4.97875833511353;51.062572479248;FS3858;  ;Laakdal;Veerle;Antwerpen;ObsMapp;J;Goedgekeurd op basis van bewijsmateriaal;2007-01-01;3;;3;Zoogdieren;Vespertilionidae;2026-07-08;398;S;vrij algemeen
277746114;277746114;Gewone Grootoorvleermuis;Plecotus auritus;2023-06-23;6;2023-06-24;1;zogend;vangst;adult;Vrouw;218742.891732098;189486.2484583585;5.348320417106152;51.01149761331829;FS6453;Laambeekvallei - Oost - Kolveren (LiLa);Zonhoven;Zonhoven;Limburg;ObsMapp;J;Goedgekeurd op basis van expertoordeel;1980-01-01;3;;5;Zoogdieren;Vespertilionidae;2026-07-08;398;S;vrij algemeen
234542527;234542527;Gewone Grootoorvleermuis;Plecotus auritus;2022-03-01;3;2022-03-01;1;ter plaatse;gezien;adult;onbekend;195393.2081201028;228252.8456236208;5.0204691;51.362238;FS4092;Ravels - Het Kijkverdriet;Ravels;Ravels;Antwerpen;Site;J;Goedgekeurd op basis van bewijsmateriaal;1980-01-01;3;;5;Zoogdieren;Vespertilionidae;2026-07-08;398;S;vrij algemeen
211537422;211537422;Gewone Grootoorvleermuis;Plecotus auritus;2021-04-23;4;2021-04-23;1;ter plaatse;gezien;adult;onbekend;190687.60346666185;226229.1332443608;4.952685;51.344402;FS3589;  ;Turnhout;Turnhout;Antwerpen;ObsMapp;J;Goedgekeurd op basis van bewijsmateriaal;2007-01-01;3;;5;Zoogdieren;Vespertilionidae;2026-07-08;398;S;vrij algemeen
385750752;385750752;Gewone Grootoorvleermuis;Plecotus auritus;2026-02-09;2;2026-02-09;1;winterslaap;onbekend;onbekend;onbekend;150624.25529626728;206201.35903063696;4.377681124460651;51.16582806265506;ES9669;Wilrijk - Fort 7;Antwerpen;Wilrijk;Antwerpen;Site;J;Goedgekeurd op basis van bewijsmateriaal;1980-01-01;3;;15;Zoogdieren;Vespertilionidae;2026-07-08;398;S;vrij algemeen
226995284;226995284;Gewone Grootoorvleermuis;Plecotus auritus;2021-09-29;9;2021-10-04;1;ter plaatse;gezien;onbekend;onbekend;224407.51443720065;213712.2195201032;5.4339843;51.228536;FS6978;  ;Neerpelt;Neerpelt;Limburg;Site;J;Goedgekeurd op basis van bewijsmateriaal;1980-01-01;3;Groenstraat 3_ 3910 Neerpelt. Via oproep. Plaatsbezoek en determinatie door Ghis Palmans.;10;Zoogdieren;Vespertilionidae;2026-07-08;398;S;vrij algemeen
331968124;331968124;Gewone Grootoorvleermuis;Plecotus auritus;2024-06-19;6;2024-10-25;1;in kolonie op gebouw;gezien;adult;onbekend;222787.3871725886;184319.34009871632;5.404917955092969;50.96456206219095;FS6848;Genk - Domein Bokrijk - Zuidoost;Genk;Genk;Limburg;Site;J;Goedgekeurd op basis van expertoordeel;1980-01-01;3;drie dieren aan de balken van de klusschuur van Oeffelt.;8;Zoogdieren;Vespertilionidae;2026-07-08;398;S;vrij algemeen
331968092;331968092;Gewone Grootoorvleermuis;Plecotus auritus;2024-06-19;6;2024-10-25;12;in kolonie op gebouw;gezien;adult;onbekend;222919.0058204297;184016.80970665347;5.406731128387037;50.96182628514004;FS6948;Genk - Domein Bokrijk - Zuidoost;Genk;Genk;Limburg;Site;J;Goedgekeurd op basis van expertoordeel;1980-01-01;3;Ook een dood naakt jong in de bierketel.;8;Zoogdieren;Vespertilionidae;2026-07-08;398;S;vrij algemeen
261928404;261928404;Gewone Grootoorvleermuis;Plecotus auritus;2022-08-13;8;2023-01-09;1;dood;onbekend;onbekend;onbekend;194084.32768863533;227739.1752324272;5.00161552429199;51.357723236084;FS3991;  ;Oud-Turnhout;Oud-Turnhout;Antwerpen;ObsMapp;J;Goedgekeurd op basis van bewijsmateriaal;2022-09-13;3;;4;Zoogdieren;Vespertilionidae;2026-07-08;398;S;vrij algemeen
391735498;391735498;Gewone Grootoorvleermuis;Plecotus auritus;2026-04-10;4;2026-04-10;1;dood;binnenshuis;adult;Man;168541.4318232474;191421.4806164652;4.6330769999999575;51.032677;FS1454;  ;Putte;Putte;Antwerpen;Site;J;Goedgekeurd op basis van bewijsmateriaal;1980-01-01;3;;999;Zoogdieren;Vespertilionidae;2026-07-08;398;S;vrij algemeen
201546868;201546868;Gewone Grootoorvleermuis;Plecotus auritus;2020-09-06;9;2020-10-12;1;dood;gezien;adult;onbekend;186819.72492725463;188349.5075808028;4.893331811256368;51.00418892267284;FS3251;  ;Aarschot;Langdorp;Vlaams-Brabant;iObs;J;Goedgekeurd op basis van bewijsmateriaal;2007-01-01;3;;65;Zoogdieren;Vespertilionidae;2026-07-08;398;S;vrij algemeen
200756059;200756059;Gewone Grootoorvleermuis;Plecotus auritus;2020-09-27;9;2020-09-27;1;ter plaatse;vangst;adult;onbekend;194122.08174190225;175128.29550071247;4.995773;50.884834;FS4038;  ;Kortenaken;Kersbeek-Miskom;Vlaams-Brabant;ObsMapp;J;Goedgekeurd op basis van bewijsmateriaal;2007-01-01;4;Gevangen in de garage met vlindernet en nadien vrijgelaten.;25;Zoogdieren;Vespertilionidae;2026-07-08;398;S;vrij algemeen
338686376;338686376;Gewone Grootoorvleermuis;Plecotus auritus;2025-02-02;2;2025-02-11;7;winterslaap;gezien;onbekend;onbekend;158853.0304799509;224348.6710130712;4.495768999999996;51.328873;FS0487;Brasschaat - Fort;Brasschaat;Brasschaat;Antwerpen;Site;J;Goedgekeurd op basis van bewijsmateriaal;1980-01-01;3;telling hele fort_ details in meetnetten.Be;15;Zoogdieren;Vespertilionidae;2026-07-08;398;S;vrij algemeen
250307665;250307665;Gewone Grootoorvleermuis;Plecotus auritus;2022-07-24;7;2022-07-25;1;in kolonie op gebouw;onbekend;onbekend;onbekend;222573.56491734216;184449.55517242945;5.40190029144287;50.9657592773438;FS6848;Genk - Domein Bokrijk - Zuidoost;Genk;Genk;Limburg;ObsMapp;J;Goedgekeurd op basis van expertoordeel;2007-01-01;3;wss hangplek in de nacht iig;3;Zoogdieren;Vespertilionidae;2026-07-08;398;S;vrij algemeen
357838131;357838131;Gewone Grootoorvleermuis;Plecotus auritus;2025-06-20;6;2025-06-21;1;ter plaatse;vangst;adult;Vrouw;157038.28755200753;212091.1803962616;4.469493627548218;51.218725551497386;FS0275;Deurne - Rivierenhof (Groendomein provincie Antwerpen - regio Antw.);Antwerpen;Deurne;Antwerpen;Site;J;Goedgekeurd op basis van expertoordeel;1980-01-01;3;gezenderd;7;Zoogdieren;Vespertilionidae;2026-07-08;398;S;vrij algemeen
371566667;371566667;Gewone Grootoorvleermuis;Plecotus auritus;2025-09-04;9;2025-09-04;7;in kolonie op gebouw;gezien;onbekend;onbekend;221684.4002682058;184014.54332374223;5.389158725738525;50.96195983886719;FS6748;Genk - Domein Bokrijk - Zuidoost - Westelijk Vijverbekken;Genk;Genk;Limburg;ObsMapp;J;Goedgekeurd op basis van expertoordeel;1980-01-01;3;;3;Zoogdieren;Vespertilionidae;2026-07-08;398;S;vrij algemeen
374501472;374501472;Gewone Grootoorvleermuis;Plecotus auritus;2025-09-18;9;2025-09-29;1;ter plaatse;vangst;adult;Man;224489.46367280107;183126.5723873228;5.428902022540569;50.953624970697724;FS7047;Genk - Sint-Jozefinstituut;Genk;Genk;Limburg;ObsMapp;J;Goedgekeurd op basis van expertoordeel;1980-01-01;3;;5;Zoogdieren;Vespertilionidae;2026-07-08;398;S;vrij algemeen
372865768;372865768;Gewone Grootoorvleermuis;Plecotus auritus;2025-09-12;9;2025-09-15;1;ter plaatse;telemetrie;adult;Vrouw;177782.86653412876;182629.69927535672;4.764150142669678;50.95327758789063;FS2346;Wezemaal - Wijngaardberg;Rotselaar;Wezemaal;Vlaams-Brabant;ObsMapp;J;Goedgekeurd op basis van bewijsmateriaal;1980-01-01;3;150.099 losgelaten;5;Zoogdieren;Vespertilionidae;2026-07-08;398;S;vrij algemeen
372866562;372866562;Gewone Grootoorvleermuis;Plecotus auritus;2025-09-12;9;2025-09-15;1;ter plaatse;vangst;adult;Vrouw;177758.18667768582;182630.8372368384;4.763799000000063;50.953289;FS2346;Wezemaal - Wijngaardberg;Rotselaar;Wezemaal;Vlaams-Brabant;Site;J;Goedgekeurd op basis van bewijsmateriaal;1980-01-01;3;gezenderd V5 150.099;7;Zoogdieren;Vespertilionidae;2026-07-08;398;S;vrij algemeen
374128308;374128308;Gewone Grootoorvleermuis;Plecotus auritus;2025-09-26;9;2025-09-26;3;in kolonie anders;gezien;onbekend;onbekend;221680.96183610367;184013.6472296361;5.389109611511231;50.961952209472656;FS6748;Genk - Domein Bokrijk - Zuidoost - Westelijk Vijverbekken;Genk;Genk;Limburg;ObsMapp;J;Goedgekeurd op basis van expertoordeel;1980-01-01;3;;3;Zoogdieren;Vespertilionidae;2026-07-08;398;S;vrij algemeen
318715988;318715988:3546763;Gewone Grootoorvleermuis;Plecotus auritus;2024-07-12;7;2024-07-13;2;ter plaatse;vangst;adult;Man;222756.33855894435;184339.37068823352;5.404480000000035;50.964746;FS6848;Genk - Domein Bokrijk - Zuidoost;Genk;Genk;Limburg;Site;J;Goedgekeurd op basis van bewijsmateriaal;1980-01-01;3;;4;Zoogdieren;Vespertilionidae;2026-07-08;398;S;vrij algemeen
318715988;318715988:3546764;Gewone Grootoorvleermuis;Plecotus auritus;2024-07-12;7;2024-07-13;1;zogend;vangst;adult;Vrouw;222756.33855894435;184339.37068823352;5.404480000000035;50.964746;FS6848;Genk - Domein Bokrijk - Zuidoost;Genk;Genk;Limburg;Site;J;Goedgekeurd op basis van bewijsmateriaal;1980-01-01;3;;4;Zoogdieren;Vespertilionidae;2026-07-08;398;S;vrij algemeen
214814430;214814430;Gewone Grootoorvleermuis;Plecotus auritus;2021-05-25;5;2021-05-25;6;ter plaatse;gezien;onbekend;onbekend;176190.18495838784;212830.17788440172;4.743658;51.224815;FS2176;Vorselaar - Lovenhoek;Vorselaar;Vorselaar;Antwerpen;ObsMapp;J;Goedgekeurd op basis van bewijsmateriaal;2007-01-01;3;6 grootoren aanwezig in toekomstig winterobject. 2 wakker_ 4 in torpor. En dat terwijl de inrichtingswerken in de ruimte bezig zijn;6;Zoogdieren;Vespertilionidae;2026-07-08;398;S;vrij algemeen
