wn_id;unieke_id;naam_nl;naam_lat;datum;maand;invoerdatum;aantal;gedrag;methode;kleed;geslacht;x;y;lon;lat;utm1;gebied;gemeente;deelgemeente;provincie;typewaarneming;zeker;status;embargo_datum;toestemming_wnr;bijzonderheden;precisie;soortgroep;familie;aanleverdatum;id_species;id_species_type;zeldzaamheid
249532662;249532662;Zwarte heidelibel;Sympetrum danae;2022-07-17;7;2022-07-18;1;ter plaatse;gezien;imago;Man;209201.7696892112;202018.44421487304;5.21441030502319;51.1251945495605;FS5466;Ham - Immertse bossen;Ham;Oostham;Limburg;ObsMapp;J;Goedgekeurd op basis van bewijsmateriaal;2007-01-01;4;;3;Libellen;Libellulidae;2026-07-08;634;S;zeldzaam
324365088;324365088;Zwarte heidelibel;Sympetrum danae;2024-08-13;8;2024-08-16;1;ter plaatse;gezien;imago;Vrouw;209574.12237757692;202643.23821597267;5.219830999999999;51.130772;FS5566;Ham - Immertse bossen;Ham;Oostham;Limburg;ObsMapp;J;Goedgekeurd op basis van bewijsmateriaal;1980-01-01;4;;1;Libellen;Libellulidae;2026-07-08;634;S;zeldzaam
324365077;324365077;Zwarte heidelibel;Sympetrum danae;2024-08-13;8;2024-08-16;1;ter plaatse;gezien;imago;Vrouw;210775.8673032752;207379.2327886941;5.237790000000018;51.173214;FS5671;Balen - De Most;Balen;Balen;Antwerpen;ObsMapp;J;Goedgekeurd op basis van kennisregels - automatische beeldherkenning (NIA);1980-01-01;4;;1;Libellen;Libellulidae;2026-07-08;634;S;zeldzaam
323842110;323842110;Zwarte heidelibel;Sympetrum danae;2024-08-11;8;2024-08-12;1;ter plaatse;gezien;imago;Vrouw;210951.75319529464;207458.0656219684;5.240318000000002;51.173904;FS5671;Balen - De Most;Balen;Balen;Antwerpen;ObsMapp;J;Goedgekeurd op basis van kennisregels - automatische beeldherkenning (NIA);1980-01-01;4;;1;Libellen;Libellulidae;2026-07-08;634;S;zeldzaam
324365081;324365081;Zwarte heidelibel;Sympetrum danae;2024-08-13;8;2024-08-16;1;ter plaatse;gezien;imago;Vrouw;210962.62087487572;206892.48267703224;5.240378379821777;51.16881942749024;FS5670;Balen - De Most;Balen;Balen;Antwerpen;ObsMapp;J;Goedgekeurd op basis van kennisregels - nabijheid;1980-01-01;4;;1;Libellen;Libellulidae;2026-07-08;634;S;zeldzaam
323970971;323970971;Zwarte heidelibel;Sympetrum danae;2024-08-11;8;2024-08-13;1;ter plaatse;onbekend;imago;onbekend;210962.98417202616;207454.84878735055;5.240478038787842;51.17387390136719;FS5671;Balen - De Most;Balen;Balen;Antwerpen;ObsMapp;J;Goedgekeurd op basis van kennisregels - nabijheid;1980-01-01;3;;2;Libellen;Libellulidae;2026-07-08;634;S;zeldzaam
197536498;197536498;Zwarte heidelibel;Sympetrum danae;2020-08-01;8;2020-08-01;1;ter plaatse;gezien;imago;Vrouw;207037.7177580916;213068.8181780428;5.185238;51.224733;FS5277;Mol - Klein Verkallen;Mol;Mol;Antwerpen;Site;J;Goedgekeurd op basis van bewijsmateriaal;1980-01-01;3;;25;Libellen;Libellulidae;2026-07-08;634;S;zeldzaam
222705726;222705726;Zwarte heidelibel;Sympetrum danae;2021-08-11;8;2021-08-12;1;ter plaatse;gezien;imago, niet uitgekleurd;Vrouw;222830.4737059181;216442.1076877406;5.4119596;51.253272;FS6880;Neerpelt - Het Hageven;Neerpelt;Neerpelt;Limburg;Site;J;Goedgekeurd op basis van bewijsmateriaal;1980-01-01;3;;30;Libellen;Libellulidae;2026-07-08;634;S;zeldzaam
253551849;253551849;Zwarte heidelibel;Sympetrum danae;2022-08-28;8;2022-08-28;1;ter plaatse;onbekend;imago;Man;223062.97181245283;216862.3048503669;5.41537427902222;51.2570190429688;FS6881;Neerpelt - Het Hageven;Neerpelt;Neerpelt;Limburg;ObsMapp;J;Goedgekeurd op basis van kennisregels - nabijheid;2007-01-01;3;;3;Libellen;Libellulidae;2026-07-08;634;S;zeldzaam
253551856;253551856;Zwarte heidelibel;Sympetrum danae;2022-08-28;8;2022-08-28;1;ter plaatse;onbekend;imago;Man;223036.3578694035;216875.08749793656;5.4149956703186;51.257137298584;FS6881;Neerpelt - Het Hageven;Neerpelt;Neerpelt;Limburg;ObsMapp;J;Goedgekeurd op basis van kennisregels - nabijheid;2007-01-01;3;;3;Libellen;Libellulidae;2026-07-08;634;S;zeldzaam
316485753;316485753;Zwarte heidelibel;Sympetrum danae;2024-06-27;6;2024-06-27;1;ter plaatse;gezien;imago;onbekend;205439.4549236796;220253.12429978605;5.163462637283374;51.2894595800778;FS5084;Postel - Ronde Put;Mol;Mol;Antwerpen;Site;J;Goedgekeurd op basis van kennisregels - automatische beeldherkenning (NIA);2025-07-07;3;;30;Libellen;Libellulidae;2026-07-08;634;S;zeldzaam
316484236;316484236;Zwarte heidelibel;Sympetrum danae;2024-06-27;6;2024-06-27;1;ter plaatse;gezien;imago;Vrouw;205595.65695530927;220203.9989675358;5.16569400000003;51.289003;FS5184;Postel - Ronde Put;Mol;Mol;Antwerpen;Site;J;Goedgekeurd op basis van kennisregels - automatische beeldherkenning (NIA);2025-07-07;3;;30;Libellen;Libellulidae;2026-07-08;634;S;zeldzaam
316483781;316483781;Zwarte heidelibel;Sympetrum danae;2024-06-27;6;2024-06-27;1;ter plaatse;gezien;imago;Vrouw;205595.6729784718;220204.034800848;5.165694235183764;51.289003320509295;FS5184;Postel - Ronde Put;Mol;Mol;Antwerpen;Site;J;Goedgekeurd op basis van kennisregels - automatische beeldherkenning (NIA);2025-07-07;3;;30;Libellen;Libellulidae;2026-07-08;634;S;zeldzaam
223619606;223619606;Zwarte heidelibel;Sympetrum danae;2021-08-21;8;2021-08-21;3;ter plaatse;onbekend;imago;Vrouw;154677.1665785588;229980.6486559408;4.4359338;51.379542;ES9993;Grenspark Kalmthoutse Heide - Nieuwe Gemeentebossen - Putse Moer;Kalmthout;Kalmthout;Antwerpen;Site;J;Goedgekeurd op basis van bewijsmateriaal;1980-01-01;3;;15;Libellen;Libellulidae;2026-07-08;634;S;zeldzaam
320197035;320197035;Zwarte heidelibel;Sympetrum danae;2024-07-19;7;2024-07-21;1;foeragerend;gezien;imago;Vrouw;180899.86209084344;218019.16936104;4.811516999999981;51.271221;FS2681;Lille - Visbeekvallei - Lilse Zegge;Lille;Lille;Antwerpen;ObsMapp;J;Goedgekeurd op basis van bewijsmateriaal;1980-01-01;3;;3;Libellen;Libellulidae;2026-07-08;634;S;zeldzaam
316483677;316483677;Zwarte heidelibel;Sympetrum danae;2024-06-27;6;2024-06-27;1;ter plaatse;gezien;imago;Vrouw;205664.54149616687;220201.73528293052;5.16668100000004;51.288976;FS5184;Postel - Ronde Put;Mol;Mol;Antwerpen;Site;J;Goedgekeurd op basis van kennisregels - automatische beeldherkenning (NIA);2025-07-07;3;;30;Libellen;Libellulidae;2026-07-08;634;S;zeldzaam
285109066;285109066;Zwarte heidelibel;Sympetrum danae;2023-08-16;8;2023-08-20;1;ter plaatse;gezien;imago;Man;222536.681883752;216696.57003221568;5.407803000000058;51.255596;FS6881;Neerpelt - Het Hageven;Lommel;Lommel;Limburg;ObsMapp;J;Goedgekeurd op basis van kennisregels - automatische beeldherkenning (NIA);2023-11-16;4;;4;Libellen;Libellulidae;2026-07-08;634;S;zeldzaam
228605449;228605449;Zwarte heidelibel;Sympetrum danae;2021-10-29;10;2021-10-31;1;ter plaatse;onbekend;imago;Man;176297.1883566609;215229.637822032;4.7453642;51.246377;FS2178;Oostmalle - Blommerschot;Malle;Oostmalle;Antwerpen;Site;J;Goedgekeurd op basis van bewijsmateriaal;1980-01-01;3;;25;Libellen;Libellulidae;2026-07-08;634;S;zeldzaam
317527185;317527185;Zwarte heidelibel;Sympetrum danae;2024-07-05;7;2024-07-05;1;ter plaatse;onbekend;imago;onbekend;205588.0252432192;220559.85068539344;5.165639400482178;51.29220199584961;FS5084;Postel - Omgeving Ronde Put;Mol;Mol;Antwerpen;ObsIdentify;J;Goedgekeurd op basis van bewijsmateriaal;1980-01-01;3;;999;Libellen;Libellulidae;2026-07-08;634;S;zeldzaam
362492038;362492038;Zwarte heidelibel;Sympetrum danae;2025-07-12;7;2025-07-12;1;ter plaatse;onbekend;imago;Man;219087.9322389038;208462.74000563475;5.3568372;51.1820174;FS6472;Eksel - Pijnven;Overpelt;Overpelt;Limburg;Observation;J;Goedgekeurd op basis van bewijsmateriaal;1980-01-01;3;;3;Libellen;Libellulidae;2026-07-08;634;S;zeldzaam
362491994;362491994;Zwarte heidelibel;Sympetrum danae;2025-07-12;7;2025-07-12;1;ter plaatse;onbekend;imago;Vrouw;218995.54185195448;207510.79343678892;5.355335;51.1734726;FS6471;Eksel - Pijnven;Hechtel-Eksel;Eksel;Limburg;Observation;J;Goedgekeurd op basis van expertoordeel;1980-01-01;3;;12;Libellen;Libellulidae;2026-07-08;634;S;zeldzaam
327358310;327358310;Zwarte heidelibel;Sympetrum danae;2024-09-07;9;2024-09-07;1;ter plaatse;onbekend;imago;Man;216670.43775272105;196788.8179866476;5.320125999999959;51.077377;FS6260;Koersel - Koerselse heide noord;Beringen;Koersel;Limburg;ObsMapp;J;Goedgekeurd op basis van kennisregels - automatische beeldherkenning (NIA);1980-01-01;3;;3;Libellen;Libellulidae;2026-07-08;634;S;zeldzaam
362592599;362592599;Zwarte heidelibel;Sympetrum danae;2025-07-12;7;2025-07-13;1;ter plaatse;gezien;imago;onbekend;218990.502551656;207497.228943781;5.355260372161865;51.1733512878418;FS6471;Eksel - Pijnven;Hechtel-Eksel;Eksel;Limburg;ObsMapp;J;Goedgekeurd op basis van kennisregels - nabijheid;1980-01-01;3;;1;Libellen;Libellulidae;2026-07-08;634;S;zeldzaam
362592595;362592595;Zwarte heidelibel;Sympetrum danae;2025-07-12;7;2025-07-13;1;ter plaatse;gezien;imago;Man;219145.6981498131;208454.6943976963;5.357661724090576;51.18193817138672;FS6472;Eksel - Pijnven;Overpelt;Overpelt;Limburg;ObsMapp;J;Goedgekeurd op basis van bewijsmateriaal;1980-01-01;3;;1;Libellen;Libellulidae;2026-07-08;634;S;zeldzaam
312728036;312728036;Zwarte heidelibel;Sympetrum danae;2024-06-02;6;2024-06-02;1;ter plaatse;onbekend;imago, niet uitgekleurd;Man;225963.2586770514;191334.9354312541;5.451579000000038;51.027212;FS7155;Houthalen-Helchteren - Huttebeek;Houthalen-Helchteren;Houthalen;Limburg;Site;J;Goedgekeurd op basis van bewijsmateriaal;1980-01-01;3;;15;Libellen;Libellulidae;2026-07-08;634;S;zeldzaam
251256941;251256941;Zwarte heidelibel;Sympetrum danae;2022-08-03;8;2022-08-03;1;ter plaatse;onbekend;imago;Man;180932.7354017296;218045.27324546408;4.81199026107788;51.2714538574219;FS2681;Lille - Visbeekvallei - Lilse Zegge;Lille;Lille;Antwerpen;ObsMapp;J;Goedgekeurd op basis van kennisregels - nabijheid;2007-01-01;3;;25;Libellen;Libellulidae;2026-07-08;634;S;zeldzaam
327358312;327358312;Zwarte heidelibel;Sympetrum danae;2024-09-07;9;2024-09-07;1;ter plaatse;onbekend;imago;Man;216649.76803836675;196803.44304862432;5.319833755493164;51.07751083374024;FS6261;Koersel - Koerselse heide noord;Beringen;Koersel;Limburg;ObsMapp;J;Goedgekeurd op basis van kennisregels - nabijheid;1980-01-01;3;;3;Libellen;Libellulidae;2026-07-08;634;S;zeldzaam
221668497;221668497;Zwarte heidelibel;Sympetrum danae;2021-07-31;7;2021-08-01;1;ter plaatse;onbekend;imago, niet uitgekleurd;Vrouw;180910.38037867929;218007.0059512341;4.81166667;51.27111111;FS2681;Lille - Visbeekvallei - Lilse Zegge;Lille;Lille;Antwerpen;ObsMapp;J;Goedgekeurd op basis van bewijsmateriaal;2007-01-01;3;;999;Libellen;Libellulidae;2026-07-08;634;S;zeldzaam
321709302;321709302;Zwarte heidelibel;Sympetrum danae;2024-07-28;7;2024-07-28;1;ter plaatse;gezien;imago;Man;155008.87045784428;229803.2169433944;4.440695286320988;51.37794446030412;FS0092;Grenspark Kalmthoutse Heide - Nieuwe Gemeentebossen;Kalmthout;Kalmthout;Antwerpen;Site;J;Goedgekeurd op basis van kennisregels - automatische beeldherkenning (NIA);1980-01-01;3;;25;Libellen;Libellulidae;2026-07-08;634;S;zeldzaam
362627158;362627158;Zwarte heidelibel;Sympetrum danae;2025-07-12;7;2025-07-13;1;ter plaatse;gezien;imago;Vrouw;218915.26203731736;207515.0004291162;5.354188000000022;51.17352;FS6471;Eksel - Pijnven;Hechtel-Eksel;Eksel;Limburg;Site;J;Goedgekeurd op basis van bewijsmateriaal;1980-01-01;3;;150;Libellen;Libellulidae;2026-07-08;634;S;zeldzaam
362628299;362628299;Zwarte heidelibel;Sympetrum danae;2025-07-12;7;2025-07-13;1;ter plaatse;gezien;imago;Vrouw;218915.26203731736;207515.0004291162;5.354188000000022;51.17352;FS6471;Eksel - Pijnven;Hechtel-Eksel;Eksel;Limburg;Site;J;Goedgekeurd op basis van bewijsmateriaal;1980-01-01;3;;150;Libellen;Libellulidae;2026-07-08;634;S;zeldzaam
362639370;362639370;Zwarte heidelibel;Sympetrum danae;2025-07-12;7;2025-07-13;2;ter plaatse;gezien;imago;Man;218963.5273139161;208485.2909429884;5.355062484741211;51.18223495836052;FS6472;Eksel - Pijnven;Overpelt;Overpelt;Limburg;Site;J;Goedgekeurd op basis van bewijsmateriaal;1980-01-01;3;;250;Libellen;Libellulidae;2026-07-08;634;S;zeldzaam
324065942;324065942;Zwarte heidelibel;Sympetrum danae;2024-08-12;8;2024-08-13;30;ter plaatse;gezien;imago;onbekend;180138.6440562106;222216.8977604434;4.800960540771484;51.308990478515625;FS2585;Beerse - Duivelskuil;Beerse;Vlimmeren;Antwerpen;ObsMapp;J;Goedgekeurd op basis van kennisregels - nabijheid;1980-01-01;3;;4;Libellen;Libellulidae;2026-07-08;634;S;zeldzaam
327495066;327495066;Zwarte heidelibel;Sympetrum danae;2024-09-07;9;2024-09-08;1;ter plaatse;onbekend;imago;Man;216650.35759024372;196797.6058127256;5.319841099722222;51.0774583;FS6260;Koersel - Koerselse heide noord;Beringen;Koersel;Limburg;ObsMapp;J;Goedgekeurd op basis van kennisregels - automatische beeldherkenning (NIA);1980-01-01;3;;999;Libellen;Libellulidae;2026-07-08;634;S;zeldzaam
322154613;322154613;Zwarte heidelibel;Sympetrum danae;2024-07-31;7;2024-07-31;1;ter plaatse;gezien;imago, niet uitgekleurd;onbekend;195081.0197464674;228275.0561904367;5.015990026295185;51.362462186172266;FS4092;Ravels - Gewestbossen Zuid;Ravels;Ravels;Antwerpen;ObsMapp;J;Goedgekeurd op basis van expertoordeel;1980-01-01;3;;5;Libellen;Libellulidae;2026-07-08;634;S;zeldzaam
328733023;328733023;Zwarte heidelibel;Sympetrum danae;2024-09-21;9;2024-09-21;1;ter plaatse;onbekend;imago;Man;154801.18965631066;232649.28650734012;4.437750999999935;51.403526;FS0095;Grenspark Kalmthoutse Heide - Drielingvennen;Kalmthout;Kalmthout;Antwerpen;ObsIdentify;J;Goedgekeurd op basis van bewijsmateriaal;1980-01-01;4;;999;Libellen;Libellulidae;2026-07-08;634;S;zeldzaam
328743838;328743838;Zwarte heidelibel;Sympetrum danae;2024-09-21;9;2024-09-21;1;ter plaatse;vangst;imago;Man;154521.76813092208;232504.83478249703;4.433733999999959;51.40223;ES9995;Grenspark Kalmthoutse Heide - Drielingvennen;Kalmthout;Kalmthout;Antwerpen;ObsIdentify;J;Goedgekeurd op basis van bewijsmateriaal;1980-01-01;4;;999;Libellen;Libellulidae;2026-07-08;634;S;zeldzaam
223553028;223553028;Zwarte heidelibel;Sympetrum danae;2021-08-21;8;2021-08-21;5;ter plaatse;gezien;imago;onbekend;194760.58620646453;228152.03051543515;5.01137447357178;51.3613815307617;FS4091;Ravels - Gewestbossen Zuid;Ravels;Ravels;Antwerpen;ObsMapp;J;Goedgekeurd op basis van expertoordeel;2007-01-01;3;;3;Libellen;Libellulidae;2026-07-08;634;S;zeldzaam
279633509;279633509;Zwarte heidelibel;Sympetrum danae;2023-07-08;7;2023-07-08;1;ter plaatse;onbekend;imago;Vrouw;154525.24478017885;232508.2536367625;4.433784;51.4022607;ES9995;Grenspark Kalmthoutse Heide - Drielingvennen;Kalmthout;Kalmthout;Antwerpen;ObsIdentify;J;Goedgekeurd op basis van bewijsmateriaal;1980-01-01;4;;999;Libellen;Libellulidae;2026-07-08;634;S;zeldzaam
323147375;323147375;Zwarte heidelibel;Sympetrum danae;2024-08-06;8;2024-08-07;2;ter plaatse;gezien;imago;Man;181169.1254035235;226101.86291243412;4.816073894500732;51.34385299682617;FS2689;Beerse - Meergoor;Beerse;Beerse;Antwerpen;ObsMapp;J;Goedgekeurd op basis van expertoordeel;1980-01-01;3;;3;Libellen;Libellulidae;2026-07-08;634;S;zeldzaam
280076995;280076995;Zwarte heidelibel;Sympetrum danae;2023-07-11;7;2023-07-11;1;ter plaatse;gezien;imago;Man;205427.50975382997;220303.041027762;5.163299083709717;51.28990936279297;FS5084;Postel - Ronde Put;Mol;Mol;Antwerpen;ObsMapp;J;Goedgekeurd op basis van kennisregels - nabijheid;1980-01-01;3;;3;Libellen;Libellulidae;2026-07-08;634;S;zeldzaam
222441767;222441767;Zwarte heidelibel;Sympetrum danae;2021-08-03;8;2021-08-09;1;ter plaatse;onbekend;imago;Vrouw;194554.9760059325;228033.0318696471;5.008408;51.360328;FS3991;Ravels - Gewestbossen Zuid;Ravels;Ravels;Antwerpen;Site;J;Goedgekeurd op basis van bewijsmateriaal;1980-01-01;3;;25;Libellen;Libellulidae;2026-07-08;634;S;zeldzaam
222438229;222438229;Zwarte heidelibel;Sympetrum danae;2021-08-03;8;2021-08-09;1;ter plaatse;onbekend;imago;Man;194241.9879946085;227974.93210319243;5.0039077;51.35983;FS3991;Ravels - Gewestbossen Zuid;Ravels;Ravels;Antwerpen;Site;J;Goedgekeurd op basis van bewijsmateriaal;1980-01-01;3;;30;Libellen;Libellulidae;2026-07-08;634;S;zeldzaam
222438249;222438249;Zwarte heidelibel;Sympetrum danae;2021-08-03;8;2021-08-09;1;ter plaatse;onbekend;imago;Man;194202.96275080333;227995.51590509716;5.00335;51.360018;FS3991;Ravels - Gewestbossen Zuid;Ravels;Ravels;Antwerpen;Site;J;Goedgekeurd op basis van bewijsmateriaal;1980-01-01;3;;30;Libellen;Libellulidae;2026-07-08;634;S;zeldzaam
249477326;249477326;Zwarte heidelibel;Sympetrum danae;2022-07-17;7;2022-07-18;1;ter plaatse;onbekend;imago;Man;209202.5892109195;202022.6977070598;5.21442270278931;51.1252326965332;FS5466;Ham - Immertse bossen;Ham;Oostham;Limburg;ObsMapp;J;Goedgekeurd op basis van expertoordeel;2007-01-01;3;;1;Libellen;Libellulidae;2026-07-08;634;S;zeldzaam
223620680;223620680;Zwarte heidelibel;Sympetrum danae;2021-08-21;8;2021-08-21;1;ter plaatse;gezien;imago;Vrouw;155439.47022194296;233251.525918792;4.446932;51.408933;FS0096;Grenspark Kalmthoutse Heide - Stappersven;Kalmthout;Kalmthout;Antwerpen;Site;J;Goedgekeurd op basis van bewijsmateriaal;1980-01-01;3;;25;Libellen;Libellulidae;2026-07-08;634;S;zeldzaam
253782461;253782461;Zwarte heidelibel;Sympetrum danae;2022-08-16;8;2022-08-31;1;ter plaatse;onbekend;imago;onbekend;154139.0868832607;232917.8535372764;4.42824;51.405945;ES9995;Grenspark Kalmthoutse Heide - Drielingvennen;Kalmthout;Kalmthout;Antwerpen;ObsMapp;J;Goedgekeurd op basis van kennisregels - automatische beeldherkenning (NIA);2007-01-01;3;;25;Libellen;Libellulidae;2026-07-08;634;S;zeldzaam
285109043;285109043;Zwarte heidelibel;Sympetrum danae;2023-08-16;8;2023-08-20;1;ter plaatse;gezien;imago;Man;222531.35992395284;216696.5134099014;5.407726764678955;51.25559616088867;FS6881;Neerpelt - Het Hageven;Lommel;Lommel;Limburg;ObsMapp;J;Goedgekeurd op basis van kennisregels - nabijheid;2023-11-16;4;;4;Libellen;Libellulidae;2026-07-08;634;S;zeldzaam
285109033;285109033;Zwarte heidelibel;Sympetrum danae;2023-08-16;8;2023-08-20;1;ter plaatse;gezien;imago;Man;222534.34682448045;216703.76969489732;5.407771000000025;51.255661;FS6881;Neerpelt - Het Hageven;Lommel;Lommel;Limburg;ObsMapp;J;Goedgekeurd op basis van kennisregels - automatische beeldherkenning (NIA);2023-11-16;4;;4;Libellen;Libellulidae;2026-07-08;634;S;zeldzaam
225942401;225942401;Zwarte heidelibel;Sympetrum danae;2021-09-19;9;2021-09-19;1;ter plaatse;onbekend;imago;Man;154950.87019108838;232617.3853128329;4.4399014;51.403238;FS0095;Grenspark Kalmthoutse Heide - Stappersven;Kalmthout;Kalmthout;Antwerpen;Site;J;Goedgekeurd op basis van bewijsmateriaal;1980-01-01;4;;30;Libellen;Libellulidae;2026-07-08;634;S;zeldzaam
326108946;326108946;Zwarte heidelibel;Sympetrum danae;2024-08-27;8;2024-08-28;1;ter plaatse;onbekend;onbekend;Man;210935.2556419332;207441.88084686172;5.240079402137781;51.17376027404057;FS5671;Balen - De Most;Balen;Balen;Antwerpen;Site;J;Goedgekeurd op basis van kennisregels - nabijheid;1980-01-01;4;;15;Libellen;Libellulidae;2026-07-08;634;S;zeldzaam
285108985;285108985;Zwarte heidelibel;Sympetrum danae;2023-08-16;8;2023-08-20;1;ter plaatse;gezien;imago;Man;222559.1813334069;216661.6736819418;5.40811824798584;51.255279541015625;FS6880;Neerpelt - Het Hageven;Lommel;Lommel;Limburg;ObsMapp;J;Goedgekeurd op basis van kennisregels - nabijheid;2023-11-16;4;;4;Libellen;Libellulidae;2026-07-08;634;S;zeldzaam
322508408;322508408;Zwarte heidelibel;Sympetrum danae;2024-08-03;8;2024-08-03;1;ter plaatse;onbekend;imago;Man;153960.8109458686;233058.18094785232;4.425679683685303;51.40720748901367;ES9996;Grenspark Kalmthoutse Heide - Drielingvennen;Kalmthout;Kalmthout;Antwerpen;ObsMapp;J;Goedgekeurd op basis van kennisregels - nabijheid;1980-01-01;3;;3;Libellen;Libellulidae;2026-07-08;634;S;zeldzaam
249705230;249705230;Zwarte heidelibel;Sympetrum danae;2022-07-20;7;2022-07-20;1;ter plaatse;onbekend;imago;Vrouw;154141.96344548542;232915.28969502728;4.42828130722046;51.4059219360352;ES9995;Grenspark Kalmthoutse Heide - Drielingvennen;Kalmthout;Kalmthout;Antwerpen;ObsMapp;J;Goedgekeurd op basis van kennisregels - nabijheid;2007-01-01;3;;3;Libellen;Libellulidae;2026-07-08;634;S;zeldzaam
249599338;249599338;Zwarte heidelibel;Sympetrum danae;2022-07-19;7;2022-07-19;1;ter plaatse;onbekend;imago;Vrouw;154807.03492344095;232649.7370482273;4.437835;51.40353;FS0095;Grenspark Kalmthoutse Heide - Drielingvennen;Kalmthout;Kalmthout;Antwerpen;ObsMapp;J;Goedgekeurd op basis van bewijsmateriaal;2007-01-01;3;;3;Libellen;Libellulidae;2026-07-08;634;S;zeldzaam
249599335;249599335;Zwarte heidelibel;Sympetrum danae;2022-07-19;7;2022-07-19;1;ter plaatse;onbekend;imago;onbekend;154176.99311611938;232887.72987981516;4.42878437042236;51.4056739807129;ES9995;Grenspark Kalmthoutse Heide - Drielingvennen;Kalmthout;Kalmthout;Antwerpen;ObsMapp;J;Goedgekeurd op basis van kennisregels - nabijheid;2007-01-01;3;;3;Libellen;Libellulidae;2026-07-08;634;S;zeldzaam
249599334;249599334;Zwarte heidelibel;Sympetrum danae;2022-07-19;7;2022-07-19;1;ter plaatse;onbekend;imago;Man;153972.66587435425;233046.30594499968;4.42584991455078;51.4071006774902;ES9996;Grenspark Kalmthoutse Heide - Drielingvennen;Kalmthout;Kalmthout;Antwerpen;ObsMapp;J;Goedgekeurd op basis van kennisregels - nabijheid;2007-01-01;3;;3;Libellen;Libellulidae;2026-07-08;634;S;zeldzaam
220176617;220176617;Zwarte heidelibel;Sympetrum danae;2021-07-17;7;2021-07-17;1;ter plaatse;onbekend;imago;Man;154415.5426838863;232769.9689795142;4.43221092;51.40461378;ES9995;Grenspark Kalmthoutse Heide - Drielingvennen;Kalmthout;Kalmthout;Antwerpen;Site;J;Goedgekeurd op basis van bewijsmateriaal;1980-01-01;3;;100;Libellen;Libellulidae;2026-07-08;634;S;zeldzaam
219142968;219142968;Zwarte heidelibel;Sympetrum danae;2021-07-06;7;2021-07-06;1;ter plaatse;onbekend;imago, niet uitgekleurd;Vrouw;207310.86514915316;218617.9450926632;5.190027;51.27458;FS5282;Dessel/Mol - Groesgoor en Koemoek;Mol;Mol;Antwerpen;Site;J;Goedgekeurd op basis van bewijsmateriaal;1980-01-01;4;;25;Libellen;Libellulidae;2026-07-08;634;S;zeldzaam
227123088;227123088;Zwarte heidelibel;Sympetrum danae;2021-10-07;10;2021-10-07;1;ter plaatse;onbekend;imago;Man;204534.07651229177;219913.2090672832;5.150434;51.286491;FS4983;Postel - Omgeving Ronde Put;Mol;Mol;Antwerpen;Site;J;Goedgekeurd op basis van bewijsmateriaal;1980-01-01;4;;25;Libellen;Libellulidae;2026-07-08;634;S;zeldzaam
248038292;248038292;Zwarte heidelibel;Sympetrum danae;2022-07-05;7;2022-07-05;1;ter plaatse;onbekend;imago;onbekend;206399.3124864529;219816.7051697113;5.1771526;51.285444;FS5183;Postel - Omgeving Ronde Put;Mol;Mol;Antwerpen;Site;J;Goedgekeurd op basis van bewijsmateriaal;1980-01-01;4;;15;Libellen;Libellulidae;2026-07-08;634;S;zeldzaam
225052717;225052717;Zwarte heidelibel;Sympetrum danae;2021-09-07;9;2021-09-07;2;in copula;onbekend;imago;onbekend;205622.09826750308;220363.72462266404;5.1660976;51.290436;FS5184;Postel - Ronde Put;Mol;Mol;Antwerpen;Site;J;Goedgekeurd op basis van bewijsmateriaal;1980-01-01;4;Ontoegankelijke zone.;30;Libellen;Libellulidae;2026-07-08;634;S;zeldzaam
254265743;254265743;Zwarte heidelibel;Sympetrum danae;2022-09-06;9;2022-09-06;1;ter plaatse;gezien;imago;Man;160769.43654414505;232767.12593974173;4.523515496407192;51.40450379350353;FS0595;Wuustwezel - Wolfsheuvel;Wuustwezel;Wuustwezel;Antwerpen;iObs;J;Goedgekeurd op basis van bewijsmateriaal;2007-01-01;3;;10;Libellen;Libellulidae;2026-07-08;634;S;zeldzaam
283731185;283731185;Zwarte heidelibel;Sympetrum danae;2023-08-10;8;2023-08-10;1;ter plaatse;onbekend;imago, niet uitgekleurd;Man;154338.17667542677;232427.3478296101;4.431095;51.401535;ES9995;Grenspark Kalmthoutse Heide - Drielingvennen;Kalmthout;Kalmthout;Antwerpen;Site;J;Goedgekeurd op basis van bewijsmateriaal;1980-01-01;3;;30;Libellen;Libellulidae;2026-07-08;634;S;zeldzaam
316483544;316483544;Zwarte heidelibel;Sympetrum danae;2024-06-27;6;2024-06-27;1;ter plaatse;gezien;imago;Vrouw;205664.54149616687;220201.73528293052;5.16668100000004;51.288976;FS5184;Postel - Ronde Put;Mol;Mol;Antwerpen;Site;J;Goedgekeurd op basis van kennisregels - automatische beeldherkenning (NIA);2025-07-07;3;;30;Libellen;Libellulidae;2026-07-08;634;S;zeldzaam
316481916;316481916;Zwarte heidelibel;Sympetrum danae;2024-06-27;6;2024-06-27;1;ter plaatse;gezien;imago, niet uitgekleurd;Man;205719.19713021908;220134.3410469517;5.167454000000021;51.288365;FS5184;Postel - Ronde Put;Mol;Mol;Antwerpen;Site;J;Goedgekeurd op basis van kennisregels - automatische beeldherkenning (NIA);2025-07-07;3;;30;Libellen;Libellulidae;2026-07-08;634;S;zeldzaam
283729787;283729787;Zwarte heidelibel;Sympetrum danae;2023-08-10;8;2023-08-10;1;ter plaatse;onbekend;imago;Vrouw;153955.4164976267;233043.6581154354;4.425602;51.407077;ES9996;Grenspark Kalmthoutse Heide - Drielingvennen;Kalmthout;Kalmthout;Antwerpen;Site;J;Goedgekeurd op basis van bewijsmateriaal;1980-01-01;3;;30;Libellen;Libellulidae;2026-07-08;634;S;zeldzaam
327972302;327972302;Zwarte heidelibel;Sympetrum danae;2024-09-14;9;2024-09-14;1;ter plaatse;onbekend;imago;onbekend;204864.91148511044;220109.0808579428;5.1552055;51.28822;FS5084;Postel - Omgeving Ronde Put;Mol;Mol;Antwerpen;ObsIdentify;J;Goedgekeurd op basis van kennisregels - automatische beeldherkenning (NIA);1980-01-01;3;;5;Libellen;Libellulidae;2026-07-08;634;S;zeldzaam
222022054;222022054;Zwarte heidelibel;Sympetrum danae;2021-08-04;8;2021-08-04;1;ter plaatse;gezien;imago;Man;207707.98344048625;214919.7942426084;5.19512701034546;51.2413024902344;FS5378;Mol - Den Diel;Mol;Mol;Antwerpen;ObsMapp;J;Goedgekeurd op basis van expertoordeel;2007-01-01;3;;3;Libellen;Libellulidae;2026-07-08;634;S;zeldzaam
287078707;287078707;Zwarte heidelibel;Sympetrum danae;2023-09-06;9;2023-09-06;1;ter plaatse;uitgekweekt en losgelaten;imago;Man;154813.75914004573;232678.6184340194;4.437932014465332;51.40378952026367;FS0095;Grenspark Kalmthoutse Heide - Drielingvennen;Kalmthout;Kalmthout;Antwerpen;ObsMapp;J;Goedgekeurd op basis van bewijsmateriaal;1980-01-01;3;;3;Libellen;Libellulidae;2026-07-08;634;S;zeldzaam
248205857;248205857;Zwarte heidelibel;Sympetrum danae;2022-07-06;7;2022-07-07;1;ter plaatse;gezien;imago;Man;154899.45522830167;232627.34306124505;4.43916273117065;51.4033279418945;FS0095;Grenspark Kalmthoutse Heide - Stappersven;Kalmthout;Kalmthout;Antwerpen;ObsMapp;J;Goedgekeurd op basis van kennisregels - nabijheid;2007-01-01;3;;4;Libellen;Libellulidae;2026-07-08;634;S;zeldzaam
369136581;369136581;Zwarte heidelibel;Sympetrum danae;2025-08-15;8;2025-08-17;1;ter plaatse;onbekend;imago;Vrouw;222913.75777140405;216901.75992327;5.413245047433179;51.257392537105474;FS6881;Neerpelt - Het Hageven;Neerpelt;Neerpelt;Limburg;Observation;J;Goedgekeurd op basis van kennisregels - nabijheid;1980-01-01;3;;2;Libellen;Libellulidae;2026-07-08;634;S;zeldzaam
328786714;328786714;Zwarte heidelibel;Sympetrum danae;2024-08-18;8;2024-09-22;1;ter plaatse;gezien;imago;Man;207328.31108596595;218588.64001907597;5.190272331237793;51.27431488037109;FS5282;Dessel/Mol - Groesgoor en Koemoek;Mol;Mol;Antwerpen;ObsMapp;J;Goedgekeurd op basis van kennisregels - nabijheid;1980-01-01;4;;3;Libellen;Libellulidae;2026-07-08;634;S;zeldzaam
200108346;200108346;Zwarte heidelibel;Sympetrum danae;2020-09-14;9;2020-09-14;1;ter plaatse;gezien;imago;Man;223061.38299871533;216859.71851004477;5.415351;51.256996;FS6881;Neerpelt - Het Hageven;Neerpelt;Neerpelt;Limburg;ObsMapp;J;Goedgekeurd op basis van bewijsmateriaal;2007-01-01;3;;25;Libellen;Libellulidae;2026-07-08;634;S;zeldzaam
200108338;200108338;Zwarte heidelibel;Sympetrum danae;2020-09-14;9;2020-09-14;2;ter plaatse;gezien;imago;Man;223018.48534551484;216792.4644952016;5.414723;51.256397;FS6881;Neerpelt - Het Hageven;Neerpelt;Neerpelt;Limburg;ObsMapp;J;Goedgekeurd op basis van bewijsmateriaal;2007-01-01;3;;25;Libellen;Libellulidae;2026-07-08;634;S;zeldzaam
316596964;316596964;Zwarte heidelibel;Sympetrum danae;2024-06-28;6;2024-06-28;1;ter plaatse;gezien;imago, niet uitgekleurd;Vrouw;223097.3487255628;217393.30824408212;5.415974000000006;51.261787;FS6881;Neerpelt - Het Hageven;Lommel;Lommel;Limburg;ObsMapp;J;Goedgekeurd op basis van bewijsmateriaal;1980-01-01;3;;3;Libellen;Libellulidae;2026-07-08;634;S;zeldzaam
224691488;224691488;Zwarte heidelibel;Sympetrum danae;2021-09-03;9;2021-09-03;1;ter plaatse;gezien;imago;Man;223035.1029381022;217475.6582255196;5.415099;51.262535;FS6881;Neerpelt - Het Hageven;Lommel;Lommel;Limburg;ObsMapp;J;Goedgekeurd op basis van kennisregels - automatische beeldherkenning (NIA);2007-01-01;3;;3;Libellen;Libellulidae;2026-07-08;634;S;zeldzaam
251476604;251476604;Zwarte heidelibel;Sympetrum danae;2022-08-05;8;2022-08-05;1;ter plaatse;onbekend;imago;Man;217068.01686245517;197033.76159214787;5.32584381103516;51.079532623291;FS6261;Koersel - Koerselse heide noord;Beringen;Koersel;Limburg;ObsMapp;J;Goedgekeurd op basis van kennisregels - nabijheid;2007-01-01;3;;3;Libellen;Libellulidae;2026-07-08;634;S;zeldzaam
369136616;369136616;Zwarte heidelibel;Sympetrum danae;2025-08-15;8;2025-08-17;1;ter plaatse;onbekend;imago;onbekend;223472.92376204784;217556.26878808625;5.421387004152471;51.263203819021165;FS6881;Neerpelt - Het Hageven;Neerpelt;Neerpelt;Limburg;Observation;J;Goedgekeurd op basis van kennisregels - nabijheid;1980-01-01;3;;2;Libellen;Libellulidae;2026-07-08;634;S;zeldzaam
363041271;363041271;Zwarte heidelibel;Sympetrum danae;2025-07-12;7;2025-07-15;2;ter plaatse;gezien;imago;onbekend;218875.7952626492;207563.8769276794;5.353633;51.173964;FS6471;Eksel - Pijnven;Hechtel-Eksel;Eksel;Limburg;Observation;J;Goedgekeurd op basis van kennisregels - nabijheid;1980-01-01;3;;5;Libellen;Libellulidae;2026-07-08;634;S;zeldzaam
321592323;321592323;Zwarte heidelibel;Sympetrum danae;2024-07-28;7;2024-07-28;1;ter plaatse;onbekend;imago;Vrouw;162577.1537910989;226019.22501792945;4.54925548;51.34381823;FS0789;Brecht - Groot Schietveld (Strikt ontoegankelijk);Brecht;Brecht;Antwerpen;Site;J;Goedgekeurd op basis van bewijsmateriaal;1980-01-01;3;;10;Libellen;Libellulidae;2026-07-08;634;S;zeldzaam
363041226;363041226;Zwarte heidelibel;Sympetrum danae;2025-07-12;7;2025-07-15;1;ter plaatse;gezien;imago;Vrouw;218873.46332406404;207544.59757169336;5.353596;51.173791;FS6471;Eksel - Pijnven;Hechtel-Eksel;Eksel;Limburg;Observation;J;Goedgekeurd op basis van kennisregels - nabijheid;1980-01-01;3;;5;Libellen;Libellulidae;2026-07-08;634;S;zeldzaam
369136620;369136620;Zwarte heidelibel;Sympetrum danae;2025-08-15;8;2025-08-17;1;ter plaatse;onbekend;imago;onbekend;223552.19513378612;217602.34668918976;5.422531927679252;51.263607823771565;FS6981;Neerpelt - Het Hageven;Neerpelt;Neerpelt;Limburg;Observation;J;Goedgekeurd op basis van kennisregels - nabijheid;1980-01-01;3;;3;Libellen;Libellulidae;2026-07-08;634;S;zeldzaam
251164160;251164160;Zwarte heidelibel;Sympetrum danae;2022-08-02;8;2022-08-02;1;ter plaatse;gezien;imago;onbekend;210772.69883259817;207268.8408268616;5.23772621154785;51.1722221374512;FS5671;Balen - De Most;Balen;Balen;Antwerpen;ObsMapp;J;Goedgekeurd op basis van kennisregels - automatische beeldherkenning (NIA);2007-01-01;3;;3;Libellen;Libellulidae;2026-07-08;634;S;zeldzaam
289312918;289312918;Zwarte heidelibel;Sympetrum danae;2023-08-26;8;2023-09-30;1;ter plaatse;onbekend;onbekend;Man;223101.77771696213;217410.39496261903;5.416040897369385;51.261940002441406;FS6881;Neerpelt - Het Hageven;Lommel;Lommel;Limburg;ObsMapp;J;Goedgekeurd op basis van kennisregels - nabijheid;1980-01-01;3;;3;Libellen;Libellulidae;2026-07-08;634;S;zeldzaam
220835084;220835084;Zwarte heidelibel;Sympetrum danae;2021-07-17;7;2021-07-23;1;ter plaatse;onbekend;imago;Man;189277.19637984733;229203.104315456;4.932769;51.371229;FS3492;Zwartwater;Turnhout;Turnhout;Antwerpen;Site;J;Goedgekeurd op basis van bewijsmateriaal;1980-01-01;3;;25;Libellen;Libellulidae;2026-07-08;634;S;zeldzaam
326499231;326499231;Zwarte heidelibel;Sympetrum danae;2024-08-31;8;2024-08-31;1;ter plaatse;onbekend;imago;Man;164915.96000917026;227393.89421313533;4.58287689;51.35611754;FS1090;Brecht - Groot Schietveld (Strikt ontoegankelijk);Brecht;Brecht;Antwerpen;Site;J;Goedgekeurd op basis van bewijsmateriaal;1980-01-01;3;;10;Libellen;Libellulidae;2026-07-08;634;S;zeldzaam
321537969;321537969;Zwarte heidelibel;Sympetrum danae;2024-07-27;7;2024-07-27;1;ter plaatse;gezien;imago;onbekend;153942.01677543638;233004.2605150072;4.425408999999945;51.406723;ES9996;Grenspark Kalmthoutse Heide - Drielingvennen;Kalmthout;Kalmthout;Antwerpen;Site;J;Goedgekeurd op basis van bewijsmateriaal;1980-01-01;3;;30;Libellen;Libellulidae;2026-07-08;634;S;zeldzaam
321822159;321822159;Zwarte heidelibel;Sympetrum danae;2024-07-29;7;2024-07-29;1;territoriaal;onbekend;imago;Man;185164.7537436636;180631.0806655232;4.869011999999998;50.934911;FS3144;Sint-Joris-Winge - Walenbos;Tielt-Winge;Houwaart;Vlaams-Brabant;Site;J;Goedgekeurd op basis van bewijsmateriaal;1980-01-01;3;;15;Libellen;Libellulidae;2026-07-08;634;S;zeer zeldzaam
324716353;324716353;Zwarte heidelibel;Sympetrum danae;2024-08-11;8;2024-08-17;1;ter plaatse;onbekend;imago;Man;210993.1637021756;207505.1703419145;5.240917999999965;51.174323;FS5671;Balen - De Most;Balen;Balen;Antwerpen;Site;J;Goedgekeurd op basis van kennisregels - automatische beeldherkenning (NIA);1980-01-01;3;;15;Libellen;Libellulidae;2026-07-08;634;S;zeldzaam
324712508;324712508;Zwarte heidelibel;Sympetrum danae;2024-08-11;8;2024-08-17;1;ter plaatse;onbekend;imago;Vrouw;210840.4527150173;207507.9390420672;5.23873500000002;51.174364;FS5671;Balen - De Most;Balen;Balen;Antwerpen;Site;J;Goedgekeurd op basis van kennisregels - automatische beeldherkenning (NIA);1980-01-01;3;;7;Libellen;Libellulidae;2026-07-08;634;S;zeldzaam
360540935;360540935;Zwarte heidelibel;Sympetrum danae;2025-07-03;7;2025-07-03;1;ter plaatse;onbekend;imago, niet uitgekleurd;Man;154735.6723754008;232848.85401137543;4.4368122;51.4053202;ES9995;Grenspark Kalmthoutse Heide - Stappersven;Kalmthout;Kalmthout;Antwerpen;ObsIdentify;J;Goedgekeurd op basis van bewijsmateriaal;1980-01-01;3;;5;Libellen;Libellulidae;2026-07-08;634;S;zeldzaam
199569034;199569034;Zwarte heidelibel;Sympetrum danae;2020-09-04;9;2020-09-04;10;ter plaatse;onbekend;imago;onbekend;153362.77056059323;233119.0033622291;4.417086;51.407758;ES9896;Grenspark Kalmthoutse Heide - Drielingvennen;Kalmthout;Kalmthout;Antwerpen;Site;J;Goedgekeurd op basis van expertoordeel;1980-01-01;3;;25;Libellen;Libellulidae;2026-07-08;634;S;zeldzaam
324769781;324769781;Zwarte heidelibel;Sympetrum danae;2024-08-17;8;2024-08-17;1;ter plaatse;onbekend;imago;Man;223131.74037859205;217454.9609794356;5.416479110717773;51.26233673095703;FS6881;Neerpelt - Het Hageven;Lommel;Lommel;Limburg;ObsMapp;J;Goedgekeurd op basis van kennisregels - nabijheid;1980-01-01;3;;6;Libellen;Libellulidae;2026-07-08;634;S;zeldzaam
198698372;198698372;Zwarte heidelibel;Sympetrum danae;2020-08-18;8;2020-08-18;1;ter plaatse;onbekend;imago;Man;153587.91741924535;233864.3351482004;4.42032909393311;51.4144554138184;ES9896;Grenspark Kalmthoutse Heide - Biezenkuilen;Kalmthout;Kalmthout;Antwerpen;ObsMapp;J;Goedgekeurd op basis van expertoordeel;2007-01-01;3;;25;Libellen;Libellulidae;2026-07-08;634;S;zeldzaam
332364705;332364705;Zwarte heidelibel;Sympetrum danae;2024-10-27;10;2024-10-27;1;ter plaatse;onbekend;imago;Man;154814.34626359754;232715.5229736194;4.437940950166564;51.40412120199038;FS0095;Grenspark Kalmthoutse Heide - Stappersven - Heide NO van Keetheuvel;Kalmthout;Kalmthout;Antwerpen;iObs;J;Goedgekeurd op basis van bewijsmateriaal;1980-01-01;3;;5;Libellen;Libellulidae;2026-07-08;634;S;zeldzaam
226837563;226837563;Zwarte heidelibel;Sympetrum danae;2021-09-12;9;2021-10-03;1;ter plaatse;onbekend;imago;Man;223496.4428548668;217586.2198533369;5.42173;51.26347;FS6881;Neerpelt - Het Hageven;Neerpelt;Neerpelt;Limburg;Site;J;Goedgekeurd op basis van kennisregels - automatische beeldherkenning (NIA);1980-01-01;3;Photo;25;Libellen;Libellulidae;2026-07-08;634;S;zeldzaam
226851664;226851664;Zwarte heidelibel;Sympetrum danae;2021-09-12;9;2021-10-03;1;ter plaatse;onbekend;imago;Man;222965.77545212564;217347.27973416448;5.41408;51.26139;FS6881;Neerpelt - Het Hageven;Lommel;Lommel;Limburg;Site;J;Goedgekeurd op basis van kennisregels - automatische beeldherkenning (NIA);1980-01-01;3;Photo;25;Libellen;Libellulidae;2026-07-08;634;S;zeldzaam
226849763;226849763;Zwarte heidelibel;Sympetrum danae;2021-09-12;9;2021-10-03;1;ter plaatse;onbekend;imago;Man;223099.59688322636;217461.54699040577;5.41602;51.2624;FS6881;Neerpelt - Het Hageven;Lommel;Lommel;Limburg;Site;J;Goedgekeurd op basis van kennisregels - automatische beeldherkenning (NIA);1980-01-01;3;Photo;25;Libellen;Libellulidae;2026-07-08;634;S;zeldzaam
226849615;226849615;Zwarte heidelibel;Sympetrum danae;2021-09-12;9;2021-10-03;1;ter plaatse;onbekend;imago;Vrouw;223317.28173069665;217470.1874147076;5.41914;51.26245;FS6881;Neerpelt - Het Hageven;Neerpelt;Neerpelt;Limburg;Site;J;Goedgekeurd op basis van kennisregels - automatische beeldherkenning (NIA);1980-01-01;3;Photo;25;Libellen;Libellulidae;2026-07-08;634;S;zeldzaam
200451793;200451793;Zwarte heidelibel;Sympetrum danae;2020-09-19;9;2020-09-20;1;ter plaatse;onbekend;imago;onbekend;189555.8042769461;214893.73583435547;4.9352002;51.2426;FS3578;Lichtaart/Kasterlee - Hoge Rielen;Kasterlee;Lichtaart;Antwerpen;Site;J;Goedgekeurd op basis van bewijsmateriaal;1980-01-01;4;;60;Libellen;Libellulidae;2026-07-08;634;S;zeldzaam
252936318;252936318;Zwarte heidelibel;Sympetrum danae;2022-08-20;8;2022-08-21;4;ter plaatse;gezien;imago;onbekend;210664.79975517892;206834.8723663101;5.236111;51.168333;FS5670;Balen - De Most;Balen;Balen;Antwerpen;Site;J;Goedgekeurd op basis van bewijsmateriaal;1980-01-01;4;;25;Libellen;Libellulidae;2026-07-08;634;S;zeldzaam
196845747;196845747;Zwarte heidelibel;Sympetrum danae;2020-07-22;7;2020-07-23;1;ter plaatse;gezien;imago;onbekend;165100.43261380348;228790.3472246584;4.58558368682861;51.3686637878418;FS1092;Brecht - Groot Schietveld (Strikt ontoegankelijk);Wuustwezel;Wuustwezel;Antwerpen;ObsMapp;J;Goedgekeurd op basis van expertoordeel;2007-01-01;4;;25;Libellen;Libellulidae;2026-07-08;634;S;zeldzaam
325224180;325224180;Zwarte heidelibel;Sympetrum danae;2024-08-19;8;2024-08-20;4;ter plaatse;onbekend;onbekend;onbekend;204700.3334706687;219656.38662180025;5.152778000000012;51.284167;FS5083;Postel - Omgeving Ronde Put;Mol;Mol;Antwerpen;Site;J;Goedgekeurd op basis van kennisregels - automatische beeldherkenning (NIA);1980-01-01;4;;999;Libellen;Libellulidae;2026-07-08;634;S;zeldzaam
224233843;224233843;Zwarte heidelibel;Sympetrum danae;2021-08-28;8;2021-08-29;5;ter plaatse;gezien;imago;onbekend;210783.6008330272;206957.86986827385;5.23783;51.169426;FS5671;Balen - De Most;Balen;Balen;Antwerpen;Site;J;Goedgekeurd op basis van bewijsmateriaal;1980-01-01;4;;60;Libellen;Libellulidae;2026-07-08;634;S;zeldzaam
200422029;200422029;Zwarte heidelibel;Sympetrum danae;2020-09-19;9;2020-09-20;2;in copula;gezien;imago;onbekend;206899.11167135715;204721.577740768;5.1819444;51.149722;FS5268;Balen - Scheps;Balen;Balen;Antwerpen;Site;J;Goedgekeurd op basis van bewijsmateriaal;1980-01-01;4;;25;Libellen;Libellulidae;2026-07-08;634;S;zeldzaam
323051613;323051613;Zwarte heidelibel;Sympetrum danae;2024-08-05;8;2024-08-06;2;ter plaatse;onbekend;imago;onbekend;204787.71681127136;220249.87132869847;5.154120418667844;51.28949272378564;FS5084;Postel - Omgeving Ronde Put;Mol;Mol;Antwerpen;Site;J;Goedgekeurd op basis van kennisregels - automatische beeldherkenning (NIA);1980-01-01;4;;30;Libellen;Libellulidae;2026-07-08;634;S;zeldzaam
321127581;321127581;Zwarte heidelibel;Sympetrum danae;2024-07-24;7;2024-07-25;3;ter plaatse;onbekend;onbekend;onbekend;204850.7690963978;220090.6836697925;5.154999999999973;51.288056;FS5084;Postel - Omgeving Ronde Put;Mol;Mol;Antwerpen;Site;J;Goedgekeurd op basis van kennisregels - automatische beeldherkenning (NIA);1980-01-01;4;;999;Libellen;Libellulidae;2026-07-08;634;S;zeldzaam
226056685;226056685;Zwarte heidelibel;Sympetrum danae;2021-09-20;9;2021-09-21;2;ter plaatse;gezien;imago;onbekend;206417.2578341709;204345.4949676767;5.175;51.146389;FS5268;Olmen - Asbeek;Balen;Olmen;Antwerpen;Site;J;Goedgekeurd op basis van bewijsmateriaal;1980-01-01;4;;25;Libellen;Libellulidae;2026-07-08;634;S;zeldzaam
247308922;247308922;Zwarte heidelibel;Sympetrum danae;2022-06-29;6;2022-06-29;2;ter plaatse;gezien;imago;onbekend;210795.03748169696;207330.94790948648;5.238056;51.172778;FS5671;Balen - De Most;Balen;Balen;Antwerpen;Site;J;Goedgekeurd op basis van bewijsmateriaal;1980-01-01;4;;25;Libellen;Libellulidae;2026-07-08;634;S;zeldzaam
225992670;225992670;Zwarte heidelibel;Sympetrum danae;2021-09-19;9;2021-09-20;4;ter plaatse;gezien;imago;onbekend;205984.9574879949;211974.4344078647;5.17;51.215;FS5175;  ;Mol;Mol;Antwerpen;Site;J;Goedgekeurd op basis van bewijsmateriaal;1980-01-01;4;;25;Libellen;Libellulidae;2026-07-08;634;S;zeldzaam
199962346;199962346;Zwarte heidelibel;Sympetrum danae;2020-09-11;9;2020-09-12;5;ter plaatse;gezien;imago;onbekend;210664.44519527117;206865.7985059293;5.2361111;51.168611;FS5670;Balen - De Most;Balen;Balen;Antwerpen;Site;J;Goedgekeurd op basis van bewijsmateriaal;1980-01-01;4;;25;Libellen;Libellulidae;2026-07-08;634;S;zeldzaam
253445636;253445636;Zwarte heidelibel;Sympetrum danae;2022-08-27;8;2022-08-27;2;ter plaatse;gezien;imago;onbekend;210664.79975517892;206834.8723663101;5.236111;51.168333;FS5670;Balen - De Most;Balen;Balen;Antwerpen;Site;J;Goedgekeurd op basis van bewijsmateriaal;1980-01-01;4;;25;Libellen;Libellulidae;2026-07-08;634;S;zeldzaam
254714130;254714130;Zwarte heidelibel;Sympetrum danae;2022-09-11;9;2022-09-13;4;ter plaatse;gezien;imago;onbekend;210645.35666861795;206834.6450953204;5.235833;51.168333;FS5670;Balen - De Most;Balen;Balen;Antwerpen;Site;J;Goedgekeurd op basis van kennisregels - automatische beeldherkenning (NIA);1980-01-01;4;;25;Libellen;Libellulidae;2026-07-08;634;S;zeldzaam
199713802;199713802;Zwarte heidelibel;Sympetrum danae;2020-09-06;9;2020-09-07;1;ter plaatse;gezien;imago;onbekend;210703.6649440038;206835.32688122243;5.2366667;51.168333;FS5670;Balen - De Most;Balen;Balen;Antwerpen;Site;J;Goedgekeurd op basis van bewijsmateriaal;1980-01-01;4;;25;Libellen;Libellulidae;2026-07-08;634;S;zeldzaam
199440651;199440651;Zwarte heidelibel;Sympetrum danae;2020-09-01;9;2020-09-02;5;ter plaatse;gezien;imago;onbekend;210683.87417744545;206866.0256848065;5.2363889;51.168611;FS5670;Balen - De Most;Balen;Balen;Antwerpen;Site;J;Goedgekeurd op basis van bewijsmateriaal;1980-01-01;4;;25;Libellen;Libellulidae;2026-07-08;634;S;zeldzaam
251554759;251554759;Zwarte heidelibel;Sympetrum danae;2022-08-06;8;2022-08-06;4;ter plaatse;gezien;imago;onbekend;210587.45713512343;206803.1497205207;5.235;51.168056;FS5670;Balen - De Most;Balen;Balen;Antwerpen;Site;J;Goedgekeurd op basis van bewijsmateriaal;1980-01-01;4;;25;Libellen;Libellulidae;2026-07-08;634;S;zeldzaam
200567380;200567380;Zwarte heidelibel;Sympetrum danae;2020-09-22;9;2020-09-23;5;ter plaatse;gezien;imago;onbekend;210683.87417744545;206866.0256848065;5.2363889;51.168611;FS5670;Balen - De Most;Balen;Balen;Antwerpen;Site;J;Goedgekeurd op basis van bewijsmateriaal;1980-01-01;4;;25;Libellen;Libellulidae;2026-07-08;634;S;zeldzaam
249348079;249348079;Zwarte heidelibel;Sympetrum danae;2022-07-16;7;2022-07-17;4;ter plaatse;gezien;imago;onbekend;210645.35666861795;206834.6450953204;5.235833;51.168333;FS5670;Balen - De Most;Balen;Balen;Antwerpen;Site;J;Goedgekeurd op basis van kennisregels - automatische beeldherkenning (NIA);1980-01-01;4;;25;Libellen;Libellulidae;2026-07-08;634;S;zeldzaam
225956939;225956939;Zwarte heidelibel;Sympetrum danae;2021-09-19;9;2021-09-20;1;ter plaatse;onbekend;imago;Man;165293.88492091172;227056.92946403756;4.5882876;51.353079;FS1090;Brecht - Groot Schietveld - Lavendelven (Strikt ontoegankelijk);Brecht;Brecht;Antwerpen;Site;J;Goedgekeurd op basis van bewijsmateriaal;1980-01-01;3;;7;Libellen;Libellulidae;2026-07-08;634;S;zeldzaam
200865805;200865805;Zwarte heidelibel;Sympetrum danae;2020-09-29;9;2020-09-30;3;ter plaatse;gezien;imago;onbekend;210703.32414039125;206866.2531818245;5.236667;51.168611;FS5670;Balen - De Most;Balen;Balen;Antwerpen;Site;J;Goedgekeurd op basis van bewijsmateriaal;1980-01-01;4;;25;Libellen;Libellulidae;2026-07-08;634;S;zeldzaam
371398042;371398042;Zwarte heidelibel;Sympetrum danae;2025-09-01;9;2025-09-02;1;ter plaatse;onbekend;imago;Man;210625.9835203697;206834.41871425603;5.235555999999974;51.168333;FS5670;Balen - De Most;Balen;Balen;Antwerpen;Site;J;Goedgekeurd op basis van bewijsmateriaal;1980-01-01;4;;999;Libellen;Libellulidae;2026-07-08;634;S;zeldzaam
225462253;225462253;Zwarte heidelibel;Sympetrum danae;2021-09-12;9;2021-09-13;3;ter plaatse;gezien;imago;onbekend;210684.2428408897;206835.09971009567;5.236389;51.168333;FS5670;Balen - De Most;Balen;Balen;Antwerpen;Site;J;Goedgekeurd op basis van bewijsmateriaal;1980-01-01;4;;25;Libellen;Libellulidae;2026-07-08;634;S;zeldzaam
196070248;196070248;Zwarte heidelibel;Sympetrum danae;2020-07-12;7;2020-07-13;5;ter plaatse;gezien;imago;onbekend;210820.56350302303;206890.2118118424;5.2383471;51.168814;FS5670;Balen - De Most;Balen;Balen;Antwerpen;Site;J;Goedgekeurd op basis van bewijsmateriaal;1980-01-01;4;;30;Libellen;Libellulidae;2026-07-08;634;S;zeldzaam
370631006;370631006;Zwarte heidelibel;Sympetrum danae;2025-08-27;8;2025-08-27;1;ter plaatse;gezien;imago;Man;223093.5341225157;217030.41117793787;5.415846;51.258526;FS6881;Neerpelt - Het Hageven;Neerpelt;Neerpelt;Limburg;Observation;J;Goedgekeurd op basis van expertoordeel;1980-01-01;3;;5;Libellen;Libellulidae;2026-07-08;634;S;zeldzaam
370630742;370630742;Zwarte heidelibel;Sympetrum danae;2025-08-27;8;2025-08-27;1;ter plaatse;gezien;imago;onbekend;223100.8712968827;217020.05558950268;5.415949;51.258432;FS6881;Neerpelt - Het Hageven;Neerpelt;Neerpelt;Limburg;Observation;J;Goedgekeurd op basis van expertoordeel;1980-01-01;3;;4;Libellen;Libellulidae;2026-07-08;634;S;zeldzaam
256699108;256699108;Zwarte heidelibel;Sympetrum danae;2022-08-25;8;2022-10-10;1;ter plaatse;gezien;imago;Man;223034.72016509404;216870.81989443023;5.41497135162354;51.2570991516113;FS6881;Neerpelt - Het Hageven;Neerpelt;Neerpelt;Limburg;ObsMapp;J;Goedgekeurd op basis van kennisregels - nabijheid;2007-01-01;4;;3;Libellen;Libellulidae;2026-07-08;634;S;zeldzaam
256699121;256699121;Zwarte heidelibel;Sympetrum danae;2022-08-25;8;2022-10-10;1;ter plaatse;gezien;imago;Man;222918.96755604455;216782.34496529863;5.41329558938742;51.2563186516948;FS6881;Neerpelt - Het Hageven;Neerpelt;Neerpelt;Limburg;ObsMapp;J;Goedgekeurd op basis van kennisregels - nabijheid;2007-01-01;4;;10;Libellen;Libellulidae;2026-07-08;634;S;zeldzaam
226429429;226429429;Zwarte heidelibel;Sympetrum danae;2021-09-25;9;2021-09-27;5;ter plaatse;gezien;imago;onbekend;210684.2428408897;206835.09971009567;5.236389;51.168333;FS5670;Balen - De Most;Balen;Balen;Antwerpen;Site;J;Goedgekeurd op basis van bewijsmateriaal;1980-01-01;4;;25;Libellen;Libellulidae;2026-07-08;634;S;zeldzaam
222766911;222766911;Zwarte heidelibel;Sympetrum danae;2021-08-12;8;2021-08-12;5;ter plaatse;gezien;imago;Vrouw;210664.79975517892;206834.8723663101;5.236111;51.168333;FS5670;Balen - De Most;Balen;Balen;Antwerpen;Site;J;Goedgekeurd op basis van bewijsmateriaal;1980-01-01;4;;25;Libellen;Libellulidae;2026-07-08;634;S;zeldzaam
289024884;289024884;Zwarte heidelibel;Sympetrum danae;2023-09-26;9;2023-09-27;2;ter plaatse;gezien;imago;onbekend;204871.4741609513;219967.17771029472;5.155277999999953;51.286944;FS5083;Postel - Ronde Put;Mol;Mol;Antwerpen;Site;J;Goedgekeurd op basis van bewijsmateriaal;1980-01-01;4;;25;Libellen;Libellulidae;2026-07-08;634;S;zeldzaam
326682016;326682016;Zwarte heidelibel;Sympetrum danae;2024-09-01;9;2024-09-02;3;ter plaatse;onbekend;imago;onbekend;204948.65170019423;219998.92789370287;5.15638899999999;51.287222;FS5083;Postel - Ronde Put;Mol;Mol;Antwerpen;Site;J;Goedgekeurd op basis van bewijsmateriaal;1980-01-01;4;;999;Libellen;Libellulidae;2026-07-08;634;S;zeldzaam
359761349;359761349;Zwarte heidelibel;Sympetrum danae;2025-06-29;6;2025-06-29;1;ter plaatse;onbekend;imago;Vrouw;210949.33885674417;207425.43798851687;5.240277999999989;51.173611;FS5671;Balen - De Most;Balen;Balen;Antwerpen;Site;J;Goedgekeurd op basis van bewijsmateriaal;1980-01-01;4;;999;Libellen;Libellulidae;2026-07-08;634;S;zeldzaam
288851219;288851219;Zwarte heidelibel;Sympetrum danae;2023-09-24;9;2023-09-25;1;ter plaatse;gezien;imago;Man;210664.79975517892;206834.8723663101;5.236111;51.168333;FS5670;Balen - De Most;Balen;Balen;Antwerpen;Site;J;Goedgekeurd op basis van bewijsmateriaal;1980-01-01;4;;25;Libellen;Libellulidae;2026-07-08;634;S;zeldzaam
374499128;374499128;Zwarte heidelibel;Sympetrum danae;2025-09-28;9;2025-09-29;1;ter plaatse;onbekend;imago;Man;210941.5894749499;207453.07509156785;5.240171842200311;51.17386021852016;FS5671;Balen - De Most;Balen;Balen;Antwerpen;Site;J;Goedgekeurd op basis van bewijsmateriaal;1980-01-01;4;;30;Libellen;Libellulidae;2026-07-08;634;S;zeldzaam
254192544;254192544;Zwarte heidelibel;Sympetrum danae;2022-09-03;9;2022-09-05;4;ter plaatse;gezien;imago;onbekend;210664.79975517892;206834.8723663101;5.236111;51.168333;FS5670;Balen - De Most;Balen;Balen;Antwerpen;Site;J;Goedgekeurd op basis van kennisregels - automatische beeldherkenning (NIA);1980-01-01;4;;25;Libellen;Libellulidae;2026-07-08;634;S;zeldzaam
196608932;196608932;Zwarte heidelibel;Sympetrum danae;2020-07-19;7;2020-07-20;5;ter plaatse;gezien;imago;onbekend;210652.7519297711;206866.2181142569;5.235944;51.168616;FS5670;Balen - De Most;Balen;Balen;Antwerpen;Site;J;Goedgekeurd op basis van bewijsmateriaal;1980-01-01;4;;25;Libellen;Libellulidae;2026-07-08;634;S;zeldzaam
196996223;196996223;Zwarte heidelibel;Sympetrum danae;2020-07-24;7;2020-07-25;5;ter plaatse;gezien;imago;onbekend;210742.35417402769;206902.20187314227;5.237231;51.16893;FS5670;Balen - De Most;Balen;Balen;Antwerpen;Site;J;Goedgekeurd op basis van bewijsmateriaal;1980-01-01;4;;25;Libellen;Libellulidae;2026-07-08;634;S;zeldzaam
219380049;219380049;Zwarte heidelibel;Sympetrum danae;2021-07-08;7;2021-07-08;1;ter plaatse;gezien;imago;onbekend;210775.9585011397;207299.7940526046;5.237778;51.1725;FS5671;Balen - De Most;Balen;Balen;Antwerpen;Site;J;Goedgekeurd op basis van bewijsmateriaal;1980-01-01;4;;25;Libellen;Libellulidae;2026-07-08;634;S;zeldzaam
197393317;197393317;Zwarte heidelibel;Sympetrum danae;2020-07-30;7;2020-07-30;10;ter plaatse;gezien;imago;onbekend;210790.32438065272;206908.77167755365;5.2379179;51.168984;FS5670;Balen - De Most;Balen;Balen;Antwerpen;Site;J;Goedgekeurd op basis van bewijsmateriaal;1980-01-01;4;;30;Libellen;Libellulidae;2026-07-08;634;S;zeldzaam
200359382;200359382;Zwarte heidelibel;Sympetrum danae;2020-09-18;9;2020-09-19;5;ter plaatse;gezien;imago;onbekend;210756.87928811432;207268.6402690457;5.2375;51.172222;FS5671;Balen - De Most;Balen;Balen;Antwerpen;Site;J;Goedgekeurd op basis van bewijsmateriaal;1980-01-01;4;;25;Libellen;Libellulidae;2026-07-08;634;S;zeldzaam
225177992;225177992;Zwarte heidelibel;Sympetrum danae;2021-09-08;9;2021-09-09;1;ter plaatse;gezien;imago;onbekend;207034.49108391316;204784.92309033405;5.183889;51.150278;FS5268;Balen - Scheps;Balen;Balen;Antwerpen;Site;J;Goedgekeurd op basis van kennisregels - automatische beeldherkenning (NIA);1980-01-01;4;;25;Libellen;Libellulidae;2026-07-08;634;S;zeldzaam
224974732;224974732;Zwarte heidelibel;Sympetrum danae;2021-09-05;9;2021-09-06;5;ter plaatse;gezien;imago;onbekend;210664.79975517892;206834.8723663101;5.236111;51.168333;FS5670;Balen - De Most;Balen;Balen;Antwerpen;Site;J;Goedgekeurd op basis van kennisregels - automatische beeldherkenning (NIA);1980-01-01;4;;25;Libellen;Libellulidae;2026-07-08;634;S;zeldzaam
225007965;225007965;Zwarte heidelibel;Sympetrum danae;2021-09-06;9;2021-09-06;2;ter plaatse;gezien;imago;onbekend;205984.9574879949;211974.4344078647;5.17;51.215;FS5175;  ;Mol;Mol;Antwerpen;Site;J;Goedgekeurd op basis van bewijsmateriaal;1980-01-01;4;;25;Libellen;Libellulidae;2026-07-08;634;S;zeldzaam
227356653;227356653;Zwarte heidelibel;Sympetrum danae;2021-10-09;10;2021-10-10;2;ter plaatse;gezien;imago;onbekend;210664.79975517892;206834.8723663101;5.236111;51.168333;FS5670;Balen - De Most;Balen;Balen;Antwerpen;Site;J;Goedgekeurd op basis van kennisregels - automatische beeldherkenning (NIA);1980-01-01;4;;25;Libellen;Libellulidae;2026-07-08;634;S;zeldzaam
228268910;228268910;Zwarte heidelibel;Sympetrum danae;2021-10-24;10;2021-10-25;2;ter plaatse;gezien;imago;onbekend;210683.88117131943;206866.0257665962;5.236389;51.168611;FS5670;Balen - De Most;Balen;Balen;Antwerpen;Site;J;Goedgekeurd op basis van bewijsmateriaal;1980-01-01;4;;25;Libellen;Libellulidae;2026-07-08;634;S;zeldzaam
369796378;369796378;Zwarte heidelibel;Sympetrum danae;2025-08-15;8;2025-08-22;1;ter plaatse;gezien;imago;Man;223092.01671619012;216998.1145876022;5.415817737579346;51.25823593139648;FS6881;Neerpelt - Het Hageven;Neerpelt;Neerpelt;Limburg;ObsMapp;J;Goedgekeurd op basis van expertoordeel;1980-01-01;4;;4;Libellen;Libellulidae;2026-07-08;634;S;zeldzaam
369796370;369796370;Zwarte heidelibel;Sympetrum danae;2025-08-15;8;2025-08-22;1;ter plaatse;gezien;imago;Man;223093.4606132429;217001.95502602123;5.415839195251465;51.25827026367188;FS6881;Neerpelt - Het Hageven;Neerpelt;Neerpelt;Limburg;ObsMapp;J;Goedgekeurd op basis van expertoordeel;1980-01-01;4;;4;Libellen;Libellulidae;2026-07-08;634;S;zeldzaam
369796225;369796225;Zwarte heidelibel;Sympetrum danae;2025-08-15;8;2025-08-22;1;ter plaatse;gezien;imago;Man;223466.887522782;217550.96156924215;5.421299457550049;51.26315689086914;FS6881;Neerpelt - Het Hageven;Neerpelt;Neerpelt;Limburg;ObsMapp;J;Goedgekeurd op basis van bewijsmateriaal;1980-01-01;4;;4;Libellen;Libellulidae;2026-07-08;634;S;zeldzaam
369796212;369796212;Zwarte heidelibel;Sympetrum danae;2025-08-15;8;2025-08-22;1;ter plaatse;gezien;imago;Man;223537.6713691937;217580.40448760428;5.422319412231445;51.26341247558594;FS6881;Neerpelt - Het Hageven;Neerpelt;Neerpelt;Limburg;ObsMapp;J;Goedgekeurd op basis van kennisregels - nabijheid;1980-01-01;4;;4;Libellen;Libellulidae;2026-07-08;634;S;zeldzaam
223639391;223639391;Zwarte heidelibel;Sympetrum danae;2021-08-21;8;2021-08-22;5;ter plaatse;gezien;imago;onbekend;210817.3284427346;206897.0720190229;5.238302;51.168876;FS5670;Balen - De Most;Balen;Balen;Antwerpen;Site;J;Goedgekeurd op basis van bewijsmateriaal;1980-01-01;4;;25;Libellen;Libellulidae;2026-07-08;634;S;zeldzaam
199227155;199227155;Zwarte heidelibel;Sympetrum danae;2020-08-28;8;2020-08-29;2;ter plaatse;gezien;imago;onbekend;210684.23584697413;206835.0996283032;5.2363889;51.168333;FS5670;Balen - De Most;Balen;Balen;Antwerpen;Site;J;Goedgekeurd op basis van bewijsmateriaal;1980-01-01;4;;25;Libellen;Libellulidae;2026-07-08;634;S;zeldzaam
225914983;225914983;Zwarte heidelibel;Sympetrum danae;2021-09-18;9;2021-09-19;5;ter plaatse;gezien;imago;onbekend;210949.33885674496;207425.43798851687;5.240278;51.173611;FS5671;Balen - De Most;Balen;Balen;Antwerpen;Site;J;Goedgekeurd op basis van bewijsmateriaal;1980-01-01;4;;25;Libellen;Libellulidae;2026-07-08;634;S;zeldzaam
198297076;198297076;Zwarte heidelibel;Sympetrum danae;2020-08-04;8;2020-08-12;2;ter plaatse;onbekend;imago;onbekend;206513.8945069286;204892.49004212956;5.176466;51.151296;FS5268;Balen - Scheps;Balen;Balen;Antwerpen;Site;J;Goedgekeurd op basis van bewijsmateriaal;1980-01-01;4;;30;Libellen;Libellulidae;2026-07-08;634;S;zeldzaam
219731218;219731218;Zwarte heidelibel;Sympetrum danae;2021-07-11;7;2021-07-12;1;ter plaatse;gezien;imago;onbekend;206860.92795370132;204659.4109817855;5.181389;51.149167;FS5268;Balen - Scheps;Balen;Balen;Antwerpen;Site;J;Goedgekeurd op basis van bewijsmateriaal;1980-01-01;4;;25;Libellen;Libellulidae;2026-07-08;634;S;zeldzaam
286895108;286895108;Zwarte heidelibel;Sympetrum danae;2023-09-04;9;2023-09-04;1;ter plaatse;gezien;imago;Man;154841.42343279516;232638.8656722419;4.438329000000067;51.403432;FS0095;Grenspark Kalmthoutse Heide - Drielingvennen;Kalmthout;Kalmthout;Antwerpen;Site;J;Goedgekeurd op basis van bewijsmateriaal;1980-01-01;3;;10;Libellen;Libellulidae;2026-07-08;634;S;zeldzaam
223651551;223651551;Zwarte heidelibel;Sympetrum danae;2021-08-20;8;2021-08-22;1;ter plaatse;gezien;imago, niet uitgekleurd;Man;222824.32434841583;216767.2551006284;5.411937;51.256195;FS6881;Neerpelt - Het Hageven;Neerpelt;Neerpelt;Limburg;ObsMapp;J;Goedgekeurd op basis van bewijsmateriaal;2007-01-01;4;;4;Libellen;Libellulidae;2026-07-08;634;S;zeldzaam
223651510;223651510;Zwarte heidelibel;Sympetrum danae;2021-08-20;8;2021-08-22;1;ter plaatse;gezien;imago;Man;223033.93061037565;216796.95427555963;5.41494512557983;51.2564353942871;FS6881;Neerpelt - Het Hageven;Neerpelt;Neerpelt;Limburg;ObsMapp;J;Goedgekeurd op basis van expertoordeel;2007-01-01;4;;3;Libellen;Libellulidae;2026-07-08;634;S;zeldzaam
326736876;326736876;Zwarte heidelibel;Sympetrum danae;2024-09-02;9;2024-09-02;1;ter plaatse;gezien;imago;Man;154237.171410181;230382.77131415345;4.429619312286377;51.38315963745117;ES9993;Grenspark Kalmthoutse Heide - Nieuwe Gemeentebossen - Putse Moer;Kalmthout;Kalmthout;Antwerpen;ObsMapp;J;Goedgekeurd op basis van bewijsmateriaal;1980-01-01;3;;1;Libellen;Libellulidae;2026-07-08;634;S;zeldzaam
321017048;321017048;Zwarte heidelibel;Sympetrum danae;2024-07-24;7;2024-07-24;1;ter plaatse;gezien;imago;Man;154319.63753349605;234268.9667784497;4.430850982666016;51.418087005615234;ES9997;Grenspark Kalmthoutse Heide - De Nol (Ontoegankelijk);Kalmthout;Kalmthout;Antwerpen;ObsMapp;J;Goedgekeurd op basis van kennisregels - nabijheid;1980-01-01;3;;1;Libellen;Libellulidae;2026-07-08;634;S;zeldzaam
321017095;321017095;Zwarte heidelibel;Sympetrum danae;2024-07-24;7;2024-07-24;1;ter plaatse;gezien;imago;Vrouw;154458.07810468157;234602.2699567126;4.432845115661621;51.42108154296875;ES9997;Grenspark Kalmthoutse Heide - De Nol (Ontoegankelijk);Kalmthout;Kalmthout;Antwerpen;ObsMapp;J;Goedgekeurd op basis van expertoordeel;1980-01-01;3;;5;Libellen;Libellulidae;2026-07-08;634;S;zeldzaam
325226894;325226894;Zwarte heidelibel;Sympetrum danae;2024-08-20;8;2024-08-20;1;ter plaatse;gezien;imago;Man;187892.77282861428;217238.0454994589;4.911632061004639;51.2637825012207;FS3380;Tielen - Tielenkamp (Ontoegankelijk);Kasterlee;Tielen;Antwerpen;ObsMapp;J;Goedgekeurd op basis van expertoordeel;1980-01-01;3;;1;Libellen;Libellulidae;2026-07-08;634;S;zeldzaam
328600625;328600625;Zwarte heidelibel;Sympetrum danae;2024-09-20;9;2024-09-20;1;ter plaatse;gezien;imago;Man;152784.7441141736;232257.34169398996;4.408772468566895;51.40001678466797;ES9795;Grenspark Kalmthoutse Heide - Zwarte Heuvelen;Kalmthout;Kalmthout;Antwerpen;ObsMapp;J;Goedgekeurd op basis van expertoordeel;1980-01-01;3;;1;Libellen;Libellulidae;2026-07-08;634;S;zeldzaam
328600659;328600659;Zwarte heidelibel;Sympetrum danae;2024-09-20;9;2024-09-20;1;ter plaatse;gezien;imago;Vrouw;152787.6060546726;232242.91248228028;4.4088134765625;51.39988708496094;ES9895;Grenspark Kalmthoutse Heide - Zwarte Heuvelen;Kalmthout;Kalmthout;Antwerpen;ObsMapp;J;Goedgekeurd op basis van bewijsmateriaal;1980-01-01;3;;1;Libellen;Libellulidae;2026-07-08;634;S;zeldzaam
321197309;321197309;Zwarte heidelibel;Sympetrum danae;2024-07-25;7;2024-07-25;10;ter plaatse;gezien;imago, niet uitgekleurd;onbekend;154910.5011233438;233012.31695180383;4.439326763153076;51.40678787231445;FS0096;Grenspark Kalmthoutse Heide - Stappersven;Kalmthout;Kalmthout;Antwerpen;ObsMapp;J;Goedgekeurd op basis van kennisregels - nabijheid;1980-01-01;3;;1;Libellen;Libellulidae;2026-07-08;634;S;zeldzaam
321197311;321197311;Zwarte heidelibel;Sympetrum danae;2024-07-25;7;2024-07-25;2;ter plaatse;gezien;imago;Vrouw;154941.86501126958;232970.32796442043;4.43977689743042;51.40641021728516;FS0096;Grenspark Kalmthoutse Heide - Stappersven;Kalmthout;Kalmthout;Antwerpen;ObsMapp;J;Goedgekeurd op basis van kennisregels - nabijheid;1980-01-01;3;;1;Libellen;Libellulidae;2026-07-08;634;S;zeldzaam
321197323;321197323;Zwarte heidelibel;Sympetrum danae;2024-07-25;7;2024-07-25;1;ter plaatse;gezien;imago, niet uitgekleurd;onbekend;154999.8827468262;232682.1923660077;4.440606594085693;51.4038200378418;FS0095;Grenspark Kalmthoutse Heide - Stappersven;Kalmthout;Kalmthout;Antwerpen;ObsMapp;J;Goedgekeurd op basis van bewijsmateriaal;1980-01-01;3;;1;Libellen;Libellulidae;2026-07-08;634;S;zeldzaam
331866295;331866295;Zwarte heidelibel;Sympetrum danae;2024-10-22;10;2024-10-24;1;ter plaatse;gezien;imago;Man;192037.9227258562;231728.4480047701;4.972705841064453;51.39373016357422;FS3795;Weelde - NAVO-vliegveld (Ontoegankelijk);Ravels;Weelde;Antwerpen;ObsMapp;J;Goedgekeurd op basis van bewijsmateriaal;1980-01-01;3;;1;Libellen;Libellulidae;2026-07-08;634;S;zeldzaam
319400906;319400906;Zwarte heidelibel;Sympetrum danae;2024-07-17;7;2024-07-17;1;ter plaatse;gezien;imago;Vrouw;153941.77628299597;232656.64991866983;4.42540168762207;51.40359878540039;ES9995;Grenspark Kalmthoutse Heide - Drielingvennen;Kalmthout;Kalmthout;Antwerpen;ObsMapp;J;Goedgekeurd op basis van kennisregels - automatische beeldherkenning (NIA);1980-01-01;3;;1;Libellen;Libellulidae;2026-07-08;634;S;zeldzaam
319400927;319400927;Zwarte heidelibel;Sympetrum danae;2024-07-17;7;2024-07-17;1;ter plaatse;gezien;imago;Man;153878.16685406154;232695.2248365134;4.424488067626953;51.40394592285156;ES9995;Grenspark Kalmthoutse Heide - Drielingvennen;Kalmthout;Kalmthout;Antwerpen;ObsMapp;J;Goedgekeurd op basis van kennisregels - nabijheid;1980-01-01;3;;1;Libellen;Libellulidae;2026-07-08;634;S;zeldzaam
408839071;408839071;Zwarte heidelibel;Sympetrum danae;2026-07-03;7;2026-07-03;1;ter plaatse;gezien;imago;Man;164882.37126515256;228771.4625448957;4.582451820373535;51.368499755859375;FS1091;Brecht - Groot Schietveld (Strikt ontoegankelijk);Wuustwezel;Wuustwezel;Antwerpen;ObsMapp;J;Goedgekeurd op basis van bewijsmateriaal;1980-01-01;3;;3;Libellen;Libellulidae;2026-07-08;634;S;zeldzaam
200254723;200254723;Zwarte heidelibel;Sympetrum danae;2020-09-17;9;2020-09-17;1;ter plaatse;onbekend;imago;Man;210847.3963382109;207087.638405324;5.2387638092041;51.1705856323242;FS5671;Balen - De Most;Balen;Balen;Antwerpen;ObsMapp;J;Goedgekeurd op basis van expertoordeel;2007-01-01;3;;25;Libellen;Libellulidae;2026-07-08;634;S;zeldzaam
326736883;326736883;Zwarte heidelibel;Sympetrum danae;2024-09-02;9;2024-09-02;1;ter plaatse;gezien;imago;Man;154275.83046711184;230403.1762189688;4.430174827575684;51.38334274291992;ES9993;Grenspark Kalmthoutse Heide - Nieuwe Gemeentebossen - Putse Moer;Kalmthout;Kalmthout;Antwerpen;ObsMapp;J;Goedgekeurd op basis van expertoordeel;1980-01-01;3;;1;Libellen;Libellulidae;2026-07-08;634;S;zeldzaam
327139113;327139113;Zwarte heidelibel;Sympetrum danae;2024-09-04;9;2024-09-05;1;ter plaatse;gezien;imago;Man;185301.39172533463;211119.1779880421;4.873910427093506;51.20895004272461;FS3074;Kasterlee - Zwart Water;Kasterlee;Lichtaart;Antwerpen;ObsMapp;J;Goedgekeurd op basis van bewijsmateriaal;1980-01-01;3;;1;Libellen;Libellulidae;2026-07-08;634;S;zeldzaam
284335616;284335616;Zwarte heidelibel;Sympetrum danae;2023-08-12;8;2023-08-15;3;ter plaatse;onbekend;onbekend;onbekend;154070.97165997658;232965.60043822508;4.42726170997048;51.40637462611969;ES9995;Grenspark Kalmthoutse Heide - Drielingvennen;Kalmthout;Kalmthout;Antwerpen;ObsMapp;J;Goedgekeurd op basis van kennisregels - nabijheid;1980-01-01;4;;5;Libellen;Libellulidae;2026-07-08;634;S;zeldzaam
246553048;246553048;Zwarte heidelibel;Sympetrum danae;2022-06-22;6;2022-06-23;1;ter plaatse;gezien;imago;Man;196520.9816658369;217402.6848006425;5.03526;51.26463;FS4181;  ;Retie;Retie;Antwerpen;Site;J;Goedgekeurd op basis van kennisregels - automatische beeldherkenning (NIA);1980-01-01;3;;5;Libellen;Libellulidae;2026-07-08;634;S;zeldzaam
253503262;253503262;Zwarte heidelibel;Sympetrum danae;2022-08-27;8;2022-08-28;1;ter plaatse;gezien;imago;Vrouw;193990.07011178092;225607.1851590248;5.000002;51.338569;FS3989;Landschap De Liereman - Lieremansmoer;Oud-Turnhout;Oud-Turnhout;Antwerpen;Site;J;Goedgekeurd op basis van bewijsmateriaal;1980-01-01;3;samen met mannetje__Met toelating in gebied!;30;Libellen;Libellulidae;2026-07-08;634;S;zeldzaam
224115883;224115883;Zwarte heidelibel;Sympetrum danae;2021-08-24;8;2021-08-27;1;ter plaatse;gezien;imago;Man;196505.30604569244;217414.89394923116;5.035037;51.264741;FS4181;  ;Retie;Retie;Antwerpen;Site;J;Goedgekeurd op basis van bewijsmateriaal;1980-01-01;3;;25;Libellen;Libellulidae;2026-07-08;634;S;zeldzaam
287065713;287065713;Zwarte heidelibel;Sympetrum danae;2023-09-06;9;2023-09-06;1;ter plaatse;gezien;imago;Man;197188.56945408657;223621.9580373364;5.045636999999942;51.320473;FS4287;Landschap De Liereman - Rode Goor;Arendonk;Arendonk;Antwerpen;ObsMapp;J;Goedgekeurd op basis van bewijsmateriaal;1980-01-01;3;;17;Libellen;Libellulidae;2026-07-08;634;S;zeldzaam
287067189;287067189;Zwarte heidelibel;Sympetrum danae;2023-09-06;9;2023-09-06;2;ter plaatse;gezien;imago;Man;197194.3518981485;223637.69900360145;5.045722000000069;51.320614;FS4287;Landschap De Liereman - Rode Goor;Arendonk;Arendonk;Antwerpen;ObsMapp;J;Goedgekeurd op basis van bewijsmateriaal;1980-01-01;3;;21;Libellen;Libellulidae;2026-07-08;634;S;zeldzaam
253456125;253456125;Zwarte heidelibel;Sympetrum danae;2022-08-27;8;2022-08-27;1;ter plaatse;gezien;imago;Man;193980.25401794544;225622.34480091;4.999863;51.338706;FS3989;Landschap De Liereman - Lieremansmoer;Oud-Turnhout;Oud-Turnhout;Antwerpen;Site;J;Goedgekeurd op basis van bewijsmateriaal;1980-01-01;3;samen met vrouw__Met toelating in gebied!;25;Libellen;Libellulidae;2026-07-08;634;S;zeldzaam
224258778;224258778;Zwarte heidelibel;Sympetrum danae;2021-08-27;8;2021-08-29;1;ter plaatse;gezien;imago;Man;196521.8389675836;217411.370868722;5.0352734;51.264708;FS4181;  ;Retie;Retie;Antwerpen;Site;J;Goedgekeurd op basis van bewijsmateriaal;1980-01-01;3;;7;Libellen;Libellulidae;2026-07-08;634;S;zeldzaam
248813373;248813373;Zwarte heidelibel;Sympetrum danae;2022-07-12;7;2022-07-12;1;ter plaatse;gezien;imago;Man;196508.32976216043;217378.7324403273;5.03507566452026;51.2644157409668;FS4181;  ;Retie;Retie;Antwerpen;ObsMapp;J;Goedgekeurd op basis van kennisregels - nabijheid;2007-01-01;3;;10;Libellen;Libellulidae;2026-07-08;634;S;zeldzaam
253906213;253906213;Zwarte heidelibel;Sympetrum danae;2022-09-02;9;2022-09-02;2;ter plaatse;gezien;imago;Man;196502.1463615516;217409.1912527047;5.034991;51.26469;FS4181;  ;Retie;Retie;Antwerpen;ObsMapp;J;Goedgekeurd op basis van kennisregels - automatische beeldherkenning (NIA);2007-01-01;3;;5;Libellen;Libellulidae;2026-07-08;634;S;zeldzaam
223225203;223225203;Zwarte heidelibel;Sympetrum danae;2021-08-03;8;2021-08-17;1;ter plaatse;gezien;imago, niet uitgekleurd;Man;197501.823578354;217487.47130363435;5.0493228;51.265312;FS4281;Retie - Pontforts Heike Centrum;Retie;Retie;Antwerpen;Site;J;Goedgekeurd op basis van bewijsmateriaal;1980-01-01;3;;15;Libellen;Libellulidae;2026-07-08;634;S;zeldzaam
226573656;226573656;Zwarte heidelibel;Sympetrum danae;2021-09-21;9;2021-09-28;1;ter plaatse;gezien;imago;Man;196488.13611745607;217411.6244364213;5.0347906;51.264713;FS4181;  ;Retie;Retie;Antwerpen;Site;J;Goedgekeurd op basis van kennisregels - automatische beeldherkenning (NIA);1980-01-01;3;;7;Libellen;Libellulidae;2026-07-08;634;S;zeldzaam
251845499;251845499;Zwarte heidelibel;Sympetrum danae;2022-08-09;8;2022-08-09;1;ter plaatse;gezien;imago;Man;196501.39758311125;217407.07056668308;5.03498;51.264671;FS4181;  ;Retie;Retie;Antwerpen;ObsMapp;J;Goedgekeurd op basis van kennisregels - automatische beeldherkenning (NIA);2007-01-01;3;;6;Libellen;Libellulidae;2026-07-08;634;S;zeldzaam
252117496;252117496;Zwarte heidelibel;Sympetrum danae;2022-08-12;8;2022-08-12;1;ter plaatse;gezien;imago;Man;196495.73221124444;217399.78771413583;5.0348979;51.264606;FS4181;  ;Retie;Retie;Antwerpen;Site;J;Goedgekeurd op basis van bewijsmateriaal;1980-01-01;3;Dit is zeker een tweede exemplaar. Andere zwarte heidelibel man zat op dat moment op ander takje.;7;Libellen;Libellulidae;2026-07-08;634;S;zeldzaam
252118078;252118078;Zwarte heidelibel;Sympetrum danae;2022-08-12;8;2022-08-12;1;ter plaatse;gezien;imago;Man;196497.87275872915;217411.71187382936;5.0349301;51.264713;FS4181;  ;Retie;Retie;Antwerpen;Site;J;Goedgekeurd op basis van bewijsmateriaal;1980-01-01;3;2de exemplaar van zwarte heidelibel man zat op dat moment op ander takje.;7;Libellen;Libellulidae;2026-07-08;634;S;zeldzaam
226108462;226108462;Zwarte heidelibel;Sympetrum danae;2021-09-22;9;2021-09-22;1;ter plaatse;gezien;imago;Man;195490.4344459325;224200.1091917986;5.021353;51.325806;FS4087;Landschap De Liereman - Hoge Mierdse Heide;Oud-Turnhout;Oud-Turnhout;Antwerpen;ObsMapp;J;Goedgekeurd op basis van bewijsmateriaal;2007-01-01;3;;13;Libellen;Libellulidae;2026-07-08;634;S;zeldzaam
247668505;247668505;Zwarte heidelibel;Sympetrum danae;2022-07-01;7;2022-07-02;1;ter plaatse;gezien;imago, niet uitgekleurd;Man;196503.36231512536;217384.16843220405;5.0350052;51.264465;FS4181;  ;Retie;Retie;Antwerpen;Site;J;Goedgekeurd op basis van kennisregels - automatische beeldherkenning (NIA);1980-01-01;3;;7;Libellen;Libellulidae;2026-07-08;634;S;zeldzaam
226035887;226035887;Zwarte heidelibel;Sympetrum danae;2021-09-21;9;2021-09-21;1;ter plaatse;gezien;imago;Man;196500.79400329007;217417.2876377329;5.03497266769409;51.264762878418;FS4181;  ;Retie;Retie;Antwerpen;ObsMapp;J;Goedgekeurd op basis van kennisregels - nabijheid;2007-01-01;3;;4;Libellen;Libellulidae;2026-07-08;634;S;zeldzaam
288093441;288093441;Zwarte heidelibel;Sympetrum danae;2023-09-16;9;2023-09-16;1;ter plaatse;gezien;imago;Man;196515.5561602629;217416.09864315015;5.035183999999958;51.264751;FS4181;  ;Retie;Retie;Antwerpen;ObsMapp;J;Goedgekeurd op basis van bewijsmateriaal;1980-01-01;3;;12;Libellen;Libellulidae;2026-07-08;634;S;zeldzaam
252474030;252474030;Zwarte heidelibel;Sympetrum danae;2022-08-16;8;2022-08-16;2;ter plaatse;gezien;imago;Man;196509.57180096392;217406.25390411075;5.035097;51.264663;FS4181;  ;Retie;Retie;Antwerpen;ObsMapp;J;Goedgekeurd op basis van kennisregels - automatische beeldherkenning (NIA);2007-01-01;3;;999;Libellen;Libellulidae;2026-07-08;634;S;zeldzaam
220281825;220281825;Zwarte heidelibel;Sympetrum danae;2021-07-18;7;2021-07-18;1;ter plaatse;gezien;imago;Vrouw;197487.0651738604;217504.4701568354;5.0491136;51.265466;FS4281;Retie - Pontforts Heike Centrum;Retie;Retie;Antwerpen;Site;J;Goedgekeurd op basis van bewijsmateriaal;1980-01-01;3;;7;Libellen;Libellulidae;2026-07-08;634;S;zeldzaam
244887518;244887518;Zwarte heidelibel;Sympetrum danae;2022-06-10;6;2022-06-10;1;ter plaatse;gezien;imago, niet uitgekleurd;Vrouw;196503.44325744663;217375.1570125613;5.0350052;51.264384;FS4181;  ;Retie;Retie;Antwerpen;Site;J;Goedgekeurd op basis van bewijsmateriaal;1980-01-01;3;;7;Libellen;Libellulidae;2026-07-08;634;S;zeldzaam
253098228;253098228;Zwarte heidelibel;Sympetrum danae;2022-08-23;8;2022-08-23;2;ter plaatse;gezien;imago;Man;196498.70651319987;217402.03964800944;5.0349408;51.264626;FS4181;  ;Retie;Retie;Antwerpen;Site;J;Goedgekeurd op basis van bewijsmateriaal;1980-01-01;3;;7;Libellen;Libellulidae;2026-07-08;634;S;zeldzaam
245655982;245655982;Zwarte heidelibel;Sympetrum danae;2022-06-16;6;2022-06-16;1;ter plaatse;gezien;imago, niet uitgekleurd;Man;196477.83342338123;217391.3936812133;5.0346404;51.264532;FS4181;  ;Retie;Retie;Antwerpen;Site;J;Goedgekeurd op basis van kennisregels - automatische beeldherkenning (NIA);1980-01-01;3;;7;Libellen;Libellulidae;2026-07-08;634;S;zeldzaam
245656069;245656069;Zwarte heidelibel;Sympetrum danae;2022-06-16;6;2022-06-16;1;ter plaatse;gezien;imago, niet uitgekleurd;Vrouw;196477.80550458733;217391.39343057945;5.03464;51.264532;FS4181;  ;Retie;Retie;Antwerpen;Site;J;Goedgekeurd op basis van kennisregels - automatische beeldherkenning (NIA);1980-01-01;3;;25;Libellen;Libellulidae;2026-07-08;634;S;zeldzaam
225128700;225128700:2317292;Zwarte heidelibel;Sympetrum danae;2021-09-08;9;2021-09-08;2;in copula;gezien;imago;Man;196490.42916921515;217369.25455847103;5.034818;51.264332;FS4181;  ;Retie;Retie;Antwerpen;ObsMapp;J;Goedgekeurd op basis van kennisregels - automatische beeldherkenning (NIA);2007-01-01;3;;3;Libellen;Libellulidae;2026-07-08;634;S;zeldzaam
225128700;225128700:2317293;Zwarte heidelibel;Sympetrum danae;2021-09-08;9;2021-09-08;1;in copula;gezien;imago;Vrouw;196490.42916921515;217369.25455847103;5.034818;51.264332;FS4181;  ;Retie;Retie;Antwerpen;ObsMapp;J;Goedgekeurd op basis van kennisregels - automatische beeldherkenning (NIA);2007-01-01;3;;3;Libellen;Libellulidae;2026-07-08;634;S;zeldzaam
225128710;225128710;Zwarte heidelibel;Sympetrum danae;2021-09-08;9;2021-09-08;1;dood;gezien;imago;Man;196513.33849053687;217422.08681750015;5.035153;51.264805;FS4181;  ;Retie;Retie;Antwerpen;ObsMapp;J;Goedgekeurd op basis van bewijsmateriaal;2007-01-01;3;;13;Libellen;Libellulidae;2026-07-08;634;S;zeldzaam
225128738;225128738;Zwarte heidelibel;Sympetrum danae;2021-09-08;9;2021-09-08;1;ter plaatse;gezien;imago;Man;196541.04551763125;217430.34661556408;5.035551;51.264877;FS4281;  ;Retie;Retie;Antwerpen;ObsMapp;J;Goedgekeurd op basis van kennisregels - automatische beeldherkenning (NIA);2007-01-01;3;;11;Libellen;Libellulidae;2026-07-08;634;S;zeldzaam
224674029;224674029;Zwarte heidelibel;Sympetrum danae;2021-09-03;9;2021-09-03;2;ter plaatse;gezien;imago;Man;196505.135159282;217433.918060394;5.035037;51.264912;FS4181;  ;Retie;Retie;Antwerpen;ObsMapp;J;Goedgekeurd op basis van bewijsmateriaal;2007-01-01;3;;3;Libellen;Libellulidae;2026-07-08;634;S;zeldzaam
225684867;225684867;Zwarte heidelibel;Sympetrum danae;2021-09-16;9;2021-09-16;1;ter plaatse;gezien;imago;Man;196498.2169050673;217374.39733203035;5.03493022918701;51.2643775939941;FS4181;  ;Retie;Retie;Antwerpen;ObsMapp;J;Goedgekeurd op basis van kennisregels - nabijheid;2007-01-01;3;;12;Libellen;Libellulidae;2026-07-08;634;S;zeldzaam
248013170;248013170;Zwarte heidelibel;Sympetrum danae;2022-07-05;7;2022-07-05;1;ter plaatse;gezien;imago;Man;196525.85644657855;217403.95247781835;5.03533;51.264641;FS4181;  ;Retie;Retie;Antwerpen;ObsMapp;J;Goedgekeurd op basis van kennisregels - automatische beeldherkenning (NIA);2007-01-01;3;;4;Libellen;Libellulidae;2026-07-08;634;S;zeldzaam
254318907;254318907;Zwarte heidelibel;Sympetrum danae;2022-09-07;9;2022-09-07;3;ter plaatse;gezien;imago;Man;197188.2797723443;223615.50209377985;5.045632;51.320415;FS4287;Landschap De Liereman - Rode Goor;Arendonk;Arendonk;Antwerpen;ObsMapp;J;Goedgekeurd op basis van bewijsmateriaal;2007-01-01;3;;5;Libellen;Libellulidae;2026-07-08;634;S;zeldzaam
254318906;254318906;Zwarte heidelibel;Sympetrum danae;2022-09-07;9;2022-09-07;1;eileggend;gezien;imago;Vrouw;197188.2797723443;223615.50209377985;5.045632;51.320415;FS4287;Landschap De Liereman - Rode Goor;Arendonk;Arendonk;Antwerpen;ObsMapp;J;Goedgekeurd op basis van bewijsmateriaal;2007-01-01;3;;5;Libellen;Libellulidae;2026-07-08;634;S;zeldzaam
249978223;249978223;Zwarte heidelibel;Sympetrum danae;2022-07-22;7;2022-07-22;1;ter plaatse;gezien;imago;Man;196515.58249274705;217397.62953987063;5.035182;51.264585;FS4181;  ;Retie;Retie;Antwerpen;Site;J;Goedgekeurd op basis van kennisregels - automatische beeldherkenning (NIA);1980-01-01;3;;7;Libellen;Libellulidae;2026-07-08;634;S;zeldzaam
225684853;225684853;Zwarte heidelibel;Sympetrum danae;2021-09-16;9;2021-09-16;1;ter plaatse;gezien;imago;Man;196478.8121022296;217407.75284694132;5.0346565246582;51.2646789550781;FS4181;  ;Retie;Retie;Antwerpen;ObsMapp;J;Goedgekeurd op basis van kennisregels - nabijheid;2007-01-01;3;;4;Libellen;Libellulidae;2026-07-08;634;S;zeldzaam
225684845;225684845;Zwarte heidelibel;Sympetrum danae;2021-09-16;9;2021-09-16;1;ter plaatse;gezien;imago;Man;196518.9224495205;217440.7940010745;5.03523540496826;51.2649726867676;FS4181;  ;Retie;Retie;Antwerpen;ObsMapp;J;Goedgekeurd op basis van kennisregels - nabijheid;2007-01-01;3;;8;Libellen;Libellulidae;2026-07-08;634;S;zeldzaam
247668322;247668322;Zwarte heidelibel;Sympetrum danae;2022-07-01;7;2022-07-02;1;ter plaatse;gezien;imago, niet uitgekleurd;Man;196478.4733724509;217404.0831885533;5.0346512;51.264646;FS4181;  ;Retie;Retie;Antwerpen;Site;J;Goedgekeurd op basis van kennisregels - automatische beeldherkenning (NIA);1980-01-01;3;;7;Libellen;Libellulidae;2026-07-08;634;S;zeldzaam
223154518;223154518;Zwarte heidelibel;Sympetrum danae;2021-08-03;8;2021-08-16;1;ter plaatse;gezien;imago;Man;197501.28973098248;217545.65607432745;5.0493228;51.265835;FS4281;Retie - Pontforts Heike Centrum;Retie;Retie;Antwerpen;Site;J;Goedgekeurd op basis van bewijsmateriaal;1980-01-01;3;;15;Libellen;Libellulidae;2026-07-08;634;S;zeldzaam
321787374;321787374;Zwarte heidelibel;Sympetrum danae;2024-07-29;7;2024-07-29;1;ter plaatse;gezien;imago;Vrouw;154142.33358656056;233633.83678218164;4.428294999999935;51.41238;ES9996;Grenspark Kalmthoutse Heide - De Nol (Ontoegankelijk);Kalmthout;Kalmthout;Antwerpen;Site;J;Goedgekeurd op basis van bewijsmateriaal;1980-01-01;3;;4;Libellen;Libellulidae;2026-07-08;634;S;zeldzaam
248354748;248354748;Zwarte heidelibel;Sympetrum danae;2022-07-08;7;2022-07-08;1;ter plaatse;onbekend;imago;onbekend;196537.97632706727;217399.0513214497;5.035503;51.26459597;FS4281;  ;Retie;Retie;Antwerpen;ObsIdentify;J;Goedgekeurd op basis van bewijsmateriaal;1980-01-01;4;;999;Libellen;Libellulidae;2026-07-08;634;S;zeldzaam
324393512;324393512;Zwarte heidelibel;Sympetrum danae;2024-08-13;8;2024-08-16;1;ter plaatse;gezien;imago;onbekend;217153.5619873372;197010.8786964389;5.327060222625732;51.07931702466296;FS6361;Koersel - Koerselse heide noord;Beringen;Koersel;Limburg;Site;J;Goedgekeurd op basis van kennisregels - automatische beeldherkenning (NIA);1980-01-01;4;;30;Libellen;Libellulidae;2026-07-08;634;S;zeldzaam
324398684;324398684;Zwarte heidelibel;Sympetrum danae;2024-08-13;8;2024-08-16;1;ter plaatse;gezien;imago;Man;216996.0820650538;197911.66759402023;5.324978828430176;51.08743166587568;FS6262;Koersel - Vallei van de Zwarte Beek - Overslag tot Melkpad;Beringen;Koersel;Limburg;Site;J;Goedgekeurd op basis van kennisregels - automatische beeldherkenning (NIA);1980-01-01;4;;30;Libellen;Libellulidae;2026-07-08;634;S;zeldzaam
290435412;290435412;Zwarte heidelibel;Sympetrum danae;2023-10-11;10;2023-10-11;1;ter plaatse;onbekend;imago;Man;207710.76193444623;214918.9918108396;5.195166666666666;51.241295;FS5378;Mol - Den Diel;Mol;Mol;Antwerpen;ObsIdentify;J;Goedgekeurd op basis van bewijsmateriaal;1980-01-01;4;;12;Libellen;Libellulidae;2026-07-08;634;S;zeldzaam
289888872;289888872;Zwarte heidelibel;Sympetrum danae;2023-10-07;10;2023-10-07;1;ter plaatse;onbekend;imago;Man;210792.1033861729;207266.97599216737;5.238003333333333;51.172203333333336;FS5671;Balen - De Most;Balen;Balen;Antwerpen;ObsIdentify;J;Goedgekeurd op basis van bewijsmateriaal;1980-01-01;4;;10;Libellen;Libellulidae;2026-07-08;634;S;zeldzaam
289886972;289886972;Zwarte heidelibel;Sympetrum danae;2023-10-07;10;2023-10-07;2;ter plaatse;onbekend;imago;onbekend;210791.02674436863;207261.3632809129;5.237986999999976;51.172153;FS5671;Balen - De Most;Balen;Balen;Antwerpen;ObsIdentify;J;Goedgekeurd op basis van bewijsmateriaal;1980-01-01;4;;10;Libellen;Libellulidae;2026-07-08;634;S;zeldzaam
316263088;316263088;Zwarte heidelibel;Sympetrum danae;2024-06-26;6;2024-06-26;1;ter plaatse;onbekend;onbekend;onbekend;205601.2715374828;220621.8934822185;5.165838833333333;51.29275833333333;FS5184;Postel - Omgeving Ronde Put;Mol;Mol;Antwerpen;ObsIdentify;J;Goedgekeurd op basis van kennisregels - automatische beeldherkenning (NIA);1980-01-01;4;;5;Libellen;Libellulidae;2026-07-08;634;S;zeldzaam
316262771;316262771;Zwarte heidelibel;Sympetrum danae;2024-06-26;6;2024-06-26;1;ter plaatse;onbekend;imago;Man;205602.7695969493;220627.47279312368;5.165861166666667;51.29280833333333;FS5184;Postel - Omgeving Ronde Put;Mol;Mol;Antwerpen;ObsIdentify;J;Goedgekeurd op basis van bewijsmateriaal;1980-01-01;4;;5;Libellen;Libellulidae;2026-07-08;634;S;zeldzaam
196281395;196281395;Zwarte heidelibel;Sympetrum danae;2020-07-15;7;2020-07-16;1;ter plaatse;onbekend;imago;Vrouw;153901.59908410726;233079.33225473572;4.424829;51.407398;ES9996;Grenspark Kalmthoutse Heide - Drielingvennen;Kalmthout;Kalmthout;Antwerpen;Site;J;Goedgekeurd op basis van bewijsmateriaal;1980-01-01;4;;25;Libellen;Libellulidae;2026-07-08;634;S;zeldzaam
196281209;196281209;Zwarte heidelibel;Sympetrum danae;2020-07-15;7;2020-07-16;1;ter plaatse;onbekend;imago;Vrouw;154152.64316363714;232882.92785298263;4.4284344;51.405631;ES9995;Grenspark Kalmthoutse Heide - Drielingvennen;Kalmthout;Kalmthout;Antwerpen;Site;J;Goedgekeurd op basis van bewijsmateriaal;1980-01-01;4;;25;Libellen;Libellulidae;2026-07-08;634;S;zeldzaam
196280713;196280713;Zwarte heidelibel;Sympetrum danae;2020-07-15;7;2020-07-16;1;ter plaatse;onbekend;imago;Vrouw;154361.765422464;232758.0421199268;4.431438;51.404507;ES9995;Grenspark Kalmthoutse Heide - Drielingvennen;Kalmthout;Kalmthout;Antwerpen;Site;J;Goedgekeurd op basis van bewijsmateriaal;1980-01-01;4;;25;Libellen;Libellulidae;2026-07-08;634;S;zeldzaam
406679431;406679431;Zwarte heidelibel;Sympetrum danae;2026-06-22;6;2026-06-22;1;ter plaatse;gezien;imago, niet uitgekleurd;Man;155758.48637037922;229064.9076271979;4.4514491;51.3713016;FS0192;Grenspark Kalmthoutse Heide - Withoefse Heide;Kalmthout;Kalmthout;Antwerpen;Observation;J;Goedgekeurd op basis van bewijsmateriaal;1980-01-01;3;Monitoring Libellen;3;Libellen;Libellulidae;2026-07-08;634;S;zeldzaam
322356235;322356235;Zwarte heidelibel;Sympetrum danae;2024-08-02;8;2024-08-02;1;ter plaatse;onbekend;imago;Man;153840.25113671357;233136.3638654165;4.423947999999996;51.407911;ES9996;Grenspark Kalmthoutse Heide - Drielingvennen;Kalmthout;Kalmthout;Antwerpen;ObsIdentify;J;Goedgekeurd op basis van bewijsmateriaal;1980-01-01;3;;999;Libellen;Libellulidae;2026-07-08;634;S;zeldzaam
322343463;322343463;Zwarte heidelibel;Sympetrum danae;2024-08-02;8;2024-08-02;1;ter plaatse;onbekend;imago;Man;153953.31857430158;233057.0080978936;4.425571999999988;51.407197;ES9996;Grenspark Kalmthoutse Heide - Drielingvennen;Kalmthout;Kalmthout;Antwerpen;ObsIdentify;J;Goedgekeurd op basis van bewijsmateriaal;1980-01-01;3;;7;Libellen;Libellulidae;2026-07-08;634;S;zeldzaam
281414563;281414563;Zwarte heidelibel;Sympetrum danae;2023-07-21;7;2023-07-21;1;ter plaatse;onbekend;imago;Vrouw;153754.24919655698;233160.62296758965;4.422712329542264;51.40812960816604;ES9896;Grenspark Kalmthoutse Heide - Drielingvennen;Kalmthout;Kalmthout;Antwerpen;Site;J;Goedgekeurd op basis van bewijsmateriaal;1980-01-01;3;;30;Libellen;Libellulidae;2026-07-08;634;S;zeldzaam
227220511;227220511;Zwarte heidelibel;Sympetrum danae;2021-09-18;9;2021-10-08;1;ter plaatse;onbekend;onbekend;onbekend;153840.83250616345;233140.0054638684;4.42395639419556;51.4079437255859;ES9996;Grenspark Kalmthoutse Heide - Drielingvennen;Kalmthout;Kalmthout;Antwerpen;ObsMapp;J;Goedgekeurd op basis van kennisregels - nabijheid;2007-01-01;3;;7;Libellen;Libellulidae;2026-07-08;634;S;zeldzaam
282405306;282405306;Zwarte heidelibel;Sympetrum danae;2023-07-29;7;2023-07-30;1;ter plaatse;onbekend;imago;Vrouw;153897.66753377207;233057.47676015735;4.424772260827012;51.40720159677079;ES9996;Grenspark Kalmthoutse Heide - Drielingvennen;Kalmthout;Kalmthout;Antwerpen;Site;J;Goedgekeurd op basis van bewijsmateriaal;1980-01-01;3;;30;Libellen;Libellulidae;2026-07-08;634;S;zeldzaam
283780605;283780605;Zwarte heidelibel;Sympetrum danae;2023-08-09;8;2023-08-11;1;ter plaatse;onbekend;imago;Man;154728.0311075723;232668.57818237413;4.436699999999973;51.4037;ES9995;Grenspark Kalmthoutse Heide - Drielingvennen;Kalmthout;Kalmthout;Antwerpen;Site;J;Goedgekeurd op basis van kennisregels - automatische beeldherkenning (NIA);1980-01-01;3;;30;Libellen;Libellulidae;2026-07-08;634;S;zeldzaam
254821867;254821867;Zwarte heidelibel;Sympetrum danae;2022-08-28;8;2022-09-14;1;ter plaatse;onbekend;onbekend;onbekend;223058.16940136172;216860.53930713423;5.41530513763428;51.2570037841797;FS6881;Neerpelt - Het Hageven;Neerpelt;Neerpelt;Limburg;ObsMapp;J;Goedgekeurd op basis van kennisregels - nabijheid;2007-01-01;3;;3;Libellen;Libellulidae;2026-07-08;634;S;zeldzaam
254821877;254821877;Zwarte heidelibel;Sympetrum danae;2022-08-28;8;2022-09-14;1;ter plaatse;onbekend;onbekend;onbekend;223040.5757301112;216873.4491690416;5.41505575180054;51.2571220397949;FS6881;Neerpelt - Het Hageven;Neerpelt;Neerpelt;Limburg;ObsMapp;J;Goedgekeurd op basis van kennisregels - nabijheid;2007-01-01;3;;3;Libellen;Libellulidae;2026-07-08;634;S;zeldzaam
218880319;218880319;Zwarte heidelibel;Sympetrum danae;2021-07-02;7;2021-07-03;1;ter plaatse;gezien;imago;onbekend;206757.5606026304;222807.3037314052;5.1827574;51.312287;FS5286;Postel - De Koninklijke Schenking;Mol;Mol;Antwerpen;Site;J;Goedgekeurd op basis van bewijsmateriaal;1980-01-01;3;;15;Libellen;Libellulidae;2026-07-08;634;S;zeldzaam
254311111;254311111;Zwarte heidelibel;Sympetrum danae;2022-09-06;9;2022-09-07;1;ter plaatse;onbekend;imago;onbekend;160769.93188116114;232775.0883675916;4.52352285385132;51.4045753479004;FS0595;Wuustwezel - Wolfsheuvel;Wuustwezel;Wuustwezel;Antwerpen;ObsMapp;J;Goedgekeurd op basis van kennisregels - automatische beeldherkenning (NIA);2007-01-01;3;;4;Libellen;Libellulidae;2026-07-08;634;S;zeldzaam
287020106;287020106;Zwarte heidelibel;Sympetrum danae;2023-09-05;9;2023-09-05;1;ter plaatse;gezien;imago;Vrouw;154477.0753636742;232416.1542405486;4.433090686798096;51.40143331909846;ES9995;Grenspark Kalmthoutse Heide - Drielingvennen;Kalmthout;Kalmthout;Antwerpen;Site;J;Goedgekeurd op basis van bewijsmateriaal;1980-01-01;3;;15;Libellen;Libellulidae;2026-07-08;634;S;zeldzaam
283757046;283757046;Zwarte heidelibel;Sympetrum danae;2023-08-10;8;2023-08-11;3;ter plaatse;gezien;imago;onbekend;154521.7824943551;232488.59037448093;4.433733999999959;51.402084;ES9995;Grenspark Kalmthoutse Heide - Drielingvennen;Kalmthout;Kalmthout;Antwerpen;Site;J;Goedgekeurd op basis van bewijsmateriaal;1980-01-01;3;;15;Libellen;Libellulidae;2026-07-08;634;S;zeldzaam
287020318;287020318;Zwarte heidelibel;Sympetrum danae;2023-09-05;9;2023-09-05;1;ter plaatse;gezien;imago;onbekend;154656.1613290253;232542.30935038347;4.435665607452393;51.40256572644597;ES9995;Grenspark Kalmthoutse Heide - Drielingvennen;Kalmthout;Kalmthout;Antwerpen;Site;J;Goedgekeurd op basis van kennisregels - automatische beeldherkenning (NIA);1980-01-01;3;;15;Libellen;Libellulidae;2026-07-08;634;S;zeldzaam
226350150;226350150;Zwarte heidelibel;Sympetrum danae;2021-09-25;9;2021-09-26;1;foeragerend;gezien;imago;onbekend;153642.99488421663;233502.05363312084;4.421117;51.411199;ES9896;Grenspark Kalmthoutse Heide - Biezenkuilen;Kalmthout;Kalmthout;Antwerpen;Site;J;Goedgekeurd op basis van kennisregels - nabijheid;1980-01-01;3;;25;Libellen;Libellulidae;2026-07-08;634;S;zeldzaam
287020133;287020133;Zwarte heidelibel;Sympetrum danae;2023-09-05;9;2023-09-05;1;ter plaatse;gezien;imago;Man;154468.12236721924;232408.09415553324;4.432961940765381;51.40136094781977;ES9995;Grenspark Kalmthoutse Heide - Drielingvennen;Kalmthout;Kalmthout;Antwerpen;Site;J;Goedgekeurd op basis van bewijsmateriaal;1980-01-01;3;;15;Libellen;Libellulidae;2026-07-08;634;S;zeldzaam
253879328;253879328;Zwarte heidelibel;Sympetrum danae;2022-08-31;8;2022-09-02;1;ter plaatse;gezien;imago;onbekend;155019.78558167093;232540.90334886409;4.4408906;51.40255;FS0095;Grenspark Kalmthoutse Heide - Vossenbergen;Kalmthout;Kalmthout;Antwerpen;Site;J;Goedgekeurd op basis van kennisregels - automatische beeldherkenning (NIA);1980-01-01;3;;15;Libellen;Libellulidae;2026-07-08;634;S;zeldzaam
287017716;287017716;Zwarte heidelibel;Sympetrum danae;2023-09-05;9;2023-09-05;1;ter plaatse;gezien;imago;Man;154771.1269871206;232573.710665904;4.437318000000005;51.402847;ES9995;Grenspark Kalmthoutse Heide - Vossenbergen;Kalmthout;Kalmthout;Antwerpen;Site;J;Goedgekeurd op basis van bewijsmateriaal;1980-01-01;3;;15;Libellen;Libellulidae;2026-07-08;634;S;zeldzaam
287019318;287019318;Zwarte heidelibel;Sympetrum danae;2023-09-05;9;2023-09-05;2;ter plaatse;gezien;imago;onbekend;154481.5374016024;232431.92200866065;4.4331549999999424;51.401575;ES9995;Grenspark Kalmthoutse Heide - Drielingvennen;Kalmthout;Kalmthout;Antwerpen;Site;J;Goedgekeurd op basis van bewijsmateriaal;1980-01-01;3;;15;Libellen;Libellulidae;2026-07-08;634;S;zeldzaam
287020720;287020720;Zwarte heidelibel;Sympetrum danae;2023-09-05;9;2023-09-05;1;ter plaatse;gezien;imago;Man;154953.25382417024;232619.7338550193;4.439935684204102;51.4032590872564;FS0095;Grenspark Kalmthoutse Heide - Stappersven;Kalmthout;Kalmthout;Antwerpen;Site;J;Goedgekeurd op basis van bewijsmateriaal;1980-01-01;3;;15;Libellen;Libellulidae;2026-07-08;634;S;zeldzaam
288826180;288826180;Zwarte heidelibel;Sympetrum danae;2023-09-24;9;2023-09-24;1;ter plaatse;onbekend;imago;Vrouw;154418.3854845815;232949.46364294365;4.432254000000057;51.406227;ES9995;Grenspark Kalmthoutse Heide - Drielingvennen;Kalmthout;Kalmthout;Antwerpen;copied observation;J;Goedgekeurd op basis van kennisregels - nabijheid;1980-01-01;3;;3;Libellen;Libellulidae;2026-07-08;634;S;zeldzaam
288825746;288825746;Zwarte heidelibel;Sympetrum danae;2023-09-24;9;2023-09-24;1;ter plaatse;onbekend;onbekend;Vrouw;154422.57744748946;232955.22936538607;4.432314311848629;51.40627878791855;ES9995;Grenspark Kalmthoutse Heide - Drielingvennen;Kalmthout;Kalmthout;Antwerpen;iObs;J;Goedgekeurd op basis van kennisregels - nabijheid;1980-01-01;3;;10;Libellen;Libellulidae;2026-07-08;634;S;zeldzaam
223611779;223611779;Zwarte heidelibel;Sympetrum danae;2021-08-20;8;2021-08-21;2;ter plaatse;onbekend;imago;onbekend;210683.0985484473;206845.49066091888;5.23637437820435;51.1684265136719;FS5670;Balen - De Most;Balen;Balen;Antwerpen;ObsMapp;J;Goedgekeurd op basis van expertoordeel;2007-01-01;3;;999;Libellen;Libellulidae;2026-07-08;634;S;zeldzaam
246460451;246460451;Zwarte heidelibel;Sympetrum danae;2022-06-22;6;2022-06-22;1;ter plaatse;onbekend;imago;Vrouw;216754.0658176824;196802.3518713564;5.3213217;51.077489;FS6261;Koersel - Koerselse heide noord;Beringen;Koersel;Limburg;Site;J;Goedgekeurd op basis van kennisregels - automatische beeldherkenning (NIA);2022-08-31;3;;7;Libellen;Libellulidae;2026-07-08;634;S;zeldzaam
246462876;246462876;Zwarte heidelibel;Sympetrum danae;2022-06-22;6;2022-06-22;1;ter plaatse;onbekend;imago;Vrouw;216874.83072142483;196909.1537745539;5.3230644;51.078435;FS6261;Koersel - Koerselse heide noord;Beringen;Koersel;Limburg;Site;J;Goedgekeurd op basis van kennisregels - automatische beeldherkenning (NIA);2022-08-31;3;;5;Libellen;Libellulidae;2026-07-08;634;S;zeldzaam
246458982;246458982;Zwarte heidelibel;Sympetrum danae;2022-06-22;6;2022-06-22;1;ter plaatse;onbekend;imago, niet uitgekleurd;Man;216803.03054440167;196855.0494607156;5.32203;51.077957;FS6261;Koersel - Koerselse heide noord;Beringen;Koersel;Limburg;Site;J;Goedgekeurd op basis van kennisregels - automatische beeldherkenning (NIA);2022-08-31;3;;25;Libellen;Libellulidae;2026-07-08;634;S;zeldzaam
247364349;247364349;Zwarte heidelibel;Sympetrum danae;2022-06-29;6;2022-06-30;1;ter plaatse;onbekend;imago, niet uitgekleurd;Man;216922.04803696868;196875.8276152555;5.323732;51.07813;FS6261;Koersel - Koerselse heide noord;Beringen;Koersel;Limburg;Site;J;Goedgekeurd op basis van kennisregels - automatische beeldherkenning (NIA);2022-08-31;3;;25;Libellen;Libellulidae;2026-07-08;634;S;zeldzaam
325876759;325876759;Zwarte heidelibel;Sympetrum danae;2024-08-26;8;2024-08-26;1;ter plaatse;onbekend;onbekend;onbekend;154493.35865625553;232579.3985199332;4.433326721191406;51.40290038154318;ES9995;Grenspark Kalmthoutse Heide - Drielingvennen;Kalmthout;Kalmthout;Antwerpen;ObsIdentify;J;Goedgekeurd op basis van kennisregels - automatische beeldherkenning (NIA);1980-01-01;3;;60;Libellen;Libellulidae;2026-07-08;634;S;zeldzaam
324501403;324501403;Zwarte heidelibel;Sympetrum danae;2024-08-13;8;2024-08-16;1;ter plaatse;onbekend;onbekend;onbekend;217142.4921895413;197134.22950097453;5.32692499999996;51.080427;FS6261;Koersel - Koerselse heide noord;Beringen;Koersel;Limburg;Site;J;Goedgekeurd op basis van kennisregels - nabijheid;1980-01-01;4;;221;Libellen;Libellulidae;2026-07-08;634;S;zeldzaam
219099728;219099728;Zwarte heidelibel;Sympetrum danae;2021-07-05;7;2021-07-05;1;ter plaatse;onbekend;imago, niet uitgekleurd;Man;217104.2649394493;197056.41157724892;5.3263652;51.079732;FS6261;Koersel - Koerselse heide noord;Beringen;Koersel;Limburg;Site;J;Goedgekeurd op basis van bewijsmateriaal;1980-01-01;3;;50;Libellen;Libellulidae;2026-07-08;634;S;zeldzaam
222455682;222455682;Zwarte heidelibel;Sympetrum danae;2021-08-09;8;2021-08-09;1;ter plaatse;onbekend;imago;Man;216291.70151739396;196392.70091616176;5.31465006;51.07386017;FS6260;Koersel - Koerselse heide noord;Beringen;Koersel;Limburg;ObsMapp;J;Goedgekeurd op basis van bewijsmateriaal;2007-01-01;3;;6;Libellen;Libellulidae;2026-07-08;634;S;zeldzaam
224286076;224286076;Zwarte heidelibel;Sympetrum danae;2021-08-15;8;2021-08-29;1;ter plaatse;onbekend;imago;Vrouw;189323.5170845096;229245.848701844;4.9334388;51.37161;FS3492;Zwartwater;Turnhout;Turnhout;Antwerpen;Site;J;Goedgekeurd op basis van bewijsmateriaal;1980-01-01;3;;30;Libellen;Libellulidae;2026-07-08;634;S;zeldzaam
246462054;246462054;Zwarte heidelibel;Sympetrum danae;2022-06-22;6;2022-06-22;1;ter plaatse;onbekend;imago;Vrouw;216915.6198982481;196894.9925146224;5.3236438;51.078303;FS6261;Koersel - Koerselse heide noord;Beringen;Koersel;Limburg;Site;J;Goedgekeurd op basis van kennisregels - automatische beeldherkenning (NIA);2022-08-31;3;;5;Libellen;Libellulidae;2026-07-08;634;S;zeldzaam
247144782;247144782;Zwarte heidelibel;Sympetrum danae;2022-06-28;6;2022-06-28;1;ter plaatse;onbekend;onbekend;onbekend;216656.76956576272;196817.9035696788;5.3199363;51.07764;FS6261;Koersel - Koerselse heide noord;Beringen;Koersel;Limburg;Site;J;Goedgekeurd op basis van kennisregels - nabijheid;1980-01-01;3;;30;Libellen;Libellulidae;2026-07-08;634;S;zeldzaam
327411867;327411867;Zwarte heidelibel;Sympetrum danae;2024-09-07;9;2024-09-08;1;ter plaatse;gezien;imago;Man;217136.30468144576;196973.1026116591;5.326807022094727;51.0789794921875;FS6261;Koersel - Koerselse heide noord;Beringen;Koersel;Limburg;ObsMapp;J;Goedgekeurd op basis van expertoordeel;1980-01-01;3;;10;Libellen;Libellulidae;2026-07-08;634;S;zeldzaam
327411827;327411827;Zwarte heidelibel;Sympetrum danae;2024-09-07;9;2024-09-08;1;ter plaatse;gezien;imago;Man;216647.7880663192;196811.90597212408;5.319807052612305;51.07758712768555;FS6261;Koersel - Koerselse heide noord;Beringen;Koersel;Limburg;ObsMapp;J;Goedgekeurd op basis van expertoordeel;1980-01-01;3;;8;Libellen;Libellulidae;2026-07-08;634;S;zeldzaam
327411812;327411812;Zwarte heidelibel;Sympetrum danae;2024-09-07;9;2024-09-08;1;ter plaatse;gezien;imago;Man;216673.7399124289;196794.83767109644;5.320174217224121;51.077430725097656;FS6260;Koersel - Koerselse heide noord;Beringen;Koersel;Limburg;ObsMapp;J;Goedgekeurd op basis van expertoordeel;1980-01-01;3;;3;Libellen;Libellulidae;2026-07-08;634;S;zeldzaam
327411810;327411810;Zwarte heidelibel;Sympetrum danae;2024-09-07;9;2024-09-08;5;ter plaatse;gezien;imago;Man;216678.89112050147;196794.47931345925;5.320247650146484;51.07742691040039;FS6260;Koersel - Koerselse heide noord;Beringen;Koersel;Limburg;ObsMapp;J;Goedgekeurd op basis van expertoordeel;1980-01-01;3;;3;Libellen;Libellulidae;2026-07-08;634;S;zeldzaam
327411809;327411809;Zwarte heidelibel;Sympetrum danae;2024-09-07;9;2024-09-08;2;ter plaatse;gezien;imago;onbekend;216700.6063250157;196800.27523672767;5.320558547973633;51.07747650146485;FS6261;Koersel - Koerselse heide noord;Beringen;Koersel;Limburg;ObsMapp;J;Goedgekeurd op basis van kennisregels - nabijheid;1980-01-01;3;;13;Libellen;Libellulidae;2026-07-08;634;S;zeldzaam
327411793;327411793;Zwarte heidelibel;Sympetrum danae;2024-09-07;9;2024-09-08;3;ter plaatse;gezien;imago;Man;216724.5151742593;196804.401740863;5.3209004402160645;51.07751083374024;FS6261;Koersel - Koerselse heide noord;Beringen;Koersel;Limburg;ObsMapp;J;Goedgekeurd op basis van kennisregels - nabijheid;1980-01-01;3;;7;Libellen;Libellulidae;2026-07-08;634;S;zeldzaam
324932908;324932908;Zwarte heidelibel;Sympetrum danae;2024-08-18;8;2024-08-18;1;ter plaatse;gezien;imago;Man;207315.72691832925;218537.9925776599;5.190083980560303;51.27386093139648;FS5282;Dessel/Mol - Groesgoor en Koemoek;Mol;Mol;Antwerpen;ObsMapp;J;Goedgekeurd op basis van expertoordeel;1980-01-01;3;;14;Libellen;Libellulidae;2026-07-08;634;S;zeldzaam
324932907;324932907;Zwarte heidelibel;Sympetrum danae;2024-08-18;8;2024-08-18;1;ter plaatse;gezien;imago;Vrouw;207329.49032440555;218554.27360847127;5.19028377532959;51.27400588989258;FS5282;Dessel/Mol - Groesgoor en Koemoek;Mol;Mol;Antwerpen;ObsMapp;J;Goedgekeurd op basis van expertoordeel;1980-01-01;3;;3;Libellen;Libellulidae;2026-07-08;634;S;zeldzaam
324932900;324932900;Zwarte heidelibel;Sympetrum danae;2024-08-18;8;2024-08-18;1;ter plaatse;gezien;imago;Man;207325.9145913107;218582.6713513145;5.190237045288086;51.274261474609375;FS5282;Dessel/Mol - Groesgoor en Koemoek;Mol;Mol;Antwerpen;ObsMapp;J;Goedgekeurd op basis van expertoordeel;1980-01-01;3;;3;Libellen;Libellulidae;2026-07-08;634;S;zeldzaam
324932896;324932896;Zwarte heidelibel;Sympetrum danae;2024-08-18;8;2024-08-18;1;ter plaatse;gezien;imago;Man;207294.5092879315;218587.841387067;5.189787864685059;51.27431106567383;FS5282;Dessel/Mol - Groesgoor en Koemoek;Mol;Mol;Antwerpen;ObsMapp;J;Goedgekeurd op basis van expertoordeel;1980-01-01;3;;10;Libellen;Libellulidae;2026-07-08;634;S;zeldzaam
324932852;324932852;Zwarte heidelibel;Sympetrum danae;2024-08-18;8;2024-08-18;1;ter plaatse;gezien;imago;Man;207401.3295645742;218471.03093319573;5.191299915313721;51.273250579833984;FS5282;Dessel/Mol - Groesgoor en Koemoek;Mol;Mol;Antwerpen;ObsMapp;J;Goedgekeurd op basis van expertoordeel;1980-01-01;3;;6;Libellen;Libellulidae;2026-07-08;634;S;zeldzaam
324932846;324932846;Zwarte heidelibel;Sympetrum danae;2024-08-18;8;2024-08-18;1;ter plaatse;gezien;imago;Man;207332.41235564067;218356.51799394377;5.19029426574707;51.2722282409668;FS5282;Dessel/Mol - Groesgoor en Koemoek;Mol;Mol;Antwerpen;ObsMapp;J;Goedgekeurd op basis van expertoordeel;1980-01-01;3;;9;Libellen;Libellulidae;2026-07-08;634;S;zeldzaam
287512934;287512934;Zwarte heidelibel;Sympetrum danae;2023-09-10;9;2023-09-10;1;ter plaatse;onbekend;imago;onbekend;193250.0412120772;225407.69725397136;4.989359378814697;51.33683220425164;FS3889;  ;Oud-Turnhout;Oud-Turnhout;Antwerpen;Site;J;Goedgekeurd op basis van expertoordeel;1980-01-01;3;;15;Libellen;Libellulidae;2026-07-08;634;S;zeldzaam
322016000;322016000;Zwarte heidelibel;Sympetrum danae;2024-07-30;7;2024-07-30;1;ter plaatse;gezien;imago;Man;210788.2910701024;207258.83730102144;5.237947463989258;51.1721305847168;FS5671;Balen - De Most;Balen;Balen;Antwerpen;ObsMapp;J;Goedgekeurd op basis van expertoordeel;1980-01-01;3;;6;Libellen;Libellulidae;2026-07-08;634;S;zeldzaam
322015934;322015934;Zwarte heidelibel;Sympetrum danae;2024-07-30;7;2024-07-30;1;ter plaatse;gezien;imago;Man;210792.4958347572;207349.71331316791;5.238022804260254;51.17294692993164;FS5671;Balen - De Most;Balen;Balen;Antwerpen;ObsMapp;J;Goedgekeurd op basis van expertoordeel;1980-01-01;3;;3;Libellen;Libellulidae;2026-07-08;634;S;zeldzaam
322015899;322015899;Zwarte heidelibel;Sympetrum danae;2024-07-30;7;2024-07-30;1;ter plaatse;gezien;imago;Man;210951.9851064412;207454.2951384792;5.240320682525635;51.17387008666992;FS5671;Balen - De Most;Balen;Balen;Antwerpen;ObsMapp;J;Goedgekeurd op basis van expertoordeel;1980-01-01;3;;7;Libellen;Libellulidae;2026-07-08;634;S;zeldzaam
218065122;218065122;Zwarte heidelibel;Sympetrum danae;2021-06-24;6;2021-06-24;1;ter plaatse;onbekend;imago;Vrouw;189511.80141888227;228641.11549657304;4.936076;51.366162;FS3492;Turnhouts Vennengebied - Haverven;Turnhout;Turnhout;Antwerpen;ObsMapp;J;Goedgekeurd op basis van bewijsmateriaal;2025-01-01;3;;15;Libellen;Libellulidae;2026-07-08;634;S;zeldzaam
322015876;322015876;Zwarte heidelibel;Sympetrum danae;2024-07-30;7;2024-07-30;1;ter plaatse;gezien;imago;Man;210931.1901246952;207438.771610396;5.240020751953125;51.17373275756836;FS5671;Balen - De Most;Balen;Balen;Antwerpen;ObsMapp;J;Goedgekeurd op basis van expertoordeel;1980-01-01;3;;3;Libellen;Libellulidae;2026-07-08;634;S;zeldzaam
199843500;199843500;Zwarte heidelibel;Sympetrum danae;2020-09-07;9;2020-09-09;2;ter plaatse;gezien;imago;Man;223028.8644564233;216792.6383361528;5.41487169265747;51.2563972473145;FS6881;Neerpelt - Het Hageven;Neerpelt;Neerpelt;Limburg;ObsMapp;J;Goedgekeurd op basis van expertoordeel;2007-01-01;3;;25;Libellen;Libellulidae;2026-07-08;634;S;zeldzaam
199843496;199843496;Zwarte heidelibel;Sympetrum danae;2020-09-07;9;2020-09-09;1;ter plaatse;gezien;imago;onbekend;223028.68681964453;216798.1536947256;5.414870262146;51.2564468383789;FS6881;Neerpelt - Het Hageven;Neerpelt;Neerpelt;Limburg;ObsMapp;J;Goedgekeurd op basis van expertoordeel;2007-01-01;3;;25;Libellen;Libellulidae;2026-07-08;634;S;zeldzaam
199843481;199843481;Zwarte heidelibel;Sympetrum danae;2020-09-07;9;2020-09-09;1;ter plaatse;gezien;imago;onbekend;223044.38788651844;216813.2308712201;5.41509819030762;51.2565803527832;FS6881;Neerpelt - Het Hageven;Neerpelt;Neerpelt;Limburg;ObsMapp;J;Goedgekeurd op basis van expertoordeel;2007-01-01;3;;25;Libellen;Libellulidae;2026-07-08;634;S;zeldzaam
199843464;199843464;Zwarte heidelibel;Sympetrum danae;2020-09-07;9;2020-09-09;1;ter plaatse;gezien;imago;onbekend;223076.05866378263;216840.8424564116;5.41555738449097;51.2568244934082;FS6881;Neerpelt - Het Hageven;Neerpelt;Neerpelt;Limburg;ObsMapp;J;Goedgekeurd op basis van expertoordeel;2007-01-01;3;;25;Libellen;Libellulidae;2026-07-08;634;S;zeldzaam
199843429;199843429;Zwarte heidelibel;Sympetrum danae;2020-09-07;9;2020-09-09;1;ter plaatse;gezien;imago;Man;223043.94805637596;216825.53374949284;5.41509437561035;51.2566909790039;FS6881;Neerpelt - Het Hageven;Neerpelt;Neerpelt;Limburg;ObsMapp;J;Goedgekeurd op basis van expertoordeel;2007-01-01;3;;25;Libellen;Libellulidae;2026-07-08;634;S;zeldzaam
199843426;199843426;Zwarte heidelibel;Sympetrum danae;2020-09-07;9;2020-09-09;1;ter plaatse;gezien;imago;Man;223026.8995097868;216804.49526125196;5.41484594345093;51.2565040588379;FS6881;Neerpelt - Het Hageven;Neerpelt;Neerpelt;Limburg;ObsMapp;J;Goedgekeurd op basis van expertoordeel;2007-01-01;3;;25;Libellen;Libellulidae;2026-07-08;634;S;zeldzaam
199843405;199843405;Zwarte heidelibel;Sympetrum danae;2020-09-07;9;2020-09-09;1;ter plaatse;gezien;imago;Man;223047.74219111295;216842.14084744733;5.41515207290649;51.2568397521973;FS6881;Neerpelt - Het Hageven;Neerpelt;Neerpelt;Limburg;ObsMapp;J;Goedgekeurd op basis van expertoordeel;2007-01-01;3;;25;Libellen;Libellulidae;2026-07-08;634;S;zeldzaam
199843390;199843390;Zwarte heidelibel;Sympetrum danae;2020-09-07;9;2020-09-09;1;ter plaatse;gezien;imago;Man;223050.59717666244;216871.04378737416;5.415198802948;51.2570991516113;FS6881;Neerpelt - Het Hageven;Neerpelt;Neerpelt;Limburg;ObsMapp;J;Goedgekeurd op basis van expertoordeel;2007-01-01;3;;25;Libellen;Libellulidae;2026-07-08;634;S;zeldzaam
199843385;199843385;Zwarte heidelibel;Sympetrum danae;2020-09-07;9;2020-09-09;1;ter plaatse;gezien;imago;onbekend;223015.921882677;216862.9147496717;5.41470050811768;51.2570304870605;FS6881;Neerpelt - Het Hageven;Neerpelt;Neerpelt;Limburg;ObsMapp;J;Goedgekeurd op basis van expertoordeel;2007-01-01;3;;25;Libellen;Libellulidae;2026-07-08;634;S;zeldzaam
199843368;199843368;Zwarte heidelibel;Sympetrum danae;2020-09-07;9;2020-09-09;1;ter plaatse;gezien;imago;onbekend;223093.1543875547;216896.26232701636;5.41581344604492;51.2573204040527;FS6881;Neerpelt - Het Hageven;Neerpelt;Neerpelt;Limburg;ObsMapp;J;Goedgekeurd op basis van expertoordeel;2007-01-01;3;;25;Libellen;Libellulidae;2026-07-08;634;S;zeldzaam
199843344;199843344;Zwarte heidelibel;Sympetrum danae;2020-09-07;9;2020-09-09;1;ter plaatse;gezien;imago;onbekend;223100.7406444148;217021.5825313488;5.41594743728638;51.2584457397461;FS6881;Neerpelt - Het Hageven;Neerpelt;Neerpelt;Limburg;ObsMapp;J;Goedgekeurd op basis van expertoordeel;2007-01-01;3;;25;Libellen;Libellulidae;2026-07-08;634;S;zeldzaam
247366097;247366097;Zwarte heidelibel;Sympetrum danae;2022-06-29;6;2022-06-30;1;ter plaatse;onbekend;imago;Vrouw;216699.1293434367;196787.85087054875;5.3205352;51.077365;FS6260;Koersel - Koerselse heide noord;Beringen;Koersel;Limburg;Site;J;Goedgekeurd op basis van kennisregels - automatische beeldherkenning (NIA);2022-08-31;3;;15;Libellen;Libellulidae;2026-07-08;634;S;zeldzaam
199843313;199843313;Zwarte heidelibel;Sympetrum danae;2020-09-07;9;2020-09-09;1;ter plaatse;gezien;imago;onbekend;222894.74696352248;216916.81110176817;5.41297578811646;51.2575302124023;FS6881;Neerpelt - Het Hageven;Neerpelt;Neerpelt;Limburg;ObsMapp;J;Goedgekeurd op basis van expertoordeel;2007-01-01;3;;25;Libellen;Libellulidae;2026-07-08;634;S;zeldzaam
199843311;199843311;Zwarte heidelibel;Sympetrum danae;2020-09-07;9;2020-09-09;1;ter plaatse;gezien;imago;Man;222888.9374851613;216918.0026996378;5.41289281845093;51.2575416564941;FS6881;Neerpelt - Het Hageven;Neerpelt;Neerpelt;Limburg;ObsMapp;J;Goedgekeurd op basis van expertoordeel;2007-01-01;3;;25;Libellen;Libellulidae;2026-07-08;634;S;zeldzaam
199843249;199843249;Zwarte heidelibel;Sympetrum danae;2020-09-07;9;2020-09-09;1;ter plaatse;gezien;imago;Man;222894.2765051181;216716.03921269625;5.41292858123779;51.2557258605957;FS6881;Neerpelt - Het Hageven;Neerpelt;Neerpelt;Limburg;ObsMapp;J;Goedgekeurd op basis van expertoordeel;2007-01-01;3;;25;Libellen;Libellulidae;2026-07-08;634;S;zeldzaam
255038694;255038694;Zwarte heidelibel;Sympetrum danae;2022-09-04;9;2022-09-18;1;ter plaatse;onbekend;imago;Vrouw;189084.2817300691;229129.42992319076;4.9299909;51.37058;FS3492;Zwartwater;Turnhout;Turnhout;Antwerpen;Site;J;Goedgekeurd op basis van kennisregels - automatische beeldherkenning (NIA);1980-01-01;3;;7;Libellen;Libellulidae;2026-07-08;634;S;zeldzaam
197597288;197597288;Zwarte heidelibel;Sympetrum danae;2020-07-30;7;2020-08-02;1;ter plaatse;gezien;imago, niet uitgekleurd;Man;223053.5054319093;216950.4571804786;5.41525650024414;51.2578125;FS6881;Neerpelt - Het Hageven;Neerpelt;Neerpelt;Limburg;ObsMapp;J;Goedgekeurd op basis van expertoordeel;2007-01-01;3;;25;Libellen;Libellulidae;2026-07-08;634;S;zeldzaam
197597270;197597270;Zwarte heidelibel;Sympetrum danae;2020-07-30;7;2020-08-02;1;ter plaatse;gezien;imago;Man;223048.4617601868;216838.3309354363;5.41516160964966;51.2568054199219;FS6881;Neerpelt - Het Hageven;Neerpelt;Neerpelt;Limburg;ObsMapp;J;Goedgekeurd op basis van expertoordeel;2007-01-01;3;;25;Libellen;Libellulidae;2026-07-08;634;S;zeldzaam
197597269;197597269;Zwarte heidelibel;Sympetrum danae;2020-07-30;7;2020-08-02;1;ter plaatse;gezien;imago;Man;223049.60543169704;216837.4981622668;5.41517782211304;51.2567977905273;FS6881;Neerpelt - Het Hageven;Neerpelt;Neerpelt;Limburg;ObsMapp;J;Goedgekeurd op basis van expertoordeel;2007-01-01;3;;25;Libellen;Libellulidae;2026-07-08;634;S;zeldzaam
197597261;197597261;Zwarte heidelibel;Sympetrum danae;2020-07-30;7;2020-08-02;1;ter plaatse;gezien;imago, niet uitgekleurd;onbekend;223018.9921175804;216800.9881770108;5.41473197937012;51.2564735412598;FS6881;Neerpelt - Het Hageven;Neerpelt;Neerpelt;Limburg;ObsMapp;J;Goedgekeurd op basis van expertoordeel;2007-01-01;3;;25;Libellen;Libellulidae;2026-07-08;634;S;zeldzaam
197597249;197597249;Zwarte heidelibel;Sympetrum danae;2020-07-30;7;2020-08-02;1;ter plaatse;gezien;imago;onbekend;222859.4703892731;216463.85037281175;5.41237926483154;51.2534637451172;FS6880;Neerpelt - Het Hageven;Neerpelt;Neerpelt;Limburg;ObsMapp;J;Goedgekeurd op basis van expertoordeel;2007-01-01;3;;25;Libellen;Libellulidae;2026-07-08;634;S;zeldzaam
287125201;287125201;Zwarte heidelibel;Sympetrum danae;2023-09-06;9;2023-09-06;1;ter plaatse;gezien;imago;Man;222988.5429984482;216771.69636259973;5.414289951324463;51.2562141418457;FS6881;Neerpelt - Het Hageven;Neerpelt;Neerpelt;Limburg;ObsMapp;J;Goedgekeurd op basis van kennisregels - nabijheid;2024-09-06;3;;3;Libellen;Libellulidae;2026-07-08;634;S;zeldzaam
287125176;287125176;Zwarte heidelibel;Sympetrum danae;2023-09-06;9;2023-09-06;1;ter plaatse;gezien;imago;Man;223035.4853206157;216811.83198281657;5.414970397949219;51.256568908691406;FS6881;Neerpelt - Het Hageven;Neerpelt;Neerpelt;Limburg;ObsMapp;J;Goedgekeurd op basis van kennisregels - nabijheid;2024-09-06;3;;3;Libellen;Libellulidae;2026-07-08;634;S;zeldzaam
287125157;287125157;Zwarte heidelibel;Sympetrum danae;2023-09-06;9;2023-09-06;1;ter plaatse;gezien;imago;Man;223057.96341332071;216839.7382967696;5.415297985076904;51.25681686401367;FS6881;Neerpelt - Het Hageven;Neerpelt;Neerpelt;Limburg;ObsMapp;J;Goedgekeurd op basis van kennisregels - nabijheid;2024-09-06;3;;3;Libellen;Libellulidae;2026-07-08;634;S;zeldzaam
287125127;287125127;Zwarte heidelibel;Sympetrum danae;2023-09-06;9;2023-09-06;1;ter plaatse;gezien;imago;Man;223083.16643172695;217000.1119606132;5.415691375732422;51.25825500488281;FS6881;Neerpelt - Het Hageven;Neerpelt;Neerpelt;Limburg;ObsMapp;J;Goedgekeurd op basis van kennisregels - nabijheid;2024-09-06;3;;3;Libellen;Libellulidae;2026-07-08;634;S;zeldzaam
287125097;287125097;Zwarte heidelibel;Sympetrum danae;2023-09-06;9;2023-09-06;1;ter plaatse;gezien;imago;Man;223057.9220477627;216981.92887074687;5.415326118469238;51.258094787597656;FS6881;Neerpelt - Het Hageven;Neerpelt;Neerpelt;Limburg;ObsMapp;J;Goedgekeurd op basis van kennisregels - nabijheid;2024-09-06;3;;3;Libellen;Libellulidae;2026-07-08;634;S;zeldzaam
287125094;287125094;Zwarte heidelibel;Sympetrum danae;2023-09-06;9;2023-09-06;1;ter plaatse;gezien;imago;Man;223056.22644268663;216974.6892821696;5.415300369262695;51.25802993774414;FS6881;Neerpelt - Het Hageven;Neerpelt;Neerpelt;Limburg;ObsMapp;J;Goedgekeurd op basis van kennisregels - nabijheid;2024-09-06;3;;3;Libellen;Libellulidae;2026-07-08;634;S;zeldzaam
287125091;287125091;Zwarte heidelibel;Sympetrum danae;2023-09-06;9;2023-09-06;1;ter plaatse;gezien;imago;Man;223054.59404403076;216965.32832938895;5.415275096893311;51.2579460144043;FS6881;Neerpelt - Het Hageven;Neerpelt;Neerpelt;Limburg;ObsMapp;J;Goedgekeurd op basis van kennisregels - nabijheid;2024-09-06;3;;3;Libellen;Libellulidae;2026-07-08;634;S;zeldzaam
287125081;287125081;Zwarte heidelibel;Sympetrum danae;2023-09-06;9;2023-09-06;1;ter plaatse;gezien;imago;Man;223050.2413352571;216936.4042531215;5.415206909179688;51.25768661499024;FS6881;Neerpelt - Het Hageven;Neerpelt;Neerpelt;Limburg;ObsMapp;J;Goedgekeurd op basis van kennisregels - nabijheid;2024-09-06;3;;3;Libellen;Libellulidae;2026-07-08;634;S;zeldzaam
287125079;287125079;Zwarte heidelibel;Sympetrum danae;2023-09-06;9;2023-09-06;1;ter plaatse;gezien;imago;Man;223050.43768388405;216934.28476606772;5.415209293365479;51.25766754150391;FS6881;Neerpelt - Het Hageven;Neerpelt;Neerpelt;Limburg;ObsMapp;J;Goedgekeurd op basis van kennisregels - nabijheid;2024-09-06;3;;3;Libellen;Libellulidae;2026-07-08;634;S;zeldzaam
287125048;287125048;Zwarte heidelibel;Sympetrum danae;2023-09-06;9;2023-09-06;1;ter plaatse;gezien;imago;Man;223048.8409351426;216863.3788984986;5.415172100067139;51.25703048706055;FS6881;Neerpelt - Het Hageven;Neerpelt;Neerpelt;Limburg;ObsMapp;J;Goedgekeurd op basis van kennisregels - nabijheid;2024-09-06;3;;3;Libellen;Libellulidae;2026-07-08;634;S;zeldzaam
287125033;287125033;Zwarte heidelibel;Sympetrum danae;2023-09-06;9;2023-09-06;1;ter plaatse;gezien;imago;Man;222986.2624232101;216777.6065404536;5.4142584800720215;51.25626754760742;FS6881;Neerpelt - Het Hageven;Neerpelt;Neerpelt;Limburg;ObsMapp;J;Goedgekeurd op basis van kennisregels - nabijheid;2024-09-06;3;;3;Libellen;Libellulidae;2026-07-08;634;S;zeldzaam
287125031;287125031;Zwarte heidelibel;Sympetrum danae;2023-09-06;9;2023-09-06;1;ter plaatse;gezien;imago;Man;222983.6481974998;216778.84305795748;5.414221286773682;51.25627899169922;FS6881;Neerpelt - Het Hageven;Neerpelt;Neerpelt;Limburg;ObsMapp;J;Goedgekeurd op basis van kennisregels - nabijheid;2024-09-06;3;;3;Libellen;Libellulidae;2026-07-08;634;S;zeldzaam
287125018;287125018;Zwarte heidelibel;Sympetrum danae;2023-09-06;9;2023-09-06;1;ter plaatse;gezien;imago;Man;223007.65092317437;217333.9392751036;5.414677143096924;51.26126480102539;FS6881;Neerpelt - Het Hageven;Lommel;Lommel;Limburg;ObsMapp;J;Goedgekeurd op basis van kennisregels - nabijheid;2024-09-06;3;;3;Libellen;Libellulidae;2026-07-08;634;S;zeldzaam
287125013;287125013;Zwarte heidelibel;Sympetrum danae;2023-09-06;9;2023-09-06;1;ter plaatse;gezien;imago;Man;223025.44266263733;217358.80830951035;5.4149370193481445;51.2614860534668;FS6881;Neerpelt - Het Hageven;Lommel;Lommel;Limburg;ObsMapp;J;Goedgekeurd op basis van kennisregels - nabijheid;2024-09-06;3;;7;Libellen;Libellulidae;2026-07-08;634;S;zeldzaam
250272274;250272274;Zwarte heidelibel;Sympetrum danae;2022-07-24;7;2022-07-25;5;ter plaatse;gezien;imago;Man;205581.1692316943;220271.9370033704;5.1654968;51.289615;FS5084;Postel - Ronde Put;Mol;Mol;Antwerpen;Site;J;Goedgekeurd op basis van bewijsmateriaal;1980-01-01;3;;30;Libellen;Libellulidae;2026-07-08;634;S;zeldzaam
316481460;316481460;Zwarte heidelibel;Sympetrum danae;2024-06-27;6;2024-06-27;1;ter plaatse;gezien;imago;Vrouw;205719.19713021908;220134.3410469517;5.167454000000021;51.288365;FS5184;Postel - Ronde Put;Mol;Mol;Antwerpen;Site;J;Goedgekeurd op basis van kennisregels - automatische beeldherkenning (NIA);2025-07-07;3;;30;Libellen;Libellulidae;2026-07-08;634;S;zeldzaam
285616790;285616790;Zwarte heidelibel;Sympetrum danae;2023-08-23;8;2023-08-24;1;ter plaatse;gezien;imago;Man;222473.9440184274;216026.7770229606;5.4067702293396;51.24958419799805;FS6780;Neerpelt - Het Hageven - Verkeerde lievenheer;Neerpelt;Neerpelt;Limburg;ObsMapp;J;Goedgekeurd op basis van kennisregels - nabijheid;2024-08-23;3;;3;Libellen;Libellulidae;2026-07-08;634;S;zeldzaam
285616624;285616624;Zwarte heidelibel;Sympetrum danae;2023-08-23;8;2023-08-24;1;ter plaatse;gezien;imago;Man;223048.93037832453;216835.79083770327;5.415167808532715;51.25678253173828;FS6881;Neerpelt - Het Hageven;Neerpelt;Neerpelt;Limburg;ObsMapp;J;Goedgekeurd op basis van kennisregels - nabijheid;2024-08-23;3;;3;Libellen;Libellulidae;2026-07-08;634;S;zeldzaam
285616611;285616611;Zwarte heidelibel;Sympetrum danae;2023-08-23;8;2023-08-24;3;ter plaatse;gezien;imago;Man;223056.59871438303;216839.7190484535;5.415278434753418;51.25681686401367;FS6881;Neerpelt - Het Hageven;Neerpelt;Neerpelt;Limburg;ObsMapp;J;Goedgekeurd op basis van kennisregels - nabijheid;2024-08-23;3;;3;Libellen;Libellulidae;2026-07-08;634;S;zeldzaam
285616565;285616565;Zwarte heidelibel;Sympetrum danae;2023-08-23;8;2023-08-24;1;ter plaatse;gezien;imago;Man;223076.64971459995;216966.4883580068;5.415591239929199;51.25795364379883;FS6881;Neerpelt - Het Hageven;Neerpelt;Neerpelt;Limburg;ObsMapp;J;Goedgekeurd op basis van kennisregels - nabijheid;2024-08-23;3;;3;Libellen;Libellulidae;2026-07-08;634;S;zeldzaam
285616498;285616498;Zwarte heidelibel;Sympetrum danae;2023-08-23;8;2023-08-24;1;ter plaatse;gezien;imago;Man;223067.09322427653;216980.7848838652;5.415457248687744;51.25808334350586;FS6881;Neerpelt - Het Hageven;Neerpelt;Neerpelt;Limburg;ObsMapp;J;Goedgekeurd op basis van kennisregels - nabijheid;2024-08-23;3;;3;Libellen;Libellulidae;2026-07-08;634;S;zeldzaam
285616482;285616482;Zwarte heidelibel;Sympetrum danae;2023-08-23;8;2023-08-24;1;ter plaatse;gezien;imago;Man;223062.94247573963;216965.87053591944;5.41539478302002;51.25794982910156;FS6881;Neerpelt - Het Hageven;Neerpelt;Neerpelt;Limburg;ObsMapp;J;Goedgekeurd op basis van kennisregels - nabijheid;2024-08-23;3;;3;Libellen;Libellulidae;2026-07-08;634;S;zeldzaam
285616476;285616476;Zwarte heidelibel;Sympetrum danae;2023-08-23;8;2023-08-24;1;ter plaatse;gezien;imago;Man;223057.67009437195;216957.3071411401;5.415317535400391;51.25787353515625;FS6881;Neerpelt - Het Hageven;Neerpelt;Neerpelt;Limburg;ObsMapp;J;Goedgekeurd op basis van kennisregels - nabijheid;2024-08-23;3;;3;Libellen;Libellulidae;2026-07-08;634;S;zeldzaam
285616475;285616475;Zwarte heidelibel;Sympetrum danae;2023-08-23;8;2023-08-24;1;ter plaatse;gezien;imago;Man;223057.04367283272;216956.8738543177;5.415308475494385;51.25786972045898;FS6881;Neerpelt - Het Hageven;Neerpelt;Neerpelt;Limburg;ObsMapp;J;Goedgekeurd op basis van kennisregels - nabijheid;2024-08-23;3;;3;Libellen;Libellulidae;2026-07-08;634;S;zeldzaam
285616473;285616473;Zwarte heidelibel;Sympetrum danae;2023-08-23;8;2023-08-24;1;ter plaatse;gezien;imago;Man;223056.72732698976;216946.25811040492;5.41530179977417;51.257774353027344;FS6881;Neerpelt - Het Hageven;Neerpelt;Neerpelt;Limburg;ObsMapp;J;Goedgekeurd op basis van kennisregels - nabijheid;2024-08-23;3;;4;Libellen;Libellulidae;2026-07-08;634;S;zeldzaam
285616272;285616272;Zwarte heidelibel;Sympetrum danae;2023-08-23;8;2023-08-24;1;ter plaatse;gezien;imago;Man;222960.47653264023;217483.10602338423;5.414031505584717;51.26261138916016;FS6881;Neerpelt - Het Hageven;Lommel;Lommel;Limburg;ObsMapp;J;Goedgekeurd op basis van kennisregels - nabijheid;2024-08-23;3;;3;Libellen;Libellulidae;2026-07-08;634;S;zeldzaam
285616270;285616270;Zwarte heidelibel;Sympetrum danae;2023-08-23;8;2023-08-24;1;ter plaatse;gezien;imago;Man;222966.8290687019;217405.5208130004;5.414106845855713;51.26191329956055;FS6881;Neerpelt - Het Hageven;Lommel;Lommel;Limburg;ObsMapp;J;Goedgekeurd op basis van kennisregels - nabijheid;2024-08-23;3;;3;Libellen;Libellulidae;2026-07-08;634;S;zeldzaam
285616260;285616260;Zwarte heidelibel;Sympetrum danae;2023-08-23;8;2023-08-24;2;ter plaatse;gezien;imago;Man;222993.69760797248;217357.9363587853;5.414482116699219;51.26148223876953;FS6881;Neerpelt - Het Hageven;Lommel;Lommel;Limburg;ObsMapp;J;Goedgekeurd op basis van kennisregels - nabijheid;2024-08-23;3;;9;Libellen;Libellulidae;2026-07-08;634;S;zeldzaam
285616250;285616250;Zwarte heidelibel;Sympetrum danae;2023-08-23;8;2023-08-24;1;ter plaatse;gezien;imago;Man;222966.5237210977;217318.50388902985;5.414084911346436;51.26113128662109;FS6881;Neerpelt - Het Hageven;Lommel;Lommel;Limburg;ObsMapp;J;Goedgekeurd op basis van kennisregels - nabijheid;2024-08-23;3;;3;Libellen;Libellulidae;2026-07-08;634;S;zeldzaam
285616244;285616244;Zwarte heidelibel;Sympetrum danae;2023-08-23;8;2023-08-24;1;ter plaatse;gezien;imago;Man;222975.2121934003;217311.41062176507;5.414207935333252;51.26106643676758;FS6881;Neerpelt - Het Hageven;Lommel;Lommel;Limburg;ObsMapp;J;Goedgekeurd op basis van kennisregels - nabijheid;2024-08-23;3;;3;Libellen;Libellulidae;2026-07-08;634;S;zeldzaam
285616242;285616242;Zwarte heidelibel;Sympetrum danae;2023-08-23;8;2023-08-24;1;ter plaatse;gezien;imago;Man;223110.6312992719;217393.96630518977;5.416164398193359;51.26179122924805;FS6881;Neerpelt - Het Hageven;Lommel;Lommel;Limburg;ObsMapp;J;Goedgekeurd op basis van kennisregels - nabijheid;2024-08-23;3;;3;Libellen;Libellulidae;2026-07-08;634;S;zeldzaam
284576179;284576179;Zwarte heidelibel;Sympetrum danae;2023-08-16;8;2023-08-16;2;ter plaatse;gezien;imago;Man;222538.52241252703;216696.1892579142;5.407829284667969;51.255592346191406;FS6881;Neerpelt - Het Hageven;Lommel;Lommel;Limburg;ObsMapp;J;Goedgekeurd op basis van kennisregels - nabijheid;2024-08-16;3;;3;Libellen;Libellulidae;2026-07-08;634;S;zeldzaam
284576176;284576176;Zwarte heidelibel;Sympetrum danae;2023-08-16;8;2023-08-16;1;ter plaatse;gezien;imago;Man;222556.31513052247;216659.51128206492;5.408076763153076;51.2552604675293;FS6880;Neerpelt - Het Hageven;Lommel;Lommel;Limburg;ObsMapp;J;Goedgekeurd op basis van kennisregels - nabijheid;2024-08-16;3;;3;Libellen;Libellulidae;2026-07-08;634;S;zeldzaam
222026770;222026770;Zwarte heidelibel;Sympetrum danae;2021-08-04;8;2021-08-04;1;ter plaatse;gezien;imago;Man;238066.59304089763;190623.08712236583;5.62390470504761;51.019100189209;FS8455;Niel-bij-As - Ruwmortelven;As;Niel-bij-As;Limburg;ObsMapp;J;Goedgekeurd op basis van expertoordeel;2007-01-01;3;;3;Libellen;Libellulidae;2026-07-08;634;S;zeldzaam
224954362;224954362;Zwarte heidelibel;Sympetrum danae;2021-09-05;9;2021-09-06;2;ter plaatse;gezien;imago;onbekend;205879.32438751523;211938.50860553887;5.16848278045654;51.2146873474121;FS5175;  ;Mol;Mol;Antwerpen;ObsMapp;J;Goedgekeurd op basis van expertoordeel;2007-01-01;3;;2;Libellen;Libellulidae;2026-07-08;634;S;zeldzaam
224954368;224954368;Zwarte heidelibel;Sympetrum danae;2021-09-05;9;2021-09-06;1;ter plaatse;gezien;imago;onbekend;205965.02517892048;211963.20105473415;5.16971302032471;51.214900970459;FS5175;  ;Mol;Mol;Antwerpen;ObsMapp;J;Goedgekeurd op basis van expertoordeel;2007-01-01;3;;3;Libellen;Libellulidae;2026-07-08;634;S;zeldzaam
224954378;224954378;Zwarte heidelibel;Sympetrum danae;2021-09-05;9;2021-09-06;1;ter plaatse;gezien;imago, niet uitgekleurd;Vrouw;206473.9192796462;212077.3736658152;5.1770133972168;51.215877532959;FS5276;Mol - Buitengoor N;Mol;Mol;Antwerpen;ObsMapp;J;Goedgekeurd op basis van expertoordeel;2007-01-01;3;;2;Libellen;Libellulidae;2026-07-08;634;S;zeldzaam
369135090;369135090;Zwarte heidelibel;Sympetrum danae;2025-08-15;8;2025-08-17;1;ter plaatse;onbekend;imago;Man;223091.9775966279;216996.78129172415;5.415816907765276;51.25822395354837;FS6881;Neerpelt - Het Hageven;Neerpelt;Neerpelt;Limburg;Observation;J;Goedgekeurd op basis van kennisregels - nabijheid;1980-01-01;3;;4;Libellen;Libellulidae;2026-07-08;634;S;zeldzaam
224954390;224954390;Zwarte heidelibel;Sympetrum danae;2021-09-05;9;2021-09-06;1;ter plaatse;gezien;imago;onbekend;206599.35975216725;211986.6411383953;5.17879438400269;51.2150497436523;FS5275;Mol - Buitengoor;Mol;Mol;Antwerpen;ObsMapp;J;Goedgekeurd op basis van expertoordeel;2007-01-01;3;;3;Libellen;Libellulidae;2026-07-08;634;S;zeldzaam
224954392;224954392;Zwarte heidelibel;Sympetrum danae;2021-09-05;9;2021-09-06;1;ter plaatse;gezien;imago;Man;206637.2481731722;211980.2641416015;5.17933559417725;51.2149887084961;FS5275;Mol - Buitengoor;Mol;Mol;Antwerpen;ObsMapp;J;Goedgekeurd op basis van expertoordeel;2007-01-01;3;;3;Libellen;Libellulidae;2026-07-08;634;S;zeldzaam
323765653;323765653;Zwarte heidelibel;Sympetrum danae;2024-08-11;8;2024-08-11;1;ter plaatse;gezien;imago;Vrouw;210954.85890132567;207455.65438040625;5.240362000000005;51.173882;FS5671;Balen - De Most;Balen;Balen;Antwerpen;ObsMapp;J;Goedgekeurd op basis van bewijsmateriaal;1980-01-01;3;;2;Libellen;Libellulidae;2026-07-08;634;S;zeldzaam
224954404;224954404;Zwarte heidelibel;Sympetrum danae;2021-09-05;9;2021-09-06;1;ter plaatse;gezien;imago;onbekend;206675.5028434685;212108.0104509322;5.17990303039551;51.2161331176758;FS5276;Mol - Buitengoor;Mol;Mol;Antwerpen;ObsMapp;J;Goedgekeurd op basis van expertoordeel;2007-01-01;3;;3;Libellen;Libellulidae;2026-07-08;634;S;zeldzaam
224954457;224954457;Zwarte heidelibel;Sympetrum danae;2021-09-05;9;2021-09-06;1;ter plaatse;gezien;imago;Man;206714.7784511489;212251.8965410404;5.18048763275146;51.2174224853516;FS5276;Mol - Buitengoor;Mol;Mol;Antwerpen;ObsMapp;J;Goedgekeurd op basis van expertoordeel;2007-01-01;3;;3;Libellen;Libellulidae;2026-07-08;634;S;zeldzaam
224954470;224954470;Zwarte heidelibel;Sympetrum danae;2021-09-05;9;2021-09-06;5;ter plaatse;gezien;imago;onbekend;207696.3032637375;214889.10500882476;5.19495487213135;51.2410278320313;FS5378;Mol - Den Diel;Mol;Mol;Antwerpen;ObsMapp;J;Goedgekeurd op basis van expertoordeel;2007-01-01;3;;3;Libellen;Libellulidae;2026-07-08;634;S;zeldzaam
224954471;224954471;Zwarte heidelibel;Sympetrum danae;2021-09-05;9;2021-09-06;2;in copula;gezien;imago;onbekend;207696.77416003423;214888.6858204985;5.19496154785156;51.241024017334;FS5378;Mol - Den Diel;Mol;Mol;Antwerpen;ObsMapp;J;Goedgekeurd op basis van expertoordeel;2007-01-01;3;;3;Libellen;Libellulidae;2026-07-08;634;S;zeldzaam
224954472;224954472;Zwarte heidelibel;Sympetrum danae;2021-09-05;9;2021-09-06;3;ter plaatse;gezien;imago;Man;207691.5038629135;214892.4470222816;5.19488668441772;51.2410583496094;FS5378;Mol - Den Diel;Mol;Mol;Antwerpen;ObsMapp;J;Goedgekeurd op basis van expertoordeel;2007-01-01;3;;2;Libellen;Libellulidae;2026-07-08;634;S;zeldzaam
224954474;224954474;Zwarte heidelibel;Sympetrum danae;2021-09-05;9;2021-09-06;1;ter plaatse;gezien;imago;Man;207708.1680061083;214906.2144564856;5.19512748718262;51.2411804199219;FS5378;Mol - Den Diel;Mol;Mol;Antwerpen;ObsMapp;J;Goedgekeurd op basis van expertoordeel;2007-01-01;3;;3;Libellen;Libellulidae;2026-07-08;634;S;zeldzaam
224954477;224954477;Zwarte heidelibel;Sympetrum danae;2021-09-05;9;2021-09-06;1;ter plaatse;gezien;imago;Man;207721.9304352509;214920.3740479788;5.19532680511475;51.2413063049316;FS5378;Mol - Den Diel;Mol;Mol;Antwerpen;ObsMapp;J;Goedgekeurd op basis van expertoordeel;2007-01-01;3;;2;Libellen;Libellulidae;2026-07-08;634;S;zeldzaam
224954478;224954478;Zwarte heidelibel;Sympetrum danae;2021-09-05;9;2021-09-06;1;in copula;gezien;imago;onbekend;207721.9304352509;214920.3740479788;5.19532680511475;51.2413063049316;FS5378;Mol - Den Diel;Mol;Mol;Antwerpen;ObsMapp;J;Goedgekeurd op basis van expertoordeel;2007-01-01;3;;2;Libellen;Libellulidae;2026-07-08;634;S;zeldzaam
224954496;224954496;Zwarte heidelibel;Sympetrum danae;2021-09-05;9;2021-09-06;2;ter plaatse;gezien;imago;Man;207761.8499562767;214927.18545763477;5.19589948654175;51.2413635253906;FS5378;Mol - Den Diel;Mol;Mol;Antwerpen;ObsMapp;J;Goedgekeurd op basis van expertoordeel;2007-01-01;3;;2;Libellen;Libellulidae;2026-07-08;634;S;zeldzaam
224954507;224954507;Zwarte heidelibel;Sympetrum danae;2021-09-05;9;2021-09-06;1;ter plaatse;gezien;imago;Man;207726.19095606785;214896.65329468623;5.19538402557373;51.2410926818848;FS5378;Mol - Den Diel;Mol;Mol;Antwerpen;ObsMapp;J;Goedgekeurd op basis van expertoordeel;2007-01-01;3;;2;Libellen;Libellulidae;2026-07-08;634;S;zeldzaam
225150235;225150235;Zwarte heidelibel;Sympetrum danae;2021-09-08;9;2021-09-08;2;ter plaatse;gezien;imago;onbekend;223446.894262905;217543.0378474016;5.42101144790649;51.2630882263184;FS6881;Neerpelt - Het Hageven;Neerpelt;Neerpelt;Limburg;ObsMapp;J;Goedgekeurd op basis van expertoordeel;2007-01-01;3;;2;Libellen;Libellulidae;2026-07-08;634;S;zeldzaam
225150292;225150292;Zwarte heidelibel;Sympetrum danae;2021-09-08;9;2021-09-08;1;ter plaatse;gezien;imago;onbekend;223041.9426504706;216887.47533257207;5.41507816314697;51.2572479248047;FS6881;Neerpelt - Het Hageven;Neerpelt;Neerpelt;Limburg;ObsMapp;J;Goedgekeurd op basis van expertoordeel;2007-01-01;3;;2;Libellen;Libellulidae;2026-07-08;634;S;zeldzaam
225150314;225150314;Zwarte heidelibel;Sympetrum danae;2021-09-08;9;2021-09-08;1;ter plaatse;gezien;imago;Man;223062.55911037384;216971.80744659345;5.4153904914856;51.2580032348633;FS6881;Neerpelt - Het Hageven;Neerpelt;Neerpelt;Limburg;ObsMapp;J;Goedgekeurd op basis van expertoordeel;2007-01-01;3;;2;Libellen;Libellulidae;2026-07-08;634;S;zeldzaam
225150361;225150361;Zwarte heidelibel;Sympetrum danae;2021-09-08;9;2021-09-08;1;ter plaatse;gezien;imago;onbekend;223100.0522799194;217011.38598200303;5.41593551635742;51.2583541870117;FS6881;Neerpelt - Het Hageven;Neerpelt;Neerpelt;Limburg;ObsMapp;J;Goedgekeurd op basis van expertoordeel;2007-01-01;3;;2;Libellen;Libellulidae;2026-07-08;634;S;zeldzaam
225150386;225150386;Zwarte heidelibel;Sympetrum danae;2021-09-08;9;2021-09-08;1;ter plaatse;gezien;imago;onbekend;223079.1798546139;216949.9704539245;5.41562414169312;51.2578048706055;FS6881;Neerpelt - Het Hageven;Neerpelt;Neerpelt;Limburg;ObsMapp;J;Goedgekeurd op basis van expertoordeel;2007-01-01;3;;2;Libellen;Libellulidae;2026-07-08;634;S;zeldzaam
225150389;225150389;Zwarte heidelibel;Sympetrum danae;2021-09-08;9;2021-09-08;1;ter plaatse;gezien;imago;Man;223080.5210935521;216935.13358240572;5.41564035415649;51.2576713562012;FS6881;Neerpelt - Het Hageven;Neerpelt;Neerpelt;Limburg;ObsMapp;J;Goedgekeurd op basis van expertoordeel;2007-01-01;3;;2;Libellen;Libellulidae;2026-07-08;634;S;zeldzaam
225150425;225150425;Zwarte heidelibel;Sympetrum danae;2021-09-08;9;2021-09-08;1;ter plaatse;gezien;imago;onbekend;223056.30104153432;216832.49918132648;5.41527271270752;51.2567520141602;FS6881;Neerpelt - Het Hageven;Neerpelt;Neerpelt;Limburg;ObsMapp;J;Goedgekeurd op basis van expertoordeel;2007-01-01;3;;2;Libellen;Libellulidae;2026-07-08;634;S;zeldzaam
225150432;225150432;Zwarte heidelibel;Sympetrum danae;2021-09-08;9;2021-09-08;1;ter plaatse;gezien;imago;Man;223054.56684216225;216830.3524666121;5.41524744033813;51.2567329406738;FS6881;Neerpelt - Het Hageven;Neerpelt;Neerpelt;Limburg;ObsMapp;J;Goedgekeurd op basis van expertoordeel;2007-01-01;3;;1;Libellen;Libellulidae;2026-07-08;634;S;zeldzaam
251384328;251384328;Zwarte heidelibel;Sympetrum danae;2022-08-04;8;2022-08-04;1;ter plaatse;gezien;imago;Man;223047.8168849743;216893.5004885048;5.41516351699829;51.2573013305664;FS6881;Neerpelt - Het Hageven;Neerpelt;Neerpelt;Limburg;ObsMapp;J;Goedgekeurd op basis van kennisregels - nabijheid;2025-08-04;3;;3;Libellen;Libellulidae;2026-07-08;634;S;zeldzaam
251966275;251966275;Zwarte heidelibel;Sympetrum danae;2022-08-10;8;2022-08-10;3;ter plaatse;gezien;imago;Man;210811.09421450377;207242.55196869464;5.23827075958252;51.1719818115234;FS5671;Balen - De Most;Balen;Balen;Antwerpen;ObsMapp;J;Goedgekeurd op basis van kennisregels - nabijheid;2007-01-01;3;;9;Libellen;Libellulidae;2026-07-08;634;S;zeldzaam
251966282;251966282;Zwarte heidelibel;Sympetrum danae;2022-08-10;8;2022-08-10;2;ter plaatse;gezien;imago;Man;210791.12409698108;207261.8414605111;5.23798847198486;51.1721572875977;FS5671;Balen - De Most;Balen;Balen;Antwerpen;ObsMapp;J;Goedgekeurd op basis van kennisregels - nabijheid;2007-01-01;3;;6;Libellen;Libellulidae;2026-07-08;634;S;zeldzaam
251966288;251966288;Zwarte heidelibel;Sympetrum danae;2022-08-10;8;2022-08-10;4;ter plaatse;gezien;imago;onbekend;204764.19833488305;220130.44839455927;5.1537652015686;51.2884216308594;FS5084;Postel - Omgeving Ronde Put;Mol;Mol;Antwerpen;ObsMapp;J;Goedgekeurd op basis van kennisregels - nabijheid;2007-01-01;3;;3;Libellen;Libellulidae;2026-07-08;634;S;zeldzaam
251966291;251966291;Zwarte heidelibel;Sympetrum danae;2022-08-10;8;2022-08-10;3;ter plaatse;gezien;imago;Man;204766.77764283173;220128.77793641668;5.15380191802979;51.2884063720703;FS5084;Postel - Omgeving Ronde Put;Mol;Mol;Antwerpen;ObsMapp;J;Goedgekeurd op basis van kennisregels - nabijheid;2007-01-01;3;;3;Libellen;Libellulidae;2026-07-08;634;S;zeldzaam
251966294;251966294;Zwarte heidelibel;Sympetrum danae;2022-08-10;8;2022-08-10;3;ter plaatse;gezien;imago;onbekend;204897.5425224765;220151.80972763896;5.15567970275879;51.2886009216309;FS5084;Postel - Omgeving Ronde Put;Mol;Mol;Antwerpen;ObsMapp;J;Goedgekeurd op basis van kennisregels - nabijheid;2007-01-01;3;;9;Libellen;Libellulidae;2026-07-08;634;S;zeldzaam
251966297;251966297;Zwarte heidelibel;Sympetrum danae;2022-08-10;8;2022-08-10;4;ter plaatse;gezien;imago;onbekend;204914.42890195968;220156.23326136544;5.15592241287231;51.2886390686035;FS5084;Postel - Omgeving Ronde Put;Mol;Mol;Antwerpen;ObsMapp;J;Goedgekeurd op basis van kennisregels - nabijheid;2007-01-01;3;;6;Libellen;Libellulidae;2026-07-08;634;S;zeldzaam
251966300;251966300;Zwarte heidelibel;Sympetrum danae;2022-08-10;8;2022-08-10;2;ter plaatse;gezien;imago;onbekend;204970.09487207167;220158.5219764104;5.15672063827515;51.2886543273926;FS5084;Postel - Omgeving Ronde Put;Mol;Mol;Antwerpen;ObsMapp;J;Goedgekeurd op basis van kennisregels - nabijheid;2007-01-01;3;;3;Libellen;Libellulidae;2026-07-08;634;S;zeldzaam
251966301;251966301;Zwarte heidelibel;Sympetrum danae;2022-08-10;8;2022-08-10;1;ter plaatse;gezien;imago;Man;204996.10340543644;220168.56037601456;5.15709495544434;51.2887420654297;FS5084;Postel - Omgeving Ronde Put;Mol;Mol;Antwerpen;ObsMapp;J;Goedgekeurd op basis van kennisregels - nabijheid;2007-01-01;3;;3;Libellen;Libellulidae;2026-07-08;634;S;zeldzaam
251966304;251966304;Zwarte heidelibel;Sympetrum danae;2022-08-10;8;2022-08-10;2;ter plaatse;gezien;imago;Man;205012.8143071812;220173.8312442312;5.15733528137207;51.2887878417969;FS5084;Postel - Ronde Put;Mol;Mol;Antwerpen;ObsMapp;J;Goedgekeurd op basis van kennisregels - nabijheid;2007-01-01;3;;3;Libellen;Libellulidae;2026-07-08;634;S;zeldzaam
251966317;251966317;Zwarte heidelibel;Sympetrum danae;2022-08-10;8;2022-08-10;1;ter plaatse;gezien;imago;Man;205053.1109377605;220182.3240791112;5.15791416168213;51.2888603210449;FS5084;Postel - Ronde Put;Mol;Mol;Antwerpen;ObsMapp;J;Goedgekeurd op basis van kennisregels - nabijheid;2007-01-01;3;;11;Libellen;Libellulidae;2026-07-08;634;S;zeldzaam
251966362;251966362;Zwarte heidelibel;Sympetrum danae;2022-08-10;8;2022-08-10;1;ter plaatse;gezien;imago;Man;205593.36797143155;220344.29289681744;5.16568279266357;51.2902641296387;FS5184;Postel - Ronde Put;Mol;Mol;Antwerpen;ObsMapp;J;Goedgekeurd op basis van kennisregels - nabijheid;2007-01-01;3;;3;Libellen;Libellulidae;2026-07-08;634;S;zeldzaam
335268699;335268699;Zwarte heidelibel;Sympetrum danae;2024-08-25;8;2024-12-15;1;ter plaatse;gezien;imago;Man;154523.58281003195;232511.97491333727;4.433760166168213;51.40229415893555;ES9995;Grenspark Kalmthoutse Heide - Drielingvennen;Kalmthout;Kalmthout;Antwerpen;ObsMapp;J;Goedgekeurd op basis van kennisregels - nabijheid;1980-01-01;3;;1;Libellen;Libellulidae;2026-07-08;634;S;zeldzaam
251966372;251966372;Zwarte heidelibel;Sympetrum danae;2022-08-10;8;2022-08-10;1;ter plaatse;gezien;imago;Man;205661.053843725;220314.46081903015;5.16664838790894;51.2899894714355;FS5184;Postel - Ronde Put;Mol;Mol;Antwerpen;ObsMapp;J;Goedgekeurd op basis van kennisregels - nabijheid;2007-01-01;3;;8;Libellen;Libellulidae;2026-07-08;634;S;zeldzaam
251966376;251966376;Zwarte heidelibel;Sympetrum danae;2022-08-10;8;2022-08-10;1;ter plaatse;gezien;imago;onbekend;205634.22542880845;220294.2237013327;5.16626071929932;51.2898101806641;FS5184;Postel - Ronde Put;Mol;Mol;Antwerpen;ObsMapp;J;Goedgekeurd op basis van kennisregels - nabijheid;2007-01-01;3;;3;Libellen;Libellulidae;2026-07-08;634;S;zeldzaam
335268738;335268738;Zwarte heidelibel;Sympetrum danae;2024-08-25;8;2024-12-15;1;ter plaatse;onbekend;onbekend;Vrouw;154515.08378185102;232516.2117552692;4.433638095855713;51.4023323059082;ES9995;Grenspark Kalmthoutse Heide - Drielingvennen;Kalmthout;Kalmthout;Antwerpen;ObsMapp;J;Goedgekeurd op basis van kennisregels - nabijheid;1980-01-01;3;;1;Libellen;Libellulidae;2026-07-08;634;S;zeldzaam
335268765;335268765;Zwarte heidelibel;Sympetrum danae;2024-08-25;8;2024-12-15;1;ter plaatse;gezien;imago;Vrouw;154470.54217080222;232525.0857618637;4.432998180389404;51.40241241455078;ES9995;Grenspark Kalmthoutse Heide - Drielingvennen;Kalmthout;Kalmthout;Antwerpen;ObsMapp;J;Goedgekeurd op basis van kennisregels - nabijheid;1980-01-01;3;;1;Libellen;Libellulidae;2026-07-08;634;S;zeldzaam
253297008;253297008;Zwarte heidelibel;Sympetrum danae;2022-08-25;8;2022-08-25;1;ter plaatse;gezien;imago;Man;223040.4837333681;216865.80775138363;5.41505289077759;51.2570533752441;FS6881;Neerpelt - Het Hageven;Neerpelt;Neerpelt;Limburg;ObsMapp;J;Goedgekeurd op basis van kennisregels - nabijheid;2023-08-25;3;;3;Libellen;Libellulidae;2026-07-08;634;S;zeldzaam
253297071;253297071;Zwarte heidelibel;Sympetrum danae;2022-08-25;8;2022-08-25;1;ter plaatse;gezien;imago;Man;222843.8590178115;216709.81209131703;5.4122052192688;51.2556762695313;FS6881;Neerpelt - Het Hageven;Neerpelt;Neerpelt;Limburg;ObsMapp;J;Goedgekeurd op basis van kennisregels - nabijheid;2023-08-25;3;;3;Libellen;Libellulidae;2026-07-08;634;S;zeldzaam
253297086;253297086;Zwarte heidelibel;Sympetrum danae;2022-08-25;8;2022-08-25;1;ter plaatse;gezien;imago;Man;222492.5460584564;216089.4313339656;5.40704917907715;51.2501449584961;FS6780;Neerpelt - Het Hageven - Verkeerde lievenheer;Neerpelt;Neerpelt;Limburg;ObsMapp;J;Goedgekeurd op basis van kennisregels - nabijheid;2023-08-25;3;;2;Libellen;Libellulidae;2026-07-08;634;S;zeldzaam
316481678;316481678;Zwarte heidelibel;Sympetrum danae;2024-06-27;6;2024-06-27;1;ter plaatse;gezien;imago;Vrouw;205719.19713021908;220134.3410469517;5.167454000000021;51.288365;FS5184;Postel - Ronde Put;Mol;Mol;Antwerpen;Site;J;Goedgekeurd op basis van bewijsmateriaal;2025-07-07;3;;30;Libellen;Libellulidae;2026-07-08;634;S;zeldzaam
225297148;225297148;Zwarte heidelibel;Sympetrum danae;2021-08-31;8;2021-09-10;1;ter plaatse;onbekend;imago;Man;207007.04822375497;213111.3164298944;5.1848057;51.225118;FS5277;Mol - Klein Verkallen;Mol;Mol;Antwerpen;Site;J;Goedgekeurd op basis van kennisregels - automatische beeldherkenning (NIA);1980-01-01;3;;15;Libellen;Libellulidae;2026-07-08;634;S;zeldzaam
287666690;287666690;Zwarte heidelibel;Sympetrum danae;2023-09-08;9;2023-09-11;1;ter plaatse;onbekend;imago;Man;207706.7666734232;214914.3545384705;5.195108720290591;51.24125372130287;FS5378;Mol - Den Diel;Mol;Mol;Antwerpen;Site;J;Goedgekeurd op basis van bewijsmateriaal;1980-01-01;3;;5;Libellen;Libellulidae;2026-07-08;634;S;zeldzaam
324715262;324715262;Zwarte heidelibel;Sympetrum danae;2024-08-17;8;2024-08-17;1;ter plaatse;onbekend;onbekend;onbekend;223126.1910479242;217451.911458198;5.416399002075195;51.26231002807617;FS6881;Neerpelt - Het Hageven;Lommel;Lommel;Limburg;ObsMapp;J;Goedgekeurd op basis van kennisregels - nabijheid;1980-01-01;3;;3;Libellen;Libellulidae;2026-07-08;634;S;zeldzaam
250838215;250838215;Zwarte heidelibel;Sympetrum danae;2022-07-30;7;2022-07-30;1;ter plaatse;gezien;imago;Vrouw;205570.64608082527;220304.64692219347;5.165351;51.28991;FS5084;Postel - Ronde Put;Mol;Mol;Antwerpen;Site;J;Goedgekeurd op basis van kennisregels - automatische beeldherkenning (NIA);1980-01-01;3;;25;Libellen;Libellulidae;2026-07-08;634;S;zeldzaam
316487845;316487845;Zwarte heidelibel;Sympetrum danae;2024-06-27;6;2024-06-27;1;ter plaatse;gezien;imago;Man;205367.03283282564;220249.39158364385;5.162423999999987;51.289433;FS5084;Postel - Ronde Put;Mol;Mol;Antwerpen;Site;J;Goedgekeurd op basis van bewijsmateriaal;2025-07-07;3;;15;Libellen;Libellulidae;2026-07-08;634;S;zeldzaam
227047235;227047235;Zwarte heidelibel;Sympetrum danae;2021-10-04;10;2021-10-05;1;ter plaatse;gezien;imago;Man;210640.83867953785;206874.0895993207;5.235775;51.168688;FS5670;Balen - De Most;Balen;Balen;Antwerpen;Site;J;Goedgekeurd op basis van kennisregels - automatische beeldherkenning (NIA);1980-01-01;3;;25;Libellen;Libellulidae;2026-07-08;634;S;zeldzaam
316488613;316488613;Zwarte heidelibel;Sympetrum danae;2024-06-27;6;2024-06-27;1;ter plaatse;gezien;imago;Vrouw;205358.98252662143;220218.81756299548;5.16230392298894;51.28915898612996;FS5084;Postel - Ronde Put;Mol;Mol;Antwerpen;Site;J;Goedgekeurd op basis van kennisregels - automatische beeldherkenning (NIA);2025-07-07;3;;30;Libellen;Libellulidae;2026-07-08;634;S;zeldzaam
316488831;316488831;Zwarte heidelibel;Sympetrum danae;2024-06-27;6;2024-06-27;1;ter plaatse;gezien;imago;Vrouw;205358.98788231937;220218.81916352268;5.162303999999949;51.289159;FS5084;Postel - Ronde Put;Mol;Mol;Antwerpen;Site;J;Goedgekeurd op basis van bewijsmateriaal;2025-07-07;3;;30;Libellen;Libellulidae;2026-07-08;634;S;zeldzaam
316489075;316489075;Zwarte heidelibel;Sympetrum danae;2024-06-27;6;2024-06-27;1;ter plaatse;gezien;imago;Vrouw;205358.98788231937;220218.81916352268;5.162303999999949;51.289159;FS5084;Postel - Ronde Put;Mol;Mol;Antwerpen;Site;J;Goedgekeurd op basis van kennisregels - automatische beeldherkenning (NIA);2025-07-07;3;;30;Libellen;Libellulidae;2026-07-08;634;S;zeldzaam
248649832;248649832;Zwarte heidelibel;Sympetrum danae;2022-07-10;7;2022-07-10;1;ter plaatse;gezien;imago;Vrouw;210808.9577203508;207333.7812787695;5.2382555;51.172802;FS5671;Balen - De Most;Balen;Balen;Antwerpen;Site;J;Goedgekeurd op basis van bewijsmateriaal;1980-01-01;3;;15;Libellen;Libellulidae;2026-07-08;634;S;zeldzaam
406274362;406274362;Zwarte heidelibel;Sympetrum danae;2026-06-20;6;2026-06-20;1;ter plaatse;onbekend;imago, niet uitgekleurd;Vrouw;155042.90227652693;232557.1704942565;4.441223000000036;51.402696;FS0095;Grenspark Kalmthoutse Heide - Vossenbergen;Kalmthout;Kalmthout;Antwerpen;Site;J;Goedgekeurd op basis van bewijsmateriaal;1980-01-01;3;;4;Libellen;Libellulidae;2026-07-08;634;S;zeldzaam
197639600;197639600;Zwarte heidelibel;Sympetrum danae;2020-08-01;8;2020-08-02;1;ter plaatse;gezien;imago;Man;232540.67763950297;194252.2336734636;5.54598188400269;51.0525321960449;FS7858;Meeuwen-Gruitrode - Turfven en Ruiterskuilen;Opglabbeek;Opglabbeek;Limburg;ObsMapp;J;Goedgekeurd op basis van expertoordeel;2007-01-01;4;;25;Libellen;Libellulidae;2026-07-08;634;S;zeldzaam
222129288;222129288;Zwarte heidelibel;Sympetrum danae;2021-08-03;8;2021-08-05;1;ter plaatse;onbekend;imago;Man;195132.4580586384;228151.53494674157;5.016713;51.361348;FS4091;Ravels - Het Kijkverdriet;Ravels;Ravels;Antwerpen;iObs;J;Goedgekeurd op basis van bewijsmateriaal;2007-01-01;3;;32;Libellen;Libellulidae;2026-07-08;634;S;zeldzaam
254457261;254457261;Zwarte heidelibel;Sympetrum danae;2022-09-03;9;2022-09-09;1;ter plaatse;onbekend;onbekend;onbekend;154272.20611556494;234300.759771728;4.43016958236694;51.4183731079102;ES9997;Grenspark Kalmthoutse Heide - De Nol (Ontoegankelijk);Kalmthout;Kalmthout;Antwerpen;ObsMapp;J;Goedgekeurd op basis van kennisregels - nabijheid;2007-01-01;3;;3;Libellen;Libellulidae;2026-07-08;634;S;zeldzaam
195186683;195186683;Zwarte heidelibel;Sympetrum danae;2020-06-28;6;2020-06-28;1;ter plaatse;gezien;imago;Vrouw;207006.1413867767;213106.74473063837;5.184792;51.225077;FS5277;Mol - Klein Verkallen;Mol;Mol;Antwerpen;Site;J;Goedgekeurd op basis van bewijsmateriaal;1980-01-01;3;;25;Libellen;Libellulidae;2026-07-08;634;S;zeldzaam
316486002;316486002;Zwarte heidelibel;Sympetrum danae;2024-06-27;6;2024-06-27;1;ter plaatse;gezien;imago, niet uitgekleurd;Man;205439.47972577545;220253.17128774524;5.163462999999979;51.28946;FS5084;Postel - Ronde Put;Mol;Mol;Antwerpen;Site;J;Goedgekeurd op basis van kennisregels - automatische beeldherkenning (NIA);2025-07-07;3;;30;Libellen;Libellulidae;2026-07-08;634;S;zeldzaam
226211686;226211686;Zwarte heidelibel;Sympetrum danae;2021-09-23;9;2021-09-24;1;ter plaatse;gezien;imago;Man;207044.528345721;213103.82926974815;5.185341;51.225047;FS5277;Mol - Klein Verkallen;Mol;Mol;Antwerpen;Site;J;Goedgekeurd op basis van bewijsmateriaal;1980-01-01;3;;15;Libellen;Libellulidae;2026-07-08;634;S;zeldzaam
220684695;220684695;Zwarte heidelibel;Sympetrum danae;2021-07-21;7;2021-07-21;1;ter plaatse;onbekend;imago;Vrouw;158440.07800515185;228448.74091618412;4.48994112;51.36573029;FS0391;Brasschaat/Kalmthout - Klein Schietveld - Vennengebied;Kalmthout;Kalmthout;Antwerpen;ObsMapp;J;Goedgekeurd op basis van bewijsmateriaal;2007-01-01;3;;4;Libellen;Libellulidae;2026-07-08;634;S;zeldzaam
202905148;202905148;Zwarte heidelibel;Sympetrum danae;2020-11-07;11;2020-11-07;1;ter plaatse;onbekend;onbekend;onbekend;179250.22358365604;208847.8347127745;4.78713846206665;51.1888732910156;FS2472;Vorselaar - Heiken;Vorselaar;Vorselaar;Antwerpen;ObsMapp;J;Goedgekeurd op basis van expertoordeel;2007-01-01;3;;25;Libellen;Libellulidae;2026-07-08;634;S;zeldzaam
284019404;284019404;Zwarte heidelibel;Sympetrum danae;2023-08-12;8;2023-08-12;1;ter plaatse;gezien;imago;Man;154093.03625020516;232984.01812569704;4.427579000000037;51.40654;ES9996;Grenspark Kalmthoutse Heide - Drielingvennen;Kalmthout;Kalmthout;Antwerpen;ObsMapp;J;Goedgekeurd op basis van bewijsmateriaal;1980-01-01;4;;3;Libellen;Libellulidae;2026-07-08;634;S;zeldzaam
284019407;284019407;Zwarte heidelibel;Sympetrum danae;2023-08-12;8;2023-08-12;3;ter plaatse;gezien;imago;onbekend;154091.08915141138;232982.34761533517;4.427550999999994;51.406525;ES9996;Grenspark Kalmthoutse Heide - Drielingvennen;Kalmthout;Kalmthout;Antwerpen;ObsMapp;J;Goedgekeurd op basis van bewijsmateriaal;1980-01-01;4;;3;Libellen;Libellulidae;2026-07-08;634;S;zeldzaam
224921064;224921064;Zwarte heidelibel;Sympetrum danae;2021-09-02;9;2021-09-05;1;ter plaatse;onbekend;imago;Man;204881.05486529868;220149.3070368655;5.155443;51.28858;FS5084;Postel - Omgeving Ronde Put;Mol;Mol;Antwerpen;Site;J;Goedgekeurd op basis van bewijsmateriaal;1980-01-01;3;;25;Libellen;Libellulidae;2026-07-08;634;S;zeldzaam
222350905;222350905;Zwarte heidelibel;Sympetrum danae;2021-08-07;8;2021-08-08;1;ter plaatse;onbekend;imago;Man;189102.67477776084;229221.36258703005;4.930265;51.371405;FS3492;Zwartwater;Turnhout;Turnhout;Antwerpen;Site;J;Goedgekeurd op basis van bewijsmateriaal;1980-01-01;3;;25;Libellen;Libellulidae;2026-07-08;634;S;zeldzaam
325745113;325745113;Zwarte heidelibel;Sympetrum danae;2024-08-25;8;2024-08-25;1;ter plaatse;onbekend;imago;Vrouw;180154.0850879011;222265.1103721876;4.80118600000003;51.309423;FS2585;Beerse - Duivelskuil;Beerse;Vlimmeren;Antwerpen;Site;J;Goedgekeurd op basis van bewijsmateriaal;1980-01-01;4;;15;Libellen;Libellulidae;2026-07-08;634;S;zeldzaam
290336611;290336611;Zwarte heidelibel;Sympetrum danae;2023-10-10;10;2023-10-10;1;ter plaatse;onbekend;imago;Man;207702.99281755256;214901.4372744737;5.195052623748779;51.241138001847;FS5378;Mol - Den Diel;Mol;Mol;Antwerpen;Site;J;Goedgekeurd op basis van bewijsmateriaal;1980-01-01;4;;25;Libellen;Libellulidae;2026-07-08;634;S;zeldzaam
325745478;325745478;Zwarte heidelibel;Sympetrum danae;2024-08-25;8;2024-08-25;1;ter plaatse;onbekend;imago;Man;180125.7097484432;222311.89688530192;4.800783000000024;51.309845;FS2585;Beerse - Duivelskuil;Beerse;Vlimmeren;Antwerpen;Site;J;Goedgekeurd op basis van kennisregels - automatische beeldherkenning (NIA);1980-01-01;4;;15;Libellen;Libellulidae;2026-07-08;634;S;zeldzaam
325745222;325745222;Zwarte heidelibel;Sympetrum danae;2024-08-25;8;2024-08-25;1;ter plaatse;onbekend;imago;Man;180092.54533773233;222259.0774891181;4.800302999999985;51.309372;FS2585;Beerse - Duivelskuil;Beerse;Vlimmeren;Antwerpen;Site;J;Goedgekeurd op basis van kennisregels - automatische beeldherkenning (NIA);1980-01-01;4;;15;Libellen;Libellulidae;2026-07-08;634;S;zeldzaam
318206424;318206424:3540960;Zwarte heidelibel;Sympetrum danae;2024-07-09;7;2024-07-09;1;ter plaatse;onbekend;imago, niet uitgekleurd;Man;180910.8733922792;218010.11190642416;4.811674000000039;51.271139;FS2681;Lille - Visbeekvallei - Lilse Zegge;Lille;Lille;Antwerpen;Site;J;Goedgekeurd op basis van bewijsmateriaal;1980-01-01;4;;20;Libellen;Libellulidae;2026-07-08;634;S;zeldzaam
286920259;286920259:3138919;Zwarte heidelibel;Sympetrum danae;2023-09-04;9;2023-09-04;1;ter plaatse;onbekend;imago;Vrouw;154324.55614376123;232485.9719599085;4.430900000000065;51.402062;ES9995;Grenspark Kalmthoutse Heide - Zwarte Heuvelen - Trektelpost;Kalmthout;Kalmthout;Antwerpen;Site;J;Goedgekeurd op basis van bewijsmateriaal;1980-01-01;4;;25;Libellen;Libellulidae;2026-07-08;634;S;zeldzaam
321697201;321697201;Zwarte heidelibel;Sympetrum danae;2024-07-28;7;2024-07-28;4;in copula;onbekend;imago;onbekend;180079.9362494792;222256.8901555417;4.800121999999988;51.309353;FS2585;Beerse - Duivelskuil;Beerse;Vlimmeren;Antwerpen;Site;J;Goedgekeurd op basis van bewijsmateriaal;1980-01-01;4;;25;Libellen;Libellulidae;2026-07-08;634;S;zeldzaam
323775525;323775525;Zwarte heidelibel;Sympetrum danae;2024-08-11;8;2024-08-11;1;ter plaatse;onbekend;imago;Man;201756.65373867168;228292.98778179477;5.111829042434692;51.36206108216433;FS4792;Arendonk - Kruisberg;Arendonk;Arendonk;Antwerpen;Site;J;Goedgekeurd op basis van bewijsmateriaal;1980-01-01;4;;15;Libellen;Libellulidae;2026-07-08;634;S;zeldzaam
221874821;221874821;Zwarte heidelibel;Sympetrum danae;2021-08-03;8;2021-08-03;1;ter plaatse;onbekend;imago;Vrouw;189072.8221061064;229218.2437592428;4.929836;51.371379;FS3492;Zwartwater;Turnhout;Turnhout;Antwerpen;Site;J;Goedgekeurd op basis van bewijsmateriaal;1980-01-01;3;;25;Libellen;Libellulidae;2026-07-08;634;S;zeldzaam
221876617;221876617;Zwarte heidelibel;Sympetrum danae;2021-08-03;8;2021-08-03;1;ter plaatse;onbekend;imago;Man;189135.52098918764;229224.61553601548;4.930737;51.371432;FS3492;Zwartwater;Turnhout;Turnhout;Antwerpen;Site;J;Goedgekeurd op basis van bewijsmateriaal;1980-01-01;3;;30;Libellen;Libellulidae;2026-07-08;634;S;zeldzaam
321697023;321697023:3572460;Zwarte heidelibel;Sympetrum danae;2024-07-28;7;2024-07-28;1;ter plaatse;onbekend;imago;Vrouw;180185.27713310608;222244.42172512223;4.801631569862366;51.30923541610652;FS2585;Beerse - Duivelskuil;Beerse;Vlimmeren;Antwerpen;Site;J;Goedgekeurd op basis van kennisregels - automatische beeldherkenning (NIA);1980-01-01;4;;25;Libellen;Libellulidae;2026-07-08;634;S;zeldzaam
321697023;321697023:3572459;Zwarte heidelibel;Sympetrum danae;2024-07-28;7;2024-07-28;1;ter plaatse;onbekend;imago;Man;180185.27713310608;222244.42172512223;4.801631569862366;51.30923541610652;FS2585;Beerse - Duivelskuil;Beerse;Vlimmeren;Antwerpen;Site;J;Goedgekeurd op basis van kennisregels - automatische beeldherkenning (NIA);1980-01-01;4;;25;Libellen;Libellulidae;2026-07-08;634;S;zeldzaam
318521990;318521990;Zwarte heidelibel;Sympetrum danae;2024-07-11;7;2024-07-11;1;ter plaatse;onbekend;imago, niet uitgekleurd;Man;180023.3309921854;222239.00145419128;4.799308776855469;51.30919517542669;FS2585;Beerse - Duivelskuil;Beerse;Vlimmeren;Antwerpen;Site;J;Goedgekeurd op basis van bewijsmateriaal;1980-01-01;4;;15;Libellen;Libellulidae;2026-07-08;634;S;zeldzaam
318520963;318520963;Zwarte heidelibel;Sympetrum danae;2024-07-11;7;2024-07-11;1;ter plaatse;onbekend;imago;Man;180166.4578714553;222328.25863675863;4.801368713378906;51.30998992222557;FS2585;Beerse - Duivelskuil;Beerse;Vlimmeren;Antwerpen;Site;J;Goedgekeurd op basis van bewijsmateriaal;1980-01-01;4;;15;Libellen;Libellulidae;2026-07-08;634;S;zeldzaam
248174901;248174901;Zwarte heidelibel;Sympetrum danae;2022-07-06;7;2022-07-06;1;ter plaatse;onbekend;imago;Man;205039.173005206;220179.803566345;5.157714;51.288839;FS5084;Postel - Ronde Put;Mol;Mol;Antwerpen;Site;J;Goedgekeurd op basis van bewijsmateriaal;1980-01-01;4;;25;Libellen;Libellulidae;2026-07-08;634;S;zeldzaam
318206424;318206424:3540961;Zwarte heidelibel;Sympetrum danae;2024-07-09;7;2024-07-09;3;ter plaatse;onbekend;imago;Vrouw;180910.8733922792;218010.11190642416;4.811674000000039;51.271139;FS2681;Lille - Visbeekvallei - Lilse Zegge;Lille;Lille;Antwerpen;Site;J;Goedgekeurd op basis van bewijsmateriaal;1980-01-01;4;;20;Libellen;Libellulidae;2026-07-08;634;S;zeldzaam
283867471;283867471;Zwarte heidelibel;Sympetrum danae;2023-08-11;8;2023-08-11;1;ter plaatse;onbekend;imago;Man;206965.3411097904;213126.68859355245;5.184211134910584;51.22526028425671;FS5277;Mol - Klein Verkallen;Mol;Mol;Antwerpen;Site;J;Goedgekeurd op basis van bewijsmateriaal;1980-01-01;4;;10;Libellen;Libellulidae;2026-07-08;634;S;zeldzaam
321697471;321697471;Zwarte heidelibel;Sympetrum danae;2024-07-28;7;2024-07-28;1;ter plaatse;onbekend;imago;Man;180057.36977971543;222252.19721636828;4.79979800000001;51.309312;FS2585;Beerse - Duivelskuil;Beerse;Vlimmeren;Antwerpen;Site;J;Goedgekeurd op basis van bewijsmateriaal;1980-01-01;4;;15;Libellen;Libellulidae;2026-07-08;634;S;zeldzaam
255096088;255096088;Zwarte heidelibel;Sympetrum danae;2022-09-19;9;2022-09-19;1;ter plaatse;onbekend;imago;Vrouw;206484.8457400058;212271.25022037607;5.1772;51.217619;FS5276;Mol - Buitengoor N;Mol;Mol;Antwerpen;Site;J;Goedgekeurd op basis van bewijsmateriaal;1980-01-01;4;;25;Libellen;Libellulidae;2026-07-08;634;S;zeldzaam
200122963;200122963;Zwarte heidelibel;Sympetrum danae;2020-09-14;9;2020-09-14;1;ter plaatse;onbekend;imago;Man;159377.554149787;226737.24453336463;4.5033565;51.350333;FS0489;Brasschaat/Kalmthout - Klein Schietveld;Kapellen;Kapellen;Antwerpen;Site;J;Goedgekeurd op basis van bewijsmateriaal;1980-01-01;4;;20;Libellen;Libellulidae;2026-07-08;634;S;zeldzaam
250627425;250627425;Zwarte heidelibel;Sympetrum danae;2022-07-28;7;2022-07-28;1;ter plaatse;onbekend;imago;Man;204764.53324419705;220143.62215160392;5.153772;51.28854;FS5084;Postel - Omgeving Ronde Put;Mol;Mol;Antwerpen;Site;J;Goedgekeurd op basis van kennisregels - automatische beeldherkenning (NIA);1980-01-01;4;;10;Libellen;Libellulidae;2026-07-08;634;S;zeldzaam
220895830;220895830;Zwarte heidelibel;Sympetrum danae;2021-07-23;7;2021-07-23;1;ter plaatse;onbekend;imago;Vrouw;179667.77090012745;215291.91802196295;4.793639;51.246773;FS2578;Lille - Kindernouwbeekvallei - Zulven;Lille;Lille;Antwerpen;Site;J;Goedgekeurd op basis van bewijsmateriaal;1980-01-01;4;;10;Libellen;Libellulidae;2026-07-08;634;S;zeldzaam
318522069;318522069;Zwarte heidelibel;Sympetrum danae;2024-07-11;7;2024-07-11;2;ter plaatse;onbekend;imago;Vrouw;180008.0201114907;222234.43535382397;4.799088835716248;51.30915493471818;FS2585;Beerse - Duivelskuil;Beerse;Vlimmeren;Antwerpen;Site;J;Goedgekeurd op basis van bewijsmateriaal;1980-01-01;4;;15;Libellen;Libellulidae;2026-07-08;634;S;zeldzaam
286915632;286915632;Zwarte heidelibel;Sympetrum danae;2023-09-04;9;2023-09-04;1;ter plaatse;onbekend;imago;Vrouw;154115.87295380933;232364.3002963625;4.427900000000022;51.40097;ES9995;Grenspark Kalmthoutse Heide - Drielingvennen;Kalmthout;Kalmthout;Antwerpen;Site;J;Goedgekeurd op basis van bewijsmateriaal;1980-01-01;4;;15;Libellen;Libellulidae;2026-07-08;634;S;zeldzaam
321697635;321697635;Zwarte heidelibel;Sympetrum danae;2024-07-28;7;2024-07-28;1;ter plaatse;onbekend;imago;Man;180334.3997986236;223096.26569878496;4.803841710090637;51.31688385687693;FS2586;Vlimmeren - Hoge Bergen-Ekstergoor;Beerse;Beerse;Antwerpen;Site;J;Goedgekeurd op basis van kennisregels - automatische beeldherkenning (NIA);1980-01-01;4;;15;Libellen;Libellulidae;2026-07-08;634;S;zeldzaam
256080778;256080778;Zwarte heidelibel;Sympetrum danae;2022-10-03;10;2022-10-03;1;ter plaatse;onbekend;imago;Man;204588.0488309241;220140.97877576016;5.151242;51.288533;FS5084;Postel - Omgeving Ronde Put;Mol;Mol;Antwerpen;Site;J;Goedgekeurd op basis van bewijsmateriaal;1980-01-01;4;;10;Libellen;Libellulidae;2026-07-08;634;S;zeldzaam
286920259;286920259:3138918;Zwarte heidelibel;Sympetrum danae;2023-09-04;9;2023-09-04;1;ter plaatse;onbekend;imago;Man;154324.55614376123;232485.9719599085;4.430900000000065;51.402062;ES9995;Grenspark Kalmthoutse Heide - Zwarte Heuvelen - Trektelpost;Kalmthout;Kalmthout;Antwerpen;Site;J;Goedgekeurd op basis van bewijsmateriaal;1980-01-01;4;;25;Libellen;Libellulidae;2026-07-08;634;S;zeldzaam
200487152;200487152;Zwarte heidelibel;Sympetrum danae;2020-09-21;9;2020-09-21;1;ter plaatse;onbekend;imago;Man;204671.091149598;220141.1877715988;5.1524323;51.288527;FS5084;Postel - Omgeving Ronde Put;Mol;Mol;Antwerpen;Site;J;Goedgekeurd op basis van bewijsmateriaal;1980-01-01;4;;25;Libellen;Libellulidae;2026-07-08;634;S;zeldzaam
223618671;223618671;Zwarte heidelibel;Sympetrum danae;2021-08-20;8;2021-08-21;1;ter plaatse;gezien;imago;Vrouw;210681.9628476639;206844.6414083559;5.236358;51.168419;FS5670;Balen - De Most;Balen;Balen;Antwerpen;ObsMapp;J;Goedgekeurd op basis van bewijsmateriaal;2007-01-01;3;;3;Libellen;Libellulidae;2026-07-08;634;S;zeldzaam
362486419;362486419;Zwarte heidelibel;Sympetrum danae;2025-07-12;7;2025-07-12;1;ter plaatse;gezien;imago;Vrouw;218868.3266228214;207550.78217329175;5.3535237312316895;51.17384719848633;FS6471;Eksel - Pijnven;Hechtel-Eksel;Eksel;Limburg;ObsMapp;J;Goedgekeurd op basis van expertoordeel;1980-01-01;3;;3;Libellen;Libellulidae;2026-07-08;634;S;zeldzaam
223618668;223618668;Zwarte heidelibel;Sympetrum danae;2021-08-20;8;2021-08-21;1;ter plaatse;gezien;imago;Man;210684.73569006336;206846.7877757605;5.236398;51.168438;FS5670;Balen - De Most;Balen;Balen;Antwerpen;ObsMapp;J;Goedgekeurd op basis van bewijsmateriaal;2007-01-01;3;;4;Libellen;Libellulidae;2026-07-08;634;S;zeldzaam
363625424;363625424;Zwarte heidelibel;Sympetrum danae;2024-08-11;8;2025-07-18;1;ter plaatse;gezien;imago;Vrouw;210953.6458883842;207451.7460187506;5.24034400000005;51.173847;FS5671;Balen - De Most;Balen;Balen;Antwerpen;Site;J;Goedgekeurd op basis van bewijsmateriaal;1980-01-01;3;;7;Libellen;Libellulidae;2026-07-08;634;S;zeldzaam
226115123;226115123;Zwarte heidelibel;Sympetrum danae;2021-09-22;9;2021-09-22;1;ter plaatse;gezien;imago;Man;207676.352437948;214880.39421361592;5.19466781616211;51.2409515380859;FS5378;Mol - Den Diel;Mol;Mol;Antwerpen;ObsMapp;J;Goedgekeurd op basis van kennisregels - nabijheid;2007-01-01;3;;2;Libellen;Libellulidae;2026-07-08;634;S;zeldzaam
226115111;226115111;Zwarte heidelibel;Sympetrum danae;2021-09-22;9;2021-09-22;1;ter plaatse;gezien;imago;onbekend;206552.7552162752;212300.20871139783;5.17817640304565;51.2178726196289;FS5276;Mol - Buitengoor N;Mol;Mol;Antwerpen;ObsMapp;J;Goedgekeurd op basis van kennisregels - nabijheid;2007-01-01;3;;2;Libellen;Libellulidae;2026-07-08;634;S;zeldzaam
226115109;226115109;Zwarte heidelibel;Sympetrum danae;2021-09-22;9;2021-09-22;1;ter plaatse;gezien;imago;Man;206552.03246125823;212302.32296367176;5.17816638946533;51.2178916931152;FS5276;Mol - Buitengoor N;Mol;Mol;Antwerpen;ObsMapp;J;Goedgekeurd op basis van kennisregels - nabijheid;2007-01-01;3;;2;Libellen;Libellulidae;2026-07-08;634;S;zeldzaam
226115096;226115096;Zwarte heidelibel;Sympetrum danae;2021-09-22;9;2021-09-22;1;ter plaatse;gezien;imago;Man;205868.5682539324;211950.27660607733;5.16833066940308;51.2147941589355;FS5175;  ;Mol;Mol;Antwerpen;ObsMapp;J;Goedgekeurd op basis van kennisregels - nabijheid;2007-01-01;3;;2;Libellen;Libellulidae;2026-07-08;634;S;zeldzaam
362486326;362486326;Zwarte heidelibel;Sympetrum danae;2025-07-12;7;2025-07-12;2;ter plaatse;gezien;imago;Man;219089.62557646437;208461.16273442097;5.356861114501953;51.18200302124024;FS6472;Eksel - Pijnven;Overpelt;Overpelt;Limburg;ObsMapp;J;Goedgekeurd op basis van expertoordeel;1980-01-01;3;;3;Libellen;Libellulidae;2026-07-08;634;S;zeldzaam
327388043;327388043;Zwarte heidelibel;Sympetrum danae;2024-09-07;9;2024-09-07;1;ter plaatse;gezien;imago;Man;216702.9732773804;196800.7300166702;5.320592403411865;51.07748031616211;FS6261;Koersel - Koerselse heide noord;Beringen;Koersel;Limburg;ObsMapp;J;Goedgekeurd op basis van kennisregels - nabijheid;1980-01-01;3;;3;Libellen;Libellulidae;2026-07-08;634;S;zeldzaam
327388046;327388046;Zwarte heidelibel;Sympetrum danae;2024-09-07;9;2024-09-07;1;ter plaatse;gezien;imago;Man;216653.3410120299;196795.84937726893;5.319883346557617;51.07744216918945;FS6260;Koersel - Koerselse heide noord;Beringen;Koersel;Limburg;ObsMapp;J;Goedgekeurd op basis van kennisregels - nabijheid;1980-01-01;3;;3;Libellen;Libellulidae;2026-07-08;634;S;zeldzaam
362486593;362486593;Zwarte heidelibel;Sympetrum danae;2025-07-12;7;2025-07-12;1;ter plaatse;gezien;imago;Vrouw;218875.50097689487;207552.99956212752;5.353626728057861;51.173866271972656;FS6471;Eksel - Pijnven;Hechtel-Eksel;Eksel;Limburg;ObsMapp;J;Goedgekeurd op basis van expertoordeel;1980-01-01;3;;3;Libellen;Libellulidae;2026-07-08;634;S;zeldzaam
247314994;247314994;Zwarte heidelibel;Sympetrum danae;2022-06-29;6;2022-06-29;1;ter plaatse;gezien;imago;Man;205115.79252690743;220231.8016756475;5.15882015228271;51.2892990112305;FS5084;Postel - Ronde Put;Mol;Mol;Antwerpen;ObsMapp;J;Goedgekeurd op basis van kennisregels - nabijheid;2007-01-01;3;;2;Libellen;Libellulidae;2026-07-08;634;S;zeldzaam
247315003;247315003;Zwarte heidelibel;Sympetrum danae;2022-06-29;6;2022-06-29;10;ter plaatse;gezien;imago;onbekend;205290.78146697007;220231.5460473718;5.16132831573486;51.2892799377441;FS5084;Postel - Ronde Put;Mol;Mol;Antwerpen;ObsMapp;J;Goedgekeurd op basis van kennisregels - nabijheid;2007-01-01;3;;2;Libellen;Libellulidae;2026-07-08;634;S;zeldzaam
247315013;247315013;Zwarte heidelibel;Sympetrum danae;2022-06-29;6;2022-06-29;10;ter plaatse;gezien;imago;onbekend;205409.5073097056;220278.65523095892;5.16303730010986;51.2896919250488;FS5084;Postel - Ronde Put;Mol;Mol;Antwerpen;ObsMapp;J;Goedgekeurd op basis van kennisregels - nabijheid;2007-01-01;3;;2;Libellen;Libellulidae;2026-07-08;634;S;zeldzaam
247315020;247315020;Zwarte heidelibel;Sympetrum danae;2022-06-29;6;2022-06-29;5;ter plaatse;gezien;imago, niet uitgekleurd;onbekend;205437.48314648963;220281.9259070652;5.16343879699707;51.2897186279297;FS5084;Postel - Ronde Put;Mol;Mol;Antwerpen;ObsMapp;J;Goedgekeurd op basis van kennisregels - nabijheid;2007-01-01;3;;2;Libellen;Libellulidae;2026-07-08;634;S;zeldzaam
247315031;247315031;Zwarte heidelibel;Sympetrum danae;2022-06-29;6;2022-06-29;10;ter plaatse;gezien;imago, niet uitgekleurd;onbekend;205570.9885086943;220306.27745715715;5.16535615921021;51.289924621582;FS5084;Postel - Ronde Put;Mol;Mol;Antwerpen;ObsMapp;J;Goedgekeurd op basis van kennisregels - nabijheid;2007-01-01;3;;3;Libellen;Libellulidae;2026-07-08;634;S;zeldzaam
247315032;247315032;Zwarte heidelibel;Sympetrum danae;2022-06-29;6;2022-06-29;1;ter plaatse;gezien;imago;Man;205594.0133092949;220321.3801154476;5.16568851470947;51.2900581359863;FS5184;Postel - Ronde Put;Mol;Mol;Antwerpen;ObsMapp;J;Goedgekeurd op basis van kennisregels - automatische beeldherkenning (NIA);2007-01-01;3;;3;Libellen;Libellulidae;2026-07-08;634;S;zeldzaam
247315037;247315037;Zwarte heidelibel;Sympetrum danae;2022-06-29;6;2022-06-29;5;ter plaatse;gezien;imago, niet uitgekleurd;onbekend;205601.8647182825;220324.43553817552;5.16580152511597;51.2900848388672;FS5184;Postel - Ronde Put;Mol;Mol;Antwerpen;ObsMapp;J;Goedgekeurd op basis van kennisregels - nabijheid;2007-01-01;3;;3;Libellen;Libellulidae;2026-07-08;634;S;zeldzaam
247315039;247315039;Zwarte heidelibel;Sympetrum danae;2022-06-29;6;2022-06-29;3;ter plaatse;gezien;imago, niet uitgekleurd;onbekend;205615.31316816816;220305.05584427717;5.16599130630493;51.289909362793;FS5184;Postel - Ronde Put;Mol;Mol;Antwerpen;ObsMapp;J;Goedgekeurd op basis van kennisregels - nabijheid;2007-01-01;3;;3;Libellen;Libellulidae;2026-07-08;634;S;zeldzaam
247315040;247315040;Zwarte heidelibel;Sympetrum danae;2022-06-29;6;2022-06-29;5;ter plaatse;gezien;imago, niet uitgekleurd;onbekend;205640.48315233816;220346.49699350167;5.16635847091675;51.2902793884277;FS5184;Postel - Ronde Put;Mol;Mol;Antwerpen;ObsMapp;J;Goedgekeurd op basis van kennisregels - nabijheid;2007-01-01;3;;3;Libellen;Libellulidae;2026-07-08;634;S;zeldzaam
247315042;247315042;Zwarte heidelibel;Sympetrum danae;2022-06-29;6;2022-06-29;1;ter plaatse;gezien;imago, niet uitgekleurd;Vrouw;205657.12230677163;220321.20956244227;5.16659307479858;51.2900505065918;FS5184;Postel - Ronde Put;Mol;Mol;Antwerpen;ObsMapp;J;Goedgekeurd op basis van kennisregels - nabijheid;2007-01-01;3;;3;Libellen;Libellulidae;2026-07-08;634;S;zeldzaam
247315043;247315043;Zwarte heidelibel;Sympetrum danae;2022-06-29;6;2022-06-29;51;ter plaatse;gezien;imago, niet uitgekleurd;Man;205654.65759768343;220324.57856960504;5.16655826568604;51.2900810241699;FS5184;Postel - Ronde Put;Mol;Mol;Antwerpen;ObsMapp;J;Goedgekeurd op basis van kennisregels - automatische beeldherkenning (NIA);2007-01-01;3;;3;Libellen;Libellulidae;2026-07-08;634;S;zeldzaam
248165054;248165054;Zwarte heidelibel;Sympetrum danae;2022-07-06;7;2022-07-06;1;ter plaatse;gezien;imago;onbekend;206688.41889274967;222759.7873846274;5.18175840377808;51.3118667602539;FS5286;Postel - De Koninklijke Schenking;Mol;Mol;Antwerpen;ObsMapp;J;Goedgekeurd op basis van kennisregels - nabijheid;2007-01-01;3;;2;Libellen;Libellulidae;2026-07-08;634;S;zeldzaam
248165085;248165085;Zwarte heidelibel;Sympetrum danae;2022-07-06;7;2022-07-06;1;ter plaatse;gezien;imago;Vrouw;206683.6163524547;222797.51027320605;5.18169546127319;51.3122062683105;FS5286;Postel - De Koninklijke Schenking;Mol;Mol;Antwerpen;ObsMapp;J;Goedgekeurd op basis van kennisregels - nabijheid;2007-01-01;3;;2;Libellen;Libellulidae;2026-07-08;634;S;zeldzaam
225757437;225757437;Zwarte heidelibel;Sympetrum danae;2021-09-17;9;2021-09-17;2;in copula;gezien;imago;onbekend;189095.7274888688;217786.85690831768;4.92892503738403;51.2686347961426;FS3481;Tielen - Tielenkamp (Ontoegankelijk);Kasterlee;Tielen;Antwerpen;ObsMapp;J;Goedgekeurd op basis van kennisregels - automatische beeldherkenning (NIA);2007-01-01;3;;2;Libellen;Libellulidae;2026-07-08;634;S;zeldzaam
225757435;225757435;Zwarte heidelibel;Sympetrum danae;2021-09-17;9;2021-09-17;1;ter plaatse;gezien;imago;Man;189100.0545599789;217777.97671130765;4.92898607254028;51.2685546875;FS3481;Tielen - Tielenkamp (Ontoegankelijk);Kasterlee;Tielen;Antwerpen;ObsMapp;J;Goedgekeurd op basis van kennisregels - nabijheid;2007-01-01;3;;2;Libellen;Libellulidae;2026-07-08;634;S;zeldzaam
225757433;225757433;Zwarte heidelibel;Sympetrum danae;2021-09-17;9;2021-09-17;1;ter plaatse;gezien;imago;Man;189110.20432445532;217764.89628243077;4.92913007736206;51.2684364318848;FS3481;Tielen - Tielenkamp (Ontoegankelijk);Kasterlee;Tielen;Antwerpen;ObsMapp;J;Goedgekeurd op basis van kennisregels - nabijheid;2007-01-01;3;;2;Libellen;Libellulidae;2026-07-08;634;S;zeldzaam
225757426;225757426;Zwarte heidelibel;Sympetrum danae;2021-09-17;9;2021-09-17;1;ter plaatse;gezien;imago;Man;189082.0578356149;217746.0090686213;4.92872476577759;51.2682685852051;FS3481;Tielen - Tielenkamp (Ontoegankelijk);Kasterlee;Tielen;Antwerpen;ObsMapp;J;Goedgekeurd op basis van kennisregels - nabijheid;2007-01-01;3;;2;Libellen;Libellulidae;2026-07-08;634;S;zeldzaam
225757414;225757414;Zwarte heidelibel;Sympetrum danae;2021-09-17;9;2021-09-17;1;ter plaatse;gezien;imago;Man;188515.23769793392;218417.44175545312;4.92067527770996;51.274341583252;FS3382;Tielen - Tielenkamp (Ontoegankelijk);Kasterlee;Tielen;Antwerpen;ObsMapp;J;Goedgekeurd op basis van kennisregels - nabijheid;2007-01-01;3;;3;Libellen;Libellulidae;2026-07-08;634;S;zeldzaam
225691735;225691735;Zwarte heidelibel;Sympetrum danae;2021-09-16;9;2021-09-16;1;ter plaatse;gezien;imago;Man;187216.36690493883;232289.90222934357;4.90349674224854;51.3991088867188;FS3295;Baarle Hertog - Merkske - Kerkemoer;Baarle-Hertog;Baarle-Hertog;Antwerpen;ObsMapp;J;Goedgekeurd op basis van kennisregels - nabijheid;2007-01-01;3;;2;Libellen;Libellulidae;2026-07-08;634;S;zeldzaam
249203153;249203153;Zwarte heidelibel;Sympetrum danae;2022-07-15;7;2022-07-15;1;ter plaatse;gezien;imago;Man;206892.0670578045;218152.5994575303;5.18395280838013;51.2704391479492;FS5282;Dessel/Mol - Groesgoor en Koemoek;Mol;Mol;Antwerpen;ObsMapp;J;Goedgekeurd op basis van kennisregels - nabijheid;2007-01-01;3;;1;Libellen;Libellulidae;2026-07-08;634;S;zeldzaam
249203159;249203159;Zwarte heidelibel;Sympetrum danae;2022-07-15;7;2022-07-15;1;ter plaatse;gezien;imago;Man;206857.82707816837;218161.136501858;5.18346357345581;51.2705192565918;FS5282;Dessel/Mol - Groesgoor en Koemoek;Mol;Mol;Antwerpen;ObsMapp;J;Goedgekeurd op basis van kennisregels - nabijheid;2007-01-01;3;;2;Libellen;Libellulidae;2026-07-08;634;S;zeldzaam
249203161;249203161;Zwarte heidelibel;Sympetrum danae;2022-07-15;7;2022-07-15;1;ter plaatse;gezien;imago;Man;206871.28168331104;218145.15567556865;5.18365383148193;51.2703742980957;FS5282;Dessel/Mol - Groesgoor en Koemoek;Mol;Mol;Antwerpen;ObsMapp;J;Goedgekeurd op basis van kennisregels - nabijheid;2007-01-01;3;;2;Libellen;Libellulidae;2026-07-08;634;S;zeldzaam
249203176;249203176;Zwarte heidelibel;Sympetrum danae;2022-07-15;7;2022-07-15;1;ter plaatse;gezien;imago;Man;207017.253980838;218401.84786899108;5.18578577041626;51.2726669311523;FS5282;Dessel/Mol - Groesgoor en Koemoek;Mol;Mol;Antwerpen;ObsMapp;J;Goedgekeurd op basis van kennisregels - nabijheid;2007-01-01;3;;2;Libellen;Libellulidae;2026-07-08;634;S;zeldzaam
249203182;249203182;Zwarte heidelibel;Sympetrum danae;2022-07-15;7;2022-07-15;1;ter plaatse;gezien;imago;Man;206998.28238305;218402.06340545043;5.18551397323608;51.2726707458496;FS5282;Dessel/Mol - Groesgoor en Koemoek;Mol;Mol;Antwerpen;ObsMapp;J;Goedgekeurd op basis van kennisregels - nabijheid;2007-01-01;3;;2;Libellen;Libellulidae;2026-07-08;634;S;zeldzaam
249203192;249203192;Zwarte heidelibel;Sympetrum danae;2022-07-15;7;2022-07-15;1;ter plaatse;gezien;imago;Man;207007.2917737421;218408.95359888676;5.18564414978027;51.2727317810059;FS5282;Dessel/Mol - Groesgoor en Koemoek;Mol;Mol;Antwerpen;ObsMapp;J;Goedgekeurd op basis van kennisregels - nabijheid;2007-01-01;3;;2;Libellen;Libellulidae;2026-07-08;634;S;zeldzaam
249203197;249203197;Zwarte heidelibel;Sympetrum danae;2022-07-15;7;2022-07-15;1;ter plaatse;gezien;imago;Man;207021.39525403935;218406.56228969528;5.18584585189819;51.2727088928223;FS5282;Dessel/Mol - Groesgoor en Koemoek;Mol;Mol;Antwerpen;ObsMapp;J;Goedgekeurd op basis van kennisregels - nabijheid;2007-01-01;3;;2;Libellen;Libellulidae;2026-07-08;634;S;zeldzaam
225691728;225691728;Zwarte heidelibel;Sympetrum danae;2021-09-16;9;2021-09-16;1;ter plaatse;gezien;imago;Man;187201.77066505217;232293.6170068346;4.90328741073608;51.3991432189941;FS3295;Baarle Hertog - Merkske - Kerkemoer;Baarle-Hertog;Baarle-Hertog;Antwerpen;ObsMapp;J;Goedgekeurd op basis van kennisregels - nabijheid;2007-01-01;3;;2;Libellen;Libellulidae;2026-07-08;634;S;zeldzaam
249434389;249434389;Zwarte heidelibel;Sympetrum danae;2022-07-17;7;2022-07-17;1;ter plaatse;gezien;imago;Man;206848.08434893933;218130.04563227203;5.18331909179688;51.2702407836914;FS5282;Dessel/Mol - Groesgoor en Koemoek;Mol;Mol;Antwerpen;ObsMapp;J;Goedgekeurd op basis van kennisregels - nabijheid;2007-01-01;3;;2;Libellen;Libellulidae;2026-07-08;634;S;zeldzaam
249434396;249434396;Zwarte heidelibel;Sympetrum danae;2022-07-17;7;2022-07-17;1;ter plaatse;gezien;imago;Man;206909.14744069817;218151.938297784;5.18419742584229;51.2704315185547;FS5282;Dessel/Mol - Groesgoor en Koemoek;Mol;Mol;Antwerpen;ObsMapp;J;Goedgekeurd op basis van kennisregels - nabijheid;2007-01-01;3;;2;Libellen;Libellulidae;2026-07-08;634;S;zeldzaam
249957015;249957015;Zwarte heidelibel;Sympetrum danae;2022-07-22;7;2022-07-22;1;ter plaatse;gezien;imago;Man;205434.09007806852;220291.22721789495;5.16339159011841;51.2898025512695;FS5084;Postel - Ronde Put;Mol;Mol;Antwerpen;ObsMapp;J;Goedgekeurd op basis van kennisregels - nabijheid;2007-01-01;3;;2;Libellen;Libellulidae;2026-07-08;634;S;zeldzaam
249957024;249957024;Zwarte heidelibel;Sympetrum danae;2022-07-22;7;2022-07-22;2;ter plaatse;gezien;imago;Man;205472.76973142877;220320.07909002996;5.16395044326782;51.2900581359863;FS5084;Postel - Ronde Put;Mol;Mol;Antwerpen;ObsMapp;J;Goedgekeurd op basis van kennisregels - nabijheid;2007-01-01;3;;3;Libellen;Libellulidae;2026-07-08;634;S;zeldzaam
249957041;249957041;Zwarte heidelibel;Sympetrum danae;2022-07-22;7;2022-07-22;3;ter plaatse;gezien;imago;Vrouw;205472.76973142877;220320.07909002996;5.16395044326782;51.2900581359863;FS5084;Postel - Ronde Put;Mol;Mol;Antwerpen;ObsMapp;J;Goedgekeurd op basis van kennisregels - nabijheid;2007-01-01;3;;3;Libellen;Libellulidae;2026-07-08;634;S;zeldzaam
249957045;249957045;Zwarte heidelibel;Sympetrum danae;2022-07-22;7;2022-07-22;3;ter plaatse;gezien;imago;Man;205574.9928028314;220323.72245953605;5.16541624069214;51.2900810241699;FS5084;Postel - Ronde Put;Mol;Mol;Antwerpen;ObsMapp;J;Goedgekeurd op basis van kennisregels - nabijheid;2007-01-01;3;;2;Libellen;Libellulidae;2026-07-08;634;S;zeldzaam
249957048;249957048;Zwarte heidelibel;Sympetrum danae;2022-07-22;7;2022-07-22;1;ter plaatse;gezien;imago;Vrouw;205583.90592135544;220320.84710879624;5.16554355621338;51.2900543212891;FS5084;Postel - Ronde Put;Mol;Mol;Antwerpen;ObsMapp;J;Goedgekeurd op basis van kennisregels - nabijheid;2007-01-01;3;;2;Libellen;Libellulidae;2026-07-08;634;S;zeldzaam
249957051;249957051;Zwarte heidelibel;Sympetrum danae;2022-07-22;7;2022-07-22;1;ter plaatse;gezien;imago;Vrouw;205646.91332255895;220348.6883269288;5.16645097732544;51.2902984619141;FS5184;Postel - Ronde Put;Mol;Mol;Antwerpen;ObsMapp;J;Goedgekeurd op basis van kennisregels - nabijheid;2007-01-01;3;;2;Libellen;Libellulidae;2026-07-08;634;S;zeldzaam
250730338;250730338;Zwarte heidelibel;Sympetrum danae;2022-07-29;7;2022-07-29;2;ter plaatse;gezien;imago;Man;205405.73768123065;220295.1679896396;5.16298580169678;51.2898406982422;FS5084;Postel - Ronde Put;Mol;Mol;Antwerpen;ObsMapp;J;Goedgekeurd op basis van kennisregels - nabijheid;2007-01-01;3;;2;Libellen;Libellulidae;2026-07-08;634;S;zeldzaam
250730359;250730359;Zwarte heidelibel;Sympetrum danae;2022-07-29;7;2022-07-29;5;ter plaatse;gezien;imago;Man;205439.2348814015;220307.8354480993;5.16346788406372;51.2899513244629;FS5084;Postel - Ronde Put;Mol;Mol;Antwerpen;ObsMapp;J;Goedgekeurd op basis van kennisregels - nabijheid;2007-01-01;3;;2;Libellen;Libellulidae;2026-07-08;634;S;zeldzaam
250730361;250730361;Zwarte heidelibel;Sympetrum danae;2022-07-29;7;2022-07-29;5;ter plaatse;gezien;imago;Man;205602.18366898692;220325.7122823801;5.16580629348755;51.290096282959;FS5184;Postel - Ronde Put;Mol;Mol;Antwerpen;ObsMapp;J;Goedgekeurd op basis van kennisregels - nabijheid;2007-01-01;3;;1;Libellen;Libellulidae;2026-07-08;634;S;zeldzaam
250730362;250730362;Zwarte heidelibel;Sympetrum danae;2022-07-29;7;2022-07-29;3;ter plaatse;gezien;imago;Man;205640.1341888405;220341.82441043947;5.16635274887085;51.2902374267578;FS5184;Postel - Ronde Put;Mol;Mol;Antwerpen;ObsMapp;J;Goedgekeurd op basis van kennisregels - automatische beeldherkenning (NIA);2007-01-01;3;;2;Libellen;Libellulidae;2026-07-08;634;S;zeldzaam
250730363;250730363;Zwarte heidelibel;Sympetrum danae;2022-07-29;7;2022-07-29;1;ter plaatse;gezien;imago;Man;205667.4260348559;220346.786737402;5.16674470901489;51.2902793884277;FS5184;Postel - Ronde Put;Mol;Mol;Antwerpen;ObsMapp;J;Goedgekeurd op basis van kennisregels - nabijheid;2007-01-01;3;;2;Libellen;Libellulidae;2026-07-08;634;S;zeldzaam
250730366;250730366;Zwarte heidelibel;Sympetrum danae;2022-07-29;7;2022-07-29;1;ter plaatse;gezien;imago;Man;205652.3552561377;220319.0361012137;5.1665244102478;51.2900314331055;FS5184;Postel - Ronde Put;Mol;Mol;Antwerpen;ObsMapp;J;Goedgekeurd op basis van kennisregels - nabijheid;2007-01-01;3;;1;Libellen;Libellulidae;2026-07-08;634;S;zeldzaam
250730377;250730377;Zwarte heidelibel;Sympetrum danae;2022-07-29;7;2022-07-29;1;ter plaatse;gezien;imago;Man;205611.46135213203;220319.86982179247;5.16593837738037;51.2900428771973;FS5184;Postel - Ronde Put;Mol;Mol;Antwerpen;ObsMapp;J;Goedgekeurd op basis van kennisregels - nabijheid;2007-01-01;3;;2;Libellen;Libellulidae;2026-07-08;634;S;zeldzaam
250730384;250730384;Zwarte heidelibel;Sympetrum danae;2022-07-29;7;2022-07-29;1;ter plaatse;gezien;imago;Man;205654.46562966672;220116.6013858132;5.16652345657349;51.2882118225098;FS5184;Postel - Ronde Put;Mol;Mol;Antwerpen;ObsMapp;J;Goedgekeurd op basis van kennisregels - nabijheid;2007-01-01;3;;3;Libellen;Libellulidae;2026-07-08;634;S;zeldzaam
250730386;250730386;Zwarte heidelibel;Sympetrum danae;2022-07-29;7;2022-07-29;1;ter plaatse;gezien;imago;Man;205662.40853625743;220089.5227212021;5.16663312911987;51.2879676818848;FS5184;Postel - Ronde Put;Mol;Mol;Antwerpen;ObsMapp;J;Goedgekeurd op basis van kennisregels - nabijheid;2007-01-01;3;;2;Libellen;Libellulidae;2026-07-08;634;S;zeldzaam
290428935;290428935;Zwarte heidelibel;Sympetrum danae;2023-10-11;10;2023-10-11;1;ter plaatse;gezien;imago;Man;205901.05694639808;220091.246029621;5.170053958892822;51.28796005249024;FS5184;Postel - Ronde Put;Mol;Mol;Antwerpen;ObsMapp;J;Goedgekeurd op basis van kennisregels - nabijheid;1980-01-01;3;;2;Libellen;Libellulidae;2026-07-08;634;S;zeldzaam
290428906;290428906;Zwarte heidelibel;Sympetrum danae;2023-10-11;10;2023-10-11;1;ter plaatse;gezien;imago;Man;204795.46044976043;220143.9368804274;5.154215335845947;51.28853988647461;FS5084;Postel - Omgeving Ronde Put;Mol;Mol;Antwerpen;ObsMapp;J;Goedgekeurd op basis van kennisregels - nabijheid;1980-01-01;3;;2;Libellen;Libellulidae;2026-07-08;634;S;zeldzaam
290428901;290428901;Zwarte heidelibel;Sympetrum danae;2023-10-11;10;2023-10-11;1;ter plaatse;gezien;imago;Man;204765.35459282887;220140.64714487176;5.153783321380615;51.28851318359375;FS5084;Postel - Omgeving Ronde Put;Mol;Mol;Antwerpen;ObsMapp;J;Goedgekeurd op basis van kennisregels - automatische beeldherkenning (NIA);1980-01-01;3;;2;Libellen;Libellulidae;2026-07-08;634;S;zeldzaam
251394004;251394004;Zwarte heidelibel;Sympetrum danae;2022-08-04;8;2022-08-04;1;ter plaatse;gezien;imago;Vrouw;223053.3414611492;216888.9094402501;5.41524171829224;51.2572593688965;FS6881;Neerpelt - Het Hageven;Neerpelt;Neerpelt;Limburg;ObsMapp;J;Goedgekeurd op basis van kennisregels - nabijheid;2007-01-01;3;;2;Libellen;Libellulidae;2026-07-08;634;S;zeldzaam
251671165;251671165;Zwarte heidelibel;Sympetrum danae;2022-08-07;8;2022-08-07;1;ter plaatse;gezien;imago, niet uitgekleurd;Man;206748.5518301357;222816.0488952268;5.18262958526611;51.3123664855957;FS5286;Postel - De Koninklijke Schenking;Mol;Mol;Antwerpen;ObsMapp;J;Goedgekeurd op basis van kennisregels - automatische beeldherkenning (NIA);2007-01-01;3;;2;Libellen;Libellulidae;2026-07-08;634;S;zeldzaam
245966250;245966250;Zwarte heidelibel;Sympetrum danae;2022-06-18;6;2022-06-18;1;ter plaatse;gezien;imago, niet uitgekleurd;Man;216733.92960454317;196794.750365966;5.321033;51.077423;FS6260;Koersel - Koerselse heide noord;Beringen;Koersel;Limburg;ObsMapp;J;Goedgekeurd op basis van kennisregels - automatische beeldherkenning (NIA);2007-01-01;3;;3;Libellen;Libellulidae;2026-07-08;634;S;zeldzaam
362486451;362486451;Zwarte heidelibel;Sympetrum danae;2025-07-12;7;2025-07-12;1;ter plaatse;gezien;imago;onbekend;218982.05852501935;207507.7274946505;5.355141639709473;51.17344665527344;FS6471;Eksel - Pijnven;Hechtel-Eksel;Eksel;Limburg;ObsMapp;J;Goedgekeurd op basis van expertoordeel;1980-01-01;3;;4;Libellen;Libellulidae;2026-07-08;634;S;zeldzaam
200207611;200207611;Zwarte heidelibel;Sympetrum danae;2020-09-14;9;2020-09-16;4;in copula;gezien;imago;onbekend;210685.26007518065;206849.79792892933;5.236406;51.168465;FS5670;Balen - De Most;Balen;Balen;Antwerpen;ObsMapp;J;Goedgekeurd op basis van bewijsmateriaal;2007-01-01;3;;25;Libellen;Libellulidae;2026-07-08;634;S;zeldzaam
245966247;245966247;Zwarte heidelibel;Sympetrum danae;2022-06-18;6;2022-06-18;1;ter plaatse;gezien;imago;onbekend;216710.7921599737;196800.83032974132;5.32070398330688;51.0774803161621;FS6261;Koersel - Koerselse heide noord;Beringen;Koersel;Limburg;ObsMapp;J;Goedgekeurd op basis van kennisregels - nabijheid;2007-01-01;3;;3;Libellen;Libellulidae;2026-07-08;634;S;zeldzaam
320151106;320151106;Zwarte heidelibel;Sympetrum danae;2024-07-19;7;2024-07-20;1;ter plaatse;gezien;imago;Vrouw;180899.2847060335;218018.3349753199;4.811508655548096;51.27121353149414;FS2681;Lille - Visbeekvallei - Lilse Zegge;Lille;Lille;Antwerpen;ObsMapp;J;Goedgekeurd op basis van kennisregels - nabijheid;1980-01-01;3;;3;Libellen;Libellulidae;2026-07-08;634;S;zeldzaam
289525772;289525772;Zwarte heidelibel;Sympetrum danae;2023-10-02;10;2023-10-02;3;ter plaatse;gezien;imago;Man;189111.8422726653;217722.91561428923;4.929149000000052;51.268059;FS3481;Tielen - Tielenkamp (Ontoegankelijk);Kasterlee;Tielen;Antwerpen;Site;J;Goedgekeurd op basis van kennisregels - nabijheid;1980-01-01;3;;30;Libellen;Libellulidae;2026-07-08;634;S;zeldzaam
217948586;217948586;Zwarte heidelibel;Sympetrum danae;2021-06-23;6;2021-06-23;1;ter plaatse;gezien;imago, niet uitgekleurd;Vrouw;188429.36598390303;219297.9081832888;4.9195384979248;51.2822608947754;FS3382;Turnhout - Tielen heide;Turnhout;Turnhout;Antwerpen;ObsMapp;J;Goedgekeurd op basis van bewijsmateriaal;2007-01-01;3;;2;Libellen;Libellulidae;2026-07-08;634;S;zeldzaam
251965057;251965057;Zwarte heidelibel;Sympetrum danae;2022-08-10;8;2022-08-10;1;ter plaatse;gezien;imago;Man;210764.20598237732;207276.38099165357;5.23760604858398;51.172290802002;FS5671;Balen - De Most;Balen;Balen;Antwerpen;ObsMapp;J;Goedgekeurd op basis van kennisregels - nabijheid;2007-01-01;3;;1;Libellen;Libellulidae;2026-07-08;634;S;zeldzaam
251965065;251965065;Zwarte heidelibel;Sympetrum danae;2022-08-10;8;2022-08-10;1;ter plaatse;gezien;imago;Man;210787.9207378188;207256.2864184212;5.23794174194336;51.1721076965332;FS5671;Balen - De Most;Balen;Balen;Antwerpen;ObsMapp;J;Goedgekeurd op basis van kennisregels - nabijheid;2007-01-01;3;;2;Libellen;Libellulidae;2026-07-08;634;S;zeldzaam
251965071;251965071;Zwarte heidelibel;Sympetrum danae;2022-08-10;8;2022-08-10;2;ter plaatse;gezien;imago;Man;204918.77922382427;220160.09936834688;5.1559853553772;51.2886734008789;FS5084;Postel - Omgeving Ronde Put;Mol;Mol;Antwerpen;ObsMapp;J;Goedgekeurd op basis van kennisregels - nabijheid;2007-01-01;3;;1;Libellen;Libellulidae;2026-07-08;634;S;zeldzaam
251965075;251965075;Zwarte heidelibel;Sympetrum danae;2022-08-10;8;2022-08-10;1;ter plaatse;gezien;imago;Man;205012.1084281898;220177.64368643984;5.15732574462891;51.2888221740723;FS5084;Postel - Ronde Put;Mol;Mol;Antwerpen;ObsMapp;J;Goedgekeurd op basis van kennisregels - nabijheid;2007-01-01;3;;2;Libellen;Libellulidae;2026-07-08;634;S;zeldzaam
251965090;251965090;Zwarte heidelibel;Sympetrum danae;2022-08-10;8;2022-08-10;1;ter plaatse;gezien;imago;Man;205437.72463078037;220299.75492948573;5.16344499588013;51.2898788452148;FS5084;Postel - Ronde Put;Mol;Mol;Antwerpen;ObsMapp;J;Goedgekeurd op basis van kennisregels - nabijheid;2007-01-01;3;;2;Libellen;Libellulidae;2026-07-08;634;S;zeldzaam
251965099;251965099;Zwarte heidelibel;Sympetrum danae;2022-08-10;8;2022-08-10;1;ter plaatse;gezien;imago;Man;205623.640516891;220288.59221505467;5.16610813140869;51.2897605895996;FS5184;Postel - Ronde Put;Mol;Mol;Antwerpen;ObsMapp;J;Goedgekeurd op basis van kennisregels - nabijheid;2007-01-01;3;;2;Libellen;Libellulidae;2026-07-08;634;S;zeldzaam
289155842;289155842;Zwarte heidelibel;Sympetrum danae;2023-09-28;9;2023-09-28;1;ter plaatse;gezien;imago;Man;187015.83834014137;231272.76422818095;4.900510787963867;51.38998031616211;FS3294;Merksplas - Merkske - Moer;Merksplas;Merksplas;Antwerpen;ObsMapp;J;Goedgekeurd op basis van expertoordeel;1980-01-01;3;;2;Libellen;Libellulidae;2026-07-08;634;S;zeldzaam
288895182;288895182;Zwarte heidelibel;Sympetrum danae;2023-09-25;9;2023-09-25;1;ter plaatse;gezien;imago;Man;188173.44891093505;217451.8942591464;4.915675640106201;51.26568603515625;FS3381;Tielen - Tielenkamp (Ontoegankelijk);Kasterlee;Tielen;Antwerpen;ObsMapp;J;Goedgekeurd op basis van kennisregels - nabijheid;1980-01-01;3;;2;Libellen;Libellulidae;2026-07-08;634;S;zeldzaam
253030905;253030905;Zwarte heidelibel;Sympetrum danae;2022-08-22;8;2022-08-22;1;ter plaatse;gezien;imago;Man;188434.2085280957;219367.12543054763;4.91961526870728;51.2828826904297;FS3383;Turnhout - Tielen heide;Turnhout;Turnhout;Antwerpen;ObsMapp;J;Goedgekeurd op basis van kennisregels - nabijheid;2007-01-01;3;;2;Libellen;Libellulidae;2026-07-08;634;S;zeldzaam
288697571;288697571;Zwarte heidelibel;Sympetrum danae;2023-09-23;9;2023-09-23;1;ter plaatse;gezien;imago, niet uitgekleurd;Man;207350.01898865064;218464.5201607393;5.190563678741455;51.273197174072266;FS5282;Dessel/Mol - Groesgoor en Koemoek;Mol;Mol;Antwerpen;ObsMapp;J;Goedgekeurd op basis van expertoordeel;2023-10-23;3;;2;Libellen;Libellulidae;2026-07-08;634;S;zeldzaam
288697566;288697566;Zwarte heidelibel;Sympetrum danae;2023-09-23;9;2023-09-23;1;ter plaatse;gezien;imago;Man;207387.90947869755;218504.83718227223;5.191112995147705;51.273555755615234;FS5282;Dessel/Mol - Groesgoor en Koemoek;Mol;Mol;Antwerpen;ObsMapp;J;Goedgekeurd op basis van bewijsmateriaal;2023-10-23;3;;2;Libellen;Libellulidae;2026-07-08;634;S;zeldzaam
225572206;225572206;Zwarte heidelibel;Sympetrum danae;2021-09-14;9;2021-09-14;1;ter plaatse;gezien;imago;Man;189596.60984757;214948.7406617692;4.93579053878784;51.243091583252;FS3578;Lichtaart/Kasterlee - Hoge Rielen;Kasterlee;Lichtaart;Antwerpen;ObsMapp;J;Goedgekeurd op basis van kennisregels - nabijheid;2007-01-01;3;;4;Libellen;Libellulidae;2026-07-08;634;S;zeldzaam
225572199;225572199;Zwarte heidelibel;Sympetrum danae;2021-09-14;9;2021-09-14;1;ter plaatse;gezien;imago;Man;189597.31558455623;214947.8972199252;4.93580055236816;51.2430839538574;FS3578;Lichtaart/Kasterlee - Hoge Rielen;Kasterlee;Lichtaart;Antwerpen;ObsMapp;J;Goedgekeurd op basis van kennisregels - nabijheid;2007-01-01;3;;2;Libellen;Libellulidae;2026-07-08;634;S;zeldzaam
225572184;225572184;Zwarte heidelibel;Sympetrum danae;2021-09-14;9;2021-09-14;1;ter plaatse;gezien;imago;Man;190499.15784473624;214970.1502754232;4.94871711730957;51.243221282959;FS3678;Lichtaart/Kasterlee - Hoge Rielen;Kasterlee;Kasterlee;Antwerpen;ObsMapp;J;Goedgekeurd op basis van kennisregels - automatische beeldherkenning (NIA);2007-01-01;3;;2;Libellen;Libellulidae;2026-07-08;634;S;zeldzaam
225572179;225572179;Zwarte heidelibel;Sympetrum danae;2021-09-14;9;2021-09-14;1;ter plaatse;gezien;imago;Man;190490.21093013528;214973.0512549505;4.94858932495117;51.2432479858398;FS3678;Lichtaart/Kasterlee - Hoge Rielen;Kasterlee;Kasterlee;Antwerpen;ObsMapp;J;Goedgekeurd op basis van kennisregels - nabijheid;2007-01-01;3;;2;Libellen;Libellulidae;2026-07-08;634;S;zeldzaam
225334800;225334800;Zwarte heidelibel;Sympetrum danae;2021-09-11;9;2021-09-11;1;ter plaatse;gezien;imago;Vrouw;188568.4417841633;219677.10595667452;4.92157220840454;51.2856597900391;FS3483;Turnhout - Tielen heide;Turnhout;Turnhout;Antwerpen;ObsMapp;J;Goedgekeurd op basis van expertoordeel;2007-01-01;3;;2;Libellen;Libellulidae;2026-07-08;634;S;zeldzaam
225285703;225285703;Zwarte heidelibel;Sympetrum danae;2021-09-10;9;2021-09-10;1;ter plaatse;gezien;imago;Man;206747.9588147245;222776.14464492537;5.18261480331421;51.3120079040527;FS5286;Postel - De Koninklijke Schenking;Mol;Mol;Antwerpen;ObsMapp;J;Goedgekeurd op basis van expertoordeel;2007-01-01;3;;2;Libellen;Libellulidae;2026-07-08;634;S;zeldzaam
225285702;225285702;Zwarte heidelibel;Sympetrum danae;2021-09-10;9;2021-09-10;1;ter plaatse;gezien;imago;Man;206756.4747583641;222775.8136309227;5.18273687362671;51.3120040893555;FS5286;Postel - De Koninklijke Schenking;Mol;Mol;Antwerpen;ObsMapp;J;Goedgekeurd op basis van expertoordeel;2007-01-01;3;;3;Libellen;Libellulidae;2026-07-08;634;S;zeldzaam
225285700;225285700;Zwarte heidelibel;Sympetrum danae;2021-09-10;9;2021-09-10;1;ter plaatse;gezien;imago;Man;206756.9827796072;222774.9703168236;5.18274402618408;51.3119964599609;FS5286;Postel - De Koninklijke Schenking;Mol;Mol;Antwerpen;ObsMapp;J;Goedgekeurd op basis van expertoordeel;2007-01-01;3;;2;Libellen;Libellulidae;2026-07-08;634;S;zeldzaam
225285697;225285697;Zwarte heidelibel;Sympetrum danae;2021-09-10;9;2021-09-10;2;ter plaatse;gezien;imago;Man;206755.58034606432;222790.6593602141;5.18272638320923;51.3121376037598;FS5286;Postel - De Koninklijke Schenking;Mol;Mol;Antwerpen;ObsMapp;J;Goedgekeurd op basis van bewijsmateriaal;2007-01-01;3;;2;Libellen;Libellulidae;2026-07-08;634;S;zeldzaam
225285694;225285694;Zwarte heidelibel;Sympetrum danae;2021-09-10;9;2021-09-10;1;ter plaatse;gezien;imago;Man;206753.7158112436;222799.97667320535;5.18270111083984;51.3122215270996;FS5286;Postel - De Koninklijke Schenking;Mol;Mol;Antwerpen;ObsMapp;J;Goedgekeurd op basis van expertoordeel;2007-01-01;3;;4;Libellen;Libellulidae;2026-07-08;634;S;zeldzaam
225285692;225285692;Zwarte heidelibel;Sympetrum danae;2021-09-10;9;2021-09-10;2;ter plaatse;gezien;imago;Man;206701.1067815299;222767.1419926146;5.18194150924683;51.3119316101074;FS5286;Postel - De Koninklijke Schenking;Mol;Mol;Antwerpen;ObsMapp;J;Goedgekeurd op basis van expertoordeel;2007-01-01;3;;3;Libellen;Libellulidae;2026-07-08;634;S;zeldzaam
253283516;253283516;Zwarte heidelibel;Sympetrum danae;2022-08-25;8;2022-08-25;1;ter plaatse;gezien;imago;Man;222836.7477109522;216708.86318919717;5.41210317611694;51.2556686401367;FS6881;Neerpelt - Het Hageven;Neerpelt;Neerpelt;Limburg;ObsMapp;J;Goedgekeurd op basis van kennisregels - nabijheid;2022-11-25;3;;2;Libellen;Libellulidae;2026-07-08;634;S;zeldzaam
253283529;253283529;Zwarte heidelibel;Sympetrum danae;2022-08-25;8;2022-08-25;1;ter plaatse;gezien;imago;Man;222476.77012795565;216091.3328445973;5.40682363510132;51.2501640319824;FS6780;Neerpelt - Het Hageven - Verkeerde lievenheer;Neerpelt;Neerpelt;Limburg;ObsMapp;J;Goedgekeurd op basis van kennisregels - nabijheid;2022-12-25;3;;999;Libellen;Libellulidae;2026-07-08;634;S;zeldzaam
225159993;225159993;Zwarte heidelibel;Sympetrum danae;2021-09-08;9;2021-09-08;3;ter plaatse;gezien;imago;Man;223074.61123558768;216952.87715652303;5.4155592918396;51.2578315734863;FS6881;Neerpelt - Het Hageven;Neerpelt;Neerpelt;Limburg;ObsMapp;J;Goedgekeurd op basis van expertoordeel;2007-01-01;3;;999;Libellen;Libellulidae;2026-07-08;634;S;zeldzaam
225159990;225159990;Zwarte heidelibel;Sympetrum danae;2021-09-08;9;2021-09-08;2;ter plaatse;gezien;imago;Man;222972.8694697485;217324.1111661652;5.41417694091797;51.2611808776855;FS6881;Neerpelt - Het Hageven;Lommel;Lommel;Limburg;ObsMapp;J;Goedgekeurd op basis van expertoordeel;2007-01-01;3;;999;Libellen;Libellulidae;2026-07-08;634;S;zeldzaam
225159108;225159108;Zwarte heidelibel;Sympetrum danae;2021-09-08;9;2021-09-08;2;ter plaatse;gezien;imago;onbekend;223446.894262905;217543.0378474016;5.42101144790649;51.2630882263184;FS6881;Neerpelt - Het Hageven;Neerpelt;Neerpelt;Limburg;copied observation;J;Goedgekeurd op basis van expertoordeel;2007-01-01;3;;2;Libellen;Libellulidae;2026-07-08;634;S;zeldzaam
225158432;225158432;Zwarte heidelibel;Sympetrum danae;2021-09-08;9;2021-09-08;1;ter plaatse;gezien;imago;onbekend;223041.9426504706;216887.47533257207;5.41507816314697;51.2572479248047;FS6881;Neerpelt - Het Hageven;Neerpelt;Neerpelt;Limburg;copied observation;J;Goedgekeurd op basis van expertoordeel;2007-01-01;3;;2;Libellen;Libellulidae;2026-07-08;634;S;zeldzaam
225158359;225158359;Zwarte heidelibel;Sympetrum danae;2021-09-08;9;2021-09-08;1;ter plaatse;gezien;imago;Man;223062.55911037384;216971.80744659345;5.4153904914856;51.2580032348633;FS6881;Neerpelt - Het Hageven;Neerpelt;Neerpelt;Limburg;copied observation;J;Goedgekeurd op basis van expertoordeel;2007-01-01;3;;2;Libellen;Libellulidae;2026-07-08;634;S;zeldzaam
225158025;225158025;Zwarte heidelibel;Sympetrum danae;2021-09-08;9;2021-09-08;1;ter plaatse;gezien;imago;onbekend;223100.0522799194;217011.38598200303;5.41593551635742;51.2583541870117;FS6881;Neerpelt - Het Hageven;Neerpelt;Neerpelt;Limburg;copied observation;J;Goedgekeurd op basis van expertoordeel;2007-01-01;3;;2;Libellen;Libellulidae;2026-07-08;634;S;zeldzaam
225157907;225157907;Zwarte heidelibel;Sympetrum danae;2021-09-08;9;2021-09-08;1;ter plaatse;gezien;imago;Man;223080.5210935521;216935.13358240572;5.41564035415649;51.2576713562012;FS6881;Neerpelt - Het Hageven;Neerpelt;Neerpelt;Limburg;copied observation;J;Goedgekeurd op basis van expertoordeel;2007-01-01;3;;2;Libellen;Libellulidae;2026-07-08;634;S;zeldzaam
225157888;225157888;Zwarte heidelibel;Sympetrum danae;2021-09-08;9;2021-09-08;1;ter plaatse;gezien;imago;onbekend;223079.1798546139;216949.9704539245;5.41562414169312;51.2578048706055;FS6881;Neerpelt - Het Hageven;Neerpelt;Neerpelt;Limburg;copied observation;J;Goedgekeurd op basis van expertoordeel;2007-01-01;3;;2;Libellen;Libellulidae;2026-07-08;634;S;zeldzaam
225157747;225157747;Zwarte heidelibel;Sympetrum danae;2021-09-08;9;2021-09-08;1;ter plaatse;gezien;imago;Man;223054.56684216225;216830.3524666121;5.41524744033813;51.2567329406738;FS6881;Neerpelt - Het Hageven;Neerpelt;Neerpelt;Limburg;copied observation;J;Goedgekeurd op basis van expertoordeel;2007-01-01;3;;1;Libellen;Libellulidae;2026-07-08;634;S;zeldzaam
225157734;225157734;Zwarte heidelibel;Sympetrum danae;2021-09-08;9;2021-09-08;1;ter plaatse;gezien;imago;onbekend;223056.30104153432;216832.49918132648;5.41527271270752;51.2567520141602;FS6881;Neerpelt - Het Hageven;Neerpelt;Neerpelt;Limburg;copied observation;J;Goedgekeurd op basis van expertoordeel;2007-01-01;3;;2;Libellen;Libellulidae;2026-07-08;634;S;zeldzaam
225082521;225082521;Zwarte heidelibel;Sympetrum danae;2021-09-05;9;2021-09-07;1;ter plaatse;gezien;imago;Man;207731.72292822468;214893.31947636232;5.19546270370483;51.2410621643066;FS5378;Mol - Den Diel;Mol;Mol;Antwerpen;ObsMapp;J;Goedgekeurd op basis van expertoordeel;2021-10-05;3;;2;Libellen;Libellulidae;2026-07-08;634;S;zeldzaam
225082510;225082510;Zwarte heidelibel;Sympetrum danae;2021-09-05;9;2021-09-07;2;in copula;gezien;imago;onbekend;207723.98050653384;214918.69915907923;5.1953558921814;51.2412910461426;FS5378;Mol - Den Diel;Mol;Mol;Antwerpen;ObsMapp;J;Goedgekeurd op basis van expertoordeel;2021-10-05;3;;2;Libellen;Libellulidae;2026-07-08;634;S;zeldzaam
225082509;225082509;Zwarte heidelibel;Sympetrum danae;2021-09-05;9;2021-09-07;1;ter plaatse;gezien;imago;Man;207730.5724713519;214903.91747048125;5.19544792175293;51.2411575317383;FS5378;Mol - Den Diel;Mol;Mol;Antwerpen;ObsMapp;J;Goedgekeurd op basis van expertoordeel;2021-10-05;3;;3;Libellen;Libellulidae;2026-07-08;634;S;zeldzaam
225082502;225082502;Zwarte heidelibel;Sympetrum danae;2021-09-05;9;2021-09-07;1;ter plaatse;gezien;imago;Man;206711.80577269872;212258.6548581347;5.1804461479187;51.2174835205078;FS5276;Mol - Buitengoor;Mol;Mol;Antwerpen;ObsMapp;J;Goedgekeurd op basis van expertoordeel;2021-10-05;3;;1;Libellen;Libellulidae;2026-07-08;634;S;zeldzaam
287920492;287920492;Zwarte heidelibel;Sympetrum danae;2023-09-14;9;2023-09-14;1;ter plaatse;gezien;imago;Man;189116.78643391348;217774.7077511875;4.929225444793701;51.26852416992188;FS3481;Tielen - Tielenkamp (Ontoegankelijk);Kasterlee;Tielen;Antwerpen;ObsMapp;J;Goedgekeurd op basis van kennisregels - nabijheid;2023-10-14;3;;2;Libellen;Libellulidae;2026-07-08;634;S;zeldzaam
287920472;287920472;Zwarte heidelibel;Sympetrum danae;2023-09-14;9;2023-09-14;1;ter plaatse;gezien;imago;Man;189017.7714274475;217448.42819198876;4.92777156829834;51.26559829711914;FS3481;Tielen - Tielenkamp (Ontoegankelijk);Kasterlee;Tielen;Antwerpen;ObsMapp;J;Goedgekeurd op basis van kennisregels - nabijheid;2023-10-14;3;;1;Libellen;Libellulidae;2026-07-08;634;S;zeldzaam
224705767;224705767;Zwarte heidelibel;Sympetrum danae;2021-09-03;9;2021-09-03;2;ter plaatse;gezien;imago;Man;187981.9149823082;217000.9927789308;4.9128842;51.261646;FS3380;Tielen - Tielenkamp (Ontoegankelijk);Kasterlee;Tielen;Antwerpen;Site;J;Goedgekeurd op basis van kennisregels - automatische beeldherkenning (NIA);1980-01-01;3;;30;Libellen;Libellulidae;2026-07-08;634;S;zeldzaam
224696300;224696300;Zwarte heidelibel;Sympetrum danae;2021-09-03;9;2021-09-03;1;ter plaatse;gezien;imago;Man;189109.34426194744;217759.7967079664;4.92911720275879;51.2683906555176;FS3481;Tielen - Tielenkamp (Ontoegankelijk);Kasterlee;Tielen;Antwerpen;ObsMapp;J;Goedgekeurd op basis van bewijsmateriaal;2007-01-01;3;;2;Libellen;Libellulidae;2026-07-08;634;S;zeldzaam
224696287;224696287;Zwarte heidelibel;Sympetrum danae;2021-09-03;9;2021-09-03;1;ter plaatse;gezien;imago;Man;189085.25661547645;217736.6959182844;4.92876958847046;51.2681846618652;FS3481;Tielen - Tielenkamp (Ontoegankelijk);Kasterlee;Tielen;Antwerpen;ObsMapp;J;Goedgekeurd op basis van expertoordeel;2007-01-01;3;;3;Libellen;Libellulidae;2026-07-08;634;S;zeldzaam
224696282;224696282;Zwarte heidelibel;Sympetrum danae;2021-09-03;9;2021-09-03;2;ter plaatse;gezien;imago;Man;189010.2504290187;217439.45863403752;4.92766284942627;51.2655181884766;FS3481;Tielen - Tielenkamp (Ontoegankelijk);Kasterlee;Tielen;Antwerpen;ObsMapp;J;Goedgekeurd op basis van expertoordeel;2007-01-01;3;;2;Libellen;Libellulidae;2026-07-08;634;S;zeldzaam
224696279;224696279;Zwarte heidelibel;Sympetrum danae;2021-09-03;9;2021-09-03;1;ter plaatse;gezien;imago;Man;189032.9003979846;217445.99572009128;4.92798805236816;51.2655754089355;FS3481;Tielen - Tielenkamp (Ontoegankelijk);Kasterlee;Tielen;Antwerpen;ObsMapp;J;Goedgekeurd op basis van expertoordeel;2007-01-01;3;;2;Libellen;Libellulidae;2026-07-08;634;S;zeldzaam
224696270;224696270;Zwarte heidelibel;Sympetrum danae;2021-09-03;9;2021-09-03;1;ter plaatse;gezien;imago;Man;189040.47190589865;217457.0878047589;4.92809772491455;51.2656745910645;FS3481;Tielen - Tielenkamp (Ontoegankelijk);Kasterlee;Tielen;Antwerpen;ObsMapp;J;Goedgekeurd op basis van expertoordeel;2007-01-01;3;;1;Libellen;Libellulidae;2026-07-08;634;S;zeldzaam
200228703;200228703;Zwarte heidelibel;Sympetrum danae;2020-09-16;9;2020-09-16;1;ter plaatse;gezien;imago;Man;187737.5796110097;218067.08113450464;4.90949535369873;51.2712440490723;FS3381;Tielen - Tielenkamp (Ontoegankelijk);Kasterlee;Tielen;Antwerpen;ObsMapp;J;Goedgekeurd op basis van bewijsmateriaal;2007-01-01;3;;25;Libellen;Libellulidae;2026-07-08;634;S;zeldzaam
224696268;224696268;Zwarte heidelibel;Sympetrum danae;2021-09-03;9;2021-09-03;1;ter plaatse;gezien;imago;Man;189040.46558487872;217413.79666944128;4.92809295654297;51.2652854919434;FS3481;Tielen - Tielenkamp (Ontoegankelijk);Kasterlee;Tielen;Antwerpen;ObsMapp;J;Goedgekeurd op basis van expertoordeel;2007-01-01;3;;2;Libellen;Libellulidae;2026-07-08;634;S;zeldzaam
224696266;224696266;Zwarte heidelibel;Sympetrum danae;2021-09-03;9;2021-09-03;2;ter plaatse;gezien;imago;Man;189037.9893435604;217380.24862668384;4.928053855896;51.2649841308594;FS3481;Tielen - Tielenkamp (Ontoegankelijk);Kasterlee;Tielen;Antwerpen;ObsMapp;J;Goedgekeurd op basis van expertoordeel;2007-01-01;3;;3;Libellen;Libellulidae;2026-07-08;634;S;zeldzaam
224696174;224696174;Zwarte heidelibel;Sympetrum danae;2021-09-03;9;2021-09-03;2;ter plaatse;gezien;imago;Man;188058.4949980235;216907.7883039052;4.91397142410278;51.2608032226563;FS3380;Tielen - Tielenkamp (Ontoegankelijk);Kasterlee;Tielen;Antwerpen;ObsMapp;J;Goedgekeurd op basis van bewijsmateriaal;2007-01-01;3;;3;Libellen;Libellulidae;2026-07-08;634;S;zeldzaam
224696173;224696173;Zwarte heidelibel;Sympetrum danae;2021-09-03;9;2021-09-03;1;ter plaatse;gezien;imago;Man;188060.0791637952;216954.91068857908;4.91399908065796;51.2612266540527;FS3380;Tielen - Tielenkamp (Ontoegankelijk);Kasterlee;Tielen;Antwerpen;ObsMapp;J;Goedgekeurd op basis van expertoordeel;2007-01-01;3;;2;Libellen;Libellulidae;2026-07-08;634;S;zeldzaam
224696171;224696171;Zwarte heidelibel;Sympetrum danae;2021-09-03;9;2021-09-03;3;ter plaatse;gezien;imago;Man;188046.68947173184;216983.24847379889;4.91381025314331;51.2614822387695;FS3380;Tielen - Tielenkamp (Ontoegankelijk);Kasterlee;Tielen;Antwerpen;ObsMapp;J;Goedgekeurd op basis van expertoordeel;2007-01-01;3;;3;Libellen;Libellulidae;2026-07-08;634;S;zeldzaam
224617420;224617420;Zwarte heidelibel;Sympetrum danae;2021-09-02;9;2021-09-02;1;ter plaatse;gezien;imago;Man;205999.5378725242;211966.9692011597;5.17020750045776;51.2149314880371;FS5175;  ;Mol;Mol;Antwerpen;ObsMapp;J;Goedgekeurd op basis van expertoordeel;2007-01-01;3;;3;Libellen;Libellulidae;2026-07-08;634;S;zeldzaam
224617417;224617417;Zwarte heidelibel;Sympetrum danae;2021-09-02;9;2021-09-02;1;ter plaatse;gezien;imago;Man;205969.20016671423;211965.36826480555;5.16977310180664;51.2149200439453;FS5175;  ;Mol;Mol;Antwerpen;ObsMapp;J;Goedgekeurd op basis van expertoordeel;2007-01-01;3;;2;Libellen;Libellulidae;2026-07-08;634;S;zeldzaam
224617413;224617413;Zwarte heidelibel;Sympetrum danae;2021-09-02;9;2021-09-02;2;ter plaatse;gezien;imago;Man;205952.2474034344;211955.42343648244;5.16952896118164;51.2148323059082;FS5175;  ;Mol;Mol;Antwerpen;ObsMapp;J;Goedgekeurd op basis van expertoordeel;2007-01-01;3;;2;Libellen;Libellulidae;2026-07-08;634;S;zeldzaam
224617406;224617406;Zwarte heidelibel;Sympetrum danae;2021-09-02;9;2021-09-02;1;ter plaatse;gezien;imago;Man;205868.38534964848;211945.60594375804;5.16832733154297;51.2147521972656;FS5175;  ;Mol;Mol;Antwerpen;ObsMapp;J;Goedgekeurd op basis van expertoordeel;2007-01-01;3;;3;Libellen;Libellulidae;2026-07-08;634;S;zeldzaam
224617386;224617386;Zwarte heidelibel;Sympetrum danae;2021-09-02;9;2021-09-02;1;ter plaatse;gezien;imago;Man;205657.5583823504;211598.7040364901;5.1652569770813;51.2116546630859;FS5175;  ;Mol;Mol;Antwerpen;ObsMapp;J;Goedgekeurd op basis van expertoordeel;2007-01-01;3;;2;Libellen;Libellulidae;2026-07-08;634;S;zeldzaam
224617381;224617381;Zwarte heidelibel;Sympetrum danae;2021-09-02;9;2021-09-02;1;ter plaatse;gezien;imago;Man;207010.11841271192;213142.19220442043;5.18485450744629;51.2253952026367;FS5277;Mol - Klein Verkallen;Mol;Mol;Antwerpen;ObsMapp;J;Goedgekeurd op basis van expertoordeel;2007-01-01;3;;2;Libellen;Libellulidae;2026-07-08;634;S;zeldzaam
224617378;224617378;Zwarte heidelibel;Sympetrum danae;2021-09-02;9;2021-09-02;1;ter plaatse;gezien;imago;Man;207026.14413044948;213138.97308636084;5.18508338928223;51.2253646850586;FS5277;Mol - Klein Verkallen;Mol;Mol;Antwerpen;ObsMapp;J;Goedgekeurd op basis van expertoordeel;2007-01-01;3;;4;Libellen;Libellulidae;2026-07-08;634;S;zeldzaam
224617371;224617371;Zwarte heidelibel;Sympetrum danae;2021-09-02;9;2021-09-02;1;ter plaatse;gezien;imago;Man;207054.269214474;213129.09633731376;5.18548440933228;51.2252731323242;FS5277;Mol - Klein Verkallen;Mol;Mol;Antwerpen;ObsMapp;J;Goedgekeurd op basis van expertoordeel;2007-01-01;3;;3;Libellen;Libellulidae;2026-07-08;634;S;zeldzaam
224617370;224617370;Zwarte heidelibel;Sympetrum danae;2021-09-02;9;2021-09-02;5;ter plaatse;gezien;imago;Man;207118.7575951488;213114.52723593824;5.18640518188477;51.2251358032227;FS5277;Mol - Klein Verkallen;Mol;Mol;Antwerpen;ObsMapp;J;Goedgekeurd op basis van expertoordeel;2007-01-01;3;;3;Libellen;Libellulidae;2026-07-08;634;S;zeldzaam
287561671;287561671;Zwarte heidelibel;Sympetrum danae;2023-09-08;9;2023-09-10;1;ter plaatse;gezien;imago;Vrouw;188412.75753705695;219321.1282324735;4.919302940368652;51.282470703125;FS3382;Turnhout - Tielen heide;Turnhout;Turnhout;Antwerpen;ObsMapp;J;Goedgekeurd op basis van expertoordeel;2023-10-08;3;;2;Libellen;Libellulidae;2026-07-08;634;S;zeldzaam
287561654;287561654;Zwarte heidelibel;Sympetrum danae;2023-09-08;9;2023-09-10;1;ter plaatse;gezien;imago;Man;188386.90520478485;219379.50702692475;4.918938636779785;51.282997131347656;FS3383;Turnhout - Tielen heide;Turnhout;Turnhout;Antwerpen;ObsMapp;J;Goedgekeurd op basis van expertoordeel;2023-10-08;3;;2;Libellen;Libellulidae;2026-07-08;634;S;zeldzaam
287561638;287561638;Zwarte heidelibel;Sympetrum danae;2023-09-08;9;2023-09-10;1;ter plaatse;gezien;imago;Man;188416.5650555563;219372.9363550413;4.919363021850586;51.282936096191406;FS3383;Turnhout - Tielen heide;Turnhout;Turnhout;Antwerpen;ObsMapp;J;Goedgekeurd op basis van expertoordeel;2023-10-08;3;;2;Libellen;Libellulidae;2026-07-08;634;S;zeldzaam
200531437;200531437;Zwarte heidelibel;Sympetrum danae;2020-09-22;9;2020-09-22;1;ter plaatse;gezien;imago;Man;188359.10744636256;219305.4509221632;4.918532371521;51.2823333740234;FS3382;Turnhout - Tielen heide;Turnhout;Turnhout;Antwerpen;ObsMapp;J;Goedgekeurd op basis van expertoordeel;2007-01-01;3;;25;Libellen;Libellulidae;2026-07-08;634;S;zeldzaam
200531450;200531450;Zwarte heidelibel;Sympetrum danae;2020-09-22;9;2020-09-22;1;ter plaatse;gezien;imago;Man;188369.81213602945;219270.727448768;4.91868209838867;51.2820205688477;FS3382;Turnhout - Tielen heide;Turnhout;Turnhout;Antwerpen;ObsMapp;J;Goedgekeurd op basis van expertoordeel;2007-01-01;3;;25;Libellen;Libellulidae;2026-07-08;634;S;zeldzaam
200531467;200531467;Zwarte heidelibel;Sympetrum danae;2020-09-22;9;2020-09-22;1;ter plaatse;gezien;imago;Man;188465.5987895476;219369.480819596;4.92006540298462;51.282901763916;FS3383;Turnhout - Tielen heide;Turnhout;Turnhout;Antwerpen;ObsMapp;J;Goedgekeurd op basis van expertoordeel;2007-01-01;3;;25;Libellen;Libellulidae;2026-07-08;634;S;zeldzaam
200531468;200531468;Zwarte heidelibel;Sympetrum danae;2020-09-22;9;2020-09-22;1;ter plaatse;gezien;imago;Man;188493.6004309284;219375.63101438803;4.92046737670898;51.2829551696777;FS3383;Turnhout - Tielen heide;Turnhout;Turnhout;Antwerpen;ObsMapp;J;Goedgekeurd op basis van expertoordeel;2007-01-01;3;;25;Libellen;Libellulidae;2026-07-08;634;S;zeldzaam
200531478;200531478;Zwarte heidelibel;Sympetrum danae;2020-09-22;9;2020-09-22;1;ter plaatse;gezien;imago;Man;188567.72228139263;219510.30136486888;4.92154407501221;51.2841606140137;FS3483;Turnhout - Tielen heide;Turnhout;Turnhout;Antwerpen;ObsMapp;J;Goedgekeurd op basis van expertoordeel;2007-01-01;3;;25;Libellen;Libellulidae;2026-07-08;634;S;zeldzaam
200531481;200531481;Zwarte heidelibel;Sympetrum danae;2020-09-22;9;2020-09-22;1;ter plaatse;gezien;imago;Man;188538.9355096984;219493.5342785651;4.92112970352173;51.2840118408203;FS3383;Turnhout - Tielen heide;Turnhout;Turnhout;Antwerpen;ObsMapp;J;Goedgekeurd op basis van expertoordeel;2007-01-01;3;;25;Libellen;Libellulidae;2026-07-08;634;S;zeldzaam
200531485;200531485;Zwarte heidelibel;Sympetrum danae;2020-09-22;9;2020-09-22;1;ter plaatse;gezien;imago;Man;188533.28622075843;219492.6433525402;4.92104864120483;51.2840042114258;FS3383;Turnhout - Tielen heide;Turnhout;Turnhout;Antwerpen;ObsMapp;J;Goedgekeurd op basis van expertoordeel;2007-01-01;3;;25;Libellen;Libellulidae;2026-07-08;634;S;zeldzaam
200531490;200531490;Zwarte heidelibel;Sympetrum danae;2020-09-22;9;2020-09-22;1;ter plaatse;gezien;imago;Man;188436.23038990435;219462.21168460415;4.91965436935425;51.2837371826172;FS3383;Turnhout - Tielen heide;Turnhout;Turnhout;Antwerpen;ObsMapp;J;Goedgekeurd op basis van expertoordeel;2007-01-01;3;;25;Libellen;Libellulidae;2026-07-08;634;S;zeldzaam
200531538;200531538;Zwarte heidelibel;Sympetrum danae;2020-09-22;9;2020-09-22;1;ter plaatse;gezien;imago;Man;188522.02736417536;219896.6127340654;4.9209303855896;51.2876358032227;FS3383;Turnhout - Tielen heide;Turnhout;Turnhout;Antwerpen;ObsMapp;J;Goedgekeurd op basis van expertoordeel;2007-01-01;3;;25;Libellen;Libellulidae;2026-07-08;634;S;zeldzaam
200531550;200531550;Zwarte heidelibel;Sympetrum danae;2020-09-22;9;2020-09-22;1;ter plaatse;gezien;imago;Man;188524.573022567;219898.7538189115;4.92096710205078;51.287654876709;FS3383;Turnhout - Tielen heide;Turnhout;Turnhout;Antwerpen;ObsMapp;J;Goedgekeurd op basis van expertoordeel;2007-01-01;3;;25;Libellen;Libellulidae;2026-07-08;634;S;zeldzaam
224198947;224198947;Zwarte heidelibel;Sympetrum danae;2021-08-28;8;2021-08-28;1;ter plaatse;gezien;imago;Man;189904.50818379747;218907.14310367036;4.94063663482666;51.2786483764648;FS3582;Kasterlee - Bosreservaat Sevendonk (ANB);Turnhout;Turnhout;Antwerpen;ObsMapp;J;Goedgekeurd op basis van bewijsmateriaal;2007-01-01;3;;2;Libellen;Libellulidae;2026-07-08;634;S;zeldzaam
224198932;224198932;Zwarte heidelibel;Sympetrum danae;2021-08-28;8;2021-08-28;1;ter plaatse;gezien;imago;Man;189921.8793882772;218932.74260231107;4.94088840484619;51.2788772583008;FS3582;Kasterlee - Bosreservaat Sevendonk (ANB);Turnhout;Turnhout;Antwerpen;ObsMapp;J;Goedgekeurd op basis van expertoordeel;2007-01-01;3;;3;Libellen;Libellulidae;2026-07-08;634;S;zeldzaam
224110552;224110552;Zwarte heidelibel;Sympetrum danae;2021-08-27;8;2021-08-27;1;ter plaatse;gezien;imago;Man;188502.7675959748;219471.6193195507;4.92060899734497;51.2838172912598;FS3383;Turnhout - Tielen heide;Turnhout;Turnhout;Antwerpen;ObsMapp;J;Goedgekeurd op basis van expertoordeel;2007-01-01;3;;2;Libellen;Libellulidae;2026-07-08;634;S;zeldzaam
200582394;200582394;Zwarte heidelibel;Sympetrum danae;2020-09-23;9;2020-09-23;1;ter plaatse;gezien;imago;Man;184815.5078362311;209585.0464152601;4.86681032180786;51.1951904296875;FS3073;Herentals - Schoutenheiven;Herentals;Herentals;Antwerpen;ObsMapp;J;Goedgekeurd op basis van expertoordeel;2007-01-01;3;;25;Libellen;Libellulidae;2026-07-08;634;S;zeldzaam
200582396;200582396;Zwarte heidelibel;Sympetrum danae;2020-09-23;9;2020-09-23;1;ter plaatse;gezien;imago;Man;184790.53562913416;209541.16470670517;4.86644887924194;51.1947975158691;FS3073;Herentals - Schoutenheiven;Herentals;Herentals;Antwerpen;ObsMapp;J;Goedgekeurd op basis van bewijsmateriaal;2007-01-01;3;;25;Libellen;Libellulidae;2026-07-08;634;S;zeldzaam
329427600;329427600;Zwarte heidelibel;Sympetrum danae;2024-09-29;9;2024-09-29;1;ter plaatse;gezien;imago;Man;207348.9923147816;218542.1809053337;5.190561294555664;51.27389526367188;FS5282;Dessel/Mol - Groesgoor en Koemoek;Mol;Mol;Antwerpen;ObsMapp;J;Goedgekeurd op basis van kennisregels - automatische beeldherkenning (NIA);2024-12-29;3;;2;Libellen;Libellulidae;2026-07-08;634;S;zeldzaam
329427595;329427595;Zwarte heidelibel;Sympetrum danae;2024-09-29;9;2024-09-29;1;ter plaatse;gezien;imago;Man;207325.18155634572;218537.6728204545;5.190219402313232;51.27385711669922;FS5282;Dessel/Mol - Groesgoor en Koemoek;Mol;Mol;Antwerpen;ObsMapp;J;Goedgekeurd op basis van kennisregels - nabijheid;2024-12-29;3;;2;Libellen;Libellulidae;2026-07-08;634;S;zeldzaam
254145223;254145223;Zwarte heidelibel;Sympetrum danae;2022-09-04;9;2022-09-04;1;ter plaatse;gezien;imago;Man;206850.9002337644;218137.2919762805;5.18336057662964;51.2703056335449;FS5282;Dessel/Mol - Groesgoor en Koemoek;Mol;Mol;Antwerpen;ObsMapp;J;Goedgekeurd op basis van kennisregels - nabijheid;2007-01-01;3;;2;Libellen;Libellulidae;2026-07-08;634;S;zeldzaam
254145224;254145224;Zwarte heidelibel;Sympetrum danae;2022-09-04;9;2022-09-04;1;ter plaatse;gezien;imago;Man;206857.1809209069;218141.1808757372;5.1834511756897;51.2703399658203;FS5282;Dessel/Mol - Groesgoor en Koemoek;Mol;Mol;Antwerpen;ObsMapp;J;Goedgekeurd op basis van kennisregels - nabijheid;2007-01-01;3;;2;Libellen;Libellulidae;2026-07-08;634;S;zeldzaam
254145229;254145229;Zwarte heidelibel;Sympetrum danae;2022-09-04;9;2022-09-04;2;ter plaatse;gezien;imago;Man;206882.67026014827;218159.7116367491;5.18381929397583;51.2705039978027;FS5282;Dessel/Mol - Groesgoor en Koemoek;Mol;Mol;Antwerpen;ObsMapp;J;Goedgekeurd op basis van kennisregels - automatische beeldherkenning (NIA);2007-01-01;3;;1;Libellen;Libellulidae;2026-07-08;634;S;zeldzaam
254145230;254145230;Zwarte heidelibel;Sympetrum danae;2022-09-04;9;2022-09-04;1;ter plaatse;gezien;imago;Man;206889.5617454488;218174.64264555185;5.18392038345337;51.270637512207;FS5282;Dessel/Mol - Groesgoor en Koemoek;Mol;Mol;Antwerpen;ObsMapp;J;Goedgekeurd op basis van kennisregels - automatische beeldherkenning (NIA);2007-01-01;3;;1;Libellen;Libellulidae;2026-07-08;634;S;zeldzaam
254145233;254145233;Zwarte heidelibel;Sympetrum danae;2022-09-04;9;2022-09-04;1;ter plaatse;gezien;imago;Man;206878.9697681379;218172.40408795237;5.1837682723999;51.2706184387207;FS5282;Dessel/Mol - Groesgoor en Koemoek;Mol;Mol;Antwerpen;ObsMapp;J;Goedgekeurd op basis van kennisregels - nabijheid;2007-01-01;3;;2;Libellen;Libellulidae;2026-07-08;634;S;zeldzaam
254145238;254145238;Zwarte heidelibel;Sympetrum danae;2022-09-04;9;2022-09-04;1;ter plaatse;gezien;imago;Man;206856.7855210118;218159.00287966803;5.18344831466675;51.2705001831055;FS5282;Dessel/Mol - Groesgoor en Koemoek;Mol;Mol;Antwerpen;ObsMapp;J;Goedgekeurd op basis van kennisregels - nabijheid;2007-01-01;3;;1;Libellen;Libellulidae;2026-07-08;634;S;zeldzaam
254145245;254145245;Zwarte heidelibel;Sympetrum danae;2022-09-04;9;2022-09-04;1;ter plaatse;gezien;imago;Man;206840.0718931729;218141.4174557943;5.18320608139038;51.2703437805176;FS5282;Dessel/Mol - Groesgoor en Koemoek;Mol;Mol;Antwerpen;ObsMapp;J;Goedgekeurd op basis van kennisregels - automatische beeldherkenning (NIA);2007-01-01;3;;1;Libellen;Libellulidae;2026-07-08;634;S;zeldzaam
225486190;225486190;Zwarte heidelibel;Sympetrum danae;2021-09-13;9;2021-09-13;1;ter plaatse;gezien;imago;Man;185150.28890153632;210158.13565309343;4.87165498733521;51.2003211975098;FS3073;Kasterlee - Snepkensvijver;Herentals;Herentals;Antwerpen;ObsMapp;J;Goedgekeurd op basis van kennisregels - nabijheid;2007-01-01;3;;7;Libellen;Libellulidae;2026-07-08;634;S;zeldzaam
326491936;326491936;Zwarte heidelibel;Sympetrum danae;2024-08-29;8;2024-08-31;1;ter plaatse;gezien;imago;Man;184155.25120025943;210862.7923553344;4.857485771179199;51.20671463012695;FS2974;Herentals - Heiberg;Herentals;Herentals;Antwerpen;ObsMapp;J;Goedgekeurd op basis van expertoordeel;2024-11-29;3;;2;Libellen;Libellulidae;2026-07-08;634;S;zeldzaam
200837452;200837452;Zwarte heidelibel;Sympetrum danae;2020-09-29;9;2020-09-29;1;ter plaatse;gezien;imago;Man;188525.0536660418;219486.7407106394;4.92093002;51.28395171;FS3383;Turnhout - Tielen heide;Turnhout;Turnhout;Antwerpen;ObsMapp;J;Goedgekeurd op basis van expertoordeel;2007-01-01;3;;10;Libellen;Libellulidae;2026-07-08;634;S;zeldzaam
200837456;200837456;Zwarte heidelibel;Sympetrum danae;2020-09-29;9;2020-09-29;1;ter plaatse;gezien;imago;Man;188584.51314746836;219502.78689464557;4.92178392410278;51.2840919494629;FS3483;Turnhout - Tielen heide;Turnhout;Turnhout;Antwerpen;ObsMapp;J;Goedgekeurd op basis van expertoordeel;2007-01-01;3;;25;Libellen;Libellulidae;2026-07-08;634;S;zeldzaam
200837460;200837460;Zwarte heidelibel;Sympetrum danae;2020-09-29;9;2020-09-29;2;in copula;gezien;imago;onbekend;188598.7186343955;219493.97991500515;4.92198657989502;51.2840118408203;FS3483;Turnhout - Tielen heide;Turnhout;Turnhout;Antwerpen;ObsMapp;J;Goedgekeurd op basis van bewijsmateriaal;2007-01-01;3;;25;Libellen;Libellulidae;2026-07-08;634;S;zeldzaam
314491479;314491479;Zwarte heidelibel;Sympetrum danae;2024-06-14;6;2024-06-14;1;ter plaatse;gezien;imago, niet uitgekleurd;Vrouw;205612.6440063623;220363.1779611632;5.165962000000036;51.290432;FS5184;Postel - Ronde Put;Mol;Mol;Antwerpen;ObsMapp;J;Goedgekeurd op basis van bewijsmateriaal;1980-01-01;3;;2;Libellen;Libellulidae;2026-07-08;634;S;zeldzaam
285853007;285853007;Zwarte heidelibel;Sympetrum danae;2023-08-26;8;2023-08-26;2;ter plaatse;gezien;imago;Man;189036.7946870583;217415.04269229155;4.9280405;51.26529694;FS3481;Tielen - Tielenkamp (Ontoegankelijk);Kasterlee;Tielen;Antwerpen;ObsMapp;J;Goedgekeurd op basis van bewijsmateriaal;1980-01-01;3;;2;Libellen;Libellulidae;2026-07-08;634;S;zeldzaam
285853003;285853003;Zwarte heidelibel;Sympetrum danae;2023-08-26;8;2023-08-26;1;ter plaatse;gezien;imago;Man;189023.441660244;217411.5463588219;4.92784882;51.26526642;FS3481;Tielen - Tielenkamp (Ontoegankelijk);Kasterlee;Tielen;Antwerpen;ObsMapp;J;Goedgekeurd op basis van kennisregels - nabijheid;1980-01-01;3;;2;Libellen;Libellulidae;2026-07-08;634;S;zeldzaam
285852903;285852903;Zwarte heidelibel;Sympetrum danae;2023-08-26;8;2023-08-26;1;ter plaatse;gezien;imago;Man;188007.2867071177;217381.0657727504;4.91328764;51.26506042;FS3381;Tielen - Tielenkamp (Ontoegankelijk);Kasterlee;Tielen;Antwerpen;ObsMapp;J;Goedgekeurd op basis van expertoordeel;1980-01-01;3;;3;Libellen;Libellulidae;2026-07-08;634;S;zeldzaam
285546071;285546071;Zwarte heidelibel;Sympetrum danae;2023-08-23;8;2023-08-23;3;ter plaatse;gezien;imago;Man;223077.8055370711;216846.80941759705;5.415583610534668;51.25687789916992;FS6881;Neerpelt - Het Hageven;Neerpelt;Neerpelt;Limburg;ObsMapp;J;Goedgekeurd op basis van kennisregels - nabijheid;2023-11-23;3;;2;Libellen;Libellulidae;2026-07-08;634;S;zeldzaam
285546047;285546047;Zwarte heidelibel;Sympetrum danae;2023-08-23;8;2023-08-23;1;ter plaatse;gezien;imago;Man;223108.08324247133;217390.5347206416;5.41612720489502;51.26176071166992;FS6881;Neerpelt - Het Hageven;Lommel;Lommel;Limburg;ObsMapp;J;Goedgekeurd op basis van kennisregels - nabijheid;2023-11-23;3;;2;Libellen;Libellulidae;2026-07-08;634;S;zeldzaam
285196641;285196641;Zwarte heidelibel;Sympetrum danae;2023-08-14;8;2023-08-21;1;ter plaatse;gezien;imago;Vrouw;223056.77229642973;216924.1872795364;5.415297985076904;51.25757598876953;FS6881;Neerpelt - Het Hageven;Neerpelt;Neerpelt;Limburg;ObsMapp;J;Goedgekeurd op basis van kennisregels - nabijheid;2023-11-14;3;;4;Libellen;Libellulidae;2026-07-08;634;S;zeldzaam
285196638;285196638;Zwarte heidelibel;Sympetrum danae;2023-08-14;8;2023-08-21;1;ter plaatse;gezien;imago;Man;223032.8532437772;216927.67002759597;5.414956092834473;51.25761032104492;FS6881;Neerpelt - Het Hageven;Neerpelt;Neerpelt;Limburg;ObsMapp;J;Goedgekeurd op basis van kennisregels - nabijheid;2023-11-14;3;;4;Libellen;Libellulidae;2026-07-08;634;S;zeldzaam
285196636;285196636;Zwarte heidelibel;Sympetrum danae;2023-08-14;8;2023-08-21;1;ter plaatse;gezien;imago;Man;223058.09345202253;216955.61530739907;5.415323257446289;51.25785827636719;FS6881;Neerpelt - Het Hageven;Neerpelt;Neerpelt;Limburg;ObsMapp;J;Goedgekeurd op basis van kennisregels - nabijheid;2023-11-14;3;;3;Libellen;Libellulidae;2026-07-08;634;S;zeldzaam
285196471;285196471;Zwarte heidelibel;Sympetrum danae;2023-08-16;8;2023-08-21;1;ter plaatse;gezien;imago;Man;222526.78776313932;216685.41368270293;5.40765905380249;51.255496978759766;FS6880;Neerpelt - Het Hageven;Lommel;Lommel;Limburg;ObsMapp;J;Goedgekeurd op basis van kennisregels - nabijheid;2023-11-16;3;;3;Libellen;Libellulidae;2026-07-08;634;S;zeldzaam
222127153;222127153;Zwarte heidelibel;Sympetrum danae;2021-08-05;8;2021-08-05;1;ter plaatse;gezien;imago;Man;188146.28246213848;217362.56539015472;4.91527700424194;51.2648849487305;FS3381;Tielen - Tielenkamp (Ontoegankelijk);Kasterlee;Tielen;Antwerpen;ObsMapp;J;Goedgekeurd op basis van expertoordeel;2007-01-01;3;;3;Libellen;Libellulidae;2026-07-08;634;S;zeldzaam
222023042;222023042;Zwarte heidelibel;Sympetrum danae;2021-08-04;8;2021-08-04;1;ter plaatse;gezien;imago;Man;238061.8497918833;190622.5824614;5.62383699417114;51.0190963745117;FS8455;Niel-bij-As - Ruwmortelven;As;Niel-bij-As;Limburg;ObsMapp;J;Goedgekeurd op basis van expertoordeel;2007-01-01;3;;2;Libellen;Libellulidae;2026-07-08;634;S;zeldzaam
283862945;283862945;Zwarte heidelibel;Sympetrum danae;2023-08-11;8;2023-08-11;2;ter plaatse;gezien;imago;Man;205848.228033644;219961.64626528043;5.169276714324951;51.28680038452149;FS5183;Postel - Ronde Put;Mol;Mol;Antwerpen;ObsMapp;J;Goedgekeurd op basis van kennisregels - nabijheid;1980-01-01;3;;2;Libellen;Libellulidae;2026-07-08;634;S;zeldzaam
283862923;283862923;Zwarte heidelibel;Sympetrum danae;2023-08-11;8;2023-08-11;1;ter plaatse;gezien;imago;Man;205811.10342678116;219982.8921742765;5.168747901916504;51.28699493408203;FS5183;Postel - Ronde Put;Mol;Mol;Antwerpen;ObsMapp;J;Goedgekeurd op basis van kennisregels - nabijheid;1980-01-01;3;;2;Libellen;Libellulidae;2026-07-08;634;S;zeldzaam
283862831;283862831;Zwarte heidelibel;Sympetrum danae;2023-08-11;8;2023-08-11;1;ter plaatse;gezien;imago;Man;205663.55313521315;220314.063261115;5.166684150695801;51.28998565673828;FS5184;Postel - Ronde Put;Mol;Mol;Antwerpen;ObsMapp;J;Goedgekeurd op basis van kennisregels - nabijheid;1980-01-01;3;;3;Libellen;Libellulidae;2026-07-08;634;S;zeldzaam
283862820;283862820;Zwarte heidelibel;Sympetrum danae;2023-08-11;8;2023-08-11;1;ter plaatse;gezien;imago;Vrouw;205637.32185941533;220343.4919317225;5.1663126945495605;51.29025268554688;FS5184;Postel - Ronde Put;Mol;Mol;Antwerpen;ObsMapp;J;Goedgekeurd op basis van kennisregels - nabijheid;1980-01-01;3;;2;Libellen;Libellulidae;2026-07-08;634;S;zeldzaam
283862798;283862798;Zwarte heidelibel;Sympetrum danae;2023-08-11;8;2023-08-11;1;ter plaatse;gezien;imago;Man;205582.2746781424;220317.85851500745;5.165519714355469;51.2900276184082;FS5084;Postel - Ronde Put;Mol;Mol;Antwerpen;ObsMapp;J;Goedgekeurd op basis van kennisregels - nabijheid;1980-01-01;3;;2;Libellen;Libellulidae;2026-07-08;634;S;zeldzaam
283862796;283862796;Zwarte heidelibel;Sympetrum danae;2023-08-11;8;2023-08-11;1;ter plaatse;gezien;imago;Man;205571.21768982636;220319.01309088335;5.165361404418945;51.2900390625;FS5084;Postel - Ronde Put;Mol;Mol;Antwerpen;ObsMapp;J;Goedgekeurd op basis van kennisregels - nabijheid;1980-01-01;3;;2;Libellen;Libellulidae;2026-07-08;634;S;zeldzaam
283862781;283862781;Zwarte heidelibel;Sympetrum danae;2023-08-11;8;2023-08-11;1;ter plaatse;gezien;imago;Man;205439.97576153345;220306.9945068648;5.163478374481201;51.28994369506836;FS5084;Postel - Ronde Put;Mol;Mol;Antwerpen;ObsMapp;J;Goedgekeurd op basis van kennisregels - nabijheid;1980-01-01;3;;3;Libellen;Libellulidae;2026-07-08;634;S;zeldzaam
283862772;283862772;Zwarte heidelibel;Sympetrum danae;2023-08-11;8;2023-08-11;1;ter plaatse;gezien;imago, niet uitgekleurd;Man;205425.5850392922;220302.5959750982;5.163271427154541;51.2899055480957;FS5084;Postel - Ronde Put;Mol;Mol;Antwerpen;ObsMapp;J;Goedgekeurd op basis van kennisregels - nabijheid;1980-01-01;3;;3;Libellen;Libellulidae;2026-07-08;634;S;zeldzaam
283862770;283862770;Zwarte heidelibel;Sympetrum danae;2023-08-11;8;2023-08-11;1;ter plaatse;gezien;imago;Man;205430.11667921627;220289.48690284693;5.163334369659424;51.28978729248047;FS5084;Postel - Ronde Put;Mol;Mol;Antwerpen;ObsMapp;J;Goedgekeurd op basis van kennisregels - nabijheid;1980-01-01;3;;3;Libellen;Libellulidae;2026-07-08;634;S;zeldzaam
328629507;328629507;Zwarte heidelibel;Sympetrum danae;2024-09-20;9;2024-09-20;1;ter plaatse;gezien;imago;Man;189103.75210138864;217755.5102268085;4.929036617279053;51.26835250854492;FS3481;Tielen - Tielenkamp (Ontoegankelijk);Kasterlee;Tielen;Antwerpen;ObsMapp;J;Goedgekeurd op basis van expertoordeel;2024-12-20;3;;2;Libellen;Libellulidae;2026-07-08;634;S;zeldzaam
328629261;328629261;Zwarte heidelibel;Sympetrum danae;2024-09-20;9;2024-09-20;1;ter plaatse;gezien;imago;Man;188217.65677659435;217459.86007550824;4.916309833526611;51.26575469970703;FS3381;Tielen - Tielenkamp (Ontoegankelijk);Kasterlee;Tielen;Antwerpen;ObsMapp;J;Goedgekeurd op basis van expertoordeel;2024-12-20;3;;1;Libellen;Libellulidae;2026-07-08;634;S;zeldzaam
328532821;328532821;Zwarte heidelibel;Sympetrum danae;2024-09-19;9;2024-09-19;1;ter plaatse;gezien;imago;Vrouw;222995.07818269928;216766.2705919491;5.414382457733154;51.25616455078125;FS6881;Neerpelt - Het Hageven;Neerpelt;Neerpelt;Limburg;ObsMapp;J;Goedgekeurd op basis van kennisregels - nabijheid;2024-12-19;3;;3;Libellen;Libellulidae;2026-07-08;634;S;zeldzaam
328532803;328532803;Zwarte heidelibel;Sympetrum danae;2024-09-19;9;2024-09-19;1;ter plaatse;gezien;imago;Vrouw;223004.14205860888;216827.0948200449;5.414524555206299;51.25671005249024;FS6881;Neerpelt - Het Hageven;Neerpelt;Neerpelt;Limburg;ObsMapp;J;Goedgekeurd op basis van kennisregels - nabijheid;2024-12-19;3;;2;Libellen;Libellulidae;2026-07-08;634;S;zeldzaam
328532780;328532780;Zwarte heidelibel;Sympetrum danae;2024-09-19;9;2024-09-19;1;ter plaatse;gezien;imago;Man;223015.60313729604;216838.29209415987;5.414690971374512;51.25680923461914;FS6881;Neerpelt - Het Hageven;Neerpelt;Neerpelt;Limburg;ObsMapp;J;Goedgekeurd op basis van kennisregels - nabijheid;2024-12-19;3;;2;Libellen;Libellulidae;2026-07-08;634;S;zeldzaam
220550261;220550261;Zwarte heidelibel;Sympetrum danae;2021-07-20;7;2021-07-20;1;ter plaatse;gezien;imago;Man;188681.91295665305;219643.81940116547;4.923195;51.285353;FS3483;Turnhout - Tielen heide;Turnhout;Turnhout;Antwerpen;Site;J;Goedgekeurd op basis van expertoordeel;1980-01-01;3;;25;Libellen;Libellulidae;2026-07-08;634;S;zeldzaam
220436488;220436488;Zwarte heidelibel;Sympetrum danae;2021-07-19;7;2021-07-19;1;ter plaatse;gezien;imago;Vrouw;206623.4701566001;212015.34107524343;5.17914390563965;51.2153053283691;FS5276;Mol - Buitengoor;Mol;Mol;Antwerpen;ObsMapp;J;Goedgekeurd op basis van bewijsmateriaal;2007-01-01;3;;3;Libellen;Libellulidae;2026-07-08;634;S;zeldzaam
220436473;220436473;Zwarte heidelibel;Sympetrum danae;2021-07-19;7;2021-07-19;1;ter plaatse;gezien;imago;Vrouw;205942.9241155265;211945.560998396;5.16939401626587;51.2147445678711;FS5175;  ;Mol;Mol;Antwerpen;ObsMapp;J;Goedgekeurd op basis van bewijsmateriaal;2007-01-01;3;;3;Libellen;Libellulidae;2026-07-08;634;S;zeldzaam
220297378;220297378;Zwarte heidelibel;Sympetrum danae;2021-07-18;7;2021-07-18;1;ter plaatse;gezien;imago;Man;189869.0147605437;218940.3991245851;4.94013166427612;51.2789497375488;FS3582;Kasterlee - Bosreservaat Sevendonk (ANB);Turnhout;Turnhout;Antwerpen;ObsMapp;J;Goedgekeurd op basis van expertoordeel;2007-01-01;3;;2;Libellen;Libellulidae;2026-07-08;634;S;zeldzaam
316604998;316604998;Zwarte heidelibel;Sympetrum danae;2024-06-28;6;2024-06-28;15;ter plaatse;gezien;imago, niet uitgekleurd;onbekend;205847.9816952292;219975.2256483156;5.169275283813477;51.286922454833984;FS5183;Postel - Ronde Put;Mol;Mol;Antwerpen;ObsMapp;J;Goedgekeurd op basis van kennisregels - nabijheid;2024-09-28;3;;2;Libellen;Libellulidae;2026-07-08;634;S;zeldzaam
316605022;316605022;Zwarte heidelibel;Sympetrum danae;2024-06-28;6;2024-06-28;5;ter plaatse;gezien;imago, niet uitgekleurd;onbekend;205821.316413001;219961.35593969468;5.168890953063965;51.28680038452149;FS5183;Postel - Ronde Put;Mol;Mol;Antwerpen;ObsMapp;J;Goedgekeurd op basis van kennisregels - nabijheid;2024-09-28;3;;2;Libellen;Libellulidae;2026-07-08;634;S;zeldzaam
316605025;316605025;Zwarte heidelibel;Sympetrum danae;2024-06-28;6;2024-06-28;1;ter plaatse;gezien;imago;Man;205832.083992954;219959.3498909697;5.1690449714660645;51.28678131103516;FS5183;Postel - Ronde Put;Mol;Mol;Antwerpen;ObsMapp;J;Goedgekeurd op basis van kennisregels - nabijheid;2024-09-28;3;;2;Libellen;Libellulidae;2026-07-08;634;S;zeldzaam
316605028;316605028;Zwarte heidelibel;Sympetrum danae;2024-06-28;6;2024-06-28;5;ter plaatse;gezien;imago, niet uitgekleurd;onbekend;205832.083992954;219959.3498909697;5.1690449714660645;51.28678131103516;FS5183;Postel - Ronde Put;Mol;Mol;Antwerpen;ObsMapp;J;Goedgekeurd op basis van kennisregels - nabijheid;2024-09-28;3;;3;Libellen;Libellulidae;2026-07-08;634;S;zeldzaam
316605031;316605031;Zwarte heidelibel;Sympetrum danae;2024-06-28;6;2024-06-28;1;ter plaatse;gezien;imago, niet uitgekleurd;Man;205839.81070121384;219958.584371754;5.169155597686768;51.28677368164063;FS5183;Postel - Ronde Put;Mol;Mol;Antwerpen;ObsMapp;J;Goedgekeurd op basis van kennisregels - nabijheid;2024-09-28;3;;2;Libellen;Libellulidae;2026-07-08;634;S;zeldzaam
316605034;316605034;Zwarte heidelibel;Sympetrum danae;2024-06-28;6;2024-06-28;1;ter plaatse;gezien;imago;Man;205846.6758830063;219954.41405761708;5.169253349304199;51.28673553466797;FS5183;Postel - Ronde Put;Mol;Mol;Antwerpen;ObsMapp;J;Goedgekeurd op basis van kennisregels - nabijheid;2024-09-28;3;;2;Libellen;Libellulidae;2026-07-08;634;S;zeldzaam
332325075;332325075;Zwarte heidelibel;Sympetrum danae;2024-10-27;10;2024-10-27;1;ter plaatse;gezien;imago;Man;206713.33948027;222861.5026814789;5.182131767272949;51.31277847290039;FS5286;Postel - De Koninklijke Schenking;Mol;Mol;Antwerpen;ObsMapp;J;Goedgekeurd op basis van expertoordeel;2025-01-27;3;;2;Libellen;Libellulidae;2026-07-08;634;S;zeldzaam
278359318;278359318;Zwarte heidelibel;Sympetrum danae;2023-06-28;6;2023-06-28;1;ter plaatse;gezien;imago, niet uitgekleurd;Man;205603.32694364703;220321.48017442785;5.1658220291137695;51.29005813598633;FS5184;Postel - Ronde Put;Mol;Mol;Antwerpen;ObsMapp;J;Goedgekeurd op basis van kennisregels - automatische beeldherkenning (NIA);1980-01-01;3;;3;Libellen;Libellulidae;2026-07-08;634;S;zeldzaam
318515908;318515908;Zwarte heidelibel;Sympetrum danae;2024-07-11;7;2024-07-11;5;ter plaatse;gezien;imago;onbekend;204822.47091415897;220144.22293345537;5.154602527618408;51.28853988647461;FS5084;Postel - Omgeving Ronde Put;Mol;Mol;Antwerpen;ObsMapp;J;Goedgekeurd op basis van kennisregels - nabijheid;2024-10-11;3;;2;Libellen;Libellulidae;2026-07-08;634;S;zeldzaam
318515925;318515925;Zwarte heidelibel;Sympetrum danae;2024-07-11;7;2024-07-11;11;ter plaatse;gezien;imago;onbekend;205019.1890449974;220203.1852618931;5.157431125640869;51.2890510559082;FS5084;Postel - Ronde Put;Mol;Mol;Antwerpen;ObsMapp;J;Goedgekeurd op basis van kennisregels - nabijheid;2024-10-11;3;;2;Libellen;Libellulidae;2026-07-08;634;S;zeldzaam
318515931;318515931;Zwarte heidelibel;Sympetrum danae;2024-07-11;7;2024-07-11;5;ter plaatse;gezien;imago;onbekend;205206.0253115208;220274.35842007864;5.160120010375977;51.2896728515625;FS5084;Postel - Ronde Put;Mol;Mol;Antwerpen;ObsMapp;J;Goedgekeurd op basis van kennisregels - nabijheid;2024-10-11;3;;2;Libellen;Libellulidae;2026-07-08;634;S;zeldzaam
318515970;318515970;Zwarte heidelibel;Sympetrum danae;2024-07-11;7;2024-07-11;11;ter plaatse;gezien;imago;onbekend;205391.98623029023;220305.6317581609;5.162790298461914;51.28993606567383;FS5084;Postel - Ronde Put;Mol;Mol;Antwerpen;ObsMapp;J;Goedgekeurd op basis van kennisregels - nabijheid;2024-10-11;3;;2;Libellen;Libellulidae;2026-07-08;634;S;zeldzaam
318515988;318515988;Zwarte heidelibel;Sympetrum danae;2024-07-11;7;2024-07-11;11;ter plaatse;gezien;imago;onbekend;205433.49523203223;220318.8093788186;5.163387298583984;51.2900505065918;FS5084;Postel - Ronde Put;Mol;Mol;Antwerpen;ObsMapp;J;Goedgekeurd op basis van kennisregels - nabijheid;2024-10-11;3;;2;Libellen;Libellulidae;2026-07-08;634;S;zeldzaam
318516045;318516045;Zwarte heidelibel;Sympetrum danae;2024-07-11;7;2024-07-11;5;ter plaatse;gezien;imago;onbekend;205442.71409860693;220299.8083798792;5.163516521453857;51.28987884521485;FS5084;Postel - Ronde Put;Mol;Mol;Antwerpen;ObsMapp;J;Goedgekeurd op basis van kennisregels - nabijheid;2024-10-11;3;;2;Libellen;Libellulidae;2026-07-08;634;S;zeldzaam
318516046;318516046;Zwarte heidelibel;Sympetrum danae;2024-07-11;7;2024-07-11;11;ter plaatse;gezien;imago;onbekend;205457.3027030754;220310.57566454727;5.163727283477783;51.28997421264648;FS5084;Postel - Ronde Put;Mol;Mol;Antwerpen;ObsMapp;J;Goedgekeurd op basis van kennisregels - nabijheid;2024-10-11;3;;2;Libellen;Libellulidae;2026-07-08;634;S;zeldzaam
318516049;318516049;Zwarte heidelibel;Sympetrum danae;2024-07-11;7;2024-07-11;3;ter plaatse;gezien;imago;onbekend;205486.33898986163;220335.9288009191;5.16414737701416;51.29019927978516;FS5084;Postel - Ronde Put;Mol;Mol;Antwerpen;ObsMapp;J;Goedgekeurd op basis van kennisregels - nabijheid;2024-10-11;3;;2;Libellen;Libellulidae;2026-07-08;634;S;zeldzaam
318516061;318516061;Zwarte heidelibel;Sympetrum danae;2024-07-11;7;2024-07-11;3;ter plaatse;gezien;imago;onbekend;205566.33850901725;220321.08289616648;5.165291786193848;51.29005813598633;FS5084;Postel - Ronde Put;Mol;Mol;Antwerpen;ObsMapp;J;Goedgekeurd op basis van kennisregels - nabijheid;2024-10-11;3;;2;Libellen;Libellulidae;2026-07-08;634;S;zeldzaam
318516072;318516072;Zwarte heidelibel;Sympetrum danae;2024-07-11;7;2024-07-11;2;ter plaatse;gezien;imago;onbekend;205582.6829502317;220317.0140216872;5.165525436401367;51.29001998901367;FS5084;Postel - Ronde Put;Mol;Mol;Antwerpen;ObsMapp;J;Goedgekeurd op basis van kennisregels - nabijheid;2024-10-11;3;;1;Libellen;Libellulidae;2026-07-08;634;S;zeldzaam
318516109;318516109;Zwarte heidelibel;Sympetrum danae;2024-07-11;7;2024-07-11;1;ter plaatse;gezien;imago;Man;205653.8548053316;220346.64077481348;5.166550159454346;51.29027938842773;FS5184;Postel - Ronde Put;Mol;Mol;Antwerpen;ObsMapp;J;Goedgekeurd op basis van kennisregels - nabijheid;2024-10-11;3;;2;Libellen;Libellulidae;2026-07-08;634;S;zeldzaam
318516124;318516124;Zwarte heidelibel;Sympetrum danae;2024-07-11;7;2024-07-11;1;ter plaatse;gezien;imago;Man;205654.26888561968;220326.6965853032;5.166553020477295;51.29010009765625;FS5184;Postel - Ronde Put;Mol;Mol;Antwerpen;ObsMapp;J;Goedgekeurd op basis van kennisregels - nabijheid;2024-10-11;3;;3;Libellen;Libellulidae;2026-07-08;634;S;zeldzaam
318516143;318516143;Zwarte heidelibel;Sympetrum danae;2024-07-11;7;2024-07-11;1;ter plaatse;gezien;imago;Vrouw;205659.27789750183;220328.02377234027;5.166625022888184;51.29011154174805;FS5184;Postel - Ronde Put;Mol;Mol;Antwerpen;ObsMapp;J;Goedgekeurd op basis van kennisregels - nabijheid;2024-10-11;3;;2;Libellen;Libellulidae;2026-07-08;634;S;zeldzaam
318516154;318516154;Zwarte heidelibel;Sympetrum danae;2024-07-11;7;2024-07-11;1;ter plaatse;gezien;imago;Vrouw;205664.0299328363;220328.4993218314;5.166693210601807;51.29011535644531;FS5184;Postel - Ronde Put;Mol;Mol;Antwerpen;ObsMapp;J;Goedgekeurd op basis van kennisregels - nabijheid;2024-10-11;3;;3;Libellen;Libellulidae;2026-07-08;634;S;zeldzaam
318516182;318516182;Zwarte heidelibel;Sympetrum danae;2024-07-11;7;2024-07-11;1;ter plaatse;gezien;imago;Man;205734.4449077151;220100.90895302317;5.167667388916016;51.288063049316406;FS5184;Postel - Ronde Put;Mol;Mol;Antwerpen;ObsMapp;J;Goedgekeurd op basis van kennisregels - nabijheid;2024-10-11;3;;2;Libellen;Libellulidae;2026-07-08;634;S;zeldzaam
200482442;200482442;Zwarte heidelibel;Sympetrum danae;2020-09-21;9;2020-09-21;1;ter plaatse;onbekend;imago;Man;153988.89405540633;233035.22814097532;4.426083;51.407001;ES9996;Grenspark Kalmthoutse Heide - Drielingvennen;Kalmthout;Kalmthout;Antwerpen;ObsMapp;J;Goedgekeurd op basis van bewijsmateriaal;2007-01-01;4;;25;Libellen;Libellulidae;2026-07-08;634;S;zeldzaam
200482444;200482444;Zwarte heidelibel;Sympetrum danae;2020-09-21;9;2020-09-21;1;ter plaatse;onbekend;imago;Man;154256.50610116703;232805.01774245035;4.429926;51.40493;ES9995;Grenspark Kalmthoutse Heide - Drielingvennen;Kalmthout;Kalmthout;Antwerpen;ObsMapp;J;Goedgekeurd op basis van bewijsmateriaal;2007-01-01;4;;25;Libellen;Libellulidae;2026-07-08;634;S;zeldzaam
278359305;278359305;Zwarte heidelibel;Sympetrum danae;2023-06-28;6;2023-06-28;1;ter plaatse;gezien;imago, niet uitgekleurd;Man;205646.6770132631;220308.7885026997;5.166441440582275;51.28993988037109;FS5184;Postel - Ronde Put;Mol;Mol;Antwerpen;ObsMapp;J;Goedgekeurd op basis van kennisregels - nabijheid;1980-01-01;3;;3;Libellen;Libellulidae;2026-07-08;634;S;zeldzaam
331168998;331168998;Zwarte heidelibel;Sympetrum danae;2024-10-17;10;2024-10-17;1;ter plaatse;gezien;imago;Man;205830.42649732064;220008.1424724404;5.169028759002686;51.2872200012207;FS5184;Postel - Ronde Put;Mol;Mol;Antwerpen;ObsMapp;J;Goedgekeurd op basis van kennisregels - automatische beeldherkenning (NIA);2025-01-17;3;;2;Libellen;Libellulidae;2026-07-08;634;S;zeldzaam
331168987;331168987;Zwarte heidelibel;Sympetrum danae;2024-10-17;10;2024-10-17;1;ter plaatse;gezien;imago;Man;205858.59060836412;220015.66182643268;5.16943359375;51.28728485107422;FS5184;Postel - Ronde Put;Mol;Mol;Antwerpen;ObsMapp;J;Goedgekeurd op basis van kennisregels - automatische beeldherkenning (NIA);2025-01-17;3;;2;Libellen;Libellulidae;2026-07-08;634;S;zeldzaam
331168979;331168979;Zwarte heidelibel;Sympetrum danae;2024-10-17;10;2024-10-17;1;ter plaatse;gezien;imago;Man;205963.4107755916;219985.810150072;5.170931339263916;51.28700637817383;FS5183;Postel - Ronde Put;Mol;Mol;Antwerpen;ObsMapp;J;Goedgekeurd op basis van kennisregels - automatische beeldherkenning (NIA);2025-01-17;3;;2;Libellen;Libellulidae;2026-07-08;634;S;zeldzaam
278359281;278359281;Zwarte heidelibel;Sympetrum danae;2023-06-28;6;2023-06-28;1;ter plaatse;gezien;imago, niet uitgekleurd;Vrouw;205658.9890918329;220373.43566378485;5.166627883911133;51.29051971435547;FS5184;Postel - Ronde Put;Mol;Mol;Antwerpen;ObsMapp;J;Goedgekeurd op basis van kennisregels - automatische beeldherkenning (NIA);1980-01-01;3;;2;Libellen;Libellulidae;2026-07-08;634;S;zeldzaam
278359270;278359270;Zwarte heidelibel;Sympetrum danae;2023-06-28;6;2023-06-28;1;ter plaatse;gezien;imago, niet uitgekleurd;Vrouw;205439.7426902688;220316.32966758776;5.163476467132568;51.2900276184082;FS5084;Postel - Ronde Put;Mol;Mol;Antwerpen;ObsMapp;J;Goedgekeurd op basis van kennisregels - nabijheid;1980-01-01;3;;1;Libellen;Libellulidae;2026-07-08;634;S;zeldzaam
278359259;278359259;Zwarte heidelibel;Sympetrum danae;2023-06-28;6;2023-06-28;1;ter plaatse;gezien;imago, niet uitgekleurd;Man;205433.6024513401;220324.3282341361;5.163389682769775;51.29010009765625;FS5084;Postel - Ronde Put;Mol;Mol;Antwerpen;ObsMapp;J;Goedgekeurd op basis van kennisregels - nabijheid;1980-01-01;3;;2;Libellen;Libellulidae;2026-07-08;634;S;zeldzaam
278359251;278359251;Zwarte heidelibel;Sympetrum danae;2023-06-28;6;2023-06-28;2;ter plaatse;gezien;imago, niet uitgekleurd;Vrouw;205427.8923834418;220298.3762973603;5.163303852081299;51.28986740112305;FS5084;Postel - Ronde Put;Mol;Mol;Antwerpen;ObsMapp;J;Goedgekeurd op basis van kennisregels - nabijheid;1980-01-01;3;;3;Libellen;Libellulidae;2026-07-08;634;S;zeldzaam
278359229;278359229;Zwarte heidelibel;Sympetrum danae;2023-06-28;6;2023-06-28;5;ter plaatse;gezien;imago, niet uitgekleurd;onbekend;205400.31416819335;220301.47651232037;5.162909030914307;51.28989791870117;FS5084;Postel - Ronde Put;Mol;Mol;Antwerpen;ObsMapp;J;Goedgekeurd op basis van kennisregels - nabijheid;1980-01-01;3;;4;Libellen;Libellulidae;2026-07-08;634;S;zeldzaam
278359205;278359205;Zwarte heidelibel;Sympetrum danae;2023-06-28;6;2023-06-28;1;ter plaatse;gezien;imago, niet uitgekleurd;Vrouw;205415.8040485317;220308.85781586543;5.163132190704346;51.28996276855469;FS5084;Postel - Ronde Put;Mol;Mol;Antwerpen;ObsMapp;J;Goedgekeurd op basis van kennisregels - automatische beeldherkenning (NIA);1980-01-01;3;;2;Libellen;Libellulidae;2026-07-08;634;S;zeldzaam
255220529;255220529;Zwarte heidelibel;Sympetrum danae;2022-09-21;9;2022-09-21;1;ter plaatse;gezien;imago;Man;204804.64672450573;220137.24314081852;5.15434598922729;51.2884788513184;FS5084;Postel - Omgeving Ronde Put;Mol;Mol;Antwerpen;ObsMapp;J;Goedgekeurd op basis van kennisregels - automatische beeldherkenning (NIA);2007-01-01;3;;2;Libellen;Libellulidae;2026-07-08;634;S;zeldzaam
255220531;255220531;Zwarte heidelibel;Sympetrum danae;2022-09-21;9;2022-09-21;1;ter plaatse;gezien;imago;Man;204790.6272195898;220135.39694620296;5.15414476394653;51.2884635925293;FS5084;Postel - Omgeving Ronde Put;Mol;Mol;Antwerpen;ObsMapp;J;Goedgekeurd op basis van kennisregels - nabijheid;2007-01-01;3;;4;Libellen;Libellulidae;2026-07-08;634;S;zeldzaam
255220533;255220533;Zwarte heidelibel;Sympetrum danae;2022-09-21;9;2022-09-21;1;ter plaatse;gezien;imago;Man;204773.35230635983;220133.09189671;5.15389680862427;51.288444519043;FS5084;Postel - Omgeving Ronde Put;Mol;Mol;Antwerpen;ObsMapp;J;Goedgekeurd op basis van kennisregels - automatische beeldherkenning (NIA);2007-01-01;3;;2;Libellen;Libellulidae;2026-07-08;634;S;zeldzaam
255220575;255220575;Zwarte heidelibel;Sympetrum danae;2022-09-21;9;2022-09-21;1;ter plaatse;gezien;imago;Vrouw;205512.5792162892;220327.29698466137;5.16452217102051;51.2901191711426;FS5084;Postel - Ronde Put;Mol;Mol;Antwerpen;ObsMapp;J;Goedgekeurd op basis van kennisregels - nabijheid;2007-01-01;3;;3;Libellen;Libellulidae;2026-07-08;634;S;zeldzaam
321032496;321032496;Zwarte heidelibel;Sympetrum danae;2024-07-24;7;2024-07-24;1;ter plaatse;gezien;imago;Man;188524.82192752493;219659.8039557645;4.920945167541504;51.28550720214844;FS3383;Turnhout - Tielen heide;Turnhout;Turnhout;Antwerpen;ObsMapp;J;Goedgekeurd op basis van expertoordeel;2024-10-24;3;;2;Libellen;Libellulidae;2026-07-08;634;S;zeldzaam
321032591;321032591;Zwarte heidelibel;Sympetrum danae;2024-07-24;7;2024-07-24;1;ter plaatse;gezien;imago;Man;188574.8875429509;219829.9472885374;4.921680927276611;51.28703308105469;FS3483;Turnhout - Tielen heide;Turnhout;Turnhout;Antwerpen;ObsMapp;J;Goedgekeurd op basis van expertoordeel;2024-10-24;3;;3;Libellen;Libellulidae;2026-07-08;634;S;zeldzaam
321713257;321713257;Zwarte heidelibel;Sympetrum danae;2024-07-27;7;2024-07-28;1;ter plaatse;gezien;imago, niet uitgekleurd;Man;222894.89416298983;216669.78277928103;5.412928104400635;51.25531005859375;FS6880;Neerpelt - Het Hageven;Neerpelt;Neerpelt;Limburg;ObsMapp;J;Goedgekeurd op basis van kennisregels - nabijheid;2024-10-27;3;;2;Libellen;Libellulidae;2026-07-08;634;S;zeldzaam
321839913;321839913;Zwarte heidelibel;Sympetrum danae;2024-07-29;7;2024-07-29;2;ter plaatse;gezien;imago;Man;188073.42622202504;216982.17179074604;4.914193153381348;51.26147079467773;FS3380;Tielen - Tielenkamp (Ontoegankelijk);Kasterlee;Tielen;Antwerpen;ObsMapp;J;Goedgekeurd op basis van expertoordeel;2024-10-29;3;;6;Libellen;Libellulidae;2026-07-08;634;S;zeldzaam
321840014;321840014;Zwarte heidelibel;Sympetrum danae;2024-07-29;7;2024-07-29;1;ter plaatse;gezien;imago;Man;189116.3762769201;217806.96080144867;4.92922306060791;51.26881408691406;FS3481;Tielen - Tielenkamp (Ontoegankelijk);Kasterlee;Tielen;Antwerpen;ObsMapp;J;Goedgekeurd op basis van expertoordeel;2024-10-29;3;;2;Libellen;Libellulidae;2026-07-08;634;S;zeldzaam
219697694;219697694;Zwarte heidelibel;Sympetrum danae;2021-07-11;7;2021-07-12;1;ter plaatse;onbekend;imago;onbekend;176571.7401142022;197378.1413759692;4.747988;51.085907;FS2260;Hallaar - Grote Netevallei - Moerbeemden;Heist-op-den-Berg;Hallaar;Antwerpen;Site;J;Goedgekeurd op basis van bewijsmateriaal;1980-01-01;3;;25;Libellen;Libellulidae;2026-07-08;634;S;zeldzaam
223614836;223614836;Zwarte heidelibel;Sympetrum danae;2021-08-21;8;2021-08-21;1;ter plaatse;gezien;imago;Man;188140.5945876711;217411.75640615917;4.91520071029663;51.2653274536133;FS3381;Tielen - Tielenkamp (Ontoegankelijk);Kasterlee;Tielen;Antwerpen;ObsMapp;J;Goedgekeurd op basis van expertoordeel;2007-01-01;3;;2;Libellen;Libellulidae;2026-07-08;634;S;zeldzaam
323370627;323370627;Zwarte heidelibel;Sympetrum danae;2024-08-08;8;2024-08-08;1;ter plaatse;gezien;imago;Man;207173.6426796951;218611.9714363087;5.1880598068237305;51.274539947509766;FS5282;Dessel/Mol - Groesgoor en Koemoek;Mol;Mol;Antwerpen;ObsMapp;J;Goedgekeurd op basis van expertoordeel;2024-11-08;3;;3;Libellen;Libellulidae;2026-07-08;634;S;zeldzaam
323370631;323370631;Zwarte heidelibel;Sympetrum danae;2024-08-08;8;2024-08-08;1;ter plaatse;gezien;imago;Man;207178.2292838179;218639.610551049;5.188129901885986;51.27478790283203;FS5282;Dessel/Mol - Groesgoor en Koemoek;Mol;Mol;Antwerpen;ObsMapp;J;Goedgekeurd op basis van expertoordeel;2024-11-08;3;;1;Libellen;Libellulidae;2026-07-08;634;S;zeldzaam
323370642;323370642;Zwarte heidelibel;Sympetrum danae;2024-08-08;8;2024-08-08;2;ter plaatse;gezien;imago;Man;207251.8056029617;218696.87394846324;5.189193248748779;51.27529525756836;FS5282;Dessel/Mol - Groesgoor en Koemoek;Mol;Mol;Antwerpen;ObsMapp;J;Goedgekeurd op basis van expertoordeel;2024-11-08;3;;2;Libellen;Libellulidae;2026-07-08;634;S;zeldzaam
323370660;323370660;Zwarte heidelibel;Sympetrum danae;2024-08-08;8;2024-08-08;1;ter plaatse;gezien;imago;Man;207224.50209426577;218662.19259651192;5.188796520233154;51.27498626708984;FS5282;Dessel/Mol - Groesgoor en Koemoek;Mol;Mol;Antwerpen;ObsMapp;J;Goedgekeurd op basis van expertoordeel;2024-11-08;3;;3;Libellen;Libellulidae;2026-07-08;634;S;zeldzaam
323370664;323370664;Zwarte heidelibel;Sympetrum danae;2024-08-08;8;2024-08-08;1;ter plaatse;gezien;imago;Man;207249.46839511517;218673.504012065;5.18915605545044;51.27508544921875;FS5282;Dessel/Mol - Groesgoor en Koemoek;Mol;Mol;Antwerpen;ObsMapp;J;Goedgekeurd op basis van expertoordeel;2024-11-08;3;;2;Libellen;Libellulidae;2026-07-08;634;S;zeldzaam
323370686;323370686;Zwarte heidelibel;Sympetrum danae;2024-08-08;8;2024-08-08;1;ter plaatse;gezien;imago;Man;207259.8514110147;218685.50310665555;5.189306735992432;51.27519226074219;FS5282;Dessel/Mol - Groesgoor en Koemoek;Mol;Mol;Antwerpen;ObsMapp;J;Goedgekeurd op basis van expertoordeel;2024-11-08;3;;3;Libellen;Libellulidae;2026-07-08;634;S;zeldzaam
323370725;323370725;Zwarte heidelibel;Sympetrum danae;2024-08-08;8;2024-08-08;1;ter plaatse;gezien;imago;Man;207294.4080140144;218648.1104524909;5.189795970916748;51.27485275268555;FS5282;Dessel/Mol - Groesgoor en Koemoek;Mol;Mol;Antwerpen;ObsMapp;J;Goedgekeurd op basis van expertoordeel;2024-11-08;3;;2;Libellen;Libellulidae;2026-07-08;634;S;zeldzaam
323370729;323370729;Zwarte heidelibel;Sympetrum danae;2024-08-08;8;2024-08-08;1;ter plaatse;gezien;imago;Vrouw;207298.62438305;218649.00599310547;5.18985652923584;51.27486038208008;FS5282;Dessel/Mol - Groesgoor en Koemoek;Mol;Mol;Antwerpen;ObsMapp;J;Goedgekeurd op basis van expertoordeel;2024-11-08;3;;3;Libellen;Libellulidae;2026-07-08;634;S;zeldzaam
323370730;323370730;Zwarte heidelibel;Sympetrum danae;2024-08-08;8;2024-08-08;1;ter plaatse;gezien;imago;Man;207298.62438305;218649.00599310547;5.18985652923584;51.27486038208008;FS5282;Dessel/Mol - Groesgoor en Koemoek;Mol;Mol;Antwerpen;ObsMapp;J;Goedgekeurd op basis van expertoordeel;2024-11-08;3;;3;Libellen;Libellulidae;2026-07-08;634;S;zeldzaam
323370739;323370739;Zwarte heidelibel;Sympetrum danae;2024-08-08;8;2024-08-08;1;ter plaatse;gezien;imago;Man;207305.36210917463;218665.63365210316;5.189955711364746;51.27500915527344;FS5282;Dessel/Mol - Groesgoor en Koemoek;Mol;Mol;Antwerpen;ObsMapp;J;Goedgekeurd op basis van expertoordeel;2024-11-08;3;;2;Libellen;Libellulidae;2026-07-08;634;S;zeldzaam
323370740;323370740;Zwarte heidelibel;Sympetrum danae;2024-08-08;8;2024-08-08;1;ter plaatse;gezien;imago;Man;207308.4225046305;218659.725397069;5.189998626708984;51.27495574951172;FS5282;Dessel/Mol - Groesgoor en Koemoek;Mol;Mol;Antwerpen;ObsMapp;J;Goedgekeurd op basis van expertoordeel;2024-11-08;3;;3;Libellen;Libellulidae;2026-07-08;634;S;zeldzaam
323370744;323370744;Zwarte heidelibel;Sympetrum danae;2024-08-08;8;2024-08-08;1;ter plaatse;gezien;imago;Man;207317.2432789176;218611.4371193284;5.190117359161377;51.27452087402344;FS5282;Dessel/Mol - Groesgoor en Koemoek;Mol;Mol;Antwerpen;ObsMapp;J;Goedgekeurd op basis van expertoordeel;2024-11-08;3;;2;Libellen;Libellulidae;2026-07-08;634;S;zeldzaam
323370758;323370758;Zwarte heidelibel;Sympetrum danae;2024-08-08;8;2024-08-08;2;ter plaatse;gezien;imago;Man;207328.2622010657;218578.02853007612;5.190269947052002;51.27421951293945;FS5282;Dessel/Mol - Groesgoor en Koemoek;Mol;Mol;Antwerpen;ObsMapp;J;Goedgekeurd op basis van expertoordeel;2024-11-08;3;;4;Libellen;Libellulidae;2026-07-08;634;S;zeldzaam
323370811;323370811;Zwarte heidelibel;Sympetrum danae;2024-08-08;8;2024-08-08;1;ter plaatse;gezien;imago;Man;207368.4709577556;218493.1619251864;5.190832614898682;51.27345275878906;FS5282;Dessel/Mol - Groesgoor en Koemoek;Mol;Mol;Antwerpen;ObsMapp;J;Goedgekeurd op basis van expertoordeel;2024-11-08;3;;3;Libellen;Libellulidae;2026-07-08;634;S;zeldzaam
323370821;323370821;Zwarte heidelibel;Sympetrum danae;2024-08-08;8;2024-08-08;2;ter plaatse;gezien;imago;Man;207385.6759199261;218469.15964834765;5.191075325012207;51.27323532104492;FS5282;Dessel/Mol - Groesgoor en Koemoek;Mol;Mol;Antwerpen;ObsMapp;J;Goedgekeurd op basis van expertoordeel;2024-11-08;3;;3;Libellen;Libellulidae;2026-07-08;634;S;zeldzaam
323370826;323370826;Zwarte heidelibel;Sympetrum danae;2024-08-08;8;2024-08-08;1;ter plaatse;gezien;imago;Man;207357.27507737672;218443.3786581289;5.190664291381836;51.27300643920898;FS5282;Dessel/Mol - Groesgoor en Koemoek;Mol;Mol;Antwerpen;ObsMapp;J;Goedgekeurd op basis van expertoordeel;2024-11-08;3;;2;Libellen;Libellulidae;2026-07-08;634;S;zeldzaam
323370833;323370833;Zwarte heidelibel;Sympetrum danae;2024-08-08;8;2024-08-08;1;ter plaatse;gezien;imago;Vrouw;207357.27507737672;218443.3786581289;5.190664291381836;51.27300643920898;FS5282;Dessel/Mol - Groesgoor en Koemoek;Mol;Mol;Antwerpen;ObsMapp;J;Goedgekeurd op basis van expertoordeel;2024-11-08;3;;2;Libellen;Libellulidae;2026-07-08;634;S;zeldzaam
323370838;323370838;Zwarte heidelibel;Sympetrum danae;2024-08-08;8;2024-08-08;1;ter plaatse;gezien;imago;Vrouw;207356.65189116533;218439.55181463063;5.190654754638672;51.2729721069336;FS5282;Dessel/Mol - Groesgoor en Koemoek;Mol;Mol;Antwerpen;ObsMapp;J;Goedgekeurd op basis van expertoordeel;2024-11-08;3;;1;Libellen;Libellulidae;2026-07-08;634;S;zeldzaam
323370841;323370841;Zwarte heidelibel;Sympetrum danae;2024-08-08;8;2024-08-08;1;ter plaatse;gezien;imago;Man;207356.6642149684;218439.98510851804;5.1906549999999925;51.272976;FS5282;Dessel/Mol - Groesgoor en Koemoek;Mol;Mol;Antwerpen;ObsMapp;J;Goedgekeurd op basis van kennisregels - automatische beeldherkenning (NIA);2024-11-08;3;;2;Libellen;Libellulidae;2026-07-08;634;S;zeldzaam
323370845;323370845;Zwarte heidelibel;Sympetrum danae;2024-08-08;8;2024-08-08;2;ter plaatse;gezien;imago;Man;207369.6635100477;218448.60917446297;5.190842628479004;51.27305221557617;FS5282;Dessel/Mol - Groesgoor en Koemoek;Mol;Mol;Antwerpen;ObsMapp;J;Goedgekeurd op basis van expertoordeel;2024-11-08;3;;2;Libellen;Libellulidae;2026-07-08;634;S;zeldzaam
323370851;323370851;Zwarte heidelibel;Sympetrum danae;2024-08-08;8;2024-08-08;1;ter plaatse;gezien;imago;Man;207393.2767053216;218467.97059011276;5.191184043884277;51.273223876953125;FS5282;Dessel/Mol - Groesgoor en Koemoek;Mol;Mol;Antwerpen;ObsMapp;J;Goedgekeurd op basis van expertoordeel;2024-11-08;3;;2;Libellen;Libellulidae;2026-07-08;634;S;zeldzaam
323370855;323370855;Zwarte heidelibel;Sympetrum danae;2024-08-08;8;2024-08-08;1;ter plaatse;gezien;imago;Man;207389.95024963093;218476.84690835327;5.191137790679932;51.2733039855957;FS5282;Dessel/Mol - Groesgoor en Koemoek;Mol;Mol;Antwerpen;ObsMapp;J;Goedgekeurd op basis van expertoordeel;2024-11-08;3;;2;Libellen;Libellulidae;2026-07-08;634;S;zeldzaam
323370866;323370866;Zwarte heidelibel;Sympetrum danae;2024-08-08;8;2024-08-08;1;ter plaatse;gezien;imago;Man;207392.01466033523;218488.75405166575;5.191169261932373;51.27341079711914;FS5282;Dessel/Mol - Groesgoor en Koemoek;Mol;Mol;Antwerpen;ObsMapp;J;Goedgekeurd op basis van expertoordeel;2024-11-08;3;;2;Libellen;Libellulidae;2026-07-08;634;S;zeldzaam
323370872;323370872;Zwarte heidelibel;Sympetrum danae;2024-08-08;8;2024-08-08;1;ter plaatse;gezien;imago;Man;207401.78836294197;218492.6823485568;5.191309928894043;51.27344512939453;FS5282;Dessel/Mol - Groesgoor en Koemoek;Mol;Mol;Antwerpen;ObsMapp;J;Goedgekeurd op basis van expertoordeel;2024-11-08;3;;3;Libellen;Libellulidae;2026-07-08;634;S;zeldzaam
323370874;323370874;Zwarte heidelibel;Sympetrum danae;2024-08-08;8;2024-08-08;1;ter plaatse;gezien;imago;Man;207388.45093693724;218501.02324376252;5.191120147705078;51.27352142333984;FS5282;Dessel/Mol - Groesgoor en Koemoek;Mol;Mol;Antwerpen;ObsMapp;J;Goedgekeurd op basis van expertoordeel;2024-11-08;3;;2;Libellen;Libellulidae;2026-07-08;634;S;zeldzaam
323370888;323370888;Zwarte heidelibel;Sympetrum danae;2024-08-08;8;2024-08-08;1;ter plaatse;gezien;imago;Man;207367.73449814392;218535.59754789155;5.190828800201416;51.273834228515625;FS5282;Dessel/Mol - Groesgoor en Koemoek;Mol;Mol;Antwerpen;ObsMapp;J;Goedgekeurd op basis van expertoordeel;2024-11-08;3;;2;Libellen;Libellulidae;2026-07-08;634;S;zeldzaam
323370901;323370901;Zwarte heidelibel;Sympetrum danae;2024-08-08;8;2024-08-08;1;ter plaatse;gezien;imago;Man;207354.6992263134;218525.69104993343;5.190640449523926;51.27374649047852;FS5282;Dessel/Mol - Groesgoor en Koemoek;Mol;Mol;Antwerpen;ObsMapp;J;Goedgekeurd op basis van expertoordeel;2024-11-08;3;;2;Libellen;Libellulidae;2026-07-08;634;S;zeldzaam
323370902;323370902;Zwarte heidelibel;Sympetrum danae;2024-08-08;8;2024-08-08;1;ter plaatse;gezien;imago;Man;207348.5774504412;218531.56536342856;5.190553665161133;51.27379989624024;FS5282;Dessel/Mol - Groesgoor en Koemoek;Mol;Mol;Antwerpen;ObsMapp;J;Goedgekeurd op basis van expertoordeel;2024-11-08;3;;3;Libellen;Libellulidae;2026-07-08;634;S;zeldzaam
323370909;323370909;Zwarte heidelibel;Sympetrum danae;2024-08-08;8;2024-08-08;1;ter plaatse;gezien;imago;Man;207342.8950638865;218515.7982214978;5.190469741821289;51.273658752441406;FS5282;Dessel/Mol - Groesgoor en Koemoek;Mol;Mol;Antwerpen;ObsMapp;J;Goedgekeurd op basis van expertoordeel;2024-11-08;3;;2;Libellen;Libellulidae;2026-07-08;634;S;zeldzaam
323370914;323370914;Zwarte heidelibel;Sympetrum danae;2024-08-08;8;2024-08-08;1;ter plaatse;gezien;imago;Man;207335.22348666048;218520.3820714457;5.1903605461120605;51.27370071411133;FS5282;Dessel/Mol - Groesgoor en Koemoek;Mol;Mol;Antwerpen;ObsMapp;J;Goedgekeurd op basis van expertoordeel;2024-11-08;3;;3;Libellen;Libellulidae;2026-07-08;634;S;zeldzaam
323370919;323370919;Zwarte heidelibel;Sympetrum danae;2024-08-08;8;2024-08-08;1;ter plaatse;gezien;imago;Man;207308.1000330761;218520.5061962996;5.189971923828125;51.273704528808594;FS5282;Dessel/Mol - Groesgoor en Koemoek;Mol;Mol;Antwerpen;ObsMapp;J;Goedgekeurd op basis van expertoordeel;2024-11-08;3;;3;Libellen;Libellulidae;2026-07-08;634;S;zeldzaam
323370921;323370921;Zwarte heidelibel;Sympetrum danae;2024-08-08;8;2024-08-08;1;ter plaatse;gezien;imago;Man;207337.08969142832;218505.1229784777;5.190384864807129;51.273563385009766;FS5282;Dessel/Mol - Groesgoor en Koemoek;Mol;Mol;Antwerpen;ObsMapp;J;Goedgekeurd op basis van expertoordeel;2024-11-08;3;;2;Libellen;Libellulidae;2026-07-08;634;S;zeldzaam
323370956;323370956;Zwarte heidelibel;Sympetrum danae;2024-08-08;8;2024-08-08;1;ter plaatse;gezien;imago;Man;207331.4038398681;218462.61623529345;5.190296649932861;51.2731819152832;FS5282;Dessel/Mol - Groesgoor en Koemoek;Mol;Mol;Antwerpen;ObsMapp;J;Goedgekeurd op basis van expertoordeel;2024-11-08;3;;3;Libellen;Libellulidae;2026-07-08;634;S;zeldzaam
323370978;323370978;Zwarte heidelibel;Sympetrum danae;2024-08-08;8;2024-08-08;1;ter plaatse;gezien;imago;Man;207326.51014220028;218444.73566212505;5.190223693847656;51.27302169799805;FS5282;Dessel/Mol - Groesgoor en Koemoek;Mol;Mol;Antwerpen;ObsMapp;J;Goedgekeurd op basis van expertoordeel;2024-11-08;3;;3;Libellen;Libellulidae;2026-07-08;634;S;zeldzaam
323371004;323371004;Zwarte heidelibel;Sympetrum danae;2024-08-08;8;2024-08-08;1;ter plaatse;gezien;imago;Man;207347.35874615985;218440.29774280544;5.190521717071533;51.272979736328125;FS5282;Dessel/Mol - Groesgoor en Koemoek;Mol;Mol;Antwerpen;ObsMapp;J;Goedgekeurd op basis van expertoordeel;2024-11-08;3;;3;Libellen;Libellulidae;2026-07-08;634;S;zeldzaam
323371030;323371030;Zwarte heidelibel;Sympetrum danae;2024-08-08;8;2024-08-08;1;ter plaatse;gezien;imago, niet uitgekleurd;Man;207344.1400955827;218436.4421520047;5.190474987030029;51.272945404052734;FS5282;Dessel/Mol - Groesgoor en Koemoek;Mol;Mol;Antwerpen;ObsMapp;J;Goedgekeurd op basis van expertoordeel;2024-11-08;3;;2;Libellen;Libellulidae;2026-07-08;634;S;zeldzaam
323371038;323371038;Zwarte heidelibel;Sympetrum danae;2024-08-08;8;2024-08-08;1;ter plaatse;gezien;imago;Man;207344.1400955827;218436.4421520047;5.190474987030029;51.272945404052734;FS5282;Dessel/Mol - Groesgoor en Koemoek;Mol;Mol;Antwerpen;ObsMapp;J;Goedgekeurd op basis van expertoordeel;2024-11-08;3;;2;Libellen;Libellulidae;2026-07-08;634;S;zeldzaam
323371113;323371113;Zwarte heidelibel;Sympetrum danae;2024-08-08;8;2024-08-08;1;ter plaatse;gezien;imago;Man;207323.04264033292;218391.21812512356;5.190165519714356;51.27254104614258;FS5282;Dessel/Mol - Groesgoor en Koemoek;Mol;Mol;Antwerpen;ObsMapp;J;Goedgekeurd op basis van expertoordeel;2024-11-08;3;;3;Libellen;Libellulidae;2026-07-08;634;S;zeldzaam
323371201;323371201;Zwarte heidelibel;Sympetrum danae;2024-08-07;8;2024-08-08;1;ter plaatse;gezien;imago;onbekend;223049.174017266;216922.38230971716;5.415188789367676;51.25756072998047;FS6881;Neerpelt - Het Hageven;Neerpelt;Neerpelt;Limburg;ObsMapp;J;Goedgekeurd op basis van kennisregels - nabijheid;2024-11-07;3;;2;Libellen;Libellulidae;2026-07-08;634;S;zeldzaam
323371234;323371234;Zwarte heidelibel;Sympetrum danae;2024-08-07;8;2024-08-08;1;ter plaatse;gezien;imago;Man;223089.69010585343;216898.7601492973;5.415764331817627;51.25734329223633;FS6881;Neerpelt - Het Hageven;Neerpelt;Neerpelt;Limburg;ObsMapp;J;Goedgekeurd op basis van kennisregels - nabijheid;2024-11-07;3;;3;Libellen;Libellulidae;2026-07-08;634;S;zeldzaam
323371236;323371236;Zwarte heidelibel;Sympetrum danae;2024-08-07;8;2024-08-08;1;ter plaatse;gezien;imago;Man;223089.1605704364;216858.4298129836;5.415748596191406;51.256980895996094;FS6881;Neerpelt - Het Hageven;Neerpelt;Neerpelt;Limburg;ObsMapp;J;Goedgekeurd op basis van kennisregels - nabijheid;2024-11-07;3;;2;Libellen;Libellulidae;2026-07-08;634;S;zeldzaam
325094125;325094125;Zwarte heidelibel;Sympetrum danae;2024-08-18;8;2024-08-19;1;ter plaatse;gezien;imago;Man;207396.29633148585;218477.76613519248;5.191228866577148;51.27331161499024;FS5282;Dessel/Mol - Groesgoor en Koemoek;Mol;Mol;Antwerpen;ObsMapp;J;Goedgekeurd op basis van expertoordeel;2024-11-18;3;;2;Libellen;Libellulidae;2026-07-08;634;S;zeldzaam
325094157;325094157;Zwarte heidelibel;Sympetrum danae;2024-08-18;8;2024-08-19;1;ter plaatse;gezien;imago;Man;207328.55302571272;218584.82275698983;5.190275192260742;51.2742805480957;FS5282;Dessel/Mol - Groesgoor en Koemoek;Mol;Mol;Antwerpen;ObsMapp;J;Goedgekeurd op basis van expertoordeel;2024-11-18;3;;1;Libellen;Libellulidae;2026-07-08;634;S;zeldzaam
325094176;325094176;Zwarte heidelibel;Sympetrum danae;2024-08-18;8;2024-08-19;1;ter plaatse;gezien;imago;Vrouw;207327.7459612355;218555.52760586515;5.190258979797363;51.274017333984375;FS5282;Dessel/Mol - Groesgoor en Koemoek;Mol;Mol;Antwerpen;ObsMapp;J;Goedgekeurd op basis van expertoordeel;2024-11-18;3;;2;Libellen;Libellulidae;2026-07-08;634;S;zeldzaam
325094186;325094186;Zwarte heidelibel;Sympetrum danae;2024-08-18;8;2024-08-19;1;ter plaatse;gezien;imago;Man;207323.9840578336;218540.63062577788;5.190202713012695;51.27388381958008;FS5282;Dessel/Mol - Groesgoor en Koemoek;Mol;Mol;Antwerpen;ObsMapp;J;Goedgekeurd op basis van expertoordeel;2024-11-18;3;;2;Libellen;Libellulidae;2026-07-08;634;S;zeldzaam
223496713;223496713;Zwarte heidelibel;Sympetrum danae;2021-08-20;8;2021-08-20;1;ter plaatse;gezien;imago, niet uitgekleurd;Man;222817.64435775197;216767.5932458155;5.41184139251709;51.2561988830566;FS6881;Neerpelt - Het Hageven;Neerpelt;Neerpelt;Limburg;ObsMapp;J;Goedgekeurd op basis van expertoordeel;2007-01-01;3;;3;Libellen;Libellulidae;2026-07-08;634;S;zeldzaam
223496654;223496654;Zwarte heidelibel;Sympetrum danae;2021-08-20;8;2021-08-20;1;ter plaatse;gezien;imago;Man;223033.06518439413;216796.9420732809;5.41493272781372;51.2564353942871;FS6881;Neerpelt - Het Hageven;Neerpelt;Neerpelt;Limburg;ObsMapp;J;Goedgekeurd op basis van expertoordeel;2007-01-01;3;;2;Libellen;Libellulidae;2026-07-08;634;S;zeldzaam
223496631;223496631;Zwarte heidelibel;Sympetrum danae;2021-08-20;8;2021-08-20;1;ter plaatse;gezien;imago;Man;222975.6255304248;216774.06106417347;5.41410541534424;51.2562370300293;FS6881;Neerpelt - Het Hageven;Neerpelt;Neerpelt;Limburg;ObsMapp;J;Goedgekeurd op basis van expertoordeel;2007-01-01;3;;2;Libellen;Libellulidae;2026-07-08;634;S;zeldzaam
248299935;248299935;Zwarte heidelibel;Sympetrum danae;2022-06-29;6;2022-07-08;1;ter plaatse;onbekend;onbekend;onbekend;205418.96258845215;220305.92056563497;5.16317701339722;51.2899360656738;FS5084;Postel - Ronde Put;Mol;Mol;Antwerpen;ObsMapp;J;Goedgekeurd op basis van kennisregels - automatische beeldherkenning (NIA);2007-01-01;3;;3;Libellen;Libellulidae;2026-07-08;634;S;zeldzaam
283315704;283315704;Zwarte heidelibel;Sympetrum danae;2023-08-07;8;2023-08-07;1;ter plaatse;onbekend;onbekend;onbekend;154345.5136615446;232824.20502295904;4.4312052726745605;51.40510177612305;ES9995;Grenspark Kalmthoutse Heide - Drielingvennen;Kalmthout;Kalmthout;Antwerpen;ObsMapp;J;Goedgekeurd op basis van kennisregels - nabijheid;1980-01-01;4;;4;Libellen;Libellulidae;2026-07-08;634;S;zeldzaam
197190387;197190387;Zwarte heidelibel;Sympetrum danae;2020-07-26;7;2020-07-27;1;ter plaatse;gezien;imago;Vrouw;187215.4849320313;232306.59835319876;4.9034858;51.399259;FS3295;Baarle Hertog - Merkske - Kerkemoer;Baarle-Hertog;Baarle-Hertog;Antwerpen;Site;J;Goedgekeurd op basis van bewijsmateriaal;1980-01-01;3;;30;Libellen;Libellulidae;2026-07-08;634;S;zeldzaam
197969756;197969756;Zwarte heidelibel;Sympetrum danae;2020-08-04;8;2020-08-07;1;ter plaatse;gezien;imago;Man;188693.7393403832;219760.3977507092;4.923377;51.2864;FS3483;Turnhout - Tielen heide;Turnhout;Turnhout;Antwerpen;Site;J;Goedgekeurd op basis van expertoordeel;1980-01-01;3;;25;Libellen;Libellulidae;2026-07-08;634;S;zeldzaam
226264531;226264531;Zwarte heidelibel;Sympetrum danae;2021-09-24;9;2021-09-24;1;ter plaatse;onbekend;imago;Vrouw;210729.0246724081;206817.7107474348;5.2370263;51.168172;FS5670;Balen - De Most;Balen;Balen;Antwerpen;Site;J;Goedgekeurd op basis van kennisregels - automatische beeldherkenning (NIA);1980-01-01;3;;15;Libellen;Libellulidae;2026-07-08;634;S;zeldzaam
224048826;224048826;Zwarte heidelibel;Sympetrum danae;2021-08-15;8;2021-08-26;1;ter plaatse;onbekend;imago;Man;189328.66372436692;229318.9889014028;4.9335207;51.372267;FS3492;Zwartwater;Turnhout;Turnhout;Antwerpen;Site;J;Goedgekeurd op basis van bewijsmateriaal;1980-01-01;3;;7;Libellen;Libellulidae;2026-07-08;634;S;zeldzaam
321209279;321209279;Zwarte heidelibel;Sympetrum danae;2024-07-25;7;2024-07-25;1;ter plaatse;onbekend;imago;Vrouw;210981.98914423675;207471.3176278612;5.240752537065418;51.17401991479919;FS5671;Balen - De Most;Balen;Balen;Antwerpen;Site;J;Goedgekeurd op basis van bewijsmateriaal;1980-01-01;3;;15;Libellen;Libellulidae;2026-07-08;634;S;zeldzaam
224055808;224055808;Zwarte heidelibel;Sympetrum danae;2021-08-15;8;2021-08-26;1;ter plaatse;onbekend;imago;Vrouw;189291.34660973024;229311.25010736287;4.932984;51.3722;FS3492;Zwartwater;Turnhout;Turnhout;Antwerpen;Site;J;Goedgekeurd op basis van bewijsmateriaal;1980-01-01;3;;25;Libellen;Libellulidae;2026-07-08;634;S;zeldzaam
224055680;224055680;Zwarte heidelibel;Sympetrum danae;2021-08-15;8;2021-08-26;1;ter plaatse;onbekend;imago;Man;189291.34660973024;229311.25010736287;4.932984;51.3722;FS3492;Zwartwater;Turnhout;Turnhout;Antwerpen;Site;J;Goedgekeurd op basis van bewijsmateriaal;1980-01-01;3;;25;Libellen;Libellulidae;2026-07-08;634;S;zeldzaam
200326163;200326163;Zwarte heidelibel;Sympetrum danae;2020-09-18;9;2020-09-18;1;ter plaatse;gezien;imago;Man;210764.80300302108;207272.2933852281;5.2376139;51.172254;FS5671;Balen - De Most;Balen;Balen;Antwerpen;Site;J;Goedgekeurd op basis van bewijsmateriaal;1980-01-01;3;;15;Libellen;Libellulidae;2026-07-08;634;S;zeldzaam
198460183;198460183;Zwarte heidelibel;Sympetrum danae;2020-08-12;8;2020-08-14;2;ter plaatse;gezien;imago;onbekend;222919.9411943933;216834.2479685489;5.41332;51.256785;FS6881;Neerpelt - Het Hageven;Neerpelt;Neerpelt;Limburg;Site;J;Goedgekeurd op basis van expertoordeel;1980-01-01;3;;25;Libellen;Libellulidae;2026-07-08;634;S;zeldzaam
198460558;198460558;Zwarte heidelibel;Sympetrum danae;2020-08-12;8;2020-08-14;5;ter plaatse;gezien;imago;onbekend;222985.0943075753;216862.09228387105;5.4142588;51.257027;FS6881;Neerpelt - Het Hageven;Neerpelt;Neerpelt;Limburg;Site;J;Goedgekeurd op basis van expertoordeel;1980-01-01;3;;7;Libellen;Libellulidae;2026-07-08;634;S;zeldzaam
227873943;227873943;Zwarte heidelibel;Sympetrum danae;2021-10-18;10;2021-10-18;1;ter plaatse;gezien;imago;Man;188571.89213950935;219843.5065849591;4.92163944244385;51.2871551513672;FS3483;Turnhout - Tielen heide;Turnhout;Turnhout;Antwerpen;ObsMapp;J;Goedgekeurd op basis van bewijsmateriaal;2007-01-01;3;;2;Libellen;Libellulidae;2026-07-08;634;S;zeldzaam
227373278;227373278;Zwarte heidelibel;Sympetrum danae;2021-10-10;10;2021-10-10;1;ter plaatse;gezien;imago;Man;188536.1093638036;219497.75748238436;4.92108964920044;51.284049987793;FS3383;Turnhout - Tielen heide;Turnhout;Turnhout;Antwerpen;ObsMapp;J;Goedgekeurd op basis van kennisregels - nabijheid;2007-01-01;3;;2;Libellen;Libellulidae;2026-07-08;634;S;zeldzaam
227215885;227215885;Zwarte heidelibel;Sympetrum danae;2021-10-08;10;2021-10-08;1;ter plaatse;gezien;imago;Man;189084.28189361191;217737.96182668768;4.92875576019287;51.268196105957;FS3481;Tielen - Tielenkamp (Ontoegankelijk);Kasterlee;Tielen;Antwerpen;ObsMapp;J;Goedgekeurd op basis van kennisregels - nabijheid;2007-01-01;3;;3;Libellen;Libellulidae;2026-07-08;634;S;zeldzaam
227152294;227152294;Zwarte heidelibel;Sympetrum danae;2021-10-07;10;2021-10-07;1;ter plaatse;gezien;imago;Man;188377.4018715534;219422.72789127007;4.91880702972412;51.2833862304688;FS3383;Turnhout - Tielen heide;Turnhout;Turnhout;Antwerpen;ObsMapp;J;Goedgekeurd op basis van kennisregels - nabijheid;2007-01-01;3;;2;Libellen;Libellulidae;2026-07-08;634;S;zeldzaam
227152292;227152292;Zwarte heidelibel;Sympetrum danae;2021-10-07;10;2021-10-07;1;ter plaatse;gezien;imago;Man;188419.6016819506;219403.09308429807;4.91940975189209;51.2832069396973;FS3383;Turnhout - Tielen heide;Turnhout;Turnhout;Antwerpen;ObsMapp;J;Goedgekeurd op basis van kennisregels - nabijheid;2007-01-01;3;;2;Libellen;Libellulidae;2026-07-08;634;S;zeldzaam
226997289;226997289;Zwarte heidelibel;Sympetrum danae;2021-10-04;10;2021-10-04;1;ter plaatse;gezien;imago;Man;188578.5738304832;219839.7365701348;4.92173480987549;51.2871208190918;FS3483;Turnhout - Tielen heide;Turnhout;Turnhout;Antwerpen;ObsMapp;J;Goedgekeurd op basis van kennisregels - nabijheid;2007-01-01;3;;2;Libellen;Libellulidae;2026-07-08;634;S;zeldzaam
198757319;198757319;Zwarte heidelibel;Sympetrum danae;2020-08-19;8;2020-08-19;1;ter plaatse;gezien;imago;Man;188462.13564917384;219369.8795004832;4.92001581192017;51.2829055786133;FS3383;Turnhout - Tielen heide;Turnhout;Turnhout;Antwerpen;ObsMapp;J;Goedgekeurd op basis van expertoordeel;2007-01-01;3;;25;Libellen;Libellulidae;2026-07-08;634;S;zeldzaam
198757322;198757322;Zwarte heidelibel;Sympetrum danae;2020-08-19;8;2020-08-19;1;ter plaatse;gezien;imago;Man;188441.61177358805;219369.30255294964;4.91972160339355;51.282901763916;FS3383;Turnhout - Tielen heide;Turnhout;Turnhout;Antwerpen;ObsMapp;J;Goedgekeurd op basis van expertoordeel;2007-01-01;3;;25;Libellen;Libellulidae;2026-07-08;634;S;zeldzaam
198757342;198757342;Zwarte heidelibel;Sympetrum danae;2020-08-19;8;2020-08-19;1;ter plaatse;gezien;imago;Man;188308.53372902249;219341.576787143;4.91781139373779;51.2826614379883;FS3383;Turnhout - Tielen heide;Turnhout;Turnhout;Antwerpen;ObsMapp;J;Goedgekeurd op basis van expertoordeel;2007-01-01;3;;25;Libellen;Libellulidae;2026-07-08;634;S;zeldzaam
198757353;198757353;Zwarte heidelibel;Sympetrum danae;2020-08-19;8;2020-08-19;1;ter plaatse;gezien;imago;Man;188478.538876736;219539.77183315344;4.92026901;51.28443146;FS3383;Turnhout - Tielen heide;Turnhout;Turnhout;Antwerpen;ObsMapp;J;Goedgekeurd op basis van bewijsmateriaal;2007-01-01;3;;25;Libellen;Libellulidae;2026-07-08;634;S;zeldzaam
252680819;252680819;Zwarte heidelibel;Sympetrum danae;2022-08-18;8;2022-08-18;1;ter plaatse;onbekend;imago;Man;210783.7991358481;207273.51722849533;5.2378857;51.172263;FS5671;Balen - De Most;Balen;Balen;Antwerpen;Site;J;Goedgekeurd op basis van bewijsmateriaal;1980-01-01;3;;7;Libellen;Libellulidae;2026-07-08;634;S;zeldzaam
320052687;320052687;Zwarte heidelibel;Sympetrum danae;2024-07-20;7;2024-07-20;1;ter plaatse;gezien;imago;Vrouw;153400.76406558015;233200.4517616741;4.417632780969143;51.408489805416686;ES9896;Grenspark Kalmthoutse Heide - Biezenkuilen;Kalmthout;Kalmthout;Antwerpen;ObsMapp;J;Goedgekeurd op basis van expertoordeel;1980-01-01;4;;5;Libellen;Libellulidae;2026-07-08;634;S;zeldzaam
198647381;198647381;Zwarte heidelibel;Sympetrum danae;2020-08-17;8;2020-08-17;1;ter plaatse;gezien;imago;Man;210788.84316867188;207262.67282065097;5.237956;51.172165;FS5671;Balen - De Most;Balen;Balen;Antwerpen;ObsMapp;J;Goedgekeurd op basis van bewijsmateriaal;2007-01-01;3;;25;Libellen;Libellulidae;2026-07-08;634;S;zeldzaam
287091514;287091514;Zwarte heidelibel;Sympetrum danae;2023-09-06;9;2023-09-06;1;ter plaatse;gezien;imago;Man;154817.6384267883;232682.0175696304;4.437987804412842;51.4038200378418;FS0095;Grenspark Kalmthoutse Heide - Drielingvennen;Kalmthout;Kalmthout;Antwerpen;ObsMapp;J;Goedgekeurd op basis van kennisregels - nabijheid;1980-01-01;3;;5;Libellen;Libellulidae;2026-07-08;634;S;zeldzaam
325620602;325620602;Zwarte heidelibel;Sympetrum danae;2024-08-24;8;2024-08-24;1;ter plaatse;onbekend;imago;Man;224088.3932939249;185210.23979906735;5.42361622;50.97240496;FS7049;Genk - Domein Bokrijk - Het Wik (Ontoegankelijk);Genk;Genk;Limburg;Site;J;Goedgekeurd op basis van bewijsmateriaal;1980-01-01;3;Deze soort hier al 7 jaar niet meer gezien. In 2014 telde ik nog 5 imago's op dezelfde locatie. Deze zat in een vochtig stukje met Zonnedauw_ tussen de Beekoeverlibellen. Wat hogerop staat wel verspreid wat Struikheide.;10;Libellen;Libellulidae;2026-07-08;634;S;zeldzaam
195395414;195395414;Zwarte heidelibel;Sympetrum danae;2020-07-02;7;2020-07-02;2;ter plaatse;gezien;imago, niet uitgekleurd;onbekend;207027.6551880826;213128.8034116067;5.18510341644287;51.2252731323242;FS5277;Mol - Klein Verkallen;Mol;Mol;Antwerpen;ObsMapp;J;Goedgekeurd op basis van bewijsmateriaal;2007-01-01;3;;25;Libellen;Libellulidae;2026-07-08;634;S;zeldzaam
196266798;196266798;Zwarte heidelibel;Sympetrum danae;2020-07-15;7;2020-07-15;1;ter plaatse;gezien;imago, niet uitgekleurd;Man;194967.31524454025;192977.84810276423;5.00997685;51.04521632;FS4056;Gerhagen - Pinnekensweier;Tessenderlo;Tessenderlo;Limburg;Site;J;Goedgekeurd op basis van expertoordeel;1980-01-01;3;;10;Libellen;Libellulidae;2026-07-08;634;S;zeldzaam
324886640;324886640;Zwarte heidelibel;Sympetrum danae;2024-08-18;8;2024-08-18;1;ter plaatse;gezien;imago;Man;205939.2387804319;211950.2422618838;5.169342000000029;51.214787;FS5175;  ;Mol;Mol;Antwerpen;ObsMapp;J;Goedgekeurd op basis van bewijsmateriaal;1980-01-01;3;;2;Libellen;Libellulidae;2026-07-08;634;S;zeldzaam
226107101;226107101;Zwarte heidelibel;Sympetrum danae;2021-09-22;9;2021-09-22;1;ter plaatse;gezien;imago;Man;205878.51494089415;211948.686114708;5.16847276687622;51.2147789001465;FS5175;  ;Mol;Mol;Antwerpen;ObsMapp;J;Goedgekeurd op basis van kennisregels - nabijheid;2007-01-01;3;;4;Libellen;Libellulidae;2026-07-08;634;S;zeldzaam
226107118;226107118;Zwarte heidelibel;Sympetrum danae;2021-09-22;9;2021-09-22;1;ter plaatse;gezien;imago;Man;206548.52709451504;212293.7961683506;5.17811489105225;51.2178153991699;FS5276;Mol - Buitengoor N;Mol;Mol;Antwerpen;ObsMapp;J;Goedgekeurd op basis van kennisregels - nabijheid;2007-01-01;3;;9;Libellen;Libellulidae;2026-07-08;634;S;zeldzaam
226107133;226107133;Zwarte heidelibel;Sympetrum danae;2021-09-22;9;2021-09-22;1;ter plaatse;gezien;imago;Man;207678.33141461693;214882.1139753079;5.1946964263916;51.240966796875;FS5378;Mol - Den Diel;Mol;Mol;Antwerpen;ObsMapp;J;Goedgekeurd op basis van kennisregels - nabijheid;2007-01-01;3;;8;Libellen;Libellulidae;2026-07-08;634;S;zeldzaam
323866417;323866417;Zwarte heidelibel;Sympetrum danae;2024-08-07;8;2024-08-12;1;ter plaatse;gezien;imago;Man;223078.8010753884;216862.30084014032;5.415601000000038;51.257017;FS6881;Neerpelt - Het Hageven;Neerpelt;Neerpelt;Limburg;Observation;J;Goedgekeurd op basis van kennisregels - nabijheid;1980-01-01;3;;5;Libellen;Libellulidae;2026-07-08;634;S;zeldzaam
323866449;323866449;Zwarte heidelibel;Sympetrum danae;2024-08-07;8;2024-08-12;1;ter plaatse;gezien;imago;Man;223075.4016784914;216885.5077522546;5.415557000000035;51.257226;FS6881;Neerpelt - Het Hageven;Neerpelt;Neerpelt;Limburg;Observation;J;Goedgekeurd op basis van kennisregels - nabijheid;1980-01-01;3;;5;Libellen;Libellulidae;2026-07-08;634;S;zeldzaam
323866461;323866461;Zwarte heidelibel;Sympetrum danae;2024-08-07;8;2024-08-12;1;ter plaatse;gezien;imago;Man;223076.89804782424;216898.21333982144;5.415580999999975;51.25734;FS6881;Neerpelt - Het Hageven;Neerpelt;Neerpelt;Limburg;Observation;J;Goedgekeurd op basis van kennisregels - nabijheid;1980-01-01;3;;5;Libellen;Libellulidae;2026-07-08;634;S;zeldzaam
254841148;254841148;Zwarte heidelibel;Sympetrum danae;2022-08-25;8;2022-09-15;1;ter plaatse;onbekend;onbekend;onbekend;222849.89656377237;216701.41070355568;5.41229;51.2556;FS6881;Neerpelt - Het Hageven;Neerpelt;Neerpelt;Limburg;ObsMapp;J;Goedgekeurd op basis van expertoordeel;1980-01-01;3;;999;Libellen;Libellulidae;2026-07-08;634;S;zeldzaam
323867041;323867041;Zwarte heidelibel;Sympetrum danae;2024-08-07;8;2024-08-12;1;ter plaatse;gezien;imago;Vrouw;223062.76655543488;217004.16304555628;5.415399999999977;51.258294;FS6881;Neerpelt - Het Hageven;Neerpelt;Neerpelt;Limburg;Observation;J;Goedgekeurd op basis van kennisregels - nabijheid;1980-01-01;3;;5;Libellen;Libellulidae;2026-07-08;634;S;zeldzaam
323867042;323867042;Zwarte heidelibel;Sympetrum danae;2024-08-07;8;2024-08-12;1;ter plaatse;gezien;imago;Man;223062.76655543488;217004.16304555628;5.415399999999977;51.258294;FS6881;Neerpelt - Het Hageven;Neerpelt;Neerpelt;Limburg;Observation;J;Goedgekeurd op basis van kennisregels - nabijheid;1980-01-01;3;;5;Libellen;Libellulidae;2026-07-08;634;S;zeldzaam
323867045;323867045;Zwarte heidelibel;Sympetrum danae;2024-08-07;8;2024-08-12;1;ter plaatse;gezien;imago;Vrouw;223040.70908564585;216984.0463594068;5.415079999999989;51.258116;FS6881;Neerpelt - Het Hageven;Neerpelt;Neerpelt;Limburg;Observation;J;Goedgekeurd op basis van kennisregels - nabijheid;1980-01-01;3;;5;Libellen;Libellulidae;2026-07-08;634;S;zeldzaam
323867057;323867057;Zwarte heidelibel;Sympetrum danae;2024-08-07;8;2024-08-12;1;ter plaatse;gezien;imago;Man;223027.65281912996;216934.5708249174;5.414883000000032;51.257673;FS6881;Neerpelt - Het Hageven;Neerpelt;Neerpelt;Limburg;Observation;J;Goedgekeurd op basis van kennisregels - nabijheid;1980-01-01;3;;5;Libellen;Libellulidae;2026-07-08;634;S;zeldzaam
323867065;323867065;Zwarte heidelibel;Sympetrum danae;2024-08-07;8;2024-08-12;1;ter plaatse;gezien;imago;Man;223030.2559257921;216933.16105129945;5.414919999999938;51.25766;FS6881;Neerpelt - Het Hageven;Neerpelt;Neerpelt;Limburg;Observation;J;Goedgekeurd op basis van kennisregels - nabijheid;1980-01-01;3;;5;Libellen;Libellulidae;2026-07-08;634;S;zeldzaam
198357107;198357107;Zwarte heidelibel;Sympetrum danae;2020-08-12;8;2020-08-13;1;ter plaatse;onbekend;onbekend;Man;223072.1836741282;216848.85236071423;5.41550350189209;51.2568969726563;FS6881;Neerpelt - Het Hageven;Neerpelt;Neerpelt;Limburg;Meetnetten.be;J;Goedgekeurd op basis van expertoordeel;2021-08-11;3;meetnetten.be: levensfase: imago_ activiteit: ter plaatse;10;Libellen;Libellulidae;2026-07-08;634;S;zeldzaam
323867068;323867068;Zwarte heidelibel;Sympetrum danae;2024-08-07;8;2024-08-12;1;ter plaatse;gezien;imago;Man;223025.6222162568;216915.18167946025;5.414850000000001;51.257499;FS6881;Neerpelt - Het Hageven;Neerpelt;Neerpelt;Limburg;Observation;J;Goedgekeurd op basis van kennisregels - nabijheid;1980-01-01;3;;5;Libellen;Libellulidae;2026-07-08;634;S;zeldzaam
323867081;323867081;Zwarte heidelibel;Sympetrum danae;2024-08-07;8;2024-08-12;1;ter plaatse;gezien;imago;Vrouw;223024.7751216619;216896.03175638057;5.414834000000042;51.257327;FS6881;Neerpelt - Het Hageven;Neerpelt;Neerpelt;Limburg;Observation;J;Goedgekeurd op basis van kennisregels - nabijheid;1980-01-01;3;;5;Libellen;Libellulidae;2026-07-08;634;S;zeldzaam
198357098;198357098;Zwarte heidelibel;Sympetrum danae;2020-08-12;8;2020-08-13;1;ter plaatse;onbekend;onbekend;Man;223065.5591800341;216844.08994856384;5.41540765762329;51.2568550109863;FS6881;Neerpelt - Het Hageven;Neerpelt;Neerpelt;Limburg;Meetnetten.be;J;Goedgekeurd op basis van expertoordeel;2021-08-11;3;meetnetten.be: levensfase: imago_ activiteit: ter plaatse;10;Libellen;Libellulidae;2026-07-08;634;S;zeldzaam
198357091;198357091;Zwarte heidelibel;Sympetrum danae;2020-08-12;8;2020-08-13;1;ter plaatse;onbekend;onbekend;Man;223059.583152199;216845.27900720012;5.41532230377197;51.2568664550781;FS6881;Neerpelt - Het Hageven;Neerpelt;Neerpelt;Limburg;Meetnetten.be;J;Goedgekeurd op basis van expertoordeel;2021-08-11;3;meetnetten.be: levensfase: imago_ activiteit: ter plaatse;10;Libellen;Libellulidae;2026-07-08;634;S;zeldzaam
198356989;198356989;Zwarte heidelibel;Sympetrum danae;2020-08-12;8;2020-08-13;1;ter plaatse;onbekend;onbekend;Man;222820.92080879427;216764.2437014608;5.41188764572144;51.2561683654785;FS6881;Neerpelt - Het Hageven;Neerpelt;Neerpelt;Limburg;Meetnetten.be;J;Goedgekeurd op basis van expertoordeel;2021-08-11;3;meetnetten.be: levensfase: imago_ activiteit: ter plaatse;10;Libellen;Libellulidae;2026-07-08;634;S;zeldzaam
198356944;198356944;Zwarte heidelibel;Sympetrum danae;2020-08-12;8;2020-08-13;1;ter plaatse;onbekend;onbekend;Man;222977.5312097029;216787.67034224517;5.41413545608521;51.2563591003418;FS6881;Neerpelt - Het Hageven;Neerpelt;Neerpelt;Limburg;Meetnetten.be;J;Goedgekeurd op basis van expertoordeel;2021-08-11;3;meetnetten.be: levensfase: imago_ activiteit: ter plaatse;10;Libellen;Libellulidae;2026-07-08;634;S;zeldzaam
287136310;287136310;Zwarte heidelibel;Sympetrum danae;2023-09-06;9;2023-09-07;1;ter plaatse;onbekend;imago;Man;154299.4446013489;232246.0851763226;4.430536270141602;51.39990615844727;ES9995;Grenspark Kalmthoutse Heide - Kambuusduinen;Kalmthout;Kalmthout;Antwerpen;ObsMapp;J;Goedgekeurd op basis van kennisregels - nabijheid;1980-01-01;3;;3;Libellen;Libellulidae;2026-07-08;634;S;zeldzaam
287136334;287136334;Zwarte heidelibel;Sympetrum danae;2023-09-06;9;2023-09-07;1;ter plaatse;onbekend;imago;Vrouw;154958.98077818315;232599.81208244152;4.4400177001953125;51.403079986572266;FS0095;Grenspark Kalmthoutse Heide - Vossenbergen;Kalmthout;Kalmthout;Antwerpen;ObsMapp;J;Goedgekeurd op basis van bewijsmateriaal;1980-01-01;3;;3;Libellen;Libellulidae;2026-07-08;634;S;zeldzaam
368715776;368715776;Zwarte heidelibel;Sympetrum danae;2025-08-15;8;2025-08-15;5;ter plaatse;gezien;imago;Man;222921.4412367767;216553.0080702221;5.413284778594971;51.25425720214844;FS6880;Neerpelt - Het Hageven;Neerpelt;Neerpelt;Limburg;ObsMapp;J;Goedgekeurd op basis van expertoordeel;1980-01-01;3;;3;Libellen;Libellulidae;2026-07-08;634;S;zeldzaam
284273817;284273817;Zwarte heidelibel;Sympetrum danae;2023-08-12;8;2023-08-14;20;ter plaatse;onbekend;onbekend;onbekend;154083.89428905648;232957.34526466575;4.427447319030762;51.40630033850268;ES9995;Grenspark Kalmthoutse Heide - Drielingvennen;Kalmthout;Kalmthout;Antwerpen;Site;J;Goedgekeurd op basis van kennisregels - nabijheid;1980-01-01;3;;15;Libellen;Libellulidae;2026-07-08;634;S;zeldzaam
368715767;368715767;Zwarte heidelibel;Sympetrum danae;2025-08-15;8;2025-08-15;1;ter plaatse;gezien;imago;Man;223095.54416219867;216993.49540132095;5.415867328643799;51.25819396972656;FS6881;Neerpelt - Het Hageven;Neerpelt;Neerpelt;Limburg;ObsMapp;J;Goedgekeurd op basis van bewijsmateriaal;1980-01-01;3;;3;Libellen;Libellulidae;2026-07-08;634;S;zeldzaam
368715728;368715728;Zwarte heidelibel;Sympetrum danae;2025-08-15;8;2025-08-15;1;ter plaatse;gezien;imago;Man;223465.873878061;217549.6738323411;5.4212846755981445;51.263145446777344;FS6881;Neerpelt - Het Hageven;Neerpelt;Neerpelt;Limburg;ObsMapp;J;Goedgekeurd op basis van bewijsmateriaal;1980-01-01;3;;3;Libellen;Libellulidae;2026-07-08;634;S;zeldzaam
251352559;251352559;Zwarte heidelibel;Sympetrum danae;2022-08-04;8;2022-08-04;1;ter plaatse;gezien;imago;Vrouw;223054.01125264956;216895.7101058317;5.41525268554688;51.2573204040527;FS6881;Neerpelt - Het Hageven;Neerpelt;Neerpelt;Limburg;ObsMapp;J;Goedgekeurd op basis van bewijsmateriaal;2007-01-01;3;;5;Libellen;Libellulidae;2026-07-08;634;S;zeldzaam
251737270;251737270;Zwarte heidelibel;Sympetrum danae;2022-08-08;8;2022-08-08;1;ter plaatse;gezien;imago;Man;210797.92480273487;207256.40363139287;5.23808479309082;51.1721076965332;FS5671;Balen - De Most;Balen;Balen;Antwerpen;ObsMapp;J;Goedgekeurd op basis van bewijsmateriaal;2007-01-01;3;;5;Libellen;Libellulidae;2026-07-08;634;S;zeldzaam
372141747;372141747;Zwarte heidelibel;Sympetrum danae;2025-09-08;9;2025-09-08;1;ter plaatse;gezien;imago;Man;210794.1180200505;207276.73137916063;5.238033771514893;51.17229080200195;FS5671;Balen - De Most;Balen;Balen;Antwerpen;ObsMapp;J;Goedgekeurd op basis van bewijsmateriaal;1980-01-01;3;;1;Libellen;Libellulidae;2026-07-08;634;S;zeldzaam
283847013;283847013;Zwarte heidelibel;Sympetrum danae;2023-08-11;8;2023-08-11;1;ter plaatse;gezien;imago;Man;210952.0935624014;207456.41853472777;5.240322589874268;51.17388916015625;FS5671;Balen - De Most;Balen;Balen;Antwerpen;ObsMapp;J;Goedgekeurd op basis van bewijsmateriaal;1980-01-01;3;;4;Libellen;Libellulidae;2026-07-08;634;S;zeldzaam
284554353;284554353;Zwarte heidelibel;Sympetrum danae;2023-08-16;8;2023-08-16;1;ter plaatse;gezien;imago;Man;222534.4032686943;216705.04503146;5.407772064208984;51.255672454833984;FS6881;Neerpelt - Het Hageven;Lommel;Lommel;Limburg;ObsMapp;J;Goedgekeurd op basis van bewijsmateriaal;1980-01-01;3;;3;Libellen;Libellulidae;2026-07-08;634;S;zeldzaam
284554355;284554355;Zwarte heidelibel;Sympetrum danae;2023-08-16;8;2023-08-16;1;ter plaatse;gezien;imago;Man;222531.98762787896;216701.61560293287;5.407736778259277;51.25564193725586;FS6881;Neerpelt - Het Hageven;Lommel;Lommel;Limburg;ObsMapp;J;Goedgekeurd op basis van bewijsmateriaal;1980-01-01;3;;3;Libellen;Libellulidae;2026-07-08;634;S;zeldzaam
285525722;285525722;Zwarte heidelibel;Sympetrum danae;2023-08-23;8;2023-08-23;1;ter plaatse;gezien;imago;Man;222971.1440984037;217444.2067317916;5.4141764640808105;51.26226043701172;FS6881;Neerpelt - Het Hageven;Lommel;Lommel;Limburg;ObsMapp;J;Goedgekeurd op basis van kennisregels - nabijheid;1980-01-01;3;;6;Libellen;Libellulidae;2026-07-08;634;S;zeldzaam
285525743;285525743;Zwarte heidelibel;Sympetrum danae;2023-08-23;8;2023-08-23;1;ter plaatse;gezien;imago;Man;222803.8312620548;217437.60756686985;5.411778450012207;51.26222229003906;FS6881;Neerpelt - Het Hageven;Lommel;Lommel;Limburg;ObsMapp;J;Goedgekeurd op basis van kennisregels - nabijheid;1980-01-01;3;;12;Libellen;Libellulidae;2026-07-08;634;S;zeldzaam
285525758;285525758;Zwarte heidelibel;Sympetrum danae;2023-08-23;8;2023-08-23;1;ter plaatse;gezien;imago;Man;222517.48237495328;216051.5799019318;5.407398700714111;51.24980163574219;FS6880;Neerpelt - Het Hageven - Verkeerde lievenheer;Neerpelt;Neerpelt;Limburg;ObsMapp;J;Goedgekeurd op basis van bewijsmateriaal;1980-01-01;3;;4;Libellen;Libellulidae;2026-07-08;634;S;zeldzaam
222699399;222699399;Zwarte heidelibel;Sympetrum danae;2021-08-12;8;2021-08-12;1;ter plaatse;gezien;imago;Man;207106.90417397107;213113.9721787861;5.18623542785645;51.2251319885254;FS5277;Mol - Klein Verkallen;Mol;Mol;Antwerpen;ObsMapp;J;Goedgekeurd op basis van bewijsmateriaal;2007-01-01;3;;11;Libellen;Libellulidae;2026-07-08;634;S;zeldzaam
222699406;222699406;Zwarte heidelibel;Sympetrum danae;2021-08-12;8;2021-08-12;1;ter plaatse;gezien;imago, niet uitgekleurd;Man;207002.97767909037;213149.32867769245;5.18475342;51.22546005;FS5277;Mol - Klein Verkallen;Mol;Mol;Antwerpen;ObsMapp;J;Goedgekeurd op basis van bewijsmateriaal;2007-01-01;3;;4;Libellen;Libellulidae;2026-07-08;634;S;zeldzaam
222699407;222699407;Zwarte heidelibel;Sympetrum danae;2021-08-12;8;2021-08-12;1;ter plaatse;gezien;imago;Man;207002.9109160748;213149.32822041865;5.18475246429443;51.2254600524902;FS5277;Mol - Klein Verkallen;Mol;Mol;Antwerpen;ObsMapp;J;Goedgekeurd op basis van expertoordeel;2007-01-01;3;;4;Libellen;Libellulidae;2026-07-08;634;S;zeldzaam
324759169;324759169;Zwarte heidelibel;Sympetrum danae;2024-08-11;8;2024-08-17;1;ter plaatse;onbekend;imago;Vrouw;210951.38001814013;207460.06392379384;5.240313000000015;51.173922;FS5671;Balen - De Most;Balen;Balen;Antwerpen;Site;J;Goedgekeurd op basis van kennisregels - automatische beeldherkenning (NIA);1980-01-01;3;;999;Libellen;Libellulidae;2026-07-08;634;S;zeldzaam
324758879;324758879;Zwarte heidelibel;Sympetrum danae;2024-08-11;8;2024-08-17;1;ter plaatse;onbekend;imago;Vrouw;210960.24030922123;207461.94818287343;5.240440000000035;51.173938;FS5671;Balen - De Most;Balen;Balen;Antwerpen;Site;J;Goedgekeurd op basis van kennisregels - automatische beeldherkenning (NIA);1980-01-01;3;;999;Libellen;Libellulidae;2026-07-08;634;S;zeldzaam
223270517;223270517;Zwarte heidelibel;Sympetrum danae;2021-08-12;8;2021-08-18;1;ter plaatse;gezien;imago;Vrouw;207027.7004348314;213130.3646508716;5.18510431;51.22528716;FS5277;Mol - Klein Verkallen;Mol;Mol;Antwerpen;Site;J;Goedgekeurd op basis van expertoordeel;1980-01-01;3;;100;Libellen;Libellulidae;2026-07-08;634;S;zeldzaam
223842296;223842296;Zwarte heidelibel;Sympetrum danae;2021-08-24;8;2021-08-24;1;ter plaatse;gezien;imago;Man;205545.92681271487;220592.50492714345;5.16504096984863;51.2924995422363;FS5084;Postel - Omgeving Ronde Put;Mol;Mol;Antwerpen;ObsMapp;J;Goedgekeurd op basis van expertoordeel;2007-01-01;3;;9;Libellen;Libellulidae;2026-07-08;634;S;zeldzaam
323218249;323218249;Zwarte heidelibel;Sympetrum danae;2024-08-07;8;2024-08-07;1;ter plaatse;gezien;imago;Man;223083.06814840337;216870.2284813952;5.415663719177246;51.25708770751953;FS6881;Neerpelt - Het Hageven;Neerpelt;Neerpelt;Limburg;ObsMapp;J;Goedgekeurd op basis van kennisregels - nabijheid;1980-01-01;3;;3;Libellen;Libellulidae;2026-07-08;634;S;zeldzaam
323218243;323218243;Zwarte heidelibel;Sympetrum danae;2024-08-07;8;2024-08-07;1;ter plaatse;gezien;imago;Man;223084.64237251025;216893.6493771877;5.415691000000038;51.257298;FS6881;Neerpelt - Het Hageven;Neerpelt;Neerpelt;Limburg;ObsMapp;J;Goedgekeurd op basis van kennisregels - automatische beeldherkenning (NIA);1980-01-01;3;;3;Libellen;Libellulidae;2026-07-08;634;S;zeldzaam
287179727;287179727;Zwarte heidelibel;Sympetrum danae;2023-09-07;9;2023-09-07;1;ter plaatse;gezien;imago;Man;205920.87883972703;211947.44525898527;5.169078826904297;51.21476364135742;FS5175;  ;Mol;Mol;Antwerpen;ObsMapp;J;Goedgekeurd op basis van expertoordeel;1980-01-01;3;;4;Libellen;Libellulidae;2026-07-08;634;S;zeldzaam
287179733;287179733;Zwarte heidelibel;Sympetrum danae;2023-09-07;9;2023-09-07;2;ter plaatse;gezien;imago;Man;205948.9831869596;211946.05081963912;5.169480800628662;51.21474838256836;FS5175;  ;Mol;Mol;Antwerpen;ObsMapp;J;Goedgekeurd op basis van expertoordeel;1980-01-01;3;;7;Libellen;Libellulidae;2026-07-08;634;S;zeldzaam
198444323;198444323;Zwarte heidelibel;Sympetrum danae;2020-08-14;8;2020-08-14;1;ter plaatse;onbekend;imago;Vrouw;210698.5032622866;206847.8388828896;5.236595;51.168446;FS5670;Balen - De Most;Balen;Balen;Antwerpen;Site;J;Goedgekeurd op basis van bewijsmateriaal;1980-01-01;3;;25;Libellen;Libellulidae;2026-07-08;634;S;zeldzaam
321009916;321009916;Zwarte heidelibel;Sympetrum danae;2024-07-24;7;2024-07-24;1;ter plaatse;onbekend;imago;Vrouw;207699.05248442927;214918.9726499878;5.1949990000000525;51.241296;FS5378;Mol - Den Diel;Mol;Mol;Antwerpen;Site;J;Goedgekeurd op basis van bewijsmateriaal;1980-01-01;3;;15;Libellen;Libellulidae;2026-07-08;634;S;zeldzaam
198444403;198444403;Zwarte heidelibel;Sympetrum danae;2020-08-14;8;2020-08-14;1;ter plaatse;onbekend;imago;Man;210668.42920275804;206853.4952217471;5.236166;51.1685;FS5670;Balen - De Most;Balen;Balen;Antwerpen;Site;J;Goedgekeurd op basis van bewijsmateriaal;1980-01-01;3;;25;Libellen;Libellulidae;2026-07-08;634;S;zeldzaam
199666918;199666918;Zwarte heidelibel;Sympetrum danae;2020-09-06;9;2020-09-06;1;ter plaatse;onbekend;imago;Man;204605.3563446047;220163.6366642173;5.1514935;51.288735;FS5084;Postel - Omgeving Ronde Put;Mol;Mol;Antwerpen;Site;J;Goedgekeurd op basis van bewijsmateriaal;1980-01-01;3;;30;Libellen;Libellulidae;2026-07-08;634;S;zeldzaam
373395210;373395210;Zwarte heidelibel;Sympetrum danae;2025-09-20;9;2025-09-20;1;ter plaatse;onbekend;imago;Man;210934.4110518928;207463.75871946104;5.240070999999944;51.173957;FS5671;Balen - De Most;Balen;Balen;Antwerpen;Site;J;Goedgekeurd op basis van bewijsmateriaal;1980-01-01;3;;30;Libellen;Libellulidae;2026-07-08;634;S;zeldzaam
253765011;253765011;Zwarte heidelibel;Sympetrum danae;2022-08-31;8;2022-08-31;1;ter plaatse;onbekend;imago;Man;210628.08851359697;206963.17115884277;5.2356076;51.16949;FS5671;Balen - De Most;Balen;Balen;Antwerpen;Site;J;Goedgekeurd op basis van bewijsmateriaal;1980-01-01;3;;30;Libellen;Libellulidae;2026-07-08;634;S;zeldzaam
225456549;225456549;Zwarte heidelibel;Sympetrum danae;2021-09-12;9;2021-09-12;1;ter plaatse;onbekend;imago;Man;210643.1806075727;206955.00301479176;5.235822;51.169415;FS5671;Balen - De Most;Balen;Balen;Antwerpen;Site;J;Goedgekeurd op basis van kennisregels - automatische beeldherkenning (NIA);1980-01-01;3;;25;Libellen;Libellulidae;2026-07-08;634;S;zeldzaam
247150201;247150201;Zwarte heidelibel;Sympetrum danae;2022-06-28;6;2022-06-28;1;ter plaatse;onbekend;imago;Man;205429.23149015123;220327.38594693784;5.1633275;51.290128;FS5084;Postel - Ronde Put;Mol;Mol;Antwerpen;Site;J;Goedgekeurd op basis van kennisregels - automatische beeldherkenning (NIA);1980-01-01;3;;15;Libellen;Libellulidae;2026-07-08;634;S;zeldzaam
364776140;364776140;Zwarte heidelibel;Sympetrum danae;2025-07-24;7;2025-07-24;1;ter plaatse;onbekend;imago;Man;210939.67022616157;207462.5966236964;5.2401459999999815;51.173946;FS5671;Balen - De Most;Balen;Balen;Antwerpen;Site;J;Goedgekeurd op basis van bewijsmateriaal;1980-01-01;3;;15;Libellen;Libellulidae;2026-07-08;634;S;zeldzaam
225863014;225863014;Zwarte heidelibel;Sympetrum danae;2021-09-19;9;2021-09-19;1;ter plaatse;onbekend;imago;Man;204923.88605654144;220337.2412306387;5.1560855;51.290265;FS5084;Postel - Omgeving Ronde Put;Mol;Mol;Antwerpen;Site;J;Goedgekeurd op basis van bewijsmateriaal;1980-01-01;3;;30;Libellen;Libellulidae;2026-07-08;634;S;zeldzaam
247150294;247150294;Zwarte heidelibel;Sympetrum danae;2022-06-28;6;2022-06-28;1;ter plaatse;onbekend;imago;Vrouw;205429.26636887345;220327.38632050905;5.163328;51.290128;FS5084;Postel - Ronde Put;Mol;Mol;Antwerpen;Site;J;Goedgekeurd op basis van kennisregels - automatische beeldherkenning (NIA);1980-01-01;3;;25;Libellen;Libellulidae;2026-07-08;634;S;zeldzaam
225456630;225456630;Zwarte heidelibel;Sympetrum danae;2021-09-12;9;2021-09-12;1;ter plaatse;onbekend;imago;Vrouw;210814.4755269712;207132.13120814413;5.2383006;51.170989;FS5671;Balen - De Most;Balen;Balen;Antwerpen;Site;J;Goedgekeurd op basis van kennisregels - automatische beeldherkenning (NIA);1980-01-01;3;;15;Libellen;Libellulidae;2026-07-08;634;S;zeldzaam
247150230;247150230;Zwarte heidelibel;Sympetrum danae;2022-06-28;6;2022-06-28;1;ter plaatse;onbekend;imago, niet uitgekleurd;Man;205429.26636887345;220327.38632050905;5.163328;51.290128;FS5084;Postel - Ronde Put;Mol;Mol;Antwerpen;Site;J;Goedgekeurd op basis van kennisregels - automatische beeldherkenning (NIA);1980-01-01;3;;25;Libellen;Libellulidae;2026-07-08;634;S;zeldzaam
280455837;280455837;Zwarte heidelibel;Sympetrum danae;2023-07-14;7;2023-07-14;1;ter plaatse;onbekend;imago;Vrouw;205483.47375653576;220366.46459509525;5.164111000000048;51.290474;FS5084;Postel - Ronde Put;Mol;Mol;Antwerpen;Site;J;Goedgekeurd op basis van bewijsmateriaal;1980-01-01;3;;30;Libellen;Libellulidae;2026-07-08;634;S;zeldzaam
194512431;194512431;Zwarte heidelibel;Sympetrum danae;2020-06-20;6;2020-06-20;1;ter plaatse;onbekend;imago, niet uitgekleurd;onbekend;181110.37153399392;217664.361409436;4.81450271606445;51.2680206298828;FS2681;Lille - Visbeekvallei - Lilse Zegge;Lille;Lille;Antwerpen;ObsMapp;J;Goedgekeurd op basis van kennisregels - nabijheid;1980-01-01;3;;25;Libellen;Libellulidae;2026-07-08;634;S;zeldzaam
321478591;321478591;Zwarte heidelibel;Sympetrum danae;2024-07-27;7;2024-07-27;1;ter plaatse;onbekend;imago;Vrouw;206021.9701038428;219852.662156553;5.171749999999975;51.285804;FS5183;Postel - Omgeving Ronde Put;Mol;Mol;Antwerpen;Site;J;Goedgekeurd op basis van bewijsmateriaal;1980-01-01;3;;30;Libellen;Libellulidae;2026-07-08;634;S;zeldzaam
197826706;197826706;Zwarte heidelibel;Sympetrum danae;2020-08-05;8;2020-08-05;1;ter plaatse;onbekend;imago;Vrouw;180842.6688997725;217955.85560130049;4.8106921;51.270655;FS2681;Lille - Visbeekvallei - Lilse Zegge;Lille;Lille;Antwerpen;Site;J;Goedgekeurd op basis van bewijsmateriaal;1980-01-01;3;;15;Libellen;Libellulidae;2026-07-08;634;S;zeldzaam
197825790;197825790;Zwarte heidelibel;Sympetrum danae;2020-08-05;8;2020-08-05;1;ter plaatse;onbekend;imago;Vrouw;180892.1259415394;217947.2499449579;4.8114;51.270575;FS2681;Lille - Visbeekvallei - Lilse Zegge;Lille;Lille;Antwerpen;Site;J;Goedgekeurd op basis van bewijsmateriaal;1980-01-01;3;;25;Libellen;Libellulidae;2026-07-08;634;S;zeldzaam
254028242;254028242;Zwarte heidelibel;Sympetrum danae;2022-09-03;9;2022-09-03;1;ter plaatse;onbekend;imago;Man;205597.7547930356;220313.95047946557;5.165741;51.289991;FS5184;Postel - Ronde Put;Mol;Mol;Antwerpen;Site;J;Goedgekeurd op basis van bewijsmateriaal;1980-01-01;3;;30;Libellen;Libellulidae;2026-07-08;634;S;zeldzaam
287445546;287445546;Zwarte heidelibel;Sympetrum danae;2023-09-09;9;2023-09-09;1;ter plaatse;onbekend;imago;Man;180933.58514208024;218040.17628010083;4.812002;51.271408;FS2681;Lille - Visbeekvallei - Lilse Zegge;Lille;Lille;Antwerpen;ObsMapp;J;Goedgekeurd op basis van bewijsmateriaal;2023-12-09;3;;3;Libellen;Libellulidae;2026-07-08;634;S;zeldzaam
225121993;225121993;Zwarte heidelibel;Sympetrum danae;2021-09-07;9;2021-09-08;1;ter plaatse;onbekend;imago;Man;180892.50897268436;217999.9889274314;4.81141;51.271049;FS2681;Lille - Visbeekvallei - Lilse Zegge;Lille;Lille;Antwerpen;ObsMapp;J;Goedgekeurd op basis van bewijsmateriaal;1980-01-01;3;;3;Libellen;Libellulidae;2026-07-08;634;S;zeldzaam
194512418;194512418;Zwarte heidelibel;Sympetrum danae;2020-06-20;6;2020-06-20;1;ter plaatse;onbekend;imago, niet uitgekleurd;onbekend;180834.67314434127;217820.17039085552;4.81056594848633;51.2694358825684;FS2681;Lille - Visbeekvallei - Lilse Zegge;Lille;Lille;Antwerpen;ObsMapp;J;Goedgekeurd op basis van kennisregels - nabijheid;1980-01-01;3;;25;Libellen;Libellulidae;2026-07-08;634;S;zeldzaam
251264172;251264172;Zwarte heidelibel;Sympetrum danae;2022-08-03;8;2022-08-03;1;ter plaatse;onbekend;imago;Man;180888.05572308355;217986.05498298164;4.811345;51.270924;FS2681;Lille - Visbeekvallei - Lilse Zegge;Lille;Lille;Antwerpen;ObsMapp;J;Goedgekeurd op basis van bewijsmateriaal;2022-10-03;3;;5;Libellen;Libellulidae;2026-07-08;634;S;zeldzaam
251264173;251264173;Zwarte heidelibel;Sympetrum danae;2022-08-03;8;2022-08-03;1;ter plaatse;onbekend;imago;Man;180887.2209120092;217985.60496394892;4.811333;51.27092;FS2681;Lille - Visbeekvallei - Lilse Zegge;Lille;Lille;Antwerpen;ObsMapp;J;Goedgekeurd op basis van kennisregels - automatische beeldherkenning (NIA);2022-10-03;3;;8;Libellen;Libellulidae;2026-07-08;634;S;zeldzaam
197342077;197342077;Zwarte heidelibel;Sympetrum danae;2020-07-30;7;2020-07-30;1;ter plaatse;onbekend;imago;Vrouw;179889.65345081998;215272.83430939916;4.796815;51.24659;FS2578;Lille - Kindernouwbeekvallei - Kindernouw;Lille;Lille;Antwerpen;ObsMapp;J;Goedgekeurd op basis van bewijsmateriaal;2007-01-01;3;;25;Libellen;Libellulidae;2026-07-08;634;S;zeldzaam
287906478;287906478;Zwarte heidelibel;Sympetrum danae;2023-09-14;9;2023-09-14;1;ter plaatse;onbekend;imago;Man;180019.52073442424;215624.15888675585;4.798704000000043;51.249741;FS2579;Lille - Kindernouwbeekvallei - Den Eurst;Lille;Wechelderzande;Antwerpen;ObsMapp;J;Goedgekeurd op basis van bewijsmateriaal;1980-01-01;3;;2;Libellen;Libellulidae;2026-07-08;634;S;zeldzaam
198956530;198956530;Zwarte heidelibel;Sympetrum danae;2020-08-23;8;2020-08-23;1;ter plaatse;onbekend;imago;Vrouw;180945.01483452;218045.346672806;4.81216621398926;51.2714538574219;FS2681;Lille - Visbeekvallei - Lilse Zegge;Lille;Lille;Antwerpen;ObsMapp;J;Goedgekeurd op basis van expertoordeel;2007-01-01;3;;25;Libellen;Libellulidae;2026-07-08;634;S;zeldzaam
197826787;197826787;Zwarte heidelibel;Sympetrum danae;2020-08-05;8;2020-08-05;1;ter plaatse;onbekend;imago;Man;180894.7701505302;218007.0117371632;4.811443;51.271112;FS2681;Lille - Visbeekvallei - Lilse Zegge;Lille;Lille;Antwerpen;Site;J;Goedgekeurd op basis van bewijsmateriaal;1980-01-01;3;;50;Libellen;Libellulidae;2026-07-08;634;S;zeldzaam
327342990;327342990;Zwarte heidelibel;Sympetrum danae;2024-09-07;9;2024-09-07;1;ter plaatse;onbekend;onbekend;Man;153780.7064867168;233188.3463110877;4.423092842102051;51.40837860107422;ES9896;Grenspark Kalmthoutse Heide - Drielingvennen;Kalmthout;Kalmthout;Antwerpen;ObsMapp;J;Goedgekeurd op basis van kennisregels - nabijheid;1980-01-01;3;;1;Libellen;Libellulidae;2026-07-08;634;S;zeldzaam
225559971;225559971;Zwarte heidelibel;Sympetrum danae;2021-09-14;9;2021-09-14;1;ter plaatse;gezien;imago;Man;210703.27535974557;206858.46440898813;5.236665;51.168541;FS5670;Balen - De Most;Balen;Balen;Antwerpen;ObsMapp;J;Goedgekeurd op basis van bewijsmateriaal;2007-01-01;3;;4;Libellen;Libellulidae;2026-07-08;634;S;zeldzaam
225213986;225213986;Zwarte heidelibel;Sympetrum danae;2021-09-09;9;2021-09-09;1;ter plaatse;gezien;imago;Vrouw;210925.9752735328;207336.37788238932;5.239929;51.172813;FS5671;Balen - De Most;Balen;Balen;Antwerpen;Site;J;Goedgekeurd op basis van kennisregels - automatische beeldherkenning (NIA);1980-01-01;3;;25;Libellen;Libellulidae;2026-07-08;634;S;zeldzaam
324342180;324342180;Zwarte heidelibel;Sympetrum danae;2024-08-15;8;2024-08-15;1;ter plaatse;gezien;imago;Man;205890.5455023997;220212.0708137583;5.169922000000042;51.289047;FS5184;Postel - Ronde Put;Mol;Mol;Antwerpen;ObsMapp;J;Goedgekeurd op basis van bewijsmateriaal;1980-01-01;3;;1;Libellen;Libellulidae;2026-07-08;634;S;zeldzaam
220521549;220521549;Zwarte heidelibel;Sympetrum danae;2021-07-20;7;2021-07-20;1;ter plaatse;gezien;imago;Man;210791.39216869985;207379.4146628389;5.238012;51.173214;FS5671;Balen - De Most;Balen;Balen;Antwerpen;ObsMapp;J;Goedgekeurd op basis van bewijsmateriaal;2007-01-01;3;;4;Libellen;Libellulidae;2026-07-08;634;S;zeldzaam
224606209;224606209;Zwarte heidelibel;Sympetrum danae;2021-09-02;9;2021-09-02;1;ter plaatse;gezien;imago;Man;205868.43238812187;211944.33317138627;5.16832780838013;51.2147407531738;FS5175;  ;Mol;Mol;Antwerpen;ObsMapp;J;Goedgekeurd op basis van bewijsmateriaal;2007-01-01;3;;8;Libellen;Libellulidae;2026-07-08;634;S;zeldzaam
320484414;320484414;Zwarte heidelibel;Sympetrum danae;2024-07-22;7;2024-07-22;2;ter plaatse;gezien;imago;Vrouw;206031.074498054;219814.2200710829;5.171874523162842;51.285457611083984;FS5183;Postel - Omgeving Ronde Put;Mol;Mol;Antwerpen;ObsMapp;J;Goedgekeurd op basis van expertoordeel;1980-01-01;3;;3;Libellen;Libellulidae;2026-07-08;634;S;zeldzaam
320484391;320484391;Zwarte heidelibel;Sympetrum danae;2024-07-22;7;2024-07-22;2;ter plaatse;gezien;imago;Man;206031.46575269412;219813.3774666041;5.171879999999987;51.28545;FS5183;Postel - Omgeving Ronde Put;Mol;Mol;Antwerpen;ObsMapp;J;Goedgekeurd op basis van bewijsmateriaal;1980-01-01;3;;3;Libellen;Libellulidae;2026-07-08;634;S;zeldzaam
251947828;251947828;Zwarte heidelibel;Sympetrum danae;2022-08-10;8;2022-08-10;1;ter plaatse;gezien;imago;Man;210788.96734569027;207249.50789642427;5.23795557022095;51.172046661377;FS5671;Balen - De Most;Balen;Balen;Antwerpen;ObsMapp;J;Goedgekeurd op basis van bewijsmateriaal;2007-01-01;3;;12;Libellen;Libellulidae;2026-07-08;634;S;zeldzaam
251947830;251947830;Zwarte heidelibel;Sympetrum danae;2022-08-10;8;2022-08-10;2;ter plaatse;gezien;imago;onbekend;205664.7579366108;220341.2406218741;5.16670561;51.2902298;FS5184;Postel - Ronde Put;Mol;Mol;Antwerpen;ObsMapp;J;Goedgekeurd op basis van bewijsmateriaal;2007-01-01;3;;8;Libellen;Libellulidae;2026-07-08;634;S;zeldzaam
197231446;197231446;Zwarte heidelibel;Sympetrum danae;2020-07-28;7;2020-07-28;1;ter plaatse;onbekend;imago;onbekend;232526.34161291865;194254.6547235921;5.545778;51.052556;FS7858;Meeuwen-Gruitrode - Turfven en Ruiterskuilen;Opglabbeek;Opglabbeek;Limburg;Site;J;Goedgekeurd op basis van bewijsmateriaal;1980-01-01;3;;25;Libellen;Libellulidae;2026-07-08;634;S;zeldzaam
249453546;249453546;Zwarte heidelibel;Sympetrum danae;2022-07-17;7;2022-07-17;2;ter plaatse;onbekend;imago;onbekend;209216.0917174486;202037.6826965325;5.214618;51.125366;FS5466;Ham - Immertse bossen;Ham;Oostham;Limburg;iObs;J;Goedgekeurd op basis van bewijsmateriaal;2007-01-01;3;;13;Libellen;Libellulidae;2026-07-08;634;S;zeldzaam
221560700;221560700;Zwarte heidelibel;Sympetrum danae;2021-07-31;7;2021-07-31;1;ter plaatse;onbekend;imago;Man;189009.7673216849;229212.87143864203;4.92893;51.371335;FS3492;Zwartwater;Turnhout;Turnhout;Antwerpen;ObsIdentify;J;Goedgekeurd op basis van bewijsmateriaal;1980-01-01;3;;15;Libellen;Libellulidae;2026-07-08;634;S;zeldzaam
320317336;320317336;Zwarte heidelibel;Sympetrum danae;2024-07-21;7;2024-07-21;1;ter plaatse;onbekend;imago;onbekend;154328.9262920273;232780.31990303565;4.430966377258301;51.40470747675308;ES9995;Grenspark Kalmthoutse Heide - Drielingvennen;Kalmthout;Kalmthout;Antwerpen;Site;J;Goedgekeurd op basis van kennisregels - automatische beeldherkenning (NIA);1980-01-01;3;;15;Libellen;Libellulidae;2026-07-08;634;S;zeldzaam
253629475;253629475;Zwarte heidelibel;Sympetrum danae;2022-08-28;8;2022-08-29;1;ter plaatse;onbekend;imago;Man;222753.24266292725;216999.1496848259;5.41096557;51.2582881;FS6881;Neerpelt - Het Hageven;Lommel;Lommel;Limburg;Site;J;Goedgekeurd op basis van kennisregels - automatische beeldherkenning (NIA);1980-01-01;3;;100;Libellen;Libellulidae;2026-07-08;634;S;zeldzaam
287072771;287072771;Zwarte heidelibel;Sympetrum danae;2023-09-06;9;2023-09-06;1;ter plaatse;onbekend;imago;Man;154116.10208541725;232943.6480612913;4.42791;51.406177;ES9995;Grenspark Kalmthoutse Heide - Drielingvennen;Kalmthout;Kalmthout;Antwerpen;ObsIdentify;J;Goedgekeurd op basis van bewijsmateriaal;1980-01-01;3;;999;Libellen;Libellulidae;2026-07-08;634;S;zeldzaam
245892931;245892931;Zwarte heidelibel;Sympetrum danae;2022-06-18;6;2022-06-18;1;ter plaatse;gezien;imago;Vrouw;207602.8837472344;214835.8602935076;5.19360876083374;51.2405586242676;FS5378;Mol - Den Diel - Ten zuiden van Sprietputten;Mol;Mol;Antwerpen;ObsMapp;J;Goedgekeurd op basis van kennisregels - nabijheid;2007-01-01;3;;3;Libellen;Libellulidae;2026-07-08;634;S;zeldzaam
318916491;318916491;Zwarte heidelibel;Sympetrum danae;2024-07-14;7;2024-07-14;1;ter plaatse;gezien;imago;Vrouw;205033.5716553143;220158.34771293213;5.157630443572998;51.28864669799805;FS5084;Postel - Ronde Put;Mol;Mol;Antwerpen;ObsMapp;J;Goedgekeurd op basis van expertoordeel;1980-01-01;3;;3;Libellen;Libellulidae;2026-07-08;634;S;zeldzaam
280455883;280455883;Zwarte heidelibel;Sympetrum danae;2023-07-14;7;2023-07-14;1;ter plaatse;onbekend;imago, niet uitgekleurd;Man;205483.47375653576;220366.46459509525;5.164111000000048;51.290474;FS5084;Postel - Ronde Put;Mol;Mol;Antwerpen;Site;J;Goedgekeurd op basis van bewijsmateriaal;1980-01-01;3;;30;Libellen;Libellulidae;2026-07-08;634;S;zeldzaam
225404048;225404048;Zwarte heidelibel;Sympetrum danae;2021-09-12;9;2021-09-12;1;ter plaatse;gezien;imago;Man;154474.7156312471;232534.00255387463;4.43305826187134;51.4024925231934;ES9995;Grenspark Kalmthoutse Heide - Drielingvennen;Kalmthout;Kalmthout;Antwerpen;ObsMapp;J;Goedgekeurd op basis van expertoordeel;2007-01-01;3;;3;Libellen;Libellulidae;2026-07-08;634;S;zeldzaam
254116728;254116728;Zwarte heidelibel;Sympetrum danae;2022-09-04;9;2022-09-04;1;ter plaatse;gezien;imago;Man;158363.88071452006;228088.27612816263;4.48883867263794;51.362491607666;FS0391;Brasschaat/Kalmthout - Klein Schietveld - Vennengebied;Kalmthout;Kalmthout;Antwerpen;ObsMapp;J;Goedgekeurd op basis van kennisregels - nabijheid;2007-01-01;3;;15;Libellen;Libellulidae;2026-07-08;634;S;zeldzaam
254116720;254116720;Zwarte heidelibel;Sympetrum danae;2022-09-04;9;2022-09-04;3;ter plaatse;gezien;imago;Man;159000.79361740802;227793.94925199545;4.49797534942627;51.3598365783691;FS0490;Brasschaat/Kalmthout - Klein Schietveld - Vennengebied;Kalmthout;Kalmthout;Antwerpen;ObsMapp;J;Goedgekeurd op basis van kennisregels - nabijheid;2007-01-01;3;;8;Libellen;Libellulidae;2026-07-08;634;S;zeldzaam
254116714;254116714;Zwarte heidelibel;Sympetrum danae;2022-09-04;9;2022-09-04;1;ter plaatse;gezien;imago;Man;159010.38215519694;227875.8806167217;4.49811506271362;51.3605728149414;FS0490;Brasschaat/Kalmthout - Klein Schietveld - Vennengebied;Kalmthout;Kalmthout;Antwerpen;ObsMapp;J;Goedgekeurd op basis van kennisregels - nabijheid;2007-01-01;3;;8;Libellen;Libellulidae;2026-07-08;634;S;zeldzaam
250884287;250884287;Zwarte heidelibel;Sympetrum danae;2022-07-30;7;2022-07-31;1;ter plaatse;gezien;imago;Man;158982.44312346066;227841.0286739599;4.49771308898926;51.3602600097656;FS0490;Brasschaat/Kalmthout - Klein Schietveld - Vennengebied;Kalmthout;Kalmthout;Antwerpen;ObsMapp;J;Goedgekeurd op basis van kennisregels - nabijheid;2007-01-01;3;;4;Libellen;Libellulidae;2026-07-08;634;S;zeldzaam
250884296;250884296;Zwarte heidelibel;Sympetrum danae;2022-07-30;7;2022-07-31;1;ter plaatse;gezien;imago;Vrouw;158943.77685037753;227919.90491158425;4.49715995788574;51.360969543457;FS0491;Brasschaat/Kalmthout - Klein Schietveld - Vennengebied;Kalmthout;Kalmthout;Antwerpen;ObsMapp;J;Goedgekeurd op basis van kennisregels - nabijheid;2007-01-01;3;;6;Libellen;Libellulidae;2026-07-08;634;S;zeldzaam
250884301;250884301;Zwarte heidelibel;Sympetrum danae;2022-07-30;7;2022-07-31;1;ter plaatse;gezien;imago;Man;158505.2057074485;228126.7064454602;4.49086856842041;51.3628349304199;FS0391;Brasschaat/Kalmthout - Klein Schietveld - Vennengebied;Kalmthout;Kalmthout;Antwerpen;ObsMapp;J;Goedgekeurd op basis van kennisregels - nabijheid;2007-01-01;3;;6;Libellen;Libellulidae;2026-07-08;634;S;zeldzaam
198999188;198999188;Zwarte heidelibel;Sympetrum danae;2020-08-22;8;2020-08-24;1;ter plaatse;gezien;imago;Man;158472.0001832311;228061.714119941;4.49039030075073;51.3622512817383;FS0391;Brasschaat/Kalmthout - Klein Schietveld - Vennengebied;Kalmthout;Kalmthout;Antwerpen;ObsMapp;J;Goedgekeurd op basis van expertoordeel;2007-01-01;3;;25;Libellen;Libellulidae;2026-07-08;634;S;zeldzaam
285057042;285057042;Zwarte heidelibel;Sympetrum danae;2023-08-20;8;2023-08-20;2;ter plaatse;gezien;imago;Vrouw;154523.51531435247;232513.24815948211;4.4337592124938965;51.402305603027344;ES9995;Grenspark Kalmthoutse Heide - Drielingvennen;Kalmthout;Kalmthout;Antwerpen;ObsMapp;J;Goedgekeurd op basis van kennisregels - nabijheid;1980-01-01;3;;4;Libellen;Libellulidae;2026-07-08;634;S;zeldzaam
285057015;285057015;Zwarte heidelibel;Sympetrum danae;2023-08-20;8;2023-08-20;1;ter plaatse;gezien;imago;Man;154517.0684882792;232523.42890798952;4.433666706085205;51.40239715576172;ES9995;Grenspark Kalmthoutse Heide - Drielingvennen;Kalmthout;Kalmthout;Antwerpen;ObsMapp;J;Goedgekeurd op basis van kennisregels - nabijheid;1980-01-01;3;;7;Libellen;Libellulidae;2026-07-08;634;S;zeldzaam
285056999;285056999;Zwarte heidelibel;Sympetrum danae;2023-08-20;8;2023-08-20;1;ter plaatse;gezien;imago;Man;154711.458068346;232566.04780411813;4.436460494995117;51.40277862548828;ES9995;Grenspark Kalmthoutse Heide - Drielingvennen;Kalmthout;Kalmthout;Antwerpen;ObsMapp;J;Goedgekeurd op basis van kennisregels - nabijheid;1980-01-01;3;;9;Libellen;Libellulidae;2026-07-08;634;S;zeldzaam
285056996;285056996;Zwarte heidelibel;Sympetrum danae;2023-08-20;8;2023-08-20;1;ter plaatse;gezien;imago;Vrouw;154712.78700600853;232564.3512865994;4.436479568481445;51.40276336669922;ES9995;Grenspark Kalmthoutse Heide - Drielingvennen;Kalmthout;Kalmthout;Antwerpen;ObsMapp;J;Goedgekeurd op basis van kennisregels - nabijheid;1980-01-01;3;;6;Libellen;Libellulidae;2026-07-08;634;S;zeldzaam
200207700;200207700:1919111;Zwarte heidelibel;Sympetrum danae;2020-09-16;9;2020-09-16;1;in copula;gezien;imago;Vrouw;154500.83336557238;232532.32773443032;4.43343353271484;51.4024772644043;ES9995;Grenspark Kalmthoutse Heide - Drielingvennen;Kalmthout;Kalmthout;Antwerpen;ObsMapp;J;Goedgekeurd op basis van expertoordeel;2007-01-01;3;;25;Libellen;Libellulidae;2026-07-08;634;S;zeldzaam
200207700;200207700:1919110;Zwarte heidelibel;Sympetrum danae;2020-09-16;9;2020-09-16;1;in copula;gezien;imago;Man;154500.83336557238;232532.32773443032;4.43343353271484;51.4024772644043;ES9995;Grenspark Kalmthoutse Heide - Drielingvennen;Kalmthout;Kalmthout;Antwerpen;ObsMapp;J;Goedgekeurd op basis van expertoordeel;2007-01-01;3;;25;Libellen;Libellulidae;2026-07-08;634;S;zeldzaam
200541904;200541904;Zwarte heidelibel;Sympetrum danae;2020-09-22;9;2020-09-22;1;ter plaatse;gezien;imago;Man;158545.25102725596;228072.44600520376;4.49144220352173;51.3623466491699;FS0391;Brasschaat/Kalmthout - Klein Schietveld - Vennengebied;Kalmthout;Kalmthout;Antwerpen;ObsMapp;J;Goedgekeurd op basis van expertoordeel;2007-01-01;3;;25;Libellen;Libellulidae;2026-07-08;634;S;zeldzaam
200541902;200541902;Zwarte heidelibel;Sympetrum danae;2020-09-22;9;2020-09-22;1;ter plaatse;gezien;imago;Man;158900.74077676004;227664.7491694409;4.49653577804565;51.3586769104004;FS0490;Brasschaat/Kalmthout - Klein Schietveld - Vennengebied;Kalmthout;Kalmthout;Antwerpen;ObsMapp;J;Goedgekeurd op basis van expertoordeel;2007-01-01;3;;25;Libellen;Libellulidae;2026-07-08;634;S;zeldzaam
200207699;200207699;Zwarte heidelibel;Sympetrum danae;2020-09-16;9;2020-09-16;1;ter plaatse;gezien;imago;Man;154500.83336557238;232532.32773443032;4.43343353271484;51.4024772644043;ES9995;Grenspark Kalmthoutse Heide - Drielingvennen;Kalmthout;Kalmthout;Antwerpen;ObsMapp;J;Goedgekeurd op basis van expertoordeel;2007-01-01;3;;25;Libellen;Libellulidae;2026-07-08;634;S;zeldzaam
200541901;200541901;Zwarte heidelibel;Sympetrum danae;2020-09-22;9;2020-09-22;1;ter plaatse;gezien;imago;Man;159095.63332674262;227618.8273996105;4.49933242797852;51.3582611083984;FS0490;Brasschaat/Kalmthout - Klein Schietveld - Vennengebied;Kalmthout;Kalmthout;Antwerpen;ObsMapp;J;Goedgekeurd op basis van expertoordeel;2007-01-01;3;;25;Libellen;Libellulidae;2026-07-08;634;S;zeldzaam
200541894;200541894;Zwarte heidelibel;Sympetrum danae;2020-09-22;9;2020-09-22;1;ter plaatse;gezien;imago;Man;159079.94692342897;227774.14022048932;4.49911117553711;51.3596572875977;FS0490;Brasschaat/Kalmthout - Klein Schietveld - Vennengebied;Kalmthout;Kalmthout;Antwerpen;ObsMapp;J;Goedgekeurd op basis van expertoordeel;2007-01-01;3;;25;Libellen;Libellulidae;2026-07-08;634;S;zeldzaam
281459031;281459031;Zwarte heidelibel;Sympetrum danae;2023-07-22;7;2023-07-22;1;ter plaatse;gezien;imago;Vrouw;154844.23024720044;232985.08987500984;4.438374042510986;51.40654373168945;FS0096;Grenspark Kalmthoutse Heide - Stappersven;Kalmthout;Kalmthout;Antwerpen;ObsMapp;J;Goedgekeurd op basis van kennisregels - nabijheid;1980-01-01;3;;8;Libellen;Libellulidae;2026-07-08;634;S;zeldzaam
228100398;228100398;Zwarte heidelibel;Sympetrum danae;2021-10-23;10;2021-10-23;1;ter plaatse;gezien;imago;Man;154852.4969695623;229408.82462482437;4.43844413757324;51.3744010925293;FS0092;Grenspark Kalmthoutse Heide - Nieuwe Gemeentebossen;Kalmthout;Kalmthout;Antwerpen;ObsMapp;J;Goedgekeurd op basis van kennisregels - nabijheid;2007-01-01;3;;4;Libellen;Libellulidae;2026-07-08;634;S;zeldzaam
327726349;327726349;Zwarte heidelibel;Sympetrum danae;2024-09-08;9;2024-09-11;1;ter plaatse;gezien;imago;Man;154485.4163204847;232516.61008183192;4.433211803436279;51.40233612060547;ES9995;Grenspark Kalmthoutse Heide - Drielingvennen;Kalmthout;Kalmthout;Antwerpen;ObsMapp;J;Goedgekeurd op basis van kennisregels - nabijheid;1980-01-01;3;;3;Libellen;Libellulidae;2026-07-08;634;S;zeldzaam
199349298;199349298;Zwarte heidelibel;Sympetrum danae;2020-08-29;8;2020-08-31;1;ter plaatse;gezien;imago;onbekend;198987.4273869661;215458.0030037593;5.070331;51.246947;FS4479;Retie - Witte Netevallei;Retie;Retie;Antwerpen;Site;J;Goedgekeurd op basis van bewijsmateriaal;1980-01-01;3;;25;Libellen;Libellulidae;2026-07-08;634;S;zeldzaam
281459021;281459021;Zwarte heidelibel;Sympetrum danae;2023-07-22;7;2023-07-22;1;ter plaatse;gezien;imago, niet uitgekleurd;Man;154866.3312229466;232808.54548361895;4.438689231872559;51.40495681762695;FS0095;Grenspark Kalmthoutse Heide - Stappersven;Kalmthout;Kalmthout;Antwerpen;ObsMapp;J;Goedgekeurd op basis van kennisregels - nabijheid;1980-01-01;3;;2;Libellen;Libellulidae;2026-07-08;634;S;zeldzaam
280455945;280455945;Zwarte heidelibel;Sympetrum danae;2023-07-14;7;2023-07-14;1;ter plaatse;onbekend;imago;Man;205483.47375653576;220366.46459509525;5.164111000000048;51.290474;FS5084;Postel - Ronde Put;Mol;Mol;Antwerpen;Site;J;Goedgekeurd op basis van bewijsmateriaal;1980-01-01;3;;30;Libellen;Libellulidae;2026-07-08;634;S;zeldzaam
199244852;199244852;Zwarte heidelibel;Sympetrum danae;2020-08-29;8;2020-08-29;1;ter plaatse;gezien;imago;Man;154637.7929293494;229998.15963163413;4.43536853790283;51.3796997070313;ES9993;Grenspark Kalmthoutse Heide - Nieuwe Gemeentebossen - Putse Moer;Kalmthout;Kalmthout;Antwerpen;ObsMapp;J;Goedgekeurd op basis van expertoordeel;2007-01-01;3;;25;Libellen;Libellulidae;2026-07-08;634;S;zeldzaam
199244871;199244871;Zwarte heidelibel;Sympetrum danae;2020-08-29;8;2020-08-29;1;ter plaatse;gezien;imago;Man;154845.58973676758;229374.4392517824;4.43834447860718;51.3740921020508;FS0092;Grenspark Kalmthoutse Heide - Nieuwe Gemeentebossen;Kalmthout;Kalmthout;Antwerpen;ObsMapp;J;Goedgekeurd op basis van expertoordeel;2007-01-01;3;;25;Libellen;Libellulidae;2026-07-08;634;S;zeldzaam
320097177;320097177;Zwarte heidelibel;Sympetrum danae;2024-07-20;7;2024-07-20;1;ter plaatse;gezien;imago, niet uitgekleurd;Vrouw;154595.7167606878;229973.08024342544;4.434763908386231;51.37947463989258;ES9993;Grenspark Kalmthoutse Heide - Nieuwe Gemeentebossen - Putse Moer;Kalmthout;Kalmthout;Antwerpen;ObsMapp;J;Goedgekeurd op basis van expertoordeel;1980-01-01;3;;2;Libellen;Libellulidae;2026-07-08;634;S;zeldzaam
320097183;320097183;Zwarte heidelibel;Sympetrum danae;2024-07-20;7;2024-07-20;1;ter plaatse;gezien;imago;Vrouw;154615.32668253695;229986.2552526612;4.4350457191467285;51.37959289550781;ES9993;Grenspark Kalmthoutse Heide - Nieuwe Gemeentebossen - Putse Moer;Kalmthout;Kalmthout;Antwerpen;ObsMapp;J;Goedgekeurd op basis van expertoordeel;1980-01-01;3;;2;Libellen;Libellulidae;2026-07-08;634;S;zeldzaam
320097187;320097187;Zwarte heidelibel;Sympetrum danae;2024-07-20;7;2024-07-20;1;ter plaatse;gezien;imago, niet uitgekleurd;Vrouw;155027.08797068452;229204.84224057943;4.440948486328125;51.37256622314453;FS0092;Grenspark Kalmthoutse Heide - Nieuwe Gemeentebossen;Kalmthout;Kalmthout;Antwerpen;ObsMapp;J;Goedgekeurd op basis van expertoordeel;1980-01-01;3;;3;Libellen;Libellulidae;2026-07-08;634;S;zeldzaam
225811283;225811283;Zwarte heidelibel;Sympetrum danae;2021-09-18;9;2021-09-18;1;ter plaatse;gezien;imago;Man;154580.09557753248;232512.874081892;4.43457221984863;51.4023017883301;ES9995;Grenspark Kalmthoutse Heide - Drielingvennen;Kalmthout;Kalmthout;Antwerpen;ObsMapp;J;Goedgekeurd op basis van kennisregels - nabijheid;2007-01-01;3;;8;Libellen;Libellulidae;2026-07-08;634;S;zeldzaam
225917654;225917654;Zwarte heidelibel;Sympetrum danae;2021-09-19;9;2021-09-19;1;ter plaatse;onbekend;imago;Man;206705.70670991176;212296.5815386372;5.1803648;51.217825;FS5276;Mol - Buitengoor;Mol;Mol;Antwerpen;Site;J;Goedgekeurd op basis van bewijsmateriaal;1980-01-01;3;;15;Libellen;Libellulidae;2026-07-08;634;S;zeldzaam
249410336;249410336;Zwarte heidelibel;Sympetrum danae;2022-07-17;7;2022-07-17;1;ter plaatse;gezien;imago;Man;154928.9609042136;229484.4462125525;4.4395432472229;51.3750801086426;FS0092;Grenspark Kalmthoutse Heide - Nieuwe Gemeentebossen;Kalmthout;Kalmthout;Antwerpen;ObsMapp;J;Goedgekeurd op basis van kennisregels - nabijheid;2007-01-01;3;;8;Libellen;Libellulidae;2026-07-08;634;S;zeldzaam
275214006;275214006;Zwarte heidelibel;Sympetrum danae;2022-08-25;8;2023-06-07;1;ter plaatse;onbekend;imago;Man;223036.5396286794;216876.36341424935;5.41499853134155;51.2571487426758;FS6881;Neerpelt - Het Hageven;Neerpelt;Neerpelt;Limburg;Meetnetten.be;J;Goedgekeurd op basis van kennisregels - nabijheid;2023-08-24;3;meetnetten.be: life stage: imago_ activity: present;10;Libellen;Libellulidae;2026-07-08;634;S;zeldzaam
281458991;281458991;Zwarte heidelibel;Sympetrum danae;2023-07-22;7;2023-07-22;1;ter plaatse;gezien;imago, niet uitgekleurd;Man;154486.20604969695;232524.25060990543;4.433223247528076;51.40240478515625;ES9995;Grenspark Kalmthoutse Heide - Drielingvennen;Kalmthout;Kalmthout;Antwerpen;ObsMapp;J;Goedgekeurd op basis van kennisregels - nabijheid;1980-01-01;3;;3;Libellen;Libellulidae;2026-07-08;634;S;zeldzaam
275213757;275213757;Zwarte heidelibel;Sympetrum danae;2022-08-04;8;2023-06-07;1;ter plaatse;onbekend;imago;onbekend;223058.1472043396;216892.7972824648;5.41531133651733;51.2572937011719;FS6881;Neerpelt - Het Hageven;Neerpelt;Neerpelt;Limburg;Meetnetten.be;J;Goedgekeurd op basis van kennisregels - nabijheid;2023-08-03;3;meetnetten.be: life stage: imago_ activity: present;10;Libellen;Libellulidae;2026-07-08;634;S;zeldzaam
225129843;225129843;Zwarte heidelibel;Sympetrum danae;2021-09-08;9;2021-09-08;1;ter plaatse;onbekend;imago;onbekend;222777.22412000905;216914.73405013885;5.41129207611084;51.2575263977051;FS6881;Neerpelt - Het Hageven;Lommel;Lommel;Limburg;ObsMapp;J;Goedgekeurd op basis van expertoordeel;2007-01-01;3;;5;Libellen;Libellulidae;2026-07-08;634;S;zeldzaam
252509587;252509587;Zwarte heidelibel;Sympetrum danae;2022-08-16;8;2022-08-16;1;foeragerend;gezien;imago;Man;210826.998434617;207277.4725468261;5.238504;51.172294;FS5671;Balen - De Most;Balen;Balen;Antwerpen;Site;J;Goedgekeurd op basis van bewijsmateriaal;1980-01-01;4;;25;Libellen;Libellulidae;2026-07-08;634;S;zeldzaam
321477403;321477403;Zwarte heidelibel;Sympetrum danae;2024-07-27;7;2024-07-27;1;ter plaatse;onbekend;imago;Man;206028.1914733296;219825.80359584183;5.171834999999987;51.285562;FS5183;Postel - Omgeving Ronde Put;Mol;Mol;Antwerpen;Site;J;Goedgekeurd op basis van bewijsmateriaal;1980-01-01;3;;30;Libellen;Libellulidae;2026-07-08;634;S;zeldzaam
362425829;362425829;Zwarte heidelibel;Sympetrum danae;2025-07-12;7;2025-07-12;1;ter plaatse;onbekend;imago;Vrouw;218981.55396183263;207503.40146249344;5.355133603474571;51.17340783423151;FS6471;Eksel - Pijnven;Hechtel-Eksel;Eksel;Limburg;Observation;J;Goedgekeurd op basis van expertoordeel;1980-01-01;4;;4;Libellen;Libellulidae;2026-07-08;634;S;zeldzaam
197232182;197232182;Zwarte heidelibel;Sympetrum danae;2020-07-28;7;2020-07-28;1;ter plaatse;onbekend;imago;Vrouw;210702.10461845488;206856.8930729432;5.236648;51.168527;FS5670;Balen - De Most;Balen;Balen;Antwerpen;Site;J;Goedgekeurd op basis van bewijsmateriaal;1980-01-01;3;;25;Libellen;Libellulidae;2026-07-08;634;S;zeldzaam
362425906;362425906;Zwarte heidelibel;Sympetrum danae;2025-07-12;7;2025-07-12;1;ter plaatse;onbekend;imago;Man;219083.73813854583;208463.09532412517;5.356777291652678;51.18202109548292;FS6472;Eksel - Pijnven;Overpelt;Overpelt;Limburg;Observation;J;Goedgekeurd op basis van bewijsmateriaal;1980-01-01;4;;4;Libellen;Libellulidae;2026-07-08;634;S;zeldzaam
197231936;197231936;Zwarte heidelibel;Sympetrum danae;2020-07-28;7;2020-07-28;1;ter plaatse;onbekend;imago;Vrouw;210702.10461845488;206856.8930729432;5.236648;51.168527;FS5670;Balen - De Most;Balen;Balen;Antwerpen;Site;J;Goedgekeurd op basis van bewijsmateriaal;1980-01-01;3;;25;Libellen;Libellulidae;2026-07-08;634;S;zeldzaam
249191540;249191540;Zwarte heidelibel;Sympetrum danae;2022-07-15;7;2022-07-15;1;ter plaatse;gezien;imago;Vrouw;217131.96927226768;197169.25119118855;5.3267813;51.080743;FS6261;Koersel - Koerselse heide noord;Beringen;Koersel;Limburg;Site;J;Goedgekeurd op basis van bewijsmateriaal;1980-01-01;4;;15;Libellen;Libellulidae;2026-07-08;634;S;zeldzaam
198068251;198068251;Zwarte heidelibel;Sympetrum danae;2020-08-09;8;2020-08-09;1;ter plaatse;gezien;imago;Man;158424.55602110623;228111.71871611755;4.48971033096313;51.3627014160156;FS0391;Brasschaat/Kalmthout - Klein Schietveld - Vennengebied;Kalmthout;Kalmthout;Antwerpen;ObsMapp;J;Goedgekeurd op basis van expertoordeel;2007-01-01;3;;25;Libellen;Libellulidae;2026-07-08;634;S;zeldzaam
197593323;197593323;Zwarte heidelibel;Sympetrum danae;2020-08-02;8;2020-08-02;1;ter plaatse;gezien;imago;Man;154947.22662328105;232607.0161109548;4.43984889984131;51.4031448364258;FS0095;Grenspark Kalmthoutse Heide - Stappersven;Kalmthout;Kalmthout;Antwerpen;ObsMapp;J;Goedgekeurd op basis van expertoordeel;2007-01-01;3;;25;Libellen;Libellulidae;2026-07-08;634;S;zeldzaam
197593312;197593312;Zwarte heidelibel;Sympetrum danae;2020-08-02;8;2020-08-02;1;ter plaatse;gezien;imago;Man;154722.01930779082;232556.7199626742;4.43661212921143;51.4026947021484;ES9995;Grenspark Kalmthoutse Heide - Vossenbergen;Kalmthout;Kalmthout;Antwerpen;ObsMapp;J;Goedgekeurd op basis van expertoordeel;2007-01-01;3;;25;Libellen;Libellulidae;2026-07-08;634;S;zeldzaam
224790567;224790567;Zwarte heidelibel;Sympetrum danae;2021-09-04;9;2021-09-04;1;ter plaatse;gezien;imago;Man;154179.94707662248;234103.31970343925;4.42884111404419;51.4165992736816;ES9997;Grenspark Kalmthoutse Heide - De Nol (Ontoegankelijk);Kalmthout;Kalmthout;Antwerpen;ObsMapp;J;Goedgekeurd op basis van expertoordeel;2007-01-01;3;;5;Libellen;Libellulidae;2026-07-08;634;S;zeldzaam
326476787;326476787;Zwarte heidelibel;Sympetrum danae;2024-08-31;8;2024-08-31;2;ter plaatse;gezien;imago;Man;154478.55861963338;232503.44657744933;4.433113098144531;51.40221786499024;ES9995;Grenspark Kalmthoutse Heide - Drielingvennen;Kalmthout;Kalmthout;Antwerpen;ObsMapp;J;Goedgekeurd op basis van kennisregels - nabijheid;1980-01-01;3;;3;Libellen;Libellulidae;2026-07-08;634;S;zeldzaam
326476790;326476790;Zwarte heidelibel;Sympetrum danae;2024-08-31;8;2024-08-31;1;ter plaatse;gezien;imago;Man;154439.12556108242;232514.44750765897;4.432546615600586;51.40231704711914;ES9995;Grenspark Kalmthoutse Heide - Drielingvennen;Kalmthout;Kalmthout;Antwerpen;ObsMapp;J;Goedgekeurd op basis van kennisregels - nabijheid;1980-01-01;3;;2;Libellen;Libellulidae;2026-07-08;634;S;zeldzaam
326476795;326476795;Zwarte heidelibel;Sympetrum danae;2024-08-31;8;2024-08-31;1;ter plaatse;gezien;imago;Man;154085.38580341262;232295.56843232084;4.42746114730835;51.400352478027344;ES9995;Grenspark Kalmthoutse Heide - Kambuusduinen;Kalmthout;Kalmthout;Antwerpen;ObsMapp;J;Goedgekeurd op basis van kennisregels - nabijheid;1980-01-01;3;;3;Libellen;Libellulidae;2026-07-08;634;S;zeldzaam
197231707;197231707;Zwarte heidelibel;Sympetrum danae;2020-07-28;7;2020-07-28;1;ter plaatse;onbekend;imago, niet uitgekleurd;Man;210702.10461845488;206856.8930729432;5.236648;51.168527;FS5670;Balen - De Most;Balen;Balen;Antwerpen;Site;J;Goedgekeurd op basis van bewijsmateriaal;1980-01-01;3;;25;Libellen;Libellulidae;2026-07-08;634;S;zeldzaam
326476832;326476832;Zwarte heidelibel;Sympetrum danae;2024-08-31;8;2024-08-31;2;ter plaatse;gezien;imago;Man;154817.48651189436;232702.3903359566;4.437985897064209;51.40400314331055;FS0095;Grenspark Kalmthoutse Heide - Stappersven - Heide NO van Keetheuvel;Kalmthout;Kalmthout;Antwerpen;ObsMapp;J;Goedgekeurd op basis van kennisregels - nabijheid;1980-01-01;3;;9;Libellen;Libellulidae;2026-07-08;634;S;zeldzaam
224182993;224182993;Zwarte heidelibel;Sympetrum danae;2021-08-28;8;2021-08-28;1;ter plaatse;gezien;imago;Man;155145.99806829132;232575.37939912823;4.44270467758179;51.4028587341309;FS0095;Grenspark Kalmthoutse Heide - De Ster;Kalmthout;Kalmthout;Antwerpen;ObsMapp;J;Goedgekeurd op basis van expertoordeel;2007-01-01;3;;8;Libellen;Libellulidae;2026-07-08;634;S;zeldzaam
224182987;224182987:2308847;Zwarte heidelibel;Sympetrum danae;2021-08-28;8;2021-08-28;1;in copula;gezien;imago;Vrouw;154477.92439259615;232507.690374678;4.43310403823853;51.4022560119629;ES9995;Grenspark Kalmthoutse Heide - Drielingvennen;Kalmthout;Kalmthout;Antwerpen;ObsMapp;J;Goedgekeurd op basis van expertoordeel;2007-01-01;3;;7;Libellen;Libellulidae;2026-07-08;634;S;zeldzaam
327684314;327684314;Zwarte heidelibel;Sympetrum danae;2024-09-07;9;2024-09-10;5;ter plaatse;gezien;imago;Man;216663.32338918056;196799.2391363252;5.320026397312176;51.07747148650238;FS6261;Koersel - Koerselse heide noord;Beringen;Koersel;Limburg;iObs;J;Goedgekeurd op basis van kennisregels - automatische beeldherkenning (NIA);1980-01-01;4;;25;Libellen;Libellulidae;2026-07-08;634;S;zeldzaam
224182987;224182987:2308846;Zwarte heidelibel;Sympetrum danae;2021-08-28;8;2021-08-28;1;in copula;gezien;imago;Man;154477.92439259615;232507.690374678;4.43310403823853;51.4022560119629;ES9995;Grenspark Kalmthoutse Heide - Drielingvennen;Kalmthout;Kalmthout;Antwerpen;ObsMapp;J;Goedgekeurd op basis van expertoordeel;2007-01-01;3;;7;Libellen;Libellulidae;2026-07-08;634;S;zeldzaam
326633380;326633380;Zwarte heidelibel;Sympetrum danae;2024-09-01;9;2024-09-01;1;ter plaatse;gezien;imago;Man;155805.292582757;233610.8599644201;4.452195167541504;51.41215896606445;FS0096;Grenspark Kalmthoutse Heide - Boterbergen;Kalmthout;Kalmthout;Antwerpen;ObsMapp;J;Goedgekeurd op basis van kennisregels - nabijheid;1980-01-01;3;;7;Libellen;Libellulidae;2026-07-08;634;S;zeldzaam
245810893;245810893;Zwarte heidelibel;Sympetrum danae;2022-06-17;6;2022-06-17;1;ter plaatse;gezien;imago, niet uitgekleurd;Vrouw;158935.46899615895;227892.34848096687;4.49704;51.360722;FS0491;Brasschaat/Kalmthout - Klein Schietveld - Vennengebied;Kalmthout;Kalmthout;Antwerpen;ObsMapp;J;Goedgekeurd op basis van kennisregels - automatische beeldherkenning (NIA);2007-01-01;3;;7;Libellen;Libellulidae;2026-07-08;634;S;zeldzaam
220152524;220152524;Zwarte heidelibel;Sympetrum danae;2021-07-17;7;2021-07-17;1;ter plaatse;gezien;imago, niet uitgekleurd;Man;154849.99231247316;229388.8740401184;4.43840789794922;51.3742218017578;FS0092;Grenspark Kalmthoutse Heide - Nieuwe Gemeentebossen;Kalmthout;Kalmthout;Antwerpen;ObsMapp;J;Goedgekeurd op basis van expertoordeel;2007-01-01;3;;2;Libellen;Libellulidae;2026-07-08;634;S;zeldzaam
286809462;286809462;Zwarte heidelibel;Sympetrum danae;2023-09-03;9;2023-09-03;1;ter plaatse;gezien;imago;Man;155019.59247249033;232582.0448716097;4.440888404846191;51.40291976928711;FS0095;Grenspark Kalmthoutse Heide - De Ster;Kalmthout;Kalmthout;Antwerpen;ObsMapp;J;Goedgekeurd op basis van kennisregels - nabijheid;1980-01-01;3;;11;Libellen;Libellulidae;2026-07-08;634;S;zeldzaam
286809458;286809458;Zwarte heidelibel;Sympetrum danae;2023-09-03;9;2023-09-03;1;ter plaatse;gezien;imago;Man;154714.49466182844;232547.79988047943;4.436503887176514;51.40261459350586;ES9995;Grenspark Kalmthoutse Heide - Vossenbergen;Kalmthout;Kalmthout;Antwerpen;ObsMapp;J;Goedgekeurd op basis van kennisregels - nabijheid;1980-01-01;3;;9;Libellen;Libellulidae;2026-07-08;634;S;zeldzaam
362479025;362479025;Zwarte heidelibel;Sympetrum danae;2025-07-12;7;2025-07-12;1;ter plaatse;gezien;imago;Man;219089.32581567712;208461.10485551413;5.356856816874988;51.1820025369197;FS6472;Eksel - Pijnven;Overpelt;Overpelt;Limburg;iObs;J;Goedgekeurd op basis van bewijsmateriaal;1980-01-01;4;;14;Libellen;Libellulidae;2026-07-08;634;S;zeldzaam
286809445;286809445:3138067;Zwarte heidelibel;Sympetrum danae;2023-09-03;9;2023-09-03;1;eileggend;gezien;imago;Vrouw;154506.9460578826;232524.69328264703;4.433521270751953;51.40240859985352;ES9995;Grenspark Kalmthoutse Heide - Drielingvennen;Kalmthout;Kalmthout;Antwerpen;ObsMapp;J;Goedgekeurd op basis van kennisregels - nabijheid;1980-01-01;3;;7;Libellen;Libellulidae;2026-07-08;634;S;zeldzaam
286809445;286809445:3138066;Zwarte heidelibel;Sympetrum danae;2023-09-03;9;2023-09-03;1;eileggend;gezien;imago;Man;154506.9460578826;232524.69328264703;4.433521270751953;51.40240859985352;ES9995;Grenspark Kalmthoutse Heide - Drielingvennen;Kalmthout;Kalmthout;Antwerpen;ObsMapp;J;Goedgekeurd op basis van kennisregels - nabijheid;1980-01-01;3;;7;Libellen;Libellulidae;2026-07-08;634;S;zeldzaam
286809440;286809440;Zwarte heidelibel;Sympetrum danae;2023-09-03;9;2023-09-03;2;ter plaatse;gezien;imago;Man;154428.1337141882;232523.3511170661;4.432388782501221;51.40239715576172;ES9995;Grenspark Kalmthoutse Heide - Drielingvennen;Kalmthout;Kalmthout;Antwerpen;ObsMapp;J;Goedgekeurd op basis van kennisregels - nabijheid;1980-01-01;3;;10;Libellen;Libellulidae;2026-07-08;634;S;zeldzaam
286809437;286809437;Zwarte heidelibel;Sympetrum danae;2023-09-03;9;2023-09-03;1;ter plaatse;gezien;imago;Man;154417.9150525648;232520.79566513;4.432241916656494;51.402374267578125;ES9995;Grenspark Kalmthoutse Heide - Zwarte Heuvelen - Trektelpost;Kalmthout;Kalmthout;Antwerpen;ObsMapp;J;Goedgekeurd op basis van bewijsmateriaal;1980-01-01;3;;5;Libellen;Libellulidae;2026-07-08;634;S;zeldzaam
286809434;286809434;Zwarte heidelibel;Sympetrum danae;2023-09-03;9;2023-09-03;1;ter plaatse;gezien;imago;Man;154296.01110916832;232461.6952672638;4.430489540100098;51.4018440246582;ES9995;Grenspark Kalmthoutse Heide - Drielingvennen;Kalmthout;Kalmthout;Antwerpen;ObsMapp;J;Goedgekeurd op basis van kennisregels - nabijheid;1980-01-01;3;;8;Libellen;Libellulidae;2026-07-08;634;S;zeldzaam
286809429;286809429;Zwarte heidelibel;Sympetrum danae;2023-09-03;9;2023-09-03;1;ter plaatse;gezien;imago;Man;154305.51489378995;232446.423598025;4.430625915527344;51.40170669555664;ES9995;Grenspark Kalmthoutse Heide - Drielingvennen;Kalmthout;Kalmthout;Antwerpen;ObsMapp;J;Goedgekeurd op basis van kennisregels - nabijheid;1980-01-01;3;;5;Libellen;Libellulidae;2026-07-08;634;S;zeldzaam
286809419;286809419;Zwarte heidelibel;Sympetrum danae;2023-09-03;9;2023-09-03;2;ter plaatse;gezien;imago;Man;154245.26840289158;232465.04834796488;4.429760456085205;51.40187454223633;ES9995;Grenspark Kalmthoutse Heide - Drielingvennen;Kalmthout;Kalmthout;Antwerpen;ObsMapp;J;Goedgekeurd op basis van bewijsmateriaal;1980-01-01;3;;8;Libellen;Libellulidae;2026-07-08;634;S;zeldzaam
362479009;362479009;Zwarte heidelibel;Sympetrum danae;2025-07-12;7;2025-07-12;1;ter plaatse;gezien;imago;Vrouw;218986.1329366397;207497.34291040897;5.355197919525126;51.17335283429765;FS6471;Eksel - Pijnven;Hechtel-Eksel;Eksel;Limburg;iObs;J;Goedgekeurd op basis van expertoordeel;1980-01-01;4;;14;Libellen;Libellulidae;2026-07-08;634;S;zeldzaam
287242077;287242077;Zwarte heidelibel;Sympetrum danae;2023-09-06;9;2023-09-08;3;ter plaatse;gezien;imago;Man;223041.52492245333;216817.26813553929;5.415058000000045;51.256617;FS6881;Neerpelt - Het Hageven;Neerpelt;Neerpelt;Limburg;iObs;J;Goedgekeurd op basis van bewijsmateriaal;2024-09-06;4;;35;Libellen;Libellulidae;2026-07-08;634;S;zeldzaam
223982308;223982308;Zwarte heidelibel;Sympetrum danae;2021-08-25;8;2021-08-25;1;ter plaatse;gezien;imago;Man;154843.62616569773;232641.7207240183;4.43836069107056;51.4034576416016;FS0095;Grenspark Kalmthoutse Heide - Drielingvennen;Kalmthout;Kalmthout;Antwerpen;ObsMapp;J;Goedgekeurd op basis van expertoordeel;2007-01-01;3;;8;Libellen;Libellulidae;2026-07-08;634;S;zeldzaam
223499200;223499200;Zwarte heidelibel;Sympetrum danae;2021-08-20;8;2021-08-20;3;ter plaatse;gezien;imago, niet uitgekleurd;Man;154508.04863322753;232516.2055486105;4.43353700637817;51.4023323059082;ES9995;Grenspark Kalmthoutse Heide - Drielingvennen;Kalmthout;Kalmthout;Antwerpen;ObsMapp;J;Goedgekeurd op basis van expertoordeel;2007-01-01;3;;9;Libellen;Libellulidae;2026-07-08;634;S;zeldzaam
223499196;223499196;Zwarte heidelibel;Sympetrum danae;2021-08-20;8;2021-08-20;1;ter plaatse;gezien;imago;Man;154493.70129610755;232529.3504147958;4.43333101272583;51.4024505615234;ES9995;Grenspark Kalmthoutse Heide - Drielingvennen;Kalmthout;Kalmthout;Antwerpen;ObsMapp;J;Goedgekeurd op basis van expertoordeel;2007-01-01;3;;11;Libellen;Libellulidae;2026-07-08;634;S;zeldzaam
285915970;285915970;Zwarte heidelibel;Sympetrum danae;2023-08-27;8;2023-08-27;1;ter plaatse;gezien;imago;Vrouw;154487.23924210292;232519.15829290915;4.4332380294799805;51.40235900878906;ES9995;Grenspark Kalmthoutse Heide - Drielingvennen;Kalmthout;Kalmthout;Antwerpen;ObsMapp;J;Goedgekeurd op basis van expertoordeel;1980-01-01;3;;7;Libellen;Libellulidae;2026-07-08;634;S;zeldzaam
285915969;285915969;Zwarte heidelibel;Sympetrum danae;2023-08-27;8;2023-08-27;1;ter plaatse;gezien;imago;Vrouw;154384.98236992344;232497.84780808075;4.431768417358398;51.40216827392578;ES9995;Grenspark Kalmthoutse Heide - Zwarte Heuvelen - Trektelpost;Kalmthout;Kalmthout;Antwerpen;ObsMapp;J;Goedgekeurd op basis van expertoordeel;1980-01-01;3;;13;Libellen;Libellulidae;2026-07-08;634;S;zeldzaam
327513765;327513765;Zwarte heidelibel;Sympetrum danae;2024-09-08;9;2024-09-08;1;ter plaatse;onbekend;onbekend;Vrouw;204711.04584840103;220135.82835229769;5.153004169464111;51.28847503662109;FS5084;Postel - Omgeving Ronde Put;Mol;Mol;Antwerpen;ObsMapp;J;Goedgekeurd op basis van kennisregels - nabijheid;1980-01-01;3;;5;Libellen;Libellulidae;2026-07-08;634;S;zeldzaam
200426056;200426056;Zwarte heidelibel;Sympetrum danae;2020-09-20;9;2020-09-20;1;ter plaatse;onbekend;imago;Man;204925.0702623932;220190.16279626545;5.1560801;51.288943;FS5084;Postel - Omgeving Ronde Put;Mol;Mol;Antwerpen;Site;J;Goedgekeurd op basis van bewijsmateriaal;1980-01-01;3;;7;Libellen;Libellulidae;2026-07-08;634;S;zeldzaam
249635772;249635772;Zwarte heidelibel;Sympetrum danae;2022-07-17;7;2022-07-19;1;ter plaatse;gezien;imago;Man;209232.5169116901;202031.52829376608;5.2148516;51.125309;FS5466;Ham - Immertse bossen;Ham;Oostham;Limburg;Site;J;Goedgekeurd op basis van expertoordeel;1980-01-01;3;;7;Libellen;Libellulidae;2026-07-08;634;S;zeldzaam
323795144;323795144;Zwarte heidelibel;Sympetrum danae;2024-08-11;8;2024-08-11;1;ter plaatse;gezien;imago;Vrouw;210927.3343772252;207470.7962742709;5.239970999999969;51.174021;FS5671;Balen - De Most;Balen;Balen;Antwerpen;Site;J;Goedgekeurd op basis van kennisregels - nabijheid;1980-01-01;3;;7;Libellen;Libellulidae;2026-07-08;634;S;zeldzaam
225455788;225455788;Zwarte heidelibel;Sympetrum danae;2021-09-12;9;2021-09-12;1;ter plaatse;onbekend;imago;Man;211041.3998392964;207233.5949020637;5.241562;51.171877;FS5671;Balen - De Most;Balen;Balen;Antwerpen;Site;J;Goedgekeurd op basis van kennisregels - automatische beeldherkenning (NIA);1980-01-01;3;;25;Libellen;Libellulidae;2026-07-08;634;S;zeldzaam
316749792;316749792;Zwarte heidelibel;Sympetrum danae;2024-06-29;6;2024-06-29;1;ter plaatse;onbekend;imago;Vrouw;205886.0166458041;220239.40360100477;5.169861316680908;51.28929309618333;FS5184;Postel - Ronde Put;Mol;Mol;Antwerpen;Site;J;Goedgekeurd op basis van bewijsmateriaal;1980-01-01;3;;30;Libellen;Libellulidae;2026-07-08;634;S;zeldzaam
226380487;226380487;Zwarte heidelibel;Sympetrum danae;2021-09-26;9;2021-09-26;1;ter plaatse;onbekend;imago;Man;207227.97524956765;213371.43333412983;5.1880091;51.227434;FS5277;Mol - Klein Verkallen;Mol;Mol;Antwerpen;Site;J;Goedgekeurd op basis van bewijsmateriaal;1980-01-01;3;;7;Libellen;Libellulidae;2026-07-08;634;S;zeldzaam
195084088;195084088;Zwarte heidelibel;Sympetrum danae;2020-06-27;6;2020-06-27;1;ter plaatse;onbekend;imago;Vrouw;205594.24589230717;220330.15735315625;5.1656932;51.290137;FS5184;Postel - Ronde Put;Mol;Mol;Antwerpen;Site;J;Goedgekeurd op basis van bewijsmateriaal;1980-01-01;3;;7;Libellen;Libellulidae;2026-07-08;634;S;zeldzaam
225456514;225456514;Zwarte heidelibel;Sympetrum danae;2021-09-12;9;2021-09-12;2;in copula;onbekend;imago;onbekend;210643.1945950809;206955.00317826492;5.2358222;51.169415;FS5671;Balen - De Most;Balen;Balen;Antwerpen;Site;J;Goedgekeurd op basis van kennisregels - automatische beeldherkenning (NIA);1980-01-01;3;;30;Libellen;Libellulidae;2026-07-08;634;S;zeldzaam
289038525;289038525;Zwarte heidelibel;Sympetrum danae;2023-09-27;9;2023-09-27;1;ter plaatse;onbekend;imago;Man;154313.6350724348;234524.17846342176;4.4307678;51.4203808;ES9997;Grenspark Kalmthoutse Heide - De Nol (Ontoegankelijk);Kalmthout;Kalmthout;Antwerpen;ObsIdentify;J;Goedgekeurd op basis van bewijsmateriaal;1980-01-01;3;;11;Libellen;Libellulidae;2026-07-08;634;S;zeldzaam
255360161;255360161;Zwarte heidelibel;Sympetrum danae;2022-09-21;9;2022-09-23;1;ter plaatse;onbekend;onbekend;Man;194533.39105059076;228125.44939554203;5.00810956954956;51.3611602783203;FS3991;Ravels - Gewestbossen Zuid;Ravels;Ravels;Antwerpen;ObsMapp;J;Goedgekeurd op basis van kennisregels - nabijheid;2007-01-01;3;;8;Libellen;Libellulidae;2026-07-08;634;S;zeldzaam
256894685;256894685;Zwarte heidelibel;Sympetrum danae;2022-10-04;10;2022-10-13;1;ter plaatse;onbekend;imago;onbekend;189899.4016150717;229254.50460716244;4.9417090411589015;51.37164809741521;FS3592;Turnhouts Vennengebied - Kleine en Grote Klotteraard;Turnhout;Turnhout;Antwerpen;Site;J;Goedgekeurd op basis van kennisregels - nabijheid;1980-01-01;3;;15;Libellen;Libellulidae;2026-07-08;634;S;zeldzaam
250750932;250750932;Zwarte heidelibel;Sympetrum danae;2022-07-29;7;2022-07-29;1;ter plaatse;onbekend;imago;Man;191935.8162562512;229485.2713420168;4.97097730636597;51.3735771179199;FS3793;Turnhouts Vennengebied;Turnhout;Turnhout;Antwerpen;ObsMapp;J;Goedgekeurd op basis van expertoordeel;2007-01-01;3;;6;Libellen;Libellulidae;2026-07-08;634;S;zeldzaam
325332541;325332541;Zwarte heidelibel;Sympetrum danae;2024-08-21;8;2024-08-22;1;ter plaatse;onbekend;imago;Vrouw;154910.12118192107;231540.37632203475;4.439301013946533;51.39355850219727;FS0094;Grenspark Kalmthoutse Heide - Vossenbergen;Kalmthout;Kalmthout;Antwerpen;ObsMapp;J;Goedgekeurd op basis van expertoordeel;1980-01-01;3;;7;Libellen;Libellulidae;2026-07-08;634;S;zeldzaam
251239948;251239948;Zwarte heidelibel;Sympetrum danae;2022-08-02;8;2022-08-03;5;ter plaatse;onbekend;imago;onbekend;195340.93328824855;228335.94693967048;5.0197291;51.362989;FS4092;Ravels - Gewestbossen Zuid;Ravels;Ravels;Antwerpen;Site;J;Goedgekeurd op basis van kennisregels - nabijheid;1980-01-01;3;;15;Libellen;Libellulidae;2026-07-08;634;S;zeldzaam
251239918;251239918;Zwarte heidelibel;Sympetrum danae;2022-08-02;8;2022-08-03;2;ter plaatse;onbekend;imago;Man;194574.49390272627;228127.55314036735;5.0086999;51.361176;FS3991;Ravels - Gewestbossen Zuid;Ravels;Ravels;Antwerpen;Site;J;Goedgekeurd op basis van kennisregels - nabijheid;1980-01-01;3;;15;Libellen;Libellulidae;2026-07-08;634;S;zeldzaam
325332547;325332547;Zwarte heidelibel;Sympetrum danae;2024-08-21;8;2024-08-22;1;ter plaatse;onbekend;imago;Man;154828.57742933216;231568.7358061429;4.438129901885986;51.39381408691406;FS0094;Grenspark Kalmthoutse Heide - Vossenbergen;Kalmthout;Kalmthout;Antwerpen;ObsMapp;J;Goedgekeurd op basis van kennisregels - nabijheid;1980-01-01;3;;4;Libellen;Libellulidae;2026-07-08;634;S;zeldzaam
252528895;252528895;Zwarte heidelibel;Sympetrum danae;2022-08-16;8;2022-08-16;1;ter plaatse;onbekend;imago;Man;194550.0337285168;228132.79415496247;5.0083494;51.361225;FS3991;Ravels - Gewestbossen Zuid;Ravels;Ravels;Antwerpen;Site;J;Goedgekeurd op basis van kennisregels - nabijheid;1980-01-01;3;;15;Libellen;Libellulidae;2026-07-08;634;S;zeldzaam
252528866;252528866;Zwarte heidelibel;Sympetrum danae;2022-08-16;8;2022-08-16;1;eileggend;onbekend;imago;Vrouw;189865.5820904901;229312.09037106205;4.9412298;51.372168;FS3593;Turnhouts Vennengebied - Kleine en Grote Klotteraard;Turnhout;Turnhout;Antwerpen;Site;J;Goedgekeurd op basis van kennisregels - nabijheid;1980-01-01;3;;30;Libellen;Libellulidae;2026-07-08;634;S;zeldzaam
288139461;288139461;Zwarte heidelibel;Sympetrum danae;2023-09-12;9;2023-09-16;1;ter plaatse;onbekend;onbekend;Man;153243.4472377632;233817.84055175356;4.415377616882324;51.414039611816406;ES9896;Grenspark Kalmthoutse Heide - Biezenkuilen;Kalmthout;Kalmthout;Antwerpen;ObsMapp;J;Goedgekeurd op basis van kennisregels - nabijheid;1980-01-01;3;;6;Libellen;Libellulidae;2026-07-08;634;S;zeldzaam
288139487;288139487;Zwarte heidelibel;Sympetrum danae;2023-09-11;9;2023-09-16;5;ter plaatse;onbekend;onbekend;Man;154910.5854103164;231402.43586732075;4.439305782318115;51.39231872558594;FS0094;Grenspark Kalmthoutse Heide - Vossenbergen;Kalmthout;Kalmthout;Antwerpen;ObsMapp;J;Goedgekeurd op basis van expertoordeel;1980-01-01;3;;5;Libellen;Libellulidae;2026-07-08;634;S;zeldzaam
219460824;219460824;Zwarte heidelibel;Sympetrum danae;2021-07-09;7;2021-07-09;1;ter plaatse;onbekend;imago;Vrouw;205523.06413104365;220304.803798574;5.164669;51.289916;FS5084;Postel - Ronde Put;Mol;Mol;Antwerpen;Site;J;Goedgekeurd op basis van bewijsmateriaal;1980-01-01;3;;25;Libellen;Libellulidae;2026-07-08;634;S;zeldzaam
199873151;199873151;Zwarte heidelibel;Sympetrum danae;2020-09-10;9;2020-09-10;1;ter plaatse;onbekend;imago;Man;210698.5032622866;206847.8388828896;5.236595;51.168446;FS5670;Balen - De Most;Balen;Balen;Antwerpen;Site;J;Goedgekeurd op basis van bewijsmateriaal;1980-01-01;3;;25;Libellen;Libellulidae;2026-07-08;634;S;zeldzaam
322104499;322104499;Zwarte heidelibel;Sympetrum danae;2024-07-24;7;2024-07-31;1;ter plaatse;onbekend;imago;Vrouw;222986.90181101623;217483.4783572657;5.41441011428833;51.26261138916016;FS6881;Neerpelt - Het Hageven;Lommel;Lommel;Limburg;ObsMapp;J;Goedgekeurd op basis van kennisregels - automatische beeldherkenning (NIA);1980-01-01;3;;1;Libellen;Libellulidae;2026-07-08;634;S;zeldzaam
249778303;249778303;Zwarte heidelibel;Sympetrum danae;2022-07-17;7;2022-07-20;1;ter plaatse;onbekend;imago;Man;209210.8899293227;202040.7386119049;5.2145442;51.125394;FS5466;Ham - Immertse bossen;Ham;Oostham;Limburg;Site;J;Goedgekeurd op basis van bewijsmateriaal;1980-01-01;3;;5;Libellen;Libellulidae;2026-07-08;634;S;zeldzaam
220139836;220139836;Zwarte heidelibel;Sympetrum danae;2021-07-17;7;2021-07-17;1;ter plaatse;onbekend;imago;Man;189336.43294668663;229230.64814759512;4.9336226;51.3714725;FS3492;Zwartwater;Turnhout;Turnhout;Antwerpen;ObsIdentify;J;Goedgekeurd op basis van bewijsmateriaal;1980-01-01;4;;10;Libellen;Libellulidae;2026-07-08;634;S;zeldzaam
198253868;198253868;Zwarte heidelibel;Sympetrum danae;2020-08-11;8;2020-08-11;1;ter plaatse;onbekend;imago;onbekend;155097.5275582792;228084.92913488575;4.441944;51.3625;FS0091;  ;Kalmthout;Kalmthout;Antwerpen;ObsIdentify;J;Goedgekeurd op basis van bewijsmateriaal;1980-01-01;3;;25;Libellen;Libellulidae;2026-07-08;634;S;zeldzaam
324523193;324523193;Zwarte heidelibel;Sympetrum danae;2024-08-11;8;2024-08-16;1;ter plaatse;gezien;imago;Vrouw;210951.75319529464;207458.0656219684;5.240318000000002;51.173904;FS5671;Balen - De Most;Balen;Balen;Antwerpen;copied observation;J;Goedgekeurd op basis van kennisregels - automatische beeldherkenning (NIA);1980-01-01;3;;1;Libellen;Libellulidae;2026-07-08;634;S;zeldzaam
324532575;324532575;Zwarte heidelibel;Sympetrum danae;2024-08-11;8;2024-08-16;1;ter plaatse;gezien;imago;Man;210703.6958148656;207498.10393652413;5.236777999999958;51.17429;FS5671;Balen - De Most;Balen;Balen;Antwerpen;Site;J;Goedgekeurd op basis van kennisregels - automatische beeldherkenning (NIA);1980-01-01;3;;1;Libellen;Libellulidae;2026-07-08;634;S;zeldzaam
254778102;254778102;Zwarte heidelibel;Sympetrum danae;2022-08-28;8;2022-09-14;1;overvliegend;gezien;imago;onbekend;223042.7426267118;216875.60198129716;5.41508722305298;51.2571411132813;FS6881;Neerpelt - Het Hageven;Neerpelt;Neerpelt;Limburg;ObsMapp;J;Goedgekeurd op basis van kennisregels - nabijheid;2007-01-01;3;;3;Libellen;Libellulidae;2026-07-08;634;S;zeldzaam
249399714;249399714;Zwarte heidelibel;Sympetrum danae;2022-07-17;7;2022-07-17;2;ter plaatse;onbekend;imago;Vrouw;154431.55324339765;232385.37046193145;4.4324362;51.401157;ES9995;Grenspark Kalmthoutse Heide - Kambuusduinen;Kalmthout;Kalmthout;Antwerpen;Site;J;Goedgekeurd op basis van kennisregels - automatische beeldherkenning (NIA);1980-01-01;3;;15;Libellen;Libellulidae;2026-07-08;634;S;zeldzaam
321025926;321025926;Zwarte heidelibel;Sympetrum danae;2024-07-24;7;2024-07-24;1;ter plaatse;onbekend;imago;Man;154256.96005063527;230439.6945403628;4.429904222488403;51.38367110294468;ES9993;Grenspark Kalmthoutse Heide - Nieuwe Gemeentebossen;Kalmthout;Kalmthout;Antwerpen;Site;J;Goedgekeurd op basis van bewijsmateriaal;1980-01-01;3;;15;Libellen;Libellulidae;2026-07-08;634;S;zeldzaam
248337682;248337682;Zwarte heidelibel;Sympetrum danae;2022-07-08;7;2022-07-08;1;ter plaatse;onbekend;imago;Man;154295.3967978922;230497.2378155068;4.430457;51.384188;ES9993;Grenspark Kalmthoutse Heide - Nieuwe Gemeentebossen;Kalmthout;Kalmthout;Antwerpen;Site;J;Goedgekeurd op basis van bewijsmateriaal;1980-01-01;3;;7;Libellen;Libellulidae;2026-07-08;634;S;zeldzaam
321960135;321960135;Zwarte heidelibel;Sympetrum danae;2024-07-30;7;2024-07-30;1;ter plaatse;onbekend;imago;Vrouw;153998.7089463912;233031.11907204887;4.426224000000048;51.406964;ES9996;Grenspark Kalmthoutse Heide - Drielingvennen;Kalmthout;Kalmthout;Antwerpen;Site;J;Goedgekeurd op basis van kennisregels - automatische beeldherkenning (NIA);1980-01-01;3;;30;Libellen;Libellulidae;2026-07-08;634;S;zeldzaam
248378780;248378780;Zwarte heidelibel;Sympetrum danae;2022-07-08;7;2022-07-08;1;ter plaatse;gezien;imago;Vrouw;154490.57435241903;232047.4048703499;4.43328;51.398119;ES9995;Grenspark Kalmthoutse Heide - Kambuusduinen;Kalmthout;Kalmthout;Antwerpen;Site;J;Goedgekeurd op basis van bewijsmateriaal;1980-01-01;3;;25;Libellen;Libellulidae;2026-07-08;634;S;zeldzaam
224967240;224967240;Zwarte heidelibel;Sympetrum danae;2021-09-05;9;2021-09-06;2;in copula;gezien;imago;onbekend;154599.1070540124;230004.0542033948;4.434813;51.379753;ES9993;Grenspark Kalmthoutse Heide - Nieuwe Gemeentebossen - Putse Moer;Kalmthout;Kalmthout;Antwerpen;Site;J;Goedgekeurd op basis van kennisregels - automatische beeldherkenning (NIA);1980-01-01;4;;25;Libellen;Libellulidae;2026-07-08;634;S;zeldzaam
224965279;224965279;Zwarte heidelibel;Sympetrum danae;2021-09-05;9;2021-09-06;1;ter plaatse;gezien;imago;Man;154701.03362450184;230088.14967601653;4.436278;51.380508;ES9993;Grenspark Kalmthoutse Heide - Nieuwe Gemeentebossen - Putse Moer;Kalmthout;Kalmthout;Antwerpen;Site;J;Goedgekeurd op basis van bewijsmateriaal;1980-01-01;4;;25;Libellen;Libellulidae;2026-07-08;634;S;zeldzaam
224963279;224963279;Zwarte heidelibel;Sympetrum danae;2021-09-05;9;2021-09-06;1;ter plaatse;gezien;imago;Man;154687.89772746447;229986.5553617617;4.436088;51.379595;ES9993;Grenspark Kalmthoutse Heide - Nieuwe Gemeentebossen - Putse Moer;Kalmthout;Kalmthout;Antwerpen;Site;J;Goedgekeurd op basis van kennisregels - automatische beeldherkenning (NIA);1980-01-01;4;;25;Libellen;Libellulidae;2026-07-08;634;S;zeldzaam
224965392;224965392;Zwarte heidelibel;Sympetrum danae;2021-09-05;9;2021-09-06;1;ter plaatse;gezien;imago;Man;154669.23018735845;229994.66042699944;4.43582;51.379668;ES9993;Grenspark Kalmthoutse Heide - Nieuwe Gemeentebossen - Putse Moer;Kalmthout;Kalmthout;Antwerpen;Site;J;Goedgekeurd op basis van kennisregels - automatische beeldherkenning (NIA);1980-01-01;4;;25;Libellen;Libellulidae;2026-07-08;634;S;zeldzaam
224963610;224963610;Zwarte heidelibel;Sympetrum danae;2021-09-05;9;2021-09-06;4;ter plaatse;gezien;imago;Man;154577.86082975022;230015.1613574475;4.434508;51.379853;ES9993;Grenspark Kalmthoutse Heide - Nieuwe Gemeentebossen - Putse Moer;Kalmthout;Kalmthout;Antwerpen;Site;J;Goedgekeurd op basis van bewijsmateriaal;1980-01-01;4;;25;Libellen;Libellulidae;2026-07-08;634;S;zeldzaam
250211382;250211382;Zwarte heidelibel;Sympetrum danae;2022-07-23;7;2022-07-24;1;ter plaatse;gezien;imago;Vrouw;200628.4352570722;228990.4576790612;5.0957304;51.36843;FS4592;Arendonk - Kruisberg;Arendonk;Arendonk;Antwerpen;Site;J;Goedgekeurd op basis van bewijsmateriaal;1980-01-01;4;;7;Libellen;Libellulidae;2026-07-08;634;S;zeldzaam
224962418;224962418;Zwarte heidelibel;Sympetrum danae;2021-09-05;9;2021-09-06;1;ter plaatse;gezien;imago;Man;154701.83413377375;229974.66310661007;4.436288;51.379488;ES9993;Grenspark Kalmthoutse Heide - Nieuwe Gemeentebossen - Putse Moer;Kalmthout;Kalmthout;Antwerpen;Site;J;Goedgekeurd op basis van kennisregels - automatische beeldherkenning (NIA);1980-01-01;4;;25;Libellen;Libellulidae;2026-07-08;634;S;zeldzaam
195039576;195039576;Zwarte heidelibel;Sympetrum danae;2020-06-26;6;2020-06-27;1;ter plaatse;onbekend;imago;Man;206736.93520172895;222777.92591201607;5.182457;51.312025;FS5286;Postel - De Koninklijke Schenking;Mol;Mol;Antwerpen;Site;J;Goedgekeurd op basis van bewijsmateriaal;1980-01-01;3;;15;Libellen;Libellulidae;2026-07-08;634;S;zeldzaam
285819768;285819768;Zwarte heidelibel;Sympetrum danae;2023-08-23;8;2023-08-26;2;ter plaatse;gezien;imago;Man;153846.23225466072;233140.59637956132;4.424034000000006;51.407949;ES9996;Grenspark Kalmthoutse Heide - Drielingvennen;Kalmthout;Kalmthout;Antwerpen;Site;J;Goedgekeurd op basis van kennisregels - automatische beeldherkenning (NIA);1980-01-01;3;;25;Libellen;Libellulidae;2026-07-08;634;S;zeldzaam
323668806;323668806;Zwarte heidelibel;Sympetrum danae;2024-08-10;8;2024-08-11;1;ter plaatse;gezien;imago;Vrouw;154819.95585723288;232643.7390505122;4.438020586967468;51.4034759825822;FS0095;Grenspark Kalmthoutse Heide - Drielingvennen;Kalmthout;Kalmthout;Antwerpen;Site;J;Goedgekeurd op basis van bewijsmateriaal;1980-01-01;3;;30;Libellen;Libellulidae;2026-07-08;634;S;zeldzaam
367774134;367774134;Zwarte heidelibel;Sympetrum danae;2025-08-09;8;2025-08-10;1;ter plaatse;gezien;imago;Vrouw;154444.08259588844;232927.2332458096;4.432623000000035;51.406027;ES9995;Grenspark Kalmthoutse Heide - Drielingvennen;Kalmthout;Kalmthout;Antwerpen;Site;J;Goedgekeurd op basis van bewijsmateriaal;1980-01-01;3;;25;Libellen;Libellulidae;2026-07-08;634;S;zeldzaam
285758234;285758234;Zwarte heidelibel;Sympetrum danae;2023-08-23;8;2023-08-25;1;ter plaatse;gezien;imago;Man;154437.7707434547;232966.57598112617;4.432532787322998;51.406380649390535;ES9995;Grenspark Kalmthoutse Heide - Drielingvennen;Kalmthout;Kalmthout;Antwerpen;Site;J;Goedgekeurd op basis van kennisregels - automatische beeldherkenning (NIA);1980-01-01;3;;25;Libellen;Libellulidae;2026-07-08;634;S;zeldzaam
285758399;285758399;Zwarte heidelibel;Sympetrum danae;2023-08-23;8;2023-08-25;1;ter plaatse;gezien;imago;Man;154437.28883826738;232977.62964618485;4.432526000000053;51.40648;ES9996;Grenspark Kalmthoutse Heide - Drielingvennen;Kalmthout;Kalmthout;Antwerpen;Site;J;Goedgekeurd op basis van kennisregels - automatische beeldherkenning (NIA);1980-01-01;3;;25;Libellen;Libellulidae;2026-07-08;634;S;zeldzaam
323891934;323891934;Zwarte heidelibel;Sympetrum danae;2024-08-10;8;2024-08-12;1;ter plaatse;gezien;imago, niet uitgekleurd;Vrouw;154669.41217779447;232544.74169823065;4.43585604429245;51.40258747910169;ES9995;Grenspark Kalmthoutse Heide - Drielingvennen;Kalmthout;Kalmthout;Antwerpen;Site;J;Goedgekeurd op basis van bewijsmateriaal;1980-01-01;3;;20;Libellen;Libellulidae;2026-07-08;634;S;zeldzaam
367729215;367729215;Zwarte heidelibel;Sympetrum danae;2025-08-09;8;2025-08-09;1;ter plaatse;gezien;imago;Vrouw;154401.6636345505;232812.0390106356;4.432011999999986;51.404992;ES9995;Grenspark Kalmthoutse Heide - Drielingvennen;Kalmthout;Kalmthout;Antwerpen;Site;J;Goedgekeurd op basis van bewijsmateriaal;1980-01-01;3;;25;Libellen;Libellulidae;2026-07-08;634;S;zeldzaam
362411174;362411174;Zwarte heidelibel;Sympetrum danae;2025-07-12;7;2025-07-12;1;ter plaatse;onbekend;imago;Man;219072.98718288832;208474.90230511967;5.3566258;51.1821285;FS6472;Eksel - Pijnven;Overpelt;Overpelt;Limburg;ObsIdentify;J;Goedgekeurd op basis van bewijsmateriaal;1980-01-01;3;;9;Libellen;Libellulidae;2026-07-08;634;S;zeldzaam
328011430;328011430;Zwarte heidelibel;Sympetrum danae;2024-08-25;8;2024-09-14;1;ter plaatse;gezien;imago;Man;223041.5806266006;216825.79608559608;5.415060520244879;51.25669363675381;FS6881;Neerpelt - Het Hageven;Neerpelt;Neerpelt;Limburg;Site;J;Goedgekeurd op basis van bewijsmateriaal;1980-01-01;3;;7;Libellen;Libellulidae;2026-07-08;634;S;zeldzaam
363414165;363414165;Zwarte heidelibel;Sympetrum danae;2025-07-17;7;2025-07-17;1;ter plaatse;onbekend;imago;Man;155829.74834929733;233679.07235246152;4.452547766666667;51.41277178611111;FS0196;Grenspark Kalmthoutse Heide - Boterbergen;Kalmthout;Kalmthout;Antwerpen;ObsIdentify;J;Goedgekeurd op basis van bewijsmateriaal;1980-01-01;3;;999;Libellen;Libellulidae;2026-07-08;634;S;zeldzaam
220957479;220957479;Zwarte heidelibel;Sympetrum danae;2021-07-24;7;2021-07-24;1;ter plaatse;onbekend;imago, niet uitgekleurd;Man;217295.93203252932;197202.18941817805;5.329127;51.08102;FS6361;  ;Beringen;Koersel;Limburg;Site;J;Goedgekeurd op basis van bewijsmateriaal;1980-01-01;3;;7;Libellen;Libellulidae;2026-07-08;634;S;zeldzaam
225055229;225055229;Zwarte heidelibel;Sympetrum danae;2021-09-07;9;2021-09-07;1;ter plaatse;onbekend;imago;Vrouw;154865.8522460098;232636.6268605292;4.43868;51.40341167;FS0095;Grenspark Kalmthoutse Heide - Vossenbergen;Kalmthout;Kalmthout;Antwerpen;ObsIdentify;J;Goedgekeurd op basis van bewijsmateriaal;1980-01-01;3;;14;Libellen;Libellulidae;2026-07-08;634;S;zeldzaam
219644764;219644764;Zwarte heidelibel;Sympetrum danae;2021-07-11;7;2021-07-11;1;ter plaatse;onbekend;imago, niet uitgekleurd;Man;217670.17341681503;197546.4962793328;5.3345311;51.084071;FS6361;  ;Beringen;Koersel;Limburg;Site;J;Goedgekeurd op basis van bewijsmateriaal;1980-01-01;3;;25;Libellen;Libellulidae;2026-07-08;634;S;zeldzaam
334676143;334676143;Zwarte heidelibel;Sympetrum danae;2024-10-05;10;2024-12-02;1;ter plaatse;gezien;imago;Vrouw;158396.54606972568;228366.93877774943;4.489314176789776;51.36499570603703;FS0391;Brasschaat/Kalmthout - Klein Schietveld - Vennengebied;Kalmthout;Kalmthout;Antwerpen;Site;J;Goedgekeurd op basis van bewijsmateriaal;1980-01-01;3;;4;Libellen;Libellulidae;2026-07-08;634;S;zeldzaam
222117643;222117643;Zwarte heidelibel;Sympetrum danae;2021-08-03;8;2021-08-05;1;ter plaatse;gezien;imago;Man;194420.8323645859;227909.26256164812;5.006467;51.359226;FS3991;Ravels - Gewestbossen Zuid;Ravels;Ravels;Antwerpen;ObsMapp;J;Goedgekeurd op basis van bewijsmateriaal;2007-01-01;3;;32;Libellen;Libellulidae;2026-07-08;634;S;zeldzaam
249055465;249055465;Zwarte heidelibel;Sympetrum danae;2022-07-14;7;2022-07-14;1;ter plaatse;gezien;imago;Man;217134.56519449325;197140.8026251616;5.3268131;51.080487;FS6261;Koersel - Koerselse heide noord;Beringen;Koersel;Limburg;Site;J;Goedgekeurd op basis van bewijsmateriaal;1980-01-01;3;;7;Libellen;Libellulidae;2026-07-08;634;S;zeldzaam
362589502;362589502;Zwarte heidelibel;Sympetrum danae;2025-07-12;7;2025-07-13;1;ter plaatse;onbekend;imago, niet uitgekleurd;Man;218777.52808431804;207574.36728415545;5.352229999999963;51.17407;FS6471;Eksel - Pijnven;Hechtel-Eksel;Eksel;Limburg;Site;J;Goedgekeurd op basis van bewijsmateriaal;1980-01-01;3;;120;Libellen;Libellulidae;2026-07-08;634;S;zeldzaam
362589202;362589202;Zwarte heidelibel;Sympetrum danae;2025-07-12;7;2025-07-13;1;ter plaatse;onbekend;imago;Vrouw;218993.68912805023;207571.22882854287;5.355320000000006;51.174016;FS6471;Eksel - Pijnven;Hechtel-Eksel;Eksel;Limburg;Site;J;Goedgekeurd op basis van bewijsmateriaal;1980-01-01;3;;60;Libellen;Libellulidae;2026-07-08;634;S;zeldzaam
362390180;362390180;Zwarte heidelibel;Sympetrum danae;2025-07-12;7;2025-07-12;1;ter plaatse;onbekend;imago;Vrouw;218869.3643065531;207549.37195517868;5.3535383;51.1738344;FS6471;Eksel - Pijnven;Hechtel-Eksel;Eksel;Limburg;ObsIdentify;J;Goedgekeurd op basis van bewijsmateriaal;1980-01-01;3;;4;Libellen;Libellulidae;2026-07-08;634;S;zeldzaam
325680519;325680519;Zwarte heidelibel;Sympetrum danae;2024-08-25;8;2024-08-25;1;ter plaatse;onbekend;imago;Man;154822.38968578706;232676.2321460666;4.4380559999999605;51.403768;FS0095;Grenspark Kalmthoutse Heide - Drielingvennen;Kalmthout;Kalmthout;Antwerpen;ObsIdentify;J;Goedgekeurd op basis van bewijsmateriaal;1980-01-01;3;;494;Libellen;Libellulidae;2026-07-08;634;S;zeldzaam
226121205;226121205;Zwarte heidelibel;Sympetrum danae;2021-09-21;9;2021-09-22;1;ter plaatse;onbekend;onbekend;onbekend;154643.89018253167;230158.69331178532;4.4354582;51.3811425;ES9993;Grenspark Kalmthoutse Heide - Nieuwe Gemeentebossen;Kalmthout;Kalmthout;Antwerpen;ObsIdentify;J;Goedgekeurd op basis van kennisregels - automatische beeldherkenning (NIA);1980-01-01;3;;999;Libellen;Libellulidae;2026-07-08;634;S;zeldzaam
248321761;248321761;Zwarte heidelibel;Sympetrum danae;2022-07-08;7;2022-07-08;1;ter plaatse;onbekend;imago;Vrouw;198971.3007376083;215491.56251919828;5.0701046;51.24725;FS4479;Retie - Witte Netevallei;Retie;Retie;Antwerpen;Site;J;Goedgekeurd op basis van bewijsmateriaal;1980-01-01;3;;30;Libellen;Libellulidae;2026-07-08;634;S;zeldzaam
290721546;290721546;Zwarte heidelibel;Sympetrum danae;2023-10-14;10;2023-10-15;1;ter plaatse;onbekend;imago;onbekend;154451.39866963634;232749.14908435103;4.43272590637207;51.40442637774367;ES9995;Grenspark Kalmthoutse Heide - Drielingvennen;Kalmthout;Kalmthout;Antwerpen;Site;J;Goedgekeurd op basis van bewijsmateriaal;1980-01-01;4;;30;Libellen;Libellulidae;2026-07-08;634;S;zeldzaam
329934680;329934680;Zwarte heidelibel;Sympetrum danae;2024-10-05;10;2024-10-05;1;ter plaatse;onbekend;imago;Vrouw;154515.73533485923;232453.83384240695;4.433646666666666;51.40177166666667;ES9995;Grenspark Kalmthoutse Heide - Vossenbergen;Kalmthout;Kalmthout;Antwerpen;ObsIdentify;J;Goedgekeurd op basis van bewijsmateriaal;1980-01-01;4;;5;Libellen;Libellulidae;2026-07-08;634;S;zeldzaam
284917238;284917238;Zwarte heidelibel;Sympetrum danae;2023-08-19;8;2023-08-19;1;ter plaatse;onbekend;imago;Vrouw;153950.96932846267;233065.12850754612;4.42553833;51.40727;ES9996;Grenspark Kalmthoutse Heide - Drielingvennen;Kalmthout;Kalmthout;Antwerpen;ObsIdentify;J;Goedgekeurd op basis van bewijsmateriaal;1980-01-01;4;;5;Libellen;Libellulidae;2026-07-08;634;S;zeldzaam
219644784;219644784;Zwarte heidelibel;Sympetrum danae;2021-07-11;7;2021-07-11;1;ter plaatse;onbekend;imago, niet uitgekleurd;Vrouw;217632.210546936;197846.1776344217;5.334045;51.086769;FS6362;  ;Beringen;Koersel;Limburg;Site;J;Goedgekeurd op basis van bewijsmateriaal;1980-01-01;3;;7;Libellen;Libellulidae;2026-07-08;634;S;zeldzaam
219644985;219644985;Zwarte heidelibel;Sympetrum danae;2021-07-11;7;2021-07-11;1;ter plaatse;onbekend;imago, niet uitgekleurd;Vrouw;217474.83297284463;197359.93597709943;5.331709;51.082417;FS6361;  ;Beringen;Koersel;Limburg;Site;J;Goedgekeurd op basis van bewijsmateriaal;1980-01-01;3;;25;Libellen;Libellulidae;2026-07-08;634;S;zeldzaam
286765138;286765138;Zwarte heidelibel;Sympetrum danae;2023-09-03;9;2023-09-03;1;ter plaatse;onbekend;imago;Man;154272.18496095607;232778.78270434772;4.43015099;51.40469409;ES9995;Grenspark Kalmthoutse Heide - Drielingvennen;Kalmthout;Kalmthout;Antwerpen;Site;J;Goedgekeurd op basis van bewijsmateriaal;1980-01-01;4;;30;Libellen;Libellulidae;2026-07-08;634;S;zeldzaam
328614918;328614918;Zwarte heidelibel;Sympetrum danae;2024-09-20;9;2024-09-20;1;ter plaatse;onbekend;imago;Man;155969.4269897584;231988.61050535552;4.454526999999985;51.397577;FS0195;Kalmthoutse Heide - N2000 (A);Kalmthout;Kalmthout;Antwerpen;Site;J;Goedgekeurd op basis van bewijsmateriaal;1980-01-01;4;;119;Libellen;Libellulidae;2026-07-08;634;S;zeldzaam
289223347;289223347;Zwarte heidelibel;Sympetrum danae;2023-09-27;9;2023-09-29;10;ter plaatse;onbekend;imago;onbekend;154661.25108876883;232692.4383842424;4.43574070930481;51.40391499899886;ES9995;Grenspark Kalmthoutse Heide - Drielingvennen;Kalmthout;Kalmthout;Antwerpen;Site;J;Goedgekeurd op basis van kennisregels - automatische beeldherkenning (NIA);1980-01-01;3;;15;Libellen;Libellulidae;2026-07-08;634;S;zeldzaam
249928897;249928897;Zwarte heidelibel;Sympetrum danae;2022-07-22;7;2022-07-22;1;ter plaatse;onbekend;imago;Vrouw;153655.22015294363;230811.166978281;4.421265;51.387014;ES9893;Grenspark Kalmthoutse Heide - Kambuusduinen;Kalmthout;Kalmthout;Antwerpen;Site;J;Goedgekeurd op basis van kennisregels - automatische beeldherkenning (NIA);1980-01-01;3;;15;Libellen;Libellulidae;2026-07-08;634;S;zeldzaam
226398046;226398046;Zwarte heidelibel;Sympetrum danae;2021-09-26;9;2021-09-26;2;in copula;onbekend;imago;onbekend;154513.92459858922;232481.5738539752;4.433621;51.402021;ES9995;Grenspark Kalmthoutse Heide - Drielingvennen;Kalmthout;Kalmthout;Antwerpen;Site;J;Goedgekeurd op basis van bewijsmateriaal;1980-01-01;3;;25;Libellen;Libellulidae;2026-07-08;634;S;zeldzaam
330096678;330096678;Zwarte heidelibel;Sympetrum danae;2024-10-05;10;2024-10-06;3;ter plaatse;onbekend;imago;onbekend;154828.54948925605;232635.99777839985;4.438143968582153;51.40340633356848;FS0095;Grenspark Kalmthoutse Heide - Drielingvennen;Kalmthout;Kalmthout;Antwerpen;Site;J;Goedgekeurd op basis van kennisregels - automatische beeldherkenning (NIA);1980-01-01;3;;15;Libellen;Libellulidae;2026-07-08;634;S;zeldzaam
224201673;224201673;Zwarte heidelibel;Sympetrum danae;2021-08-25;8;2021-08-28;1;ter plaatse;onbekend;imago;Man;154315.49615566342;232773.1346511804;4.4307733;51.404643;ES9995;Grenspark Kalmthoutse Heide - Drielingvennen;Kalmthout;Kalmthout;Antwerpen;Site;J;Goedgekeurd op basis van bewijsmateriaal;1980-01-01;3;;25;Libellen;Libellulidae;2026-07-08;634;S;zeldzaam
327323144;327323144;Zwarte heidelibel;Sympetrum danae;2024-09-07;9;2024-09-07;1;ter plaatse;onbekend;imago;Man;210989.7714248896;207476.9476279337;5.2408647537231445;51.17406969467605;FS5671;Balen - De Most;Balen;Balen;Antwerpen;Site;J;Goedgekeurd op basis van kennisregels - automatische beeldherkenning (NIA);1980-01-01;4;;30;Libellen;Libellulidae;2026-07-08;634;S;zeldzaam
327515562;327515562;Zwarte heidelibel;Sympetrum danae;2024-09-08;9;2024-09-08;1;ter plaatse;onbekend;imago;Vrouw;155858.26697074354;233822.2138518337;4.452959999999962;51.414058;FS0196;Grenspark Kalmthoutse Heide - Boterbergen;Kalmthout;Kalmthout;Antwerpen;Site;J;Goedgekeurd op basis van bewijsmateriaal;1980-01-01;3;;30;Libellen;Libellulidae;2026-07-08;634;S;zeldzaam
284132200;284132200;Zwarte heidelibel;Sympetrum danae;2023-08-10;8;2023-08-13;1;ter plaatse;onbekend;imago;onbekend;153971.8504756161;233028.1367249079;4.425837993621826;51.4069373840113;ES9996;Grenspark Kalmthoutse Heide - Drielingvennen;Kalmthout;Kalmthout;Antwerpen;Site;J;Goedgekeurd op basis van kennisregels - automatische beeldherkenning (NIA);1980-01-01;3;;30;Libellen;Libellulidae;2026-07-08;634;S;zeldzaam
287865668;287865668;Zwarte heidelibel;Sympetrum danae;2023-09-14;9;2023-09-14;1;ter plaatse;onbekend;imago;Man;154811.76772883907;232641.71941784024;4.4379029;51.4034579;FS0095;Grenspark Kalmthoutse Heide - Drielingvennen;Kalmthout;Kalmthout;Antwerpen;ObsIdentify;J;Goedgekeurd op basis van bewijsmateriaal;1980-01-01;3;;26;Libellen;Libellulidae;2026-07-08;634;S;zeldzaam
326856184;326856184;Zwarte heidelibel;Sympetrum danae;2024-08-31;8;2024-09-03;1;ter plaatse;onbekend;imago;Man;155017.1256960321;232584.946895238;4.440852999687195;51.4029458735314;FS0095;Grenspark Kalmthoutse Heide - Stappersven;Kalmthout;Kalmthout;Antwerpen;Site;J;Goedgekeurd op basis van bewijsmateriaal;1980-01-01;3;;7;Libellen;Libellulidae;2026-07-08;634;S;zeldzaam
225880925;225880925;Zwarte heidelibel;Sympetrum danae;2021-09-17;9;2021-09-19;1;ter plaatse;onbekend;imago;Man;154202.12953955005;232880.409257791;4.4291455;51.405608;ES9995;Grenspark Kalmthoutse Heide - Drielingvennen;Kalmthout;Kalmthout;Antwerpen;Site;J;Goedgekeurd op basis van kennisregels - automatische beeldherkenning (NIA);1980-01-01;3;;25;Libellen;Libellulidae;2026-07-08;634;S;zeldzaam
224200927;224200927;Zwarte heidelibel;Sympetrum danae;2021-08-25;8;2021-08-28;1;ter plaatse;onbekend;imago;Man;154798.79975424803;232674.652283011;4.437717;51.403754;FS0095;Grenspark Kalmthoutse Heide - Drielingvennen;Kalmthout;Kalmthout;Antwerpen;Site;J;Goedgekeurd op basis van bewijsmateriaal;1980-01-01;3;;25;Libellen;Libellulidae;2026-07-08;634;S;zeldzaam
286912007;286912007;Zwarte heidelibel;Sympetrum danae;2023-09-04;9;2023-09-04;5;ter plaatse;onbekend;imago;onbekend;154314.74334346352;232777.026732279;4.430762529373169;51.404677986536335;ES9995;Grenspark Kalmthoutse Heide - Drielingvennen;Kalmthout;Kalmthout;Antwerpen;Site;J;Goedgekeurd op basis van bewijsmateriaal;1980-01-01;3;;15;Libellen;Libellulidae;2026-07-08;634;S;zeldzaam
249644755;249644755;Zwarte heidelibel;Sympetrum danae;2022-07-15;7;2022-07-19;1;ter plaatse;onbekend;imago;Vrouw;153982.89979589413;233029.9940827731;4.4259968;51.406954;ES9996;Grenspark Kalmthoutse Heide - Drielingvennen;Kalmthout;Kalmthout;Antwerpen;Site;J;Goedgekeurd op basis van bewijsmateriaal;1980-01-01;3;;30;Libellen;Libellulidae;2026-07-08;634;S;zeldzaam
290553738;290553738;Zwarte heidelibel;Sympetrum danae;2023-10-10;10;2023-10-13;2;ter plaatse;onbekend;imago;Man;154089.87037231057;232953.16145082563;4.427533149719238;51.40626269272544;ES9995;Grenspark Kalmthoutse Heide - Drielingvennen;Kalmthout;Kalmthout;Antwerpen;Site;J;Goedgekeurd op basis van kennisregels - automatische beeldherkenning (NIA);1980-01-01;3;;60;Libellen;Libellulidae;2026-07-08;634;S;zeldzaam
249936561;249936561;Zwarte heidelibel;Sympetrum danae;2022-07-22;7;2022-07-22;1;ter plaatse;onbekend;imago;Vrouw;154498.8953625482;232715.43585776724;4.433408;51.404123;ES9995;Grenspark Kalmthoutse Heide - Drielingvennen;Kalmthout;Kalmthout;Antwerpen;Site;J;Goedgekeurd op basis van kennisregels - automatische beeldherkenning (NIA);1980-01-01;3;;30;Libellen;Libellulidae;2026-07-08;634;S;zeldzaam
221207887;221207887:2278596;Zwarte heidelibel;Sympetrum danae;2021-07-25;7;2021-07-26;1;ter plaatse;gezien;imago;Vrouw;189168.6241708558;229221.52854913476;4.931212;51.371402;FS3492;Zwartwater;Turnhout;Turnhout;Antwerpen;Site;J;Goedgekeurd op basis van bewijsmateriaal;1980-01-01;3;;25;Libellen;Libellulidae;2026-07-08;634;S;zeldzaam
221207887;221207887:2278597;Zwarte heidelibel;Sympetrum danae;2021-07-25;7;2021-07-26;1;ter plaatse;gezien;imago;Man;189168.6241708558;229221.52854913476;4.931212;51.371402;FS3492;Zwartwater;Turnhout;Turnhout;Antwerpen;Site;J;Goedgekeurd op basis van bewijsmateriaal;1980-01-01;3;;25;Libellen;Libellulidae;2026-07-08;634;S;zeldzaam
222474596;222474596;Zwarte heidelibel;Sympetrum danae;2021-08-07;8;2021-08-09;1;ter plaatse;gezien;imago;Man;189123.5829325559;229219.2956395438;4.930565;51.371385;FS3492;Zwartwater;Turnhout;Turnhout;Antwerpen;Site;J;Goedgekeurd op basis van bewijsmateriaal;1980-01-01;3;;25;Libellen;Libellulidae;2026-07-08;634;S;zeldzaam
253513050;253513050;Zwarte heidelibel;Sympetrum danae;2022-08-27;8;2022-08-28;1;eileggend;gezien;imago;Vrouw;193626.50570648245;225630.1394976871;4.994788;51.338803;FS3889;Landschap De Liereman - Lieremansmoer;Oud-Turnhout;Oud-Turnhout;Antwerpen;Site;J;Goedgekeurd op basis van bewijsmateriaal;1980-01-01;3;;25;Libellen;Libellulidae;2026-07-08;634;S;zeldzaam
224310405;224310405;Zwarte heidelibel;Sympetrum danae;2021-08-24;8;2021-08-30;1;ter plaatse;onbekend;imago;Man;210697.59339718125;206859.8443227494;5.236584;51.168554;FS5670;Balen - De Most;Balen;Balen;Antwerpen;Site;J;Goedgekeurd op basis van bewijsmateriaal;1980-01-01;4;;25;Libellen;Libellulidae;2026-07-08;634;S;zeldzaam
290143021;290143021;Zwarte heidelibel;Sympetrum danae;2023-10-09;10;2023-10-09;1;ter plaatse;onbekend;imago;Man;204876.98913423857;219959.8415876776;5.15535593;51.28687754;FS5083;Postel - Ronde Put;Mol;Mol;Antwerpen;Site;J;Goedgekeurd op basis van bewijsmateriaal;1980-01-01;3;;30;Libellen;Libellulidae;2026-07-08;634;S;zeldzaam
220544070;220544070;Zwarte heidelibel;Sympetrum danae;2021-07-20;7;2021-07-20;1;ter plaatse;onbekend;imago;Man;205027.00206974105;220212.9420763394;5.1575446;51.289138;FS5084;Postel - Ronde Put;Mol;Mol;Antwerpen;Site;J;Goedgekeurd op basis van bewijsmateriaal;1980-01-01;3;;30;Libellen;Libellulidae;2026-07-08;634;S;zeldzaam
332365175;332365175:3652558;Zwarte heidelibel;Sympetrum danae;2024-10-27;10;2024-10-27;2;ter plaatse;gezien;onbekend;Man;154411.76087700235;233259.1412829552;4.432162642478943;51.40901033475696;ES9996;Grenspark Kalmthoutse Heide - Stappersven;Kalmthout;Kalmthout;Antwerpen;ObsMapp;J;Goedgekeurd op basis van bewijsmateriaal;1980-01-01;3;Samen met Ton Bakker waargenomen. De twee Zwarte Heidelibelles zaten ieder op een paaltje in de zon.;5;Libellen;Libellulidae;2026-07-08;634;S;zeldzaam
363764601;363764601;Zwarte heidelibel;Sympetrum danae;2025-07-19;7;2025-07-19;1;ter plaatse;onbekend;imago;Vrouw;154176.94398066442;232379.5485758083;4.428777694702148;51.40110660160813;ES9995;Grenspark Kalmthoutse Heide - Drielingvennen;Kalmthout;Kalmthout;Antwerpen;ObsMapp;J;Goedgekeurd op basis van kennisregels - nabijheid;1980-01-01;4;;7;Libellen;Libellulidae;2026-07-08;634;S;zeldzaam
253623135;253623135;Zwarte heidelibel;Sympetrum danae;2022-08-29;8;2022-08-29;1;ter plaatse;onbekend;imago;Man;154002.46636552011;233022.554735139;4.4262779;51.406887;ES9996;Grenspark Kalmthoutse Heide - Drielingvennen;Kalmthout;Kalmthout;Antwerpen;Site;J;Goedgekeurd op basis van bewijsmateriaal;1980-01-01;4;;25;Libellen;Libellulidae;2026-07-08;634;S;zeldzaam
317228640;317228640;Zwarte heidelibel;Sympetrum danae;2024-07-02;7;2024-07-02;1;ter plaatse;onbekend;imago;Vrouw;154253.08022065746;233493.0680245245;4.429885000000013;51.411114;ES9996;Grenspark Kalmthoutse Heide - De Nol (Ontoegankelijk);Kalmthout;Kalmthout;Antwerpen;ObsMapp;J;Goedgekeurd op basis van bewijsmateriaal;1980-01-01;4;;3;Libellen;Libellulidae;2026-07-08;634;S;zeldzaam
285518320;285518320;Zwarte heidelibel;Sympetrum danae;2023-08-23;8;2023-08-23;1;ter plaatse;onbekend;onbekend;onbekend;154112.8401891252;232943.2789385887;4.427863121032715;51.40617370605469;ES9995;Grenspark Kalmthoutse Heide - Drielingvennen;Kalmthout;Kalmthout;Antwerpen;ObsMapp;J;Goedgekeurd op basis van kennisregels - nabijheid;1980-01-01;4;;1;Libellen;Libellulidae;2026-07-08;634;S;zeldzaam
372629872;372629872;Zwarte heidelibel;Sympetrum danae;2025-09-13;9;2025-09-13;1;ter plaatse;onbekend;imago;Man;158652.80038265066;196646.64204639755;4.4922319;51.0798784;FS0459;Beneden Netevallei - Mosterdpot;Duffel;Duffel;Antwerpen;ObsIdentify;J;Goedgekeurd op basis van bewijsmateriaal;1980-01-01;3;;716;Libellen;Libellulidae;2026-07-08;634;S;zeldzaam
230294922;230294922;Zwarte heidelibel;Sympetrum danae;2021-08-14;8;2021-12-06;1;ter plaatse;onbekend;imago;Man;223232.953386444;217477.45066043452;5.4179335;51.262526;FS6881;Neerpelt - Het Hageven;Neerpelt;Neerpelt;Limburg;Site;J;Goedgekeurd op basis van kennisregels - automatische beeldherkenning (NIA);1980-01-01;3;;7;Libellen;Libellulidae;2026-07-08;634;S;zeldzaam
407056758;407056758;Zwarte heidelibel;Sympetrum danae;2026-06-24;6;2026-06-24;1;ter plaatse;onbekend;imago, niet uitgekleurd;Man;228411.92424487945;219573.2595523419;5.492573999999991;51.28068;FS7383;Hageven met Dommelvallei Beverbeekse Heide Warmbeek en Wateringen - N2000;Hamont-Achel;Achel;Limburg;Site;J;Goedgekeurd op basis van bewijsmateriaal;1980-01-01;3;;15;Libellen;Libellulidae;2026-07-08;634;S;zeldzaam
223151715;223151715;Zwarte heidelibel;Sympetrum danae;2021-08-14;8;2021-08-16;1;ter plaatse;gezien;imago;Man;207517.1786981272;214832.72465293203;5.1923811;51.240539;FS5378;Mol - Den Diel - Ten zuiden van Sprietputten;Mol;Mol;Antwerpen;Site;J;Goedgekeurd op basis van bewijsmateriaal;1980-01-01;3;;7;Libellen;Libellulidae;2026-07-08;634;S;zeldzaam
221667080;221667080;Zwarte heidelibel;Sympetrum danae;2021-07-31;7;2021-08-01;1;ter plaatse;gezien;imago;Man;207052.75292742805;213118.27254850604;5.185461;51.225176;FS5277;Mol - Klein Verkallen;Mol;Mol;Antwerpen;Site;J;Goedgekeurd op basis van bewijsmateriaal;1980-01-01;3;;25;Libellen;Libellulidae;2026-07-08;634;S;zeldzaam
221665829;221665829;Zwarte heidelibel;Sympetrum danae;2021-07-31;7;2021-08-01;1;ter plaatse;gezien;imago;Man;207120.45091639677;213096.6546764085;5.1864266;51.224975;FS5277;Mol - Klein Verkallen;Mol;Mol;Antwerpen;Site;J;Goedgekeurd op basis van bewijsmateriaal;1980-01-01;3;;7;Libellen;Libellulidae;2026-07-08;634;S;zeldzaam
221665768;221665768;Zwarte heidelibel;Sympetrum danae;2021-07-31;7;2021-08-01;1;ter plaatse;gezien;imago;Vrouw;207057.14890535088;213125.1079009529;5.185525;51.225237;FS5277;Mol - Klein Verkallen;Mol;Mol;Antwerpen;Site;J;Goedgekeurd op basis van bewijsmateriaal;1980-01-01;3;;25;Libellen;Libellulidae;2026-07-08;634;S;zeldzaam
223152283;223152283;Zwarte heidelibel;Sympetrum danae;2021-08-14;8;2021-08-16;1;ter plaatse;gezien;imago;Man;207667.9485467341;214886.13770234023;5.1945484;51.241004;FS5378;Mol - Den Diel;Mol;Mol;Antwerpen;Site;J;Goedgekeurd op basis van bewijsmateriaal;1980-01-01;3;;25;Libellen;Libellulidae;2026-07-08;634;S;zeldzaam
221666837;221666837;Zwarte heidelibel;Sympetrum danae;2021-07-31;7;2021-08-01;1;ter plaatse;gezien;imago;Man;207052.75292742805;213118.27254850604;5.185461;51.225176;FS5277;Mol - Klein Verkallen;Mol;Mol;Antwerpen;Site;J;Goedgekeurd op basis van bewijsmateriaal;1980-01-01;3;;25;Libellen;Libellulidae;2026-07-08;634;S;zeldzaam
221666809;221666809;Zwarte heidelibel;Sympetrum danae;2021-07-31;7;2021-08-01;1;ter plaatse;gezien;imago;Man;207111.369509656;213105.455518906;5.186298;51.225055;FS5277;Mol - Klein Verkallen;Mol;Mol;Antwerpen;Site;J;Goedgekeurd op basis van bewijsmateriaal;1980-01-01;3;;25;Libellen;Libellulidae;2026-07-08;634;S;zeldzaam
325659842;325659842;Zwarte heidelibel;Sympetrum danae;2024-08-25;8;2024-08-25;1;ter plaatse;onbekend;imago;Vrouw;154918.83381340967;232613.4602117604;4.439440999999988;51.403203;FS0095;Grenspark Kalmthoutse Heide - Vossenbergen;Kalmthout;Kalmthout;Antwerpen;ObsIdentify;J;Goedgekeurd op basis van bewijsmateriaal;1980-01-01;3;;322;Libellen;Libellulidae;2026-07-08;634;S;zeldzaam
221665742;221665742;Zwarte heidelibel;Sympetrum danae;2021-07-31;7;2021-08-01;1;ter plaatse;gezien;imago;Man;207057.17684712805;213125.108208579;5.1855254;51.225237;FS5277;Mol - Klein Verkallen;Mol;Mol;Antwerpen;Site;J;Goedgekeurd op basis van bewijsmateriaal;1980-01-01;3;;7;Libellen;Libellulidae;2026-07-08;634;S;zeldzaam
332549578;332549578;Zwarte heidelibel;Sympetrum danae;2024-10-23;10;2024-10-30;1;ter plaatse;onbekend;imago;Man;225793.3833272952;188317.47487735376;5.448532;51.000113;FS7152;Zonhoven - Teut;Zonhoven;Zonhoven;Limburg;Site;J;Goedgekeurd op basis van bewijsmateriaal;1980-01-01;4;;60;Libellen;Libellulidae;2026-07-08;634;S;zeldzaam
363883142;363883142;Zwarte heidelibel;Sympetrum danae;2025-07-19;7;2025-07-19;1;ter plaatse;onbekend;imago;Man;154811.8871144227;232610.71708716263;4.43790419659058;51.40317925946496;FS0095;Grenspark Kalmthoutse Heide - Vossenbergen;Kalmthout;Kalmthout;Antwerpen;Site;J;Goedgekeurd op basis van bewijsmateriaal;1980-01-01;4;;30;Libellen;Libellulidae;2026-07-08;634;S;zeldzaam
373042292;373042292;Zwarte heidelibel;Sympetrum danae;2025-07-17;7;2025-09-17;1;ter plaatse;onbekend;onbekend;onbekend;155049.4804767059;232559.5791877145;4.441317558288574;51.40271759033203;FS0095;Grenspark Kalmthoutse Heide - Vossenbergen;Kalmthout;Kalmthout;Antwerpen;ObsMapp;J;Goedgekeurd op basis van expertoordeel;1980-01-01;3;;3;Libellen;Libellulidae;2026-07-08;634;S;zeldzaam
226640321;226640321;Zwarte heidelibel;Sympetrum danae;2021-09-29;9;2021-09-29;1;ter plaatse;gezien;imago;Man;224730.5778782248;181638.63403660615;5.43202972;50.94021988;FS7045;Genk - De Maten - Augustijnenvijver;Diepenbeek;Diepenbeek;Limburg;ObsMapp;J;Goedgekeurd op basis van bewijsmateriaal;2007-01-01;3;;6;Libellen;Libellulidae;2026-07-08;634;S;zeldzaam
249574695;249574695;Zwarte heidelibel;Sympetrum danae;2022-07-08;7;2022-07-19;2;ter plaatse;onbekend;imago;onbekend;210688.4417621909;206811.0053939931;5.236445;51.168116;FS5670;Balen - De Most;Balen;Balen;Antwerpen;Site;J;Goedgekeurd op basis van kennisregels - automatische beeldherkenning (NIA);1980-01-01;3;;25;Libellen;Libellulidae;2026-07-08;634;S;zeldzaam
251637258;251637258;Zwarte heidelibel;Sympetrum danae;2022-08-07;8;2022-08-07;1;ter plaatse;gezien;imago;Man;210763.7176383576;207299.8732057624;5.237603;51.172502;FS5671;Balen - De Most;Balen;Balen;Antwerpen;Site;J;Goedgekeurd op basis van kennisregels - automatische beeldherkenning (NIA);1980-01-01;3;;7;Libellen;Libellulidae;2026-07-08;634;S;zeldzaam
225851756;225851756;Zwarte heidelibel;Sympetrum danae;2021-09-18;9;2021-09-18;1;ter plaatse;onbekend;imago;onbekend;189260.30868035232;229024.39595392067;4.932507;51.369624;FS3492;Zwartwater;Turnhout;Turnhout;Antwerpen;Site;J;Goedgekeurd op basis van kennisregels - automatische beeldherkenning (NIA);1980-01-01;3;;25;Libellen;Libellulidae;2026-07-08;634;S;zeldzaam
251289400;251289400;Zwarte heidelibel;Sympetrum danae;2022-08-03;8;2022-08-04;1;ter plaatse;onbekend;imago;onbekend;210761.14316525505;207264.68483202253;5.2375603;51.172186;FS5671;Balen - De Most;Balen;Balen;Antwerpen;Site;J;Goedgekeurd op basis van bewijsmateriaal;1980-01-01;3;;15;Libellen;Libellulidae;2026-07-08;634;S;zeldzaam
327875290;327875290;Zwarte heidelibel;Sympetrum danae;2024-09-07;9;2024-09-13;1;eileggend;onbekend;imago;Vrouw;154998.14140041755;231508.14264666103;4.44056510226801;51.39326802890018;FS0094;Grenspark Kalmthoutse Heide - Vossenbergen;Kalmthout;Kalmthout;Antwerpen;Site;J;Goedgekeurd op basis van bewijsmateriaal;1980-01-01;4;;60;Libellen;Libellulidae;2026-07-08;634;S;zeldzaam
199293512;199293512;Zwarte heidelibel;Sympetrum danae;2020-08-30;8;2020-08-30;1;ter plaatse;gezien;imago;Man;199771.4848959809;195827.2529475661;5.078868;51.070435;FS4559;Tessenderlo - Centrum;Tessenderlo;Tessenderlo;Limburg;ObsMapp;J;Goedgekeurd op basis van expertoordeel;2007-01-01;3;Geen foto kunnen maken_ maar duidelijk zwart uitgekleurde heidelibel met gele vlekken op de thorax. Zwarte poten. In de achtertuin een 3m van de vijver. Komt regelmatig in de zon zitten op een grote witte zandsteen bol.;25;Libellen;Libellulidae;2026-07-08;634;S;zeldzaam
253556013;253556013;Zwarte heidelibel;Sympetrum danae;2022-08-28;8;2022-08-28;1;ter plaatse;gezien;imago;Man;223054.59066095544;216866.4311473565;5.41525506973267;51.2570571899414;FS6881;Neerpelt - Het Hageven;Neerpelt;Neerpelt;Limburg;ObsMapp;J;Goedgekeurd op basis van kennisregels - nabijheid;2007-01-01;3;gegidste wandeling;4;Libellen;Libellulidae;2026-07-08;634;S;zeldzaam
362485143;362485143;Zwarte heidelibel;Sympetrum danae;2025-07-12;7;2025-07-12;1;ter plaatse;gezien;imago, niet uitgekleurd;Man;219042.8960488744;207931.0389089454;5.35609199999999;51.177244;FS6472;Eksel - Pijnven;Hechtel-Eksel;Eksel;Limburg;Site;J;Goedgekeurd op basis van bewijsmateriaal;2025-10-31;3;;60;Libellen;Libellulidae;2026-07-08;634;S;zeldzaam
362484379;362484379;Zwarte heidelibel;Sympetrum danae;2025-07-12;7;2025-07-12;1;ter plaatse;gezien;imago, niet uitgekleurd;Vrouw;219042.8960488744;207931.0389089454;5.35609199999999;51.177244;FS6472;Eksel - Pijnven;Hechtel-Eksel;Eksel;Limburg;Site;J;Goedgekeurd op basis van bewijsmateriaal;2025-10-31;3;;60;Libellen;Libellulidae;2026-07-08;634;S;zeldzaam
362484279;362484279;Zwarte heidelibel;Sympetrum danae;2025-07-12;7;2025-07-12;1;ter plaatse;vangst;imago;Vrouw;219042.8960488744;207931.0389089454;5.35609199999999;51.177244;FS6472;Eksel - Pijnven;Hechtel-Eksel;Eksel;Limburg;Site;J;Goedgekeurd op basis van bewijsmateriaal;2025-10-31;3;excursie LVV;60;Libellen;Libellulidae;2026-07-08;634;S;zeldzaam
254168068;254168068;Zwarte heidelibel;Sympetrum danae;2022-09-05;9;2022-09-05;1;ter plaatse;onbekend;imago;Man;155439.4757853687;233180.76234029516;4.446931;51.408297;FS0096;Grenspark Kalmthoutse Heide - Stappersven;Kalmthout;Kalmthout;Antwerpen;Site;J;Goedgekeurd op basis van bewijsmateriaal;1980-01-01;3;;25;Libellen;Libellulidae;2026-07-08;634;S;zeldzaam
256473079;256473079;Zwarte heidelibel;Sympetrum danae;2022-10-08;10;2022-10-08;1;ter plaatse;onbekend;imago;Vrouw;189909.6586979965;209584.8891790416;4.939681999999948;51.194859;FS3573;Geel - De Zegge (Ontoegankelijk);Geel;Geel;Antwerpen;Site;J;Goedgekeurd op basis van bewijsmateriaal;1980-01-01;3;;5;Libellen;Libellulidae;2026-07-08;634;S;zeldzaam
368800037;368800037;Zwarte heidelibel;Sympetrum danae;2025-08-15;8;2025-08-16;1;ter plaatse;gezien;imago;Man;223533.29615293452;217591.5274911588;5.42225899999994;51.263513;FS6881;Neerpelt - Het Hageven;Neerpelt;Neerpelt;Limburg;Site;J;Goedgekeurd op basis van bewijsmateriaal;2025-11-30;3;;15;Libellen;Libellulidae;2026-07-08;634;S;zeldzaam
368799470;368799470;Zwarte heidelibel;Sympetrum danae;2025-08-15;8;2025-08-16;1;ter plaatse;gezien;imago;Man;223424.59201860643;217442.04367395025;5.420671462488826;51.26218339990704;FS6881;Neerpelt - Het Hageven;Neerpelt;Neerpelt;Limburg;Site;J;Goedgekeurd op basis van bewijsmateriaal;2025-11-30;3;;15;Libellen;Libellulidae;2026-07-08;634;S;zeldzaam
283984678;283984678;Zwarte heidelibel;Sympetrum danae;2023-08-12;8;2023-08-12;1;ter plaatse;onbekend;imago;Vrouw;154093.06973758063;232976.9640551973;4.4275794;51.4064766;ES9995;Grenspark Kalmthoutse Heide - Drielingvennen;Kalmthout;Kalmthout;Antwerpen;Site;J;Goedgekeurd op basis van bewijsmateriaal;1980-01-01;3;;54;Libellen;Libellulidae;2026-07-08;634;S;zeldzaam
368797830;368797830;Zwarte heidelibel;Sympetrum danae;2025-08-15;8;2025-08-16;1;ter plaatse;gezien;imago;Man;223565.08060294035;217506.7859563874;5.422697067260742;51.26274734312734;FS6981;Neerpelt - Het Hageven;Neerpelt;Neerpelt;Limburg;Site;J;Goedgekeurd op basis van bewijsmateriaal;2025-11-30;3;;30;Libellen;Libellulidae;2026-07-08;634;S;zeldzaam
362891721;362891721;Zwarte heidelibel;Sympetrum danae;2025-07-12;7;2025-07-14;1;ter plaatse;onbekend;imago;Vrouw;218794.8367858852;207629.89417225216;5.352487999999994;51.174567;FS6471;Eksel - Pijnven;Hechtel-Eksel;Eksel;Limburg;Site;J;Goedgekeurd op basis van bewijsmateriaal;1980-01-01;3;;500;Libellen;Libellulidae;2026-07-08;634;S;zeldzaam
221182396;221182396;Zwarte heidelibel;Sympetrum danae;2021-07-26;7;2021-07-26;1;ter plaatse;onbekend;imago;Man;194783.4504009338;228170.41711365804;5.011705;51.361545;FS4091;Ravels - Gewestbossen Zuid;Ravels;Ravels;Antwerpen;ObsIdentify;J;Goedgekeurd op basis van bewijsmateriaal;1980-01-01;3;;30;Libellen;Libellulidae;2026-07-08;634;S;zeldzaam
221094987;221094987;Zwarte heidelibel;Sympetrum danae;2021-07-25;7;2021-07-25;1;ter plaatse;onbekend;imago;Man;189397.70057708837;229294.03544556443;4.9345093;51.372038;FS3492;Zwartwater;Turnhout;Turnhout;Antwerpen;ObsIdentify;J;Goedgekeurd op basis van bewijsmateriaal;1980-01-01;3;;30;Libellen;Libellulidae;2026-07-08;634;S;zeldzaam
221187612;221187612;Zwarte heidelibel;Sympetrum danae;2021-07-26;7;2021-07-26;1;ter plaatse;onbekend;imago;Man;194530.81947929872;228144.422618391;5.008075;51.361331;FS3991;Ravels - omgeving Kesseven;Ravels;Ravels;Antwerpen;ObsIdentify;J;Goedgekeurd op basis van bewijsmateriaal;1980-01-01;3;;30;Libellen;Libellulidae;2026-07-08;634;S;zeldzaam
221179408;221179408;Zwarte heidelibel;Sympetrum danae;2021-07-26;7;2021-07-26;1;ter plaatse;onbekend;imago;Vrouw;194647.4035194773;228142.98099204432;5.0097485;51.361309;FS3991;Ravels - Gewestbossen Zuid;Ravels;Ravels;Antwerpen;ObsIdentify;J;Goedgekeurd op basis van bewijsmateriaal;1980-01-01;3;;60;Libellen;Libellulidae;2026-07-08;634;S;zeldzaam
222894169;222894169;Zwarte heidelibel;Sympetrum danae;2021-08-13;8;2021-08-13;1;ter plaatse;onbekend;imago;Man;189372.2763867753;229238.09786358665;4.9341381;51.371537;FS3492;Zwartwater;Turnhout;Turnhout;Antwerpen;ObsIdentify;J;Goedgekeurd op basis van bewijsmateriaal;1980-01-01;3;;7;Libellen;Libellulidae;2026-07-08;634;S;zeldzaam
362477986;362477986;Zwarte heidelibel;Sympetrum danae;2025-07-12;7;2025-07-12;1;ter plaatse;onbekend;imago;Man;219083.38844903628;208459.81633365716;5.356771666666667;51.18199166666667;FS6472;Eksel - Pijnven;Overpelt;Overpelt;Limburg;ObsIdentify;J;Goedgekeurd op basis van bewijsmateriaal;1980-01-01;3;;5;Libellen;Libellulidae;2026-07-08;634;S;zeldzaam
200489324;200489324;Zwarte heidelibel;Sympetrum danae;2020-09-21;9;2020-09-21;1;ter plaatse;onbekend;imago;Man;154096.14607740764;232950.19655746876;4.4276233;51.406236;ES9995;Grenspark Kalmthoutse Heide - Drielingvennen;Kalmthout;Kalmthout;Antwerpen;Site;J;Goedgekeurd op basis van bewijsmateriaal;1980-01-01;3;;60;Libellen;Libellulidae;2026-07-08;634;S;zeldzaam
288416950;288416950;Zwarte heidelibel;Sympetrum danae;2023-09-19;9;2023-09-19;1;ter plaatse;onbekend;imago;Man;153271.31326045355;232012.76986041013;4.41576147;51.39781604;ES9895;Grenspark Kalmthoutse Heide - Zwarte Heuvelen;Kalmthout;Kalmthout;Antwerpen;Site;J;Goedgekeurd op basis van bewijsmateriaal;1980-01-01;3;;15;Libellen;Libellulidae;2026-07-08;634;S;zeldzaam
281835752;281835752;Zwarte heidelibel;Sympetrum danae;2023-07-25;7;2023-07-25;1;ter plaatse;onbekend;imago;Vrouw;154134.4207137467;232922.5228189919;4.428173000000015;51.405987;ES9995;Grenspark Kalmthoutse Heide - Drielingvennen;Kalmthout;Kalmthout;Antwerpen;Site;J;Goedgekeurd op basis van bewijsmateriaal;1980-01-01;3;;5;Libellen;Libellulidae;2026-07-08;634;S;zeldzaam
362896631;362896631;Zwarte heidelibel;Sympetrum danae;2025-07-12;7;2025-07-14;1;ter plaatse;onbekend;imago;Man;219062.77869497615;208418.0779816294;5.356469000000061;51.181619;FS6472;Eksel - Pijnven;Overpelt;Overpelt;Limburg;Site;J;Goedgekeurd op basis van bewijsmateriaal;1980-01-01;3;;500;Libellen;Libellulidae;2026-07-08;634;S;zeldzaam
362902087;362902087;Zwarte heidelibel;Sympetrum danae;2025-07-12;7;2025-07-14;1;ter plaatse;onbekend;imago;Man;218879.4898511821;208323.40443032517;5.353830000000016;51.18079;FS6472;Eksel - Pijnven;Hechtel-Eksel;Eksel;Limburg;Site;J;Goedgekeurd op basis van bewijsmateriaal;1980-01-01;4;;999;Libellen;Libellulidae;2026-07-08;634;S;zeldzaam
283649013;283649013;Zwarte heidelibel;Sympetrum danae;2023-08-09;8;2023-08-10;2;ter plaatse;gezien;imago;Man;154114.3629802602;232947.5404637512;4.427885053446516;51.40621199628139;ES9995;Grenspark Kalmthoutse Heide - Drielingvennen;Kalmthout;Kalmthout;Antwerpen;Site;J;Goedgekeurd op basis van kennisregels - automatische beeldherkenning (NIA);1980-01-01;3;;60;Libellen;Libellulidae;2026-07-08;634;S;zeldzaam
362901988;362901988;Zwarte heidelibel;Sympetrum danae;2025-07-12;7;2025-07-14;1;ter plaatse;onbekend;imago;Man;218879.4898511821;208323.40443032517;5.353830000000016;51.18079;FS6472;Eksel - Pijnven;Hechtel-Eksel;Eksel;Limburg;Site;J;Goedgekeurd op basis van bewijsmateriaal;1980-01-01;4;;999;Libellen;Libellulidae;2026-07-08;634;S;zeldzaam
290358961;290358961;Zwarte heidelibel;Sympetrum danae;2023-10-10;10;2023-10-10;3;ter plaatse;gezien;imago;Man;204747.0625738644;220186.75344566256;5.153528127903883;51.2889293098401;FS5084;Postel - Omgeving Ronde Put;Mol;Mol;Antwerpen;Site;J;Goedgekeurd op basis van bewijsmateriaal;1980-01-01;3;;100;Libellen;Libellulidae;2026-07-08;634;S;zeldzaam
362899131;362899131;Zwarte heidelibel;Sympetrum danae;2025-07-12;7;2025-07-14;1;ter plaatse;onbekend;imago;Vrouw;218885.44007249887;207464.31382322495;5.353751999999986;51.173068;FS6471;Eksel - Pijnven;Hechtel-Eksel;Eksel;Limburg;Site;J;Goedgekeurd op basis van bewijsmateriaal;1980-01-01;4;;999;Libellen;Libellulidae;2026-07-08;634;S;zeldzaam
326417353;326417353;Zwarte heidelibel;Sympetrum danae;2024-08-31;8;2024-08-31;1;ter plaatse;onbekend;imago;Vrouw;154008.35471745543;233022.14097516984;4.42636251449585;51.406883239746094;ES9996;Grenspark Kalmthoutse Heide - Drielingvennen;Kalmthout;Kalmthout;Antwerpen;ObsMapp;J;Goedgekeurd op basis van bewijsmateriaal;1980-01-01;3;;3;Libellen;Libellulidae;2026-07-08;634;S;zeldzaam
326417341;326417341;Zwarte heidelibel;Sympetrum danae;2024-08-31;8;2024-08-31;1;ter plaatse;onbekend;imago;onbekend;154055.5991693023;232987.79895125795;4.427041053771973;51.40657424926758;ES9996;Grenspark Kalmthoutse Heide - Drielingvennen;Kalmthout;Kalmthout;Antwerpen;ObsMapp;J;Goedgekeurd op basis van kennisregels - nabijheid;1980-01-01;3;;2;Libellen;Libellulidae;2026-07-08;634;S;zeldzaam
329057105;329057105;Zwarte heidelibel;Sympetrum danae;2024-09-23;9;2024-09-24;1;ter plaatse;gezien;imago;Man;204855.78429357937;220218.38663734405;5.155091284832452;51.28920327033477;FS5084;Postel - Omgeving Ronde Put;Mol;Mol;Antwerpen;Site;J;Goedgekeurd op basis van bewijsmateriaal;1980-01-01;3;;25;Libellen;Libellulidae;2026-07-08;634;S;zeldzaam
324826815;324826815;Zwarte heidelibel;Sympetrum danae;2024-08-18;8;2024-08-18;1;ter plaatse;onbekend;imago;Man;153981.03119163628;233041.64366251696;4.425970077514648;51.40705871582031;ES9996;Grenspark Kalmthoutse Heide - Drielingvennen;Kalmthout;Kalmthout;Antwerpen;ObsMapp;J;Goedgekeurd op basis van bewijsmateriaal;1980-01-01;3;;2;Libellen;Libellulidae;2026-07-08;634;S;zeldzaam
224509097;224509097;Zwarte heidelibel;Sympetrum danae;2021-09-01;9;2021-09-01;1;ter plaatse;gezien;imago;Man;204760.8011232876;220116.5455315309;5.1537144;51.288297;FS5084;Postel - Omgeving Ronde Put;Mol;Mol;Antwerpen;Site;J;Goedgekeurd op basis van bewijsmateriaal;1980-01-01;3;;20;Libellen;Libellulidae;2026-07-08;634;S;zeldzaam
324239131;324239131;Zwarte heidelibel;Sympetrum danae;2024-08-15;8;2024-08-15;1;ter plaatse;onbekend;imago;onbekend;154608.79191612464;232522.237435597;4.434984683990479;51.40238571166992;ES9995;Grenspark Kalmthoutse Heide - Drielingvennen;Kalmthout;Kalmthout;Antwerpen;ObsMapp;J;Goedgekeurd op basis van expertoordeel;1980-01-01;3;;2;Libellen;Libellulidae;2026-07-08;634;S;zeldzaam
323990429;323990429;Zwarte heidelibel;Sympetrum danae;2024-08-13;8;2024-08-13;2;ter plaatse;onbekend;imago;onbekend;154516.91006300334;232514.9400621839;4.433664321899414;51.402320861816406;ES9995;Grenspark Kalmthoutse Heide - Drielingvennen;Kalmthout;Kalmthout;Antwerpen;ObsMapp;J;Goedgekeurd op basis van bewijsmateriaal;1980-01-01;3;gevangen door wespspin;2;Libellen;Libellulidae;2026-07-08;634;S;zeldzaam
321958720;321958720;Zwarte heidelibel;Sympetrum danae;2024-07-30;7;2024-07-30;2;ter plaatse;gezien;imago;Man;210801.12646907647;207267.77365530096;5.238132473314181;51.17220955242322;FS5671;Balen - De Most;Balen;Balen;Antwerpen;Site;J;Goedgekeurd op basis van bewijsmateriaal;1980-01-01;3;;20;Libellen;Libellulidae;2026-07-08;634;S;zeldzaam
321651515;321651515:3571981;Zwarte heidelibel;Sympetrum danae;2024-07-28;7;2024-07-28;1;ter plaatse;gezien;imago;Vrouw;204745.78226824343;220191.98841426332;5.153510570523736;51.28897648157408;FS5084;Postel - Omgeving Ronde Put;Mol;Mol;Antwerpen;Site;J;Goedgekeurd op basis van kennisregels - automatische beeldherkenning (NIA);1980-01-01;3;;25;Libellen;Libellulidae;2026-07-08;634;S;zeldzaam
321651515;321651515:3571980;Zwarte heidelibel;Sympetrum danae;2024-07-28;7;2024-07-28;2;ter plaatse;gezien;imago;Man;204745.78226824343;220191.98841426332;5.153510570523736;51.28897648157408;FS5084;Postel - Omgeving Ronde Put;Mol;Mol;Antwerpen;Site;J;Goedgekeurd op basis van kennisregels - automatische beeldherkenning (NIA);1980-01-01;3;;25;Libellen;Libellulidae;2026-07-08;634;S;zeldzaam
323990416;323990416;Zwarte heidelibel;Sympetrum danae;2024-08-13;8;2024-08-13;4;ter plaatse;onbekend;imago;onbekend;154564.6967473489;232514.13362109105;4.434350967407227;51.40231323242188;ES9995;Grenspark Kalmthoutse Heide - Drielingvennen;Kalmthout;Kalmthout;Antwerpen;ObsMapp;J;Goedgekeurd op basis van bewijsmateriaal;1980-01-01;3;;2;Libellen;Libellulidae;2026-07-08;634;S;zeldzaam
321803047;321803047;Zwarte heidelibel;Sympetrum danae;2024-07-29;7;2024-07-29;1;ter plaatse;onbekend;imago;onbekend;154475.6055260385;232730.5169617096;4.4330735206604;51.404258728027344;ES9995;Grenspark Kalmthoutse Heide - Drielingvennen;Kalmthout;Kalmthout;Antwerpen;ObsMapp;J;Goedgekeurd op basis van kennisregels - automatische beeldherkenning (NIA);1980-01-01;3;;2;Libellen;Libellulidae;2026-07-08;634;S;zeldzaam
321803045;321803045;Zwarte heidelibel;Sympetrum danae;2024-07-29;7;2024-07-29;1;ter plaatse;onbekend;imago, niet uitgekleurd;Man;154447.79054683758;232738.98140289728;4.432673931121826;51.404335021972656;ES9995;Grenspark Kalmthoutse Heide - Drielingvennen;Kalmthout;Kalmthout;Antwerpen;ObsMapp;J;Goedgekeurd op basis van bewijsmateriaal;1980-01-01;3;;1;Libellen;Libellulidae;2026-07-08;634;S;zeldzaam
321803034;321803034;Zwarte heidelibel;Sympetrum danae;2024-07-29;7;2024-07-29;1;ter plaatse;onbekend;imago;onbekend;154787.8025772481;232650.581333586;4.437558650970459;51.40353775024414;ES9995;Grenspark Kalmthoutse Heide - Drielingvennen;Kalmthout;Kalmthout;Antwerpen;ObsMapp;J;Goedgekeurd op basis van kennisregels - nabijheid;1980-01-01;3;;1;Libellen;Libellulidae;2026-07-08;634;S;zeldzaam
320396419;320396419;Zwarte heidelibel;Sympetrum danae;2024-07-22;7;2024-07-22;1;ter plaatse;onbekend;imago;Man;154673.94418346562;232684.439124004;4.4359230000000025;51.403843;ES9995;Grenspark Kalmthoutse Heide - Drielingvennen;Kalmthout;Kalmthout;Antwerpen;ObsMapp;J;Goedgekeurd op basis van bewijsmateriaal;1980-01-01;3;;3;Libellen;Libellulidae;2026-07-08;634;S;zeldzaam
249525480;249525480:2663278;Zwarte heidelibel;Sympetrum danae;2022-07-18;7;2022-07-18;1;ter plaatse;gezien;imago;Man;205023.0955208981;220251.62041435015;5.1574945;51.289486;FS5084;Postel - Ronde Put;Mol;Mol;Antwerpen;Site;J;Goedgekeurd op basis van bewijsmateriaal;1980-01-01;3;;15;Libellen;Libellulidae;2026-07-08;634;S;zeldzaam
249525480;249525480:2663279;Zwarte heidelibel;Sympetrum danae;2022-07-18;7;2022-07-18;1;ter plaatse;gezien;imago;onbekend;205023.0955208981;220251.62041435015;5.1574945;51.289486;FS5084;Postel - Ronde Put;Mol;Mol;Antwerpen;Site;J;Goedgekeurd op basis van bewijsmateriaal;1980-01-01;3;;15;Libellen;Libellulidae;2026-07-08;634;S;zeldzaam
316737695;316737695;Zwarte heidelibel;Sympetrum danae;2024-06-29;6;2024-06-29;1;ter plaatse;gezien;imago;Man;154289.60039384986;230411.90065864008;4.43037271455978;51.38342105257261;ES9993;Grenspark Kalmthoutse Heide - Nieuwe Gemeentebossen;Kalmthout;Kalmthout;Antwerpen;Site;J;Goedgekeurd op basis van bewijsmateriaal;1980-01-01;3;;15;Libellen;Libellulidae;2026-07-08;634;S;zeldzaam
225157768;225157768;Zwarte heidelibel;Sympetrum danae;2021-09-07;9;2021-09-08;2;ter plaatse;gezien;imago;Man;204773.170694938;220055.92634696237;5.1538825;51.287751;FS5084;Postel - Omgeving Ronde Put;Mol;Mol;Antwerpen;Site;J;Goedgekeurd op basis van bewijsmateriaal;1980-01-01;3;;20;Libellen;Libellulidae;2026-07-08;634;S;zeldzaam
285122894;285122894;Zwarte heidelibel;Sympetrum danae;2023-08-20;8;2023-08-20;1;ter plaatse;gezien;imago;Vrouw;214759.49116794945;217095.2128560571;5.296483039855957;51.26010519849653;FS6081;Lommel - Blekerheide;Lommel;Lommel;Limburg;Site;J;Goedgekeurd op basis van bewijsmateriaal;1980-01-01;3;;20;Libellen;Libellulidae;2026-07-08;634;S;zeldzaam
250316765;250316765;Zwarte heidelibel;Sympetrum danae;2022-07-25;7;2022-07-25;1;ter plaatse;gezien;imago;Vrouw;189200.07275768567;229218.9855387509;4.9316633;51.371377;FS3492;Zwartwater;Turnhout;Turnhout;Antwerpen;Site;J;Goedgekeurd op basis van bewijsmateriaal;1980-01-01;3;;25;Libellen;Libellulidae;2026-07-08;634;S;zeldzaam
250745890;250745890;Zwarte heidelibel;Sympetrum danae;2022-07-29;7;2022-07-29;2;ter plaatse;gezien;imago;Man;204754.73019469867;220148.30277433805;5.1536322;51.288583;FS5084;Postel - Omgeving Ronde Put;Mol;Mol;Antwerpen;Site;J;Goedgekeurd op basis van bewijsmateriaal;1980-01-01;3;;25;Libellen;Libellulidae;2026-07-08;634;S;zeldzaam
252021280;252021280;Zwarte heidelibel;Sympetrum danae;2022-08-11;8;2022-08-11;1;ter plaatse;gezien;imago;Man;210785.92874977036;207245.17082541625;5.2379114;51.172008;FS5671;Balen - De Most;Balen;Balen;Antwerpen;Site;J;Goedgekeurd op basis van bewijsmateriaal;1980-01-01;3;;25;Libellen;Libellulidae;2026-07-08;634;S;zeldzaam
284293752;284293752;Zwarte heidelibel;Sympetrum danae;2023-08-14;8;2023-08-14;1;ter plaatse;gezien;imago;Man;204762.0858596338;220121.7441141419;5.153733602823422;51.28834360081625;FS5084;Postel - Omgeving Ronde Put;Mol;Mol;Antwerpen;Site;J;Goedgekeurd op basis van bewijsmateriaal;1980-01-01;3;;50;Libellen;Libellulidae;2026-07-08;634;S;zeldzaam
251070896;251070896;Zwarte heidelibel;Sympetrum danae;2022-08-01;8;2022-08-01;1;ter plaatse;onbekend;onbekend;Man;210647.861612948;206846.77639664055;5.23587083816528;51.1684417724609;FS5670;Balen - De Most;Balen;Balen;Antwerpen;ObsMapp;J;Goedgekeurd op basis van kennisregels - nabijheid;2007-01-01;3;;3;Libellen;Libellulidae;2026-07-08;634;S;zeldzaam
225497779;225497779;Zwarte heidelibel;Sympetrum danae;2021-09-13;9;2021-09-13;1;ter plaatse;onbekend;onbekend;onbekend;210936.54300269176;207460.05569540337;5.2401008605957;51.1739234924316;FS5671;Balen - De Most;Balen;Balen;Antwerpen;ObsMapp;J;Goedgekeurd op basis van kennisregels - nabijheid;2007-01-01;3;;2;Libellen;Libellulidae;2026-07-08;634;S;zeldzaam
367714749;367714749;Zwarte heidelibel;Sympetrum danae;2025-08-09;8;2025-08-09;1;ter plaatse;onbekend;imago;Man;217553.31620659423;197702.8546000151;5.332892518490553;51.08549002141715;FS6361;  ;Beringen;Koersel;Limburg;ObsIdentify;J;Goedgekeurd op basis van bewijsmateriaal;2035-08-09;3;;4;Libellen;Libellulidae;2026-07-08;634;S;zeldzaam
225485065;225485065;Zwarte heidelibel;Sympetrum danae;2021-09-13;9;2021-09-13;1;ter plaatse;onbekend;imago;Vrouw;210919.61538492888;207452.12516451252;5.2398575;51.173854;FS5671;Balen - De Most;Balen;Balen;Antwerpen;ObsIdentify;J;Goedgekeurd op basis van bewijsmateriaal;1980-01-01;3;;3;Libellen;Libellulidae;2026-07-08;634;S;zeldzaam
251070898;251070898;Zwarte heidelibel;Sympetrum danae;2022-08-01;8;2022-08-01;1;ter plaatse;onbekend;onbekend;Vrouw;210647.7282148952;206846.7748375293;5.23586893081665;51.1684417724609;FS5670;Balen - De Most;Balen;Balen;Antwerpen;ObsMapp;J;Goedgekeurd op basis van kennisregels - nabijheid;2007-01-01;3;;3;Libellen;Libellulidae;2026-07-08;634;S;zeldzaam
371820117;371820117;Zwarte heidelibel;Sympetrum danae;2025-08-25;8;2025-09-06;1;overvliegend;gezien;imago;Man;188410.49143490876;219394.76312143917;4.919278297206347;51.28313267861743;FS3383;Turnhout - Tielen heide;Turnhout;Turnhout;Antwerpen;Site;J;Goedgekeurd op basis van expertoordeel;1980-01-01;3;kleine zwarte libel;25;Libellen;Libellulidae;2026-07-08;634;S;zeldzaam
197677333;197677333;Zwarte heidelibel;Sympetrum danae;2020-08-03;8;2020-08-03;1;ter plaatse;onbekend;imago;onbekend;189209.6375740072;229103.0089804046;4.931788;51.370334;FS3492;Zwartwater;Turnhout;Turnhout;Antwerpen;Site;J;Goedgekeurd op basis van bewijsmateriaal;1980-01-01;3;;25;Libellen;Libellulidae;2026-07-08;634;S;zeldzaam
226100901;226100901;Zwarte heidelibel;Sympetrum danae;2021-09-21;9;2021-09-22;2;ter plaatse;onbekend;onbekend;Man;210132.99881715747;207348.39444778956;5.22859334945679;51.1730041503906;FS5571;Balen - De Most;Balen;Balen;Antwerpen;ObsMapp;J;Goedgekeurd op basis van kennisregels - nabijheid;2007-01-01;3;;2;Libellen;Libellulidae;2026-07-08;634;S;zeldzaam
198981869;198981869;Zwarte heidelibel;Sympetrum danae;2020-08-23;8;2020-08-23;1;ter plaatse;onbekend;imago;Vrouw;189206.667960866;229108.8834680365;4.931746;51.370387;FS3492;Zwartwater;Turnhout;Turnhout;Antwerpen;Site;J;Goedgekeurd op basis van bewijsmateriaal;1980-01-01;3;;25;Libellen;Libellulidae;2026-07-08;634;S;zeldzaam
326123435;326123435;Zwarte heidelibel;Sympetrum danae;2024-08-28;8;2024-08-28;1;ter plaatse;onbekend;onbekend;Man;210907.70221652277;207490.7000328973;5.239693641662598;51.17420196533203;FS5671;Balen - De Most;Balen;Balen;Antwerpen;ObsMapp;J;Goedgekeurd op basis van kennisregels - nabijheid;1980-01-01;3;;3;Libellen;Libellulidae;2026-07-08;634;S;zeldzaam
290448784;290448784;Zwarte heidelibel;Sympetrum danae;2023-10-09;10;2023-10-11;1;ter plaatse;onbekend;onbekend;onbekend;211974.3574447942;207463.8596864259;5.254940032958984;51.17384719848633;FS5771;Balen - De Most;Balen;Balen;Antwerpen;ObsMapp;J;Goedgekeurd op basis van expertoordeel;1980-01-01;3;;13;Libellen;Libellulidae;2026-07-08;634;S;zeldzaam
325119977;325119977;Zwarte heidelibel;Sympetrum danae;2024-08-19;8;2024-08-20;1;ter plaatse;onbekend;onbekend;Vrouw;210010.0958555818;207467.08334404603;5.226855754852295;51.1740837097168;FS5571;Balen - De Most;Balen;Balen;Antwerpen;ObsMapp;J;Goedgekeurd op basis van kennisregels - nabijheid;1980-01-01;3;;3;Libellen;Libellulidae;2026-07-08;634;S;zeldzaam
325119979;325119979;Zwarte heidelibel;Sympetrum danae;2024-08-19;8;2024-08-20;1;ter plaatse;onbekend;onbekend;Man;210011.98758645263;207479.4135083044;5.226884841918945;51.1741943359375;FS5571;Balen - De Most;Balen;Balen;Antwerpen;ObsMapp;J;Goedgekeurd op basis van kennisregels - nabijheid;1980-01-01;3;;2;Libellen;Libellulidae;2026-07-08;634;S;zeldzaam
323007641;323007641;Zwarte heidelibel;Sympetrum danae;2024-08-06;8;2024-08-06;1;ter plaatse;onbekend;imago;Vrouw;199259.98063896355;206152.3262371896;5.072969000000057;51.163284;FS4470;Geel - Bel;Geel;Geel;Antwerpen;ObsMapp;J;Goedgekeurd op basis van expertoordeel;1980-01-01;3;;10;Libellen;Libellulidae;2026-07-08;634;S;zeldzaam
218721786;218721786;Zwarte heidelibel;Sympetrum danae;2021-07-02;7;2021-07-02;1;ter plaatse;onbekend;imago;Vrouw;154302.3906106456;230340.33947776537;4.43055556;51.38277778;ES9993;Grenspark Kalmthoutse Heide - Nieuwe Gemeentebossen - Putse Moer;Kalmthout;Kalmthout;Antwerpen;ObsIdentify;J;Goedgekeurd op basis van bewijsmateriaal;1980-01-01;3;;999;Libellen;Libellulidae;2026-07-08;634;S;zeldzaam
323357688;323357688;Zwarte heidelibel;Sympetrum danae;2024-08-07;8;2024-08-08;1;ter plaatse;onbekend;onbekend;Man;210988.2585702109;207458.1167875901;5.240839958190918;51.17390060424805;FS5671;Balen - De Most;Balen;Balen;Antwerpen;ObsMapp;J;Goedgekeurd op basis van kennisregels - nabijheid;1980-01-01;3;;2;Libellen;Libellulidae;2026-07-08;634;S;zeldzaam
323007803;323007803;Zwarte heidelibel;Sympetrum danae;2024-08-05;8;2024-08-06;1;ter plaatse;onbekend;onbekend;Man;210950.3262456929;207456.39777322672;5.240297317504883;51.17388916015625;FS5671;Balen - De Most;Balen;Balen;Antwerpen;ObsMapp;J;Goedgekeurd op basis van kennisregels - nabijheid;1980-01-01;3;;7;Libellen;Libellulidae;2026-07-08;634;S;zeldzaam
325680278;325680278;Zwarte heidelibel;Sympetrum danae;2024-08-25;8;2024-08-25;1;ter plaatse;onbekend;imago;Vrouw;154822.9463099409;232676.34393391013;4.43806399999994;51.403769;FS0095;Grenspark Kalmthoutse Heide - Drielingvennen;Kalmthout;Kalmthout;Antwerpen;ObsIdentify;J;Goedgekeurd op basis van bewijsmateriaal;1980-01-01;3;;4;Libellen;Libellulidae;2026-07-08;634;S;zeldzaam
325679531;325679531;Zwarte heidelibel;Sympetrum danae;2024-08-25;8;2024-08-25;1;ter plaatse;onbekend;imago;Man;154814.5180368189;232684.56947696305;4.437943000000018;51.403843;FS0095;Grenspark Kalmthoutse Heide - Drielingvennen;Kalmthout;Kalmthout;Antwerpen;ObsIdentify;J;Goedgekeurd op basis van bewijsmateriaal;1980-01-01;3;;5;Libellen;Libellulidae;2026-07-08;634;S;zeldzaam
247332843;247332843;Zwarte heidelibel;Sympetrum danae;2022-06-29;6;2022-06-29;1;ter plaatse;onbekend;imago;Man;216865.907986055;196854.18883342948;5.322927;51.077942;FS6261;Koersel - Koerselse heide noord;Beringen;Koersel;Limburg;Site;J;Goedgekeurd op basis van kennisregels - automatische beeldherkenning (NIA);2022-09-03;3;;25;Libellen;Libellulidae;2026-07-08;634;S;zeldzaam
326490992;326490992;Zwarte heidelibel;Sympetrum danae;2024-08-30;8;2024-08-31;1;ter plaatse;gezien;imago;onbekend;154815.6766861156;232710.4949048143;4.437959999999976;51.404076;FS0095;Grenspark Kalmthoutse Heide - Stappersven - Heide NO van Keetheuvel;Kalmthout;Kalmthout;Antwerpen;ObsMapp;J;Goedgekeurd op basis van kennisregels - automatische beeldherkenning (NIA);1980-01-01;3;;3;Libellen;Libellulidae;2026-07-08;634;S;zeldzaam
326490919;326490919;Zwarte heidelibel;Sympetrum danae;2024-08-31;8;2024-08-31;1;ter plaatse;gezien;imago;onbekend;153230.62372877653;232276.28041654453;4.415179252624512;51.400184631347656;ES9895;Grenspark Kalmthoutse Heide - Zwarte Heuvelen;Kalmthout;Kalmthout;Antwerpen;ObsMapp;J;Goedgekeurd op basis van expertoordeel;1980-01-01;3;;3;Libellen;Libellulidae;2026-07-08;634;S;zeldzaam
220812630;220812630;Zwarte heidelibel;Sympetrum danae;2021-07-22;7;2021-07-23;1;ter plaatse;onbekend;imago;Man;154405.87316353706;230106.35651327204;4.432039;51.380674;ES9993;Grenspark Kalmthoutse Heide - Nieuwe Gemeentebossen - Putse Moer;Kalmthout;Kalmthout;Antwerpen;Site;J;Goedgekeurd op basis van bewijsmateriaal;1980-01-01;3;;25;Libellen;Libellulidae;2026-07-08;634;S;zeldzaam
220579173;220579173;Zwarte heidelibel;Sympetrum danae;2021-07-20;7;2021-07-21;1;ter plaatse;onbekend;imago, niet uitgekleurd;Man;154725.50096788583;230208.0015046103;4.436631;51.381585;ES9993;Grenspark Kalmthoutse Heide - Nieuwe Gemeentebossen;Kalmthout;Kalmthout;Antwerpen;Site;J;Goedgekeurd op basis van bewijsmateriaal;1980-01-01;3;;25;Libellen;Libellulidae;2026-07-08;634;S;zeldzaam
220812545;220812545;Zwarte heidelibel;Sympetrum danae;2021-07-22;7;2021-07-23;1;ter plaatse;onbekend;imago;Man;154405.87316353706;230106.35651327204;4.432039;51.380674;ES9993;Grenspark Kalmthoutse Heide - Nieuwe Gemeentebossen - Putse Moer;Kalmthout;Kalmthout;Antwerpen;Site;J;Goedgekeurd op basis van bewijsmateriaal;1980-01-01;3;;25;Libellen;Libellulidae;2026-07-08;634;S;zeldzaam
318713349;318713349;Zwarte heidelibel;Sympetrum danae;2024-07-02;7;2024-07-13;1;ter plaatse;onbekend;imago;onbekend;154250.29784855328;233492.064336922;4.429845;51.411105;ES9996;Grenspark Kalmthoutse Heide - De Nol (Ontoegankelijk);Kalmthout;Kalmthout;Antwerpen;ObsIdentify;J;Goedgekeurd op basis van kennisregels - automatische beeldherkenning (NIA);1980-01-01;3;;5;Libellen;Libellulidae;2026-07-08;634;S;zeldzaam
222878472;222878472;Zwarte heidelibel;Sympetrum danae;2021-08-13;8;2021-08-13;1;ter plaatse;onbekend;imago;Man;216913.63720717287;196909.0967636816;5.3236181;51.07843;FS6261;Koersel - Koerselse heide noord;Beringen;Koersel;Limburg;Site;J;Goedgekeurd op basis van bewijsmateriaal;1980-01-01;3;;5;Libellen;Libellulidae;2026-07-08;634;S;zeldzaam
247333010;247333010;Zwarte heidelibel;Sympetrum danae;2022-06-29;6;2022-06-29;1;ter plaatse;onbekend;imago;Man;216720.85852725265;196792.0236861613;5.320846;51.0774;FS6260;Koersel - Koerselse heide noord;Beringen;Koersel;Limburg;Site;J;Goedgekeurd op basis van kennisregels - automatische beeldherkenning (NIA);2022-09-01;3;;15;Libellen;Libellulidae;2026-07-08;634;S;zeldzaam
247333503;247333503;Zwarte heidelibel;Sympetrum danae;2022-06-29;6;2022-06-29;1;ter plaatse;onbekend;imago;Man;216713.57180448936;196775.46401656696;5.320739;51.077252;FS6260;Koersel - Koerselse heide noord;Beringen;Koersel;Limburg;Site;J;Goedgekeurd op basis van kennisregels - automatische beeldherkenning (NIA);2022-10-01;3;;15;Libellen;Libellulidae;2026-07-08;634;S;zeldzaam
253258614;253258614;Zwarte heidelibel;Sympetrum danae;2022-08-25;8;2022-08-25;1;ter plaatse;onbekend;imago;onbekend;153898.37665279367;233435.48421205956;4.4247866;51.410599;ES9996;Grenspark Kalmthoutse Heide - Drielingvennen;Kalmthout;Kalmthout;Antwerpen;Site;J;Goedgekeurd op basis van kennisregels - automatische beeldherkenning (NIA);1980-01-01;3;;60;Libellen;Libellulidae;2026-07-08;634;S;zeldzaam
198183027;198183027;Zwarte heidelibel;Sympetrum danae;2020-08-10;8;2020-08-10;1;ter plaatse;onbekend;imago;Man;205500.4768606025;220316.24425214625;5.164347;51.290021;FS5084;Postel - Ronde Put;Mol;Mol;Antwerpen;Site;J;Goedgekeurd op basis van bewijsmateriaal;1980-01-01;3;;5;Libellen;Libellulidae;2026-07-08;634;S;zeldzaam
220953196;220953196;Zwarte heidelibel;Sympetrum danae;2021-07-24;7;2021-07-24;1;ter plaatse;onbekend;imago;Man;217067.4522589249;196991.62940897237;5.325828;51.079154;FS6261;Koersel - Koerselse heide noord;Beringen;Koersel;Limburg;Site;J;Goedgekeurd op basis van bewijsmateriaal;1980-01-01;3;;5;Libellen;Libellulidae;2026-07-08;634;S;zeldzaam
222880017;222880017;Zwarte heidelibel;Sympetrum danae;2021-08-13;8;2021-08-13;1;ter plaatse;onbekend;imago;Man;216692.40596817364;196814.24400790315;5.3204441;51.077603;FS6261;Koersel - Koerselse heide noord;Beringen;Koersel;Limburg;Site;J;Goedgekeurd op basis van bewijsmateriaal;1980-01-01;3;;7;Libellen;Libellulidae;2026-07-08;634;S;zeldzaam
254957834;254957834;Zwarte heidelibel;Sympetrum danae;2022-08-07;8;2022-09-17;1;ter plaatse;gezien;imago;onbekend;155440.33767869754;233240.6230159914;4.4469443;51.408835;FS0096;Grenspark Kalmthoutse Heide - Stappersven;Kalmthout;Kalmthout;Antwerpen;Site;J;Goedgekeurd op basis van kennisregels - automatische beeldherkenning (NIA);1980-01-01;3;;20;Libellen;Libellulidae;2026-07-08;634;S;zeldzaam
285403114;285403114;Zwarte heidelibel;Sympetrum danae;2023-08-22;8;2023-08-22;1;ter plaatse;gezien;imago;Vrouw;224330.22023951449;209924.9617886506;5.432101;51.194508;FS6974;  ;Overpelt;Overpelt;Limburg;ObsIdentify;J;Goedgekeurd op basis van bewijsmateriaal;1980-01-01;4;;999;Libellen;Libellulidae;2026-07-08;634;S;zeldzaam
220957528;220957528;Zwarte heidelibel;Sympetrum danae;2021-07-24;7;2021-07-24;1;ter plaatse;onbekend;imago;Vrouw;217337.2238606902;197130.73999553733;5.329703;51.080373;FS6361;  ;Beringen;Koersel;Limburg;Site;J;Goedgekeurd op basis van bewijsmateriaal;1980-01-01;3;;7;Libellen;Libellulidae;2026-07-08;634;S;zeldzaam
220955532;220955532;Zwarte heidelibel;Sympetrum danae;2021-07-24;7;2021-07-24;1;ter plaatse;onbekend;imago;Vrouw;217521.99224567323;197144.3733988712;5.332342;51.080474;FS6361;  ;Beringen;Koersel;Limburg;Site;J;Goedgekeurd op basis van bewijsmateriaal;1980-01-01;3;;7;Libellen;Libellulidae;2026-07-08;634;S;zeldzaam
359799099;359799099;Zwarte heidelibel;Sympetrum danae;2025-06-29;6;2025-06-29;1;ter plaatse;gezien;imago;Vrouw;218618.90816624367;203223.67097253632;5.349140167236328;51.13498555512162;FS6467;  ;Hechtel-Eksel;Hechtel;Limburg;Site;J;Goedgekeurd op basis van bewijsmateriaal;1980-01-01;3;Zittend op mijn t shirt in de tuin;120;Libellen;Libellulidae;2026-07-08;634;S;zeldzaam
391055031;391055031;Zwarte heidelibel;Sympetrum danae;2024-09-07;9;2026-04-06;1;ter plaatse;onbekend;imago;Man;215996.92264729316;196550.5895702904;5.310473000000002;51.075313;FS6160;Koersel - Koerselse heide noord;Beringen;Koersel;Limburg;Site;J;Goedgekeurd op basis van bewijsmateriaal;1980-01-01;3;;400;Libellen;Libellulidae;2026-07-08;634;S;zeldzaam
250129213;250129213;Zwarte heidelibel;Sympetrum danae;2022-07-22;7;2022-07-24;1;ter plaatse;onbekend;imago;onbekend;154426.75759318846;232763.7724124817;4.432372;51.404558;ES9995;Grenspark Kalmthoutse Heide - Drielingvennen;Kalmthout;Kalmthout;Antwerpen;Site;J;Goedgekeurd op basis van kennisregels - automatische beeldherkenning (NIA);1980-01-01;3;;25;Libellen;Libellulidae;2026-07-08;634;S;zeldzaam
365160336;365160336;Zwarte heidelibel;Sympetrum danae;2025-07-25;7;2025-07-26;1;ter plaatse;onbekend;onbekend;onbekend;214612.9478974068;203234.3956627548;5.2919135093688965;51.13554382324219;FS6067;Mil. Dom. Kamp Beverlo - Schietveld (Strikt ontoegankelijk);Hechtel-Eksel;Hechtel;Limburg;ObsMapp;J;Goedgekeurd op basis van kennisregels - nabijheid;1980-01-01;3;;3;Libellen;Libellulidae;2026-07-08;634;S;zeldzaam
327332503;327332503;Zwarte heidelibel;Sympetrum danae;2024-09-06;9;2024-09-07;1;ter plaatse;onbekend;onbekend;onbekend;154820.99037632052;232646.3681392027;4.438035488128662;51.40349960327149;FS0095;Grenspark Kalmthoutse Heide - Drielingvennen;Kalmthout;Kalmthout;Antwerpen;ObsMapp;J;Goedgekeurd op basis van kennisregels - nabijheid;1980-01-01;3;;3;Libellen;Libellulidae;2026-07-08;634;S;zeldzaam
250130208;250130208;Zwarte heidelibel;Sympetrum danae;2022-07-22;7;2022-07-24;1;ter plaatse;onbekend;imago;onbekend;153743.55427464048;230823.35860560465;4.422534;51.387123;ES9893;Grenspark Kalmthoutse Heide - Kambuusduinen;Kalmthout;Kalmthout;Antwerpen;Site;J;Goedgekeurd op basis van kennisregels - automatische beeldherkenning (NIA);1980-01-01;3;;25;Libellen;Libellulidae;2026-07-08;634;S;zeldzaam
246071204;246071204;Zwarte heidelibel;Sympetrum danae;2022-06-19;6;2022-06-19;1;ter plaatse;gezien;imago, niet uitgekleurd;onbekend;195202.82100891444;228280.2429577345;5.01773929595947;51.3624992370605;FS4092;Ravels - Gewestbossen Zuid;Ravels;Ravels;Antwerpen;ObsMapp;J;Goedgekeurd op basis van kennisregels - nabijheid;2007-01-01;3;;3;Libellen;Libellulidae;2026-07-08;634;S;zeldzaam
324244278;324244278:3593739;Zwarte heidelibel;Sympetrum danae;2024-08-15;8;2024-08-15;2;ter plaatse;onbekend;imago;Vrouw;155825.68312985625;233658.28521374887;4.452489000000014;51.412585;FS0196;Grenspark Kalmthoutse Heide - Boterbergen;Kalmthout;Kalmthout;Antwerpen;Site;J;Goedgekeurd op basis van expertoordeel;1980-01-01;3;1 x in copula;15;Libellen;Libellulidae;2026-07-08;634;S;zeldzaam
323196255;323196255;Zwarte heidelibel;Sympetrum danae;2024-08-07;8;2024-08-07;1;ter plaatse;onbekend;imago, niet uitgekleurd;Vrouw;154240.27367687013;232826.8118531192;4.429693000000043;51.405126;ES9995;Grenspark Kalmthoutse Heide - Drielingvennen;Kalmthout;Kalmthout;Antwerpen;Site;J;Goedgekeurd op basis van bewijsmateriaal;1980-01-01;3;;30;Libellen;Libellulidae;2026-07-08;634;S;zeldzaam
322877378;322877378:3582468;Zwarte heidelibel;Sympetrum danae;2024-08-04;8;2024-08-05;1;ter plaatse;onbekend;onbekend;Man;155779.35027023364;233652.89209266845;4.45182299999999;51.412537;FS0096;Grenspark Kalmthoutse Heide - Boterbergen;Kalmthout;Kalmthout;Antwerpen;Site;J;Goedgekeurd op basis van bewijsmateriaal;1980-01-01;3;;30;Libellen;Libellulidae;2026-07-08;634;S;zeldzaam
285197461;285197461;Zwarte heidelibel;Sympetrum danae;2023-08-20;8;2023-08-21;1;ter plaatse;onbekend;imago;onbekend;154906.80104353902;232029.41910415608;4.439260050421581;51.39795391348859;FS0095;Grenspark Kalmthoutse Heide - Vossenbergen;Kalmthout;Kalmthout;Antwerpen;Site;J;Goedgekeurd op basis van kennisregels - automatische beeldherkenning (NIA);1980-01-01;4;;60;Libellen;Libellulidae;2026-07-08;634;S;zeldzaam
290868910;290868910;Zwarte heidelibel;Sympetrum danae;2023-10-17;10;2023-10-17;1;ter plaatse;onbekend;imago;Man;154813.70810149866;232687.4170540655;4.4379314;51.4038686;FS0095;Grenspark Kalmthoutse Heide - Drielingvennen;Kalmthout;Kalmthout;Antwerpen;ObsIdentify;J;Goedgekeurd op basis van bewijsmateriaal;1980-01-01;3;;999;Libellen;Libellulidae;2026-07-08;634;S;zeldzaam
329760401;329760401;Zwarte heidelibel;Sympetrum danae;2024-10-03;10;2024-10-03;1;foeragerend;gezien;imago;Man;154440.44005766325;232758.4727231208;4.432568549236748;51.40451026138399;ES9995;Grenspark Kalmthoutse Heide - Drielingvennen;Kalmthout;Kalmthout;Antwerpen;Site;J;Goedgekeurd op basis van bewijsmateriaal;1980-01-01;3;;30;Libellen;Libellulidae;2026-07-08;634;S;zeldzaam
325678526;325678526;Zwarte heidelibel;Sympetrum danae;2024-08-25;8;2024-08-25;1;ter plaatse;onbekend;imago;Man;154814.16997706224;232684.68041273396;4.437938000000031;51.403844;FS0095;Grenspark Kalmthoutse Heide - Drielingvennen;Kalmthout;Kalmthout;Antwerpen;ObsIdentify;J;Goedgekeurd op basis van bewijsmateriaal;1980-01-01;3;;796;Libellen;Libellulidae;2026-07-08;634;S;zeldzaam
323597281;323597281;Zwarte heidelibel;Sympetrum danae;2024-08-10;8;2024-08-10;1;ter plaatse;onbekend;imago;Vrouw;156246.11989408216;232363.2289525587;4.458509000000049;51.400941;FS0195;Grenspark Kalmthoutse Heide;Kalmthout;Kalmthout;Antwerpen;Site;J;Goedgekeurd op basis van bewijsmateriaal;1980-01-01;3;;4;Libellen;Libellulidae;2026-07-08;634;S;zeldzaam
325581674;325581674;Zwarte heidelibel;Sympetrum danae;2024-08-24;8;2024-08-24;2;ter plaatse;onbekend;imago;onbekend;164261.40251288237;227776.3900436638;4.573495999999977;51.359572;FS0990;Brecht - Groot Schietveld (Strikt ontoegankelijk);Brecht;Brecht;Antwerpen;iObs;J;Goedgekeurd op basis van bewijsmateriaal;1980-01-01;3;;12;Libellen;Libellulidae;2026-07-08;634;S;zeldzaam
323808178;323808178;Zwarte heidelibel;Sympetrum danae;2024-08-11;8;2024-08-12;1;ter plaatse;onbekend;imago;Man;163597.9350728364;226421.3281602692;4.563920000000053;51.347409;FS0889;Brecht - Groot Schietveld (Strikt ontoegankelijk);Brecht;Brecht;Antwerpen;Site;J;Goedgekeurd op basis van bewijsmateriaal;1980-01-01;3;;10;Libellen;Libellulidae;2026-07-08;634;S;zeldzaam
323808385;323808385;Zwarte heidelibel;Sympetrum danae;2024-08-11;8;2024-08-12;1;ter plaatse;onbekend;imago;Man;164436.34995924486;227564.1451704111;4.575999000000024;51.35766;FS0990;Brecht - Groot Schietveld (Strikt ontoegankelijk);Brecht;Brecht;Antwerpen;Site;J;Goedgekeurd op basis van bewijsmateriaal;1980-01-01;3;;15;Libellen;Libellulidae;2026-07-08;634;S;zeldzaam
316958003;316958003;Zwarte heidelibel;Sympetrum danae;2024-06-29;6;2024-06-30;1;ter plaatse;onbekend;imago, niet uitgekleurd;Vrouw;163614.9416554229;226366.41020155695;4.56416200000001;51.346915;FS0889;Brecht - Groot Schietveld (Strikt ontoegankelijk);Brecht;Brecht;Antwerpen;Site;J;Goedgekeurd op basis van bewijsmateriaal;1980-01-01;3;;11;Libellen;Libellulidae;2026-07-08;634;S;zeldzaam
324244278;324244278:3593738;Zwarte heidelibel;Sympetrum danae;2024-08-15;8;2024-08-15;2;ter plaatse;onbekend;imago;Man;155825.68312985625;233658.28521374887;4.452489000000014;51.412585;FS0196;Grenspark Kalmthoutse Heide - Boterbergen;Kalmthout;Kalmthout;Antwerpen;Site;J;Goedgekeurd op basis van expertoordeel;1980-01-01;3;1 x in copula;15;Libellen;Libellulidae;2026-07-08;634;S;zeldzaam
370208952;370208952;Zwarte heidelibel;Sympetrum danae;2025-08-24;8;2025-08-24;1;ter plaatse;gezien;imago;Man;154213.65027719853;234226.45814489573;4.4293270105845295;51.4177057489236;ES9997;Grenspark Kalmthoutse Heide - De Nol (Ontoegankelijk);Kalmthout;Kalmthout;Antwerpen;Site;J;Goedgekeurd op basis van kennisregels - nabijheid;1980-01-01;3;;100;Libellen;Libellulidae;2026-07-08;634;S;zeldzaam
370209578;370209578;Zwarte heidelibel;Sympetrum danae;2025-08-11;8;2025-08-24;2;ter plaatse;gezien;imago;Man;154379.545631814;234341.5612531174;4.431712999999945;51.418739;ES9997;Grenspark Kalmthoutse Heide - De Nol (Ontoegankelijk);Kalmthout;Kalmthout;Antwerpen;Site;J;Goedgekeurd op basis van kennisregels - nabijheid;1980-01-01;3;;100;Libellen;Libellulidae;2026-07-08;634;S;zeldzaam
196328764;196328764;Zwarte heidelibel;Sympetrum danae;2020-07-13;7;2020-07-16;1;ter plaatse;gezien;imago;Man;154906.1075112485;231514.8374326453;4.439243;51.393329;FS0094;Grenspark Kalmthoutse Heide - Vossenbergen;Kalmthout;Kalmthout;Antwerpen;Site;J;Goedgekeurd op basis van bewijsmateriaal;1980-01-01;3;;50;Libellen;Libellulidae;2026-07-08;634;S;zeldzaam
198187635;198187635;Zwarte heidelibel;Sympetrum danae;2020-07-31;7;2020-08-10;1;ter plaatse;gezien;imago;Man;154906.68302847134;231495.36700817663;4.439251;51.393154;FS0094;Grenspark Kalmthoutse Heide - Vossenbergen;Kalmthout;Kalmthout;Antwerpen;Site;J;Goedgekeurd op basis van bewijsmateriaal;1980-01-01;3;;25;Libellen;Libellulidae;2026-07-08;634;S;zeldzaam
283779348;283779348;Zwarte heidelibel;Sympetrum danae;2023-08-10;8;2023-08-11;1;ter plaatse;gezien;imago;Man;155151.08988891408;234107.62441782933;4.442800000000034;51.41663;FS0097;Grenspark Kalmthoutse Heide - Boterbergen;Kalmthout;Kalmthout;Antwerpen;Site;J;Goedgekeurd op basis van kennisregels - nabijheid;1980-01-01;3;;15;Libellen;Libellulidae;2026-07-08;634;S;zeldzaam
320102132;320102132;Zwarte heidelibel;Sympetrum danae;2024-07-19;7;2024-07-20;1;ter plaatse;onbekend;onbekend;Vrouw;153915.09231018063;233087.68734055385;4.42502300000001;51.407473;ES9996;Grenspark Kalmthoutse Heide - Drielingvennen;Kalmthout;Kalmthout;Antwerpen;Site;J;Goedgekeurd op basis van kennisregels - automatische beeldherkenning (NIA);1980-01-01;3;;30;Libellen;Libellulidae;2026-07-08;634;S;zeldzaam
364099236;364099236;Zwarte heidelibel;Sympetrum danae;2025-07-18;7;2025-07-20;1;ter plaatse;gezien;imago;Man;154210.51564630726;234226.15778196137;4.429281949996948;51.41770307260016;ES9997;Grenspark Kalmthoutse Heide - De Nol (Ontoegankelijk);Kalmthout;Kalmthout;Antwerpen;Site;J;Goedgekeurd op basis van kennisregels - nabijheid;1980-01-01;3;;7;Libellen;Libellulidae;2026-07-08;634;S;zeldzaam
198464273;198464273;Zwarte heidelibel;Sympetrum danae;2020-08-12;8;2020-08-14;1;ter plaatse;gezien;imago;onbekend;154913.29206565468;231499.15627959743;4.439346;51.393188;FS0094;Grenspark Kalmthoutse Heide - Vossenbergen;Kalmthout;Kalmthout;Antwerpen;Site;J;Goedgekeurd op basis van bewijsmateriaal;1980-01-01;3;;50;Libellen;Libellulidae;2026-07-08;634;S;zeldzaam
370842882;370842882:4086017;Zwarte heidelibel;Sympetrum danae;2025-08-25;8;2025-08-28;1;ter plaatse;gezien;imago;Man;154206.99580257188;234149.7730243709;4.4292304517148295;51.4170165799477;ES9997;Grenspark Kalmthoutse Heide - De Nol (Ontoegankelijk);Kalmthout;Kalmthout;Antwerpen;Site;J;Goedgekeurd op basis van kennisregels - nabijheid;1980-01-01;3;;7;Libellen;Libellulidae;2026-07-08;634;S;zeldzaam
360116061;360116061;Zwarte heidelibel;Sympetrum danae;2025-06-30;6;2025-07-01;1;ter plaatse;gezien;imago;Vrouw;154412.52557904093;234362.1898743212;4.432187318670913;51.41892414752629;ES9997;Grenspark Kalmthoutse Heide - De Nol (Ontoegankelijk);Kalmthout;Kalmthout;Antwerpen;Site;J;Goedgekeurd op basis van bewijsmateriaal;1980-01-01;3;;4;Libellen;Libellulidae;2026-07-08;634;S;zeldzaam
360109838;360109838;Zwarte heidelibel;Sympetrum danae;2025-06-30;6;2025-07-01;1;ter plaatse;gezien;imago;Vrouw;154200.28128619783;234154.93237476703;4.429133999999976;51.417063;ES9997;Grenspark Kalmthoutse Heide - De Nol (Ontoegankelijk);Kalmthout;Kalmthout;Antwerpen;Site;J;Goedgekeurd op basis van bewijsmateriaal;1980-01-01;3;;15;Libellen;Libellulidae;2026-07-08;634;S;zeldzaam
200236123;200236123;Zwarte heidelibel;Sympetrum danae;2020-09-11;9;2020-09-16;1;ter plaatse;gezien;imago;Man;154903.94682353255;231517.83945587743;4.439212;51.393356;FS0094;Grenspark Kalmthoutse Heide - Vossenbergen;Kalmthout;Kalmthout;Antwerpen;Site;J;Goedgekeurd op basis van bewijsmateriaal;1980-01-01;3;;75;Libellen;Libellulidae;2026-07-08;634;S;zeldzaam
224057863;224057863;Zwarte heidelibel;Sympetrum danae;2021-08-25;8;2021-08-26;1;ter plaatse;gezien;imago;Vrouw;155400.35501574774;233458.32348449717;4.446373;51.410792;FS0096;Grenspark Kalmthoutse Heide - Stappersven;Kalmthout;Kalmthout;Antwerpen;Site;J;Goedgekeurd op basis van bewijsmateriaal;1980-01-01;3;;300;Libellen;Libellulidae;2026-07-08;634;S;zeldzaam
195113073;195113073:1850019;Zwarte heidelibel;Sympetrum danae;2020-06-24;6;2020-06-27;4;ter plaatse;gezien;imago;Man;154890.13983233506;231470.98464430217;4.439013;51.392935;FS0094;Grenspark Kalmthoutse Heide - Vossenbergen;Kalmthout;Kalmthout;Antwerpen;Site;J;Goedgekeurd op basis van bewijsmateriaal;1980-01-01;3;;25;Libellen;Libellulidae;2026-07-08;634;S;zeldzaam
195113073;195113073:1850020;Zwarte heidelibel;Sympetrum danae;2020-06-24;6;2020-06-27;4;ter plaatse;gezien;imago;Vrouw;154890.13983233506;231470.98464430217;4.439013;51.392935;FS0094;Grenspark Kalmthoutse Heide - Vossenbergen;Kalmthout;Kalmthout;Antwerpen;Site;J;Goedgekeurd op basis van bewijsmateriaal;1980-01-01;3;;25;Libellen;Libellulidae;2026-07-08;634;S;zeldzaam
328929478;328929478:3647029;Zwarte heidelibel;Sympetrum danae;2024-09-20;9;2024-09-23;2;ter plaatse;gezien;imago;Man;154131.99838944362;232928.19401417676;4.428138256334933;51.40603798853765;ES9995;Grenspark Kalmthoutse Heide - Drielingvennen;Kalmthout;Kalmthout;Antwerpen;Site;J;Goedgekeurd op basis van kennisregels - nabijheid;1980-01-01;3;;200;Libellen;Libellulidae;2026-07-08;634;S;zeldzaam
328928614;328928614;Zwarte heidelibel;Sympetrum danae;2024-09-19;9;2024-09-23;1;ter plaatse;onbekend;imago;Man;153993.04663121456;233036.8002408324;4.426142692827852;51.40701510036455;ES9996;Grenspark Kalmthoutse Heide - Drielingvennen;Kalmthout;Kalmthout;Antwerpen;Site;J;Goedgekeurd op basis van bewijsmateriaal;1980-01-01;3;;15;Libellen;Libellulidae;2026-07-08;634;S;zeldzaam
280708300;280708300;Zwarte heidelibel;Sympetrum danae;2023-07-16;7;2023-07-16;1;ter plaatse;onbekend;imago;Man;164787.95453213516;227408.70821870863;4.58104;51.356254;FS1090;Brecht - Groot Schietveld (Strikt ontoegankelijk);Brecht;Brecht;Antwerpen;Site;J;Goedgekeurd op basis van bewijsmateriaal;1980-01-01;3;;25;Libellen;Libellulidae;2026-07-08;634;S;zeldzaam
316481181;316481181;Zwarte heidelibel;Sympetrum danae;2024-06-27;6;2024-06-27;1;ter plaatse;onbekend;onbekend;onbekend;205967.9679137692;220059.71181051157;5.171008110046387;51.28767013549805;FS5184;Postel - Ronde Put;Mol;Mol;Antwerpen;ObsMapp;J;Goedgekeurd op basis van kennisregels - nabijheid;1980-01-01;3;;3;Libellen;Libellulidae;2026-07-08;634;S;zeldzaam
198180603;198180603;Zwarte heidelibel;Sympetrum danae;2020-08-10;8;2020-08-10;2;in copula;gezien;imago;onbekend;205469.404919368;220318.69272371105;5.163902;51.290046;FS5084;Postel - Ronde Put;Mol;Mol;Antwerpen;Site;J;Goedgekeurd op basis van bewijsmateriaal;1980-01-01;3;;7;Libellen;Libellulidae;2026-07-08;634;S;zeldzaam
322877378;322877378:3582469;Zwarte heidelibel;Sympetrum danae;2024-08-04;8;2024-08-05;1;ter plaatse;onbekend;onbekend;Vrouw;155779.35027023364;233652.89209266845;4.45182299999999;51.412537;FS0096;Grenspark Kalmthoutse Heide - Boterbergen;Kalmthout;Kalmthout;Antwerpen;Site;J;Goedgekeurd op basis van bewijsmateriaal;1980-01-01;3;;30;Libellen;Libellulidae;2026-07-08;634;S;zeldzaam
220955569;220955569;Zwarte heidelibel;Sympetrum danae;2021-07-24;7;2021-07-24;1;ter plaatse;onbekend;imago;Vrouw;217549.71162454376;197152.2990288585;5.332739;51.080542;FS6361;  ;Beringen;Koersel;Limburg;Site;J;Goedgekeurd op basis van bewijsmateriaal;1980-01-01;3;;7;Libellen;Libellulidae;2026-07-08;634;S;zeldzaam
235728456;235728456;Zwarte heidelibel;Sympetrum danae;2021-09-21;9;2022-03-20;1;ter plaatse;gezien;imago;Man;154838.35154424084;232664.0082570873;4.4382852;51.403658;FS0095;Grenspark Kalmthoutse Heide - Drielingvennen;Kalmthout;Kalmthout;Antwerpen;Site;J;Goedgekeurd op basis van bewijsmateriaal;1980-01-01;4;;5;Libellen;Libellulidae;2026-07-08;634;S;zeldzaam
287053107;287053107;Zwarte heidelibel;Sympetrum danae;2023-07-08;7;2023-09-06;1;ter plaatse;gezien;imago, niet uitgekleurd;Man;217261.74205947196;197688.94701039232;5.328729;51.085399;FS6361;Koersel - Koerselse heide noord;Beringen;Koersel;Limburg;Site;J;Goedgekeurd op basis van bewijsmateriaal;1980-01-01;4;;50;Libellen;Libellulidae;2026-07-08;634;S;zeldzaam
252959535;252959535;Zwarte heidelibel;Sympetrum danae;2022-08-21;8;2022-08-21;1;ter plaatse;onbekend;imago;onbekend;210856.74899913697;207048.73668510653;5.238891;51.170235;FS5671;Balen - De Most;Balen;Balen;Antwerpen;Site;J;Goedgekeurd op basis van kennisregels - automatische beeldherkenning (NIA);1980-01-01;3;;25;Libellen;Libellulidae;2026-07-08;634;S;zeldzaam
220955602;220955602;Zwarte heidelibel;Sympetrum danae;2021-07-24;7;2021-07-24;1;ter plaatse;onbekend;imago;Vrouw;217579.65645751185;197166.92923058663;5.333169;51.08067;FS6361;  ;Beringen;Koersel;Limburg;Site;J;Goedgekeurd op basis van bewijsmateriaal;1980-01-01;3;;7;Libellen;Libellulidae;2026-07-08;634;S;zeldzaam
368031162;368031162;Zwarte heidelibel;Sympetrum danae;2025-08-11;8;2025-08-11;1;ter plaatse;onbekend;onbekend;Man;214049.1440221317;203920.49200755265;5.283979892730713;51.14177322387695;FS5968;Mil. Dom. Kamp Beverlo - Schietveld (Strikt ontoegankelijk);Hechtel-Eksel;Eksel;Limburg;ObsMapp;J;Goedgekeurd op basis van kennisregels - nabijheid;1980-01-01;3;;9;Libellen;Libellulidae;2026-07-08;634;S;zeldzaam
218765403;218765403;Zwarte heidelibel;Sympetrum danae;2021-07-02;7;2021-07-02;1;ter plaatse;gezien;imago;Vrouw;153325.66703455546;231211.43692760545;4.41653490066528;51.3906135559082;ES9894;Grenspark Kalmthoutse Heide - Kambuusduinen;Kalmthout;Kalmthout;Antwerpen;ObsMapp;J;Goedgekeurd op basis van bewijsmateriaal;2007-01-01;3;;5;Libellen;Libellulidae;2026-07-08;634;S;zeldzaam
326477244;326477244;Zwarte heidelibel;Sympetrum danae;2024-08-31;8;2024-08-31;1;territoriaal;gezien;imago;Man;154488.36932569262;232441.48763852756;4.433253288269043;51.40166091918945;ES9995;Grenspark Kalmthoutse Heide - Drielingvennen;Kalmthout;Kalmthout;Antwerpen;ObsMapp;J;Goedgekeurd op basis van kennisregels - nabijheid;1980-01-01;4;Met toestemming ANB;3;Libellen;Libellulidae;2026-07-08;634;S;zeldzaam
326477418;326477418;Zwarte heidelibel;Sympetrum danae;2024-08-31;8;2024-08-31;1;territoriaal;gezien;imago;Man;153958.99836192772;232271.81333709412;4.425644874572754;51.40013986867187;ES9995;Grenspark Kalmthoutse Heide - Drielingvennen;Kalmthout;Kalmthout;Antwerpen;ObsMapp;J;Goedgekeurd op basis van kennisregels - automatische beeldherkenning (NIA);1980-01-01;4;Met toestemming ANB;7;Libellen;Libellulidae;2026-07-08;634;S;zeldzaam
326477434;326477434;Zwarte heidelibel;Sympetrum danae;2024-08-31;8;2024-08-31;1;territoriaal;gezien;imago;Man;153860.73245090552;232734.93809174933;4.424237972222223;51.40430297222222;ES9995;Grenspark Kalmthoutse Heide - Drielingvennen;Kalmthout;Kalmthout;Antwerpen;ObsMapp;J;Goedgekeurd op basis van bewijsmateriaal;1980-01-01;4;Met toestemming ANB;999;Libellen;Libellulidae;2026-07-08;634;S;zeldzaam
326477472;326477472:3609981;Zwarte heidelibel;Sympetrum danae;2024-08-31;8;2024-08-31;2;ter plaatse;gezien;imago;Man;153942.71651981198;233080.72655042447;4.42541990429163;51.40741024757488;ES9996;Grenspark Kalmthoutse Heide - Drielingvennen;Kalmthout;Kalmthout;Antwerpen;ObsMapp;J;Goedgekeurd op basis van kennisregels - nabijheid;1980-01-01;4;Met toestemming ANB;5;Libellen;Libellulidae;2026-07-08;634;S;zeldzaam
326477421;326477421;Zwarte heidelibel;Sympetrum danae;2024-08-31;8;2024-08-31;1;ter plaatse;gezien;imago;Vrouw;153863.8428634077;232702.22202413905;4.4242823123931885;51.40400890906202;ES9995;Grenspark Kalmthoutse Heide - Drielingvennen;Kalmthout;Kalmthout;Antwerpen;ObsMapp;J;Goedgekeurd op basis van kennisregels - nabijheid;1980-01-01;4;Met toestemming ANB;5;Libellen;Libellulidae;2026-07-08;634;S;zeldzaam
326477276;326477276;Zwarte heidelibel;Sympetrum danae;2024-08-31;8;2024-08-31;1;ter plaatse;gezien;imago;Man;153840.19847637974;232174.41425869148;4.42393684387207;51.39926528930664;ES9995;Grenspark Kalmthoutse Heide - Drielingvennen;Kalmthout;Kalmthout;Antwerpen;ObsMapp;J;Goedgekeurd op basis van kennisregels - nabijheid;1980-01-01;4;Met toestemming ANB;3;Libellen;Libellulidae;2026-07-08;634;S;zeldzaam
326477279;326477279;Zwarte heidelibel;Sympetrum danae;2024-08-31;8;2024-08-31;1;ter plaatse;gezien;imago;Man;153820.19648195518;232205.8074174011;4.423649787902832;51.3995475769043;ES9995;Grenspark Kalmthoutse Heide - Drielingvennen;Kalmthout;Kalmthout;Antwerpen;ObsMapp;J;Goedgekeurd op basis van kennisregels - nabijheid;1980-01-01;4;Met toestemming ANB;3;Libellen;Libellulidae;2026-07-08;634;S;zeldzaam
326477472;326477472:3609982;Zwarte heidelibel;Sympetrum danae;2024-08-31;8;2024-08-31;1;ter plaatse;gezien;imago;Vrouw;153942.71651981198;233080.72655042447;4.42541990429163;51.40741024757488;ES9996;Grenspark Kalmthoutse Heide - Drielingvennen;Kalmthout;Kalmthout;Antwerpen;ObsMapp;J;Goedgekeurd op basis van kennisregels - nabijheid;1980-01-01;4;Met toestemming ANB;5;Libellen;Libellulidae;2026-07-08;634;S;zeldzaam
326477475;326477475;Zwarte heidelibel;Sympetrum danae;2024-08-31;8;2024-08-31;3;ter plaatse;gezien;imago;Man;153924.96482656893;233071.7352231061;4.425164699554443;51.40732955932617;ES9996;Grenspark Kalmthoutse Heide - Drielingvennen;Kalmthout;Kalmthout;Antwerpen;ObsMapp;J;Goedgekeurd op basis van kennisregels - nabijheid;1980-01-01;4;Met toestemming ANB;5;Libellen;Libellulidae;2026-07-08;634;S;zeldzaam
326477470;326477470;Zwarte heidelibel;Sympetrum danae;2024-08-31;8;2024-08-31;1;territoriaal;gezien;imago;Man;153956.06281608867;233018.83987079747;4.425611011683941;51.40685393699246;ES9996;Grenspark Kalmthoutse Heide - Drielingvennen;Kalmthout;Kalmthout;Antwerpen;ObsMapp;J;Goedgekeurd op basis van kennisregels - nabijheid;1980-01-01;4;Met toestemming ANB;5;Libellen;Libellulidae;2026-07-08;634;S;zeldzaam
326477282;326477282;Zwarte heidelibel;Sympetrum danae;2024-08-31;8;2024-08-31;1;ter plaatse;gezien;imago;Man;153857.035702645;232694.51413423105;4.424184411764145;51.40393967916777;ES9995;Grenspark Kalmthoutse Heide - Drielingvennen;Kalmthout;Kalmthout;Antwerpen;ObsMapp;J;Goedgekeurd op basis van kennisregels - nabijheid;1980-01-01;4;Met toestemming ANB;5;Libellen;Libellulidae;2026-07-08;634;S;zeldzaam
326477287;326477287;Zwarte heidelibel;Sympetrum danae;2024-08-31;8;2024-08-31;2;in copula;gezien;imago;onbekend;153857.38028847508;232200.5418296792;4.424183999999968;51.3995;ES9995;Grenspark Kalmthoutse Heide - Drielingvennen;Kalmthout;Kalmthout;Antwerpen;ObsMapp;J;Goedgekeurd op basis van bewijsmateriaal;1980-01-01;4;Met toestemming ANB;5;Libellen;Libellulidae;2026-07-08;634;S;zeldzaam
326477462;326477462;Zwarte heidelibel;Sympetrum danae;2024-08-31;8;2024-08-31;1;ter plaatse;gezien;imago;Man;153791.93586591273;232901.01137296576;4.423251152038574;51.40579605102539;ES9895;Grenspark Kalmthoutse Heide - Drielingvennen;Kalmthout;Kalmthout;Antwerpen;ObsMapp;J;Goedgekeurd op basis van kennisregels - nabijheid;1980-01-01;4;Met toestemming ANB;5;Libellen;Libellulidae;2026-07-08;634;S;zeldzaam
326477396;326477396;Zwarte heidelibel;Sympetrum danae;2024-08-31;8;2024-08-31;1;ter plaatse;gezien;imago;Man;153857.035702645;232694.51413423105;4.424184411764145;51.40393967916777;ES9995;Grenspark Kalmthoutse Heide - Drielingvennen;Kalmthout;Kalmthout;Antwerpen;ObsMapp;J;Goedgekeurd op basis van kennisregels - nabijheid;1980-01-01;4;Met toestemming ANB;5;Libellen;Libellulidae;2026-07-08;634;S;zeldzaam
326477528;326477528;Zwarte heidelibel;Sympetrum danae;2024-08-31;8;2024-08-31;1;territoriaal;gezien;imago;Man;154970.2065378547;232582.00380341336;4.440178759396076;51.40291983329543;FS0095;Grenspark Kalmthoutse Heide - Vossenbergen;Kalmthout;Kalmthout;Antwerpen;ObsMapp;J;Goedgekeurd op basis van kennisregels - nabijheid;1980-01-01;4;Met toestemming ANB;5;Libellen;Libellulidae;2026-07-08;634;S;zeldzaam
326477526;326477526;Zwarte heidelibel;Sympetrum danae;2024-08-31;8;2024-08-31;1;ter plaatse;gezien;imago;Man;154816.60931205962;232647.2128845528;4.437972545623779;51.403507232666016;FS0095;Grenspark Kalmthoutse Heide - Drielingvennen;Kalmthout;Kalmthout;Antwerpen;ObsMapp;J;Goedgekeurd op basis van kennisregels - nabijheid;1980-01-01;4;Met toestemming ANB;3;Libellen;Libellulidae;2026-07-08;634;S;zeldzaam
326477478;326477478;Zwarte heidelibel;Sympetrum danae;2024-08-31;8;2024-08-31;1;territoriaal;gezien;imago;Man;153930.64806048025;233059.03010810632;4.425246231257916;51.40721533050196;ES9996;Grenspark Kalmthoutse Heide - Drielingvennen;Kalmthout;Kalmthout;Antwerpen;ObsMapp;J;Goedgekeurd op basis van kennisregels - nabijheid;1980-01-01;4;Met toestemming ANB;5;Libellen;Libellulidae;2026-07-08;634;S;zeldzaam
326477486;326477486;Zwarte heidelibel;Sympetrum danae;2024-08-31;8;2024-08-31;1;ter plaatse;gezien;imago;Man;154141.127202728;232882.6074514566;4.428268909454346;51.4056282043457;ES9995;Grenspark Kalmthoutse Heide - Drielingvennen;Kalmthout;Kalmthout;Antwerpen;ObsMapp;J;Goedgekeurd op basis van kennisregels - nabijheid;1980-01-01;4;Met toestemming ANB;5;Libellen;Libellulidae;2026-07-08;634;S;zeldzaam
326477251;326477251;Zwarte heidelibel;Sympetrum danae;2024-08-31;8;2024-08-31;1;ter plaatse;gezien;imago;Man;154369.55255416816;232418.8896530792;4.431545734405518;51.401458740234375;ES9995;Grenspark Kalmthoutse Heide - Drielingvennen;Kalmthout;Kalmthout;Antwerpen;ObsMapp;J;Goedgekeurd op basis van kennisregels - nabijheid;1980-01-01;4;Met toestemming ANB;3;Libellen;Libellulidae;2026-07-08;634;S;zeldzaam
325939496;325939496;Zwarte heidelibel;Sympetrum danae;2024-08-27;8;2024-08-27;1;ter plaatse;onbekend;imago;Man;154374.95529553387;230518.00004428905;4.431600000000003;51.384374;ES9993;Grenspark Kalmthoutse Heide - Nieuwe Gemeentebossen;Kalmthout;Kalmthout;Antwerpen;ObsIdentify;J;Goedgekeurd op basis van bewijsmateriaal;1980-01-01;3;;999;Libellen;Libellulidae;2026-07-08;634;S;zeldzaam
326477400;326477400;Zwarte heidelibel;Sympetrum danae;2024-08-31;8;2024-08-31;1;ter plaatse;gezien;imago;Vrouw;153857.035702645;232694.51413423105;4.424184411764145;51.40393967916777;ES9995;Grenspark Kalmthoutse Heide - Drielingvennen;Kalmthout;Kalmthout;Antwerpen;ObsMapp;J;Goedgekeurd op basis van kennisregels - nabijheid;1980-01-01;4;Met toestemming ANB;5;Libellen;Libellulidae;2026-07-08;634;S;zeldzaam
326477458;326477458;Zwarte heidelibel;Sympetrum danae;2024-08-31;8;2024-08-31;1;ter plaatse;gezien;imago;Man;153859.96321086635;232895.9691362288;4.424228668212891;51.4057502746582;ES9995;Grenspark Kalmthoutse Heide - Drielingvennen;Kalmthout;Kalmthout;Antwerpen;ObsMapp;J;Goedgekeurd op basis van kennisregels - nabijheid;1980-01-01;4;Met toestemming ANB;5;Libellen;Libellulidae;2026-07-08;634;S;zeldzaam
326477406;326477406;Zwarte heidelibel;Sympetrum danae;2024-08-31;8;2024-08-31;2;eileggend;gezien;imago;onbekend;153854.1517783208;232697.21797037963;4.424142999999958;51.403964;ES9995;Grenspark Kalmthoutse Heide - Drielingvennen;Kalmthout;Kalmthout;Antwerpen;ObsMapp;J;Goedgekeurd op basis van bewijsmateriaal;1980-01-01;4;Met toestemming ANB;5;Libellen;Libellulidae;2026-07-08;634;S;zeldzaam
326477498;326477498;Zwarte heidelibel;Sympetrum danae;2024-08-31;8;2024-08-31;1;territoriaal;gezien;imago;Man;154306.0687033306;232826.7255532732;4.43063847720623;51.405124729909225;ES9995;Grenspark Kalmthoutse Heide - Drielingvennen;Kalmthout;Kalmthout;Antwerpen;ObsMapp;J;Goedgekeurd op basis van kennisregels - nabijheid;1980-01-01;4;Met toestemming ANB;5;Libellen;Libellulidae;2026-07-08;634;S;zeldzaam
326477250;326477250;Zwarte heidelibel;Sympetrum danae;2024-08-31;8;2024-08-31;1;ter plaatse;gezien;imago;Man;154407.42648112396;232407.88685138244;4.432089805603027;51.40135955810547;ES9995;Grenspark Kalmthoutse Heide - Drielingvennen;Kalmthout;Kalmthout;Antwerpen;ObsMapp;J;Goedgekeurd op basis van kennisregels - nabijheid;1980-01-01;4;Met toestemming ANB;3;Libellen;Libellulidae;2026-07-08;634;S;zeldzaam
326477235;326477235;Zwarte heidelibel;Sympetrum danae;2024-08-31;8;2024-08-31;1;ter plaatse;gezien;imago;Man;154899.31516810428;232613.32881934755;4.439160525798798;51.403201987351565;FS0095;Grenspark Kalmthoutse Heide - Vossenbergen;Kalmthout;Kalmthout;Antwerpen;ObsMapp;J;Goedgekeurd op basis van kennisregels - nabijheid;1980-01-01;4;Met toestemming ANB;5;Libellen;Libellulidae;2026-07-08;634;S;zeldzaam
326477456;326477456;Zwarte heidelibel;Sympetrum danae;2024-08-31;8;2024-08-31;1;ter plaatse;gezien;imago;Man;153826.33629906163;232780.9217171194;4.423744201660156;51.40471649169922;ES9995;Grenspark Kalmthoutse Heide - Drielingvennen;Kalmthout;Kalmthout;Antwerpen;ObsMapp;J;Goedgekeurd op basis van kennisregels - nabijheid;1980-01-01;4;Met toestemming ANB;4;Libellen;Libellulidae;2026-07-08;634;S;zeldzaam
326477238;326477238;Zwarte heidelibel;Sympetrum danae;2024-08-31;8;2024-08-31;2;territoriaal;gezien;imago;Man;154899.31516810428;232613.32881934755;4.439160525798798;51.403201987351565;FS0095;Grenspark Kalmthoutse Heide - Vossenbergen;Kalmthout;Kalmthout;Antwerpen;ObsMapp;J;Goedgekeurd op basis van kennisregels - nabijheid;1980-01-01;4;Patrouillerend over vochtige heidevegetatie. Joeg een andere glazenmaker hoog in de lucht weg en ging daarna weer verder met patrouilleren. Met toestemming ANB;5;Libellen;Libellulidae;2026-07-08;634;S;zeldzaam
325939517;325939517;Zwarte heidelibel;Sympetrum danae;2024-08-27;8;2024-08-27;1;ter plaatse;onbekend;imago;Man;154374.93439968096;230517.98886927776;4.431599699722223;51.38437389972222;ES9993;Grenspark Kalmthoutse Heide - Nieuwe Gemeentebossen;Kalmthout;Kalmthout;Antwerpen;ObsIdentify;J;Goedgekeurd op basis van bewijsmateriaal;1980-01-01;3;;999;Libellen;Libellulidae;2026-07-08;634;S;zeldzaam
220955822;220955822;Zwarte heidelibel;Sympetrum danae;2021-07-24;7;2021-07-24;1;ter plaatse;onbekend;imago;Vrouw;217417.0942770661;197175.7220537057;5.330851;51.080768;FS6361;  ;Beringen;Koersel;Limburg;Site;J;Goedgekeurd op basis van bewijsmateriaal;1980-01-01;3;;7;Libellen;Libellulidae;2026-07-08;634;S;zeldzaam
288784578;288784578;Zwarte heidelibel;Sympetrum danae;2023-09-24;9;2023-09-24;1;ter plaatse;onbekend;imago;Vrouw;154418.3854845815;232949.46364294365;4.432254000000057;51.406227;ES9995;Grenspark Kalmthoutse Heide - Drielingvennen;Kalmthout;Kalmthout;Antwerpen;ObsMapp;J;Goedgekeurd op basis van bewijsmateriaal;1980-01-01;3;;3;Libellen;Libellulidae;2026-07-08;634;S;zeldzaam
223099124;223099124;Zwarte heidelibel;Sympetrum danae;2021-08-15;8;2021-08-15;1;ter plaatse;onbekend;imago;Man;154664.12576308838;232691.1059569856;4.435782;51.403903;ES9995;Grenspark Kalmthoutse Heide - Drielingvennen;Kalmthout;Kalmthout;Antwerpen;Site;J;Goedgekeurd op basis van bewijsmateriaal;1980-01-01;4;;25;Libellen;Libellulidae;2026-07-08;634;S;zeldzaam
223099499;223099499;Zwarte heidelibel;Sympetrum danae;2021-08-15;8;2021-08-15;1;ter plaatse;onbekend;imago;Man;154381.2370696602;233342.191628322;4.431725;51.409757;ES9996;Grenspark Kalmthoutse Heide - De Nol (Ontoegankelijk);Kalmthout;Kalmthout;Antwerpen;Site;J;Goedgekeurd op basis van bewijsmateriaal;1980-01-01;4;;25;Libellen;Libellulidae;2026-07-08;634;S;zeldzaam
251655714;251655714;Zwarte heidelibel;Sympetrum danae;2022-08-07;8;2022-08-07;1;ter plaatse;gezien;imago;onbekend;210773.13335811085;207272.2796897851;5.237733;51.172253;FS5671;Balen - De Most;Balen;Balen;Antwerpen;Site;J;Goedgekeurd op basis van kennisregels - automatische beeldherkenning (NIA);1980-01-01;3;;25;Libellen;Libellulidae;2026-07-08;634;S;zeldzaam
372579803;372579803;Zwarte heidelibel;Sympetrum danae;2025-09-12;9;2025-09-12;1;ter plaatse;onbekend;imago;Man;158653.84213575162;196640.85383248515;4.492246627807617;51.07982635498047;FS0459;Beneden Netevallei - Mosterdpot;Duffel;Duffel;Antwerpen;ObsMapp;J;Goedgekeurd op basis van expertoordeel;1980-01-01;3;Bijna volledig zwart en wat kleiner dan de vele bloedrode heidelibellen_ waardoor hij geregeld verjaagd werd.;1;Libellen;Libellulidae;2026-07-08;634;S;zeldzaam
252958514;252958514;Zwarte heidelibel;Sympetrum danae;2022-08-21;8;2022-08-21;1;ter plaatse;onbekend;imago;onbekend;210856.7210246256;207048.7363570128;5.2388906;51.170235;FS5671;Balen - De Most;Balen;Balen;Antwerpen;Site;J;Goedgekeurd op basis van kennisregels - automatische beeldherkenning (NIA);1980-01-01;3;;15;Libellen;Libellulidae;2026-07-08;634;S;zeldzaam
220956173;220956173;Zwarte heidelibel;Sympetrum danae;2021-07-24;7;2021-07-24;1;ter plaatse;onbekend;imago, niet uitgekleurd;Man;217354.88395964695;197163.2336307047;5.329961;51.080663;FS6361;  ;Beringen;Koersel;Limburg;Site;J;Goedgekeurd op basis van bewijsmateriaal;1980-01-01;3;;7;Libellen;Libellulidae;2026-07-08;634;S;zeldzaam
220956703;220956703;Zwarte heidelibel;Sympetrum danae;2021-07-24;7;2021-07-24;1;ter plaatse;onbekend;imago;Vrouw;217237.3460568617;197180.40362527597;5.328287;51.080831;FS6361;  ;Beringen;Koersel;Limburg;Site;J;Goedgekeurd op basis van bewijsmateriaal;1980-01-01;3;;7;Libellen;Libellulidae;2026-07-08;634;S;zeldzaam
220956754;220956754;Zwarte heidelibel;Sympetrum danae;2021-07-24;7;2021-07-24;1;ter plaatse;onbekend;imago;Vrouw;217275.52851654336;197192.1346374657;5.328834;51.080932;FS6361;  ;Beringen;Koersel;Limburg;Site;J;Goedgekeurd op basis van bewijsmateriaal;1980-01-01;3;;7;Libellen;Libellulidae;2026-07-08;634;S;zeldzaam
220956874;220956874;Zwarte heidelibel;Sympetrum danae;2021-07-24;7;2021-07-24;1;ter plaatse;onbekend;imago, niet uitgekleurd;Man;217294.2868573613;197193.9350163648;5.329102;51.080946;FS6361;  ;Beringen;Koersel;Limburg;Site;J;Goedgekeurd op basis van bewijsmateriaal;1980-01-01;3;;7;Libellen;Libellulidae;2026-07-08;634;S;zeldzaam
220957021;220957021;Zwarte heidelibel;Sympetrum danae;2021-07-24;7;2021-07-24;1;ter plaatse;onbekend;imago, niet uitgekleurd;Man;217319.1114479939;197192.6987768663;5.329456;51.080932;FS6361;  ;Beringen;Koersel;Limburg;Site;J;Goedgekeurd op basis van bewijsmateriaal;1980-01-01;3;;7;Libellen;Libellulidae;2026-07-08;634;S;zeldzaam
220957081;220957081;Zwarte heidelibel;Sympetrum danae;2021-07-24;7;2021-07-24;1;ter plaatse;onbekend;imago;Vrouw;217346.9475794663;197191.61292323936;5.329853;51.080919;FS6361;  ;Beringen;Koersel;Limburg;Site;J;Goedgekeurd op basis van bewijsmateriaal;1980-01-01;3;;7;Libellen;Libellulidae;2026-07-08;634;S;zeldzaam
220957180;220957180;Zwarte heidelibel;Sympetrum danae;2021-07-24;7;2021-07-24;1;ter plaatse;onbekend;imago;Vrouw;217372.4838550688;197194.9477442326;5.330218;51.080946;FS6361;  ;Beringen;Koersel;Limburg;Site;J;Goedgekeurd op basis van bewijsmateriaal;1980-01-01;3;;7;Libellen;Libellulidae;2026-07-08;634;S;zeldzaam
220957562;220957562;Zwarte heidelibel;Sympetrum danae;2021-07-24;7;2021-07-24;1;ter plaatse;onbekend;imago;Vrouw;217389.43827254532;197162.90259029623;5.330454;51.080656;FS6361;  ;Beringen;Koersel;Limburg;Site;J;Goedgekeurd op basis van bewijsmateriaal;1980-01-01;3;;7;Libellen;Libellulidae;2026-07-08;634;S;zeldzaam
220957245;220957245;Zwarte heidelibel;Sympetrum danae;2021-07-24;7;2021-07-24;1;ter plaatse;onbekend;imago;Vrouw;217409.3112951179;197197.6502676336;5.330744;51.080966;FS6361;  ;Beringen;Koersel;Limburg;Site;J;Goedgekeurd op basis van bewijsmateriaal;1980-01-01;3;;7;Libellen;Libellulidae;2026-07-08;634;S;zeldzaam
222879983;222879983;Zwarte heidelibel;Sympetrum danae;2021-08-13;8;2021-08-13;1;ter plaatse;onbekend;imago, niet uitgekleurd;Man;216804.1320073836;196838.597436144;5.3220427;51.077809;FS6261;Koersel - Koerselse heide noord;Beringen;Koersel;Limburg;Site;J;Goedgekeurd op basis van bewijsmateriaal;1980-01-01;3;;7;Libellen;Libellulidae;2026-07-08;634;S;zeldzaam
200063237;200063237;Zwarte heidelibel;Sympetrum danae;2020-09-13;9;2020-09-13;1;ter plaatse;schepnet;imago;onbekend;165084.81535980766;227687.1653517019;4.5853131;51.358749;FS1090;Brecht - Groot Schietveld (Strikt ontoegankelijk);Brecht;Brecht;Antwerpen;Site;J;Goedgekeurd op basis van bewijsmateriaal;1980-01-01;4;;239;Libellen;Libellulidae;2026-07-08;634;S;zeldzaam
287865625;287865625;Zwarte heidelibel;Sympetrum danae;2023-09-14;9;2023-09-14;1;ter plaatse;onbekend;imago;Man;154811.2058676928;232639.7717830716;4.4378948;51.4034404;FS0095;Grenspark Kalmthoutse Heide - Drielingvennen;Kalmthout;Kalmthout;Antwerpen;ObsIdentify;J;Goedgekeurd op basis van bewijsmateriaal;1980-01-01;3;;8;Libellen;Libellulidae;2026-07-08;634;S;zeldzaam
222272928;222272928;Zwarte heidelibel;Sympetrum danae;2021-08-07;8;2021-08-07;1;ter plaatse;onbekend;imago;Man;207682.38160297155;214866.93871553987;5.194752;51.24083;FS5378;Mol - Den Diel;Mol;Mol;Antwerpen;Site;J;Goedgekeurd op basis van bewijsmateriaal;1980-01-01;3;;25;Libellen;Libellulidae;2026-07-08;634;S;zeldzaam
323766068;323766068;Zwarte heidelibel;Sympetrum danae;2024-08-11;8;2024-08-11;1;ter plaatse;onbekend;imago;Vrouw;210955.0931130092;207459.42474428937;5.240365982055664;51.17391586303711;FS5671;Balen - De Most;Balen;Balen;Antwerpen;ObsMapp;J;Goedgekeurd op basis van kennisregels - nabijheid;1980-01-01;3;;6;Libellen;Libellulidae;2026-07-08;634;S;zeldzaam
406838665;406838665;Zwarte heidelibel;Sympetrum danae;2026-06-23;6;2026-06-23;1;ter plaatse;onbekend;imago;Vrouw;164179.2408017332;224340.2882687375;4.5721809;51.3286907;FS0987;Sint-Job-in-'t-Goor - Rommersheide;Brecht;Brecht;Antwerpen;ObsIdentify;J;Goedgekeurd op basis van bewijsmateriaal;1980-01-01;3;;35;Libellen;Libellulidae;2026-07-08;634;S;zeldzaam
325410434;325410434;Zwarte heidelibel;Sympetrum danae;2024-08-21;8;2024-08-22;1;ter plaatse;onbekend;imago;Man;207340.3650979761;218550.51205997265;5.190438999999969;51.273971;FS5282;Dessel/Mol - Groesgoor en Koemoek;Mol;Mol;Antwerpen;Site;J;Goedgekeurd op basis van bewijsmateriaal;1980-01-01;3;;30;Libellen;Libellulidae;2026-07-08;634;S;zeldzaam
325410249;325410249;Zwarte heidelibel;Sympetrum danae;2024-08-21;8;2024-08-22;1;ter plaatse;onbekend;imago;Man;207340.3650979761;218550.51205997265;5.190438999999969;51.273971;FS5282;Dessel/Mol - Groesgoor en Koemoek;Mol;Mol;Antwerpen;Site;J;Goedgekeurd op basis van bewijsmateriaal;1980-01-01;3;;30;Libellen;Libellulidae;2026-07-08;634;S;zeldzaam
325321180;325321180;Zwarte heidelibel;Sympetrum danae;2024-08-21;8;2024-08-21;1;ter plaatse;onbekend;imago, niet uitgekleurd;Man;207340.3650979761;218550.51205997265;5.190438999999969;51.273971;FS5282;Dessel/Mol - Groesgoor en Koemoek;Mol;Mol;Antwerpen;Site;J;Goedgekeurd op basis van bewijsmateriaal;1980-01-01;3;;30;Libellen;Libellulidae;2026-07-08;634;S;zeldzaam
316758708;316758708;Zwarte heidelibel;Sympetrum danae;2024-06-29;6;2024-06-29;1;ter plaatse;onbekend;imago;Vrouw;180257.43815301848;223562.1253641741;4.802776999999992;51.321075;FS2587;Vlimmeren - Hoge Bergen-Ekstergoor;Beerse;Beerse;Antwerpen;ObsIdentify;J;Goedgekeurd op basis van bewijsmateriaal;1980-01-01;3;;5;Libellen;Libellulidae;2026-07-08;634;S;zeldzaam
316761171;316761171;Zwarte heidelibel;Sympetrum danae;2024-06-29;6;2024-06-29;1;ter plaatse;onbekend;imago;Vrouw;180256.78823111436;223562.17045332305;4.802767681400886;51.321075439453125;FS2587;Vlimmeren - Hoge Bergen-Ekstergoor;Beerse;Beerse;Antwerpen;ObsIdentify;J;Goedgekeurd op basis van bewijsmateriaal;1980-01-01;3;;5;Libellen;Libellulidae;2026-07-08;634;S;zeldzaam
316761486;316761486;Zwarte heidelibel;Sympetrum danae;2024-06-29;6;2024-06-29;1;ter plaatse;onbekend;imago;Vrouw;180251.02447630247;223562.0878196694;4.802684999999997;51.321075;FS2587;Vlimmeren - Hoge Bergen-Ekstergoor;Beerse;Beerse;Antwerpen;ObsIdentify;J;Goedgekeurd op basis van bewijsmateriaal;1980-01-01;3;;5;Libellen;Libellulidae;2026-07-08;634;S;zeldzaam
328439820;328439820;Zwarte heidelibel;Sympetrum danae;2024-09-18;9;2024-09-18;1;ter plaatse;gezien;imago;Man;180130.9115727621;223297.58627984952;4.800939999999969;51.318704;FS2586;Vlimmeren - Hoge Bergen-Ekstergoor;Beerse;Beerse;Antwerpen;Site;J;Goedgekeurd op basis van bewijsmateriaal;1980-01-01;3;;30;Libellen;Libellulidae;2026-07-08;634;S;zeldzaam
251783010;251783010;Zwarte heidelibel;Sympetrum danae;2022-08-07;8;2022-08-08;1;ter plaatse;onbekend;imago;onbekend;154982.0645006903;232591.8174910685;4.440349288129205;51.403007932140895;FS0095;Grenspark Kalmthoutse Heide - Vossenbergen;Kalmthout;Kalmthout;Antwerpen;iObs;J;Goedgekeurd op basis van kennisregels - automatische beeldherkenning (NIA);2007-01-01;3;;4;Libellen;Libellulidae;2026-07-08;634;S;zeldzaam
220957297;220957297;Zwarte heidelibel;Sympetrum danae;2021-07-24;7;2021-07-24;1;ter plaatse;onbekend;imago;Vrouw;217525.10419425575;197196.14890558552;5.332396;51.080939;FS6361;  ;Beringen;Koersel;Limburg;Site;J;Goedgekeurd op basis van bewijsmateriaal;1980-01-01;3;;7;Libellen;Libellulidae;2026-07-08;634;S;zeldzaam
226100415;226100415;Zwarte heidelibel;Sympetrum danae;2021-09-22;9;2021-09-22;1;ter plaatse;onbekend;onbekend;onbekend;155296.52019598207;232401.5468567377;4.444865;51.401295;FS0095;Grenspark Kalmthoutse Heide - Vossenbergen;Kalmthout;Kalmthout;Antwerpen;ObsIdentify;J;Goedgekeurd op basis van kennisregels - automatische beeldherkenning (NIA);1980-01-01;3;;999;Libellen;Libellulidae;2026-07-08;634;S;zeldzaam
249316049;249316049;Zwarte heidelibel;Sympetrum danae;2022-07-16;7;2022-07-16;1;ter plaatse;onbekend;imago;onbekend;189196.8278496088;229219.85102827477;4.9316168;51.371385;FS3492;Zwartwater;Turnhout;Turnhout;Antwerpen;Site;J;Goedgekeurd op basis van kennisregels - automatische beeldherkenning (NIA);1980-01-01;3;;7;Libellen;Libellulidae;2026-07-08;634;S;zeldzaam
280418529;280418529;Zwarte heidelibel;Sympetrum danae;2023-07-13;7;2023-07-14;1;ter plaatse;onbekend;imago;Vrouw;154575.53950327472;230018.75083679703;4.43447470664978;51.37988528014765;ES9993;Grenspark Kalmthoutse Heide - Nieuwe Gemeentebossen - Putse Moer;Kalmthout;Kalmthout;Antwerpen;ObsMapp;J;Goedgekeurd op basis van kennisregels - nabijheid;1980-01-01;3;;150;Libellen;Libellulidae;2026-07-08;634;S;zeldzaam
289976963;289976963;Zwarte heidelibel;Sympetrum danae;2023-10-08;10;2023-10-08;1;ter plaatse;onbekend;imago;Vrouw;154620.94834811523;232700.0045452332;4.43516167;51.40398333;ES9995;Grenspark Kalmthoutse Heide - Drielingvennen;Kalmthout;Kalmthout;Antwerpen;ObsIdentify;J;Goedgekeurd op basis van bewijsmateriaal;1980-01-01;3;;7;Libellen;Libellulidae;2026-07-08;634;S;zeldzaam
288974721;288974721;Zwarte heidelibel;Sympetrum danae;2023-09-26;9;2023-09-26;1;ter plaatse;onbekend;imago;Man;223399.52042763145;217563.59317961708;5.420337000000018;51.263279;FS6881;Neerpelt - Het Hageven;Neerpelt;Neerpelt;Limburg;Site;J;Goedgekeurd op basis van bewijsmateriaal;1980-01-01;3;;30;Libellen;Libellulidae;2026-07-08;634;S;zeldzaam
327983241;327983241;Zwarte heidelibel;Sympetrum danae;2024-09-14;9;2024-09-14;1;ter plaatse;onbekend;imago;Man;154817.5764799111;232688.3553059176;4.437987;51.403877;FS0095;Grenspark Kalmthoutse Heide - Drielingvennen;Kalmthout;Kalmthout;Antwerpen;ObsIdentify;J;Goedgekeurd op basis van bewijsmateriaal;1980-01-01;3;;999;Libellen;Libellulidae;2026-07-08;634;S;zeldzaam
287387474;287387474;Zwarte heidelibel;Sympetrum danae;2023-09-09;9;2023-09-09;1;ter plaatse;onbekend;imago;Vrouw;153943.92101299914;233070.47705303133;4.4254371;51.40731812;ES9996;Grenspark Kalmthoutse Heide - Drielingvennen;Kalmthout;Kalmthout;Antwerpen;ObsIdentify;J;Goedgekeurd op basis van bewijsmateriaal;1980-01-01;3;;5;Libellen;Libellulidae;2026-07-08;634;S;zeldzaam
222878061;222878061;Zwarte heidelibel;Sympetrum danae;2021-08-13;8;2021-08-13;1;ter plaatse;onbekend;imago;Vrouw;217078.18319223332;196986.649970863;5.3259802;51.079108;FS6261;Koersel - Koerselse heide noord;Beringen;Koersel;Limburg;Site;J;Goedgekeurd op basis van bewijsmateriaal;1980-01-01;3;;7;Libellen;Libellulidae;2026-07-08;634;S;zeldzaam
245937841;245937841;Zwarte heidelibel;Sympetrum danae;2022-06-18;6;2022-06-18;1;ter plaatse;onbekend;imago, niet uitgekleurd;onbekend;216748.33221377456;196796.9378826525;5.3212389;51.077441;FS6260;Koersel - Koerselse heide noord;Beringen;Koersel;Limburg;Site;J;Goedgekeurd op basis van kennisregels - automatische beeldherkenning (NIA);1980-01-01;3;;7;Libellen;Libellulidae;2026-07-08;634;S;zeldzaam
245937872;245937872;Zwarte heidelibel;Sympetrum danae;2022-06-18;6;2022-06-18;1;ter plaatse;onbekend;imago, niet uitgekleurd;onbekend;216701.82435643463;196788.10795886532;5.3205737;51.077367;FS6260;Koersel - Koerselse heide noord;Beringen;Koersel;Limburg;Site;J;Goedgekeurd op basis van kennisregels - automatische beeldherkenning (NIA);1980-01-01;3;;7;Libellen;Libellulidae;2026-07-08;634;S;zeldzaam
220957356;220957356;Zwarte heidelibel;Sympetrum danae;2021-07-24;7;2021-07-24;1;ter plaatse;onbekend;imago;Vrouw;217240.8842041354;197194.022882428;5.32834;51.080953;FS6361;  ;Beringen;Koersel;Limburg;Site;J;Goedgekeurd op basis van bewijsmateriaal;1980-01-01;3;;7;Libellen;Libellulidae;2026-07-08;634;S;zeldzaam
248131769;248131769;Zwarte heidelibel;Sympetrum danae;2022-07-06;7;2022-07-06;1;ter plaatse;onbekend;imago;onbekend;199004.19531224275;215490.59142302163;5.070575542914733;51.24723847557354;FS4479;Retie - Witte Netevallei;Retie;Retie;Antwerpen;ObsIdentify;J;Goedgekeurd op basis van bewijsmateriaal;1980-01-01;4;;32;Libellen;Libellulidae;2026-07-08;634;S;zeldzaam
248131880;248131880;Zwarte heidelibel;Sympetrum danae;2022-07-06;7;2022-07-06;1;ter plaatse;onbekend;imago;Vrouw;198989.614598907;215474.9664823404;5.07036462;51.24709928;FS4479;Retie - Witte Netevallei;Retie;Retie;Antwerpen;ObsIdentify;J;Goedgekeurd op basis van bewijsmateriaal;1980-01-01;4;;16;Libellen;Libellulidae;2026-07-08;634;S;zeldzaam
321045254;321045254;Zwarte heidelibel;Sympetrum danae;2024-07-24;7;2024-07-24;1;ter plaatse;onbekend;imago;Vrouw;222895.454887231;217403.4436996961;5.413084030151367;51.26190366469225;FS6881;Neerpelt - Het Hageven;Lommel;Lommel;Limburg;Site;J;Goedgekeurd op basis van bewijsmateriaal;1980-01-01;3;;60;Libellen;Libellulidae;2026-07-08;634;S;zeldzaam
245937927;245937927;Zwarte heidelibel;Sympetrum danae;2022-06-18;6;2022-06-18;1;ter plaatse;onbekend;imago, niet uitgekleurd;onbekend;216680.56142314867;196804.4126557242;5.3202733;51.077516;FS6261;Koersel - Koerselse heide noord;Beringen;Koersel;Limburg;Site;J;Goedgekeurd op basis van kennisregels - automatische beeldherkenning (NIA);1980-01-01;3;;7;Libellen;Libellulidae;2026-07-08;634;S;zeldzaam
319936386;319936386;Zwarte heidelibel;Sympetrum danae;2024-07-19;7;2024-07-19;1;ter plaatse;onbekend;imago, niet uitgekleurd;Man;207798.3654440352;214931.3171761204;5.196422999999982;51.241397;FS5378;Mol - Den Diel;Mol;Mol;Antwerpen;Site;J;Goedgekeurd op basis van bewijsmateriaal;1980-01-01;4;;11;Libellen;Libellulidae;2026-07-08;634;S;zeldzaam
362368974;362368974;Zwarte heidelibel;Sympetrum danae;2025-07-12;7;2025-07-12;1;ter plaatse;gezien;imago;Vrouw;218876.6445550404;207553.6913471632;5.353643209772373;51.173872353137405;FS6471;Eksel - Pijnven;Hechtel-Eksel;Eksel;Limburg;ObsIdentify;J;Goedgekeurd op basis van bewijsmateriaal;1980-01-01;3;;5;Libellen;Libellulidae;2026-07-08;634;S;zeldzaam
362379910;362379910;Zwarte heidelibel;Sympetrum danae;2025-07-12;7;2025-07-12;1;ter plaatse;onbekend;imago;Vrouw;218981.61172043643;207500.61686034035;5.3551339;51.1733828;FS6471;Eksel - Pijnven;Hechtel-Eksel;Eksel;Limburg;ObsIdentify;J;Goedgekeurd op basis van bewijsmateriaal;1980-01-01;3;;6;Libellen;Libellulidae;2026-07-08;634;S;zeldzaam
220957403;220957403;Zwarte heidelibel;Sympetrum danae;2021-07-24;7;2021-07-24;1;ter plaatse;onbekend;imago;Vrouw;217269.5313662143;197189.83187472916;5.328748;51.080912;FS6361;  ;Beringen;Koersel;Limburg;Site;J;Goedgekeurd op basis van bewijsmateriaal;1980-01-01;3;;7;Libellen;Libellulidae;2026-07-08;634;S;zeldzaam
286871502;286871502;Zwarte heidelibel;Sympetrum danae;2023-08-23;8;2023-09-04;1;ter plaatse;onbekend;onbekend;Man;180908.62086571092;218026.4546990348;4.811643123626709;51.27128601074219;FS2681;Lille - Visbeekvallei - Lilse Zegge;Lille;Lille;Antwerpen;ObsMapp;J;Goedgekeurd op basis van kennisregels - nabijheid;1980-01-01;3;;1;Libellen;Libellulidae;2026-07-08;634;S;zeldzaam
288017337;288017337;Zwarte heidelibel;Sympetrum danae;2023-09-15;9;2023-09-15;1;ter plaatse;onbekend;imago;Man;218964.7304452525;207566.8394215424;5.354905124986544;51.17398000911757;FS6471;Eksel - Pijnven;Hechtel-Eksel;Eksel;Limburg;Site;J;Goedgekeurd op basis van bewijsmateriaal;1980-01-01;3;;30;Libellen;Libellulidae;2026-07-08;634;S;zeldzaam
362485047;362485047;Zwarte heidelibel;Sympetrum danae;2025-07-12;7;2025-07-12;1;ter plaatse;onbekend;imago;Man;219017.774454732;208468.32618503552;5.35583500000007;51.182076;FS6472;Eksel - Pijnven;Overpelt;Overpelt;Limburg;Site;J;Goedgekeurd op basis van bewijsmateriaal;1980-01-01;3;;60;Libellen;Libellulidae;2026-07-08;634;S;zeldzaam
261622669;261622669;Zwarte heidelibel;Sympetrum danae;2022-09-06;9;2023-01-04;5;ter plaatse;onbekend;imago;Man;152858.41865991362;232249.95193124376;4.40983099999994;51.39995;ES9895;Grenspark Kalmthoutse Heide - Zwarte Heuvelen;Kalmthout;Kalmthout;Antwerpen;Site;J;Goedgekeurd op basis van kennisregels - automatische beeldherkenning (NIA);1980-01-01;3;;30;Libellen;Libellulidae;2026-07-08;634;S;zeldzaam
365160334;365160334;Zwarte heidelibel;Sympetrum danae;2025-07-25;7;2025-07-26;1;ter plaatse;onbekend;imago;Vrouw;214285.47229985023;203863.75244772996;5.287346499722222;51.141236999722224;FS6068;Mil. Dom. Kamp Beverlo - Schietveld (Strikt ontoegankelijk);Hechtel-Eksel;Eksel;Limburg;ObsMapp;J;Goedgekeurd op basis van bewijsmateriaal;1980-01-01;3;;999;Libellen;Libellulidae;2026-07-08;634;S;zeldzaam
325659755;325659755;Zwarte heidelibel;Sympetrum danae;2024-08-25;8;2024-08-25;1;ter plaatse;onbekend;imago;Vrouw;154916.60580143312;232614.57070312745;4.439409000000069;51.403213;FS0095;Grenspark Kalmthoutse Heide - Vossenbergen;Kalmthout;Kalmthout;Antwerpen;ObsIdentify;J;Goedgekeurd op basis van bewijsmateriaal;1980-01-01;3;;756;Libellen;Libellulidae;2026-07-08;634;S;zeldzaam
285601808;285601808;Zwarte heidelibel;Sympetrum danae;2023-08-23;8;2023-08-24;1;ter plaatse;onbekend;imago;Man;222433.1325758734;216077.8120110733;5.406196000000023;51.250048;FS6780;Neerpelt - Het Hageven - Verkeerde lievenheer;Neerpelt;Neerpelt;Limburg;Site;J;Goedgekeurd op basis van bewijsmateriaal;1980-01-01;3;;15;Libellen;Libellulidae;2026-07-08;634;S;zeldzaam
321044320;321044320;Zwarte heidelibel;Sympetrum danae;2024-07-24;7;2024-07-24;1;ter plaatse;onbekend;imago;Vrouw;223514.61507866872;217685.09813626297;5.42201042175293;51.26435633360185;FS6882;Neerpelt - Het Hageven;Neerpelt;Neerpelt;Limburg;Site;J;Goedgekeurd op basis van bewijsmateriaal;1980-01-01;3;;60;Libellen;Libellulidae;2026-07-08;634;S;zeldzaam
288017470;288017470;Zwarte heidelibel;Sympetrum danae;2023-09-15;9;2023-09-15;1;ter plaatse;onbekend;imago;Man;218964.72171851335;207566.8382911133;5.354905000000031;51.17398;FS6471;Eksel - Pijnven;Hechtel-Eksel;Eksel;Limburg;Site;J;Goedgekeurd op basis van bewijsmateriaal;1980-01-01;3;;30;Libellen;Libellulidae;2026-07-08;634;S;zeldzaam
287103363;287103363;Zwarte heidelibel;Sympetrum danae;2023-09-06;9;2023-09-06;1;ter plaatse;onbekend;imago;Man;223119.9412695948;217419.88630156685;5.416303;51.262023;FS6881;Neerpelt - Het Hageven;Lommel;Lommel;Limburg;Site;J;Goedgekeurd op basis van bewijsmateriaal;1980-01-01;3;;30;Libellen;Libellulidae;2026-07-08;634;S;zeldzaam
281882690;281882690;Zwarte heidelibel;Sympetrum danae;2023-07-25;7;2023-07-25;1;ter plaatse;onbekend;imago;Vrouw;219022.33153435768;207526.43718753665;5.355721000000017;51.17361;FS6471;Eksel - Pijnven;Hechtel-Eksel;Eksel;Limburg;Site;J;Goedgekeurd op basis van bewijsmateriaal;1980-01-01;3;;60;Libellen;Libellulidae;2026-07-08;634;S;zeldzaam
285660005;285660005;Zwarte heidelibel;Sympetrum danae;2023-08-23;8;2023-08-24;1;ter plaatse;onbekend;imago;Man;222992.0787938441;217457.3601422748;5.4144790000000285;51.262376;FS6881;Neerpelt - Het Hageven;Lommel;Lommel;Limburg;Site;J;Goedgekeurd op basis van bewijsmateriaal;1980-01-01;3;;15;Libellen;Libellulidae;2026-07-08;634;S;zeldzaam
279566214;279566214;Zwarte heidelibel;Sympetrum danae;2023-07-08;7;2023-07-08;1;ter plaatse;onbekend;imago;Vrouw;218951.88191099657;207554.0949937282;5.354718999999932;51.173867;FS6471;Eksel - Pijnven;Hechtel-Eksel;Eksel;Limburg;Site;J;Goedgekeurd op basis van kennisregels - automatische beeldherkenning (NIA);1980-01-01;3;;30;Libellen;Libellulidae;2026-07-08;634;S;zeldzaam
362483984;362483984;Zwarte heidelibel;Sympetrum danae;2025-07-12;7;2025-07-12;1;ter plaatse;onbekend;imago;Vrouw;218904.02994475013;207544.4470729418;5.354032999999959;51.173786;FS6471;Eksel - Pijnven;Hechtel-Eksel;Eksel;Limburg;Site;J;Goedgekeurd op basis van bewijsmateriaal;1980-01-01;3;;30;Libellen;Libellulidae;2026-07-08;634;S;zeldzaam
281882578;281882578;Zwarte heidelibel;Sympetrum danae;2023-07-25;7;2023-07-25;1;ter plaatse;onbekend;imago;Vrouw;219022.33153435768;207526.43718753665;5.355721000000017;51.17361;FS6471;Eksel - Pijnven;Hechtel-Eksel;Eksel;Limburg;Site;J;Goedgekeurd op basis van kennisregels - automatische beeldherkenning (NIA);1980-01-01;3;;60;Libellen;Libellulidae;2026-07-08;634;S;zeldzaam
362484868;362484868;Zwarte heidelibel;Sympetrum danae;2025-07-12;7;2025-07-12;1;ter plaatse;onbekend;imago;Man;219017.77202959056;208468.30314717532;5.3558349609375;51.18207579323197;FS6472;Eksel - Pijnven;Overpelt;Overpelt;Limburg;Site;J;Goedgekeurd op basis van bewijsmateriaal;1980-01-01;3;;60;Libellen;Libellulidae;2026-07-08;634;S;zeldzaam
226182520;226182520;Zwarte heidelibel;Sympetrum danae;2021-09-08;9;2021-09-23;1;ter plaatse;onbekend;imago;Man;155269.37613939453;231611.99695197027;4.4444633;51.394199;FS0094;Grenspark Kalmthoutse Heide - Vossenbergen;Kalmthout;Kalmthout;Antwerpen;Site;J;Goedgekeurd op basis van kennisregels - automatische beeldherkenning (NIA);1980-01-01;3;;30;Libellen;Libellulidae;2026-07-08;634;S;zeldzaam
195916611;195916611;Zwarte heidelibel;Sympetrum danae;2020-07-11;7;2020-07-11;1;ter plaatse;onbekend;imago, niet uitgekleurd;Vrouw;217638.54408833745;197876.41110085044;5.334141;51.08704;FS6362;  ;Beringen;Koersel;Limburg;Site;J;Goedgekeurd op basis van bewijsmateriaal;1980-01-01;3;;25;Libellen;Libellulidae;2026-07-08;634;S;zeldzaam
327982738;327982738;Zwarte heidelibel;Sympetrum danae;2024-09-14;9;2024-09-14;1;ter plaatse;onbekend;imago;Man;154813.1309260629;232679.5613260325;4.437923;51.403798;FS0095;Grenspark Kalmthoutse Heide - Drielingvennen;Kalmthout;Kalmthout;Antwerpen;ObsIdentify;J;Goedgekeurd op basis van bewijsmateriaal;1980-01-01;3;;999;Libellen;Libellulidae;2026-07-08;634;S;zeldzaam
323725859;323725859;Zwarte heidelibel;Sympetrum danae;2024-08-11;8;2024-08-11;1;ter plaatse;onbekend;imago;onbekend;156148.7385325031;202927.5829774076;4.4566055;51.1363685;FS0165;  ;Kontich;Kontich;Antwerpen;ObsIdentify;J;Goedgekeurd op basis van bewijsmateriaal;1980-01-01;3;;9;Libellen;Libellulidae;2026-07-08;634;S;zeldzaam
288527448;288527448;Zwarte heidelibel;Sympetrum danae;2023-09-19;9;2023-09-20;1;ter plaatse;onbekend;imago;Man;153279.90279290255;232025.45490595236;4.415885000000003;51.39793;ES9895;Grenspark Kalmthoutse Heide - Zwarte Heuvelen;Kalmthout;Kalmthout;Antwerpen;Site;J;Goedgekeurd op basis van bewijsmateriaal;1980-01-01;3;;25;Libellen;Libellulidae;2026-07-08;634;S;zeldzaam
195916804;195916804;Zwarte heidelibel;Sympetrum danae;2020-07-11;7;2020-07-11;1;ter plaatse;onbekend;imago, niet uitgekleurd;Man;217678.8312364688;197843.89165875505;5.3347099;51.086743;FS6362;  ;Beringen;Koersel;Limburg;Site;J;Goedgekeurd op basis van bewijsmateriaal;1980-01-01;3;;7;Libellen;Libellulidae;2026-07-08;634;S;zeldzaam
246942566;246942566;Zwarte heidelibel;Sympetrum danae;2022-06-26;6;2022-06-26;1;ter plaatse;onbekend;imago, niet uitgekleurd;Vrouw;217070.62710423415;196994.34055717848;5.3258738;51.079178;FS6261;Koersel - Koerselse heide noord;Beringen;Koersel;Limburg;Site;J;Goedgekeurd op basis van bewijsmateriaal;1980-01-01;3;;7;Libellen;Libellulidae;2026-07-08;634;S;zeldzaam
332207792;332207792;Zwarte heidelibel;Sympetrum danae;2024-10-26;10;2024-10-27;1;ter plaatse;onbekend;imago;Man;154846.9412424659;232642.17170459495;4.438408333333333;51.40346166666667;FS0095;Grenspark Kalmthoutse Heide - Drielingvennen;Kalmthout;Kalmthout;Antwerpen;ObsIdentify;J;Goedgekeurd op basis van bewijsmateriaal;1980-01-01;3;;5;Libellen;Libellulidae;2026-07-08;634;S;zeldzaam
198461180;198461180;Zwarte heidelibel;Sympetrum danae;2020-08-14;8;2020-08-14;1;ter plaatse;onbekend;imago;onbekend;206451.53652497125;200831.13418076467;5.1749441;51.114798;FS5264;  ;Ham;Oostham;Limburg;Site;J;Goedgekeurd op basis van bewijsmateriaal;1980-01-01;3;;5;Libellen;Libellulidae;2026-07-08;634;S;zeldzaam
327097228;327097228;Zwarte heidelibel;Sympetrum danae;2024-09-05;9;2024-09-05;1;ter plaatse;onbekend;imago;Vrouw;204542.964995425;219833.86973358784;5.150549411773682;51.28577708374814;FS4983;Postel - Omgeving Ronde Put;Mol;Mol;Antwerpen;Site;J;Goedgekeurd op basis van bewijsmateriaal;1980-01-01;3;;30;Libellen;Libellulidae;2026-07-08;634;S;zeldzaam
325084543;325084543;Zwarte heidelibel;Sympetrum danae;2024-08-06;8;2024-08-19;1;ter plaatse;onbekend;onbekend;onbekend;204633.42313249927;219775.0658668233;5.151837;51.28524;FS5083;Postel - Omgeving Ronde Put;Mol;Mol;Antwerpen;Site;J;Goedgekeurd op basis van kennisregels - automatische beeldherkenning (NIA);1980-01-01;3;;30;Libellen;Libellulidae;2026-07-08;634;S;zeldzaam
288527550;288527550;Zwarte heidelibel;Sympetrum danae;2023-09-19;9;2023-09-20;1;ter plaatse;onbekend;imago;Man;153279.90279290255;232025.45490595236;4.415885000000003;51.39793;ES9895;Grenspark Kalmthoutse Heide - Zwarte Heuvelen;Kalmthout;Kalmthout;Antwerpen;ObsIdentify;J;Goedgekeurd op basis van bewijsmateriaal;1980-01-01;3;;999;Libellen;Libellulidae;2026-07-08;634;S;zeldzaam
321665504;321665504;Zwarte heidelibel;Sympetrum danae;2024-07-28;7;2024-07-28;1;ter plaatse;onbekend;onbekend;onbekend;153487.02925483437;233233.60296333395;4.41887283246615;51.40878723379908;ES9896;Grenspark Kalmthoutse Heide - Drielingvennen;Kalmthout;Kalmthout;Antwerpen;Site;J;Goedgekeurd op basis van kennisregels - automatische beeldherkenning (NIA);1980-01-01;3;;15;Libellen;Libellulidae;2026-07-08;634;S;zeldzaam
225079172;225079172;Zwarte heidelibel;Sympetrum danae;2021-09-07;9;2021-09-07;2;ter plaatse;vangst;imago;Man;154776.9778576637;231673.5985055268;4.43739;51.394757;FS0094;Grenspark Kalmthoutse Heide - Vossenbergen;Kalmthout;Kalmthout;Antwerpen;Site;J;Goedgekeurd op basis van kennisregels - automatische beeldherkenning (NIA);1980-01-01;4;;25;Libellen;Libellulidae;2026-07-08;634;S;zeldzaam
246344207;246344207;Zwarte heidelibel;Sympetrum danae;2022-06-21;6;2022-06-21;1;ter plaatse;onbekend;imago;onbekend;215964.70223841403;207211.96008583624;5.311947000000032;51.171141;FS6171;Eksel - Pijnven;Hechtel-Eksel;Eksel;Limburg;Site;J;Goedgekeurd op basis van kennisregels - automatische beeldherkenning (NIA);1980-01-01;3;;120;Libellen;Libellulidae;2026-07-08;634;S;zeldzaam
223888575;223888575;Zwarte heidelibel;Sympetrum danae;2021-08-24;8;2021-08-24;2;ter plaatse;vangst;imago;Vrouw;154797.65919449195;231664.2717773328;4.437687;51.394673;FS0094;Grenspark Kalmthoutse Heide - Vossenbergen;Kalmthout;Kalmthout;Antwerpen;Site;J;Goedgekeurd op basis van bewijsmateriaal;1980-01-01;4;;25;Libellen;Libellulidae;2026-07-08;634;S;zeldzaam
222173671;222173671;Zwarte heidelibel;Sympetrum danae;2021-08-05;8;2021-08-06;3;ter plaatse;vangst;imago;Vrouw;154797.65919449195;231664.2717773328;4.437687;51.394673;FS0094;Grenspark Kalmthoutse Heide - Vossenbergen;Kalmthout;Kalmthout;Antwerpen;Site;J;Goedgekeurd op basis van bewijsmateriaal;1980-01-01;4;;25;Libellen;Libellulidae;2026-07-08;634;S;zeldzaam
218978140;218978140;Zwarte heidelibel;Sympetrum danae;2021-07-02;7;2021-07-04;1;ter plaatse;onbekend;onbekend;onbekend;154278.35246120632;230398.86770542336;4.430211;51.383304;ES9993;Grenspark Kalmthoutse Heide - Nieuwe Gemeentebossen - Putse Moer;Kalmthout;Kalmthout;Antwerpen;Site;J;Goedgekeurd op basis van kennisregels - automatische beeldherkenning (NIA);1980-01-01;3;;25;Libellen;Libellulidae;2026-07-08;634;S;zeldzaam
218720005;218720005;Zwarte heidelibel;Sympetrum danae;2021-07-02;7;2021-07-02;1;ter plaatse;onbekend;imago;onbekend;154305.3530880299;230356.00991365872;4.4305983;51.3829186;ES9993;Grenspark Kalmthoutse Heide - Nieuwe Gemeentebossen - Putse Moer;Kalmthout;Kalmthout;Antwerpen;ObsIdentify;J;Goedgekeurd op basis van bewijsmateriaal;1980-01-01;3;;5;Libellen;Libellulidae;2026-07-08;634;S;zeldzaam
373691947;373691947;Zwarte heidelibel;Sympetrum danae;2025-09-22;9;2025-09-22;1;ter plaatse;gezien;imago;Man;208542.5200329304;209430.11789007857;5.206189155578613;51.19187806093787;FS5473;Balen/Mol - Wezel;Mol;Mol;Antwerpen;Site;J;Goedgekeurd op basis van expertoordeel;1980-01-01;3;;30;Libellen;Libellulidae;2026-07-08;634;S;zeldzaam
321657153;321657153;Zwarte heidelibel;Sympetrum danae;2024-07-28;7;2024-07-28;1;ter plaatse;onbekend;imago;Man;228560.44421481568;219604.10752199215;5.494709000000057;51.280937;FS7384;Hageven met Dommelvallei Beverbeekse Heide Warmbeek en Wateringen - N2000;Hamont-Achel;Achel;Limburg;Site;J;Goedgekeurd op basis van bewijsmateriaal;1980-01-01;3;;30;Libellen;Libellulidae;2026-07-08;634;S;zeldzaam
407024555;407024555;Zwarte heidelibel;Sympetrum danae;2026-06-24;6;2026-06-24;1;ter plaatse;onbekend;imago, niet uitgekleurd;Man;228443.4063124977;219422.457075228;5.492992396702903;51.27932043049711;FS7383;Hageven met Dommelvallei Beverbeekse Heide Warmbeek en Wateringen - N2000;Hamont-Achel;Achel;Limburg;Site;J;Goedgekeurd op basis van bewijsmateriaal;2026-12-31;3;;60;Libellen;Libellulidae;2026-07-08;634;S;zeldzaam
251495124;251495124;Zwarte heidelibel;Sympetrum danae;2022-08-05;8;2022-08-06;1;ter plaatse;onbekend;imago;onbekend;217074.17628331215;197035.53871342912;5.32593202590942;51.0795478820801;FS6261;Koersel - Koerselse heide noord;Beringen;Koersel;Limburg;ObsMapp;J;Goedgekeurd op basis van kennisregels - nabijheid;2007-01-01;3;;3;Libellen;Libellulidae;2026-07-08;634;S;zeldzaam
226380292;226380292;Zwarte heidelibel;Sympetrum danae;2021-09-25;9;2021-09-26;1;ter plaatse;onbekend;onbekend;onbekend;154704.46115682877;230358.7423697412;4.4363308;51.38294;ES9993;Grenspark Kalmthoutse Heide - Nieuwe Gemeentebossen;Kalmthout;Kalmthout;Antwerpen;Site;J;Goedgekeurd op basis van kennisregels - automatische beeldherkenning (NIA);1980-01-01;4;;25;Libellen;Libellulidae;2026-07-08;634;S;zeldzaam
251176808;251176808;Zwarte heidelibel;Sympetrum danae;2022-08-02;8;2022-08-02;1;ter plaatse;onbekend;imago;Man;210773.5703059437;207246.91748224944;5.237735;51.172025;FS5671;Balen - De Most;Balen;Balen;Antwerpen;Site;J;Goedgekeurd op basis van bewijsmateriaal;1980-01-01;4;;25;Libellen;Libellulidae;2026-07-08;634;S;zeldzaam
321989249;321989249;Zwarte heidelibel;Sympetrum danae;2024-07-30;7;2024-07-30;1;ter plaatse;onbekend;imago;Man;180212.60941097245;222304.2770087747;4.80202853679657;51.30977195506365;FS2585;Beerse - Duivelskuil;Beerse;Vlimmeren;Antwerpen;Site;J;Goedgekeurd op basis van kennisregels - automatische beeldherkenning (NIA);1980-01-01;3;;4;Libellen;Libellulidae;2026-07-08;634;S;zeldzaam
321989293;321989293;Zwarte heidelibel;Sympetrum danae;2024-07-30;7;2024-07-30;1;ter plaatse;onbekend;imago;Man;180212.64168130397;222304.28219701812;4.802028999999948;51.309772;FS2585;Beerse - Duivelskuil;Beerse;Vlimmeren;Antwerpen;Site;J;Goedgekeurd op basis van bewijsmateriaal;1980-01-01;3;;4;Libellen;Libellulidae;2026-07-08;634;S;zeldzaam
321989328;321989328;Zwarte heidelibel;Sympetrum danae;2024-07-30;7;2024-07-30;1;ter plaatse;onbekend;imago;Man;180212.64168130397;222304.28219701812;4.802028999999948;51.309772;FS2585;Beerse - Duivelskuil;Beerse;Vlimmeren;Antwerpen;Site;J;Goedgekeurd op basis van kennisregels - automatische beeldherkenning (NIA);1980-01-01;3;;4;Libellen;Libellulidae;2026-07-08;634;S;zeldzaam
362477983;362477983;Zwarte heidelibel;Sympetrum danae;2025-07-12;7;2025-07-12;1;ter plaatse;gezien;imago;Vrouw;218988.0519227048;207495.9230634803;5.355225086212158;51.17333984375;FS6471;Eksel - Pijnven;Hechtel-Eksel;Eksel;Limburg;ObsMapp;J;Goedgekeurd op basis van expertoordeel;1980-01-01;3;;5;Libellen;Libellulidae;2026-07-08;634;S;zeldzaam
362477982;362477982;Zwarte heidelibel;Sympetrum danae;2025-07-12;7;2025-07-12;1;ter plaatse;gezien;imago;Man;219100.78796353596;208464.28243912384;5.357021331787109;51.18202972412109;FS6472;Eksel - Pijnven;Overpelt;Overpelt;Limburg;ObsMapp;J;Goedgekeurd op basis van expertoordeel;1980-01-01;3;;6;Libellen;Libellulidae;2026-07-08;634;S;zeldzaam
220510588;220510588;Zwarte heidelibel;Sympetrum danae;2021-07-20;7;2021-07-20;1;ter plaatse;gezien;imago;Man;189155.9254619464;229105.2718302533;4.931017;51.370358;FS3492;Zwartwater;Turnhout;Turnhout;Antwerpen;ObsMapp;J;Goedgekeurd op basis van bewijsmateriaal;2007-01-01;3;;4;Libellen;Libellulidae;2026-07-08;634;S;zeldzaam
327350174;327350174;Zwarte heidelibel;Sympetrum danae;2024-09-07;9;2024-09-07;1;ter plaatse;gezien;imago;Man;154428.00068201;230524.0538577335;4.432362000000012;51.384428;ES9993;Grenspark Kalmthoutse Heide - Kambuusduinen;Kalmthout;Kalmthout;Antwerpen;ObsMapp;J;Goedgekeurd op basis van kennisregels - automatische beeldherkenning (NIA);2024-09-10;3;Waargenomen tijdens een rondwandeling vanaf Station Heide.;10;Libellen;Libellulidae;2026-07-08;634;S;zeldzaam
316634373;316634373;Zwarte heidelibel;Sympetrum danae;2024-06-28;6;2024-06-28;1;ter plaatse;gezien;imago;Vrouw;196092.83066263693;224330.1711188313;5.030011000000059;51.326927;FS4188;Landschap De Liereman - Hoge Mierdse Heide;Oud-Turnhout;Oud-Turnhout;Antwerpen;ObsMapp;J;Goedgekeurd op basis van bewijsmateriaal;1980-01-01;3;;5;Libellen;Libellulidae;2026-07-08;634;S;zeldzaam
223618451;223618451;Zwarte heidelibel;Sympetrum danae;2021-08-21;8;2021-08-21;1;ter plaatse;gezien;imago;Man;180764.2490324282;225511.17415254563;4.81021308898926;51.338565826416;FS2689;Beerse - Het Blak - Grote Put;Beerse;Beerse;Antwerpen;ObsMapp;J;Goedgekeurd op basis van expertoordeel;2007-01-01;3;;19;Libellen;Libellulidae;2026-07-08;634;S;zeldzaam
223618452;223618452;Zwarte heidelibel;Sympetrum danae;2021-08-21;8;2021-08-21;1;ter plaatse;gezien;imago;Man;181097.2249641734;225400.26898834296;4.81498146057129;51.3375511169434;FS2688;Beerse - Het Blak - Grote Put;Beerse;Beerse;Antwerpen;ObsMapp;J;Goedgekeurd op basis van expertoordeel;2007-01-01;3;;4;Libellen;Libellulidae;2026-07-08;634;S;zeldzaam
317581674;317581674;Zwarte heidelibel;Sympetrum danae;2024-07-05;7;2024-07-05;1;ter plaatse;gezien;imago;Vrouw;205588.4756809894;220562.7803815473;5.165646308333334;51.29222828333333;FS5084;Postel - Omgeving Ronde Put;Mol;Mol;Antwerpen;ObsMapp;J;Goedgekeurd op basis van bewijsmateriaal;1980-01-01;3;;999;Libellen;Libellulidae;2026-07-08;634;S;zeldzaam
228527689;228527689;Zwarte heidelibel;Sympetrum danae;2021-10-29;10;2021-10-30;1;ter plaatse;gezien;imago;Man;176297.25620083825;215209.58370289672;4.74536371231079;51.2461967468262;FS2178;Oostmalle - Blommerschot;Malle;Oostmalle;Antwerpen;ObsMapp;J;Goedgekeurd op basis van expertoordeel;2007-01-01;3;;4;Libellen;Libellulidae;2026-07-08;634;S;zeldzaam
324062910;324062910;Zwarte heidelibel;Sympetrum danae;2024-08-13;8;2024-08-13;1;ter plaatse;onbekend;imago;Vrouw;217160.5135802569;197307.02369659397;5.327214000000026;51.081978;FS6361;Koersel - Koerselse heide noord;Beringen;Koersel;Limburg;Site;J;Goedgekeurd op basis van bewijsmateriaal;1980-01-01;4;;999;Libellen;Libellulidae;2026-07-08;634;S;zeldzaam
324063058;324063058;Zwarte heidelibel;Sympetrum danae;2024-08-13;8;2024-08-13;1;ter plaatse;onbekend;imago;Vrouw;217160.5135802569;197307.02369659397;5.327214000000026;51.081978;FS6361;Koersel - Koerselse heide noord;Beringen;Koersel;Limburg;Site;J;Goedgekeurd op basis van bewijsmateriaal;1980-01-01;4;;999;Libellen;Libellulidae;2026-07-08;634;S;zeldzaam
198595843;198595843;Zwarte heidelibel;Sympetrum danae;2020-08-16;8;2020-08-16;1;ter plaatse;gezien;imago;Man;178574.5788873869;210235.27972755115;4.777584;51.201378;FS2473;Vorselaar - Dorp;Vorselaar;Vorselaar;Antwerpen;ObsMapp;J;Goedgekeurd op basis van bewijsmateriaal;2007-01-01;3;Nieuwe tuinsoort_ werd regelmatig lastig gevallen door lantaarntjes.;25;Libellen;Libellulidae;2026-07-08;634;S;zeldzaam
287909044;287909044;Zwarte heidelibel;Sympetrum danae;2023-09-14;9;2023-09-14;1;ter plaatse;onbekend;imago;Man;180033.58693727377;215636.08114276268;4.798906445503235;51.24984742543191;FS2579;Lille - Kindernouwbeekvallei - Den Eurst;Lille;Wechelderzande;Antwerpen;Site;J;Goedgekeurd op basis van bewijsmateriaal;1980-01-01;3;tip Nico;7;Libellen;Libellulidae;2026-07-08;634;S;zeldzaam
225832234;225832234;Zwarte heidelibel;Sympetrum danae;2021-09-18;9;2021-09-18;3;ter plaatse;onbekend;imago;Man;194562.0613952941;228182.57201027405;5.00852823257446;51.3616714477539;FS3991;Ravels - Gewestbossen Zuid;Ravels;Ravels;Antwerpen;ObsMapp;J;Goedgekeurd op basis van kennisregels - nabijheid;2007-01-01;3;;3;Libellen;Libellulidae;2026-07-08;634;S;zeldzaam
226312020;226312020;Zwarte heidelibel;Sympetrum danae;2021-09-25;9;2021-09-25;1;tandem;onbekend;imago;onbekend;154392.52071413776;230289.10302104612;4.43184947967529;51.3823165893555;ES9993;Grenspark Kalmthoutse Heide - Nieuwe Gemeentebossen - Putse Moer;Kalmthout;Kalmthout;Antwerpen;ObsMapp;J;Goedgekeurd op basis van kennisregels - nabijheid;2007-01-01;3;;26;Libellen;Libellulidae;2026-07-08;634;S;zeldzaam
318713155;318713155;Zwarte heidelibel;Sympetrum danae;2024-07-13;7;2024-07-13;1;ter plaatse;onbekend;imago;Vrouw;215348.5268174668;208491.23770444372;5.303367999999978;51.182709;FS6072;Lommel - Pijnven - Vriesputten;Lommel;Lommel;Limburg;ObsIdentify;J;Goedgekeurd op basis van bewijsmateriaal;1980-01-01;3;;4;Libellen;Libellulidae;2026-07-08;634;S;zeldzaam
226312023;226312023;Zwarte heidelibel;Sympetrum danae;2021-09-25;9;2021-09-25;5;ter plaatse;onbekend;imago;Man;154393.58453943365;230287.4062087927;4.43186473846436;51.3823013305664;ES9993;Grenspark Kalmthoutse Heide - Nieuwe Gemeentebossen - Putse Moer;Kalmthout;Kalmthout;Antwerpen;ObsMapp;J;Goedgekeurd op basis van kennisregels - nabijheid;2007-01-01;3;;20;Libellen;Libellulidae;2026-07-08;634;S;zeldzaam
226312038;226312038;Zwarte heidelibel;Sympetrum danae;2021-09-25;9;2021-09-25;2;in copula;onbekend;imago;onbekend;154288.9052423865;232466.78252178617;4.43038749694824;51.4018898010254;ES9995;Grenspark Kalmthoutse Heide - Drielingvennen;Kalmthout;Kalmthout;Antwerpen;ObsMapp;J;Goedgekeurd op basis van kennisregels - nabijheid;2007-01-01;3;;29;Libellen;Libellulidae;2026-07-08;634;S;zeldzaam
318718823;318718823;Zwarte heidelibel;Sympetrum danae;2024-07-13;7;2024-07-13;1;ter plaatse;onbekend;imago;Man;215292.8884908971;208483.7501638569;5.302570999999944;51.182648;FS6072;Lommel - Pijnven - Vriesputten;Lommel;Lommel;Limburg;ObsIdentify;J;Goedgekeurd op basis van bewijsmateriaal;1980-01-01;3;;5;Libellen;Libellulidae;2026-07-08;634;S;zeldzaam
318732126;318732126;Zwarte heidelibel;Sympetrum danae;2024-07-13;7;2024-07-13;1;ter plaatse;onbekend;imago;Man;215221.1358248345;208577.88711675163;5.301561831838914;51.183502197265625;FS6072;Lommel - Pijnven - Vriesputten;Lommel;Lommel;Limburg;ObsIdentify;J;Goedgekeurd op basis van bewijsmateriaal;1980-01-01;3;;5;Libellen;Libellulidae;2026-07-08;634;S;zeldzaam
198254825;198254825;Zwarte heidelibel;Sympetrum danae;2020-08-11;8;2020-08-11;1;eileggend;onbekend;imago;Vrouw;155086.37107673028;228090.3507254925;4.4417839050293;51.362548828125;FS0091;  ;Kalmthout;Kalmthout;Antwerpen;ObsMapp;J;Goedgekeurd op basis van bewijsmateriaal;2007-01-01;4;;25;Libellen;Libellulidae;2026-07-08;634;S;zeldzaam
228512379;228512379;Zwarte heidelibel;Sympetrum danae;2021-10-29;10;2021-10-29;1;ter plaatse;gezien;imago;onbekend;176289.50019469904;215222.27667518705;4.74525356292725;51.2463111877441;FS2178;Oostmalle - Blommerschot;Malle;Oostmalle;Antwerpen;ObsMapp;J;Goedgekeurd op basis van bewijsmateriaal;2007-01-01;3;;3;Libellen;Libellulidae;2026-07-08;634;S;zeldzaam
361767387;361767387;Zwarte heidelibel;Sympetrum danae;2025-07-09;7;2025-07-09;1;ter plaatse;onbekend;imago;Man;154580.03271618308;233027.71456309687;4.434577941894531;51.40692901611328;ES9996;Grenspark Kalmthoutse Heide - Stappersven;Kalmthout;Kalmthout;Antwerpen;ObsMapp;J;Goedgekeurd op basis van kennisregels - nabijheid;2025-07-12;3;;4;Libellen;Libellulidae;2026-07-08;634;S;zeldzaam
320099525;320099525;Zwarte heidelibel;Sympetrum danae;2024-07-19;7;2024-07-20;1;ter plaatse;onbekend;imago;Man;178536.21200763373;180433.8483193936;4.774700164794922;50.933502197265625;FS2443;Holsbeek - Dunbergbroek - Orchidee;Holsbeek;Kortrijk-Dutsel;Vlaams-Brabant;ObsMapp;J;Goedgekeurd op basis van bewijsmateriaal;1980-01-01;3;onverwacht op deze plek!;2;Libellen;Libellulidae;2026-07-08;634;S;zeer zeldzaam
361768511;361768511;Zwarte heidelibel;Sympetrum danae;2025-07-09;7;2025-07-09;1;ter plaatse;onbekend;imago;Man;154581.16278408412;233025.59339444805;4.43459415435791;51.40690994262695;ES9996;Grenspark Kalmthoutse Heide - Stappersven;Kalmthout;Kalmthout;Antwerpen;ObsMapp;J;Goedgekeurd op basis van kennisregels - nabijheid;2025-08-09;3;;3;Libellen;Libellulidae;2026-07-08;634;S;zeldzaam
228512377;228512377;Zwarte heidelibel;Sympetrum danae;2021-10-29;10;2021-10-29;1;ter plaatse;gezien;imago;Man;176289.2653146383;215222.69962300267;4.74525023;51.246315;FS2178;Oostmalle - Blommerschot;Malle;Oostmalle;Antwerpen;ObsMapp;J;Goedgekeurd op basis van bewijsmateriaal;2007-01-01;3;;4;Libellen;Libellulidae;2026-07-08;634;S;zeldzaam
249973771;249973771;Zwarte heidelibel;Sympetrum danae;2022-07-22;7;2022-07-22;1;ter plaatse;gezien;imago;onbekend;198925.1533328981;212740.38977618795;5.06907176971436;51.222526550293;FS4476;Dessel - Steenhei/Terreinen Niras;Dessel;Dessel;Antwerpen;ObsMapp;J;Goedgekeurd op basis van expertoordeel;2007-01-01;3;;3;Libellen;Libellulidae;2026-07-08;634;S;zeldzaam
223631930;223631930;Zwarte heidelibel;Sympetrum danae;2021-08-21;8;2021-08-22;2;in copula;onbekend;imago;onbekend;207132.48157162068;213117.649516874;5.1866021156311;51.2251625061035;FS5277;Mol - Klein Verkallen;Mol;Mol;Antwerpen;ObsMapp;J;Goedgekeurd op basis van bewijsmateriaal;2007-01-01;3;;999;Libellen;Libellulidae;2026-07-08;634;S;zeldzaam
316620295;316620295;Zwarte heidelibel;Sympetrum danae;2024-06-28;6;2024-06-28;1;ter plaatse;gezien;imago;Vrouw;196086.9741522447;224332.26169230603;5.0299272537231445;51.32694625854492;FS4188;Landschap De Liereman - Hoge Mierdse Heide;Oud-Turnhout;Oud-Turnhout;Antwerpen;ObsMapp;J;Goedgekeurd op basis van expertoordeel;1980-01-01;3;;4;Libellen;Libellulidae;2026-07-08;634;S;zeldzaam
228512381;228512381;Zwarte heidelibel;Sympetrum danae;2021-10-29;10;2021-10-29;2;ter plaatse;gezien;imago;Man;176289.73542061972;215221.85345753003;4.74525690078735;51.2463073730469;FS2178;Oostmalle - Blommerschot;Malle;Oostmalle;Antwerpen;ObsMapp;J;Goedgekeurd op basis van expertoordeel;2007-01-01;3;;4;Libellen;Libellulidae;2026-07-08;634;S;zeldzaam
223246261;223246261;Zwarte heidelibel;Sympetrum danae;2021-08-14;8;2021-08-17;1;ter plaatse;onbekend;imago;Vrouw;202423.35027123932;191319.84864115625;5.1160531;51.02968597;FS4855;Vallei van de Drie Beken - Schutshaag;Diest;Schaffen;Vlaams-Brabant;ObsMapp;J;Goedgekeurd op basis van bewijsmateriaal;2007-01-01;3;;3;Libellen;Libellulidae;2026-07-08;634;S;zeer zeldzaam
317617851;317617851;Zwarte heidelibel;Sympetrum danae;2024-07-05;7;2024-07-06;1;ter plaatse;gezien;imago;Vrouw;205589.36937754412;220558.591805378;5.165658473968506;51.29219055175781;FS5084;Postel - Omgeving Ronde Put;Mol;Mol;Antwerpen;ObsMapp;J;Goedgekeurd op basis van bewijsmateriaal;1980-01-01;3;;3;Libellen;Libellulidae;2026-07-08;634;S;zeldzaam
287891757;287891757;Zwarte heidelibel;Sympetrum danae;2023-09-14;9;2023-09-14;1;ter plaatse;gezien;imago;Man;154782.35929795148;232652.3467332153;4.437480457131227;51.403553662869854;ES9995;Grenspark Kalmthoutse Heide - Drielingvennen;Kalmthout;Kalmthout;Antwerpen;iObs;J;Goedgekeurd op basis van kennisregels - nabijheid;1980-01-01;3;;4;Libellen;Libellulidae;2026-07-08;634;S;zeldzaam
253551680;253551680;Zwarte heidelibel;Sympetrum danae;2022-08-28;8;2022-08-28;1;ter plaatse;onbekend;imago;Man;223056.88996511337;216863.9168703752;5.41528749465942;51.2570343017578;FS6881;Neerpelt - Het Hageven;Neerpelt;Neerpelt;Limburg;ObsMapp;J;Goedgekeurd op basis van kennisregels - nabijheid;2007-01-01;3;;4;Libellen;Libellulidae;2026-07-08;634;S;zeldzaam
221728150;221728150;Zwarte heidelibel;Sympetrum danae;2021-07-21;7;2021-08-02;1;ter plaatse;gezien;imago;Man;153179.81186240792;232926.95653585624;4.414455;51.406033;ES9895;Grenspark Kalmthoutse Heide - Zwarte Heuvelen;Kalmthout;Kalmthout;Antwerpen;Site;J;Goedgekeurd op basis van bewijsmateriaal;1980-01-01;3;;25;Libellen;Libellulidae;2026-07-08;634;S;zeldzaam
332252839;332252839;Zwarte heidelibel;Sympetrum danae;2024-10-27;10;2024-10-27;1;ter plaatse;gezien;imago;Man;153713.8429550762;233240.9273223057;4.42213249206543;51.40885162353516;ES9896;Grenspark Kalmthoutse Heide - Drielingvennen;Kalmthout;Kalmthout;Antwerpen;ObsMapp;J;Goedgekeurd op basis van bewijsmateriaal;1980-01-01;3;;4;Libellen;Libellulidae;2026-07-08;634;S;zeldzaam
332252823;332252823;Zwarte heidelibel;Sympetrum danae;2024-10-27;10;2024-10-27;2;ter plaatse;gezien;imago;Man;154039.06598763316;232998.8211870873;4.426803588867188;51.40667343139648;ES9996;Grenspark Kalmthoutse Heide - Drielingvennen;Kalmthout;Kalmthout;Antwerpen;ObsMapp;J;Goedgekeurd op basis van expertoordeel;1980-01-01;3;;3;Libellen;Libellulidae;2026-07-08;634;S;zeldzaam
326269784;326269784;Zwarte heidelibel;Sympetrum danae;2024-08-28;8;2024-08-30;1;ter plaatse;gezien;imago;Man;154814.52995093324;232670.55488317276;4.437942981719971;51.403717041015625;FS0095;Grenspark Kalmthoutse Heide - Drielingvennen;Kalmthout;Kalmthout;Antwerpen;ObsMapp;J;Goedgekeurd op basis van kennisregels - nabijheid;1980-01-01;3;;4;Libellen;Libellulidae;2026-07-08;634;S;zeldzaam
325630706;325630706;Zwarte heidelibel;Sympetrum danae;2024-08-24;8;2024-08-24;1;ter plaatse;gezien;imago;onbekend;154844.228132049;232671.85621808283;4.4383697509765625;51.40372848510742;FS0095;Grenspark Kalmthoutse Heide - Stappersven - Heide NO van Keetheuvel;Kalmthout;Kalmthout;Antwerpen;ObsMapp;J;Goedgekeurd op basis van kennisregels - automatische beeldherkenning (NIA);1980-01-01;3;;3;Libellen;Libellulidae;2026-07-08;634;S;zeldzaam
325242981;325242981;Zwarte heidelibel;Sympetrum danae;2024-08-18;8;2024-08-21;1;ter plaatse;gezien;imago;Man;154806.67747293145;232693.04258721508;4.437830448150635;51.4039192199707;FS0095;Grenspark Kalmthoutse Heide - Drielingvennen;Kalmthout;Kalmthout;Antwerpen;ObsMapp;J;Goedgekeurd op basis van kennisregels - nabijheid;1980-01-01;3;;3;Libellen;Libellulidae;2026-07-08;634;S;zeldzaam
287379424;287379424;Zwarte heidelibel;Sympetrum danae;2023-09-08;9;2023-09-09;1;ter plaatse;gezien;imago;Vrouw;154171.32255671156;231501.09702931345;4.428686618804932;51.393211364746094;ES9994;Grenspark Kalmthoutse Heide - Kambuusduinen;Kalmthout;Kalmthout;Antwerpen;ObsMapp;J;Goedgekeurd op basis van kennisregels - automatische beeldherkenning (NIA);1980-01-01;3;;3;Libellen;Libellulidae;2026-07-08;634;S;zeldzaam
287840915;287840915;Zwarte heidelibel;Sympetrum danae;2023-09-13;9;2023-09-14;1;ter plaatse;gezien;imago;Man;154803.19599145273;232690.068268694;4.437780380249023;51.40389251708984;FS0095;Grenspark Kalmthoutse Heide - Drielingvennen;Kalmthout;Kalmthout;Antwerpen;ObsMapp;J;Goedgekeurd op basis van kennisregels - nabijheid;1980-01-01;3;;3;Libellen;Libellulidae;2026-07-08;634;S;zeldzaam
287840917;287840917;Zwarte heidelibel;Sympetrum danae;2023-09-13;9;2023-09-14;1;ter plaatse;gezien;imago;Man;154839.3770264122;232643.41444598231;4.438299655914307;51.40347290039063;FS0095;Grenspark Kalmthoutse Heide - Drielingvennen;Kalmthout;Kalmthout;Antwerpen;ObsMapp;J;Goedgekeurd op basis van kennisregels - nabijheid;1980-01-01;3;;3;Libellen;Libellulidae;2026-07-08;634;S;zeldzaam
225762238;225762238;Zwarte heidelibel;Sympetrum danae;2021-09-17;9;2021-09-17;1;ter plaatse;onbekend;imago;Man;165707.9701643512;188960.02955102827;4.592578;51.010635;FS1152;Rijmenam - 't Ven;Bonheiden;Rijmenam;Antwerpen;ObsMapp;J;Goedgekeurd op basis van bewijsmateriaal;2007-01-01;3;;8;Libellen;Libellulidae;2026-07-08;634;S;zeldzaam
225762246;225762246;Zwarte heidelibel;Sympetrum danae;2021-09-17;9;2021-09-17;1;ter plaatse;onbekend;imago;Man;165732.81407072747;188936.85415572676;4.592931;51.010426;FS1152;Rijmenam - 't Ven;Bonheiden;Rijmenam;Antwerpen;ObsMapp;J;Goedgekeurd op basis van bewijsmateriaal;2007-01-01;3;;6;Libellen;Libellulidae;2026-07-08;634;S;zeldzaam
225762247;225762247;Zwarte heidelibel;Sympetrum danae;2021-09-17;9;2021-09-17;1;ter plaatse;onbekend;imago;Man;165745.01592880598;188916.86670777109;4.593104;51.010246;FS1152;Rijmenam - 't Ven;Bonheiden;Rijmenam;Antwerpen;ObsMapp;J;Goedgekeurd op basis van bewijsmateriaal;2007-01-01;3;;6;Libellen;Libellulidae;2026-07-08;634;S;zeldzaam
225762680;225762680;Zwarte heidelibel;Sympetrum danae;2021-09-17;9;2021-09-17;1;ter plaatse;onbekend;imago;Man;165717.04288894113;188953.60467872585;4.592707;51.010577;FS1152;Rijmenam - 't Ven;Bonheiden;Rijmenam;Antwerpen;Site;J;Goedgekeurd op basis van bewijsmateriaal;1980-01-01;3;minstens 4 exemplaren in totaal_ ander apart ingevoerd_ vleugelschade bestudeerd;10;Libellen;Libellulidae;2026-07-08;634;S;zeldzaam
254291546;254291546;Zwarte heidelibel;Sympetrum danae;2022-09-06;9;2022-09-06;1;ter plaatse;onbekend;imago;Man;165812.18972266547;188941.1000063205;4.5940622;51.010462;FS1152;Rijmenam - 't Ven;Bonheiden;Rijmenam;Antwerpen;Site;J;Goedgekeurd op basis van bewijsmateriaal;1980-01-01;3;;7;Libellen;Libellulidae;2026-07-08;634;S;zeldzaam
289032315;289032315;Zwarte heidelibel;Sympetrum danae;2023-09-27;9;2023-09-27;1;ter plaatse;gezien;imago;Man;154841.6659086648;232644.26548213884;4.438332557678223;51.40348052978516;FS0095;Grenspark Kalmthoutse Heide - Drielingvennen;Kalmthout;Kalmthout;Antwerpen;ObsMapp;J;Goedgekeurd op basis van kennisregels - nabijheid;1980-01-01;3;;3;Libellen;Libellulidae;2026-07-08;634;S;zeldzaam
289270593;289270593;Zwarte heidelibel;Sympetrum danae;2023-09-30;9;2023-09-30;1;ter plaatse;gezien;imago;Man;152861.14265221616;233724.65939482208;4.409882068634033;51.413204193115234;ES9896;Grenspark Kalmthoutse Heide - Biezenkuilen;Kalmthout;Kalmthout;Antwerpen;ObsMapp;J;Goedgekeurd op basis van expertoordeel;1980-01-01;3;;3;Libellen;Libellulidae;2026-07-08;634;S;zeldzaam
326000383;326000383;Zwarte heidelibel;Sympetrum danae;2024-08-27;8;2024-08-27;1;ter plaatse;onbekend;imago;onbekend;222961.8412042132;217499.286139722;5.414054319267548;51.26275663268903;FS6881;Neerpelt - Het Hageven;Lommel;Lommel;Limburg;iObs;J;Goedgekeurd op basis van kennisregels - nabijheid;1980-01-01;3;;4;Libellen;Libellulidae;2026-07-08;634;S;zeldzaam
287083155;287083155;Zwarte heidelibel;Sympetrum danae;2023-09-06;9;2023-09-06;1;ter plaatse;onbekend;imago;Man;177627.45931800528;218470.08335070036;4.764662742614746;51.27544021606445;FS2381;Oostmalle/Zoersel - Vliegveld (Niet toegankelijk);Malle;Oostmalle;Antwerpen;ObsMapp;J;Goedgekeurd op basis van expertoordeel;1980-01-01;3;;3;Libellen;Libellulidae;2026-07-08;634;S;zeldzaam
290820824;290820824;Zwarte heidelibel;Sympetrum danae;2023-10-15;10;2023-10-16;1;ter plaatse;gezien;imago;Man;155511.49393049732;231862.28465679477;4.447945594787598;51.396446228027344;FS0094;Grenspark Kalmthoutse Heide - Markgraaf;Kalmthout;Kalmthout;Antwerpen;ObsMapp;J;Goedgekeurd op basis van kennisregels - nabijheid;1980-01-01;3;;3;Libellen;Libellulidae;2026-07-08;634;S;zeldzaam
199453637;199453637;Zwarte heidelibel;Sympetrum danae;2020-09-02;9;2020-09-02;1;ter plaatse;gezien;imago;Man;153911.29346404385;232769.52634159103;4.42496490478516;51.4046134948731;ES9995;Grenspark Kalmthoutse Heide - Drielingvennen;Kalmthout;Kalmthout;Antwerpen;ObsMapp;J;Goedgekeurd op basis van expertoordeel;2007-01-01;3;;25;Libellen;Libellulidae;2026-07-08;634;S;zeldzaam
316133288;316133288;Zwarte heidelibel;Sympetrum danae;2024-06-25;6;2024-06-25;1;ter plaatse;onbekend;imago, niet uitgekleurd;onbekend;206008.6004638216;219914.1443704823;5.171567916870117;51.28635787963867;FS5183;Postel - Omgeving Ronde Put;Mol;Mol;Antwerpen;ObsMapp;J;Goedgekeurd op basis van kennisregels - nabijheid;1980-01-01;3;;6;Libellen;Libellulidae;2026-07-08;634;S;zeldzaam
219859080;219859080;Zwarte heidelibel;Sympetrum danae;2021-07-11;7;2021-07-13;1;ter plaatse;onbekend;imago;Vrouw;161249.8491423739;234423.44950352423;4.530471;51.419381;FS0697;Kalmthout - Hanneke Wiewau;Kalmthout;Kalmthout;Antwerpen;Site;J;Goedgekeurd op basis van bewijsmateriaal;1980-01-01;3;;25;Libellen;Libellulidae;2026-07-08;634;S;zeldzaam
316133290;316133290;Zwarte heidelibel;Sympetrum danae;2024-06-25;6;2024-06-25;1;ter plaatse;onbekend;imago, niet uitgekleurd;onbekend;205950.48795586347;220153.3238511691;5.170772075653076;51.28851318359375;FS5184;Postel - Ronde Put;Mol;Mol;Antwerpen;ObsMapp;J;Goedgekeurd op basis van kennisregels - nabijheid;1980-01-01;3;;3;Libellen;Libellulidae;2026-07-08;634;S;zeldzaam
251316668;251316668;Zwarte heidelibel;Sympetrum danae;2022-08-02;8;2022-08-04;1;ter plaatse;onbekend;imago;Man;210761.49598806116;207260.2385558505;5.2375646;51.172146;FS5671;Balen - De Most;Balen;Balen;Antwerpen;Site;J;Goedgekeurd op basis van bewijsmateriaal;1980-01-01;3;Foto van Joris Van Mechelen;7;Libellen;Libellulidae;2026-07-08;634;S;zeldzaam
250969057;250969057;Zwarte heidelibel;Sympetrum danae;2022-07-31;7;2022-07-31;1;ter plaatse;onbekend;imago;Man;204877.0711903101;220112.11986342535;5.15538024902344;51.2882461547852;FS5084;Postel - Omgeving Ronde Put;Mol;Mol;Antwerpen;ObsMapp;J;Goedgekeurd op basis van kennisregels - nabijheid;2007-01-01;3;;3;Libellen;Libellulidae;2026-07-08;634;S;zeldzaam
250969056;250969056;Zwarte heidelibel;Sympetrum danae;2022-07-31;7;2022-07-31;1;ter plaatse;onbekend;imago, niet uitgekleurd;Man;204846.2341396465;220133.86375833675;5.15494155883789;51.288444519043;FS5084;Postel - Omgeving Ronde Put;Mol;Mol;Antwerpen;ObsMapp;J;Goedgekeurd op basis van kennisregels - nabijheid;2007-01-01;3;;3;Libellen;Libellulidae;2026-07-08;634;S;zeldzaam
250969055;250969055;Zwarte heidelibel;Sympetrum danae;2022-07-31;7;2022-07-31;2;ter plaatse;onbekend;imago;Man;204831.44956267436;220132.00934532005;5.15472936630249;51.2884292602539;FS5084;Postel - Omgeving Ronde Put;Mol;Mol;Antwerpen;ObsMapp;J;Goedgekeurd op basis van kennisregels - nabijheid;2007-01-01;3;;3;Libellen;Libellulidae;2026-07-08;634;S;zeldzaam
250969053;250969053;Zwarte heidelibel;Sympetrum danae;2022-07-31;7;2022-07-31;2;ter plaatse;onbekend;imago;Man;204764.9223167536;220156.34678178;5.15377950668335;51.2886543273926;FS5084;Postel - Omgeving Ronde Put;Mol;Mol;Antwerpen;ObsMapp;J;Goedgekeurd op basis van kennisregels - nabijheid;2007-01-01;3;;3;Libellen;Libellulidae;2026-07-08;634;S;zeldzaam
250969052;250969052;Zwarte heidelibel;Sympetrum danae;2022-07-31;7;2022-07-31;1;ter plaatse;onbekend;imago;Vrouw;204868.6865012587;220140.4683219232;5.15526437759399;51.288501739502;FS5084;Postel - Omgeving Ronde Put;Mol;Mol;Antwerpen;ObsMapp;J;Goedgekeurd op basis van kennisregels - nabijheid;2007-01-01;3;;4;Libellen;Libellulidae;2026-07-08;634;S;zeldzaam
251811096;251811096;Zwarte heidelibel;Sympetrum danae;2022-08-05;8;2022-08-09;1;ter plaatse;onbekend;imago;onbekend;217081.9185690729;197040.50685151573;5.3260434139569535;51.07959163845617;FS6261;Koersel - Koerselse heide noord;Beringen;Koersel;Limburg;iObs;J;Goedgekeurd op basis van kennisregels - nabijheid;2007-01-01;3;;5;Libellen;Libellulidae;2026-07-08;634;S;zeldzaam
250938744;250938744;Zwarte heidelibel;Sympetrum danae;2022-07-31;7;2022-07-31;1;ter plaatse;onbekend;imago;Man;204886.29938767597;220128.44503458403;5.155515;51.288392;FS5084;Postel - Omgeving Ronde Put;Mol;Mol;Antwerpen;ObsIdentify;J;Goedgekeurd op basis van bewijsmateriaal;1980-01-01;3;;999;Libellen;Libellulidae;2026-07-08;634;S;zeldzaam
320481739;320481739;Zwarte heidelibel;Sympetrum danae;2024-07-22;7;2024-07-22;3;ter plaatse;onbekend;imago;Man;180165.07718452785;222411.0143159302;4.801355838775635;51.310733795166016;FS2585;Beerse - Duivelskuil - Noord;Beerse;Vlimmeren;Antwerpen;ObsMapp;J;Goedgekeurd op basis van kennisregels - nabijheid;1980-01-01;3;;3;Libellen;Libellulidae;2026-07-08;634;S;zeldzaam
320481756;320481756;Zwarte heidelibel;Sympetrum danae;2024-07-22;7;2024-07-22;1;ter plaatse;onbekend;imago;Man;180142.49107647437;222269.97334281448;4.80102014541626;51.30946731567383;FS2585;Beerse - Duivelskuil;Beerse;Vlimmeren;Antwerpen;ObsMapp;J;Goedgekeurd op basis van kennisregels - nabijheid;1980-01-01;3;;3;Libellen;Libellulidae;2026-07-08;634;S;zeldzaam
320481775;320481775;Zwarte heidelibel;Sympetrum danae;2024-07-22;7;2024-07-22;5;ter plaatse;onbekend;imago;onbekend;180067.3869863237;222262.32074367348;4.799942493438721;51.30940246582031;FS2585;Beerse - Duivelskuil;Beerse;Vlimmeren;Antwerpen;ObsMapp;J;Goedgekeurd op basis van kennisregels - nabijheid;1980-01-01;3;;3;Libellen;Libellulidae;2026-07-08;634;S;zeldzaam
284168122;284168122;Zwarte heidelibel;Sympetrum danae;2023-08-13;8;2023-08-13;4;ter plaatse;onbekend;imago, niet uitgekleurd;onbekend;180931.28324426417;218014.1965436805;4.8119667917490005;51.27117461660556;FS2681;Lille - Visbeekvallei - Lilse Zegge;Lille;Lille;Antwerpen;ObsMapp;J;Goedgekeurd op basis van kennisregels - nabijheid;1980-01-01;3;;5;Libellen;Libellulidae;2026-07-08;634;S;zeldzaam
252108375;252108375;Zwarte heidelibel;Sympetrum danae;2022-08-12;8;2022-08-12;1;ter plaatse;onbekend;onbekend;Vrouw;179681.23222523986;215304.3447868647;4.7938328;51.246884;FS2578;Lille - Kindernouwbeekvallei - Zulven;Lille;Wechelderzande;Antwerpen;Site;J;Goedgekeurd op basis van kennisregels - nabijheid;1980-01-01;3;Vrouwtje of niet uitgekleurd;15;Libellen;Libellulidae;2026-07-08;634;S;zeldzaam
256286504;256286504;Zwarte heidelibel;Sympetrum danae;2022-10-06;10;2022-10-06;1;ter plaatse;onbekend;imago;Man;180881.8130669242;239266.70195906985;4.813083;51.462188;FT2502;Meerle - Den Rooy;Hoogstraten;Meerle;Antwerpen;ObsIdentify;J;Goedgekeurd op basis van bewijsmateriaal;1980-01-01;4;;5;Libellen;Libellulidae;2026-07-08;634;S;zeldzaam
224176410;224176410;Zwarte heidelibel;Sympetrum danae;2021-08-28;8;2021-08-28;1;ter plaatse;gezien;imago;onbekend;195343.07196266283;228278.77526023705;5.0197526;51.362475;FS4092;Ravels - Het Kijkverdriet;Ravels;Ravels;Antwerpen;Site;J;Goedgekeurd op basis van expertoordeel;1980-01-01;3;;5;Libellen;Libellulidae;2026-07-08;634;S;zeldzaam
268896690;268896690;Zwarte heidelibel;Sympetrum danae;2022-06-23;6;2023-04-24;1;ter plaatse;gezien;imago;onbekend;205893.08241560665;220242.02828108703;5.1699630000000525;51.289316;FS5184;Postel - Ronde Put;Mol;Mol;Antwerpen;Site;J;Goedgekeurd op basis van kennisregels - nabijheid;1980-01-01;3;;30;Libellen;Libellulidae;2026-07-08;634;S;zeldzaam
268896261;268896261;Zwarte heidelibel;Sympetrum danae;2022-06-23;6;2023-04-24;1;ter plaatse;gezien;imago;onbekend;204986.97949835716;220042.61662699652;5.156944999999951;51.287611;FS5084;Postel - Ronde Put;Mol;Mol;Antwerpen;Site;J;Goedgekeurd op basis van kennisregels - nabijheid;1980-01-01;3;;30;Libellen;Libellulidae;2026-07-08;634;S;zeldzaam
268896063;268896063;Zwarte heidelibel;Sympetrum danae;2022-06-23;6;2023-04-24;1;ter plaatse;gezien;imago;onbekend;205042.81854874128;220138.78592966776;5.157760000000053;51.28847;FS5084;Postel - Ronde Put;Mol;Mol;Antwerpen;Site;J;Goedgekeurd op basis van kennisregels - nabijheid;1980-01-01;3;;30;Libellen;Libellulidae;2026-07-08;634;S;zeldzaam
315934148;315934148;Zwarte heidelibel;Sympetrum danae;2024-06-24;6;2024-06-24;20;ter plaatse;onbekend;imago;onbekend;205659.31763033743;220324.1809401447;5.166625000000067;51.290077;FS5184;Postel - Ronde Put;Mol;Mol;Antwerpen;ObsMapp;J;Goedgekeurd op basis van kennisregels - automatische beeldherkenning (NIA);1980-01-01;4;;1;Libellen;Libellulidae;2026-07-08;634;S;zeldzaam
316619681;316619681;Zwarte heidelibel;Sympetrum danae;2024-06-28;6;2024-06-28;1;ter plaatse;onbekend;imago;onbekend;196089.9730688359;224331.4395488426;5.029970169067383;51.32693862915039;FS4188;Landschap De Liereman - Hoge Mierdse Heide;Oud-Turnhout;Oud-Turnhout;Antwerpen;ObsMapp;J;Goedgekeurd op basis van expertoordeel;1980-01-01;4;;1;Libellen;Libellulidae;2026-07-08;634;S;zeldzaam
252421555;252421555;Zwarte heidelibel;Sympetrum danae;2022-08-15;8;2022-08-15;1;ter plaatse;onbekend;onbekend;Man;210795.4225180573;207274.20970833956;5.238052;51.172268;FS5671;Balen - De Most;Balen;Balen;Antwerpen;Site;J;Goedgekeurd op basis van bewijsmateriaal;1980-01-01;4;;25;Libellen;Libellulidae;2026-07-08;634;S;zeldzaam
284599540;284599540;Zwarte heidelibel;Sympetrum danae;2023-08-16;8;2023-08-17;2;ter plaatse;onbekend;imago;Man;222538.5735272641;216694.9166228408;5.407829761505127;51.25558090209961;FS6881;Neerpelt - Het Hageven;Lommel;Lommel;Limburg;ObsMapp;J;Goedgekeurd op basis van kennisregels - nabijheid;2025-09-17;4;;3;Libellen;Libellulidae;2026-07-08;634;S;zeldzaam
228509910;228509910;Zwarte heidelibel;Sympetrum danae;2021-10-29;10;2021-10-29;2;ter plaatse;onbekend;imago;Man;176288.71499113168;215226.09239960465;4.74524259567261;51.2463455200195;FS2178;Oostmalle - Blommerschot;Malle;Oostmalle;Antwerpen;ObsMapp;J;Goedgekeurd op basis van expertoordeel;2007-01-01;4;;3;Libellen;Libellulidae;2026-07-08;634;S;zeldzaam
250002841;250002841;Zwarte heidelibel;Sympetrum danae;2022-07-22;7;2022-07-23;1;ter plaatse;onbekend;imago;Man;198919.79015491292;212740.3391450569;5.06899499893188;51.222526550293;FS4476;Dessel - Steenhei/Terreinen Niras;Dessel;Dessel;Antwerpen;ObsMapp;J;Goedgekeurd op basis van expertoordeel;2007-01-01;4;;3;Libellen;Libellulidae;2026-07-08;634;S;zeldzaam
