wn_id;unieke_id;naam_nl;naam_lat;datum;maand;invoerdatum;aantal;gedrag;methode;kleed;geslacht;x;y;lon;lat;utm1;gebied;gemeente;deelgemeente;provincie;typewaarneming;zeker;status;embargo_datum;toestemming_wnr;bijzonderheden;precisie;soortgroep;familie;aanleverdatum;id_species;id_species_type;zeldzaamheid
191999092;191999092;Beekrombout;Gomphus vulgatissimus;2020-05-21;5;2020-05-21;8;ter plaatse;onbekend;imago;onbekend;207281.51917430115;214707.50269384772;5.188987;51.239437;FS5278;Mol - Den Diel - West - Ten zuiden van beek;Mol;Mol;Antwerpen;Site;J;Goedgekeurd op basis van bewijsmateriaal;1980-01-01;4;;25;Libellen;Gomphidae;2026-07-08;603;S;zeldzaam
401791227;401791227;Beekrombout;Gomphus vulgatissimus;2026-05-29;5;2026-05-29;1;ter plaatse;gezien;imago;Man;207241.84347505932;213507.2094695242;5.188229084014893;51.22865295410156;FS5277;Mol - Klein Verkallen;Mol;Mol;Antwerpen;ObsMapp;J;Goedgekeurd op basis van bewijsmateriaal;1980-01-01;3;;6;Libellen;Gomphidae;2026-07-08;603;S;zeldzaam
349223375;349223375;Beekrombout;Gomphus vulgatissimus;2025-05-08;5;2025-05-08;1;ter plaatse;onbekend;imago;Man;208205.4688405497;213574.69192113265;5.202034000000026;51.229163;FS5377;Mol - Klein Verkallen;Mol;Mol;Antwerpen;Site;J;Goedgekeurd op basis van bewijsmateriaal;1980-01-01;3;;14;Libellen;Gomphidae;2026-07-08;603;S;zeldzaam
191348243;191348243;Beekrombout;Gomphus vulgatissimus;2020-05-14;5;2020-05-14;1;ter plaatse;onbekend;imago;onbekend;222236.59377351112;215908.0119182952;5.40334749221802;51.2485466003418;FS6780;  ;Neerpelt;Neerpelt;Limburg;ObsMapp;J;Goedgekeurd op basis van bewijsmateriaal;2007-01-01;3;;25;Libellen;Gomphidae;2026-07-08;603;S;zeldzaam
274260393;274260393;Beekrombout;Gomphus vulgatissimus;2023-05-31;5;2023-05-31;1;ter plaatse;gezien;imago;Man;179005.86923288525;208405.5257241903;4.783608;51.18491;FS2471;Vorselaar - Schupleer en omgeving;Vorselaar;Vorselaar;Antwerpen;ObsMapp;J;Goedgekeurd op basis van bewijsmateriaal;1980-01-01;3;;4;Libellen;Gomphidae;2026-07-08;603;S;zeldzaam
351409967;351409967;Beekrombout;Gomphus vulgatissimus;2025-05-19;5;2025-05-19;2;ter plaatse;gezien;imago;Man;207259.32907249263;213416.99906429648;5.188465118408203;51.227840423583984;FS5277;Mol - Klein Verkallen;Mol;Mol;Antwerpen;ObsMapp;J;Goedgekeurd op basis van bewijsmateriaal;1980-01-01;3;;4;Libellen;Gomphidae;2026-07-08;603;S;zeldzaam
241623603;241623603;Beekrombout;Gomphus vulgatissimus;2022-05-14;5;2022-05-15;2;ter plaatse;onbekend;imago;onbekend;207267.9598134825;214697.6729799341;5.1887913;51.23935;FS5278;Mol - Den Diel - West - Ten zuiden van beek;Mol;Mol;Antwerpen;Site;J;Goedgekeurd op basis van bewijsmateriaal;1980-01-01;4;;7;Libellen;Gomphidae;2026-07-08;603;S;zeldzaam
244206217;244206217;Beekrombout;Gomphus vulgatissimus;2022-06-04;6;2022-06-04;1;ter plaatse;onbekend;imago;Man;207280.6509773444;214697.59075336624;5.188973;51.239348;FS5278;Mol - Den Diel - West - Ten zuiden van beek;Mol;Mol;Antwerpen;Site;J;Goedgekeurd op basis van bewijsmateriaal;1980-01-01;4;;25;Libellen;Gomphidae;2026-07-08;603;S;zeldzaam
241625701;241625701;Beekrombout;Gomphus vulgatissimus;2022-05-14;5;2022-05-15;1;ter plaatse;onbekend;imago;Man;207279.45691049483;214701.36046887003;5.1889565;51.239382;FS5278;Mol - Den Diel - West - Ten zuiden van beek;Mol;Mol;Antwerpen;Site;J;Goedgekeurd op basis van bewijsmateriaal;1980-01-01;4;;7;Libellen;Gomphidae;2026-07-08;603;S;zeldzaam
400167591;400167591;Beekrombout;Gomphus vulgatissimus;2026-05-23;5;2026-05-23;1;ter plaatse;gezien;imago;Vrouw;207283.4111175768;214691.7800014149;5.1890116;51.2392955;FS5278;Mol - Den Diel - West - Ten zuiden van beek;Mol;Mol;Antwerpen;Observation;J;Goedgekeurd op basis van bewijsmateriaal;1980-01-01;3;;5;Libellen;Gomphidae;2026-07-08;603;S;zeldzaam
216923738;216923738;Beekrombout;Gomphus vulgatissimus;2021-06-13;6;2021-06-13;1;ter plaatse;gezien;imago;onbekend;207023.61150925307;213131.7482570941;5.185046;51.2253;FS5277;Mol - Klein Verkallen;Mol;Mol;Antwerpen;ObsMapp;J;Goedgekeurd op basis van bewijsmateriaal;2007-01-01;3;Heeft venwitsnuit gevangen.;999;Libellen;Gomphidae;2026-07-08;603;S;zeldzaam
214676312;214676312;Beekrombout;Gomphus vulgatissimus;2021-05-20;5;2021-05-24;1;ter plaatse;onbekend;onbekend;onbekend;208118.38627053707;213611.96447950788;5.2007934039476185;51.22950678246923;FS5377;Molse zandputten - Zandput Rauw;Mol;Mol;Antwerpen;iObs;J;Goedgekeurd op basis van expertoordeel;2007-01-01;3;;6;Libellen;Gomphidae;2026-07-08;603;S;zeldzaam
349863935;349863935;Beekrombout;Gomphus vulgatissimus;2025-05-11;5;2025-05-11;2;ter plaatse;gezien;imago;Man;179002.31820113378;208402.09066068757;4.783556938171387;51.18487930297852;FS2471;Vorselaar - Schupleer en omgeving;Vorselaar;Vorselaar;Antwerpen;ObsMapp;J;Goedgekeurd op basis van bewijsmateriaal;1980-01-01;3;;4;Libellen;Gomphidae;2026-07-08;603;S;zeldzaam
191729500;191729500;Beekrombout;Gomphus vulgatissimus;2020-05-18;5;2020-05-19;3;ter plaatse;onbekend;onbekend;onbekend;179021.1263724393;208395.40548024792;4.78382539749146;51.1848182678223;FS2471;Vorselaar - Heiken;Vorselaar;Vorselaar;Antwerpen;ObsMapp;J;Goedgekeurd op basis van expertoordeel;2007-01-01;3;;25;Libellen;Gomphidae;2026-07-08;603;S;zeldzaam
199095034;199095034;Beekrombout;Gomphus vulgatissimus;2020-06-01;6;2020-08-26;1;ter plaatse;onbekend;imago;Man;178854.6769493388;208413.3891639877;4.78144627064466;51.1849882648923;FS2471;Vorselaar - Schupleer en omgeving;Vorselaar;Vorselaar;Antwerpen;copied observation;J;Goedgekeurd op basis van expertoordeel;2007-01-01;3;;25;Libellen;Gomphidae;2026-07-08;603;S;zeldzaam
350828859;350828859;Beekrombout;Gomphus vulgatissimus;2025-05-16;5;2025-05-17;1;ter plaatse;gezien;imago;Vrouw;208416.1689873999;213633.850942133;5.2050597;51.2296734;FS5377;Molse zandputten - Zandput Rauw;Mol;Mol;Antwerpen;Observation;J;Goedgekeurd op basis van bewijsmateriaal;1980-01-01;3;;5;Libellen;Gomphidae;2026-07-08;603;S;zeldzaam
349223605;349223605;Beekrombout;Gomphus vulgatissimus;2025-05-08;5;2025-05-08;1;ter plaatse;onbekend;imago;Man;208711.7126299268;214489.7696821988;5.209429264068604;51.23733617873266;FS5478;Molse zandputten - Zandput Rauw;Mol;Mol;Antwerpen;Site;J;Goedgekeurd op basis van bewijsmateriaal;1980-01-01;3;;30;Libellen;Gomphidae;2026-07-08;603;S;zeldzaam
192777249;192777249;Beekrombout;Gomphus vulgatissimus;2020-05-30;5;2020-05-30;1;ter plaatse;onbekend;imago;onbekend;209293.47482977292;219949.0779630113;5.218654;51.286343;FS5484;Postel;Mol;Mol;Antwerpen;ObsMapp;J;Goedgekeurd op basis van expertoordeel;2007-01-01;3;;25;Libellen;Gomphidae;2026-07-08;603;S;zeldzaam
335433065;335433065;Beekrombout;Gomphus vulgatissimus;2024-12-18;12;2024-12-18;1;ter plaatse;schepnet;larve/nimf;onbekend;226897.43146438443;220311.35543119532;5.471028327941895;51.28751754760742;FS7284;Hamont-Achel - Buitenheide - Drie Bogen;Hamont-Achel;Achel;Limburg;ObsMapp;J;Goedgekeurd op basis van expertoordeel;2025-03-18;3;;2;Libellen;Gomphidae;2026-07-08;603;S;zeldzaam
335433063;335433063;Beekrombout;Gomphus vulgatissimus;2024-12-18;12;2024-12-18;3;ter plaatse;schepnet;larve/nimf;onbekend;226933.943399914;220314.86918318924;5.47155237197876;51.28754425048828;FS7284;Hamont-Achel - Buitenheide - Drie Bogen;Hamont-Achel;Achel;Limburg;ObsMapp;J;Goedgekeurd op basis van expertoordeel;2025-03-18;3;;2;Libellen;Gomphidae;2026-07-08;603;S;zeldzaam
247407350;247407350;Beekrombout;Gomphus vulgatissimus;2022-06-28;6;2022-06-30;1;ter plaatse;onbekend;imago;Man;207218.27448195947;214691.33838180453;5.1880789;51.239298;FS5278;Mol - Den Diel - West - Ten zuiden van beek;Mol;Mol;Antwerpen;Site;J;Goedgekeurd op basis van bewijsmateriaal;1980-01-01;3;;25;Libellen;Gomphidae;2026-07-08;603;S;zeldzaam
216936601;216936601;Beekrombout;Gomphus vulgatissimus;2021-06-13;6;2021-06-13;1;ter plaatse;gezien;imago;Man;179006.5483031604;208396.62913715;4.783617;51.18483;FS2471;Vorselaar - Schupleer en omgeving;Vorselaar;Vorselaar;Antwerpen;ObsMapp;J;Goedgekeurd op basis van bewijsmateriaal;2007-01-01;3;;5;Libellen;Gomphidae;2026-07-08;603;S;zeldzaam
192777248;192777248;Beekrombout;Gomphus vulgatissimus;2020-05-30;5;2020-05-30;1;ter plaatse;onbekend;imago;Man;209293.47482977292;219949.0779630113;5.218654;51.286343;FS5484;Postel;Mol;Mol;Antwerpen;ObsMapp;J;Goedgekeurd op basis van expertoordeel;2007-01-01;3;;25;Libellen;Gomphidae;2026-07-08;603;S;zeldzaam
390514276;390514276;Beekrombout;Gomphus vulgatissimus;2026-04-03;4;2026-04-03;9;ter plaatse;schepnet;larve/nimf;onbekend;228242.30788004436;220772.52570580784;5.490403175354004;51.291481018066406;FS7385;Hamont-Achel - Beverbeek KULeuven;Hamont-Achel;Achel;Limburg;ObsMapp;J;Goedgekeurd op basis van expertoordeel;2026-09-03;3;;2;Libellen;Gomphidae;2026-07-08;603;S;zeldzaam
308713727;308713727;Beekrombout;Gomphus vulgatissimus;2024-05-10;5;2024-05-10;1;ter plaatse;gezien;imago, niet uitgekleurd;Man;207251.70711624945;214327.3240744369;5.188499999999976;51.236023;FS5278;Molse zandputten - Natuurreservaat De Maat;Mol;Mol;Antwerpen;ObsIdentify;J;Goedgekeurd op basis van bewijsmateriaal;1980-01-01;3;;10;Libellen;Gomphidae;2026-07-08;603;S;zeldzaam
397184999;397184999;Beekrombout;Gomphus vulgatissimus;2026-05-08;5;2026-05-08;1;ter plaatse;onbekend;imago;Man;222585.95795804937;216099.69335362595;5.408388976922197;51.25022543188879;FS6880;Neerpelt - Het Hageven - Verkeerde lievenheer;Neerpelt;Neerpelt;Limburg;Site;J;Goedgekeurd op basis van bewijsmateriaal;1980-01-01;3;;4;Libellen;Gomphidae;2026-07-08;603;S;zeldzaam
401791225;401791225;Beekrombout;Gomphus vulgatissimus;2026-05-29;5;2026-05-29;1;ter plaatse;gezien;imago;Man;207264.56576058985;213521.8911304297;5.188556671142578;51.228782653808594;FS5277;Mol - Klein Verkallen;Mol;Mol;Antwerpen;ObsMapp;J;Goedgekeurd op basis van bewijsmateriaal;1980-01-01;3;;3;Libellen;Gomphidae;2026-07-08;603;S;zeldzaam
349863949;349863949;Beekrombout;Gomphus vulgatissimus;2025-05-11;5;2025-05-11;1;ter plaatse;gezien;imago;Man;179253.2018289051;208361.4845975414;4.787141799926758;51.18450164794922;FS2471;BW062 Kleine Nete Vorselaar;Vorselaar;Vorselaar;Antwerpen;ObsMapp;J;Goedgekeurd op basis van bewijsmateriaal;1980-01-01;3;;8;Libellen;Gomphidae;2026-07-08;603;S;zeldzaam
217050385;217050385;Beekrombout;Gomphus vulgatissimus;2021-06-14;6;2021-06-14;1;ter plaatse;gezien;imago;Man;179004.32854660825;208405.96212173623;4.783586;51.184914;FS2471;Vorselaar - Schupleer en omgeving;Vorselaar;Vorselaar;Antwerpen;ObsMapp;J;Goedgekeurd op basis van bewijsmateriaal;2007-01-01;3;;7;Libellen;Gomphidae;2026-07-08;603;S;zeldzaam
275418192;275418192;Beekrombout;Gomphus vulgatissimus;2023-06-08;6;2023-06-08;1;ter plaatse;gezien;imago;Man;209273.11335322377;219917.57931773923;5.218356999999969;51.286062;FS5483;Postel;Mol;Mol;Antwerpen;iObs;J;Goedgekeurd op basis van bewijsmateriaal;1980-01-01;3;;6;Libellen;Gomphidae;2026-07-08;603;S;zeldzaam
191409151;191409151;Beekrombout;Gomphus vulgatissimus;2020-05-15;5;2020-05-15;1;ter plaatse;gezien;imago;onbekend;177777.69306662388;209414.80041401368;4.76611995697021;51.1940422058105;FS2372;Vorselaar - Schupleer en omgeving;Vorselaar;Vorselaar;Antwerpen;ObsMapp;J;Goedgekeurd op basis van bewijsmateriaal;2007-01-01;3;;25;Libellen;Gomphidae;2026-07-08;603;S;zeldzaam
350753519;350753519;Beekrombout;Gomphus vulgatissimus;2025-05-16;5;2025-05-16;2;ter plaatse;gezien;imago;onbekend;179008.34077891152;208404.24638157152;4.7836432456970215;51.18489837646485;FS2471;Vorselaar - Heiken;Vorselaar;Vorselaar;Antwerpen;ObsMapp;J;Goedgekeurd op basis van bewijsmateriaal;1980-01-01;3;;5;Libellen;Gomphidae;2026-07-08;603;S;zeldzaam
351409955;351409955;Beekrombout;Gomphus vulgatissimus;2025-05-19;5;2025-05-19;1;ter plaatse;gezien;imago;onbekend;207261.3703728064;213563.8743988564;5.1885175704956055;51.22916030883789;FS5277;Mol - Klein Verkallen;Mol;Mol;Antwerpen;ObsMapp;J;Goedgekeurd op basis van expertoordeel;1980-01-01;3;;5;Libellen;Gomphidae;2026-07-08;603;S;zeldzaam
243295267;243295267;Beekrombout;Gomphus vulgatissimus;2022-05-28;5;2022-05-28;1;ter plaatse;gezien;imago;Man;178999.73325503254;208402.4875086565;4.78352;51.184883;FS2471;Vorselaar - Schupleer en omgeving;Vorselaar;Vorselaar;Antwerpen;ObsMapp;J;Goedgekeurd op basis van bewijsmateriaal;2007-01-01;3;;5;Libellen;Gomphidae;2026-07-08;603;S;zeldzaam
191987107;191987107;Beekrombout;Gomphus vulgatissimus;2020-05-21;5;2020-05-21;5;ter plaatse;onbekend;onbekend;Vrouw;207289.3393084973;214682.55917137023;5.18909502029419;51.2392120361328;FS5278;Mol - Kempisch kanaal - Kanaal thv Molse zandputten;Mol;Mol;Antwerpen;ObsMapp;J;Goedgekeurd op basis van expertoordeel;2007-01-01;4;;25;Libellen;Gomphidae;2026-07-08;603;S;zeldzaam
199095036;199095036;Beekrombout;Gomphus vulgatissimus;2020-06-01;6;2020-08-26;1;ter plaatse;onbekend;imago;Man;179016.94950006172;208403.02135864832;4.78376626968384;51.184886932373;FS2471;Vorselaar - Heiken;Vorselaar;Vorselaar;Antwerpen;copied observation;J;Goedgekeurd op basis van expertoordeel;2007-01-01;3;;25;Libellen;Gomphidae;2026-07-08;603;S;zeldzaam
311512960;311512960;Beekrombout;Gomphus vulgatissimus;2024-05-25;5;2024-05-25;1;ter plaatse;onbekend;imago;Man;207591.2435268116;214834.4575884733;5.193441867828369;51.24054718017578;FS5378;Mol - Den Diel - Ten zuiden van Sprietputten;Mol;Mol;Antwerpen;ObsMapp;J;Goedgekeurd op basis van bewijsmateriaal;1980-01-01;3;;3;Libellen;Gomphidae;2026-07-08;603;S;zeldzaam
311514934;311514934;Beekrombout;Gomphus vulgatissimus;2024-05-25;5;2024-05-25;1;ter plaatse;onbekend;imago;Vrouw;207628.0955074808;214837.4063615296;5.193970000000036;51.24057;FS5378;Mol - Den Diel - Ten zuiden van Sprietputten;Mol;Mol;Antwerpen;copied observation;J;Goedgekeurd op basis van bewijsmateriaal;1980-01-01;3;;3;Libellen;Gomphidae;2026-07-08;603;S;zeldzaam
357904571;357904571;Beekrombout;Gomphus vulgatissimus;2025-04-23;4;2025-06-21;1;ter plaatse;onbekend;imago;Man;207902.1585597153;212111.8841459835;5.197458229959011;51.21604608491293;FS5376;Mol - Rauw;Mol;Mol;Antwerpen;ObsMapp;J;Goedgekeurd op basis van bewijsmateriaal;1980-01-01;3;;5;Libellen;Gomphidae;2026-07-08;603;S;zeldzaam
349425529;349425529;Beekrombout;Gomphus vulgatissimus;2025-05-09;5;2025-05-09;1;ter plaatse;gezien;imago;Vrouw;207252.03846793424;213642.715300967;5.188396453857422;51.2298698425293;FS5277;Molse zandputten - Natuurreservaat De Maat;Mol;Mol;Antwerpen;ObsMapp;J;Goedgekeurd op basis van bewijsmateriaal;1980-01-01;3;;2;Libellen;Gomphidae;2026-07-08;603;S;zeldzaam
347559434;347559434;Beekrombout;Gomphus vulgatissimus;2025-04-30;4;2025-04-30;1;ter plaatse;gezien;larvenhuidje;onbekend;226865.8160814652;220276.0800723154;5.47056770324707;51.28720474243164;FS7284;Hageven met Dommelvallei Beverbeekse Heide Warmbeek en Wateringen - N2000;Hamont-Achel;Achel;Limburg;ObsMapp;J;Goedgekeurd op basis van expertoordeel;1980-01-01;3;;1;Libellen;Gomphidae;2026-07-08;603;S;zeldzaam
241790139;241790139;Beekrombout;Gomphus vulgatissimus;2022-05-15;5;2022-05-16;1;ter plaatse;onbekend;imago;Man;207224.36838039476;214685.23660744636;5.18816518783569;51.2392425537109;FS5278;Mol - Den Diel - West - Ten zuiden van beek;Mol;Mol;Antwerpen;ObsMapp;J;Goedgekeurd op basis van expertoordeel;2007-01-01;3;;3;Libellen;Gomphidae;2026-07-08;603;S;zeldzaam
309561841;309561841;Beekrombout;Gomphus vulgatissimus;2024-05-14;5;2024-05-14;1;ter plaatse;gezien;imago;Man;207277.48469445523;214680.75514678657;5.18892500000004;51.239197;FS5278;Mol - Den Diel - West - Ten zuiden van beek;Mol;Mol;Antwerpen;Site;J;Goedgekeurd op basis van bewijsmateriaal;1980-01-01;3;;81;Libellen;Gomphidae;2026-07-08;603;S;zeldzaam
309561356;309561356;Beekrombout;Gomphus vulgatissimus;2024-05-14;5;2024-05-14;1;ter plaatse;gezien;imago;Vrouw;207277.48469445523;214680.75514678657;5.18892500000004;51.239197;FS5278;Mol - Den Diel - West - Ten zuiden van beek;Mol;Mol;Antwerpen;iObs;J;Goedgekeurd op basis van bewijsmateriaal;1980-01-01;3;;81;Libellen;Gomphidae;2026-07-08;603;S;zeldzaam
216932881;216932881;Beekrombout;Gomphus vulgatissimus;2021-06-13;6;2021-06-13;1;ter plaatse;gezien;imago;onbekend;207215.79756227703;213398.1129457885;5.187839;51.227675;FS5277;Mol - Klein Verkallen;Mol;Mol;Antwerpen;Site;J;Goedgekeurd op basis van expertoordeel;1980-01-01;3;;25;Libellen;Gomphidae;2026-07-08;603;S;zeldzaam
192468079;192468079;Beekrombout;Gomphus vulgatissimus;2020-05-26;5;2020-05-26;2;ter plaatse;gezien;imago;Man;224515.11632212476;219017.14895670305;5.43661737442017;51.2761993408203;FS6983;Neerpelt - Het Hageven;Neerpelt;Neerpelt;Limburg;ObsMapp;J;Goedgekeurd op basis van expertoordeel;2007-01-01;3;;25;Libellen;Gomphidae;2026-07-08;603;S;zeldzaam
273454836;273454836;Beekrombout;Gomphus vulgatissimus;2023-05-26;5;2023-05-26;1;ter plaatse;gezien;imago, niet uitgekleurd;Vrouw;228233.30993900532;220764.74896620307;5.49027252;51.29141235;FS7385;Hamont-Achel - Beverbeek KULeuven;Hamont-Achel;Achel;Limburg;ObsMapp;J;Goedgekeurd op basis van bewijsmateriaal;1980-01-01;3;;3;Libellen;Gomphidae;2026-07-08;603;S;zeldzaam
351792443;351792443;Beekrombout;Gomphus vulgatissimus;2025-05-21;5;2025-05-21;1;ter plaatse;onbekend;imago;onbekend;207689.74884063404;214893.35656406824;5.1948617;51.2410667;FS5378;Mol - Den Diel;Mol;Mol;Antwerpen;ObsIdentify;J;Goedgekeurd op basis van bewijsmateriaal;1980-01-01;3;;2;Libellen;Gomphidae;2026-07-08;603;S;zeldzaam
191852447;191852447;Beekrombout;Gomphus vulgatissimus;2020-05-20;5;2020-05-20;5;ter plaatse;gezien;imago;onbekend;179021.17302595987;208394.59716105368;4.783826;51.184811;FS2471;Vorselaar - Heiken;Vorselaar;Vorselaar;Antwerpen;ObsMapp;J;Goedgekeurd op basis van expertoordeel;2007-01-01;3;;25;Libellen;Gomphidae;2026-07-08;603;S;zeldzaam
192342225;192342225;Beekrombout;Gomphus vulgatissimus;2020-05-25;5;2020-05-25;4;ter plaatse;onbekend;imago;onbekend;207284.15908154828;214714.33445697743;5.18902588;51.23949814;FS5278;Mol - Den Diel - West - Ten zuiden van beek;Mol;Mol;Antwerpen;ObsMapp;J;Goedgekeurd op basis van expertoordeel;2007-01-01;3;;25;Libellen;Gomphidae;2026-07-08;603;S;zeldzaam
243906759;243906759;Beekrombout;Gomphus vulgatissimus;2022-06-02;6;2022-06-02;1;ter plaatse;onbekend;imago;Man;207278.64453745345;214707.05797047357;5.18894577026367;51.2394332885742;FS5278;Mol - Den Diel - West - Ten zuiden van beek;Mol;Mol;Antwerpen;ObsMapp;J;Goedgekeurd op basis van expertoordeel;2007-01-01;3;;5;Libellen;Gomphidae;2026-07-08;603;S;zeldzaam
192814746;192814746;Beekrombout;Gomphus vulgatissimus;2020-05-30;5;2020-05-30;1;ter plaatse;onbekend;imago;Man;179560.68030686423;208412.45958443265;4.79154348;51.18494415;FS2571;Vorselaar - Heiken;Vorselaar;Vorselaar;Antwerpen;ObsMapp;J;Goedgekeurd op basis van expertoordeel;2007-01-01;3;;25;Libellen;Gomphidae;2026-07-08;603;S;zeldzaam
192929182;192929182;Beekrombout;Gomphus vulgatissimus;2020-05-30;5;2020-05-31;1;ter plaatse;onbekend;imago;Man;207274.0005626657;214705.30558908544;5.188879;51.239418;FS5278;Mol - Den Diel - West - Ten zuiden van beek;Mol;Mol;Antwerpen;Site;J;Goedgekeurd op basis van bewijsmateriaal;1980-01-01;3;;10;Libellen;Gomphidae;2026-07-08;603;S;zeldzaam
349220932;349220932;Beekrombout;Gomphus vulgatissimus;2025-05-08;5;2025-05-08;1;ter plaatse;onbekend;imago;Man;208205.4572156949;213574.71222443503;5.202033836855643;51.2291631836554;FS5377;Mol - Klein Verkallen;Mol;Mol;Antwerpen;iObs;J;Goedgekeurd op basis van bewijsmateriaal;1980-01-01;3;;14;Libellen;Gomphidae;2026-07-08;603;S;zeldzaam
275006356;275006356;Beekrombout;Gomphus vulgatissimus;2023-06-05;6;2023-06-05;1;ter plaatse;gezien;imago;Man;179005.87857172807;208403.8569538109;4.783607999999958;51.184895;FS2471;Vorselaar - Schupleer en omgeving;Vorselaar;Vorselaar;Antwerpen;ObsMapp;J;Goedgekeurd op basis van bewijsmateriaal;1980-01-01;3;;5;Libellen;Gomphidae;2026-07-08;603;S;zeldzaam
191972031;191972031;Beekrombout;Gomphus vulgatissimus;2020-05-17;5;2020-05-21;1;ter plaatse;gezien;imago;Vrouw;179377.8381155339;208483.5689902911;4.78893423080444;51.1855926513672;FS2571;Vorselaar - Heiken;Vorselaar;Vorselaar;Antwerpen;ObsMapp;J;Goedgekeurd op basis van expertoordeel;2007-01-01;3;;25;Libellen;Gomphidae;2026-07-08;603;S;zeldzaam
216938562;216938562;Beekrombout;Gomphus vulgatissimus;2021-06-13;6;2021-06-13;1;ter plaatse;gezien;imago;Man;207023.9871324658;213132.15848403703;5.18505144119263;51.2253036499024;FS5277;Mol - Klein Verkallen;Mol;Mol;Antwerpen;ObsMapp;J;Goedgekeurd op basis van expertoordeel;2007-01-01;3;;4;Libellen;Gomphidae;2026-07-08;603;S;zeldzaam
275880622;275880622;Beekrombout;Gomphus vulgatissimus;2023-06-11;6;2023-06-11;1;overvliegend;onbekend;imago;onbekend;178842.92511524222;208418.60175734945;4.781278610229492;51.185035705566406;FS2471;Vorselaar - Schupleer en omgeving;Grobbendonk;Grobbendonk;Antwerpen;ObsMapp;J;Goedgekeurd op basis van expertoordeel;1980-01-01;3;even langsvliegend;8;Libellen;Gomphidae;2026-07-08;603;S;zeldzaam
216938488;216938488;Beekrombout;Gomphus vulgatissimus;2021-06-13;6;2021-06-13;1;ter plaatse;gezien;imago;onbekend;207213.96497821587;214686.3950064089;5.18801641464233;51.2392539978027;FS5278;Mol - Den Diel - West - Ten zuiden van beek;Mol;Mol;Antwerpen;ObsMapp;J;Goedgekeurd op basis van expertoordeel;2007-01-01;3;;27;Libellen;Gomphidae;2026-07-08;603;S;zeldzaam
217238111;217238111;Beekrombout;Gomphus vulgatissimus;2021-06-13;6;2021-06-16;1;ter plaatse;onbekend;imago;Man;207020.40717174977;213124.47936806452;5.18499898910522;51.2252349853516;FS5277;Mol - Klein Verkallen;Mol;Mol;Antwerpen;ObsMapp;J;Goedgekeurd op basis van expertoordeel;2007-01-01;3;;12;Libellen;Gomphidae;2026-07-08;603;S;zeldzaam
309053674;309053674;Beekrombout;Gomphus vulgatissimus;2024-05-10;5;2024-05-11;1;ter plaatse;gezien;imago;onbekend;207240.6094870594;214336.5332992999;5.188342571258545;51.236106872558594;FS5278;Molse zandputten - Natuurreservaat De Maat;Mol;Mol;Antwerpen;ObsMapp;J;Goedgekeurd op basis van expertoordeel;1980-01-01;3;;3;Libellen;Gomphidae;2026-07-08;603;S;zeldzaam
353333853;353333853;Beekrombout;Gomphus vulgatissimus;2025-05-30;5;2025-05-30;1;ter plaatse;gezien;imago;Man;179008.3097277011;208397.88015467397;4.783642292022705;51.18484115600586;FS2471;Vorselaar - Schupleer en omgeving;Vorselaar;Vorselaar;Antwerpen;ObsMapp;J;Goedgekeurd op basis van bewijsmateriaal;1980-01-01;3;;2;Libellen;Gomphidae;2026-07-08;603;S;zeldzaam
215351532;215351532;Beekrombout;Gomphus vulgatissimus;2021-05-30;5;2021-05-30;1;ter plaatse;onbekend;imago;Vrouw;222365.68183979444;216294.50729538596;5.4052734;51.252004;FS6780;Neerpelt - Het Hageven - Verkeerde lievenheer;Lommel;Lommel;Limburg;ObsMapp;J;Goedgekeurd op basis van bewijsmateriaal;2007-01-01;3;;6;Libellen;Gomphidae;2026-07-08;603;S;zeldzaam
351409970;351409970;Beekrombout;Gomphus vulgatissimus;2025-05-19;5;2025-05-19;1;ter plaatse;gezien;imago;Man;207268.71704674728;213417.5272318758;5.188599586486816;51.22784423828125;FS5277;Mol - Klein Verkallen;Mol;Mol;Antwerpen;ObsMapp;J;Goedgekeurd op basis van bewijsmateriaal;1980-01-01;3;;3;Libellen;Gomphidae;2026-07-08;603;S;zeldzaam
275607022;275607022;Beekrombout;Gomphus vulgatissimus;2023-06-09;6;2023-06-09;1;ter plaatse;onbekend;imago;onbekend;176889.64570420986;209357.1244246112;4.75341229;51.1935659;FS2272;Grobbendonk - Kleine Nete ten N van Albertkanaal;Grobbendonk;Grobbendonk;Antwerpen;Site;J;Goedgekeurd op basis van expertoordeel;1980-01-01;3;Op liggende dode boom;10;Libellen;Gomphidae;2026-07-08;603;S;zeldzaam
271841382;271841382;Beekrombout;Gomphus vulgatissimus;2023-05-11;5;2023-05-15;1;ter plaatse;gezien;imago, niet uitgekleurd;Man;209299.1522772735;219971.17345347907;5.218739000000028;51.286541;FS5484;Postel;Mol;Mol;Antwerpen;ObsMapp;J;Goedgekeurd op basis van bewijsmateriaal;1980-01-01;4;Meetnetten Beekrombout met Geert_ Dirk en Robert;6;Libellen;Gomphidae;2026-07-08;603;S;zeldzaam
352131483;352131483;Beekrombout;Gomphus vulgatissimus;2025-05-23;5;2025-05-23;1;ter plaatse;gezien;imago;Vrouw;207264.7174466631;213471.9907606719;5.18855094909668;51.22833414358754;FS5277;Mol - Klein Verkallen;Mol;Mol;Antwerpen;Site;J;Goedgekeurd op basis van bewijsmateriaal;2025-12-30;3;;15;Libellen;Gomphidae;2026-07-08;603;S;zeldzaam
190359409;190359409;Beekrombout;Gomphus vulgatissimus;2020-05-03;5;2020-05-04;1;ter plaatse;gezien;imago;Man;209181.3066558583;219218.23154693283;5.2169266;51.279786;FS5483;Postel;Mol;Mol;Antwerpen;Site;J;Goedgekeurd op basis van bewijsmateriaal;1980-01-01;3;;239;Libellen;Gomphidae;2026-07-08;603;S;zeldzaam
190359438;190359438;Beekrombout;Gomphus vulgatissimus;2020-05-03;5;2020-05-04;1;ter plaatse;gezien;imago;Man;209183.99208331664;219245.18827188108;5.2169695;51.280028;FS5483;Postel;Mol;Mol;Antwerpen;Site;J;Goedgekeurd op basis van bewijsmateriaal;1980-01-01;3;;30;Libellen;Gomphidae;2026-07-08;603;S;zeldzaam
190606463;190606463;Beekrombout;Gomphus vulgatissimus;2020-05-05;5;2020-05-06;25;ter plaatse;gezien;imago;Man;208327.9316582079;213804.0449180482;5.203824;51.231212;FS5377;Molse Zandputten - De Maat (volledig);Mol;Mol;Antwerpen;Site;J;Goedgekeurd op basis van bewijsmateriaal;1980-01-01;3;;25;Libellen;Gomphidae;2026-07-08;603;S;zeldzaam
190359324;190359324;Beekrombout;Gomphus vulgatissimus;2020-05-03;5;2020-05-04;1;ter plaatse;gezien;imago;Man;209300.85224521876;219920.233614346;5.218755;51.286083;FS5483;Postel;Mol;Mol;Antwerpen;Site;J;Goedgekeurd op basis van bewijsmateriaal;1980-01-01;3;;25;Libellen;Gomphidae;2026-07-08;603;S;zeldzaam
242073753;242073753;Beekrombout;Gomphus vulgatissimus;2022-05-18;5;2022-05-18;1;ter plaatse;gezien;imago;Man;207266.4232727977;213507.5974041689;5.188581;51.228654;FS5277;Mol - Klein Verkallen;Mol;Mol;Antwerpen;Site;J;Goedgekeurd op basis van bewijsmateriaal;1980-01-01;3;;15;Libellen;Gomphidae;2026-07-08;603;S;zeldzaam
194550942;194550942;Beekrombout;Gomphus vulgatissimus;2020-06-20;6;2020-06-21;1;ter plaatse;gezien;imago;Man;209335.9792112222;219990.510542145;5.21927;51.286711;FS5484;Postel;Mol;Mol;Antwerpen;Site;J;Goedgekeurd op basis van bewijsmateriaal;1980-01-01;3;;25;Libellen;Gomphidae;2026-07-08;603;S;zeldzaam
190359442;190359442;Beekrombout;Gomphus vulgatissimus;2020-05-03;5;2020-05-04;1;ter plaatse;gezien;imago;Man;209184.0269693264;219245.1886707358;5.21697;51.280028;FS5483;Postel;Mol;Mol;Antwerpen;Site;J;Goedgekeurd op basis van bewijsmateriaal;1980-01-01;3;;25;Libellen;Gomphidae;2026-07-08;603;S;zeldzaam
190359455;190359455;Beekrombout;Gomphus vulgatissimus;2020-05-03;5;2020-05-04;1;ter plaatse;gezien;imago;Man;209219.9894733973;219395.47337955423;5.21751;51.281375;FS5483;Postel;Mol;Mol;Antwerpen;Site;J;Goedgekeurd op basis van bewijsmateriaal;1980-01-01;3;;25;Libellen;Gomphidae;2026-07-08;603;S;zeldzaam
190359461;190359461;Beekrombout;Gomphus vulgatissimus;2020-05-03;5;2020-05-04;1;ter plaatse;gezien;imago;Man;209265.13455790165;219952.6476508845;5.2182484;51.286378;FS5484;Postel;Mol;Mol;Antwerpen;Site;J;Goedgekeurd op basis van bewijsmateriaal;1980-01-01;3;;25;Libellen;Gomphidae;2026-07-08;603;S;zeldzaam
191722897;191722897;Beekrombout;Gomphus vulgatissimus;2020-05-18;5;2020-05-19;3;ter plaatse;gezien;imago;Man;208487.4929638753;214489.6616660701;5.206219;51.237358;FS5478;Molse Zandputten - De Maat (volledig);Mol;Mol;Antwerpen;Site;J;Goedgekeurd op basis van bewijsmateriaal;1980-01-01;3;;25;Libellen;Gomphidae;2026-07-08;603;S;zeldzaam
194550954;194550954;Beekrombout;Gomphus vulgatissimus;2020-06-20;6;2020-06-21;1;ter plaatse;gezien;imago;Man;209335.9792112222;219990.510542145;5.21927;51.286711;FS5484;Postel;Mol;Mol;Antwerpen;Site;J;Goedgekeurd op basis van bewijsmateriaal;1980-01-01;3;;25;Libellen;Gomphidae;2026-07-08;603;S;zeldzaam
190359467;190359467;Beekrombout;Gomphus vulgatissimus;2020-05-03;5;2020-05-04;1;ter plaatse;gezien;imago;Man;209265.106652905;219952.64733136536;5.218248;51.286378;FS5484;Postel;Mol;Mol;Antwerpen;Site;J;Goedgekeurd op basis van bewijsmateriaal;1980-01-01;3;;25;Libellen;Gomphidae;2026-07-08;603;S;zeldzaam
192935942;192935942;Beekrombout;Gomphus vulgatissimus;2020-05-31;5;2020-05-31;8;ter plaatse;gezien;imago;Man;209304.9895822471;219924.5090832794;5.218815;51.286121;FS5483;Postel;Mol;Mol;Antwerpen;Site;J;Goedgekeurd op basis van bewijsmateriaal;1980-01-01;3;;25;Libellen;Gomphidae;2026-07-08;603;S;zeldzaam
190359306;190359306;Beekrombout;Gomphus vulgatissimus;2020-05-03;5;2020-05-04;1;ter plaatse;gezien;imago;Man;209327.82666183807;220020.01355384383;5.219158;51.286977;FS5484;Postel - Golfbaan;Mol;Mol;Antwerpen;Site;J;Goedgekeurd op basis van bewijsmateriaal;1980-01-01;3;;25;Libellen;Gomphidae;2026-07-08;603;S;zeldzaam
216951602;216951602;Beekrombout;Gomphus vulgatissimus;2021-06-13;6;2021-06-13;1;ter plaatse;vangst;imago;onbekend;207014.6363252455;213152.42820805125;5.18492078781128;51.2254867553711;FS5277;Mol - Klein Verkallen;Mol;Mol;Antwerpen;ObsMapp;J;Goedgekeurd op basis van bewijsmateriaal;2007-01-01;3;;17;Libellen;Gomphidae;2026-07-08;603;S;zeldzaam
216951576;216951576;Beekrombout;Gomphus vulgatissimus;2021-06-13;6;2021-06-13;1;ter plaatse;gezien;imago;onbekend;207278.3599583917;214681.58891362697;5.18893766403198;51.2392044067383;FS5278;Mol - Den Diel - West - Ten zuiden van beek;Mol;Mol;Antwerpen;ObsMapp;J;Goedgekeurd op basis van expertoordeel;2007-01-01;3;;4;Libellen;Gomphidae;2026-07-08;603;S;zeldzaam
309426252;309426252;Beekrombout;Gomphus vulgatissimus;2024-05-13;5;2024-05-13;1;ter plaatse;onbekend;imago;Man;207279.64029925692;214698.32247196045;5.188958644866943;51.23935467694983;FS5278;Mol - Den Diel - West - Ten zuiden van beek;Mol;Mol;Antwerpen;Site;J;Goedgekeurd op basis van bewijsmateriaal;1980-01-01;4;;5;Libellen;Gomphidae;2026-07-08;603;S;zeldzaam
191056346;191056346;Beekrombout;Gomphus vulgatissimus;2020-05-09;5;2020-05-10;1;ter plaatse;onbekend;imago;onbekend;207233.64804063123;214689.950517999;5.1882988;51.239284;FS5278;Mol - Den Diel - West - Ten zuiden van beek;Mol;Mol;Antwerpen;Site;J;Goedgekeurd op basis van bewijsmateriaal;1980-01-01;3;;7;Libellen;Gomphidae;2026-07-08;603;S;zeldzaam
309424523;309424523;Beekrombout;Gomphus vulgatissimus;2024-05-13;5;2024-05-13;1;ter plaatse;onbekend;imago;Man;208214.583239025;214783.85129507445;5.202358961105347;51.24002972896711;FS5378;Mol - Den Diel - Van Sprietputten tot Sas 2;Mol;Mol;Antwerpen;Site;J;Goedgekeurd op basis van bewijsmateriaal;1980-01-01;4;;15;Libellen;Gomphidae;2026-07-08;603;S;zeldzaam
309440704;309440704;Beekrombout;Gomphus vulgatissimus;2024-05-13;5;2024-05-13;1;ter plaatse;onbekend;imago;Man;208967.98974277827;214597.2469870532;5.213116000000014;51.238276;FS5478;Lommel - Traject tussen Sas 2 en Sas 1;Mol;Mol;Antwerpen;Site;J;Goedgekeurd op basis van bewijsmateriaal;1980-01-01;4;;10;Libellen;Gomphidae;2026-07-08;603;S;zeldzaam
400443339;400443339;Beekrombout;Gomphus vulgatissimus;2026-05-23;5;2026-05-24;1;ter plaatse;gezien;imago;Vrouw;207285.61070454647;214688.459988866;5.189042568206787;51.23926544189453;FS5278;Mol - Den Diel - West - Ten zuiden van beek;Mol;Mol;Antwerpen;ObsMapp;J;Goedgekeurd op basis van bewijsmateriaal;1980-01-01;3;;3;Libellen;Gomphidae;2026-07-08;603;S;zeldzaam
190506564;190506564;Beekrombout;Gomphus vulgatissimus;2020-05-05;5;2020-05-05;1;ter plaatse;gezien;imago;onbekend;209267.69839896864;219958.07827165723;5.21828603744507;51.2864265441895;FS5484;Postel;Mol;Mol;Antwerpen;ObsMapp;J;Goedgekeurd op basis van expertoordeel;2007-01-01;3;;25;Libellen;Gomphidae;2026-07-08;603;S;zeldzaam
190506583;190506583;Beekrombout;Gomphus vulgatissimus;2020-05-05;5;2020-05-05;1;ter plaatse;gezien;imago;onbekend;209285.0027458288;219951.9098222116;5.21853303909302;51.2863693237305;FS5484;Postel;Mol;Mol;Antwerpen;ObsMapp;J;Goedgekeurd op basis van expertoordeel;2007-01-01;3;;25;Libellen;Gomphidae;2026-07-08;603;S;zeldzaam
190506544;190506544;Beekrombout;Gomphus vulgatissimus;2020-05-05;5;2020-05-05;1;ter plaatse;gezien;imago;onbekend;209253.56127074605;219879.39468454383;5.21807050704956;51.2857208251953;FS5483;Postel;Mol;Mol;Antwerpen;ObsMapp;J;Goedgekeurd op basis van expertoordeel;2007-01-01;3;;25;Libellen;Gomphidae;2026-07-08;603;S;zeldzaam
190506586;190506586;Beekrombout;Gomphus vulgatissimus;2020-05-05;5;2020-05-05;1;ter plaatse;gezien;imago;onbekend;209305.6492573188;219958.93742164783;5.21883010864258;51.2864303588867;FS5484;Postel;Mol;Mol;Antwerpen;ObsMapp;J;Goedgekeurd op basis van expertoordeel;2007-01-01;3;;25;Libellen;Gomphidae;2026-07-08;603;S;zeldzaam
190506589;190506589;Beekrombout;Gomphus vulgatissimus;2020-05-05;5;2020-05-05;1;ter plaatse;gezien;imago, niet uitgekleurd;onbekend;209306.4143594004;219958.94618836883;5.21884107589722;51.2864303588867;FS5484;Postel;Mol;Mol;Antwerpen;ObsMapp;J;Goedgekeurd op basis van expertoordeel;2007-01-01;3;;25;Libellen;Gomphidae;2026-07-08;603;S;zeldzaam
190506595;190506595;Beekrombout;Gomphus vulgatissimus;2020-05-05;5;2020-05-05;1;ter plaatse;gezien;imago;onbekend;209298.18502690343;219971.58515669964;5.21872520446777;51.2865447998047;FS5484;Postel;Mol;Mol;Antwerpen;ObsMapp;J;Goedgekeurd op basis van expertoordeel;2007-01-01;3;;25;Libellen;Gomphidae;2026-07-08;603;S;zeldzaam
190506612;190506612;Beekrombout;Gomphus vulgatissimus;2020-05-05;5;2020-05-05;1;ter plaatse;gezien;imago;onbekend;209313.51815433905;219998.0762459077;5.21894931793213;51.2867813110352;FS5484;Postel;Mol;Mol;Antwerpen;ObsMapp;J;Goedgekeurd op basis van expertoordeel;2007-01-01;3;;25;Libellen;Gomphidae;2026-07-08;603;S;zeldzaam
190506617;190506617;Beekrombout;Gomphus vulgatissimus;2020-05-05;5;2020-05-05;1;ter plaatse;gezien;imago, niet uitgekleurd;onbekend;209324.72627643027;220024.5201024376;5.21911430358887;51.2870178222656;FS5484;Postel - Golfbaan;Mol;Mol;Antwerpen;ObsMapp;J;Goedgekeurd op basis van expertoordeel;2007-01-01;3;;25;Libellen;Gomphidae;2026-07-08;603;S;zeldzaam
190506558;190506558;Beekrombout;Gomphus vulgatissimus;2020-05-05;5;2020-05-05;1;ter plaatse;gezien;imago;onbekend;209295.4554874233;219960.0939553501;5.21868419647217;51.2864418029785;FS5484;Postel;Mol;Mol;Antwerpen;ObsMapp;J;Goedgekeurd op basis van expertoordeel;2007-01-01;3;;25;Libellen;Gomphidae;2026-07-08;603;S;zeldzaam
190506560;190506560;Beekrombout;Gomphus vulgatissimus;2020-05-05;5;2020-05-05;1;ter plaatse;gezien;imago;onbekend;209297.48620833515;219954.1750341225;5.2187123298645;51.2863883972168;FS5484;Postel;Mol;Mol;Antwerpen;ObsMapp;J;Goedgekeurd op basis van expertoordeel;2007-01-01;3;;25;Libellen;Gomphidae;2026-07-08;603;S;zeldzaam
397019713;397019713;Beekrombout;Gomphus vulgatissimus;2026-05-08;5;2026-05-08;1;ter plaatse;onbekend;imago;onbekend;207230.49864103904;214678.4184137816;5.188251882791519;51.239180664732096;FS5278;Mol - Den Diel - West - Ten zuiden van beek;Mol;Mol;Antwerpen;ObsMapp;J;Goedgekeurd op basis van expertoordeel;1980-01-01;4;;5;Libellen;Gomphidae;2026-07-08;603;S;zeldzaam
213206048;213206048;Beekrombout;Gomphus vulgatissimus;2021-05-10;5;2021-05-10;1;ter plaatse;onbekend;imago, niet uitgekleurd;onbekend;228785.9307361415;218571.021015713;5.49771499633789;51.2716217041016;FS7482;Warmbeekvallei - Grevenbroek (LiLa);Hamont-Achel;Achel;Limburg;ObsMapp;J;Goedgekeurd op basis van expertoordeel;2007-01-01;3;;4;Libellen;Gomphidae;2026-07-08;603;S;zeldzaam
213206054;213206054;Beekrombout;Gomphus vulgatissimus;2021-05-10;5;2021-05-10;1;ter plaatse;onbekend;imago, niet uitgekleurd;onbekend;228701.4859804416;218429.24052007217;5.49647426605225;51.2703590393066;FS7482;Warmbeekvallei - Grevenbroek (LiLa);Hamont-Achel;Achel;Limburg;ObsMapp;J;Goedgekeurd op basis van expertoordeel;2007-01-01;3;;4;Libellen;Gomphidae;2026-07-08;603;S;zeldzaam
213206049;213206049;Beekrombout;Gomphus vulgatissimus;2021-05-10;5;2021-05-10;1;ter plaatse;onbekend;imago, niet uitgekleurd;Man;228754.91901331747;218542.1104181558;5.49726438522339;51.2713661193848;FS7482;Warmbeekvallei - Grevenbroek (LiLa);Hamont-Achel;Achel;Limburg;ObsMapp;J;Goedgekeurd op basis van expertoordeel;2007-01-01;3;;6;Libellen;Gomphidae;2026-07-08;603;S;zeldzaam
190597336;190597336;Beekrombout;Gomphus vulgatissimus;2020-05-06;5;2020-05-06;3;ter plaatse;onbekend;imago, niet uitgekleurd;onbekend;228755.03360310872;218517.068993764;5.49726057052612;51.2711410522461;FS7482;Warmbeekvallei - Grevenbroek (LiLa);Hamont-Achel;Achel;Limburg;ObsMapp;J;Goedgekeurd op basis van expertoordeel;2007-01-01;3;;25;Libellen;Gomphidae;2026-07-08;603;S;zeldzaam
213206051;213206051;Beekrombout;Gomphus vulgatissimus;2021-05-10;5;2021-05-10;1;ter plaatse;onbekend;imago, niet uitgekleurd;onbekend;228664.78902691932;218263.99242310505;5.49591255187988;51.2688789367676;FS7482;Warmbeekvallei - Grevenbroek (LiLa);Hamont-Achel;Achel;Limburg;ObsMapp;J;Goedgekeurd op basis van expertoordeel;2007-01-01;3;;6;Libellen;Gomphidae;2026-07-08;603;S;zeldzaam
190597332;190597332;Beekrombout;Gomphus vulgatissimus;2020-05-06;5;2020-05-06;1;ter plaatse;onbekend;imago, niet uitgekleurd;onbekend;228702.88813358743;218315.08205021825;5.49646949768066;51.2693328857422;FS7482;Warmbeekvallei - Grevenbroek (LiLa);Hamont-Achel;Achel;Limburg;ObsMapp;J;Goedgekeurd op basis van expertoordeel;2007-01-01;3;;25;Libellen;Gomphidae;2026-07-08;603;S;zeldzaam
213209988;213209988;Beekrombout;Gomphus vulgatissimus;2021-05-10;5;2021-05-10;1;ter plaatse;onbekend;imago, niet uitgekleurd;Vrouw;228736.4211891089;218213.29692940693;5.4969277381897;51.2684135437012;FS7482;Warmbeekvallei - Grevenbroek (LiLa);Hamont-Achel;Achel;Limburg;ObsMapp;J;Goedgekeurd op basis van expertoordeel;2007-01-01;3;;3;Libellen;Gomphidae;2026-07-08;603;S;zeldzaam
190336818;190336818;Beekrombout;Gomphus vulgatissimus;2020-05-03;5;2020-05-03;1;ter plaatse;gezien;imago, niet uitgekleurd;onbekend;208491.3476729623;214499.777081918;5.206275824462256;51.23744852380011;FS5478;Molse zandputten - Zandput Rauw;Mol;Mol;Antwerpen;iObs;J;Goedgekeurd op basis van bewijsmateriaal;2007-01-01;3;;10;Libellen;Gomphidae;2026-07-08;603;S;zeldzaam
190336757;190336757:1764744;Beekrombout;Gomphus vulgatissimus;2020-05-03;5;2020-05-03;1;ter plaatse;gezien;larvenhuidje;onbekend;208496.38474344465;214504.2357788924;5.206348663200816;51.23748808638308;FS5478;BW020 Taploop Mol Rauw Blauwe kei;Mol;Mol;Antwerpen;iObs;J;Goedgekeurd op basis van bewijsmateriaal;2007-01-01;3;;5;Libellen;Gomphidae;2026-07-08;603;S;zeldzaam
190336757;190336757:1764743;Beekrombout;Gomphus vulgatissimus;2020-05-03;5;2020-05-03;1;ter plaatse;gezien;imago, niet uitgekleurd;onbekend;208496.38474344465;214504.2357788924;5.206348663200816;51.23748808638308;FS5478;BW020 Taploop Mol Rauw Blauwe kei;Mol;Mol;Antwerpen;iObs;J;Goedgekeurd op basis van bewijsmateriaal;2007-01-01;3;;5;Libellen;Gomphidae;2026-07-08;603;S;zeldzaam
245216209;245216209;Beekrombout;Gomphus vulgatissimus;2022-06-12;6;2022-06-12;1;ter plaatse;onbekend;imago;Man;207556.1673024649;214792.76940557733;5.192933;51.240176;FS5378;Mol - Den Diel - Ten zuiden van Sprietputten;Mol;Mol;Antwerpen;Site;J;Goedgekeurd op basis van bewijsmateriaal;1980-01-01;3;;25;Libellen;Gomphidae;2026-07-08;603;S;zeldzaam
242286012;242286012;Beekrombout;Gomphus vulgatissimus;2022-05-18;5;2022-05-20;1;ter plaatse;gezien;imago;Man;207385.1141542201;214712.6545368312;5.1904711;51.239473;FS5278;Mol - Kempisch kanaal - Kanaal thv Molse zandputten;Mol;Mol;Antwerpen;Site;J;Goedgekeurd op basis van bewijsmateriaal;1980-01-01;3;;15;Libellen;Gomphidae;2026-07-08;603;S;zeldzaam
397019853;397019853;Beekrombout;Gomphus vulgatissimus;2026-05-08;5;2026-05-08;1;ter plaatse;onbekend;imago, niet uitgekleurd;onbekend;222586.61570143164;216093.7196944682;5.408397197722223;51.25017166138889;FS6880;Neerpelt - Het Hageven - Verkeerde lievenheer;Neerpelt;Neerpelt;Limburg;Observation;J;Goedgekeurd op basis van bewijsmateriaal;1980-01-01;4;;999;Libellen;Gomphidae;2026-07-08;603;S;zeldzaam
350803441;350803441;Beekrombout;Gomphus vulgatissimus;2025-05-16;5;2025-05-16;1;ter plaatse;onbekend;imago;Vrouw;207312.7715940357;214703.0658754399;5.189433772499683;51.23939401647083;FS5278;Mol - Den Diel - West - Ten zuiden van beek;Mol;Mol;Antwerpen;Site;J;Goedgekeurd op basis van bewijsmateriaal;1980-01-01;3;;60;Libellen;Gomphidae;2026-07-08;603;S;zeldzaam
350833702;350833702;Beekrombout;Gomphus vulgatissimus;2025-05-16;5;2025-05-17;1;ter plaatse;onbekend;imago;Man;207284.7082134072;214685.3132803217;5.18902914813691;51.23923724967698;FS5278;Mol - Den Diel - West - Ten zuiden van beek;Mol;Mol;Antwerpen;Site;J;Goedgekeurd op basis van bewijsmateriaal;1980-01-01;3;;15;Libellen;Gomphidae;2026-07-08;603;S;zeldzaam
350808832;350808832;Beekrombout;Gomphus vulgatissimus;2025-05-16;5;2025-05-16;1;ter plaatse;onbekend;imago;Man;207122.9401209224;214677.54835664853;5.186711719725054;51.23918351340144;FS5278;Mol - Den Diel - West - Ten zuiden van beek;Mol;Mol;Antwerpen;Site;J;Goedgekeurd op basis van bewijsmateriaal;1980-01-01;3;;15;Libellen;Gomphidae;2026-07-08;603;S;zeldzaam
216532469;216532469;Beekrombout;Gomphus vulgatissimus;2021-06-06;6;2021-06-10;1;ter plaatse;onbekend;imago, niet uitgekleurd;Man;228211.1663012537;220836.5734915547;5.48997068405151;51.2920608520508;FS7385;  ;Hamont-Achel;Achel;Limburg;copied observation;J;Goedgekeurd op basis van expertoordeel;2007-01-01;3;;3;Libellen;Gomphidae;2026-07-08;603;S;zeldzaam
217388142;217388142;Beekrombout;Gomphus vulgatissimus;2021-06-13;6;2021-06-18;1;ter plaatse;onbekend;onbekend;onbekend;207035.4304403579;213149.50103812944;5.18521797;51.22545839;FS5277;Mol - Klein Verkallen;Mol;Mol;Antwerpen;Site;J;Goedgekeurd op basis van expertoordeel;1980-01-01;3;;10;Libellen;Gomphidae;2026-07-08;603;S;zeldzaam
308713711;308713711;Beekrombout;Gomphus vulgatissimus;2024-05-10;5;2024-05-10;1;ter plaatse;onbekend;imago;Man;207252.3907475309;214328.6667736573;5.188509999999951;51.236035;FS5278;Molse zandputten - Natuurreservaat De Maat;Mol;Mol;Antwerpen;ObsIdentify;J;Goedgekeurd op basis van bewijsmateriaal;1980-01-01;3;;9;Libellen;Gomphidae;2026-07-08;603;S;zeldzaam
311448020;311448020;Beekrombout;Gomphus vulgatissimus;2024-05-25;5;2024-05-25;1;ter plaatse;onbekend;imago;Vrouw;207631.8907010988;214829.8164011417;5.194023132324219;51.240501403808594;FS5378;Mol - Den Diel - Ten zuiden van Sprietputten;Mol;Mol;Antwerpen;ObsMapp;J;Goedgekeurd op basis van expertoordeel;1980-01-01;4;;3;Libellen;Gomphidae;2026-07-08;603;S;zeldzaam
311448472;311448472;Beekrombout;Gomphus vulgatissimus;2024-05-25;5;2024-05-25;1;ter plaatse;onbekend;imago;Man;207588.7603123929;214833.1566881789;5.193406105041504;51.240535736083984;FS5378;Mol - Den Diel - Ten zuiden van Sprietputten;Mol;Mol;Antwerpen;ObsMapp;J;Goedgekeurd op basis van expertoordeel;1980-01-01;4;;3;Libellen;Gomphidae;2026-07-08;603;S;zeldzaam
216954334;216954334;Beekrombout;Gomphus vulgatissimus;2021-06-13;6;2021-06-13;1;ter plaatse;onbekend;imago;onbekend;207020.985888398;213138.49190040864;5.18500947952271;51.2253608703613;FS5277;Mol - Klein Verkallen;Mol;Mol;Antwerpen;ObsMapp;J;Goedgekeurd op basis van expertoordeel;2007-01-01;3;in iemands hand;999;Libellen;Gomphidae;2026-07-08;603;S;zeldzaam
337515503;337515503;Beekrombout;Gomphus vulgatissimus;2024-05-08;5;2025-01-23;1;foeragerend;gezien;imago;Man;228925.84544178896;215900.27377616332;5.499136666666667;51.2476;FS7480;Achel - Warande;Hamont-Achel;Achel;Limburg;Observation;J;Goedgekeurd op basis van bewijsmateriaal;1980-01-01;3;Libellentelling tuin;5;Libellen;Gomphidae;2026-07-08;603;S;zeldzaam
190949246;190949246;Beekrombout;Gomphus vulgatissimus;2020-05-09;5;2020-05-09;1;ter plaatse;onbekend;imago;onbekend;229422.0088975689;218055.79944284636;5.506715;51.266904;FS7482;  ;Hamont-Achel;Achel;Limburg;Site;J;Goedgekeurd op basis van bewijsmateriaal;1980-01-01;3;;25;Libellen;Gomphidae;2026-07-08;603;S;zeldzaam
191403476;191403476;Beekrombout;Gomphus vulgatissimus;2020-05-14;5;2020-05-15;1;ter plaatse;onbekend;imago;onbekend;222570.1584873224;216058.68427867163;5.40815448760986;51.2498588562012;FS6880;Neerpelt - Het Hageven - Verkeerde lievenheer;Neerpelt;Neerpelt;Limburg;ObsMapp;J;Goedgekeurd op basis van expertoordeel;2007-01-01;3;;25;Libellen;Gomphidae;2026-07-08;603;S;zeldzaam
191403473;191403473:1783176;Beekrombout;Gomphus vulgatissimus;2020-05-14;5;2020-05-15;1;ter plaatse;onbekend;imago, niet uitgekleurd;onbekend;223086.47099188544;216482.75283725187;5.41563415527344;51.253604888916;FS6880;Neerpelt - Het Hageven;Neerpelt;Neerpelt;Limburg;ObsMapp;J;Goedgekeurd op basis van bewijsmateriaal;2007-01-01;3;;25;Libellen;Gomphidae;2026-07-08;603;S;zeldzaam
191403473;191403473:1783175;Beekrombout;Gomphus vulgatissimus;2020-05-14;5;2020-05-15;1;ter plaatse;onbekend;larvenhuidje;onbekend;223086.47099188544;216482.75283725187;5.41563415527344;51.253604888916;FS6880;Neerpelt - Het Hageven;Neerpelt;Neerpelt;Limburg;ObsMapp;J;Goedgekeurd op basis van bewijsmateriaal;2007-01-01;3;;25;Libellen;Gomphidae;2026-07-08;603;S;zeldzaam
191400901;191400901;Beekrombout;Gomphus vulgatissimus;2020-05-14;5;2020-05-15;3;ter plaatse;gezien;imago;Man;222571.02284791425;216054.02744425088;5.40816593170166;51.2498168945313;FS6880;Neerpelt - Het Hageven - Verkeerde lievenheer;Neerpelt;Neerpelt;Limburg;copied observation;J;Goedgekeurd op basis van expertoordeel;2007-01-01;3;;25;Libellen;Gomphidae;2026-07-08;603;S;zeldzaam
191400893;191400893;Beekrombout;Gomphus vulgatissimus;2020-05-14;5;2020-05-15;2;ter plaatse;gezien;imago;Man;222520.98549123696;216103.41175711527;5.4074592590332;51.2502670288086;FS6880;Neerpelt - Het Hageven - Verkeerde lievenheer;Neerpelt;Neerpelt;Limburg;copied observation;J;Goedgekeurd op basis van expertoordeel;2007-01-01;3;;25;Libellen;Gomphidae;2026-07-08;603;S;zeldzaam
191400887;191400887;Beekrombout;Gomphus vulgatissimus;2020-05-14;5;2020-05-15;1;ter plaatse;gezien;imago;Vrouw;222511.42543394768;216115.5869662054;5.40732479095459;51.2503776550293;FS6780;Neerpelt - Het Hageven - Verkeerde lievenheer;Neerpelt;Neerpelt;Limburg;copied observation;J;Goedgekeurd op basis van expertoordeel;2007-01-01;3;;25;Libellen;Gomphidae;2026-07-08;603;S;zeldzaam
191400886;191400886;Beekrombout;Gomphus vulgatissimus;2020-05-14;5;2020-05-15;5;ter plaatse;gezien;imago;Man;222512.05794376304;216115.59581959248;5.4073338508606;51.2503776550293;FS6880;Neerpelt - Het Hageven - Verkeerde lievenheer;Neerpelt;Neerpelt;Limburg;copied observation;J;Goedgekeurd op basis van expertoordeel;2007-01-01;3;;25;Libellen;Gomphidae;2026-07-08;603;S;zeldzaam
191400883;191400883;Beekrombout;Gomphus vulgatissimus;2020-05-14;5;2020-05-15;1;in copula;gezien;imago;onbekend;222519.4185046689;216105.9365172861;5.40743732452393;51.2502899169922;FS6880;Neerpelt - Het Hageven - Verkeerde lievenheer;Neerpelt;Neerpelt;Limburg;copied observation;J;Goedgekeurd op basis van expertoordeel;2007-01-01;3;;25;Libellen;Gomphidae;2026-07-08;603;S;zeldzaam
191400874;191400874;Beekrombout;Gomphus vulgatissimus;2020-05-14;5;2020-05-15;2;ter plaatse;gezien;imago;Man;222343.55276305295;216234.20798374712;5.40494441986084;51.25146484375;FS6780;Neerpelt - Het Hageven - Verkeerde lievenheer;Neerpelt;Neerpelt;Limburg;copied observation;J;Goedgekeurd op basis van expertoordeel;2007-01-01;3;;25;Libellen;Gomphidae;2026-07-08;603;S;zeldzaam
191400869;191400869;Beekrombout;Gomphus vulgatissimus;2020-05-14;5;2020-05-15;1;ter plaatse;gezien;imago;Man;222358.3081424396;216262.42772555072;5.40516138076782;51.2517166137695;FS6780;Neerpelt - Het Hageven - Verkeerde lievenheer;Neerpelt;Neerpelt;Limburg;copied observation;J;Goedgekeurd op basis van expertoordeel;2007-01-01;3;;25;Libellen;Gomphidae;2026-07-08;603;S;zeldzaam
191400857;191400857;Beekrombout;Gomphus vulgatissimus;2020-05-14;5;2020-05-15;6;ter plaatse;gezien;imago;Man;222512.02710260265;216479.3487363914;5.40740633010864;51.2536468505859;FS6780;Neerpelt - Het Hageven - Verkeerde lievenheer;Neerpelt;Neerpelt;Limburg;copied observation;J;Goedgekeurd op basis van expertoordeel;2007-01-01;3;;25;Libellen;Gomphidae;2026-07-08;603;S;zeldzaam
191400854;191400854;Beekrombout;Gomphus vulgatissimus;2020-05-14;5;2020-05-15;1;ter plaatse;gezien;imago;Man;222539.8961417928;216519.63722896017;5.40781354904175;51.2540054321289;FS6880;Neerpelt - Het Hageven - Verkeerde lievenheer;Neerpelt;Neerpelt;Limburg;copied observation;J;Goedgekeurd op basis van expertoordeel;2007-01-01;3;;25;Libellen;Gomphidae;2026-07-08;603;S;zeldzaam
191400833;191400833;Beekrombout;Gomphus vulgatissimus;2020-05-14;5;2020-05-15;1;ter plaatse;gezien;imago;Man;223147.55398894392;216122.83220443223;5.41643619537354;51.2503623962402;FS6880;Neerpelt - Het Hageven;Neerpelt;Neerpelt;Limburg;copied observation;J;Goedgekeurd op basis van expertoordeel;2007-01-01;3;;25;Libellen;Gomphidae;2026-07-08;603;S;zeldzaam
191400832;191400832;Beekrombout;Gomphus vulgatissimus;2020-05-14;5;2020-05-15;1;ter plaatse;gezien;larvenhuidje;onbekend;223137.1962288009;216153.67082209047;5.41629409790039;51.2506408691406;FS6880;Neerpelt - Het Hageven;Neerpelt;Neerpelt;Limburg;copied observation;J;Goedgekeurd op basis van expertoordeel;2007-01-01;3;;25;Libellen;Gomphidae;2026-07-08;603;S;zeldzaam
191400821;191400821;Beekrombout;Gomphus vulgatissimus;2020-05-14;5;2020-05-15;1;ter plaatse;gezien;larvenhuidje;onbekend;223096.46661612685;216484.5916785607;5.41577768325806;51.2536201477051;FS6880;Neerpelt - Het Hageven;Neerpelt;Neerpelt;Limburg;copied observation;J;Goedgekeurd op basis van expertoordeel;2007-01-01;3;;25;Libellen;Gomphidae;2026-07-08;603;S;zeldzaam
191400820;191400820;Beekrombout;Gomphus vulgatissimus;2020-05-14;5;2020-05-15;1;ter plaatse;gezien;imago, niet uitgekleurd;onbekend;223096.46661612685;216484.5916785607;5.41577768325806;51.2536201477051;FS6880;Neerpelt - Het Hageven;Neerpelt;Neerpelt;Limburg;copied observation;J;Goedgekeurd op basis van expertoordeel;2007-01-01;3;;25;Libellen;Gomphidae;2026-07-08;603;S;zeldzaam
191400711;191400711;Beekrombout;Gomphus vulgatissimus;2020-05-08;5;2020-05-15;1;ter plaatse;gezien;imago;Man;209330.6279670443;220026.2855189182;5.21919918060303;51.2870330810547;FS5484;Postel - Golfbaan;Mol;Mol;Antwerpen;copied observation;J;Goedgekeurd op basis van expertoordeel;2007-01-01;3;;25;Libellen;Gomphidae;2026-07-08;603;S;zeldzaam
191400710;191400710;Beekrombout;Gomphus vulgatissimus;2020-05-08;5;2020-05-15;1;ter plaatse;gezien;imago, niet uitgekleurd;Man;209317.5957473789;219999.53481229208;5.219008;51.286794;FS5484;Postel;Mol;Mol;Antwerpen;copied observation;J;Goedgekeurd op basis van expertoordeel;1980-01-01;3;;15;Libellen;Gomphidae;2026-07-08;603;S;zeldzaam
191400696;191400696;Beekrombout;Gomphus vulgatissimus;2020-05-08;5;2020-05-15;1;dood;gezien;imago;Man;209301.6586194188;219971.64722866289;5.218775;51.286545;FS5484;Postel;Mol;Mol;Antwerpen;copied observation;J;Goedgekeurd op basis van expertoordeel;2007-01-01;3;;25;Libellen;Gomphidae;2026-07-08;603;S;zeldzaam
191400693;191400693;Beekrombout;Gomphus vulgatissimus;2020-05-08;5;2020-05-15;71;ter plaatse;vangst;larvenhuidje;Vrouw;209287.5714769635;219928.42633679323;5.218566;51.286158;FS5483;Postel;Mol;Mol;Antwerpen;copied observation;J;Goedgekeurd op basis van expertoordeel;1980-01-01;3;Meetnetten Beekrombout met Hannes_ Robert en Dirk;100;Libellen;Gomphidae;2026-07-08;603;S;zeldzaam
191400692;191400692;Beekrombout;Gomphus vulgatissimus;2020-05-08;5;2020-05-15;51;ter plaatse;vangst;larvenhuidje;Man;209287.5714769635;219928.42633679323;5.218566;51.286158;FS5483;Postel;Mol;Mol;Antwerpen;copied observation;J;Goedgekeurd op basis van expertoordeel;1980-01-01;3;Meetnetten Beekrombout met Hannes_ Robert en Dirk;100;Libellen;Gomphidae;2026-07-08;603;S;zeldzaam
191400689;191400689;Beekrombout;Gomphus vulgatissimus;2020-05-08;5;2020-05-15;1;ter plaatse;gezien;imago;Vrouw;207163.18083948403;214680.16031085516;5.1872883;51.239203;FS5278;Mol - Den Diel - West - Ten zuiden van beek;Mol;Mol;Antwerpen;copied observation;J;Goedgekeurd op basis van expertoordeel;1980-01-01;3;;25;Libellen;Gomphidae;2026-07-08;603;S;zeldzaam
241890131;241890131;Beekrombout;Gomphus vulgatissimus;2022-05-17;5;2022-05-17;3;ter plaatse;gezien;imago;onbekend;207282.0255989576;214699.4555778429;5.18899297714233;51.2393646240234;FS5278;Mol - Den Diel - West - Ten zuiden van beek;Mol;Mol;Antwerpen;ObsMapp;J;Goedgekeurd op basis van expertoordeel;2007-01-01;3;;6;Libellen;Gomphidae;2026-07-08;603;S;zeldzaam
241890221;241890221;Beekrombout;Gomphus vulgatissimus;2022-05-17;5;2022-05-17;2;ter plaatse;onbekend;imago;Vrouw;209215.1892588804;219790.2472550692;5.21750593185425;51.2849235534668;FS5483;Postel;Mol;Mol;Antwerpen;ObsMapp;J;Goedgekeurd op basis van expertoordeel;2007-01-01;3;;17;Libellen;Gomphidae;2026-07-08;603;S;zeldzaam
241890224;241890224;Beekrombout;Gomphus vulgatissimus;2022-05-17;5;2022-05-17;1;ter plaatse;onbekend;imago;Vrouw;209297.6794005155;219960.54387528545;5.21871614456177;51.2864456176758;FS5484;Postel;Mol;Mol;Antwerpen;ObsMapp;J;Goedgekeurd op basis van expertoordeel;2007-01-01;3;;6;Libellen;Gomphidae;2026-07-08;603;S;zeldzaam
191295617;191295617;Beekrombout;Gomphus vulgatissimus;2020-05-08;5;2020-05-14;1;ter plaatse;onbekend;imago;onbekend;207230.81214338768;214695.03725433256;5.188259;51.23933;FS5278;Mol - Den Diel - West - Ten zuiden van beek;Mol;Mol;Antwerpen;ObsMapp;J;Goedgekeurd op basis van bewijsmateriaal;2007-01-01;3;;25;Libellen;Gomphidae;2026-07-08;603;S;zeldzaam
401146304;401146304;Beekrombout;Gomphus vulgatissimus;2026-05-20;5;2026-05-26;1;ter plaatse;gezien;imago, niet uitgekleurd;Man;228800.5778658606;218587.00294536536;5.497928333333333;51.27176333333333;FS7483;Warmbeekvallei - Grevenbroek (LiLa);Hamont-Achel;Achel;Limburg;Observation;J;Goedgekeurd op basis van bewijsmateriaal;1980-01-01;3;;11;Libellen;Gomphidae;2026-07-08;603;S;zeldzaam
401146356;401146356;Beekrombout;Gomphus vulgatissimus;2026-05-20;5;2026-05-26;1;ter plaatse;gezien;imago, niet uitgekleurd;Vrouw;209317.2171474022;220002.65467068276;5.219003086142647;51.28682207890987;FS5484;Postel - Golfbaan;Mol;Mol;Antwerpen;Observation;J;Goedgekeurd op basis van bewijsmateriaal;1980-01-01;3;Mislukte uitsluiper;11;Libellen;Gomphidae;2026-07-08;603;S;zeldzaam
293308060;293308060;Beekrombout;Gomphus vulgatissimus;2023-05-26;5;2023-11-17;26;ter plaatse;onbekend;larvenhuidje;onbekend;209312.9071139054;219991.05834949017;5.218939407474032;51.28671830020467;FS5484;Postel;Mol;Mol;Antwerpen;Meetnetten.be;J;Goedgekeurd op basis van expertoordeel;2024-05-24;3;meetnetten.be: life stage: exuvium_ activity: present;55;Libellen;Gomphidae;2026-07-08;603;S;zeldzaam
273469564;273469564;Beekrombout;Gomphus vulgatissimus;2023-05-26;5;2023-05-26;1;ter plaatse;onbekend;imago, niet uitgekleurd;Vrouw;209308.30290600195;219983.58530997575;5.21887219;51.28665161;FS5484;Postel;Mol;Mol;Antwerpen;ObsIdentify;J;Goedgekeurd op basis van bewijsmateriaal;1980-01-01;3;;11;Libellen;Gomphidae;2026-07-08;603;S;zeldzaam
192576662;192576662;Beekrombout;Gomphus vulgatissimus;2020-05-27;5;2020-05-27;1;ter plaatse;gezien;imago;onbekend;207305.6371523704;214696.49297166243;5.18933058;51.23933565;FS5278;Mol - Den Diel - West - Ten zuiden van beek;Mol;Mol;Antwerpen;Site;J;Goedgekeurd op basis van bewijsmateriaal;1980-01-01;3;;10;Libellen;Gomphidae;2026-07-08;603;S;zeldzaam
193310914;193310914;Beekrombout;Gomphus vulgatissimus;2020-05-31;5;2020-06-05;1;ter plaatse;onbekend;imago;onbekend;204777.6748971215;217696.2544333981;5.15358925;51.26654259;FS5081;Dessel/Mol - 't Goor;Dessel;Dessel;Antwerpen;Site;J;Goedgekeurd op basis van bewijsmateriaal;1980-01-01;3;;10;Libellen;Gomphidae;2026-07-08;603;S;zeldzaam
192788678;192788678;Beekrombout;Gomphus vulgatissimus;2020-05-28;5;2020-05-30;1;ter plaatse;gezien;imago;Man;219463.19762385148;218032.25541868716;5.36403917;51.26797901;FS6482;Lommel - Watering (Vloeiweiden);Lommel;Lommel;Limburg;Site;J;Goedgekeurd op basis van bewijsmateriaal;1980-01-01;3;;10;Libellen;Gomphidae;2026-07-08;603;S;zeldzaam
349555032;349555032;Beekrombout;Gomphus vulgatissimus;2025-05-10;5;2025-05-10;1;ter plaatse;onbekend;imago;Vrouw;207598.90954695505;214863.8286443837;5.193556308746338;51.24081039428711;FS5378;Mol - Den Diel;Mol;Mol;Antwerpen;ObsMapp;J;Goedgekeurd op basis van bewijsmateriaal;1980-01-01;3;;2;Libellen;Gomphidae;2026-07-08;603;S;zeldzaam
190970161;190970161;Beekrombout;Gomphus vulgatissimus;2020-05-09;5;2020-05-09;1;ter plaatse;gezien;imago;onbekend;207195.99874230477;213382.9853194803;5.1875532;51.227541;FS5277;Mol - Klein Verkallen;Mol;Mol;Antwerpen;Site;J;Goedgekeurd op basis van bewijsmateriaal;1980-01-01;3;;15;Libellen;Gomphidae;2026-07-08;603;S;zeldzaam
190970069;190970069;Beekrombout;Gomphus vulgatissimus;2020-05-09;5;2020-05-09;1;ter plaatse;gezien;imago;onbekend;207217.0347366348;213273.4022329636;5.187837;51.226554;FS5277;Mol - Klein Verkallen;Mol;Mol;Antwerpen;Site;J;Goedgekeurd op basis van bewijsmateriaal;1980-01-01;3;;25;Libellen;Gomphidae;2026-07-08;603;S;zeldzaam
215137888;215137888;Beekrombout;Gomphus vulgatissimus;2021-05-28;5;2021-05-29;1;ter plaatse;onbekend;imago, niet uitgekleurd;onbekend;209307.3833566459;219978.9060600344;5.21885824203491;51.2866096496582;FS5484;Postel;Mol;Mol;Antwerpen;ObsMapp;J;Goedgekeurd op basis van expertoordeel;2007-01-01;3;;4;Libellen;Gomphidae;2026-07-08;603;S;zeldzaam
215137885;215137885;Beekrombout;Gomphus vulgatissimus;2021-05-28;5;2021-05-29;1;ter plaatse;onbekend;imago, niet uitgekleurd;onbekend;209308.98515654236;219995.9020911204;5.21888399124146;51.2867622375488;FS5484;Postel;Mol;Mol;Antwerpen;ObsMapp;J;Goedgekeurd op basis van expertoordeel;2007-01-01;3;;7;Libellen;Gomphidae;2026-07-08;603;S;zeldzaam
215137855;215137855;Beekrombout;Gomphus vulgatissimus;2021-05-28;5;2021-05-29;1;ter plaatse;onbekend;imago;Vrouw;222353.9193552095;216219.07258767635;5.40508985519409;51.2513275146484;FS6780;Neerpelt - Het Hageven - Verkeerde lievenheer;Neerpelt;Neerpelt;Limburg;ObsMapp;J;Goedgekeurd op basis van expertoordeel;2007-01-01;3;;3;Libellen;Gomphidae;2026-07-08;603;S;zeldzaam
215137853;215137853;Beekrombout;Gomphus vulgatissimus;2021-05-28;5;2021-05-29;1;ter plaatse;onbekend;imago;onbekend;222324.1750641639;216212.71494223643;5.40466260910034;51.2512741088867;FS6780;Neerpelt - Het Hageven - Verkeerde lievenheer;Neerpelt;Neerpelt;Limburg;ObsMapp;J;Goedgekeurd op basis van expertoordeel;2007-01-01;3;;3;Libellen;Gomphidae;2026-07-08;603;S;zeldzaam
215137841;215137841;Beekrombout;Gomphus vulgatissimus;2021-05-28;5;2021-05-29;2;ter plaatse;onbekend;imago;onbekend;222374.62428998045;216288.5470726993;5.40540027618408;51.2519493103027;FS6780;Neerpelt - Het Hageven - Verkeerde lievenheer;Neerpelt;Neerpelt;Limburg;ObsMapp;J;Goedgekeurd op basis van expertoordeel;2007-01-01;3;;3;Libellen;Gomphidae;2026-07-08;603;S;zeldzaam
192091243;192091243:1795743;Beekrombout;Gomphus vulgatissimus;2020-05-21;5;2020-05-22;2;ter plaatse;gezien;imago;Man;207245.72078700733;214682.6293278933;5.1884705;51.239217;FS5278;Mol - Den Diel - West - Ten zuiden van beek;Mol;Mol;Antwerpen;Site;J;Goedgekeurd op basis van bewijsmateriaal;1980-01-01;3;;7;Libellen;Gomphidae;2026-07-08;603;S;zeldzaam
192091243;192091243:1795744;Beekrombout;Gomphus vulgatissimus;2020-05-21;5;2020-05-22;1;ter plaatse;gezien;onbekend;Vrouw;207245.72078700733;214682.6293278933;5.1884705;51.239217;FS5278;Mol - Den Diel - West - Ten zuiden van beek;Mol;Mol;Antwerpen;Site;J;Goedgekeurd op basis van bewijsmateriaal;1980-01-01;3;;7;Libellen;Gomphidae;2026-07-08;603;S;zeldzaam
244748412;244748412;Beekrombout;Gomphus vulgatissimus;2022-05-17;5;2022-06-09;1;ter plaatse;onbekend;larvenhuidje;onbekend;209338.2529749115;220034.4373292001;5.21930980682373;51.2871055603027;FS5484;Postel - Golfbaan;Mol;Mol;Antwerpen;Meetnetten.be;J;Goedgekeurd op basis van expertoordeel;2023-05-16;3;meetnetten.be: levensfase: larvenhuidje_ activiteit: ter plaatse;10;Libellen;Gomphidae;2026-07-08;603;S;zeldzaam
241006813;241006813;Beekrombout;Gomphus vulgatissimus;2022-05-10;5;2022-05-10;1;ter plaatse;gezien;imago, niet uitgekleurd;Vrouw;209327.59757268868;220020.7330361316;5.21915483474731;51.2869834899902;FS5484;Postel - Golfbaan;Mol;Mol;Antwerpen;ObsMapp;J;Goedgekeurd op basis van bewijsmateriaal;2007-01-01;3;;10;Libellen;Gomphidae;2026-07-08;603;S;zeldzaam
241006810;241006810;Beekrombout;Gomphus vulgatissimus;2022-05-10;5;2022-05-10;1;ter plaatse;gezien;imago, niet uitgekleurd;onbekend;209313.591104868;219991.71045295428;5.21894931793213;51.2867240905762;FS5484;Postel;Mol;Mol;Antwerpen;ObsMapp;J;Goedgekeurd op basis van bewijsmateriaal;2007-01-01;3;;9;Libellen;Gomphidae;2026-07-08;603;S;zeldzaam
351208233;351208233;Beekrombout;Gomphus vulgatissimus;2025-05-18;5;2025-05-18;1;ter plaatse;onbekend;imago;onbekend;207329.95663878976;214695.7414188432;5.18967866897583;51.23932647705078;FS5278;Mol - Kempisch kanaal - Kanaal thv Molse zandputten;Mol;Mol;Antwerpen;ObsMapp;J;Goedgekeurd op basis van expertoordeel;1980-01-01;4;;3;Libellen;Gomphidae;2026-07-08;603;S;zeldzaam
400576334;400576334;Beekrombout;Gomphus vulgatissimus;2026-05-24;5;2026-05-24;1;ter plaatse;onbekend;imago;Vrouw;207786.88470816615;214921.9470134452;5.1962571144104;51.24131393432617;FS5378;Mol - Den Diel;Mol;Mol;Antwerpen;ObsMapp;J;Goedgekeurd op basis van bewijsmateriaal;1980-01-01;4;;3;Libellen;Gomphidae;2026-07-08;603;S;zeldzaam
351208246;351208246;Beekrombout;Gomphus vulgatissimus;2025-05-18;5;2025-05-18;1;ter plaatse;onbekend;imago;onbekend;207285.47796074848;214691.4295440372;5.1890411376953125;51.23929214477539;FS5278;Mol - Den Diel - West - Ten zuiden van beek;Mol;Mol;Antwerpen;ObsMapp;J;Goedgekeurd op basis van expertoordeel;1980-01-01;4;;3;Libellen;Gomphidae;2026-07-08;603;S;zeldzaam
308779974;308779974;Beekrombout;Gomphus vulgatissimus;2024-05-10;5;2024-05-10;1;ter plaatse;onbekend;imago;Man;207252.0046784974;214332.0003709942;5.188504999999964;51.236065;FS5278;Molse zandputten - Natuurreservaat De Maat;Mol;Mol;Antwerpen;ObsMapp;J;Goedgekeurd op basis van bewijsmateriaal;1980-01-01;3;;3;Libellen;Gomphidae;2026-07-08;603;S;zeldzaam
193033799;193033799;Beekrombout;Gomphus vulgatissimus;2020-06-01;6;2020-06-01;1;ter plaatse;onbekend;imago;onbekend;209194.19287199696;219572.2686930457;5.21716928482056;51.2829666137695;FS5483;Postel;Mol;Mol;Antwerpen;ObsMapp;J;Goedgekeurd op basis van expertoordeel;2007-01-01;4;;25;Libellen;Gomphidae;2026-07-08;603;S;zeldzaam
193033802;193033802;Beekrombout;Gomphus vulgatissimus;2020-06-01;6;2020-06-01;1;ter plaatse;onbekend;imago;onbekend;209327.95375756337;220021.586002904;5.21916007995606;51.2869911193848;FS5484;Postel - Golfbaan;Mol;Mol;Antwerpen;ObsMapp;J;Goedgekeurd op basis van expertoordeel;2007-01-01;4;;25;Libellen;Gomphidae;2026-07-08;603;S;zeldzaam
194532135;194532135;Beekrombout;Gomphus vulgatissimus;2020-06-20;6;2020-06-20;1;ter plaatse;onbekend;imago;Man;207276.61524116332;214688.7849662481;5.18891382217407;51.2392692565918;FS5278;Mol - Den Diel - West - Ten zuiden van beek;Mol;Mol;Antwerpen;ObsMapp;J;Goedgekeurd op basis van expertoordeel;2007-01-01;4;;25;Libellen;Gomphidae;2026-07-08;603;S;zeldzaam
215001169;215001169;Beekrombout;Gomphus vulgatissimus;2021-05-20;5;2021-05-28;1;ter plaatse;onbekend;larve/nimf;onbekend;209324.31392007964;220002.4443936376;5.2191047668457;51.2868194580078;FS5484;Postel - Golfbaan;Mol;Mol;Antwerpen;ObsMapp;J;Goedgekeurd op basis van bewijsmateriaal;2007-01-01;3;;11;Libellen;Gomphidae;2026-07-08;603;S;zeldzaam
215001168;215001168;Beekrombout;Gomphus vulgatissimus;2021-05-20;5;2021-05-28;1;ter plaatse;onbekend;larve/nimf;onbekend;209324.7983026134;220003.72327144723;5.21911191940308;51.2868309020996;FS5484;Postel - Golfbaan;Mol;Mol;Antwerpen;ObsMapp;J;Goedgekeurd op basis van expertoordeel;2007-01-01;3;;13;Libellen;Gomphidae;2026-07-08;603;S;zeldzaam
215001167;215001167;Beekrombout;Gomphus vulgatissimus;2021-05-20;5;2021-05-28;1;ter plaatse;onbekend;larve/nimf;onbekend;209317.85312009847;219994.3059480125;5.21901082992554;51.2867469787598;FS5484;Postel;Mol;Mol;Antwerpen;ObsMapp;J;Goedgekeurd op basis van expertoordeel;2007-01-01;3;;12;Libellen;Gomphidae;2026-07-08;603;S;zeldzaam
215001166;215001166;Beekrombout;Gomphus vulgatissimus;2021-05-20;5;2021-05-28;1;ter plaatse;onbekend;imago, niet uitgekleurd;onbekend;209317.68757554013;219991.33295725935;5.21900796890259;51.2867202758789;FS5484;Postel;Mol;Mol;Antwerpen;ObsMapp;J;Goedgekeurd op basis van expertoordeel;2007-01-01;3;;12;Libellen;Gomphidae;2026-07-08;603;S;zeldzaam
215001165;215001165;Beekrombout;Gomphus vulgatissimus;2021-05-20;5;2021-05-28;1;ter plaatse;onbekend;larve/nimf;onbekend;209318.285566148;219994.310904122;5.21901702880859;51.2867469787598;FS5484;Postel;Mol;Mol;Antwerpen;ObsMapp;J;Goedgekeurd op basis van expertoordeel;2007-01-01;3;;10;Libellen;Gomphidae;2026-07-08;603;S;zeldzaam
215001164;215001164;Beekrombout;Gomphus vulgatissimus;2021-05-20;5;2021-05-28;1;dood;onbekend;imago, niet uitgekleurd;onbekend;209319.48719099583;219996.8713273201;5.21903467178345;51.2867698669434;FS5484;Postel;Mol;Mol;Antwerpen;ObsMapp;J;Goedgekeurd op basis van expertoordeel;2007-01-01;3;;10;Libellen;Gomphidae;2026-07-08;603;S;zeldzaam
215001163;215001163;Beekrombout;Gomphus vulgatissimus;2021-05-20;5;2021-05-28;1;ter plaatse;onbekend;imago, niet uitgekleurd;onbekend;209318.825971945;219999.4104008228;5.21902561187744;51.286792755127;FS5484;Postel;Mol;Mol;Antwerpen;ObsMapp;J;Goedgekeurd op basis van expertoordeel;2007-01-01;3;;11;Libellen;Gomphidae;2026-07-08;603;S;zeldzaam
215001162;215001162;Beekrombout;Gomphus vulgatissimus;2021-05-20;5;2021-05-28;1;ter plaatse;onbekend;imago, niet uitgekleurd;onbekend;209320.74310076365;219991.79241812788;5.21905183792114;51.2867240905762;FS5484;Postel;Mol;Mol;Antwerpen;ObsMapp;J;Goedgekeurd op basis van expertoordeel;2007-01-01;3;;10;Libellen;Gomphidae;2026-07-08;603;S;zeldzaam
215001161;215001161;Beekrombout;Gomphus vulgatissimus;2021-05-20;5;2021-05-28;1;ter plaatse;onbekend;imago, niet uitgekleurd;onbekend;209318.9849144334;219991.3478256529;5.21902656555176;51.2867202758789;FS5484;Postel;Mol;Mol;Antwerpen;ObsMapp;J;Goedgekeurd op basis van expertoordeel;2007-01-01;3;;10;Libellen;Gomphidae;2026-07-08;603;S;zeldzaam
215001160;215001160;Beekrombout;Gomphus vulgatissimus;2021-05-20;5;2021-05-28;1;ter plaatse;onbekend;imago;onbekend;209309.1779161925;219967.46669231728;5.21888208389282;51.286506652832;FS5484;Postel;Mol;Mol;Antwerpen;ObsMapp;J;Goedgekeurd op basis van expertoordeel;2007-01-01;3;;11;Libellen;Gomphidae;2026-07-08;603;S;zeldzaam
215001159;215001159;Beekrombout;Gomphus vulgatissimus;2021-05-20;5;2021-05-28;1;ter plaatse;onbekend;imago, niet uitgekleurd;onbekend;209308.54101345065;219967.8838360561;5.21887302398682;51.2865104675293;FS5484;Postel;Mol;Mol;Antwerpen;ObsMapp;J;Goedgekeurd op basis van expertoordeel;2007-01-01;3;;10;Libellen;Gomphidae;2026-07-08;603;S;zeldzaam
215001156;215001156;Beekrombout;Gomphus vulgatissimus;2021-05-20;5;2021-05-28;1;ter plaatse;onbekend;imago;Vrouw;209318.6952561059;219990.49562208916;5.21902227401733;51.2867126464844;FS5484;Postel;Mol;Mol;Antwerpen;ObsMapp;J;Goedgekeurd op basis van expertoordeel;2007-01-01;3;;4;Libellen;Gomphidae;2026-07-08;603;S;zeldzaam
215001148;215001148;Beekrombout;Gomphus vulgatissimus;2021-05-28;5;2021-05-28;1;ter plaatse;onbekend;imago, niet uitgekleurd;onbekend;209326.93320592135;220035.15644866228;5.21914768218994;51.2871131896973;FS5484;Postel - Golfbaan;Mol;Mol;Antwerpen;ObsMapp;J;Goedgekeurd op basis van expertoordeel;2007-01-01;3;;3;Libellen;Gomphidae;2026-07-08;603;S;zeldzaam
215001146;215001146;Beekrombout;Gomphus vulgatissimus;2021-05-28;5;2021-05-28;1;ter plaatse;onbekend;imago, niet uitgekleurd;onbekend;209321.78499456425;220005.38650171645;5.21906900405884;51.2868461608887;FS5484;Postel - Golfbaan;Mol;Mol;Antwerpen;ObsMapp;J;Goedgekeurd op basis van expertoordeel;2007-01-01;3;;9;Libellen;Gomphidae;2026-07-08;603;S;zeldzaam
215001145;215001145;Beekrombout;Gomphus vulgatissimus;2021-05-28;5;2021-05-28;1;ter plaatse;onbekend;imago, niet uitgekleurd;onbekend;209311.36798370097;219988.28944160324;5.21891689300537;51.286693572998;FS5484;Postel;Mol;Mol;Antwerpen;ObsMapp;J;Goedgekeurd op basis van expertoordeel;2007-01-01;3;;9;Libellen;Gomphidae;2026-07-08;603;S;zeldzaam
244748411;244748411;Beekrombout;Gomphus vulgatissimus;2022-05-17;5;2022-06-09;1;ter plaatse;onbekend;larvenhuidje;onbekend;209294.642534849;219961.3579676412;5.21867275238037;51.2864532470703;FS5484;Postel;Mol;Mol;Antwerpen;Meetnetten.be;J;Goedgekeurd op basis van expertoordeel;2023-05-16;3;meetnetten.be: levensfase: larvenhuidje_ activiteit: ter plaatse;10;Libellen;Gomphidae;2026-07-08;603;S;zeldzaam
244748410;244748410;Beekrombout;Gomphus vulgatissimus;2022-05-17;5;2022-06-09;1;ter plaatse;onbekend;larvenhuidje;onbekend;209294.2100860476;219961.35301350616;5.21866655349731;51.2864532470703;FS5484;Postel;Mol;Mol;Antwerpen;Meetnetten.be;J;Goedgekeurd op basis van expertoordeel;2023-05-16;3;meetnetten.be: levensfase: larvenhuidje_ activiteit: ter plaatse;10;Libellen;Gomphidae;2026-07-08;603;S;zeldzaam
244748409;244748409;Beekrombout;Gomphus vulgatissimus;2022-05-17;5;2022-06-09;1;ter plaatse;onbekend;larvenhuidje;onbekend;209296.4480678096;219980.9029785348;5.21870183944702;51.2866287231445;FS5484;Postel;Mol;Mol;Antwerpen;Meetnetten.be;J;Goedgekeurd op basis van expertoordeel;2023-05-16;3;meetnetten.be: levensfase: larvenhuidje_ activiteit: ter plaatse;10;Libellen;Gomphidae;2026-07-08;603;S;zeldzaam
244748408;244748408;Beekrombout;Gomphus vulgatissimus;2022-05-17;5;2022-06-09;1;ter plaatse;onbekend;larvenhuidje;onbekend;209296.6241175786;219980.05611165983;5.21870422363281;51.28662109375;FS5484;Postel;Mol;Mol;Antwerpen;Meetnetten.be;J;Goedgekeurd op basis van expertoordeel;2023-05-16;3;meetnetten.be: levensfase: larvenhuidje_ activiteit: ter plaatse;10;Libellen;Gomphidae;2026-07-08;603;S;zeldzaam
244748407;244748407;Beekrombout;Gomphus vulgatissimus;2022-05-17;5;2022-06-09;1;ter plaatse;onbekend;larvenhuidje;onbekend;209317.59516516735;219999.3962949412;5.21900796890259;51.286792755127;FS5484;Postel;Mol;Mol;Antwerpen;Meetnetten.be;J;Goedgekeurd op basis van expertoordeel;2023-05-16;3;meetnetten.be: levensfase: larvenhuidje_ activiteit: ter plaatse;10;Libellen;Gomphidae;2026-07-08;603;S;zeldzaam
244748406;244748406;Beekrombout;Gomphus vulgatissimus;2022-05-17;5;2022-06-09;1;ter plaatse;onbekend;larvenhuidje;onbekend;209317.61227720484;220006.61200413943;5.21900939941406;51.2868576049805;FS5484;Postel - Golfbaan;Mol;Mol;Antwerpen;Meetnetten.be;J;Goedgekeurd op basis van expertoordeel;2023-05-16;3;meetnetten.be: levensfase: larvenhuidje_ activiteit: ter plaatse;10;Libellen;Gomphidae;2026-07-08;603;S;zeldzaam
244748405;244748405;Beekrombout;Gomphus vulgatissimus;2022-05-17;5;2022-06-09;1;ter plaatse;onbekend;larvenhuidje;onbekend;209317.94492722215;220006.615816514;5.21901416778564;51.2868576049805;FS5484;Postel - Golfbaan;Mol;Mol;Antwerpen;Meetnetten.be;J;Goedgekeurd op basis van expertoordeel;2023-05-16;3;meetnetten.be: levensfase: larvenhuidje_ activiteit: ter plaatse;10;Libellen;Gomphidae;2026-07-08;603;S;zeldzaam
244748403;244748403;Beekrombout;Gomphus vulgatissimus;2022-05-17;5;2022-06-09;1;ter plaatse;onbekend;larvenhuidje;onbekend;209320.3440887117;220009.18996474703;5.21904897689819;51.2868804931641;FS5484;Postel - Golfbaan;Mol;Mol;Antwerpen;Meetnetten.be;J;Goedgekeurd op basis van expertoordeel;2023-05-16;3;meetnetten.be: levensfase: larvenhuidje_ activiteit: ter plaatse;10;Libellen;Gomphidae;2026-07-08;603;S;zeldzaam
244748402;244748402;Beekrombout;Gomphus vulgatissimus;2022-05-17;5;2022-06-09;1;ter plaatse;onbekend;larvenhuidje;onbekend;209322.53816989012;220032.5594206769;5.2190842628479;51.2870903015137;FS5484;Postel - Golfbaan;Mol;Mol;Antwerpen;Meetnetten.be;J;Goedgekeurd op basis van expertoordeel;2023-05-16;3;meetnetten.be: levensfase: larvenhuidje_ activiteit: ter plaatse;10;Libellen;Gomphidae;2026-07-08;603;S;zeldzaam
244748401;244748401;Beekrombout;Gomphus vulgatissimus;2022-05-17;5;2022-06-09;1;ter plaatse;onbekend;larvenhuidje;onbekend;209322.98850060155;220036.8090022113;5.21909141540527;51.2871284484863;FS5484;Postel - Golfbaan;Mol;Mol;Antwerpen;Meetnetten.be;J;Goedgekeurd op basis van expertoordeel;2023-05-16;3;meetnetten.be: levensfase: larvenhuidje_ activiteit: ter plaatse;10;Libellen;Gomphidae;2026-07-08;603;S;zeldzaam
244748400;244748400;Beekrombout;Gomphus vulgatissimus;2022-05-17;5;2022-06-09;1;ter plaatse;onbekend;larvenhuidje;onbekend;209322.61207513424;220040.6246658219;5.21908664703369;51.2871627807617;FS5484;Postel - Golfbaan;Mol;Mol;Antwerpen;Meetnetten.be;J;Goedgekeurd op basis van expertoordeel;2023-05-16;3;meetnetten.be: levensfase: larvenhuidje_ activiteit: ter plaatse;10;Libellen;Gomphidae;2026-07-08;603;S;zeldzaam
244748399;244748399;Beekrombout;Gomphus vulgatissimus;2022-05-17;5;2022-06-09;1;ter plaatse;onbekend;larvenhuidje;onbekend;209323.89151466708;220036.39491035417;5.21910429000854;51.2871246337891;FS5484;Postel - Golfbaan;Mol;Mol;Antwerpen;Meetnetten.be;J;Goedgekeurd op basis van expertoordeel;2023-05-16;3;meetnetten.be: levensfase: larvenhuidje_ activiteit: ter plaatse;10;Libellen;Gomphidae;2026-07-08;603;S;zeldzaam
244748398;244748398;Beekrombout;Gomphus vulgatissimus;2022-05-10;5;2022-06-09;1;ter plaatse;onbekend;larvenhuidje;onbekend;209308.2507883184;219987.40483773596;5.2188720703125;51.2866859436035;FS5484;Postel;Mol;Mol;Antwerpen;Meetnetten.be;J;Goedgekeurd op basis van expertoordeel;2023-05-09;3;meetnetten.be: levensfase: larvenhuidje_ activiteit: ter plaatse;10;Libellen;Gomphidae;2026-07-08;603;S;zeldzaam
244748397;244748397;Beekrombout;Gomphus vulgatissimus;2022-05-10;5;2022-06-09;1;ter plaatse;onbekend;larvenhuidje;onbekend;209310.6451005629;219990.4033674952;5.21890687942505;51.2867126464844;FS5484;Postel;Mol;Mol;Antwerpen;Meetnetten.be;J;Goedgekeurd op basis van expertoordeel;2023-05-09;3;meetnetten.be: levensfase: larvenhuidje_ activiteit: ter plaatse;10;Libellen;Gomphidae;2026-07-08;603;S;zeldzaam
244748396;244748396;Beekrombout;Gomphus vulgatissimus;2022-05-10;5;2022-06-09;3;ter plaatse;onbekend;larvenhuidje;onbekend;209315.0304517113;219993.8491573762;5.21897029876709;51.2867431640625;FS5484;Postel;Mol;Mol;Antwerpen;Meetnetten.be;J;Goedgekeurd op basis van expertoordeel;2023-05-09;3;meetnetten.be: levensfase: larvenhuidje_ activiteit: ter plaatse;10;Libellen;Gomphidae;2026-07-08;603;S;zeldzaam
244748395;244748395;Beekrombout;Gomphus vulgatissimus;2022-05-10;5;2022-06-09;1;ter plaatse;onbekend;larvenhuidje;onbekend;209315.57650399476;219995.55318292323;5.21897840499878;51.2867584228516;FS5484;Postel;Mol;Mol;Antwerpen;Meetnetten.be;J;Goedgekeurd op basis van expertoordeel;2023-05-09;3;meetnetten.be: levensfase: larvenhuidje_ activiteit: ter plaatse;10;Libellen;Gomphidae;2026-07-08;603;S;zeldzaam
244748394;244748394;Beekrombout;Gomphus vulgatissimus;2022-05-10;5;2022-06-09;1;ter plaatse;onbekend;larvenhuidje;onbekend;209316.8648949504;219993.44573858476;5.21899652481079;51.2867393493652;FS5484;Postel;Mol;Mol;Antwerpen;Meetnetten.be;J;Goedgekeurd op basis van expertoordeel;2023-05-09;3;meetnetten.be: levensfase: larvenhuidje_ activiteit: ter plaatse;10;Libellen;Gomphidae;2026-07-08;603;S;zeldzaam
244748393;244748393;Beekrombout;Gomphus vulgatissimus;2022-05-10;5;2022-06-09;1;ter plaatse;onbekend;larvenhuidje;onbekend;209318.3610425717;219996.4339788053;5.21901845932007;51.2867660522461;FS5484;Postel;Mol;Mol;Antwerpen;Meetnetten.be;J;Goedgekeurd op basis van expertoordeel;2023-05-09;3;meetnetten.be: levensfase: larvenhuidje_ activiteit: ter plaatse;10;Libellen;Gomphidae;2026-07-08;603;S;zeldzaam
244748392;244748392;Beekrombout;Gomphus vulgatissimus;2022-05-10;5;2022-06-09;1;ter plaatse;onbekend;larvenhuidje;onbekend;209329.4594823577;220006.3233515704;5.21917915344238;51.2868537902832;FS5484;Postel - Golfbaan;Mol;Mol;Antwerpen;Meetnetten.be;J;Goedgekeurd op basis van expertoordeel;2023-05-09;3;meetnetten.be: levensfase: larvenhuidje_ activiteit: ter plaatse;10;Libellen;Gomphidae;2026-07-08;603;S;zeldzaam
244748391;244748391;Beekrombout;Gomphus vulgatissimus;2022-05-10;5;2022-06-09;1;ter plaatse;onbekend;larvenhuidje;onbekend;209317.6616952632;219999.39705741403;5.2190089225769;51.286792755127;FS5484;Postel;Mol;Mol;Antwerpen;Meetnetten.be;J;Goedgekeurd op basis van expertoordeel;2023-05-09;3;meetnetten.be: levensfase: larvenhuidje_ activiteit: ter plaatse;10;Libellen;Gomphidae;2026-07-08;603;S;zeldzaam
244748390;244748390;Beekrombout;Gomphus vulgatissimus;2022-05-10;5;2022-06-09;1;ter plaatse;onbekend;larvenhuidje;onbekend;209317.6616952632;219999.39705741403;5.2190089225769;51.286792755127;FS5484;Postel;Mol;Mol;Antwerpen;Meetnetten.be;J;Goedgekeurd op basis van expertoordeel;2023-05-09;3;meetnetten.be: levensfase: larvenhuidje_ activiteit: ter plaatse;10;Libellen;Gomphidae;2026-07-08;603;S;zeldzaam
244748388;244748388;Beekrombout;Gomphus vulgatissimus;2022-05-10;5;2022-06-09;1;ter plaatse;onbekend;larvenhuidje;onbekend;209322.9444057517;220005.82423225231;5.21908569335938;51.2868499755859;FS5484;Postel - Golfbaan;Mol;Mol;Antwerpen;Meetnetten.be;J;Goedgekeurd op basis van expertoordeel;2023-05-09;3;meetnetten.be: levensfase: larvenhuidje_ activiteit: ter plaatse;10;Libellen;Gomphidae;2026-07-08;603;S;zeldzaam
244748387;244748387;Beekrombout;Gomphus vulgatissimus;2022-05-10;5;2022-06-09;1;ter plaatse;onbekend;larvenhuidje;onbekend;209324.65802309255;220013.0593867274;5.21911144256592;51.2869148254395;FS5484;Postel - Golfbaan;Mol;Mol;Antwerpen;Meetnetten.be;J;Goedgekeurd op basis van expertoordeel;2023-05-09;3;meetnetten.be: levensfase: larvenhuidje_ activiteit: ter plaatse;10;Libellen;Gomphidae;2026-07-08;603;S;zeldzaam
244748386;244748386;Beekrombout;Gomphus vulgatissimus;2022-05-10;5;2022-06-09;1;ter plaatse;onbekend;larvenhuidje;onbekend;209324.68642375484;220013.484154216;5.21911191940308;51.2869186401367;FS5484;Postel - Golfbaan;Mol;Mol;Antwerpen;Meetnetten.be;J;Goedgekeurd op basis van expertoordeel;2023-05-09;3;meetnetten.be: levensfase: larvenhuidje_ activiteit: ter plaatse;10;Libellen;Gomphidae;2026-07-08;603;S;zeldzaam
244748384;244748384;Beekrombout;Gomphus vulgatissimus;2022-05-10;5;2022-06-09;1;ter plaatse;onbekend;larvenhuidje;onbekend;209324.6150295464;220013.90777787287;5.21911096572876;51.286922454834;FS5484;Postel - Golfbaan;Mol;Mol;Antwerpen;Meetnetten.be;J;Goedgekeurd op basis van expertoordeel;2023-05-09;3;meetnetten.be: levensfase: larvenhuidje_ activiteit: ter plaatse;10;Libellen;Gomphidae;2026-07-08;603;S;zeldzaam
244748383;244748383;Beekrombout;Gomphus vulgatissimus;2022-05-10;5;2022-06-09;1;ter plaatse;onbekend;larvenhuidje;onbekend;209324.64829450136;220013.90815915357;5.21911144256592;51.286922454834;FS5484;Postel - Golfbaan;Mol;Mol;Antwerpen;Meetnetten.be;J;Goedgekeurd op basis van expertoordeel;2023-05-09;3;meetnetten.be: levensfase: larvenhuidje_ activiteit: ter plaatse;10;Libellen;Gomphidae;2026-07-08;603;S;zeldzaam
244748382;244748382;Beekrombout;Gomphus vulgatissimus;2022-05-10;5;2022-06-09;1;ter plaatse;onbekend;larvenhuidje;onbekend;209324.64829450136;220013.90815915357;5.21911144256592;51.286922454834;FS5484;Postel - Golfbaan;Mol;Mol;Antwerpen;Meetnetten.be;J;Goedgekeurd op basis van expertoordeel;2023-05-09;3;meetnetten.be: levensfase: larvenhuidje_ activiteit: ter plaatse;10;Libellen;Gomphidae;2026-07-08;603;S;zeldzaam
244748381;244748381;Beekrombout;Gomphus vulgatissimus;2022-05-10;5;2022-06-09;1;ter plaatse;onbekend;larvenhuidje;onbekend;209324.01547558693;220016.87199964747;5.21910285949707;51.2869491577148;FS5484;Postel - Golfbaan;Mol;Mol;Antwerpen;Meetnetten.be;J;Goedgekeurd op basis van expertoordeel;2023-05-09;3;meetnetten.be: levensfase: larvenhuidje_ activiteit: ter plaatse;10;Libellen;Gomphidae;2026-07-08;603;S;zeldzaam
244748380;244748380;Beekrombout;Gomphus vulgatissimus;2022-05-10;5;2022-06-09;1;ter plaatse;onbekend;larvenhuidje;onbekend;209324.57533006684;220020.27395246644;5.21911144256592;51.286979675293;FS5484;Postel - Golfbaan;Mol;Mol;Antwerpen;Meetnetten.be;J;Goedgekeurd op basis van expertoordeel;2023-05-09;3;meetnetten.be: levensfase: larvenhuidje_ activiteit: ter plaatse;10;Libellen;Gomphidae;2026-07-08;603;S;zeldzaam
244748379;244748379;Beekrombout;Gomphus vulgatissimus;2022-05-10;5;2022-06-09;1;ter plaatse;onbekend;larvenhuidje;onbekend;209323.1400745835;220020.68194380123;5.21909093856812;51.2869834899902;FS5484;Postel - Golfbaan;Mol;Mol;Antwerpen;Meetnetten.be;J;Goedgekeurd op basis van expertoordeel;2023-05-09;3;meetnetten.be: levensfase: larvenhuidje_ activiteit: ter plaatse;10;Libellen;Gomphidae;2026-07-08;603;S;zeldzaam
244748377;244748377;Beekrombout;Gomphus vulgatissimus;2022-05-10;5;2022-06-09;1;ter plaatse;onbekend;larvenhuidje;onbekend;209322.4829366237;220025.7677157363;5.21908235549927;51.2870292663574;FS5484;Postel - Golfbaan;Mol;Mol;Antwerpen;Meetnetten.be;J;Goedgekeurd op basis van expertoordeel;2023-05-09;3;meetnetten.be: levensfase: larvenhuidje_ activiteit: ter plaatse;10;Libellen;Gomphidae;2026-07-08;603;S;zeldzaam
244748376;244748376;Beekrombout;Gomphus vulgatissimus;2022-05-10;5;2022-06-09;1;ter plaatse;onbekend;larvenhuidje;onbekend;209321.87852101872;220029.15632413235;5.21907424926758;51.2870597839355;FS5484;Postel - Golfbaan;Mol;Mol;Antwerpen;Meetnetten.be;J;Goedgekeurd op basis van expertoordeel;2023-05-09;3;meetnetten.be: levensfase: larvenhuidje_ activiteit: ter plaatse;10;Libellen;Gomphidae;2026-07-08;603;S;zeldzaam
244748375;244748375;Beekrombout;Gomphus vulgatissimus;2022-05-10;5;2022-06-09;1;ter plaatse;onbekend;larvenhuidje;onbekend;209321.87852101872;220029.15632413235;5.21907424926758;51.2870597839355;FS5484;Postel - Golfbaan;Mol;Mol;Antwerpen;Meetnetten.be;J;Goedgekeurd op basis van expertoordeel;2023-05-09;3;meetnetten.be: levensfase: larvenhuidje_ activiteit: ter plaatse;10;Libellen;Gomphidae;2026-07-08;603;S;zeldzaam
244748374;244748374;Beekrombout;Gomphus vulgatissimus;2022-05-10;5;2022-06-09;1;ter plaatse;onbekend;larvenhuidje;onbekend;209324.00511684563;220038.093980466;5.21910619735718;51.2871398925781;FS5484;Postel - Golfbaan;Mol;Mol;Antwerpen;Meetnetten.be;J;Goedgekeurd op basis van expertoordeel;2023-05-09;3;meetnetten.be: levensfase: larvenhuidje_ activiteit: ter plaatse;10;Libellen;Gomphidae;2026-07-08;603;S;zeldzaam
244748373;244748373;Beekrombout;Gomphus vulgatissimus;2022-05-10;5;2022-06-09;1;ter plaatse;onbekend;larvenhuidje;onbekend;209324.07164644412;220038.09474302083;5.21910715103149;51.2871398925781;FS5484;Postel - Golfbaan;Mol;Mol;Antwerpen;Meetnetten.be;J;Goedgekeurd op basis van expertoordeel;2023-05-09;3;meetnetten.be: levensfase: larvenhuidje_ activiteit: ter plaatse;10;Libellen;Gomphidae;2026-07-08;603;S;zeldzaam
352627689;352627689:3940537;Beekrombout;Gomphus vulgatissimus;2025-05-26;5;2025-05-26;1;ter plaatse;COLLECTED;imago, niet uitgekleurd;onbekend;228797.69854245716;218585.1046329364;5.497886666666667;51.271746666666665;FS7483;Warmbeekvallei - Grevenbroek (LiLa);Hamont-Achel;Achel;Limburg;Observation;J;Goedgekeurd op basis van bewijsmateriaal;1980-01-01;3;;5;Libellen;Gomphidae;2026-07-08;603;S;zeldzaam
352627689;352627689:3940536;Beekrombout;Gomphus vulgatissimus;2025-05-26;5;2025-05-26;1;ter plaatse;COLLECTED;larvenhuidje;onbekend;228797.69854245716;218585.1046329364;5.497886666666667;51.271746666666665;FS7483;Warmbeekvallei - Grevenbroek (LiLa);Hamont-Achel;Achel;Limburg;Observation;J;Goedgekeurd op basis van bewijsmateriaal;1980-01-01;3;;5;Libellen;Gomphidae;2026-07-08;603;S;zeldzaam
309578820;309578820;Beekrombout;Gomphus vulgatissimus;2024-05-14;5;2024-05-14;1;ter plaatse;gezien;imago, niet uitgekleurd;onbekend;209299.37362074963;219969.47656486928;5.218741893768311;51.28652572631836;FS5484;Postel;Mol;Mol;Antwerpen;Observation;J;Goedgekeurd op basis van expertoordeel;1980-01-01;3;;5;Libellen;Gomphidae;2026-07-08;603;S;zeldzaam
309578855;309578855;Beekrombout;Gomphus vulgatissimus;2024-05-14;5;2024-05-14;1;ter plaatse;gezien;imago, niet uitgekleurd;onbekend;209297.7003864552;219952.90416232403;5.218715190887451;51.286376953125;FS5484;Postel;Mol;Mol;Antwerpen;Observation;J;Goedgekeurd op basis van expertoordeel;1980-01-01;3;;5;Libellen;Gomphidae;2026-07-08;603;S;zeldzaam
309578872;309578872;Beekrombout;Gomphus vulgatissimus;2024-05-14;5;2024-05-14;1;ter plaatse;gezien;imago, niet uitgekleurd;Man;209319.12848409635;219987.52949374449;5.219027996063232;51.28668594360352;FS5484;Postel;Mol;Mol;Antwerpen;Observation;J;Goedgekeurd op basis van expertoordeel;1980-01-01;3;;5;Libellen;Gomphidae;2026-07-08;603;S;zeldzaam
397974538;397974538;Beekrombout;Gomphus vulgatissimus;2026-05-12;5;2026-05-12;1;ter plaatse;gezien;imago, niet uitgekleurd;Man;209320.5587646107;220027.125381493;5.219055;51.28704166666667;FS5484;Postel - Golfbaan;Mol;Mol;Antwerpen;Observation;J;Goedgekeurd op basis van bewijsmateriaal;1980-01-01;3;;11;Libellen;Gomphidae;2026-07-08;603;S;zeldzaam
349002442;349002442;Beekrombout;Gomphus vulgatissimus;2025-05-07;5;2025-05-07;3;ter plaatse;COLLECTED;larvenhuidje;onbekend;209326.59396799505;220037.8176496299;5.219143257196336;51.28713714234398;FS5484;Postel - Golfbaan;Mol;Mol;Antwerpen;Observation;J;Goedgekeurd op basis van expertoordeel;1980-01-01;3;;5;Libellen;Gomphidae;2026-07-08;603;S;zeldzaam
349002449;349002449;Beekrombout;Gomphus vulgatissimus;2025-05-07;5;2025-05-07;3;ter plaatse;COLLECTED;imago;onbekend;209326.59396799505;220037.8176496299;5.219143257196336;51.28713714234398;FS5484;Postel - Golfbaan;Mol;Mol;Antwerpen;Observation;J;Goedgekeurd op basis van expertoordeel;1980-01-01;3;;5;Libellen;Gomphidae;2026-07-08;603;S;zeldzaam
349002452;349002452;Beekrombout;Gomphus vulgatissimus;2025-05-07;5;2025-05-07;1;ter plaatse;COLLECTED;larvenhuidje;onbekend;209331.6167299881;220036.9818717884;5.219215109632208;51.28712911328107;FS5484;Postel - Golfbaan;Mol;Mol;Antwerpen;Observation;J;Goedgekeurd op basis van expertoordeel;1980-01-01;3;;5;Libellen;Gomphidae;2026-07-08;603;S;zeldzaam
349002456;349002456;Beekrombout;Gomphus vulgatissimus;2025-05-07;5;2025-05-07;1;ter plaatse;COLLECTED;larvenhuidje;onbekend;209332.819345627;220039.093466755;5.219232693305575;51.287147967459696;FS5484;Postel - Golfbaan;Mol;Mol;Antwerpen;Observation;J;Goedgekeurd op basis van expertoordeel;1980-01-01;3;;5;Libellen;Gomphidae;2026-07-08;603;S;zeldzaam
349002460;349002460;Beekrombout;Gomphus vulgatissimus;2025-05-07;5;2025-05-07;1;ter plaatse;COLLECTED;larvenhuidje;onbekend;209331.85770073207;220033.37522488556;5.21921797081679;51.287096673505495;FS5484;Postel - Golfbaan;Mol;Mol;Antwerpen;Observation;J;Goedgekeurd op basis van expertoordeel;1980-01-01;3;;5;Libellen;Gomphidae;2026-07-08;603;S;zeldzaam
349002465;349002465;Beekrombout;Gomphus vulgatissimus;2025-05-07;5;2025-05-07;1;ter plaatse;COLLECTED;larvenhuidje;onbekend;209332.59814323264;220033.12117125373;5.219228541608001;51.287094313896986;FS5484;Postel - Golfbaan;Mol;Mol;Antwerpen;Observation;J;Goedgekeurd op basis van expertoordeel;1980-01-01;3;;5;Libellen;Gomphidae;2026-07-08;603;S;zeldzaam
349002468;349002468;Beekrombout;Gomphus vulgatissimus;2025-05-07;5;2025-05-07;1;ter plaatse;COLLECTED;imago;Vrouw;209331.34137930677;220029.78275235463;5.219209980299628;51.2870644391444;FS5484;Postel - Golfbaan;Mol;Mol;Antwerpen;Observation;J;Goedgekeurd op basis van expertoordeel;1980-01-01;3;;5;Libellen;Gomphidae;2026-07-08;603;S;zeldzaam
244748353;244748353;Beekrombout;Gomphus vulgatissimus;2022-05-10;5;2022-06-09;1;ter plaatse;onbekend;larvenhuidje;onbekend;209290.54194582204;219959.18878346216;5.21861362457275;51.286434173584;FS5484;Postel;Mol;Mol;Antwerpen;Meetnetten.be;J;Goedgekeurd op basis van expertoordeel;2023-05-09;3;meetnetten.be: levensfase: larvenhuidje_ activiteit: ter plaatse;10;Libellen;Gomphidae;2026-07-08;603;S;zeldzaam
244748354;244748354;Beekrombout;Gomphus vulgatissimus;2022-05-10;5;2022-06-09;1;ter plaatse;onbekend;larvenhuidje;onbekend;209309.24465498124;219984.8695748076;5.21888589859009;51.2866630554199;FS5484;Postel;Mol;Mol;Antwerpen;Meetnetten.be;J;Goedgekeurd op basis van expertoordeel;2023-05-09;3;meetnetten.be: levensfase: larvenhuidje_ activiteit: ter plaatse;10;Libellen;Gomphidae;2026-07-08;603;S;zeldzaam
244748355;244748355;Beekrombout;Gomphus vulgatissimus;2022-05-10;5;2022-06-09;1;ter plaatse;onbekend;larvenhuidje;onbekend;209309.25924399903;219983.59641625453;5.21888589859009;51.2866516113281;FS5484;Postel;Mol;Mol;Antwerpen;Meetnetten.be;J;Goedgekeurd op basis van expertoordeel;2023-05-09;3;meetnetten.be: levensfase: larvenhuidje_ activiteit: ter plaatse;10;Libellen;Gomphidae;2026-07-08;603;S;zeldzaam
244748356;244748356;Beekrombout;Gomphus vulgatissimus;2022-05-10;5;2022-06-09;1;ter plaatse;onbekend;larvenhuidje;onbekend;209307.30223776;219980.17845623105;5.2188572883606;51.28662109375;FS5484;Postel;Mol;Mol;Antwerpen;Meetnetten.be;J;Goedgekeurd op basis van expertoordeel;2023-05-09;3;meetnetten.be: levensfase: larvenhuidje_ activiteit: ter plaatse;10;Libellen;Gomphidae;2026-07-08;603;S;zeldzaam
244748357;244748357;Beekrombout;Gomphus vulgatissimus;2022-05-10;5;2022-06-09;1;ter plaatse;onbekend;larvenhuidje;onbekend;209307.30223776;219980.17845623105;5.2188572883606;51.28662109375;FS5484;Postel;Mol;Mol;Antwerpen;Meetnetten.be;J;Goedgekeurd op basis van expertoordeel;2023-05-09;3;meetnetten.be: levensfase: larvenhuidje_ activiteit: ter plaatse;10;Libellen;Gomphidae;2026-07-08;603;S;zeldzaam
244748358;244748358;Beekrombout;Gomphus vulgatissimus;2022-05-10;5;2022-06-09;1;ter plaatse;onbekend;larvenhuidje;onbekend;209307.34036577604;219979.7544512162;5.21885776519775;51.2866172790527;FS5484;Postel;Mol;Mol;Antwerpen;Meetnetten.be;J;Goedgekeurd op basis van expertoordeel;2023-05-09;3;meetnetten.be: levensfase: larvenhuidje_ activiteit: ter plaatse;10;Libellen;Gomphidae;2026-07-08;603;S;zeldzaam
244748359;244748359;Beekrombout;Gomphus vulgatissimus;2022-05-10;5;2022-06-09;1;ter plaatse;onbekend;larvenhuidje;onbekend;209312.15895277375;219980.23410933;5.21892690658569;51.28662109375;FS5484;Postel;Mol;Mol;Antwerpen;Meetnetten.be;J;Goedgekeurd op basis van expertoordeel;2023-05-09;3;meetnetten.be: levensfase: larvenhuidje_ activiteit: ter plaatse;10;Libellen;Gomphidae;2026-07-08;603;S;zeldzaam
349002473;349002473;Beekrombout;Gomphus vulgatissimus;2025-05-07;5;2025-05-07;1;ter plaatse;COLLECTED;imago;Vrouw;209331.98031644087;220028.8437010441;5.219218983694024;51.28705593353784;FS5484;Postel - Golfbaan;Mol;Mol;Antwerpen;Observation;J;Goedgekeurd op basis van expertoordeel;1980-01-01;3;;5;Libellen;Gomphidae;2026-07-08;603;S;zeldzaam
349002476;349002476;Beekrombout;Gomphus vulgatissimus;2025-05-07;5;2025-05-07;1;ter plaatse;COLLECTED;larvenhuidje;onbekend;209331.916074613;220029.7167271953;5.219218206375773;51.28706378653004;FS5484;Postel - Golfbaan;Mol;Mol;Antwerpen;Observation;J;Goedgekeurd op basis van expertoordeel;1980-01-01;3;;5;Libellen;Gomphidae;2026-07-08;603;S;zeldzaam
349002480;349002480;Beekrombout;Gomphus vulgatissimus;2025-05-07;5;2025-05-07;1;ter plaatse;COLLECTED;larvenhuidje;onbekend;209332.75709202047;220028.83803108428;5.219230116036505;51.28705580254859;FS5484;Postel - Golfbaan;Mol;Mol;Antwerpen;Observation;J;Goedgekeurd op basis van expertoordeel;1980-01-01;3;;5;Libellen;Gomphidae;2026-07-08;603;S;zeldzaam
349002485;349002485;Beekrombout;Gomphus vulgatissimus;2025-05-07;5;2025-05-07;1;ter plaatse;COLLECTED;larvenhuidje;onbekend;209331.2679548377;220023.31562532205;5.219207865386712;51.28700632302664;FS5484;Postel - Golfbaan;Mol;Mol;Antwerpen;Observation;J;Goedgekeurd op basis van expertoordeel;1980-01-01;3;;5;Libellen;Gomphidae;2026-07-08;603;S;zeldzaam
349002488;349002488;Beekrombout;Gomphus vulgatissimus;2025-05-07;5;2025-05-07;1;ter plaatse;COLLECTED;larvenhuidje;onbekend;209330.5369665367;220022.48840722628;5.219197252468692;51.28699896366631;FS5484;Postel - Golfbaan;Mol;Mol;Antwerpen;Observation;J;Goedgekeurd op basis van expertoordeel;1980-01-01;3;;5;Libellen;Gomphidae;2026-07-08;603;S;zeldzaam
349002492;349002492;Beekrombout;Gomphus vulgatissimus;2025-05-07;5;2025-05-07;1;ter plaatse;COLLECTED;larvenhuidje;onbekend;209330.51016977784;220019.75493908956;5.219196419300033;51.28697439922176;FS5484;Postel - Golfbaan;Mol;Mol;Antwerpen;Observation;J;Goedgekeurd op basis van expertoordeel;1980-01-01;3;;5;Libellen;Gomphidae;2026-07-08;603;S;zeldzaam
349002495;349002495;Beekrombout;Gomphus vulgatissimus;2025-05-07;5;2025-05-07;1;ter plaatse;COLLECTED;larvenhuidje;onbekend;209328.97185984167;220018.69457371905;5.219174197027941;51.28696502760844;FS5484;Postel - Golfbaan;Mol;Mol;Antwerpen;Observation;J;Goedgekeurd op basis van expertoordeel;1980-01-01;3;;5;Libellen;Gomphidae;2026-07-08;603;S;zeldzaam
349002503;349002503;Beekrombout;Gomphus vulgatissimus;2025-05-07;5;2025-05-07;3;ter plaatse;COLLECTED;larvenhuidje;onbekend;209331.051259014;220014.3144382164;5.219203280681029;51.286925446654095;FS5484;Postel - Golfbaan;Mol;Mol;Antwerpen;Observation;J;Goedgekeurd op basis van expertoordeel;1980-01-01;3;;5;Libellen;Gomphidae;2026-07-08;603;S;zeldzaam
349002507;349002507;Beekrombout;Gomphus vulgatissimus;2025-05-07;5;2025-05-07;1;ter plaatse;COLLECTED;larvenhuidje;onbekend;209331.12604435504;220013.0644653868;5.219204147184263;51.28691420474479;FS5484;Postel - Golfbaan;Mol;Mol;Antwerpen;Observation;J;Goedgekeurd op basis van expertoordeel;1980-01-01;3;;5;Libellen;Gomphidae;2026-07-08;603;S;zeldzaam
349002511;349002511;Beekrombout;Gomphus vulgatissimus;2025-05-07;5;2025-05-07;1;ter plaatse;COLLECTED;larvenhuidje;onbekend;209329.04703311;220008.63111173268;5.219173621111892;51.28687457390591;FS5484;Postel - Golfbaan;Mol;Mol;Antwerpen;Observation;J;Goedgekeurd op basis van expertoordeel;1980-01-01;3;;5;Libellen;Gomphidae;2026-07-08;603;S;zeldzaam
349002515;349002515;Beekrombout;Gomphus vulgatissimus;2025-05-07;5;2025-05-07;1;ter plaatse;COLLECTED;larvenhuidje;onbekend;209329.2971471;220005.9788189819;5.219176770149438;51.286850710500445;FS5484;Postel - Golfbaan;Mol;Mol;Antwerpen;Observation;J;Goedgekeurd op basis van expertoordeel;1980-01-01;3;;5;Libellen;Gomphidae;2026-07-08;603;S;zeldzaam
349002521;349002521;Beekrombout;Gomphus vulgatissimus;2025-05-07;5;2025-05-07;1;ter plaatse;COLLECTED;larvenhuidje;onbekend;209330.08773505973;220007.0417647613;5.219188275978301;51.28686018233933;FS5484;Postel - Golfbaan;Mol;Mol;Antwerpen;Observation;J;Goedgekeurd op basis van expertoordeel;1980-01-01;3;;5;Libellen;Gomphidae;2026-07-08;603;S;zeldzaam
349002537;349002537;Beekrombout;Gomphus vulgatissimus;2025-05-07;5;2025-05-07;1;ter plaatse;COLLECTED;larvenhuidje;onbekend;209321.5143987672;219996.01574664284;5.219063586374967;51.286761968543445;FS5484;Postel;Mol;Mol;Antwerpen;Observation;J;Goedgekeurd op basis van expertoordeel;1980-01-01;3;;5;Libellen;Gomphidae;2026-07-08;603;S;zeldzaam
241130569;241130569;Beekrombout;Gomphus vulgatissimus;2022-05-11;5;2022-05-11;1;ter plaatse;onbekend;imago;Vrouw;228064.49417736012;221193.91323120703;5.48794561;51.2952922;FS7385;Achel - Achelse Kluis NW;Hamont-Achel;Achel;Limburg;ObsIdentify;J;Goedgekeurd op basis van bewijsmateriaal;1980-01-01;4;;12;Libellen;Gomphidae;2026-07-08;603;S;zeldzaam
241114458;241114458;Beekrombout;Gomphus vulgatissimus;2022-05-10;5;2022-05-11;1;dood;gezien;imago;onbekend;209325.43628908877;220035.13929055445;5.21912622451782;51.2871131896973;FS5484;Postel - Golfbaan;Mol;Mol;Antwerpen;ObsMapp;J;Goedgekeurd op basis van expertoordeel;2007-01-01;4;;6;Libellen;Gomphidae;2026-07-08;603;S;zeldzaam
192621013;192621013;Beekrombout;Gomphus vulgatissimus;2020-05-19;5;2020-05-28;1;ter plaatse;gezien;imago;Man;209328.3463562884;220010.555011726;5.21916389465332;51.2868919372559;FS5484;Postel - Golfbaan;Mol;Mol;Antwerpen;ObsMapp;J;Goedgekeurd op basis van expertoordeel;2007-01-01;4;;25;Libellen;Gomphidae;2026-07-08;603;S;zeldzaam
192621012;192621012:1805919;Beekrombout;Gomphus vulgatissimus;2020-05-19;5;2020-05-28;1;in copula;gezien;imago;Vrouw;209327.0198352713;220013.08645824905;5.21914529800415;51.2869148254395;FS5484;Postel - Golfbaan;Mol;Mol;Antwerpen;ObsMapp;J;Goedgekeurd op basis van expertoordeel;2007-01-01;4;;25;Libellen;Gomphidae;2026-07-08;603;S;zeldzaam
192621012;192621012:1805918;Beekrombout;Gomphus vulgatissimus;2020-05-19;5;2020-05-28;1;in copula;gezien;imago;Man;209327.0198352713;220013.08645824905;5.21914529800415;51.2869148254395;FS5484;Postel - Golfbaan;Mol;Mol;Antwerpen;ObsMapp;J;Goedgekeurd op basis van expertoordeel;2007-01-01;4;;25;Libellen;Gomphidae;2026-07-08;603;S;zeldzaam
192621007;192621007:1805913;Beekrombout;Gomphus vulgatissimus;2020-05-19;5;2020-05-28;1;in copula;gezien;imago;Vrouw;209300.0120632661;219963.11725145485;5.21875;51.2864685058594;FS5484;Postel;Mol;Mol;Antwerpen;ObsMapp;J;Goedgekeurd op basis van expertoordeel;2007-01-01;4;;25;Libellen;Gomphidae;2026-07-08;603;S;zeldzaam
191556426;191556426;Beekrombout;Gomphus vulgatissimus;2020-05-14;5;2020-05-17;2;ter plaatse;gezien;imago;Man;222343.55276305295;216234.20798374712;5.40494441986084;51.25146484375;FS6780;Neerpelt - Het Hageven - Verkeerde lievenheer;Neerpelt;Neerpelt;Limburg;copied observation;J;Goedgekeurd op basis van expertoordeel;2007-01-01;4;;25;Libellen;Gomphidae;2026-07-08;603;S;zeldzaam
191549826;191549826;Beekrombout;Gomphus vulgatissimus;2020-05-14;5;2020-05-17;1;ter plaatse;gezien;imago, niet uitgekleurd;Man;222485.103504346;216109.91617572308;5.4069467;51.25033;FS6780;Neerpelt - Het Hageven - Verkeerde lievenheer;Neerpelt;Neerpelt;Limburg;Site;J;Goedgekeurd op basis van bewijsmateriaal;1980-01-01;4;;5;Libellen;Gomphidae;2026-07-08;603;S;zeldzaam
214827582;214827582;Beekrombout;Gomphus vulgatissimus;2021-05-26;5;2021-05-26;1;ter plaatse;onbekend;imago, niet uitgekleurd;Man;226040.95254641253;217737.60546865687;5.45821148;51.2645004;FS7182;  ;Hamont-Achel;Achel;Limburg;ObsIdentify;J;Goedgekeurd op basis van bewijsmateriaal;1980-01-01;3;;5;Libellen;Gomphidae;2026-07-08;603;S;zeldzaam
191538620;191538620;Beekrombout;Gomphus vulgatissimus;2020-05-14;5;2020-05-17;2;ter plaatse;gezien;imago;Man;222520.5319155323;216498.62234641425;5.407532;51.253819;FS6880;Neerpelt - Het Hageven - Verkeerde lievenheer;Neerpelt;Neerpelt;Limburg;ObsMapp;J;Goedgekeurd op basis van bewijsmateriaal;2007-01-01;4;;25;Libellen;Gomphidae;2026-07-08;603;S;zeldzaam
191404030;191404030;Beekrombout;Gomphus vulgatissimus;2020-05-14;5;2020-05-15;1;ter plaatse;gezien;imago;Man;223147.55398894392;216122.83220443223;5.41643619537354;51.2503623962402;FS6880;Neerpelt - Het Hageven;Neerpelt;Neerpelt;Limburg;copied observation;J;Goedgekeurd op basis van expertoordeel;2007-01-01;4;;25;Libellen;Gomphidae;2026-07-08;603;S;zeldzaam
191403961;191403961;Beekrombout;Gomphus vulgatissimus;2020-05-14;5;2020-05-15;5;ter plaatse;gezien;imago;Man;222512.05794376304;216115.59581959248;5.4073338508606;51.2503776550293;FS6880;Neerpelt - Het Hageven - Verkeerde lievenheer;Neerpelt;Neerpelt;Limburg;copied observation;J;Goedgekeurd op basis van expertoordeel;2007-01-01;4;;25;Libellen;Gomphidae;2026-07-08;603;S;zeldzaam
191403937;191403937;Beekrombout;Gomphus vulgatissimus;2020-05-14;5;2020-05-15;2;ter plaatse;gezien;imago;Man;222520.98549123696;216103.41175711527;5.4074592590332;51.2502670288086;FS6880;Neerpelt - Het Hageven - Verkeerde lievenheer;Neerpelt;Neerpelt;Limburg;copied observation;J;Goedgekeurd op basis van expertoordeel;2007-01-01;4;;25;Libellen;Gomphidae;2026-07-08;603;S;zeldzaam
192621007;192621007:1805912;Beekrombout;Gomphus vulgatissimus;2020-05-19;5;2020-05-28;1;in copula;gezien;imago;Man;209300.0120632661;219963.11725145485;5.21875;51.2864685058594;FS5484;Postel;Mol;Mol;Antwerpen;ObsMapp;J;Goedgekeurd op basis van expertoordeel;2007-01-01;4;;25;Libellen;Gomphidae;2026-07-08;603;S;zeldzaam
192621004;192621004:1805911;Beekrombout;Gomphus vulgatissimus;2020-05-19;5;2020-05-28;1;in copula;gezien;imago;Vrouw;209290.7236216492;219954.94644611515;5.21861553192139;51.2863960266113;FS5484;Postel;Mol;Mol;Antwerpen;ObsMapp;J;Goedgekeurd op basis van expertoordeel;2007-01-01;4;;25;Libellen;Gomphidae;2026-07-08;603;S;zeldzaam
309827341;309827341;Beekrombout;Gomphus vulgatissimus;2024-05-08;5;2024-05-16;1;ter plaatse;gezien;imago, niet uitgekleurd;Man;209325.0376320753;220038.1177674299;5.219120999999973;51.28714;FS5484;Postel - Golfbaan;Mol;Mol;Antwerpen;ObsMapp;J;Goedgekeurd op basis van bewijsmateriaal;1980-01-01;4;Meetnetten met Hannes_ Dirk en Michel;4;Libellen;Gomphidae;2026-07-08;603;S;zeldzaam
309827367;309827367;Beekrombout;Gomphus vulgatissimus;2024-05-08;5;2024-05-16;20;ter plaatse;gezien;larvenhuidje;Vrouw;209325.0376320753;220038.1177674299;5.219120999999973;51.28714;FS5484;Postel - Golfbaan;Mol;Mol;Antwerpen;ObsMapp;J;Goedgekeurd op basis van bewijsmateriaal;1980-01-01;4;Telling Meetnetten met Hannes_ Dirk en Michel;4;Libellen;Gomphidae;2026-07-08;603;S;zeldzaam
309827380;309827380;Beekrombout;Gomphus vulgatissimus;2024-05-08;5;2024-05-16;16;ter plaatse;gezien;larvenhuidje;Man;209325.0376320753;220038.1177674299;5.219120999999973;51.28714;FS5484;Postel - Golfbaan;Mol;Mol;Antwerpen;ObsMapp;J;Goedgekeurd op basis van bewijsmateriaal;1980-01-01;4;Telling Meetnetten met Hannes_ Dirk en Michel;4;Libellen;Gomphidae;2026-07-08;603;S;zeldzaam
309827402;309827402;Beekrombout;Gomphus vulgatissimus;2024-05-08;5;2024-05-16;1;ter plaatse;gezien;imago, niet uitgekleurd;Man;228807.48772309185;218677.19956773613;5.498047000000042;51.272573;FS7483;Hageven met Dommelvallei Beverbeekse Heide Warmbeek en Wateringen - N2000;Hamont-Achel;Achel;Limburg;ObsMapp;J;Goedgekeurd op basis van bewijsmateriaal;1980-01-01;4;Meetnetten met Hannes_ Dirk_ Michel en Geert;5;Libellen;Gomphidae;2026-07-08;603;S;zeldzaam
309827424;309827424;Beekrombout;Gomphus vulgatissimus;2024-05-08;5;2024-05-16;1;ter plaatse;gezien;imago, niet uitgekleurd;Vrouw;228815.3476895092;218660.62872060016;5.4981559999999945;51.272423;FS7483;Warmbeekvallei - Grevenbroek (LiLa);Hamont-Achel;Achel;Limburg;ObsMapp;J;Goedgekeurd op basis van bewijsmateriaal;1980-01-01;4;Meetnetten met Hannes_ Dirk_ Michel en Geert;5;Libellen;Gomphidae;2026-07-08;603;S;zeldzaam
309827701;309827701;Beekrombout;Gomphus vulgatissimus;2024-05-08;5;2024-05-16;10;ter plaatse;gezien;larvenhuidje;Vrouw;228785.0596539481;218577.8281442616;5.497703999999999;51.271683;FS7483;Warmbeekvallei - Grevenbroek (LiLa);Hamont-Achel;Achel;Limburg;ObsMapp;J;Goedgekeurd op basis van bewijsmateriaal;1980-01-01;4;Telling Meetnetten met Hannes_ Dirk_ Michel en Geert. 10 vr - 5 man en 1 Gewone Bronlibel;4;Libellen;Gomphidae;2026-07-08;603;S;zeldzaam
309827718;309827718;Beekrombout;Gomphus vulgatissimus;2024-05-08;5;2024-05-16;5;ter plaatse;gezien;larvenhuidje;Man;228785.0596539481;218577.8281442616;5.497703999999999;51.271683;FS7483;Warmbeekvallei - Grevenbroek (LiLa);Hamont-Achel;Achel;Limburg;ObsMapp;J;Goedgekeurd op basis van bewijsmateriaal;1980-01-01;4;Telling Meetnetten met Hannes_ Dirk_ Michel en Geert - 10 vr - 5 man en 1 Bronlibel;4;Libellen;Gomphidae;2026-07-08;603;S;zeldzaam
349195802;349195802;Beekrombout;Gomphus vulgatissimus;2025-05-07;5;2025-05-08;25;ter plaatse;COLLECTED;larvenhuidje;Vrouw;209296.95114894505;219956.23874072824;5.218705;51.286407;FS5484;Postel;Mol;Mol;Antwerpen;Site;J;Goedgekeurd op basis van expertoordeel;1980-01-01;4;Meetnetten Beekrombout met Hannes_ Dirk_ Chris en Ivo.__Hannes Ledegen sessie 2025-05-07 10:52 tot 12:23;5;Libellen;Gomphidae;2026-07-08;603;S;zeldzaam
309827877;309827877;Beekrombout;Gomphus vulgatissimus;2024-05-08;5;2024-05-16;1;ter plaatse;gezien;imago, niet uitgekleurd;Vrouw;229023.79626698425;216475.6918191593;5.500665000000026;51.252758;FS7480;Achel - Warande;Hamont-Achel;Achel;Limburg;ObsMapp;J;Goedgekeurd op basis van bewijsmateriaal;1980-01-01;4;Meetnetten met Hannes_ Dirk_ Michel en Geert;24;Libellen;Gomphidae;2026-07-08;603;S;zeldzaam
309827889;309827889;Beekrombout;Gomphus vulgatissimus;2024-05-08;5;2024-05-16;18;ter plaatse;gezien;larvenhuidje;Vrouw;229023.79626698425;216475.6918191593;5.500665000000026;51.252758;FS7480;Achel - Warande;Hamont-Achel;Achel;Limburg;ObsMapp;J;Goedgekeurd op basis van bewijsmateriaal;1980-01-01;4;Telling Meetnetten met Hannes_ Dirk_ Michel en Geert - Beekrombout 18 vrouwtjes 22 mannetjes en 6 onbekend;24;Libellen;Gomphidae;2026-07-08;603;S;zeldzaam
309827899;309827899;Beekrombout;Gomphus vulgatissimus;2024-05-08;5;2024-05-16;22;ter plaatse;gezien;larvenhuidje;Man;229023.79626698425;216475.6918191593;5.500665000000026;51.252758;FS7480;Achel - Warande;Hamont-Achel;Achel;Limburg;ObsMapp;J;Goedgekeurd op basis van bewijsmateriaal;1980-01-01;4;Telling Meetnetten met Hannes_ Dirk_ Michel en Geert. Beekrombout 18 vrouwtjes 22 mannetjes en 6 onbekend;24;Libellen;Gomphidae;2026-07-08;603;S;zeldzaam
241114748;241114748;Beekrombout;Gomphus vulgatissimus;2022-05-10;5;2022-05-11;1;ter plaatse;onbekend;larvenhuidje;onbekend;228429.8385317211;219694.25721488983;5.49285697937012;51.2817649841309;FS7384;Hamont-Achel - Beverbeek KULeuven;Hamont-Achel;Achel;Limburg;copied observation;J;Goedgekeurd op basis van expertoordeel;2007-01-01;4;;8;Libellen;Gomphidae;2026-07-08;603;S;zeldzaam
241114747;241114747;Beekrombout;Gomphus vulgatissimus;2022-05-10;5;2022-05-11;1;ter plaatse;onbekend;larvenhuidje;onbekend;228429.94170085285;219700.62570645008;5.49285984039307;51.2818222045898;FS7384;Hamont-Achel - Beverbeek KULeuven;Hamont-Achel;Achel;Limburg;copied observation;J;Goedgekeurd op basis van expertoordeel;2007-01-01;4;;6;Libellen;Gomphidae;2026-07-08;603;S;zeldzaam
349194772;349194772;Beekrombout;Gomphus vulgatissimus;2025-05-07;5;2025-05-08;23;ter plaatse;COLLECTED;larvenhuidje;Man;209296.96489475493;219956.24146237224;5.218705197458428;51.286407023045584;FS5484;Postel;Mol;Mol;Antwerpen;copied observation;J;Goedgekeurd op basis van expertoordeel;1980-01-01;4;Meetnetten Beekrombout met Hannes_ Dirk_ Chris en Ivo.__Hannes Ledegen sessie 2025-05-07 10:52 tot 12:23;5;Libellen;Gomphidae;2026-07-08;603;S;zeldzaam
309827946;309827946;Beekrombout;Gomphus vulgatissimus;2024-05-08;5;2024-05-16;1;ter plaatse;gezien;imago, niet uitgekleurd;Vrouw;228936.31962898764;215883.52050091515;5.499282999999991;51.247448;FS7480;Achel - Warande;Hamont-Achel;Achel;Limburg;ObsMapp;J;Goedgekeurd op basis van bewijsmateriaal;1980-01-01;4;Meetnetten met Hannes_ Dirk_ Michel en Geert;4;Libellen;Gomphidae;2026-07-08;603;S;zeldzaam
309828005;309828005;Beekrombout;Gomphus vulgatissimus;2024-05-08;5;2024-05-16;1;ter plaatse;gezien;imago, niet uitgekleurd;Vrouw;228930.0845223636;215893.9960374236;5.499195999999984;51.247543;FS7480;Achel - Warande;Hamont-Achel;Achel;Limburg;ObsMapp;J;Goedgekeurd op basis van bewijsmateriaal;1980-01-01;4;Meetnetten met Hannes_ Dirk_ Michel en Geert;4;Libellen;Gomphidae;2026-07-08;603;S;zeldzaam
349181318;349181318;Beekrombout;Gomphus vulgatissimus;2025-05-07;5;2025-05-08;24;ter plaatse;gezien;larvenhuidje;Vrouw;228791.40202486012;218587.6051173164;5.497796999999991;51.27177;FS7483;Warmbeekvallei - Grevenbroek (LiLa);Hamont-Achel;Achel;Limburg;Site;J;Goedgekeurd op basis van expertoordeel;1980-01-01;4;Meetnetten Beekrombout met Hannes_ Dirk_ Chris en Ivo;6;Libellen;Gomphidae;2026-07-08;603;S;zeldzaam
349179444;349179444;Beekrombout;Gomphus vulgatissimus;2025-05-07;5;2025-05-08;1;ter plaatse;gezien;imago, niet uitgekleurd;Man;228806.02987740663;218580.3726370661;5.498005000000035;51.271703;FS7483;Warmbeekvallei - Grevenbroek (LiLa);Hamont-Achel;Achel;Limburg;Site;J;Goedgekeurd op basis van bewijsmateriaal;1980-01-01;4;Meetnetten Beekrombout met Hannes_ Dirk_ Chris en Ivo;2;Libellen;Gomphidae;2026-07-08;603;S;zeldzaam
349176030;349176030;Beekrombout;Gomphus vulgatissimus;2025-05-07;5;2025-05-08;1;ter plaatse;gezien;imago, niet uitgekleurd;Man;228792.46138024185;218590.22110856883;5.497812747955322;51.27179336547852;FS7483;Warmbeekvallei - Grevenbroek (LiLa);Hamont-Achel;Achel;Limburg;ObsMapp;J;Goedgekeurd op basis van bewijsmateriaal;1980-01-01;4;Meetnetten Beekrombout met Hannes_ Dirk_ Chris en Ivo;6;Libellen;Gomphidae;2026-07-08;603;S;zeldzaam
241114746;241114746;Beekrombout;Gomphus vulgatissimus;2022-05-10;5;2022-05-11;2;ter plaatse;onbekend;larvenhuidje;onbekend;228429.7345474476;219698.9247205649;5.49285650253296;51.2818069458008;FS7384;Hamont-Achel - Beverbeek KULeuven;Hamont-Achel;Achel;Limburg;copied observation;J;Goedgekeurd op basis van expertoordeel;2007-01-01;4;;10;Libellen;Gomphidae;2026-07-08;603;S;zeldzaam
349176028;349176028;Beekrombout;Gomphus vulgatissimus;2025-05-07;5;2025-05-08;24;ter plaatse;gezien;larvenhuidje;Man;228791.40207729003;218587.658226626;5.497797012329102;51.27177047729492;FS7483;Warmbeekvallei - Grevenbroek (LiLa);Hamont-Achel;Achel;Limburg;ObsMapp;J;Goedgekeurd op basis van expertoordeel;1980-01-01;4;Meetnetten Beekrombout met Hannes_ Dirk_ Chris en Ivo_;6;Libellen;Gomphidae;2026-07-08;603;S;zeldzaam
309828082;309828082;Beekrombout;Gomphus vulgatissimus;2024-05-08;5;2024-05-16;1;ter plaatse;gezien;imago, niet uitgekleurd;Man;228931.61235655384;215899.1376759773;5.499219000000039;51.247589;FS7480;Achel - Warande;Hamont-Achel;Achel;Limburg;ObsMapp;J;Goedgekeurd op basis van bewijsmateriaal;1980-01-01;4;Meetnetten met Hannes_ Dirk_ Michel en Geert;4;Libellen;Gomphidae;2026-07-08;603;S;zeldzaam
349176024;349176024;Beekrombout;Gomphus vulgatissimus;2025-05-07;5;2025-05-08;1;ter plaatse;gezien;larve/nimf;onbekend;228790.12078931;218579.99844025265;5.497776985168457;51.27170181274414;FS7483;Warmbeekvallei - Grevenbroek (LiLa);Hamont-Achel;Achel;Limburg;ObsMapp;J;Goedgekeurd op basis van bewijsmateriaal;1980-01-01;4;Meetnetten Beekrombout met Hannes_ Dirk_ Chris en Ivo;6;Libellen;Gomphidae;2026-07-08;603;S;zeldzaam
349176021;349176021;Beekrombout;Gomphus vulgatissimus;2025-05-07;5;2025-05-08;1;ter plaatse;gezien;imago, niet uitgekleurd;onbekend;228795.536499224;218591.5412826268;5.497857093811035;51.27180480957031;FS7483;Warmbeekvallei - Grevenbroek (LiLa);Hamont-Achel;Achel;Limburg;ObsMapp;J;Goedgekeurd op basis van bewijsmateriaal;1980-01-01;4;Meetnetten Beekrombout met Hannes_ Dirk_ Chris en Ivo;6;Libellen;Gomphidae;2026-07-08;603;S;zeldzaam
309828095;309828095;Beekrombout;Gomphus vulgatissimus;2024-05-08;5;2024-05-16;16;ter plaatse;gezien;larvenhuidje;Vrouw;228931.61235655384;215899.1376759773;5.499219000000039;51.247589;FS7480;Achel - Warande;Hamont-Achel;Achel;Limburg;ObsMapp;J;Goedgekeurd op basis van bewijsmateriaal;1980-01-01;4;Telling Meetnetten met Hannes_ Dirk_ Michel en Geert. 16 vrouwtjes_ 6 mannetjes een 1 onbekend;4;Libellen;Gomphidae;2026-07-08;603;S;zeldzaam
309828114;309828114;Beekrombout;Gomphus vulgatissimus;2024-05-08;5;2024-05-16;6;ter plaatse;gezien;larvenhuidje;Man;228931.61235655384;215899.1376759773;5.499219000000039;51.247589;FS7480;Achel - Warande;Hamont-Achel;Achel;Limburg;ObsMapp;J;Goedgekeurd op basis van bewijsmateriaal;1980-01-01;4;Telling Meetnetten met Hannes_ Dirk_ Michel en Geert. 16 vrouwtjes_ 6 mannetjes een 1 onbekend;4;Libellen;Gomphidae;2026-07-08;603;S;zeldzaam
241114745;241114745;Beekrombout;Gomphus vulgatissimus;2022-05-10;5;2022-05-11;1;ter plaatse;onbekend;larvenhuidje;onbekend;228429.5682125541;219698.92220070583;5.49285411834717;51.2818069458008;FS7384;Hamont-Achel - Beverbeek KULeuven;Hamont-Achel;Achel;Limburg;copied observation;J;Goedgekeurd op basis van expertoordeel;2007-01-01;4;;10;Libellen;Gomphidae;2026-07-08;603;S;zeldzaam
241114744;241114744;Beekrombout;Gomphus vulgatissimus;2022-05-10;5;2022-05-11;1;ter plaatse;onbekend;larvenhuidje;onbekend;228430.67888068655;219698.0901028607;5.49286985397339;51.2817993164063;FS7384;Hamont-Achel - Beverbeek KULeuven;Hamont-Achel;Achel;Limburg;copied observation;J;Goedgekeurd op basis van expertoordeel;2007-01-01;4;;6;Libellen;Gomphidae;2026-07-08;603;S;zeldzaam
349176015;349176015;Beekrombout;Gomphus vulgatissimus;2025-05-07;5;2025-05-08;1;ter plaatse;gezien;imago, niet uitgekleurd;Man;229031.1019322301;216528.0144638605;5.500781059265137;51.25322723388672;FS7480;Achel - Warande;Hamont-Achel;Achel;Limburg;ObsMapp;J;Goedgekeurd op basis van expertoordeel;1980-01-01;4;Meetnetten Beekrombout met Hannes_ Dirk_ Chris en Ivo;6;Libellen;Gomphidae;2026-07-08;603;S;zeldzaam
241114742;241114742;Beekrombout;Gomphus vulgatissimus;2022-05-10;5;2022-05-11;2;ter plaatse;onbekend;larvenhuidje;onbekend;228431.9967019908;219698.95899120905;5.49288892745972;51.2818069458008;FS7384;Hamont-Achel - Beverbeek KULeuven;Hamont-Achel;Achel;Limburg;copied observation;J;Goedgekeurd op basis van expertoordeel;2007-01-01;4;;10;Libellen;Gomphidae;2026-07-08;603;S;zeldzaam
241114740;241114740;Beekrombout;Gomphus vulgatissimus;2022-05-10;5;2022-05-11;1;ter plaatse;onbekend;larvenhuidje;onbekend;228815.0638549151;218740.8241842277;5.49816942214966;51.2731437683105;FS7483;  ;Hamont-Achel;Achel;Limburg;copied observation;J;Goedgekeurd op basis van expertoordeel;2007-01-01;4;;5;Libellen;Gomphidae;2026-07-08;603;S;zeldzaam
241114739;241114739;Beekrombout;Gomphus vulgatissimus;2022-05-10;5;2022-05-11;2;ter plaatse;onbekend;larvenhuidje;onbekend;228817.499252892;218740.43679290824;5.49820423126221;51.2731399536133;FS7483;  ;Hamont-Achel;Achel;Limburg;copied observation;J;Goedgekeurd op basis van expertoordeel;2007-01-01;4;;3;Libellen;Gomphidae;2026-07-08;603;S;zeldzaam
241114738;241114738;Beekrombout;Gomphus vulgatissimus;2022-05-10;5;2022-05-11;1;ter plaatse;onbekend;larvenhuidje;onbekend;228817.91437740024;218745.9611030398;5.49821138381958;51.2731895446777;FS7483;  ;Hamont-Achel;Achel;Limburg;copied observation;J;Goedgekeurd op basis van expertoordeel;2007-01-01;4;;9;Libellen;Gomphidae;2026-07-08;603;S;zeldzaam
241114737;241114737;Beekrombout;Gomphus vulgatissimus;2022-05-10;5;2022-05-11;1;ter plaatse;onbekend;larvenhuidje;onbekend;228818.1472890903;218745.96464830544;5.49821472167969;51.2731895446777;FS7483;  ;Hamont-Achel;Achel;Limburg;copied observation;J;Goedgekeurd op basis van expertoordeel;2007-01-01;4;;5;Libellen;Gomphidae;2026-07-08;603;S;zeldzaam
241114735;241114735;Beekrombout;Gomphus vulgatissimus;2022-05-10;5;2022-05-11;10;ter plaatse;onbekend;larvenhuidje;onbekend;228799.43109750387;218580.56457133684;5.49791049957275;51.2717056274414;FS7483;Warmbeekvallei - Grevenbroek (LiLa);Hamont-Achel;Achel;Limburg;copied observation;J;Goedgekeurd op basis van expertoordeel;2007-01-01;4;;4;Libellen;Gomphidae;2026-07-08;603;S;zeldzaam
241114734;241114734;Beekrombout;Gomphus vulgatissimus;2022-05-10;5;2022-05-11;1;ter plaatse;onbekend;larvenhuidje;onbekend;228798.85996499532;218583.10264378227;5.49790287017822;51.271728515625;FS7483;Warmbeekvallei - Grevenbroek (LiLa);Hamont-Achel;Achel;Limburg;copied observation;J;Goedgekeurd op basis van expertoordeel;2007-01-01;4;;9;Libellen;Gomphidae;2026-07-08;603;S;zeldzaam
241114733;241114733;Beekrombout;Gomphus vulgatissimus;2022-05-10;5;2022-05-11;1;ter plaatse;onbekend;larvenhuidje;onbekend;228796.0197348614;218586.03064806107;5.49786281585693;51.2717552185059;FS7483;Warmbeekvallei - Grevenbroek (LiLa);Hamont-Achel;Achel;Limburg;copied observation;J;Goedgekeurd op basis van expertoordeel;2007-01-01;4;;6;Libellen;Gomphidae;2026-07-08;603;S;zeldzaam
241114732;241114732;Beekrombout;Gomphus vulgatissimus;2022-05-10;5;2022-05-11;1;ter plaatse;onbekend;larvenhuidje;onbekend;228789.4274989532;218577.4411279708;5.49776649475098;51.2716789245605;FS7483;Warmbeekvallei - Grevenbroek (LiLa);Hamont-Achel;Achel;Limburg;copied observation;J;Goedgekeurd op basis van expertoordeel;2007-01-01;4;;4;Libellen;Gomphidae;2026-07-08;603;S;zeldzaam
241114731;241114731;Beekrombout;Gomphus vulgatissimus;2022-05-10;5;2022-05-11;6;ter plaatse;onbekend;larvenhuidje;onbekend;228782.78259768212;218570.1241972912;5.49766969680786;51.271614074707;FS7482;Warmbeekvallei - Grevenbroek (LiLa);Hamont-Achel;Achel;Limburg;copied observation;J;Goedgekeurd op basis van expertoordeel;2007-01-01;4;;6;Libellen;Gomphidae;2026-07-08;603;S;zeldzaam
241114730;241114730;Beekrombout;Gomphus vulgatissimus;2022-05-10;5;2022-05-11;5;ter plaatse;onbekend;larvenhuidje;onbekend;228781.13279194856;218571.37247879055;5.49764633178711;51.2716255187988;FS7482;Warmbeekvallei - Grevenbroek (LiLa);Hamont-Achel;Achel;Limburg;copied observation;J;Goedgekeurd op basis van expertoordeel;2007-01-01;4;;3;Libellen;Gomphidae;2026-07-08;603;S;zeldzaam
241114729;241114729;Beekrombout;Gomphus vulgatissimus;2022-05-10;5;2022-05-11;2;ter plaatse;onbekend;larvenhuidje;onbekend;228781.06624350883;218571.3714663312;5.49764537811279;51.2716255187988;FS7482;Warmbeekvallei - Grevenbroek (LiLa);Hamont-Achel;Achel;Limburg;copied observation;J;Goedgekeurd op basis van expertoordeel;2007-01-01;4;;10;Libellen;Gomphidae;2026-07-08;603;S;zeldzaam
241114728;241114728;Beekrombout;Gomphus vulgatissimus;2022-05-10;5;2022-05-11;1;ter plaatse;onbekend;larvenhuidje;onbekend;228774.75506118572;218566.1819262505;5.49755382537842;51.2715797424316;FS7482;Warmbeekvallei - Grevenbroek (LiLa);Hamont-Achel;Achel;Limburg;copied observation;J;Goedgekeurd op basis van expertoordeel;2007-01-01;4;;7;Libellen;Gomphidae;2026-07-08;603;S;zeldzaam
241114726;241114726;Beekrombout;Gomphus vulgatissimus;2022-05-10;5;2022-05-11;2;ter plaatse;onbekend;larvenhuidje;onbekend;228775.3947233852;218567.88949940636;5.49756336212158;51.2715950012207;FS7482;Warmbeekvallei - Grevenbroek (LiLa);Hamont-Achel;Achel;Limburg;copied observation;J;Goedgekeurd op basis van expertoordeel;2007-01-01;4;;6;Libellen;Gomphidae;2026-07-08;603;S;zeldzaam
241114725;241114725;Beekrombout;Gomphus vulgatissimus;2022-05-10;5;2022-05-11;5;ter plaatse;onbekend;larvenhuidje;onbekend;228789.2223868716;218579.9847705746;5.49776411056519;51.2717018127441;FS7483;Warmbeekvallei - Grevenbroek (LiLa);Hamont-Achel;Achel;Limburg;copied observation;J;Goedgekeurd op basis van expertoordeel;2007-01-01;4;;9;Libellen;Gomphidae;2026-07-08;603;S;zeldzaam
241114724;241114724;Beekrombout;Gomphus vulgatissimus;2022-05-10;5;2022-05-11;3;ter plaatse;onbekend;larvenhuidje;onbekend;228790.99336370605;218581.7095594276;5.49778985977173;51.2717170715332;FS7483;Warmbeekvallei - Grevenbroek (LiLa);Hamont-Achel;Achel;Limburg;copied observation;J;Goedgekeurd op basis van expertoordeel;2007-01-01;4;;6;Libellen;Gomphidae;2026-07-08;603;S;zeldzaam
241114723;241114723;Beekrombout;Gomphus vulgatissimus;2022-05-10;5;2022-05-11;1;ter plaatse;onbekend;larvenhuidje;onbekend;228796.5069185748;218589.00928565767;5.49787044525146;51.2717819213867;FS7483;Warmbeekvallei - Grevenbroek (LiLa);Hamont-Achel;Achel;Limburg;copied observation;J;Goedgekeurd op basis van expertoordeel;2007-01-01;4;;8;Libellen;Gomphidae;2026-07-08;603;S;zeldzaam
241114721;241114721;Beekrombout;Gomphus vulgatissimus;2022-05-10;5;2022-05-11;5;ter plaatse;onbekend;larvenhuidje;onbekend;228795.9864607364;218586.03014173545;5.49786233901978;51.2717552185059;FS7483;Warmbeekvallei - Grevenbroek (LiLa);Hamont-Achel;Achel;Limburg;copied observation;J;Goedgekeurd op basis van expertoordeel;2007-01-01;4;;9;Libellen;Gomphidae;2026-07-08;603;S;zeldzaam
241114719;241114719;Beekrombout;Gomphus vulgatissimus;2022-05-10;5;2022-05-11;2;ter plaatse;onbekend;larvenhuidje;onbekend;228794.29791295677;218589.8245931659;5.49783897399902;51.2717895507813;FS7483;Warmbeekvallei - Grevenbroek (LiLa);Hamont-Achel;Achel;Limburg;copied observation;J;Goedgekeurd op basis van expertoordeel;2007-01-01;4;;7;Libellen;Gomphidae;2026-07-08;603;S;zeldzaam
241114718;241114718;Beekrombout;Gomphus vulgatissimus;2022-05-10;5;2022-05-11;2;ter plaatse;onbekend;larvenhuidje;onbekend;228797.02737576352;218591.9884296758;5.49787855148315;51.2718086242676;FS7483;Warmbeekvallei - Grevenbroek (LiLa);Hamont-Achel;Achel;Limburg;copied observation;J;Goedgekeurd op basis van expertoordeel;2007-01-01;4;;8;Libellen;Gomphidae;2026-07-08;603;S;zeldzaam
241114716;241114716;Beekrombout;Gomphus vulgatissimus;2022-05-10;5;2022-05-11;1;ter plaatse;onbekend;larvenhuidje;onbekend;228799.4906436981;218594.1482168529;5.49791431427002;51.2718276977539;FS7483;Warmbeekvallei - Grevenbroek (LiLa);Hamont-Achel;Achel;Limburg;copied observation;J;Goedgekeurd op basis van expertoordeel;2007-01-01;4;;6;Libellen;Gomphidae;2026-07-08;603;S;zeldzaam
241114715;241114715;Beekrombout;Gomphus vulgatissimus;2022-05-10;5;2022-05-11;1;ter plaatse;onbekend;larvenhuidje;onbekend;228987.3596020924;215754.4110845877;5.49998569488525;51.246280670166;FS7480;Achel - Warande;Hamont-Achel;Achel;Limburg;copied observation;J;Goedgekeurd op basis van expertoordeel;2007-01-01;4;;6;Libellen;Gomphidae;2026-07-08;603;S;zeldzaam
241114714;241114714;Beekrombout;Gomphus vulgatissimus;2022-05-10;5;2022-05-11;1;ter plaatse;onbekend;larvenhuidje;onbekend;228994.340748902;215746.4528474575;5.50008392333984;51.246208190918;FS7480;Achel - Warande;Hamont-Achel;Achel;Limburg;copied observation;J;Goedgekeurd op basis van expertoordeel;2007-01-01;4;;14;Libellen;Gomphidae;2026-07-08;603;S;zeldzaam
241114710;241114710;Beekrombout;Gomphus vulgatissimus;2022-05-10;5;2022-05-11;2;ter plaatse;onbekend;larvenhuidje;onbekend;229031.6789866744;216507.64930005;5.5007848739624;51.253044128418;FS7480;Achel - Warande;Hamont-Achel;Achel;Limburg;copied observation;J;Goedgekeurd op basis van expertoordeel;2007-01-01;4;;4;Libellen;Gomphidae;2026-07-08;603;S;zeldzaam
241114709;241114709;Beekrombout;Gomphus vulgatissimus;2022-05-10;5;2022-05-11;2;ter plaatse;onbekend;larvenhuidje;onbekend;229031.2129620547;216507.6421903344;5.50077819824219;51.253044128418;FS7480;Achel - Warande;Hamont-Achel;Achel;Limburg;copied observation;J;Goedgekeurd op basis van expertoordeel;2007-01-01;4;;9;Libellen;Gomphidae;2026-07-08;603;S;zeldzaam
241114708;241114708;Beekrombout;Gomphus vulgatissimus;2022-05-10;5;2022-05-11;1;ter plaatse;onbekend;larvenhuidje;onbekend;229031.3793994191;216507.6447295146;5.50078058242798;51.253044128418;FS7480;Achel - Warande;Hamont-Achel;Achel;Limburg;copied observation;J;Goedgekeurd op basis van expertoordeel;2007-01-01;4;;14;Libellen;Gomphidae;2026-07-08;603;S;zeldzaam
241114707;241114707;Beekrombout;Gomphus vulgatissimus;2022-05-10;5;2022-05-11;1;ter plaatse;onbekend;larvenhuidje;onbekend;229034.08863325696;216506.8371472191;5.50081920623779;51.2530364990234;FS7480;Achel - Warande;Hamont-Achel;Achel;Limburg;copied observation;J;Goedgekeurd op basis van expertoordeel;2007-01-01;4;;10;Libellen;Gomphidae;2026-07-08;603;S;zeldzaam
241114706;241114706;Beekrombout;Gomphus vulgatissimus;2022-05-10;5;2022-05-11;2;ter plaatse;onbekend;larvenhuidje;onbekend;229033.9554833448;216506.83511580437;5.50081729888916;51.2530364990234;FS7480;Achel - Warande;Hamont-Achel;Achel;Limburg;copied observation;J;Goedgekeurd op basis van expertoordeel;2007-01-01;4;;10;Libellen;Gomphidae;2026-07-08;603;S;zeldzaam
241114705;241114705;Beekrombout;Gomphus vulgatissimus;2022-05-10;5;2022-05-11;2;ter plaatse;onbekend;larvenhuidje;onbekend;229033.9554833448;216506.83511580437;5.50081729888916;51.2530364990234;FS7480;Achel - Warande;Hamont-Achel;Achel;Limburg;copied observation;J;Goedgekeurd op basis van expertoordeel;2007-01-01;4;;11;Libellen;Gomphidae;2026-07-08;603;S;zeldzaam
241114704;241114704;Beekrombout;Gomphus vulgatissimus;2022-05-10;5;2022-05-11;1;ter plaatse;onbekend;larvenhuidje;onbekend;229033.98877082305;216506.83562365733;5.50081777572632;51.2530364990234;FS7480;Achel - Warande;Hamont-Achel;Achel;Limburg;copied observation;J;Goedgekeurd op basis van expertoordeel;2007-01-01;4;;4;Libellen;Gomphidae;2026-07-08;603;S;zeldzaam
241114702;241114702;Beekrombout;Gomphus vulgatissimus;2022-05-10;5;2022-05-11;1;ter plaatse;onbekend;larvenhuidje;onbekend;229034.0220583012;216506.83613151032;5.50081825256348;51.2530364990234;FS7480;Achel - Warande;Hamont-Achel;Achel;Limburg;copied observation;J;Goedgekeurd op basis van expertoordeel;2007-01-01;4;;3;Libellen;Gomphidae;2026-07-08;603;S;zeldzaam
241114701;241114701;Beekrombout;Gomphus vulgatissimus;2022-05-10;5;2022-05-11;1;ter plaatse;onbekend;larvenhuidje;onbekend;229034.0285325689;216506.41177265253;5.50081825256348;51.2530326843262;FS7480;Achel - Warande;Hamont-Achel;Achel;Limburg;copied observation;J;Goedgekeurd op basis van expertoordeel;2007-01-01;4;;9;Libellen;Gomphidae;2026-07-08;603;S;zeldzaam
241114700;241114700;Beekrombout;Gomphus vulgatissimus;2022-05-10;5;2022-05-11;3;ter plaatse;onbekend;larvenhuidje;onbekend;229033.96195760716;216506.41075694747;5.50081729888916;51.2530326843262;FS7480;Achel - Warande;Hamont-Achel;Achel;Limburg;copied observation;J;Goedgekeurd op basis van expertoordeel;2007-01-01;4;;10;Libellen;Gomphidae;2026-07-08;603;S;zeldzaam
241114699;241114699;Beekrombout;Gomphus vulgatissimus;2022-05-10;5;2022-05-11;2;ter plaatse;onbekend;larvenhuidje;onbekend;229033.99524508795;216506.41126480047;5.50081777572632;51.2530326843262;FS7480;Achel - Warande;Hamont-Achel;Achel;Limburg;copied observation;J;Goedgekeurd op basis van expertoordeel;2007-01-01;4;;11;Libellen;Gomphidae;2026-07-08;603;S;zeldzaam
241114698;241114698;Beekrombout;Gomphus vulgatissimus;2022-05-10;5;2022-05-11;1;ter plaatse;onbekend;larvenhuidje;onbekend;229033.868569419;216505.98487452045;5.50081586837769;51.2530288696289;FS7480;Achel - Warande;Hamont-Achel;Achel;Limburg;copied observation;J;Goedgekeurd op basis van expertoordeel;2007-01-01;4;;10;Libellen;Gomphidae;2026-07-08;603;S;zeldzaam
241114697;241114697;Beekrombout;Gomphus vulgatissimus;2022-05-10;5;2022-05-11;1;ter plaatse;onbekend;larvenhuidje;onbekend;229033.84175618688;216505.56000779945;5.50081539154053;51.2530250549316;FS7480;Achel - Warande;Hamont-Achel;Achel;Limburg;copied observation;J;Goedgekeurd op basis van expertoordeel;2007-01-01;4;;9;Libellen;Gomphidae;2026-07-08;603;S;zeldzaam
241114696;241114696;Beekrombout;Gomphus vulgatissimus;2022-05-10;5;2022-05-11;1;ter plaatse;onbekend;larvenhuidje;onbekend;229029.39886482796;216484.69380329177;5.5007472038269;51.2528381347656;FS7480;Achel - Warande;Hamont-Achel;Achel;Limburg;copied observation;J;Goedgekeurd op basis van expertoordeel;2007-01-01;4;;9;Libellen;Gomphidae;2026-07-08;603;S;zeldzaam
241114454;241114454;Beekrombout;Gomphus vulgatissimus;2022-05-10;5;2022-05-11;1;ter plaatse;gezien;imago, niet uitgekleurd;Vrouw;209327.15697305583;220015.63468200996;5.21914768218994;51.286937713623;FS5484;Postel - Golfbaan;Mol;Mol;Antwerpen;ObsMapp;J;Goedgekeurd op basis van bewijsmateriaal;2007-01-01;4;;6;Libellen;Gomphidae;2026-07-08;603;S;zeldzaam
241114451;241114451;Beekrombout;Gomphus vulgatissimus;2022-05-10;5;2022-05-11;1;ter plaatse;gezien;imago, niet uitgekleurd;Vrouw;209314.7094558259;219989.59915799837;5.218965;51.286705;FS5484;Postel;Mol;Mol;Antwerpen;ObsMapp;J;Goedgekeurd op basis van bewijsmateriaal;2007-01-01;4;;6;Libellen;Gomphidae;2026-07-08;603;S;zeldzaam
241114422;241114422;Beekrombout;Gomphus vulgatissimus;2022-05-10;5;2022-05-11;5;ter plaatse;gezien;larvenhuidje;onbekend;228816.76919693203;218744.67028920725;5.49819469451904;51.2731781005859;FS7483;  ;Hamont-Achel;Achel;Limburg;ObsMapp;J;Goedgekeurd op basis van expertoordeel;2007-01-01;4;;3;Libellen;Gomphidae;2026-07-08;603;S;zeldzaam
241114419;241114419;Beekrombout;Gomphus vulgatissimus;2022-05-10;5;2022-05-11;1;ter plaatse;onbekend;imago, niet uitgekleurd;Man;228821.11938120276;218643.69228845465;5.498235;51.27227;FS7483;Warmbeekvallei - Grevenbroek (LiLa);Hamont-Achel;Achel;Limburg;ObsMapp;J;Goedgekeurd op basis van bewijsmateriaal;2007-01-01;4;;3;Libellen;Gomphidae;2026-07-08;603;S;zeldzaam
241114410;241114410;Beekrombout;Gomphus vulgatissimus;2022-05-10;5;2022-05-11;2;ter plaatse;onbekend;larvenhuidje;onbekend;229001.4318115301;215716.00010673888;5.50017881393433;51.2459335327148;FS7480;Achel - Warande;Hamont-Achel;Achel;Limburg;ObsMapp;J;Goedgekeurd op basis van expertoordeel;2007-01-01;4;;4;Libellen;Gomphidae;2026-07-08;603;S;zeldzaam
241113313;241113313;Beekrombout;Gomphus vulgatissimus;2022-05-10;5;2022-05-11;1;ter plaatse;onbekend;larvenhuidje;onbekend;229029.39886482796;216484.69380329177;5.5007472038269;51.2528381347656;FS7480;Achel - Warande;Hamont-Achel;Achel;Limburg;copied observation;J;Goedgekeurd op basis van expertoordeel;2007-01-01;4;;9;Libellen;Gomphidae;2026-07-08;603;S;zeldzaam
192621004;192621004:1805910;Beekrombout;Gomphus vulgatissimus;2020-05-19;5;2020-05-28;1;in copula;gezien;imago;Man;209290.7236216492;219954.94644611515;5.21861553192139;51.2863960266113;FS5484;Postel;Mol;Mol;Antwerpen;ObsMapp;J;Goedgekeurd op basis van expertoordeel;2007-01-01;4;;25;Libellen;Gomphidae;2026-07-08;603;S;zeldzaam
192620999;192620999;Beekrombout;Gomphus vulgatissimus;2020-05-19;5;2020-05-28;2;territoriaal;gezien;imago;Man;207278.22744975437;214702.01444995776;5.188939;51.239388;FS5278;Mol - Den Diel - West - Ten zuiden van beek;Mol;Mol;Antwerpen;ObsMapp;J;Goedgekeurd op basis van bewijsmateriaal;2007-01-01;4;;25;Libellen;Gomphidae;2026-07-08;603;S;zeldzaam
191129448;191129448;Beekrombout;Gomphus vulgatissimus;2020-05-08;5;2020-05-11;1;ter plaatse;gezien;imago;Vrouw;207163.18083948403;214680.16031085516;5.1872883;51.239203;FS5278;Mol - Den Diel - West - Ten zuiden van beek;Mol;Mol;Antwerpen;Site;J;Goedgekeurd op basis van bewijsmateriaal;1980-01-01;4;;25;Libellen;Gomphidae;2026-07-08;603;S;zeldzaam
349880576;349880576;Beekrombout;Gomphus vulgatissimus;2025-05-11;5;2025-05-11;1;ter plaatse;onbekend;imago;Man;207438.86579099984;214732.5947840931;5.191243886947632;51.239646864859886;FS5278;Mol - Den Diel - West - Ten zuiden van beek;Mol;Mol;Antwerpen;Site;J;Goedgekeurd op basis van bewijsmateriaal;1980-01-01;3;;15;Libellen;Gomphidae;2026-07-08;603;S;zeldzaam
349775491;349775491;Beekrombout;Gomphus vulgatissimus;2025-05-11;5;2025-05-11;1;ter plaatse;onbekend;imago;Man;207250.94589188605;214621.01241272225;5.188535564458026;51.23866268209043;FS5278;Mol - Kempisch kanaal - Kanaal thv Molse zandputten;Mol;Mol;Antwerpen;iObs;J;Goedgekeurd op basis van bewijsmateriaal;1980-01-01;3;;57;Libellen;Gomphidae;2026-07-08;603;S;zeldzaam
191129093;191129093;Beekrombout;Gomphus vulgatissimus;2020-05-08;5;2020-05-11;51;ter plaatse;vangst;larvenhuidje;Man;209287.5714769635;219928.42633679323;5.218566;51.286158;FS5483;Postel;Mol;Mol;Antwerpen;Site;J;Goedgekeurd op basis van bewijsmateriaal;1980-01-01;4;Meetnetten Beekrombout met Hannes_ Robert en Dirk;100;Libellen;Gomphidae;2026-07-08;603;S;zeldzaam
310548115;310548115;Beekrombout;Gomphus vulgatissimus;2024-05-08;5;2024-05-20;1;ter plaatse;gezien;imago, niet uitgekleurd;Vrouw;228773.3335594549;218564.0748353824;5.497532999999976;51.271561;FS7482;Warmbeekvallei - Grevenbroek (LiLa);Hamont-Achel;Achel;Limburg;Site;J;Goedgekeurd op basis van bewijsmateriaal;1980-01-01;4;Meetnetten met Geert_ Hannes_ Dirk en Michel;2;Libellen;Gomphidae;2026-07-08;603;S;zeldzaam
191129050;191129050;Beekrombout;Gomphus vulgatissimus;2020-05-08;5;2020-05-11;71;ter plaatse;vangst;larvenhuidje;Vrouw;209287.5714769635;219928.42633679323;5.218566;51.286158;FS5483;Postel;Mol;Mol;Antwerpen;Site;J;Goedgekeurd op basis van bewijsmateriaal;1980-01-01;4;Meetnetten Beekrombout met Hannes_ Robert en Dirk;100;Libellen;Gomphidae;2026-07-08;603;S;zeldzaam
310558119;310558119;Beekrombout;Gomphus vulgatissimus;2024-05-08;5;2024-05-20;1;ter plaatse;gezien;imago, niet uitgekleurd;Vrouw;229032.37384769623;216520.48242582567;5.500797629356384;51.25315936735978;FS7480;Achel - Warande;Hamont-Achel;Achel;Limburg;Site;J;Goedgekeurd op basis van bewijsmateriaal;1980-01-01;4;Meetnetten met Hannes_ Geert_ Dirk en Michel;4;Libellen;Gomphidae;2026-07-08;603;S;zeldzaam
191128146;191128146;Beekrombout;Gomphus vulgatissimus;2020-05-08;5;2020-05-11;1;ter plaatse;gezien;imago, niet uitgekleurd;Man;209317.5957473789;219999.53481229208;5.219008;51.286794;FS5484;Postel;Mol;Mol;Antwerpen;Site;J;Goedgekeurd op basis van bewijsmateriaal;1980-01-01;4;;15;Libellen;Gomphidae;2026-07-08;603;S;zeldzaam
191111502;191111502;Beekrombout;Gomphus vulgatissimus;2020-05-08;5;2020-05-11;1;ter plaatse;gezien;imago;Man;209330.6279670443;220026.2855189182;5.21919918060303;51.2870330810547;FS5484;Postel - Golfbaan;Mol;Mol;Antwerpen;ObsMapp;J;Goedgekeurd op basis van expertoordeel;2007-01-01;4;;25;Libellen;Gomphidae;2026-07-08;603;S;zeldzaam
310562224;310562224;Beekrombout;Gomphus vulgatissimus;2024-05-08;5;2024-05-20;1;ter plaatse;gezien;imago, niet uitgekleurd;Vrouw;229042.00048603184;216552.3838488348;5.5009424686431885;51.25344475265248;FS7480;Achel - Warande;Hamont-Achel;Achel;Limburg;Site;J;Goedgekeurd op basis van bewijsmateriaal;1980-01-01;4;Meetnetten met Geert_ Hannes_ Dirk en Michel. ex met 1 niet opgepompte vleugel;4;Libellen;Gomphidae;2026-07-08;603;S;zeldzaam
191111489;191111489;Beekrombout;Gomphus vulgatissimus;2020-05-08;5;2020-05-11;1;dood;gezien;imago;Man;209301.6586194188;219971.64722866289;5.218775;51.286545;FS5484;Postel;Mol;Mol;Antwerpen;ObsMapp;J;Goedgekeurd op basis van bewijsmateriaal;2007-01-01;4;;25;Libellen;Gomphidae;2026-07-08;603;S;zeldzaam
271841377;271841377;Beekrombout;Gomphus vulgatissimus;2023-05-11;5;2023-05-15;1;ter plaatse;gezien;imago, niet uitgekleurd;Man;209293.5894737888;219963.4324464351;5.218658000000005;51.286472;FS5484;Postel;Mol;Mol;Antwerpen;ObsMapp;J;Goedgekeurd op basis van bewijsmateriaal;1980-01-01;4;Meetnetten Beekrombout met Geert_ Dirk en Robert;4;Libellen;Gomphidae;2026-07-08;603;S;zeldzaam
271841378;271841378;Beekrombout;Gomphus vulgatissimus;2023-05-11;5;2023-05-15;1;ter plaatse;gezien;imago, niet uitgekleurd;Vrouw;209297.04827665185;219966.0311635472;5.218707999999992;51.286495;FS5484;Postel;Mol;Mol;Antwerpen;ObsMapp;J;Goedgekeurd op basis van bewijsmateriaal;1980-01-01;4;Meetnetten Beekrombout met Geert_ Dirk en Robert;4;Libellen;Gomphidae;2026-07-08;603;S;zeldzaam
271841380;271841380;Beekrombout;Gomphus vulgatissimus;2023-05-11;5;2023-05-15;1;ter plaatse;gezien;imago, niet uitgekleurd;Man;209298.67413819605;219970.2778563593;5.218732000000045;51.286533;FS5484;Postel;Mol;Mol;Antwerpen;ObsMapp;J;Goedgekeurd op basis van bewijsmateriaal;1980-01-01;4;Meetnetten Beekrombout met Geert_ Dirk en Robert;4;Libellen;Gomphidae;2026-07-08;603;S;zeldzaam
271841391;271841391;Beekrombout;Gomphus vulgatissimus;2023-05-11;5;2023-05-15;1;ter plaatse;gezien;imago, niet uitgekleurd;Vrouw;209320.10334920336;219999.89734615287;5.21904399999994;51.286797;FS5484;Postel;Mol;Mol;Antwerpen;ObsMapp;J;Goedgekeurd op basis van bewijsmateriaal;1980-01-01;4;Meetnetten Beekrombout met Geert_ Dirk en Robert;6;Libellen;Gomphidae;2026-07-08;603;S;zeldzaam
271841392;271841392;Beekrombout;Gomphus vulgatissimus;2023-05-11;5;2023-05-15;1;ter plaatse;gezien;imago, niet uitgekleurd;Man;209323.1728708385;219999.9325269917;5.219088000000056;51.286797;FS5484;Postel;Mol;Mol;Antwerpen;ObsMapp;J;Goedgekeurd op basis van bewijsmateriaal;1980-01-01;4;Meetnetten Beekrombout met Geert_ Dirk en Robert;8;Libellen;Gomphidae;2026-07-08;603;S;zeldzaam
271841394;271841394;Beekrombout;Gomphus vulgatissimus;2023-05-11;5;2023-05-15;1;ter plaatse;gezien;imago, niet uitgekleurd;Vrouw;209326.3782459598;220018.5505075213;5.219137000000046;51.286964;FS5484;Postel - Golfbaan;Mol;Mol;Antwerpen;ObsMapp;J;Goedgekeurd op basis van bewijsmateriaal;1980-01-01;4;Meetnetten Beekrombout met Geert_ Dirk en Robert;6;Libellen;Gomphidae;2026-07-08;603;S;zeldzaam
349176012;349176012;Beekrombout;Gomphus vulgatissimus;2025-05-07;5;2025-05-08;18;ter plaatse;gezien;larvenhuidje;onbekend;229022.23921181352;216508.77866702992;5.500649929046631;51.253055572509766;FS7480;Achel - Warande;Hamont-Achel;Achel;Limburg;ObsMapp;J;Goedgekeurd op basis van expertoordeel;1980-01-01;4;Meetnetten Beekrombout met Hannes_ Dirk_ Chris en Ivo;4;Libellen;Gomphidae;2026-07-08;603;S;zeldzaam
349176008;349176008;Beekrombout;Gomphus vulgatissimus;2025-05-07;5;2025-05-08;1;ter plaatse;gezien;imago, niet uitgekleurd;Man;229022.23921181352;216508.77866702992;5.500649929046631;51.253055572509766;FS7480;Achel - Warande;Hamont-Achel;Achel;Limburg;ObsMapp;J;Goedgekeurd op basis van expertoordeel;1980-01-01;4;Meetnetten Beekrombout met Hannes_ Dirk_ Chris en Ivo;4;Libellen;Gomphidae;2026-07-08;603;S;zeldzaam
349171178;349171178;Beekrombout;Gomphus vulgatissimus;2025-05-07;5;2025-05-08;1;ter plaatse;gezien;imago, niet uitgekleurd;Vrouw;209325.4085241052;220014.341314896;5.219122409820557;51.28692626953125;FS5484;Postel - Golfbaan;Mol;Mol;Antwerpen;ObsMapp;J;Goedgekeurd op basis van expertoordeel;1980-01-01;4;Meetnetten Beekrombout met Hannes_ Dirk_ Chris en Ivo;4;Libellen;Gomphidae;2026-07-08;603;S;zeldzaam
349171015;349171015;Beekrombout;Gomphus vulgatissimus;2025-05-07;5;2025-05-08;1;ter plaatse;gezien;imago;Man;209308.91637098812;219977.7705266224;5.2188800275325775;51.286599286104384;FS5484;Postel;Mol;Mol;Antwerpen;ObsMapp;J;Goedgekeurd op basis van expertoordeel;1980-01-01;4;Meetnetten Beekrombout met Hannes_ Dirk_ Chris en Ivo;5;Libellen;Gomphidae;2026-07-08;603;S;zeldzaam
349170960;349170960;Beekrombout;Gomphus vulgatissimus;2025-05-07;5;2025-05-08;1;ter plaatse;gezien;imago, niet uitgekleurd;Vrouw;209325.77116101256;220035.67428175267;5.219131112025934;51.287117963464354;FS5484;Postel - Golfbaan;Mol;Mol;Antwerpen;ObsMapp;J;Goedgekeurd op basis van expertoordeel;1980-01-01;4;Meetnetten Beekrombout met Hannes_ Dirk_ Chris en Ivo;4;Libellen;Gomphidae;2026-07-08;603;S;zeldzaam
271921957;271921957;Beekrombout;Gomphus vulgatissimus;2023-05-11;5;2023-05-16;1;ter plaatse;gezien;imago, niet uitgekleurd;Vrouw;209325.55529038727;220035.56460761;5.219127999999955;51.287117;FS5484;Postel - Golfbaan;Mol;Mol;Antwerpen;Site;J;Goedgekeurd op basis van bewijsmateriaal;1980-01-01;4;Meetnetten met Geert_ Dirk en Robert;25;Libellen;Gomphidae;2026-07-08;603;S;zeldzaam
271923323;271923323;Beekrombout;Gomphus vulgatissimus;2023-05-11;5;2023-05-16;1;dood;gezien;onbekend;onbekend;209326.3782459598;220018.5505075213;5.219137000000046;51.286964;FS5484;Postel - Golfbaan;Mol;Mol;Antwerpen;Site;J;Goedgekeurd op basis van bewijsmateriaal;1980-01-01;4;Meetnetten Beekrombout met Geert_ Dirk en Robert - Alleen de 4 vleugels schieten over;25;Libellen;Gomphidae;2026-07-08;603;S;zeldzaam
271973138;271973138;Beekrombout;Gomphus vulgatissimus;2023-05-11;5;2023-05-16;35;ter plaatse;vangst;larvenhuidje;Vrouw;209293.5894737888;219963.4324464351;5.218658000000005;51.286472;FS5484;Postel;Mol;Mol;Antwerpen;Site;J;Goedgekeurd op basis van bewijsmateriaal;1980-01-01;4;2023-05-11 Meetnetten Beekrombout Postels vaartje met Geert_ Dirk en Robert;25;Libellen;Gomphidae;2026-07-08;603;S;zeldzaam
271973256;271973256;Beekrombout;Gomphus vulgatissimus;2023-05-11;5;2023-05-16;42;ter plaatse;vangst;larvenhuidje;Man;209293.5894737888;219963.4324464351;5.218658000000005;51.286472;FS5484;Postel;Mol;Mol;Antwerpen;Site;J;Goedgekeurd op basis van bewijsmateriaal;1980-01-01;4;2023-05-11 Meetnetten Beekrombout Postels vaartje met Geert_ Dirk en Robert;25;Libellen;Gomphidae;2026-07-08;603;S;zeldzaam
271973471;271973471;Beekrombout;Gomphus vulgatissimus;2023-05-11;5;2023-05-16;1;ter plaatse;vangst;larve/nimf;onbekend;209293.5894737888;219963.4324464351;5.218658000000005;51.286472;FS5484;Postel;Mol;Mol;Antwerpen;Site;J;Goedgekeurd op basis van expertoordeel;1980-01-01;4;2023-05-11 Meetnetten Beekrombout Postels vaartje met Geert_ Dirk en Robert - Gevangen en losgelaten.;25;Libellen;Gomphidae;2026-07-08;603;S;zeldzaam
349170933;349170933;Beekrombout;Gomphus vulgatissimus;2025-05-07;5;2025-05-08;1;ter plaatse;gezien;imago, niet uitgekleurd;Vrouw;209336.3033619743;220039.0838401718;5.219282627105713;51.287147521972656;FS5484;Postel - Golfbaan;Mol;Mol;Antwerpen;ObsMapp;J;Goedgekeurd op basis van bewijsmateriaal;1980-01-01;4;Meetnetten Beekrombout met Hannes_ Dirk_ Chris en Ivo;6;Libellen;Gomphidae;2026-07-08;603;S;zeldzaam
240882196;240882196;Beekrombout;Gomphus vulgatissimus;2021-05-20;5;2022-05-09;48;ter plaatse;vangst;larvenhuidje;Man;209326.63396498145;220026.6757778097;5.219142;51.287037;FS5484;Postel - Golfbaan;Mol;Mol;Antwerpen;Site;J;Goedgekeurd op basis van bewijsmateriaal;1980-01-01;4;In het kader van de meetnetten Beekrombout_ de larvenhuidjes die iedereen gesprokkeld heeft langs het traject meegenomen naar huis.;25;Libellen;Gomphidae;2026-07-08;603;S;zeldzaam
240882122;240882122;Beekrombout;Gomphus vulgatissimus;2021-05-20;5;2022-05-09;42;ter plaatse;vangst;larvenhuidje;Vrouw;209326.63396498145;220026.6757778097;5.219142;51.287037;FS5484;Postel - Golfbaan;Mol;Mol;Antwerpen;Site;J;Goedgekeurd op basis van bewijsmateriaal;1980-01-01;4;In het kader van de meetnetten Beekrombout_ de larvenhuidjes die iedereen gesprokkeld heeft langs het traject meegenomen naar huis.;25;Libellen;Gomphidae;2026-07-08;603;S;zeldzaam
349170915;349170915;Beekrombout;Gomphus vulgatissimus;2025-05-07;5;2025-05-08;2;ter plaatse;gezien;imago, niet uitgekleurd;Vrouw;209336.3033619743;220039.0838401718;5.219282627105713;51.287147521972656;FS5484;Postel - Golfbaan;Mol;Mol;Antwerpen;ObsMapp;J;Goedgekeurd op basis van bewijsmateriaal;1980-01-01;4;Meetnetten Beekrombout met Hannes_ Dirk_ Chris en Ivo;6;Libellen;Gomphidae;2026-07-08;603;S;zeldzaam
215976768;215976768;Beekrombout;Gomphus vulgatissimus;2021-05-28;5;2021-06-05;1;ter plaatse;onbekend;imago;Vrouw;222383.75865347416;216292.49474463327;5.40553188323975;51.2519836425781;FS6780;Neerpelt - Het Hageven - Verkeerde lievenheer;Neerpelt;Neerpelt;Limburg;ObsMapp;J;Goedgekeurd op basis van expertoordeel;2007-01-01;4;;4;Libellen;Gomphidae;2026-07-08;603;S;zeldzaam
240881970;240881970;Beekrombout;Gomphus vulgatissimus;2021-05-20;5;2022-05-09;1;ter plaatse;gezien;imago, niet uitgekleurd;Man;209326.63396498145;220026.6757778097;5.219142;51.287037;FS5484;Postel - Golfbaan;Mol;Mol;Antwerpen;Site;J;Goedgekeurd op basis van bewijsmateriaal;1980-01-01;4;Spijtig genoeg met een slechte vleugel_ maar ik heb er al met minder goede vleugels zien vliegen.;25;Libellen;Gomphidae;2026-07-08;603;S;zeldzaam
240880700;240880700;Beekrombout;Gomphus vulgatissimus;2021-05-20;5;2022-05-09;1;ter plaatse;gezien;imago, niet uitgekleurd;Vrouw;209303.1930436561;219977.78437862825;5.218798;51.2866;FS5484;Postel;Mol;Mol;Antwerpen;Site;J;Goedgekeurd op basis van bewijsmateriaal;1980-01-01;4;;7;Libellen;Gomphidae;2026-07-08;603;S;zeldzaam
215976778;215976778;Beekrombout;Gomphus vulgatissimus;2021-05-28;5;2021-06-05;1;ter plaatse;onbekend;imago;Vrouw;222341.31455279584;216218.04765224364;5.40490913391113;51.2513198852539;FS6780;Neerpelt - Het Hageven - Verkeerde lievenheer;Neerpelt;Neerpelt;Limburg;ObsMapp;J;Goedgekeurd op basis van expertoordeel;2007-01-01;4;;4;Libellen;Gomphidae;2026-07-08;603;S;zeldzaam
215976779;215976779;Beekrombout;Gomphus vulgatissimus;2021-05-28;5;2021-06-05;1;ter plaatse;onbekend;imago;Man;222353.6174778025;216221.6150674494;5.40508604049683;51.251350402832;FS6780;Neerpelt - Het Hageven - Verkeerde lievenheer;Neerpelt;Neerpelt;Limburg;ObsMapp;J;Goedgekeurd op basis van expertoordeel;2007-01-01;4;;4;Libellen;Gomphidae;2026-07-08;603;S;zeldzaam
215976816;215976816;Beekrombout;Gomphus vulgatissimus;2021-05-20;5;2021-06-05;1;ter plaatse;gezien;larve/nimf;onbekend;209319.3815050868;220002.00310638733;5.219034;51.286816;FS5484;Postel - Golfbaan;Mol;Mol;Antwerpen;ObsMapp;J;Goedgekeurd op basis van bewijsmateriaal;2007-01-01;4;;4;Libellen;Gomphidae;2026-07-08;603;S;zeldzaam
215976817;215976817;Beekrombout;Gomphus vulgatissimus;2021-05-20;5;2021-06-05;1;ter plaatse;gezien;imago;Man;209318.8953580202;220007.8945749877;5.219028;51.286869;FS5484;Postel - Golfbaan;Mol;Mol;Antwerpen;ObsMapp;J;Goedgekeurd op basis van bewijsmateriaal;2007-01-01;4;;6;Libellen;Gomphidae;2026-07-08;603;S;zeldzaam
310562743;310562743;Beekrombout;Gomphus vulgatissimus;2024-05-08;5;2024-05-20;1;ter plaatse;gezien;imago, niet uitgekleurd;Vrouw;229043.49271039045;216552.78019952588;5.500963926315308;51.25344811011573;FS7480;Achel - Warande;Hamont-Achel;Achel;Limburg;Site;J;Goedgekeurd op basis van bewijsmateriaal;1980-01-01;4;Meetnetten met Geert_ Hannes_ Dirk en Michel;4;Libellen;Gomphidae;2026-07-08;603;S;zeldzaam
400175573;400175573;Beekrombout;Gomphus vulgatissimus;2026-05-23;5;2026-05-23;1;ter plaatse;onbekend;imago;Vrouw;207285.68199574968;214688.03634497337;5.189043521888889;51.239261627194445;FS5278;Mol - Den Diel - West - Ten zuiden van beek;Mol;Mol;Antwerpen;Observation;J;Goedgekeurd op basis van bewijsmateriaal;1980-01-01;3;;999;Libellen;Gomphidae;2026-07-08;603;S;zeldzaam
349002539;349002539;Beekrombout;Gomphus vulgatissimus;2025-05-07;5;2025-05-07;1;ter plaatse;COLLECTED;larvenhuidje;onbekend;209323.38291150663;219992.3706810856;5.219089768203268;51.286729015822;FS5484;Postel;Mol;Mol;Antwerpen;Observation;J;Goedgekeurd op basis van expertoordeel;1980-01-01;3;;5;Libellen;Gomphidae;2026-07-08;603;S;zeldzaam
349546282;349546282;Beekrombout;Gomphus vulgatissimus;2025-05-10;5;2025-05-10;1;ter plaatse;gezien;imago;Man;229055.4990550904;218623.7664820999;5.501588692631231;51.27205881272819;FS7483;Hageven met Dommelvallei Beverbeekse Heide Warmbeek en Wateringen - N2000;Hamont-Achel;Achel;Limburg;Site;J;Goedgekeurd op basis van bewijsmateriaal;2050-01-01;3;;4;Libellen;Gomphidae;2026-07-08;603;S;zeldzaam
349550260;349550260;Beekrombout;Gomphus vulgatissimus;2025-05-10;5;2025-05-10;1;ter plaatse;gezien;imago;Man;228784.5158513649;218565.05000407528;5.4976934234161945;51.27156823509839;FS7482;Warmbeekvallei - Grevenbroek (LiLa);Hamont-Achel;Achel;Limburg;Site;J;Goedgekeurd op basis van bewijsmateriaal;2050-01-02;3;;2;Libellen;Gomphidae;2026-07-08;603;S;zeldzaam
349552388;349552388;Beekrombout;Gomphus vulgatissimus;2025-05-10;5;2025-05-10;4;ter plaatse;gezien;imago, niet uitgekleurd;onbekend;228717.68344303183;218429.20491489585;5.496706316519749;51.27035650671521;FS7482;Warmbeekvallei - Grevenbroek (LiLa);Hamont-Achel;Achel;Limburg;Site;J;Goedgekeurd op basis van bewijsmateriaal;2050-01-02;3;;2;Libellen;Gomphidae;2026-07-08;603;S;zeldzaam
349552989;349552989;Beekrombout;Gomphus vulgatissimus;2025-05-10;5;2025-05-10;1;ter plaatse;gezien;imago;Man;228708.98822358853;218312.84838761852;5.496556404300918;51.269311978197216;FS7482;Warmbeekvallei - Grevenbroek (LiLa);Hamont-Achel;Achel;Limburg;Site;J;Goedgekeurd op basis van bewijsmateriaal;2050-01-02;3;;7;Libellen;Gomphidae;2026-07-08;603;S;zeldzaam
242973699;242973699;Beekrombout;Gomphus vulgatissimus;2022-05-26;5;2022-05-26;1;ter plaatse;gezien;imago;Man;228817.62999836577;218659.30040400385;5.49818841;51.27241075;FS7483;Warmbeekvallei - Grevenbroek (LiLa);Hamont-Achel;Achel;Limburg;Site;J;Goedgekeurd op basis van bewijsmateriaal;1980-01-01;3;;10;Libellen;Gomphidae;2026-07-08;603;S;zeldzaam
349553559;349553559;Beekrombout;Gomphus vulgatissimus;2025-05-10;5;2025-05-10;1;ter plaatse;gezien;imago;Vrouw;228715.82671706975;218228.02514788043;5.496635904349319;51.268548722550655;FS7482;Warmbeekvallei - Grevenbroek (LiLa);Hamont-Achel;Achel;Limburg;Site;J;Goedgekeurd op basis van bewijsmateriaal;2050-01-02;3;;4;Libellen;Gomphidae;2026-07-08;603;S;zeldzaam
349554577;349554577;Beekrombout;Gomphus vulgatissimus;2025-05-10;5;2025-05-10;1;ter plaatse;gezien;imago, niet uitgekleurd;Vrouw;228706.2722999599;218294.84877288528;5.496513575322865;51.2691505834687;FS7482;Warmbeekvallei - Grevenbroek (LiLa);Hamont-Achel;Achel;Limburg;Site;J;Goedgekeurd op basis van bewijsmateriaal;2050-01-02;3;;2;Libellen;Gomphidae;2026-07-08;603;S;zeldzaam
241082751;241082751;Beekrombout;Gomphus vulgatissimus;2022-05-11;5;2022-05-11;1;ter plaatse;gezien;imago;onbekend;228823.5767330614;218639.11867253948;5.49826921;51.27222856;FS7483;Warmbeekvallei - Grevenbroek (LiLa);Hamont-Achel;Achel;Limburg;Site;J;Goedgekeurd op basis van bewijsmateriaal;1980-01-01;3;Bij nader toezien bleek het imago 1 gekwetste vleugel te hebben aan de rechterzijde. ;10;Libellen;Gomphidae;2026-07-08;603;S;zeldzaam
273218873;273218873;Beekrombout;Gomphus vulgatissimus;2023-05-24;5;2023-05-24;1;ter plaatse;gezien;larvenhuidje;onbekend;209286.89937925615;210357.47031079975;5.216988000000015;51.200137;FS5474;Bankei;Mol;Mol;Antwerpen;Site;J;Goedgekeurd op basis van bewijsmateriaal;1980-01-01;3;;5;Libellen;Gomphidae;2026-07-08;603;S;zeldzaam
273210747;273210747;Beekrombout;Gomphus vulgatissimus;2023-05-24;5;2023-05-24;1;ter plaatse;gezien;imago;Man;209213.6437792153;219774.8380378736;5.217481255531311;51.28478522096996;FS5483;Postel;Mol;Mol;Antwerpen;Site;J;Goedgekeurd op basis van bewijsmateriaal;1980-01-01;3;;7;Libellen;Gomphidae;2026-07-08;603;S;zeldzaam
190069211;190069211;Beekrombout;Gomphus vulgatissimus;2020-04-30;4;2020-04-30;1;ter plaatse;gezien;onbekend;onbekend;209311.1545766939;210214.92527081163;5.21731167;51.198853330000006;FS5474;Bankei;Mol;Mol;Antwerpen;iObs;J;Goedgekeurd op basis van bewijsmateriaal;2007-01-01;3;;16;Libellen;Gomphidae;2026-07-08;603;S;zeldzaam
396175663;396175663;Beekrombout;Gomphus vulgatissimus;2026-05-03;5;2026-05-03;1;ter plaatse;onbekend;imago, niet uitgekleurd;onbekend;206926.2588006234;214473.30779492852;5.1838635;51.2373673;FS5278;Mol - Kanaalplassen Globaal;Mol;Mol;Antwerpen;ObsIdentify;J;Goedgekeurd op basis van bewijsmateriaal;1980-01-01;3;;35;Libellen;Gomphidae;2026-07-08;603;S;zeldzaam
396176342;396176342;Beekrombout;Gomphus vulgatissimus;2026-05-03;5;2026-05-03;1;ter plaatse;onbekend;imago, niet uitgekleurd;Man;206920.5069087363;214474.91353242288;5.1837814;51.2373823;FS5278;Mol - Kanaalplassen Globaal;Mol;Mol;Antwerpen;ObsIdentify;J;Goedgekeurd op basis van bewijsmateriaal;1980-01-01;3;;33;Libellen;Gomphidae;2026-07-08;603;S;zeldzaam
349513526;349513526;Beekrombout;Gomphus vulgatissimus;2025-05-10;5;2025-05-10;1;ter plaatse;gezien;onbekend;onbekend;207700.1879585112;214866.22891741156;5.195006847381592;51.240821838378906;FS5378;Mol - Den Diel;Mol;Mol;Antwerpen;ObsMapp;J;Goedgekeurd op basis van expertoordeel;1980-01-01;3;;1;Libellen;Gomphidae;2026-07-08;603;S;zeldzaam
311462166;311462166;Beekrombout;Gomphus vulgatissimus;2024-05-25;5;2024-05-25;1;ter plaatse;onbekend;imago;Vrouw;207652.37555365887;214852.14060593303;5.1943200000000616;51.2407;FS5378;Mol - Den Diel;Mol;Mol;Antwerpen;ObsIdentify;J;Goedgekeurd op basis van bewijsmateriaal;1980-01-01;4;;7;Libellen;Gomphidae;2026-07-08;603;S;zeldzaam
311459603;311459603;Beekrombout;Gomphus vulgatissimus;2024-05-25;5;2024-05-25;1;ter plaatse;onbekend;imago;Vrouw;207640.9365366065;214831.9860919965;5.194153000000028;51.24052;FS5378;Mol - Den Diel - Ten zuiden van Sprietputten;Mol;Mol;Antwerpen;ObsIdentify;J;Goedgekeurd op basis van bewijsmateriaal;1980-01-01;4;;14;Libellen;Gomphidae;2026-07-08;603;S;zeldzaam
192578940;192578940;Beekrombout;Gomphus vulgatissimus;2020-05-26;5;2020-05-27;2;ter plaatse;gezien;imago;onbekend;224516.03907867605;219015.46441215;5.43663024902344;51.2761840820313;FS6983;Neerpelt - Het Hageven;Neerpelt;Neerpelt;Limburg;ObsMapp;J;Goedgekeurd op basis van expertoordeel;2007-01-01;3;;25;Libellen;Gomphidae;2026-07-08;603;S;zeldzaam
192202483;192202483;Beekrombout;Gomphus vulgatissimus;2020-05-23;5;2020-05-23;1;ter plaatse;onbekend;imago;onbekend;207300.99992500475;214694.70042774267;5.1892639;51.23932;FS5278;Mol - Den Diel - West - Ten zuiden van beek;Mol;Mol;Antwerpen;Site;J;Goedgekeurd op basis van bewijsmateriaal;1980-01-01;3;;5;Libellen;Gomphidae;2026-07-08;603;S;zeldzaam
192197604;192197604;Beekrombout;Gomphus vulgatissimus;2020-05-23;5;2020-05-23;2;ter plaatse;onbekend;imago;onbekend;207299.2675312377;214711.14808381812;5.1892417;51.239468;FS5278;Mol - Den Diel - West - Ten zuiden van beek;Mol;Mol;Antwerpen;Site;J;Goedgekeurd op basis van bewijsmateriaal;1980-01-01;3;;7;Libellen;Gomphidae;2026-07-08;603;S;zeldzaam
349002542;349002542;Beekrombout;Gomphus vulgatissimus;2025-05-07;5;2025-05-07;1;ter plaatse;COLLECTED;larvenhuidje;onbekend;209321.25915545705;219987.70268900783;5.219058562498014;51.2866872807328;FS5484;Postel;Mol;Mol;Antwerpen;Observation;J;Goedgekeurd op basis van expertoordeel;1980-01-01;3;;5;Libellen;Gomphidae;2026-07-08;603;S;zeldzaam
349002546;349002546;Beekrombout;Gomphus vulgatissimus;2025-05-07;5;2025-05-07;1;ter plaatse;COLLECTED;larvenhuidje;onbekend;209321.6272462554;219988.2361489972;5.219063925814669;51.28669203731978;FS5484;Postel;Mol;Mol;Antwerpen;Observation;J;Goedgekeurd op basis van expertoordeel;1980-01-01;3;;5;Libellen;Gomphidae;2026-07-08;603;S;zeldzaam
349002548;349002548;Beekrombout;Gomphus vulgatissimus;2025-05-07;5;2025-05-07;1;ter plaatse;COLLECTED;larvenhuidje;onbekend;209317.64859124477;219986.9338612631;5.219006687565703;51.28668074275513;FS5484;Postel;Mol;Mol;Antwerpen;Observation;J;Goedgekeurd op basis van expertoordeel;1980-01-01;3;;5;Libellen;Gomphidae;2026-07-08;603;S;zeldzaam
349002552;349002552;Beekrombout;Gomphus vulgatissimus;2025-05-07;5;2025-05-07;2;ter plaatse;COLLECTED;larvenhuidje;onbekend;209316.6783307345;219983.63382480573;5.218992239194656;51.286651183417234;FS5484;Postel;Mol;Mol;Antwerpen;Observation;J;Goedgekeurd op basis van expertoordeel;1980-01-01;3;;5;Libellen;Gomphidae;2026-07-08;603;S;zeldzaam
243493794;243493794;Beekrombout;Gomphus vulgatissimus;2022-05-30;5;2022-05-30;1;foeragerend;gezien;imago;onbekend;203136.3182607952;221227.38104075845;5.1305938;51.298433;FS4885;Arendonk - Tussen Wamp en Nete;Arendonk;Arendonk;Antwerpen;Site;J;Goedgekeurd op basis van bewijsmateriaal;1980-01-01;3;;7;Libellen;Gomphidae;2026-07-08;603;S;zeldzaam
349002559;349002559;Beekrombout;Gomphus vulgatissimus;2025-05-07;5;2025-05-07;1;ter plaatse;COLLECTED;larvenhuidje;onbekend;209309.18498997283;219979.97285533044;5.21888423922391;51.286619052002585;FS5484;Postel;Mol;Mol;Antwerpen;Observation;J;Goedgekeurd op basis van expertoordeel;1980-01-01;3;;5;Libellen;Gomphidae;2026-07-08;603;S;zeldzaam
349002568;349002568;Beekrombout;Gomphus vulgatissimus;2025-05-07;5;2025-05-07;1;ter plaatse;COLLECTED;larvenhuidje;onbekend;209303.9930824687;219967.3467363417;5.218807752514462;51.28650610866881;FS5484;Postel;Mol;Mol;Antwerpen;Observation;J;Goedgekeurd op basis van expertoordeel;1980-01-01;3;;5;Libellen;Gomphidae;2026-07-08;603;S;zeldzaam
349002570;349002570;Beekrombout;Gomphus vulgatissimus;2025-05-07;5;2025-05-07;1;ter plaatse;COLLECTED;larvenhuidje;onbekend;209302.8693086133;219964.0819954006;5.218791109889932;51.286476882333375;FS5484;Postel;Mol;Mol;Antwerpen;Observation;J;Goedgekeurd op basis van expertoordeel;1980-01-01;3;;5;Libellen;Gomphidae;2026-07-08;603;S;zeldzaam
349002573;349002573;Beekrombout;Gomphus vulgatissimus;2025-05-07;5;2025-05-07;1;ter plaatse;COLLECTED;larvenhuidje;onbekend;209293.6811626074;219955.24496143215;5.218657969819299;51.28639840503492;FS5484;Postel;Mol;Mol;Antwerpen;Observation;J;Goedgekeurd op basis van expertoordeel;1980-01-01;3;;5;Libellen;Gomphidae;2026-07-08;603;S;zeldzaam
349002578;349002578;Beekrombout;Gomphus vulgatissimus;2025-05-07;5;2025-05-07;1;ter plaatse;COLLECTED;larvenhuidje;onbekend;209295.04706204857;219955.43116723187;5.2186775771150105;51.2863999379362;FS5484;Postel;Mol;Mol;Antwerpen;Observation;J;Goedgekeurd op basis van expertoordeel;1980-01-01;3;;5;Libellen;Gomphidae;2026-07-08;603;S;zeldzaam
349002580;349002580;Beekrombout;Gomphus vulgatissimus;2025-05-07;5;2025-05-07;1;ter plaatse;COLLECTED;larvenhuidje;onbekend;209296.96489475493;219956.24146237224;5.218705197458428;51.286407023045584;FS5484;Postel;Mol;Mol;Antwerpen;Observation;J;Goedgekeurd op basis van expertoordeel;1980-01-01;3;;5;Libellen;Gomphidae;2026-07-08;603;S;zeldzaam
275022104;275022104;Beekrombout;Gomphus vulgatissimus;2023-06-02;6;2023-06-05;1;ter plaatse;onbekend;imago;Man;207184.25707298363;214695.5356846852;5.1875925;51.2393391;FS5278;Mol - Den Diel - West - Ten zuiden van beek;Mol;Mol;Antwerpen;ObsIdentify;J;Goedgekeurd op basis van bewijsmateriaal;1980-01-01;3;;999;Libellen;Gomphidae;2026-07-08;603;S;zeldzaam
213014089;213014089;Beekrombout;Gomphus vulgatissimus;2021-05-08;5;2021-05-08;1;ter plaatse;onbekend;imago, niet uitgekleurd;Vrouw;228201.2184180594;220924.7115947036;5.48984718322754;51.292854309082;FS7385;  ;Hamont-Achel;Achel;Limburg;ObsMapp;J;Goedgekeurd op basis van bewijsmateriaal;2007-01-01;3;;25;Libellen;Gomphidae;2026-07-08;603;S;zeldzaam
213128514;213128514;Beekrombout;Gomphus vulgatissimus;2021-05-09;5;2021-05-09;1;ter plaatse;onbekend;imago, niet uitgekleurd;Vrouw;228218.66481502695;220875.31298110075;5.49008655548096;51.292407989502;FS7385;Achel - Achelse Kluis NW;Hamont-Achel;Achel;Limburg;ObsMapp;J;Goedgekeurd op basis van expertoordeel;2007-01-01;3;;25;Libellen;Gomphidae;2026-07-08;603;S;zeldzaam
215353823;215353823;Beekrombout;Gomphus vulgatissimus;2021-05-29;5;2021-05-30;1;ter plaatse;onbekend;imago, niet uitgekleurd;Vrouw;228751.8823294504;219299.72725052945;5.49738597869873;51.2781753540039;FS7483;  ;Hamont-Achel;Achel;Limburg;ObsMapp;J;Goedgekeurd op basis van expertoordeel;2007-01-01;3;;25;Libellen;Gomphidae;2026-07-08;603;S;zeldzaam
215353814;215353814;Beekrombout;Gomphus vulgatissimus;2021-05-29;5;2021-05-30;1;ter plaatse;onbekend;imago, niet uitgekleurd;Vrouw;228756.89211318752;219270.09113776125;5.4974513053894;51.2779083251953;FS7483;  ;Hamont-Achel;Achel;Limburg;ObsMapp;J;Goedgekeurd op basis van bewijsmateriaal;2007-01-01;3;;25;Libellen;Gomphidae;2026-07-08;603;S;zeldzaam
215351690;215351690;Beekrombout;Gomphus vulgatissimus;2021-05-29;5;2021-05-30;1;ter plaatse;onbekend;imago, niet uitgekleurd;Man;228707.78979921775;218391.1349104708;5.49655628204346;51.2700157165527;FS7482;Warmbeekvallei - Grevenbroek (LiLa);Hamont-Achel;Achel;Limburg;ObsMapp;J;Goedgekeurd op basis van bewijsmateriaal;2007-01-01;3;;25;Libellen;Gomphidae;2026-07-08;603;S;zeldzaam
215219127;215219127;Beekrombout;Gomphus vulgatissimus;2021-05-29;5;2021-05-29;1;ter plaatse;COLLECTED;larvenhuidje;onbekend;228223.6852144972;220824.8776964005;5.49014759063721;51.2919540405273;FS7385;  ;Hamont-Achel;Achel;Limburg;ObsMapp;J;Goedgekeurd op basis van expertoordeel;2007-01-01;3;;25;Libellen;Gomphidae;2026-07-08;603;S;zeldzaam
215219073;215219073;Beekrombout;Gomphus vulgatissimus;2021-05-29;5;2021-05-29;1;ter plaatse;onbekend;imago, niet uitgekleurd;onbekend;228199.61276188763;220931.90321639556;5.48982572555542;51.2929191589355;FS7385;Achel - Achelse Kluis NW;Hamont-Achel;Achel;Limburg;ObsMapp;J;Goedgekeurd op basis van expertoordeel;2007-01-01;3;;25;Libellen;Gomphidae;2026-07-08;603;S;zeldzaam
215219066;215219066;Beekrombout;Gomphus vulgatissimus;2021-05-29;5;2021-05-29;1;ter plaatse;COLLECTED;larvenhuidje;onbekend;228128.97231862703;221071.75834744703;5.48884344100952;51.2941856384277;FS7385;  ;Hamont-Achel;Achel;Limburg;ObsMapp;J;Goedgekeurd op basis van expertoordeel;2007-01-01;3;;25;Libellen;Gomphidae;2026-07-08;603;S;zeldzaam
215219072;215219072;Beekrombout;Gomphus vulgatissimus;2021-05-29;5;2021-05-29;1;ter plaatse;COLLECTED;larvenhuidje;onbekend;228192.14310987;220944.09981066827;5.48972129821777;51.2930297851563;FS7385;  ;Hamont-Achel;Achel;Limburg;ObsMapp;J;Goedgekeurd op basis van expertoordeel;2007-01-01;3;;25;Libellen;Gomphidae;2026-07-08;603;S;zeldzaam
213014065;213014065;Beekrombout;Gomphus vulgatissimus;2021-05-08;5;2021-05-08;1;ter plaatse;onbekend;imago, niet uitgekleurd;Vrouw;228092.2258928446;221145.90939937343;5.48833274841309;51.2948570251465;FS7385;  ;Hamont-Achel;Achel;Limburg;ObsMapp;J;Goedgekeurd op basis van bewijsmateriaal;2007-01-01;3;;25;Libellen;Gomphidae;2026-07-08;603;S;zeldzaam
215219132;215219132;Beekrombout;Gomphus vulgatissimus;2021-05-29;5;2021-05-29;1;ter plaatse;COLLECTED;larvenhuidje;onbekend;228222.0830803298;220838.43631456883;5.49012756347656;51.2920761108398;FS7385;Achel - Achelse Kluis NW;Hamont-Achel;Achel;Limburg;ObsMapp;J;Goedgekeurd op basis van expertoordeel;2007-01-01;3;;25;Libellen;Gomphidae;2026-07-08;603;S;zeldzaam
215219140;215219140;Beekrombout;Gomphus vulgatissimus;2021-05-29;5;2021-05-29;1;ter plaatse;COLLECTED;larvenhuidje;onbekend;228215.20691841052;220912.6135189589;5.49004507064819;51.2927436828613;FS7385;Achel - Achelse Kluis NW;Hamont-Achel;Achel;Limburg;ObsMapp;J;Goedgekeurd op basis van expertoordeel;2007-01-01;3;;25;Libellen;Gomphidae;2026-07-08;603;S;zeldzaam
213014071;213014071;Beekrombout;Gomphus vulgatissimus;2021-05-08;5;2021-05-08;1;ter plaatse;onbekend;imago, niet uitgekleurd;onbekend;228190.4409215286;220968.69298584573;5.48970222473145;51.2932510375977;FS7385;  ;Hamont-Achel;Achel;Limburg;ObsMapp;J;Goedgekeurd op basis van bewijsmateriaal;2007-01-01;3;vleugels beschadigd;25;Libellen;Gomphidae;2026-07-08;603;S;zeldzaam
215353507;215353507;Beekrombout;Gomphus vulgatissimus;2021-05-29;5;2021-05-30;1;ter plaatse;onbekend;imago, niet uitgekleurd;Man;228802.484485192;219154.0579160694;5.49807929992676;51.2768592834473;FS7483;  ;Hamont-Achel;Achel;Limburg;ObsMapp;J;Goedgekeurd op basis van bewijsmateriaal;2007-01-01;3;;25;Libellen;Gomphidae;2026-07-08;603;S;zeldzaam
214348928;214348928;Beekrombout;Gomphus vulgatissimus;2021-05-20;5;2021-05-21;1;ter plaatse;onbekend;imago, niet uitgekleurd;onbekend;209330.24536246184;220022.04404752608;5.219193;51.286995;FS5484;Postel - Golfbaan;Mol;Mol;Antwerpen;ObsMapp;J;Goedgekeurd op basis van bewijsmateriaal;2007-01-01;3;;25;Libellen;Gomphidae;2026-07-08;603;S;zeldzaam
214348929;214348929;Beekrombout;Gomphus vulgatissimus;2021-05-20;5;2021-05-21;1;ter plaatse;onbekend;imago, niet uitgekleurd;Man;209327.3760207949;220013.9394249488;5.21915054321289;51.286922454834;FS5484;Postel - Golfbaan;Mol;Mol;Antwerpen;ObsMapp;J;Goedgekeurd op basis van bewijsmateriaal;2007-01-01;3;;25;Libellen;Gomphidae;2026-07-08;603;S;zeldzaam
215353183;215353183;Beekrombout;Gomphus vulgatissimus;2021-05-29;5;2021-05-30;1;ter plaatse;onbekend;imago;Man;228825.24636533813;219077.5768687697;5.49838876724243;51.2761688232422;FS7483;  ;Hamont-Achel;Achel;Limburg;ObsMapp;J;Goedgekeurd op basis van bewijsmateriaal;2007-01-01;3;;25;Libellen;Gomphidae;2026-07-08;603;S;zeldzaam
213014104;213014104;Beekrombout;Gomphus vulgatissimus;2021-05-08;5;2021-05-08;1;ter plaatse;onbekend;imago, niet uitgekleurd;Man;228208.42398322077;220913.32520554308;5.489948;51.292751;FS7385;Achel - Achelse Kluis NW;Hamont-Achel;Achel;Limburg;ObsMapp;J;Goedgekeurd op basis van bewijsmateriaal;2007-01-01;3;;25;Libellen;Gomphidae;2026-07-08;603;S;zeldzaam
215216834;215216834;Beekrombout;Gomphus vulgatissimus;2021-05-29;5;2021-05-29;1;ter plaatse;onbekend;imago, niet uitgekleurd;onbekend;228123.81458947997;221078.47191232443;5.48877096176147;51.294246673584;FS7385;  ;Hamont-Achel;Achel;Limburg;ObsMapp;J;Goedgekeurd op basis van expertoordeel;2007-01-01;3;Vloog net op;25;Libellen;Gomphidae;2026-07-08;603;S;zeldzaam
214348930;214348930;Beekrombout;Gomphus vulgatissimus;2021-05-20;5;2021-05-21;1;ter plaatse;onbekend;imago, niet uitgekleurd;Man;209319.6317145505;220007.48403236363;5.21903848648071;51.286865234375;FS5484;Postel - Golfbaan;Mol;Mol;Antwerpen;ObsMapp;J;Goedgekeurd op basis van bewijsmateriaal;2007-01-01;3;;25;Libellen;Gomphidae;2026-07-08;603;S;zeldzaam
215219144;215219144;Beekrombout;Gomphus vulgatissimus;2021-05-29;5;2021-05-29;1;ter plaatse;COLLECTED;larvenhuidje;onbekend;228196.07168085664;220974.7205430884;5.48978424072266;51.2933044433594;FS7385;Achel - Achelse Kluis NW;Hamont-Achel;Achel;Limburg;ObsMapp;J;Goedgekeurd op basis van expertoordeel;2007-01-01;3;;25;Libellen;Gomphidae;2026-07-08;603;S;zeldzaam
213128623;213128623;Beekrombout;Gomphus vulgatissimus;2021-05-09;5;2021-05-09;1;ter plaatse;onbekend;imago, niet uitgekleurd;Man;228106.74218614752;221116.4159814464;5.48853445053101;51.2945899963379;FS7385;  ;Hamont-Achel;Achel;Limburg;ObsMapp;J;Goedgekeurd op basis van bewijsmateriaal;2007-01-01;3;;25;Libellen;Gomphidae;2026-07-08;603;S;zeldzaam
213128570;213128570;Beekrombout;Gomphus vulgatissimus;2021-05-09;5;2021-05-09;1;ter plaatse;onbekend;imago, niet uitgekleurd;Vrouw;228212.6905142549;220885.4098253781;5.49000310897827;51.2924995422363;FS7385;  ;Hamont-Achel;Achel;Limburg;ObsMapp;J;Goedgekeurd op basis van bewijsmateriaal;2007-01-01;3;;25;Libellen;Gomphidae;2026-07-08;603;S;zeldzaam
215219145;215219145;Beekrombout;Gomphus vulgatissimus;2021-05-29;5;2021-05-29;1;ter plaatse;COLLECTED;larvenhuidje;onbekend;228816.98830328084;218599.08358359616;5.49816608428955;51.2718696594238;FS7483;Warmbeekvallei - Grevenbroek (LiLa);Hamont-Achel;Achel;Limburg;ObsMapp;J;Goedgekeurd op basis van expertoordeel;2007-01-01;3;;25;Libellen;Gomphidae;2026-07-08;603;S;zeldzaam
214349005;214349005;Beekrombout;Gomphus vulgatissimus;2021-05-20;5;2021-05-21;1;ter plaatse;onbekend;larve/nimf;onbekend;209312.33909077427;219981.9339412497;5.21892976760864;51.2866363525391;FS5484;Postel;Mol;Mol;Antwerpen;ObsMapp;J;Goedgekeurd op basis van expertoordeel;2007-01-01;3;;25;Libellen;Gomphidae;2026-07-08;603;S;zeldzaam
215219208;215219208;Beekrombout;Gomphus vulgatissimus;2021-05-29;5;2021-05-29;1;ter plaatse;COLLECTED;larvenhuidje;onbekend;228747.838877032;219318.3420637241;5.49733209609985;51.2783432006836;FS7483;  ;Hamont-Achel;Achel;Limburg;ObsMapp;J;Goedgekeurd op basis van expertoordeel;2007-01-01;3;;25;Libellen;Gomphidae;2026-07-08;603;S;zeldzaam
215353181;215353181;Beekrombout;Gomphus vulgatissimus;2021-05-29;5;2021-05-30;1;ter plaatse;onbekend;imago;Vrouw;228845.32062561257;219015.91115310043;5.4986629486084;51.2756118774414;FS7483;  ;Hamont-Achel;Achel;Limburg;ObsMapp;J;Goedgekeurd op basis van bewijsmateriaal;2007-01-01;3;;25;Libellen;Gomphidae;2026-07-08;603;S;zeldzaam
214349011;214349011;Beekrombout;Gomphus vulgatissimus;2021-05-20;5;2021-05-21;1;ter plaatse;onbekend;imago, niet uitgekleurd;onbekend;209309.78895176784;219975.1136481287;5.21889209747314;51.2865753173828;FS5484;Postel;Mol;Mol;Antwerpen;ObsMapp;J;Goedgekeurd op basis van bewijsmateriaal;2007-01-01;3;;25;Libellen;Gomphidae;2026-07-08;603;S;zeldzaam
214349015;214349015;Beekrombout;Gomphus vulgatissimus;2021-05-20;5;2021-05-21;1;ter plaatse;onbekend;imago, niet uitgekleurd;Vrouw;209314.7983753078;219990.8754042806;5.21896648406982;51.2867164611816;FS5484;Postel;Mol;Mol;Antwerpen;ObsMapp;J;Goedgekeurd op basis van expertoordeel;2007-01-01;3;;25;Libellen;Gomphidae;2026-07-08;603;S;zeldzaam
215116842;215116842;Beekrombout;Gomphus vulgatissimus;2021-05-28;5;2021-05-29;1;ter plaatse;onbekend;imago;Vrouw;222379.2788037758;216289.036553639;5.40546703338623;51.251953125;FS6780;Neerpelt - Het Hageven - Verkeerde lievenheer;Neerpelt;Neerpelt;Limburg;ObsMapp;J;Goedgekeurd op basis van bewijsmateriaal;2007-01-01;3;;25;Libellen;Gomphidae;2026-07-08;603;S;zeldzaam
213128614;213128614;Beekrombout;Gomphus vulgatissimus;2021-05-09;5;2021-05-09;1;ter plaatse;onbekend;larvenhuidje;onbekend;228186.51796571809;220959.7199876085;5.48964405059814;51.2931709289551;FS7385;  ;Hamont-Achel;Achel;Limburg;ObsMapp;J;Goedgekeurd op basis van expertoordeel;2007-01-01;3;Ik heb de Beekrombout nog net zien wegvliegen;25;Libellen;Gomphidae;2026-07-08;603;S;zeldzaam
215254425;215254425;Beekrombout;Gomphus vulgatissimus;2021-05-20;5;2021-05-30;90;ter plaatse;onbekend;larvenhuidje;onbekend;209324.6673596642;220015.6380092697;5.219112;51.286938;FS5484;Postel - Golfbaan;Mol;Mol;Antwerpen;Site;J;Goedgekeurd op basis van expertoordeel;2021-07-31;3;Telling meetnetten;80;Libellen;Gomphidae;2026-07-08;603;S;zeldzaam
215216634;215216634;Beekrombout;Gomphus vulgatissimus;2021-05-29;5;2021-05-29;1;ter plaatse;COLLECTED;larvenhuidje;onbekend;228391.1139340813;219739.9370534951;5.49231195449829;51.2821807861328;FS7384;Hamont-Achel - Beverbeek KULeuven;Hamont-Achel;Achel;Limburg;ObsMapp;J;Goedgekeurd op basis van expertoordeel;2007-01-01;3;;25;Libellen;Gomphidae;2026-07-08;603;S;zeldzaam
215255520;215255520;Beekrombout;Gomphus vulgatissimus;2021-05-29;5;2021-05-30;1;ter plaatse;onbekend;imago;Man;228408.0667366856;219754.2376173725;5.492558;51.282307;FS7384;Hamont-Achel - Beverbeek KULeuven;Hamont-Achel;Achel;Limburg;ObsMapp;J;Goedgekeurd op basis van bewijsmateriaal;2007-01-01;3;;25;Libellen;Gomphidae;2026-07-08;603;S;zeldzaam
213128616;213128616;Beekrombout;Gomphus vulgatissimus;2021-05-09;5;2021-05-09;1;ter plaatse;onbekend;imago, niet uitgekleurd;Man;228189.16899755207;220973.34295280464;5.489685;51.293293;FS7385;  ;Hamont-Achel;Achel;Limburg;ObsMapp;J;Goedgekeurd op basis van expertoordeel;2007-01-01;3;;25;Libellen;Gomphidae;2026-07-08;603;S;zeldzaam
215255531;215255531;Beekrombout;Gomphus vulgatissimus;2021-05-29;5;2021-05-30;1;ter plaatse;onbekend;imago, niet uitgekleurd;Vrouw;228392.9365486272;219711.94837297872;5.492332;51.281929;FS7384;  ;Hamont-Achel;Achel;Limburg;ObsMapp;J;Goedgekeurd op basis van bewijsmateriaal;2007-01-01;3;;25;Libellen;Gomphidae;2026-07-08;603;S;zeldzaam
215255533;215255533;Beekrombout;Gomphus vulgatissimus;2021-05-29;5;2021-05-30;1;ter plaatse;onbekend;imago;Man;228047.3286937112;221213.57083950844;5.48770380020142;51.2954711914063;FS7385;  ;Hamont-Achel;Achel;Limburg;ObsMapp;J;Goedgekeurd op basis van bewijsmateriaal;2007-01-01;3;;25;Libellen;Gomphidae;2026-07-08;603;S;zeldzaam
213014075;213014075;Beekrombout;Gomphus vulgatissimus;2021-05-08;5;2021-05-08;1;ter plaatse;onbekend;imago, niet uitgekleurd;Vrouw;228197.7733101868;220934.8620462669;5.4898;51.292946;FS7385;  ;Hamont-Achel;Achel;Limburg;ObsMapp;J;Goedgekeurd op basis van bewijsmateriaal;2007-01-01;3;;25;Libellen;Gomphidae;2026-07-08;603;S;zeldzaam
215219134;215219134;Beekrombout;Gomphus vulgatissimus;2021-05-29;5;2021-05-29;1;ter plaatse;COLLECTED;larvenhuidje;onbekend;228216.5915373812;220867.216843253;5.49005508422852;51.2923355102539;FS7385;  ;Hamont-Achel;Achel;Limburg;ObsMapp;J;Goedgekeurd op basis van expertoordeel;2007-01-01;3;;25;Libellen;Gomphidae;2026-07-08;603;S;zeldzaam
215351537;215351537;Beekrombout;Gomphus vulgatissimus;2021-05-29;5;2021-05-30;1;ter plaatse;onbekend;imago, niet uitgekleurd;Vrouw;228211.2644586425;220845.48870746975;5.48997402191162;51.2921409606934;FS7385;  ;Hamont-Achel;Achel;Limburg;ObsMapp;J;Goedgekeurd op basis van bewijsmateriaal;2007-01-01;3;;25;Libellen;Gomphidae;2026-07-08;603;S;zeldzaam
213128646;213128646;Beekrombout;Gomphus vulgatissimus;2021-05-09;5;2021-05-09;1;ter plaatse;onbekend;imago, niet uitgekleurd;Man;228055.42060782004;221197.56324479915;5.48781633377075;51.2953262329102;FS7385;  ;Hamont-Achel;Achel;Limburg;ObsMapp;J;Goedgekeurd op basis van bewijsmateriaal;2007-01-01;3;;25;Libellen;Gomphidae;2026-07-08;603;S;zeldzaam
213128619;213128619;Beekrombout;Gomphus vulgatissimus;2021-05-09;5;2021-05-09;1;ter plaatse;onbekend;imago, niet uitgekleurd;Man;228127.6032958954;221085.32052153532;5.48882675170898;51.2943077087402;FS7385;  ;Hamont-Achel;Achel;Limburg;ObsMapp;J;Goedgekeurd op basis van bewijsmateriaal;2007-01-01;3;;25;Libellen;Gomphidae;2026-07-08;603;S;zeldzaam
215352960;215352960;Beekrombout;Gomphus vulgatissimus;2021-05-29;5;2021-05-30;1;ter plaatse;onbekend;imago, niet uitgekleurd;Man;228852.02251515703;218988.8476860989;5.4987530708313;51.2753677368164;FS7483;  ;Hamont-Achel;Achel;Limburg;ObsMapp;J;Goedgekeurd op basis van bewijsmateriaal;2007-01-01;3;;25;Libellen;Gomphidae;2026-07-08;603;S;zeldzaam
215351628;215351628;Beekrombout;Gomphus vulgatissimus;2021-05-29;5;2021-05-30;1;ter plaatse;onbekend;imago;Vrouw;228214.83290519845;220827.2907009963;5.49002122879028;51.2919769287109;FS7385;Achel - Achelse Kluis NW;Hamont-Achel;Achel;Limburg;ObsMapp;J;Goedgekeurd op basis van bewijsmateriaal;2007-01-01;3;;25;Libellen;Gomphidae;2026-07-08;603;S;zeldzaam
215270360;215270360;Beekrombout;Gomphus vulgatissimus;2021-05-30;5;2021-05-30;1;ter plaatse;COLLECTED;larvenhuidje;onbekend;228145.05430790732;221057.56936745625;5.48907089233398;51.2940559387207;FS7385;  ;Hamont-Achel;Achel;Limburg;ObsMapp;J;Goedgekeurd op basis van bewijsmateriaal;2007-01-01;3;;25;Libellen;Gomphidae;2026-07-08;603;S;zeldzaam
215351681;215351681;Beekrombout;Gomphus vulgatissimus;2021-05-29;5;2021-05-30;1;ter plaatse;onbekend;imago;Vrouw;228222.99720019568;220819.77373723965;5.49013662338257;51.2919082641602;FS7385;  ;Hamont-Achel;Achel;Limburg;ObsMapp;J;Goedgekeurd op basis van bewijsmateriaal;2007-01-01;3;;25;Libellen;Gomphidae;2026-07-08;603;S;zeldzaam
213014069;213014069;Beekrombout;Gomphus vulgatissimus;2021-05-08;5;2021-05-08;1;ter plaatse;onbekend;imago, niet uitgekleurd;Vrouw;228192.0433644491;220979.32878524344;5.48972749710083;51.2933464050293;FS7385;Achel - Achelse Kluis NW;Hamont-Achel;Achel;Limburg;ObsMapp;J;Goedgekeurd op basis van bewijsmateriaal;2007-01-01;3;;25;Libellen;Gomphidae;2026-07-08;603;S;zeldzaam
213128612;213128612;Beekrombout;Gomphus vulgatissimus;2021-05-09;5;2021-05-09;1;ter plaatse;onbekend;imago, niet uitgekleurd;Man;228212.59892095625;220895.58499891404;5.490004;51.292591;FS7385;  ;Hamont-Achel;Achel;Limburg;ObsMapp;J;Goedgekeurd op basis van bewijsmateriaal;2007-01-01;3;;25;Libellen;Gomphidae;2026-07-08;603;S;zeldzaam
215219065;215219065;Beekrombout;Gomphus vulgatissimus;2021-05-29;5;2021-05-29;2;ter plaatse;COLLECTED;larvenhuidje;onbekend;228124.12031810495;221078.0520633543;5.4887752532959;51.2942428588867;FS7385;  ;Hamont-Achel;Achel;Limburg;ObsMapp;J;Goedgekeurd op basis van expertoordeel;2007-01-01;3;;25;Libellen;Gomphidae;2026-07-08;603;S;zeldzaam
215352872;215352872;Beekrombout;Gomphus vulgatissimus;2021-05-29;5;2021-05-30;1;ter plaatse;onbekend;imago, niet uitgekleurd;Vrouw;228849.8249299538;218999.85021406785;5.49872398376465;51.2754669189453;FS7483;  ;Hamont-Achel;Achel;Limburg;ObsMapp;J;Goedgekeurd op basis van bewijsmateriaal;2007-01-01;3;;25;Libellen;Gomphidae;2026-07-08;603;S;zeldzaam
308859402;308859402;Beekrombout;Gomphus vulgatissimus;2024-05-10;5;2024-05-10;1;ter plaatse;onbekend;imago;Man;207243.9364140046;214335.24908869248;5.188390000000027;51.236095;FS5278;Molse zandputten - Natuurreservaat De Maat;Mol;Mol;Antwerpen;ObsMapp;J;Goedgekeurd op basis van bewijsmateriaal;1980-01-01;3;;4;Libellen;Gomphidae;2026-07-08;603;S;zeldzaam
213014106;213014106;Beekrombout;Gomphus vulgatissimus;2021-05-08;5;2021-05-08;1;ter plaatse;onbekend;larvenhuidje;onbekend;228209.98001132213;220915.08131681383;5.48997068405151;51.2927665710449;FS7385;Achel - Achelse Kluis NW;Hamont-Achel;Achel;Limburg;ObsMapp;J;Goedgekeurd op basis van bewijsmateriaal;2007-01-01;3;;25;Libellen;Gomphidae;2026-07-08;603;S;zeldzaam
242554468;242554468;Beekrombout;Gomphus vulgatissimus;2022-05-22;5;2022-05-22;1;ter plaatse;gezien;imago;Man;227284.0768240197;218177.1158542605;5.4761133;51.268285;FS7282;  ;Hamont-Achel;Achel;Limburg;Site;J;Goedgekeurd op basis van bewijsmateriaal;1980-01-01;3;;5;Libellen;Gomphidae;2026-07-08;603;S;zeldzaam
215216801;215216801;Beekrombout;Gomphus vulgatissimus;2021-05-29;5;2021-05-29;1;ter plaatse;onbekend;imago, niet uitgekleurd;onbekend;228395.21137955727;219713.25799819268;5.49236488342285;51.2819404602051;FS7384;  ;Hamont-Achel;Achel;Limburg;ObsMapp;J;Goedgekeurd op basis van expertoordeel;2007-01-01;3;zien weg vliegen_ uitgeslopen aan overkant;25;Libellen;Gomphidae;2026-07-08;603;S;zeldzaam
212971708;212971708;Beekrombout;Gomphus vulgatissimus;2021-05-08;5;2021-05-08;1;ter plaatse;onbekend;imago, niet uitgekleurd;Man;228454.8740022279;219658.586786245;5.493208;51.281441;FS7384;  ;Hamont-Achel;Achel;Limburg;ObsMapp;J;Goedgekeurd op basis van bewijsmateriaal;2007-01-01;3;;25;Libellen;Gomphidae;2026-07-08;603;S;zeldzaam
215219071;215219071;Beekrombout;Gomphus vulgatissimus;2021-05-29;5;2021-05-29;1;ter plaatse;COLLECTED;larvenhuidje;onbekend;228189.1482122621;220952.9683030378;5.48968029022217;51.2931098937988;FS7385;  ;Hamont-Achel;Achel;Limburg;ObsMapp;J;Goedgekeurd op basis van expertoordeel;2007-01-01;3;;25;Libellen;Gomphidae;2026-07-08;603;S;zeldzaam
215116841;215116841;Beekrombout;Gomphus vulgatissimus;2021-05-28;5;2021-05-29;1;ter plaatse;onbekend;imago;Man;222352.2808697576;216214.80520967024;5.40506553649902;51.2512893676758;FS6780;Neerpelt - Het Hageven - Verkeerde lievenheer;Neerpelt;Neerpelt;Limburg;ObsMapp;J;Goedgekeurd op basis van expertoordeel;2007-01-01;3;;25;Libellen;Gomphidae;2026-07-08;603;S;zeldzaam
215219135;215219135;Beekrombout;Gomphus vulgatissimus;2021-05-29;5;2021-05-29;1;ter plaatse;COLLECTED;larvenhuidje;onbekend;228212.232921106;220876.0647131652;5.48999452590942;51.2924156188965;FS7385;  ;Hamont-Achel;Achel;Limburg;ObsMapp;J;Goedgekeurd op basis van expertoordeel;2007-01-01;3;;25;Libellen;Gomphidae;2026-07-08;603;S;zeldzaam
215216800;215216800;Beekrombout;Gomphus vulgatissimus;2021-05-29;5;2021-05-29;1;ter plaatse;COLLECTED;larvenhuidje;onbekend;228404.92261780569;219770.7074248707;5.49251651763916;51.2824554443359;FS7384;  ;Hamont-Achel;Achel;Limburg;ObsMapp;J;Goedgekeurd op basis van expertoordeel;2007-01-01;3;;25;Libellen;Gomphidae;2026-07-08;603;S;zeldzaam
349002596;349002596;Beekrombout;Gomphus vulgatissimus;2025-05-07;5;2025-05-07;3;ter plaatse;COLLECTED;larvenhuidje;onbekend;228806.7256781413;218592.44661140628;5.49801760156113;51.27181141562402;FS7483;Warmbeekvallei - Grevenbroek (LiLa);Hamont-Achel;Achel;Limburg;Observation;J;Goedgekeurd op basis van expertoordeel;1980-01-01;3;;5;Libellen;Gomphidae;2026-07-08;603;S;zeldzaam
311519402;311519402;Beekrombout;Gomphus vulgatissimus;2024-05-25;5;2024-05-26;1;ter plaatse;gezien;imago;Vrouw;207620.77988787752;214840.51159993463;5.193865746259689;51.24059864046732;FS5378;Mol - Den Diel - Ten zuiden van Sprietputten;Mol;Mol;Antwerpen;ObsMapp;J;Goedgekeurd op basis van bewijsmateriaal;1980-01-01;3;;2;Libellen;Gomphidae;2026-07-08;603;S;zeldzaam
311594833;311594833;Beekrombout;Gomphus vulgatissimus;2024-05-25;5;2024-05-26;1;ter plaatse;gezien;imago;onbekend;207581.0718089658;214840.0701226816;5.193297117948532;51.24059864046732;FS5378;Mol - Den Diel - Ten zuiden van Sprietputten;Mol;Mol;Antwerpen;ObsMapp;J;Goedgekeurd op basis van expertoordeel;1980-01-01;3;;2;Libellen;Gomphidae;2026-07-08;603;S;zeldzaam
312135906;312135906;Beekrombout;Gomphus vulgatissimus;2024-05-25;5;2024-05-30;1;ter plaatse;gezien;imago;onbekend;207174.8875804348;213148.65781116392;5.18721400000004;51.225437;FS5277;Mol - Klein Verkallen;Mol;Mol;Antwerpen;ObsMapp;J;Goedgekeurd op basis van bewijsmateriaal;1980-01-01;3;;3;Libellen;Gomphidae;2026-07-08;603;S;zeldzaam
349002599;349002599;Beekrombout;Gomphus vulgatissimus;2025-05-07;5;2025-05-07;1;ter plaatse;COLLECTED;larvenhuidje;onbekend;228803.3938778419;218594.1551918229;5.497970238494516;51.27182722661211;FS7483;Warmbeekvallei - Grevenbroek (LiLa);Hamont-Achel;Achel;Limburg;Observation;J;Goedgekeurd op basis van expertoordeel;1980-01-01;3;;5;Libellen;Gomphidae;2026-07-08;603;S;zeldzaam
349002601;349002601;Beekrombout;Gomphus vulgatissimus;2025-05-07;5;2025-05-07;3;ter plaatse;COLLECTED;larvenhuidje;onbekend;228803.6894811675;218592.8596963575;5.497974191219003;51.27181554335237;FS7483;Warmbeekvallei - Grevenbroek (LiLa);Hamont-Achel;Achel;Limburg;Observation;J;Goedgekeurd op basis van expertoordeel;1980-01-01;3;;5;Libellen;Gomphidae;2026-07-08;603;S;zeldzaam
349002605;349002605;Beekrombout;Gomphus vulgatissimus;2025-05-07;5;2025-05-07;1;ter plaatse;COLLECTED;larvenhuidje;onbekend;228806.8959559053;218593.22976744268;5.498020211939816;51.27181843068615;FS7483;Warmbeekvallei - Grevenbroek (LiLa);Hamont-Achel;Achel;Limburg;Observation;J;Goedgekeurd op basis van expertoordeel;1980-01-01;3;;5;Libellen;Gomphidae;2026-07-08;603;S;zeldzaam
349002606;349002606;Beekrombout;Gomphus vulgatissimus;2025-05-07;5;2025-05-07;2;ter plaatse;COLLECTED;larvenhuidje;onbekend;228803.4805052863;218587.6015776228;5.497970050708209;51.27176831635704;FS7483;Warmbeekvallei - Grevenbroek (LiLa);Hamont-Achel;Achel;Limburg;Observation;J;Goedgekeurd op basis van expertoordeel;1980-01-01;3;;5;Libellen;Gomphidae;2026-07-08;603;S;zeldzaam
349002611;349002611;Beekrombout;Gomphus vulgatissimus;2025-05-07;5;2025-05-07;1;ter plaatse;COLLECTED;larvenhuidje;onbekend;228802.4672695726;218587.8804623494;5.497955594627283;51.27177096131793;FS7483;Warmbeekvallei - Grevenbroek (LiLa);Hamont-Achel;Achel;Limburg;Observation;J;Goedgekeurd op basis van expertoordeel;1980-01-01;3;;5;Libellen;Gomphidae;2026-07-08;603;S;zeldzaam
349002613;349002613;Beekrombout;Gomphus vulgatissimus;2025-05-07;5;2025-05-07;1;ter plaatse;gezien;imago;onbekend;228800.6047898499;218586.63929111976;5.497928639793599;51.27176006143061;FS7483;Warmbeekvallei - Grevenbroek (LiLa);Hamont-Achel;Achel;Limburg;Observation;J;Goedgekeurd op basis van expertoordeel;1980-01-01;3;;5;Libellen;Gomphidae;2026-07-08;603;S;zeldzaam
349002616;349002616;Beekrombout;Gomphus vulgatissimus;2025-05-07;5;2025-05-07;1;ter plaatse;gezien;imago;onbekend;228801.874133746;218584.35377361067;5.497946327691568;51.27173934750739;FS7483;Warmbeekvallei - Grevenbroek (LiLa);Hamont-Achel;Achel;Limburg;Observation;J;Goedgekeurd op basis van expertoordeel;1980-01-01;3;;5;Libellen;Gomphidae;2026-07-08;603;S;zeldzaam
349002619;349002619;Beekrombout;Gomphus vulgatissimus;2025-05-07;5;2025-05-07;2;ter plaatse;COLLECTED;larvenhuidje;onbekend;228801.874133746;218584.35377361067;5.497946327691568;51.27173934750739;FS7483;Warmbeekvallei - Grevenbroek (LiLa);Hamont-Achel;Achel;Limburg;Observation;J;Goedgekeurd op basis van expertoordeel;1980-01-01;3;;5;Libellen;Gomphidae;2026-07-08;603;S;zeldzaam
349002623;349002623;Beekrombout;Gomphus vulgatissimus;2025-05-07;5;2025-05-07;1;ter plaatse;COLLECTED;larvenhuidje;onbekend;228803.1199351645;218586.32832998224;5.497964607116325;51.27175692278579;FS7483;Warmbeekvallei - Grevenbroek (LiLa);Hamont-Achel;Achel;Limburg;Observation;J;Goedgekeurd op basis van expertoordeel;1980-01-01;3;;5;Libellen;Gomphidae;2026-07-08;603;S;zeldzaam
349002626;349002626;Beekrombout;Gomphus vulgatissimus;2025-05-07;5;2025-05-07;1;ter plaatse;COLLECTED;larvenhuidje;onbekend;228803.5449214747;218587.42260604724;5.497970934593233;51.27176669909998;FS7483;Warmbeekvallei - Grevenbroek (LiLa);Hamont-Achel;Achel;Limburg;Observation;J;Goedgekeurd op basis van expertoordeel;1980-01-01;3;;5;Libellen;Gomphidae;2026-07-08;603;S;zeldzaam
242286643;242286643;Beekrombout;Gomphus vulgatissimus;2022-05-18;5;2022-05-20;1;ter plaatse;gezien;imago;Man;207385.10717091375;214712.654459483;5.190471;51.239473;FS5278;Mol - Kempisch kanaal - Kanaal thv Molse zandputten;Mol;Mol;Antwerpen;copied observation;J;Goedgekeurd op basis van bewijsmateriaal;1980-01-01;3;;15;Libellen;Gomphidae;2026-07-08;603;S;zeldzaam
190822680;190822680;Beekrombout;Gomphus vulgatissimus;2020-05-08;5;2020-05-08;115;ter plaatse;gezien;larvenhuidje;onbekend;209303.1886346952;219965.9902494345;5.218796;51.286494;FS5484;Postel;Mol;Mol;Antwerpen;Site;J;Goedgekeurd op basis van expertoordeel;1980-01-01;3;;25;Libellen;Gomphidae;2026-07-08;603;S;zeldzaam
357168395;357168395;Beekrombout;Gomphus vulgatissimus;2025-06-13;6;2025-06-17;1;ter plaatse;gezien;imago;Man;207367.49186456192;214713.5586104039;5.190218925476074;51.23948287963867;FS5278;Mol - Den Diel - West - Ten zuiden van beek;Mol;Mol;Antwerpen;ObsMapp;J;Goedgekeurd op basis van expertoordeel;2026-06-13;3;;2;Libellen;Gomphidae;2026-07-08;603;S;zeldzaam
307812840;307812840;Beekrombout;Gomphus vulgatissimus;2024-05-04;5;2024-05-04;4;ter plaatse;gezien;larvenhuidje;onbekend;209330.71470234517;220041.96584915183;5.219202999999993;51.287174;FS5484;Postel - Golfbaan;Mol;Mol;Antwerpen;ObsMapp;J;Goedgekeurd op basis van bewijsmateriaal;2024-06-04;3;;2;Libellen;Gomphidae;2026-07-08;603;S;zeldzaam
307812846;307812846;Beekrombout;Gomphus vulgatissimus;2024-05-04;5;2024-05-04;1;ter plaatse;gezien;imago, niet uitgekleurd;Vrouw;209331.28171972043;220041.19349450615;5.219210999999973;51.287167;FS5484;Postel - Golfbaan;Mol;Mol;Antwerpen;ObsMapp;J;Goedgekeurd op basis van bewijsmateriaal;2024-06-04;3;;2;Libellen;Gomphidae;2026-07-08;603;S;zeldzaam
307812852;307812852;Beekrombout;Gomphus vulgatissimus;2024-05-04;5;2024-05-04;1;ter plaatse;gezien;imago, niet uitgekleurd;Vrouw;209330.75513208524;220044.52540598065;5.219203999999991;51.287197;FS5484;Postel - Golfbaan;Mol;Mol;Antwerpen;ObsMapp;J;Goedgekeurd op basis van bewijsmateriaal;2024-06-04;3;;2;Libellen;Gomphidae;2026-07-08;603;S;zeldzaam
307812857;307812857;Beekrombout;Gomphus vulgatissimus;2024-05-04;5;2024-05-04;1;ter plaatse;gezien;larvenhuidje;onbekend;209315.5813675296;219995.12879672277;5.218978404998779;51.2867546081543;FS5484;Postel;Mol;Mol;Antwerpen;ObsMapp;J;Goedgekeurd op basis van expertoordeel;2024-06-04;3;;2;Libellen;Gomphidae;2026-07-08;603;S;zeldzaam
307812888;307812888;Beekrombout;Gomphus vulgatissimus;2024-05-04;5;2024-05-04;1;ter plaatse;gezien;imago;Man;209291.4781484312;219952.83809580468;5.218625999999972;51.286377;FS5484;Postel;Mol;Mol;Antwerpen;ObsMapp;J;Goedgekeurd op basis van bewijsmateriaal;2024-06-04;3;;2;Libellen;Gomphidae;2026-07-08;603;S;zeldzaam
307812898;307812898;Beekrombout;Gomphus vulgatissimus;2024-05-04;5;2024-05-04;1;ter plaatse;gezien;larvenhuidje;onbekend;209273.7830265739;219932.25699862465;5.218369007110596;51.28619384765625;FS5483;Postel;Mol;Mol;Antwerpen;ObsMapp;J;Goedgekeurd op basis van expertoordeel;2024-06-04;3;;2;Libellen;Gomphidae;2026-07-08;603;S;zeldzaam
307812906;307812906;Beekrombout;Gomphus vulgatissimus;2024-05-04;5;2024-05-04;1;vervellend;gezien;imago, niet uitgekleurd;Man;209273.18601366185;219935.60505830776;5.218360999999959;51.286224;FS5483;Postel;Mol;Mol;Antwerpen;ObsMapp;J;Goedgekeurd op basis van bewijsmateriaal;2024-06-04;3;;4;Libellen;Gomphidae;2026-07-08;603;S;zeldzaam
307812912;307812912;Beekrombout;Gomphus vulgatissimus;2024-05-04;5;2024-05-04;1;ter plaatse;gezien;larvenhuidje;onbekend;209251.02302146095;219900.58771276008;5.2180376052856445;51.285911560058594;FS5483;Postel;Mol;Mol;Antwerpen;ObsMapp;J;Goedgekeurd op basis van expertoordeel;2024-06-04;3;;3;Libellen;Gomphidae;2026-07-08;603;S;zeldzaam
307812920;307812920;Beekrombout;Gomphus vulgatissimus;2024-05-04;5;2024-05-04;1;ter plaatse;gezien;larvenhuidje;onbekend;209245.1816663765;219884.81650411244;5.21795129776001;51.285770416259766;FS5483;Postel;Mol;Mol;Antwerpen;ObsMapp;J;Goedgekeurd op basis van expertoordeel;2024-06-04;3;;3;Libellen;Gomphidae;2026-07-08;603;S;zeldzaam
307812925;307812925;Beekrombout;Gomphus vulgatissimus;2024-05-04;5;2024-05-04;1;ter plaatse;gezien;imago, niet uitgekleurd;Vrouw;209245.1614236902;219884.76995733197;5.217950999999971;51.28577;FS5483;Postel;Mol;Mol;Antwerpen;ObsMapp;J;Goedgekeurd op basis van bewijsmateriaal;2024-06-04;3;;3;Libellen;Gomphidae;2026-07-08;603;S;zeldzaam
307812930;307812930;Beekrombout;Gomphus vulgatissimus;2024-05-04;5;2024-05-04;1;ter plaatse;gezien;larvenhuidje;onbekend;209245.3943581216;219889.4877973199;5.217955112457275;51.28581237792969;FS5483;Postel;Mol;Mol;Antwerpen;ObsMapp;J;Goedgekeurd op basis van expertoordeel;2024-06-04;3;;3;Libellen;Gomphidae;2026-07-08;603;S;zeldzaam
307812935;307812935;Beekrombout;Gomphus vulgatissimus;2024-05-04;5;2024-05-04;1;ter plaatse;gezien;imago, niet uitgekleurd;Man;209241.53626645412;219886.472545716;5.217899322509766;51.28578567504883;FS5483;Postel;Mol;Mol;Antwerpen;ObsMapp;J;Goedgekeurd op basis van expertoordeel;2024-06-04;3;;3;Libellen;Gomphidae;2026-07-08;603;S;zeldzaam
307812940;307812940;Beekrombout;Gomphus vulgatissimus;2024-05-04;5;2024-05-04;1;ter plaatse;gezien;imago, niet uitgekleurd;Man;209241.51335331143;219886.50843910035;5.2178989999999885;51.285786;FS5483;Postel;Mol;Mol;Antwerpen;ObsMapp;J;Goedgekeurd op basis van expertoordeel;2024-06-04;3;;3;Libellen;Gomphidae;2026-07-08;603;S;zeldzaam
307812958;307812958;Beekrombout;Gomphus vulgatissimus;2024-05-04;5;2024-05-04;1;ter plaatse;gezien;larvenhuidje;onbekend;209226.01740250207;219858.70623822045;5.217672348022461;51.28553771972656;FS5483;Postel;Mol;Mol;Antwerpen;ObsMapp;J;Goedgekeurd op basis van expertoordeel;2024-06-04;3;;3;Libellen;Gomphidae;2026-07-08;603;S;zeldzaam
307812968;307812968;Beekrombout;Gomphus vulgatissimus;2024-05-04;5;2024-05-04;1;ter plaatse;gezien;imago, niet uitgekleurd;Man;209226.5559684143;219858.2985260915;5.217679999999973;51.285534;FS5483;Postel;Mol;Mol;Antwerpen;ObsMapp;J;Goedgekeurd op basis van bewijsmateriaal;2024-06-04;3;;3;Libellen;Gomphidae;2026-07-08;603;S;zeldzaam
307812983;307812983;Beekrombout;Gomphus vulgatissimus;2024-05-04;5;2024-05-04;1;ter plaatse;gezien;imago;Vrouw;209227.1372445529;219850.182845179;5.217687000000069;51.285461;FS5483;Postel;Mol;Mol;Antwerpen;ObsMapp;J;Goedgekeurd op basis van bewijsmateriaal;2024-06-04;3;;2;Libellen;Gomphidae;2026-07-08;603;S;zeldzaam
307812989;307812989;Beekrombout;Gomphus vulgatissimus;2024-05-04;5;2024-05-04;1;ter plaatse;gezien;imago, niet uitgekleurd;Man;209220.91577547693;219845.10474110677;5.217597000000069;51.285416;FS5483;Postel;Mol;Mol;Antwerpen;ObsMapp;J;Goedgekeurd op basis van bewijsmateriaal;2024-06-04;3;;3;Libellen;Gomphidae;2026-07-08;603;S;zeldzaam
307812996;307812996;Beekrombout;Gomphus vulgatissimus;2024-05-04;5;2024-05-04;2;ter plaatse;gezien;larvenhuidje;onbekend;209226.2662856384;219851.49357840975;5.217674732208252;51.28547286987305;FS5483;Postel;Mol;Mol;Antwerpen;ObsMapp;J;Goedgekeurd op basis van expertoordeel;2024-06-04;3;;2;Libellen;Gomphidae;2026-07-08;603;S;zeldzaam
307813017;307813017;Beekrombout;Gomphus vulgatissimus;2024-05-04;5;2024-05-04;1;ter plaatse;gezien;larvenhuidje;onbekend;209218.7486573962;219796.6797539424;5.217558000000054;51.284981;FS5483;Postel;Mol;Mol;Antwerpen;ObsMapp;J;Goedgekeurd op basis van bewijsmateriaal;2024-06-04;3;;2;Libellen;Gomphidae;2026-07-08;603;S;zeldzaam
307813040;307813040;Beekrombout;Gomphus vulgatissimus;2024-05-04;5;2024-05-04;1;ter plaatse;gezien;larvenhuidje;onbekend;209290.974394804;219959.1937372908;5.2186198234558105;51.286434173583984;FS5484;Postel;Mol;Mol;Antwerpen;ObsMapp;J;Goedgekeurd op basis van expertoordeel;2024-06-04;3;;2;Libellen;Gomphidae;2026-07-08;603;S;zeldzaam
307813044;307813044;Beekrombout;Gomphus vulgatissimus;2024-05-04;5;2024-05-04;1;ter plaatse;gezien;imago, niet uitgekleurd;Man;209290.9869321673;219959.17456710897;5.218619999999987;51.286434;FS5484;Postel;Mol;Mol;Antwerpen;ObsMapp;J;Goedgekeurd op basis van bewijsmateriaal;2024-06-04;3;;3;Libellen;Gomphidae;2026-07-08;603;S;zeldzaam
307813047;307813047;Beekrombout;Gomphus vulgatissimus;2024-05-04;5;2024-05-04;1;ter plaatse;gezien;larvenhuidje;onbekend;209305.8150347271;219974.25394470803;5.218835000000013;51.286568;FS5484;Postel;Mol;Mol;Antwerpen;ObsMapp;J;Goedgekeurd op basis van bewijsmateriaal;2024-06-04;3;;3;Libellen;Gomphidae;2026-07-08;603;S;zeldzaam
349084388;349084388;Beekrombout;Gomphus vulgatissimus;2025-05-07;5;2025-05-07;1;ter plaatse;gezien;larve/nimf;onbekend;228778.65329938885;218573.01253888384;5.497611165046692;51.27164059730472;FS7482;Warmbeekvallei - Grevenbroek (LiLa);Hamont-Achel;Achel;Limburg;Site;J;Goedgekeurd op basis van bewijsmateriaal;2026-05-07;3;;7;Libellen;Gomphidae;2026-07-08;603;S;zeldzaam
349080653;349080653;Beekrombout;Gomphus vulgatissimus;2025-05-07;5;2025-05-07;1;ter plaatse;gezien;larvenhuidje;onbekend;209332.54444032416;220039.04074827768;5.219228744506836;51.287147521972656;FS5484;Postel - Golfbaan;Mol;Mol;Antwerpen;ObsMapp;J;Goedgekeurd op basis van expertoordeel;2026-05-07;3;;3;Libellen;Gomphidae;2026-07-08;603;S;zeldzaam
349080647;349080647;Beekrombout;Gomphus vulgatissimus;2025-05-07;5;2025-05-07;3;ter plaatse;gezien;imago, niet uitgekleurd;Vrouw;209332.54444032416;220039.04074827768;5.219228744506836;51.287147521972656;FS5484;Postel - Golfbaan;Mol;Mol;Antwerpen;ObsMapp;J;Goedgekeurd op basis van bewijsmateriaal;2026-05-07;3;;3;Libellen;Gomphidae;2026-07-08;603;S;zeldzaam
349080639;349080639;Beekrombout;Gomphus vulgatissimus;2025-05-07;5;2025-05-07;1;ter plaatse;gezien;larvenhuidje;onbekend;209327.1458146948;220039.8277477855;5.219151496887207;51.28715515136719;FS5484;Postel - Golfbaan;Mol;Mol;Antwerpen;ObsMapp;J;Goedgekeurd op basis van expertoordeel;2026-05-07;3;;6;Libellen;Gomphidae;2026-07-08;603;S;zeldzaam
349080632;349080632;Beekrombout;Gomphus vulgatissimus;2025-05-07;5;2025-05-07;1;ter plaatse;gezien;imago, niet uitgekleurd;Vrouw;209329.98383970067;220036.04030129127;5.219191551208496;51.2871208190918;FS5484;Postel - Golfbaan;Mol;Mol;Antwerpen;ObsMapp;J;Goedgekeurd op basis van expertoordeel;2026-05-07;3;;4;Libellen;Gomphidae;2026-07-08;603;S;zeldzaam
349080610;349080610;Beekrombout;Gomphus vulgatissimus;2025-05-07;5;2025-05-07;10;ter plaatse;gezien;larvenhuidje;onbekend;228798.04398506667;218588.6082146401;5.497892379760742;51.27177810668945;FS7483;Warmbeekvallei - Grevenbroek (LiLa);Hamont-Achel;Achel;Limburg;ObsMapp;J;Goedgekeurd op basis van expertoordeel;2026-05-07;3;;6;Libellen;Gomphidae;2026-07-08;603;S;zeldzaam
349080604;349080604;Beekrombout;Gomphus vulgatissimus;2025-05-07;5;2025-05-07;2;ter plaatse;gezien;imago, niet uitgekleurd;Man;228791.61463611608;218586.81253970973;5.497799873352051;51.27176284790039;FS7483;Warmbeekvallei - Grevenbroek (LiLa);Hamont-Achel;Achel;Limburg;ObsMapp;J;Goedgekeurd op basis van expertoordeel;2026-05-07;3;;7;Libellen;Gomphidae;2026-07-08;603;S;zeldzaam
349080598;349080598;Beekrombout;Gomphus vulgatissimus;2025-05-07;5;2025-05-07;5;ter plaatse;gezien;larvenhuidje;onbekend;228791.61463611608;218586.81253970973;5.497799873352051;51.27176284790039;FS7483;Warmbeekvallei - Grevenbroek (LiLa);Hamont-Achel;Achel;Limburg;ObsMapp;J;Goedgekeurd op basis van expertoordeel;2026-05-07;3;;7;Libellen;Gomphidae;2026-07-08;603;S;zeldzaam
349080596;349080596;Beekrombout;Gomphus vulgatissimus;2025-05-07;5;2025-05-07;1;vervellend;gezien;imago, niet uitgekleurd;onbekend;228793.67018640196;218585.14597484097;5.497828960418701;51.27174758911133;FS7483;Warmbeekvallei - Grevenbroek (LiLa);Hamont-Achel;Achel;Limburg;ObsMapp;J;Goedgekeurd op basis van expertoordeel;2026-05-07;3;;5;Libellen;Gomphidae;2026-07-08;603;S;zeldzaam
349080593;349080593;Beekrombout;Gomphus vulgatissimus;2025-05-07;5;2025-05-07;2;ter plaatse;gezien;imago, niet uitgekleurd;onbekend;229032.27999481504;216511.90304557607;5.500794410705566;51.25308227539063;FS7480;Achel - Warande;Hamont-Achel;Achel;Limburg;ObsMapp;J;Goedgekeurd op basis van expertoordeel;2026-05-07;3;;10;Libellen;Gomphidae;2026-07-08;603;S;zeldzaam
349080588;349080588;Beekrombout;Gomphus vulgatissimus;2025-05-07;5;2025-05-07;5;ter plaatse;gezien;larvenhuidje;onbekend;229032.26704655192;216512.7517633289;5.500794410705566;51.25308990478516;FS7480;Achel - Warande;Hamont-Achel;Achel;Limburg;ObsMapp;J;Goedgekeurd op basis van expertoordeel;2026-05-07;3;;6;Libellen;Gomphidae;2026-07-08;603;S;zeldzaam
349080573;349080573;Beekrombout;Gomphus vulgatissimus;2025-05-07;5;2025-05-07;1;ter plaatse;gezien;larvenhuidje;onbekend;228242.20809979207;220772.52419750116;5.490401744842529;51.291481018066406;FS7385;Hamont-Achel - Beverbeek KULeuven;Hamont-Achel;Achel;Limburg;ObsMapp;J;Goedgekeurd op basis van expertoordeel;2026-05-07;3;;4;Libellen;Gomphidae;2026-07-08;603;S;zeldzaam
348302692;348302692;Beekrombout;Gomphus vulgatissimus;2025-05-03;5;2025-05-03;2;ter plaatse;gezien;larvenhuidje;onbekend;209332.3075116441;220036.4913801551;5.21922492980957;51.28712463378906;FS5484;Postel - Golfbaan;Mol;Mol;Antwerpen;ObsMapp;J;Goedgekeurd op basis van bewijsmateriaal;2026-05-03;3;;4;Libellen;Gomphidae;2026-07-08;603;S;zeldzaam
348302682;348302682;Beekrombout;Gomphus vulgatissimus;2025-05-03;5;2025-05-03;1;ter plaatse;gezien;larve/nimf;Vrouw;209329.7785977148;220039.43348469865;5.219189167022705;51.28715133666992;FS5484;Postel - Golfbaan;Mol;Mol;Antwerpen;ObsMapp;J;Goedgekeurd op basis van expertoordeel;2026-05-03;3;Uitsluiper gezien en het was een vrouwtje beekrombout.;4;Libellen;Gomphidae;2026-07-08;603;S;zeldzaam
348302677;348302677;Beekrombout;Gomphus vulgatissimus;2025-05-03;5;2025-05-03;2;ter plaatse;gezien;larvenhuidje;onbekend;209327.07992761163;220019.45377668735;5.219147205352783;51.28697204589844;FS5484;Postel - Golfbaan;Mol;Mol;Antwerpen;ObsMapp;J;Goedgekeurd op basis van expertoordeel;2026-05-03;3;;3;Libellen;Gomphidae;2026-07-08;603;S;zeldzaam
348302665;348302665;Beekrombout;Gomphus vulgatissimus;2025-05-03;5;2025-05-03;1;ter plaatse;gezien;larvenhuidje;onbekend;209323.1278349138;220013.0418479992;5.219089508056641;51.28691482543945;FS5484;Postel - Golfbaan;Mol;Mol;Antwerpen;ObsMapp;J;Goedgekeurd op basis van expertoordeel;2026-05-03;3;;3;Libellen;Gomphidae;2026-07-08;603;S;zeldzaam
348302654;348302654;Beekrombout;Gomphus vulgatissimus;2025-05-03;5;2025-05-03;1;ter plaatse;gezien;larvenhuidje;onbekend;209316.1606845524;219996.8332035588;5.218986988067627;51.28676986694336;FS5484;Postel;Mol;Mol;Antwerpen;ObsMapp;J;Goedgekeurd op basis van expertoordeel;2026-05-03;3;;3;Libellen;Gomphidae;2026-07-08;603;S;zeldzaam
348302650;348302650;Beekrombout;Gomphus vulgatissimus;2025-05-03;5;2025-05-03;1;ter plaatse;gezien;larvenhuidje;onbekend;209308.1404917744;219991.22355112247;5.218871116638184;51.286720275878906;FS5484;Postel;Mol;Mol;Antwerpen;ObsMapp;J;Goedgekeurd op basis van expertoordeel;2026-05-03;3;;3;Libellen;Gomphidae;2026-07-08;603;S;zeldzaam
348302631;348302631;Beekrombout;Gomphus vulgatissimus;2025-05-03;5;2025-05-03;1;ter plaatse;gezien;imago;Man;209297.1277077868;219962.23532221653;5.218708515167236;51.28646087646485;FS5484;Postel;Mol;Mol;Antwerpen;ObsMapp;J;Goedgekeurd op basis van expertoordeel;2026-05-03;3;;3;Libellen;Gomphidae;2026-07-08;603;S;zeldzaam
348302570;348302570;Beekrombout;Gomphus vulgatissimus;2025-05-03;5;2025-05-03;2;ter plaatse;gezien;larvenhuidje;onbekend;209257.1132651296;219909.14626905412;5.21812629699707;51.28598785400391;FS5483;Postel;Mol;Mol;Antwerpen;ObsMapp;J;Goedgekeurd op basis van expertoordeel;2026-05-03;3;;3;Libellen;Gomphidae;2026-07-08;603;S;zeldzaam
348302566;348302566;Beekrombout;Gomphus vulgatissimus;2025-05-03;5;2025-05-03;1;ter plaatse;gezien;larvenhuidje;onbekend;209244.187813142;219887.35177840103;5.217937469482422;51.28579330444336;FS5483;Postel;Mol;Mol;Antwerpen;ObsMapp;J;Goedgekeurd op basis van expertoordeel;2026-05-03;3;;3;Libellen;Gomphidae;2026-07-08;603;S;zeldzaam
348302551;348302551;Beekrombout;Gomphus vulgatissimus;2025-05-03;5;2025-05-03;1;ter plaatse;gezien;larvenhuidje;onbekend;209243.3867876089;219878.853776047;5.21792459487915;51.28571701049805;FS5483;Postel;Mol;Mol;Antwerpen;ObsMapp;J;Goedgekeurd op basis van expertoordeel;2026-05-03;3;;3;Libellen;Gomphidae;2026-07-08;603;S;zeldzaam
348302490;348302490;Beekrombout;Gomphus vulgatissimus;2025-05-03;5;2025-05-03;1;ter plaatse;gezien;larvenhuidje;onbekend;209226.40783845368;219836.21530016977;5.217674255371094;51.28533554077149;FS5483;Postel;Mol;Mol;Antwerpen;ObsMapp;J;Goedgekeurd op basis van expertoordeel;2026-05-03;3;;4;Libellen;Gomphidae;2026-07-08;603;S;zeldzaam
348302451;348302451;Beekrombout;Gomphus vulgatissimus;2025-05-03;5;2025-05-03;1;ter plaatse;gezien;imago, niet uitgekleurd;onbekend;209286.50712150263;219959.99144881128;5.218555927276611;51.28644180297852;FS5484;Postel;Mol;Mol;Antwerpen;ObsMapp;J;Goedgekeurd op basis van expertoordeel;2026-05-03;3;;3;Libellen;Gomphidae;2026-07-08;603;S;zeldzaam
348302437;348302437;Beekrombout;Gomphus vulgatissimus;2025-05-03;5;2025-05-03;1;ter plaatse;gezien;imago, niet uitgekleurd;Vrouw;209328.38226406183;220036.44638463203;5.219168663024902;51.28712463378906;FS5484;Postel - Golfbaan;Mol;Mol;Antwerpen;ObsMapp;J;Goedgekeurd op basis van expertoordeel;2026-05-03;3;;4;Libellen;Gomphidae;2026-07-08;603;S;zeldzaam
348302434;348302434;Beekrombout;Gomphus vulgatissimus;2025-05-03;5;2025-05-03;2;ter plaatse;gezien;larvenhuidje;onbekend;209331.5625402055;220014.4118565172;5.219210624694824;51.28692626953125;FS5484;Postel - Golfbaan;Mol;Mol;Antwerpen;ObsMapp;J;Goedgekeurd op basis van expertoordeel;2026-05-03;3;;4;Libellen;Gomphidae;2026-07-08;603;S;zeldzaam
348302428;348302428;Beekrombout;Gomphus vulgatissimus;2025-05-03;5;2025-05-03;1;ter plaatse;gezien;larvenhuidje;onbekend;209283.06819578717;219934.90999111068;5.218502521514893;51.28621673583984;FS5483;Postel;Mol;Mol;Antwerpen;ObsMapp;J;Goedgekeurd op basis van expertoordeel;2026-05-03;3;;3;Libellen;Gomphidae;2026-07-08;603;S;zeldzaam
348302424;348302424;Beekrombout;Gomphus vulgatissimus;2025-05-03;5;2025-05-03;1;ter plaatse;gezien;imago, niet uitgekleurd;Vrouw;209301.6039343953;219963.55993176904;5.218772888183594;51.28647232055664;FS5484;Postel;Mol;Mol;Antwerpen;ObsMapp;J;Goedgekeurd op basis van bewijsmateriaal;2026-05-03;3;;6;Libellen;Gomphidae;2026-07-08;603;S;zeldzaam
348302419;348302419;Beekrombout;Gomphus vulgatissimus;2025-05-03;5;2025-05-03;1;ter plaatse;gezien;larvenhuidje;onbekend;209301.6039343953;219963.55993176904;5.218772888183594;51.28647232055664;FS5484;Postel;Mol;Mol;Antwerpen;ObsMapp;J;Goedgekeurd op basis van expertoordeel;2026-05-03;3;;3;Libellen;Gomphidae;2026-07-08;603;S;zeldzaam
348302416;348302416;Beekrombout;Gomphus vulgatissimus;2025-05-03;5;2025-05-03;1;ter plaatse;gezien;imago, niet uitgekleurd;Vrouw;209301.6039343953;219963.55993176904;5.218772888183594;51.28647232055664;FS5484;Postel;Mol;Mol;Antwerpen;ObsMapp;J;Goedgekeurd op basis van bewijsmateriaal;2026-05-03;3;;3;Libellen;Gomphidae;2026-07-08;603;S;zeldzaam
190631134;190631134;Beekrombout;Gomphus vulgatissimus;2020-05-06;5;2020-05-06;1;ter plaatse;gezien;imago;Man;207313.7532041445;214146.2411603676;5.18935964;51.2343893;FS5278;Molse zandputten - De Maat - Reservaat;Mol;Mol;Antwerpen;copied observation;J;Goedgekeurd op basis van expertoordeel;1980-01-01;3;;100;Libellen;Gomphidae;2026-07-08;603;S;zeldzaam
213429498;213429498;Beekrombout;Gomphus vulgatissimus;2021-05-12;5;2021-05-12;5;ter plaatse;gezien;imago, niet uitgekleurd;onbekend;209266.19027936537;219927.07675100584;5.21825933456421;51.2861480712891;FS5483;Postel;Mol;Mol;Antwerpen;ObsMapp;J;Goedgekeurd op basis van bewijsmateriaal;2007-01-01;3;;2;Libellen;Gomphidae;2026-07-08;603;S;zeldzaam
213429499;213429499;Beekrombout;Gomphus vulgatissimus;2021-05-12;5;2021-05-12;15;ter plaatse;gezien;larvenhuidje;onbekend;209256.4367460067;219915.9295917964;5.21811771392822;51.2860488891602;FS5483;Postel;Mol;Mol;Antwerpen;ObsMapp;J;Goedgekeurd op basis van expertoordeel;2007-01-01;3;;2;Libellen;Gomphidae;2026-07-08;603;S;zeldzaam
215096581;215096581;Beekrombout;Gomphus vulgatissimus;2021-05-28;5;2021-05-28;1;ter plaatse;gezien;imago;Vrouw;222379.9067177412;216294.13872087;5.40547704696655;51.2519989013672;FS6780;Neerpelt - Het Hageven - Verkeerde lievenheer;Neerpelt;Neerpelt;Limburg;ObsMapp;J;Goedgekeurd op basis van expertoordeel;2007-01-01;3;;3;Libellen;Gomphidae;2026-07-08;603;S;zeldzaam
215096588;215096588;Beekrombout;Gomphus vulgatissimus;2021-05-28;5;2021-05-28;1;ter plaatse;gezien;imago;Man;222353.2439877616;216217.36535743903;5.40507984161377;51.2513122558594;FS6780;Neerpelt - Het Hageven - Verkeerde lievenheer;Neerpelt;Neerpelt;Limburg;ObsMapp;J;Goedgekeurd op basis van expertoordeel;2007-01-01;3;;6;Libellen;Gomphidae;2026-07-08;603;S;zeldzaam
215096611;215096611;Beekrombout;Gomphus vulgatissimus;2021-05-28;5;2021-05-28;10;ter plaatse;gezien;larvenhuidje;onbekend;209321.2004817889;219969.30223881543;5.21905469894409;51.2865219116211;FS5484;Postel;Mol;Mol;Antwerpen;ObsMapp;J;Goedgekeurd op basis van expertoordeel;2007-01-01;3;;2;Libellen;Gomphidae;2026-07-08;603;S;zeldzaam
215096612;215096612;Beekrombout;Gomphus vulgatissimus;2021-05-28;5;2021-05-28;3;ter plaatse;gezien;imago;onbekend;209321.2004817889;219969.30223881543;5.21905469894409;51.2865219116211;FS5484;Postel;Mol;Mol;Antwerpen;ObsMapp;J;Goedgekeurd op basis van expertoordeel;2007-01-01;3;;5;Libellen;Gomphidae;2026-07-08;603;S;zeldzaam
191895681;191895681;Beekrombout;Gomphus vulgatissimus;2020-05-20;5;2020-05-20;2;ter plaatse;gezien;imago;onbekend;207718.3457980521;214867.22799737565;5.195267;51.240829;FS5378;Mol - Den Diel;Mol;Mol;Antwerpen;Site;J;Goedgekeurd op basis van bewijsmateriaal;1980-01-01;3;;25;Libellen;Gomphidae;2026-07-08;603;S;zeldzaam
190547707;190547707;Beekrombout;Gomphus vulgatissimus;2020-05-05;5;2020-05-05;1;ter plaatse;gezien;larve/nimf;onbekend;229027.7141023248;216499.0996601954;5.50072622299194;51.2529678344727;FS7480;Achel - Warande;Hamont-Achel;Achel;Limburg;copied observation;J;Goedgekeurd op basis van bewijsmateriaal;2007-01-01;3;;25;Libellen;Gomphidae;2026-07-08;603;S;zeldzaam
190547716;190547716;Beekrombout;Gomphus vulgatissimus;2020-05-05;5;2020-05-05;1;ter plaatse;gezien;larvenhuidje;onbekend;229027.7141023248;216499.0996601954;5.50072622299194;51.2529678344727;FS7480;Achel - Warande;Hamont-Achel;Achel;Limburg;copied observation;J;Goedgekeurd op basis van expertoordeel;2007-01-01;3;;25;Libellen;Gomphidae;2026-07-08;603;S;zeldzaam
190547723;190547723;Beekrombout;Gomphus vulgatissimus;2020-05-05;5;2020-05-05;1;ter plaatse;gezien;larvenhuidje;onbekend;229020.26601285583;216502.80616088025;5.50062036514282;51.253002166748;FS7480;Achel - Warande;Hamont-Achel;Achel;Limburg;copied observation;J;Goedgekeurd op basis van expertoordeel;2007-01-01;3;;25;Libellen;Gomphidae;2026-07-08;603;S;zeldzaam
190547733;190547733;Beekrombout;Gomphus vulgatissimus;2020-05-05;5;2020-05-05;7;ter plaatse;gezien;larvenhuidje;onbekend;229040.542587583;216529.00741527972;5.50091648101807;51.2532348632813;FS7480;Achel - Warande;Hamont-Achel;Achel;Limburg;copied observation;J;Goedgekeurd op basis van expertoordeel;2007-01-01;3;;25;Libellen;Gomphidae;2026-07-08;603;S;zeldzaam
190547742;190547742;Beekrombout;Gomphus vulgatissimus;2020-05-05;5;2020-05-05;2;ter plaatse;gezien;imago, niet uitgekleurd;onbekend;229037.62069099597;216530.6606647838;5.5008749961853;51.2532501220703;FS7480;Achel - Warande;Hamont-Achel;Achel;Limburg;copied observation;J;Goedgekeurd op basis van expertoordeel;2007-01-01;3;;25;Libellen;Gomphidae;2026-07-08;603;S;zeldzaam
190547752;190547752;Beekrombout;Gomphus vulgatissimus;2020-05-05;5;2020-05-05;1;ter plaatse;gezien;larvenhuidje;onbekend;229041.0853114945;216537.080392248;5.50092601776123;51.2533073425293;FS7480;Achel - Warande;Hamont-Achel;Achel;Limburg;copied observation;J;Goedgekeurd op basis van expertoordeel;2007-01-01;3;;25;Libellen;Gomphidae;2026-07-08;603;S;zeldzaam
190547758;190547758;Beekrombout;Gomphus vulgatissimus;2020-05-05;5;2020-05-05;1;ter plaatse;gezien;imago, niet uitgekleurd;onbekend;229041.0853114945;216537.080392248;5.50092601776123;51.2533073425293;FS7480;Achel - Warande;Hamont-Achel;Achel;Limburg;copied observation;J;Goedgekeurd op basis van expertoordeel;2007-01-01;3;;25;Libellen;Gomphidae;2026-07-08;603;S;zeldzaam
190547767;190547767;Beekrombout;Gomphus vulgatissimus;2020-05-05;5;2020-05-05;1;ter plaatse;gezien;imago;Man;229039.59477194483;216538.7554805409;5.50090503692627;51.2533226013184;FS7480;Achel - Warande;Hamont-Achel;Achel;Limburg;copied observation;J;Goedgekeurd op basis van expertoordeel;2007-01-01;3;;25;Libellen;Gomphidae;2026-07-08;603;S;zeldzaam
190547771;190547771;Beekrombout;Gomphus vulgatissimus;2020-05-05;5;2020-05-05;2;ter plaatse;gezien;imago;Man;229018.6774827039;216478.1633892106;5.50059223175049;51.2527809143066;FS7480;Achel - Warande;Hamont-Achel;Achel;Limburg;copied observation;J;Goedgekeurd op basis van expertoordeel;2007-01-01;3;;25;Libellen;Gomphidae;2026-07-08;603;S;zeldzaam
190547785;190547785;Beekrombout;Gomphus vulgatissimus;2020-05-05;5;2020-05-05;1;ter plaatse;gezien;imago;Man;229052.60688631152;216593.70908305145;5.50110340118408;51.2538146972656;FS7481;Achel - Warande;Hamont-Achel;Achel;Limburg;copied observation;J;Goedgekeurd op basis van expertoordeel;2007-01-01;3;;25;Libellen;Gomphidae;2026-07-08;603;S;zeldzaam
216949305;216949305;Beekrombout;Gomphus vulgatissimus;2021-06-13;6;2021-06-13;2;ter plaatse;gezien;imago;onbekend;207044.51733963384;213143.41935723;5.18534708;51.22540283;FS5277;Mol - Klein Verkallen;Mol;Mol;Antwerpen;ObsMapp;J;Goedgekeurd op basis van bewijsmateriaal;1980-01-01;3;;2;Libellen;Gomphidae;2026-07-08;603;S;zeldzaam
191334817;191334817;Beekrombout;Gomphus vulgatissimus;2020-05-14;5;2020-05-14;3;ter plaatse;gezien;imago;Man;222571.02284791425;216054.02744425088;5.40816593170166;51.2498168945313;FS6880;Neerpelt - Het Hageven - Verkeerde lievenheer;Neerpelt;Neerpelt;Limburg;copied observation;J;Goedgekeurd op basis van expertoordeel;2007-01-01;3;;25;Libellen;Gomphidae;2026-07-08;603;S;zeldzaam
191334813;191334813;Beekrombout;Gomphus vulgatissimus;2020-05-14;5;2020-05-14;2;ter plaatse;gezien;imago;Man;222520.98549123696;216103.41175711527;5.4074592590332;51.2502670288086;FS6880;Neerpelt - Het Hageven - Verkeerde lievenheer;Neerpelt;Neerpelt;Limburg;copied observation;J;Goedgekeurd op basis van expertoordeel;2007-01-01;3;;25;Libellen;Gomphidae;2026-07-08;603;S;zeldzaam
191334809;191334809;Beekrombout;Gomphus vulgatissimus;2020-05-14;5;2020-05-14;1;ter plaatse;gezien;imago;Vrouw;222511.42543394768;216115.5869662054;5.40732479095459;51.2503776550293;FS6780;Neerpelt - Het Hageven - Verkeerde lievenheer;Neerpelt;Neerpelt;Limburg;copied observation;J;Goedgekeurd op basis van expertoordeel;2007-01-01;3;;25;Libellen;Gomphidae;2026-07-08;603;S;zeldzaam
191334805;191334805;Beekrombout;Gomphus vulgatissimus;2020-05-14;5;2020-05-14;5;ter plaatse;gezien;imago;Man;222512.05794376304;216115.59581959248;5.4073338508606;51.2503776550293;FS6880;Neerpelt - Het Hageven - Verkeerde lievenheer;Neerpelt;Neerpelt;Limburg;copied observation;J;Goedgekeurd op basis van expertoordeel;2007-01-01;3;;25;Libellen;Gomphidae;2026-07-08;603;S;zeldzaam
191334800;191334800;Beekrombout;Gomphus vulgatissimus;2020-05-14;5;2020-05-14;1;in copula;gezien;imago;onbekend;222519.4185046689;216105.9365172861;5.40743732452393;51.2502899169922;FS6880;Neerpelt - Het Hageven - Verkeerde lievenheer;Neerpelt;Neerpelt;Limburg;copied observation;J;Goedgekeurd op basis van expertoordeel;2007-01-01;3;;25;Libellen;Gomphidae;2026-07-08;603;S;zeldzaam
191334793;191334793;Beekrombout;Gomphus vulgatissimus;2020-05-14;5;2020-05-14;2;ter plaatse;gezien;imago;Man;222343.55276305295;216234.20798374712;5.40494441986084;51.25146484375;FS6780;Neerpelt - Het Hageven - Verkeerde lievenheer;Neerpelt;Neerpelt;Limburg;copied observation;J;Goedgekeurd op basis van expertoordeel;2007-01-01;3;;25;Libellen;Gomphidae;2026-07-08;603;S;zeldzaam
191334788;191334788;Beekrombout;Gomphus vulgatissimus;2020-05-14;5;2020-05-14;1;ter plaatse;gezien;imago;Man;222358.3081424396;216262.42772555072;5.40516138076782;51.2517166137695;FS6780;Neerpelt - Het Hageven - Verkeerde lievenheer;Neerpelt;Neerpelt;Limburg;copied observation;J;Goedgekeurd op basis van expertoordeel;2007-01-01;3;;25;Libellen;Gomphidae;2026-07-08;603;S;zeldzaam
191334785;191334785;Beekrombout;Gomphus vulgatissimus;2020-05-14;5;2020-05-14;6;ter plaatse;gezien;imago;Man;222512.02710260265;216479.3487363914;5.40740633010864;51.2536468505859;FS6780;Neerpelt - Het Hageven - Verkeerde lievenheer;Neerpelt;Neerpelt;Limburg;copied observation;J;Goedgekeurd op basis van expertoordeel;2007-01-01;3;;25;Libellen;Gomphidae;2026-07-08;603;S;zeldzaam
191334781;191334781;Beekrombout;Gomphus vulgatissimus;2020-05-14;5;2020-05-14;1;ter plaatse;gezien;imago;Man;222539.8961417928;216519.63722896017;5.40781354904175;51.2540054321289;FS6880;Neerpelt - Het Hageven - Verkeerde lievenheer;Neerpelt;Neerpelt;Limburg;copied observation;J;Goedgekeurd op basis van expertoordeel;2007-01-01;3;;25;Libellen;Gomphidae;2026-07-08;603;S;zeldzaam
191334777;191334777;Beekrombout;Gomphus vulgatissimus;2020-05-14;5;2020-05-14;1;ter plaatse;gezien;imago;Man;223147.55398894392;216122.83220443223;5.41643619537354;51.2503623962402;FS6880;Neerpelt - Het Hageven;Neerpelt;Neerpelt;Limburg;copied observation;J;Goedgekeurd op basis van expertoordeel;2007-01-01;3;;25;Libellen;Gomphidae;2026-07-08;603;S;zeldzaam
191334772;191334772;Beekrombout;Gomphus vulgatissimus;2020-05-14;5;2020-05-14;1;ter plaatse;gezien;larvenhuidje;onbekend;223137.1962288009;216153.67082209047;5.41629409790039;51.2506408691406;FS6880;Neerpelt - Het Hageven;Neerpelt;Neerpelt;Limburg;copied observation;J;Goedgekeurd op basis van expertoordeel;2007-01-01;3;;25;Libellen;Gomphidae;2026-07-08;603;S;zeldzaam
191334769;191334769;Beekrombout;Gomphus vulgatissimus;2020-05-14;5;2020-05-14;1;ter plaatse;gezien;larvenhuidje;onbekend;223096.46661612685;216484.5916785607;5.41577768325806;51.2536201477051;FS6880;Neerpelt - Het Hageven;Neerpelt;Neerpelt;Limburg;copied observation;J;Goedgekeurd op basis van expertoordeel;2007-01-01;3;;25;Libellen;Gomphidae;2026-07-08;603;S;zeldzaam
191334762;191334762;Beekrombout;Gomphus vulgatissimus;2020-05-14;5;2020-05-14;1;ter plaatse;gezien;imago, niet uitgekleurd;onbekend;223096.46661612685;216484.5916785607;5.41577768325806;51.2536201477051;FS6880;Neerpelt - Het Hageven;Neerpelt;Neerpelt;Limburg;copied observation;J;Goedgekeurd op basis van expertoordeel;2007-01-01;3;;25;Libellen;Gomphidae;2026-07-08;603;S;zeldzaam
190547791;190547791;Beekrombout;Gomphus vulgatissimus;2020-05-05;5;2020-05-05;1;ter plaatse;gezien;larvenhuidje;onbekend;229063.54909714387;216587.9336681208;5.50125885009766;51.2537612915039;FS7481;Achel - Warande;Hamont-Achel;Achel;Limburg;copied observation;J;Goedgekeurd op basis van expertoordeel;2007-01-01;3;;25;Libellen;Gomphidae;2026-07-08;603;S;zeldzaam
190547795;190547795;Beekrombout;Gomphus vulgatissimus;2020-05-05;5;2020-05-05;1;ter plaatse;gezien;imago, niet uitgekleurd;Man;228575.4065879672;216307.58053331825;5.49420690536499;51.2513084411621;FS7480;Achel - Warande;Hamont-Achel;Achel;Limburg;copied observation;J;Goedgekeurd op basis van expertoordeel;2007-01-01;3;;25;Libellen;Gomphidae;2026-07-08;603;S;zeldzaam
190547800;190547800;Beekrombout;Gomphus vulgatissimus;2020-05-05;5;2020-05-05;1;ter plaatse;gezien;imago, niet uitgekleurd;onbekend;229015.40074159205;215699.6593245454;5.50037527084351;51.2457847595215;FS7480;Achel - Warande;Hamont-Achel;Achel;Limburg;copied observation;J;Goedgekeurd op basis van expertoordeel;2007-01-01;3;;25;Libellen;Gomphidae;2026-07-08;603;S;zeldzaam
270212919;270212919;Beekrombout;Gomphus vulgatissimus;2023-05-03;5;2023-05-03;1;ter plaatse;gezien;imago, niet uitgekleurd;Man;209250.3101959212;219881.47967592813;5.218024253845215;51.28573989868164;FS5483;Postel;Mol;Mol;Antwerpen;ObsMapp;J;Goedgekeurd op basis van expertoordeel;2023-06-03;3;;15;Libellen;Gomphidae;2026-07-08;603;S;zeldzaam
270212921;270212921;Beekrombout;Gomphus vulgatissimus;2023-05-03;5;2023-05-03;2;ter plaatse;gezien;larvenhuidje;onbekend;209213.44628897423;219864.08014876023;5.217493057250977;51.285587310791016;FS5483;Postel;Mol;Mol;Antwerpen;ObsMapp;J;Goedgekeurd op basis van expertoordeel;2023-06-03;3;;8;Libellen;Gomphidae;2026-07-08;603;S;zeldzaam
270212924;270212924;Beekrombout;Gomphus vulgatissimus;2023-05-03;5;2023-05-03;1;ter plaatse;gezien;larvenhuidje;onbekend;209209.3123228312;219861.91064906865;5.217433452606201;51.28556823730469;FS5483;Postel;Mol;Mol;Antwerpen;ObsMapp;J;Goedgekeurd op basis van expertoordeel;2023-06-03;3;;11;Libellen;Gomphidae;2026-07-08;603;S;zeldzaam
270212925;270212925;Beekrombout;Gomphus vulgatissimus;2023-05-03;5;2023-05-03;1;ter plaatse;gezien;larvenhuidje;onbekend;209207.44130879745;219836.4227501331;5.217402458190918;51.28533935546875;FS5483;Postel;Mol;Mol;Antwerpen;ObsMapp;J;Goedgekeurd op basis van expertoordeel;2023-06-03;3;;18;Libellen;Gomphidae;2026-07-08;603;S;zeldzaam
270212928;270212928;Beekrombout;Gomphus vulgatissimus;2023-05-03;5;2023-05-03;2;ter plaatse;gezien;imago, niet uitgekleurd;Man;209224.4390531168;219822.18620020896;5.217643737792969;51.28520965576172;FS5483;Postel;Mol;Mol;Antwerpen;ObsMapp;J;Goedgekeurd op basis van bewijsmateriaal;2023-06-03;3;;10;Libellen;Gomphidae;2026-07-08;603;S;zeldzaam
270212930;270212930;Beekrombout;Gomphus vulgatissimus;2023-05-03;5;2023-05-03;1;ter plaatse;gezien;larvenhuidje;onbekend;209214.1705881955;219856.024044035;5.217502117156982;51.28551483154297;FS5483;Postel;Mol;Mol;Antwerpen;ObsMapp;J;Goedgekeurd op basis van expertoordeel;2023-06-03;3;;10;Libellen;Gomphidae;2026-07-08;603;S;zeldzaam
270212931;270212931;Beekrombout;Gomphus vulgatissimus;2023-05-03;5;2023-05-03;1;ter plaatse;gezien;imago, niet uitgekleurd;Man;209218.1350129404;219832.30066988617;5.217555046081543;51.285301208496094;FS5483;Postel;Mol;Mol;Antwerpen;ObsMapp;J;Goedgekeurd op basis van expertoordeel;2023-06-03;3;;4;Libellen;Gomphidae;2026-07-08;603;S;zeldzaam
270212933;270212933;Beekrombout;Gomphus vulgatissimus;2023-05-03;5;2023-05-03;4;ter plaatse;gezien;larvenhuidje;onbekend;209219.22380623544;219830.1909189541;5.2175703048706055;51.285282135009766;FS5483;Postel;Mol;Mol;Antwerpen;ObsMapp;J;Goedgekeurd op basis van bewijsmateriaal;2023-06-03;3;;6;Libellen;Gomphidae;2026-07-08;603;S;zeldzaam
270212940;270212940;Beekrombout;Gomphus vulgatissimus;2023-05-03;5;2023-05-03;3;ter plaatse;gezien;larvenhuidje;onbekend;209213.4056497331;219835.6420961069;5.217487812042236;51.28533172607422;FS5483;Postel;Mol;Mol;Antwerpen;ObsMapp;J;Goedgekeurd op basis van expertoordeel;2023-06-03;3;;7;Libellen;Gomphidae;2026-07-08;603;S;zeldzaam
270212942;270212942;Beekrombout;Gomphus vulgatissimus;2023-05-03;5;2023-05-03;3;ter plaatse;gezien;imago, niet uitgekleurd;onbekend;209202.9268282042;219835.5222280966;5.217337608337402;51.28533172607422;FS5483;Postel;Mol;Mol;Antwerpen;ObsMapp;J;Goedgekeurd op basis van bewijsmateriaal;2023-06-03;3;;13;Libellen;Gomphidae;2026-07-08;603;S;zeldzaam
190547804;190547804;Beekrombout;Gomphus vulgatissimus;2020-05-05;5;2020-05-05;1;ter plaatse;gezien;larvenhuidje;onbekend;229006.0928615125;215731.35161059164;5.50024890899658;51.2460708618164;FS7480;Achel - Warande;Hamont-Achel;Achel;Limburg;copied observation;J;Goedgekeurd op basis van expertoordeel;2007-01-01;3;;25;Libellen;Gomphidae;2026-07-08;603;S;zeldzaam
190547806;190547806;Beekrombout;Gomphus vulgatissimus;2020-05-05;5;2020-05-05;1;ter plaatse;gezien;larvenhuidje;onbekend;228996.12076791585;215721.4370596893;5.50010395050049;51.2459831237793;FS7480;Achel - Warande;Hamont-Achel;Achel;Limburg;copied observation;J;Goedgekeurd op basis van expertoordeel;2007-01-01;3;;25;Libellen;Gomphidae;2026-07-08;603;S;zeldzaam
190547833;190547833;Beekrombout;Gomphus vulgatissimus;2020-05-05;5;2020-05-05;1;ter plaatse;gezien;imago, niet uitgekleurd;onbekend;228996.12076791585;215721.4370596893;5.50010395050049;51.2459831237793;FS7480;Achel - Warande;Hamont-Achel;Achel;Limburg;copied observation;J;Goedgekeurd op basis van bewijsmateriaal;2007-01-01;3;;25;Libellen;Gomphidae;2026-07-08;603;S;zeldzaam
190547839;190547839;Beekrombout;Gomphus vulgatissimus;2020-05-05;5;2020-05-05;1;ter plaatse;gezien;larvenhuidje;onbekend;228990.83588529952;215755.73745224904;5.50003576278687;51.2462921142578;FS7480;Achel - Warande;Hamont-Achel;Achel;Limburg;copied observation;J;Goedgekeurd op basis van expertoordeel;2007-01-01;3;;25;Libellen;Gomphidae;2026-07-08;603;S;zeldzaam
190547841;190547841;Beekrombout;Gomphus vulgatissimus;2020-05-05;5;2020-05-05;1;ter plaatse;gezien;larvenhuidje;onbekend;228984.17757796845;215770.9163751062;5.49994373321533;51.2464294433594;FS7480;Achel - Warande;Hamont-Achel;Achel;Limburg;copied observation;J;Goedgekeurd op basis van expertoordeel;2007-01-01;3;;25;Libellen;Gomphidae;2026-07-08;603;S;zeldzaam
190547846;190547846;Beekrombout;Gomphus vulgatissimus;2020-05-05;5;2020-05-05;1;ter plaatse;gezien;imago, niet uitgekleurd;onbekend;228980.9297744377;215774.26251550112;5.49989795684814;51.2464599609375;FS7480;Achel - Warande;Hamont-Achel;Achel;Limburg;copied observation;J;Goedgekeurd op basis van expertoordeel;2007-01-01;3;;25;Libellen;Gomphidae;2026-07-08;603;S;zeldzaam
190547890;190547890;Beekrombout;Gomphus vulgatissimus;2020-05-05;5;2020-05-05;1;ter plaatse;gezien;imago, niet uitgekleurd;onbekend;228996.12076791585;215721.4370596893;5.50010395050049;51.2459831237793;FS7480;Achel - Warande;Hamont-Achel;Achel;Limburg;copied observation;J;Goedgekeurd op basis van expertoordeel;2007-01-01;3;;25;Libellen;Gomphidae;2026-07-08;603;S;zeldzaam
190547894;190547894;Beekrombout;Gomphus vulgatissimus;2020-05-05;5;2020-05-05;1;ter plaatse;gezien;larvenhuidje;onbekend;228990.83588529952;215755.73745224904;5.50003576278687;51.2462921142578;FS7480;Achel - Warande;Hamont-Achel;Achel;Limburg;copied observation;J;Goedgekeurd op basis van expertoordeel;2007-01-01;3;;25;Libellen;Gomphidae;2026-07-08;603;S;zeldzaam
190547899;190547899;Beekrombout;Gomphus vulgatissimus;2020-05-05;5;2020-05-05;1;ter plaatse;gezien;larvenhuidje;onbekend;228984.17757796845;215770.9163751062;5.49994373321533;51.2464294433594;FS7480;Achel - Warande;Hamont-Achel;Achel;Limburg;copied observation;J;Goedgekeurd op basis van expertoordeel;2007-01-01;3;;25;Libellen;Gomphidae;2026-07-08;603;S;zeldzaam
190547905;190547905;Beekrombout;Gomphus vulgatissimus;2020-05-05;5;2020-05-05;1;ter plaatse;gezien;imago, niet uitgekleurd;onbekend;228980.9297744377;215774.26251550112;5.49989795684814;51.2464599609375;FS7480;Achel - Warande;Hamont-Achel;Achel;Limburg;copied observation;J;Goedgekeurd op basis van expertoordeel;2007-01-01;3;;25;Libellen;Gomphidae;2026-07-08;603;S;zeldzaam
271274653;271274653;Beekrombout;Gomphus vulgatissimus;2023-05-11;5;2023-05-11;1;ter plaatse;gezien;imago, niet uitgekleurd;Man;209286.2335638897;219951.9239203464;5.218550682067871;51.28636932373047;FS5484;Postel;Mol;Mol;Antwerpen;ObsMapp;J;Goedgekeurd op basis van expertoordeel;2023-06-11;3;;12;Libellen;Gomphidae;2026-07-08;603;S;zeldzaam
271274654;271274654;Beekrombout;Gomphus vulgatissimus;2023-05-11;5;2023-05-11;1;ter plaatse;gezien;imago, niet uitgekleurd;Vrouw;209299.2339150054;219958.4394757105;5.218738079071045;51.28642654418945;FS5484;Postel;Mol;Mol;Antwerpen;ObsMapp;J;Goedgekeurd op basis van expertoordeel;2023-06-11;3;;11;Libellen;Gomphidae;2026-07-08;603;S;zeldzaam
271274659;271274659;Beekrombout;Gomphus vulgatissimus;2023-05-11;5;2023-05-11;1;vervellend;gezien;imago, niet uitgekleurd;onbekend;209319.1567106491;219970.55214085244;5.219025611877441;51.28653335571289;FS5484;Postel;Mol;Mol;Antwerpen;ObsMapp;J;Goedgekeurd op basis van expertoordeel;2023-06-11;3;;3;Libellen;Gomphidae;2026-07-08;603;S;zeldzaam
271274665;271274665;Beekrombout;Gomphus vulgatissimus;2023-05-11;5;2023-05-11;1;ter plaatse;gezien;imago, niet uitgekleurd;Vrouw;209301.87438073603;219983.51179899;5.218780040740967;51.286651611328125;FS5484;Postel;Mol;Mol;Antwerpen;ObsMapp;J;Goedgekeurd op basis van expertoordeel;2023-06-11;3;;11;Libellen;Gomphidae;2026-07-08;603;S;zeldzaam
271274667;271274667;Beekrombout;Gomphus vulgatissimus;2023-05-11;5;2023-05-11;1;ter plaatse;gezien;imago, niet uitgekleurd;Vrouw;209315.14561681772;219989.60605791584;5.218971252441406;51.28670501708984;FS5484;Postel;Mol;Mol;Antwerpen;ObsMapp;J;Goedgekeurd op basis van expertoordeel;2023-06-11;3;;8;Libellen;Gomphidae;2026-07-08;603;S;zeldzaam
271274668;271274668;Beekrombout;Gomphus vulgatissimus;2023-05-11;5;2023-05-11;1;ter plaatse;gezien;imago, niet uitgekleurd;Vrouw;209314.96722636017;219999.36617794912;5.21897029876709;51.28679275512695;FS5484;Postel;Mol;Mol;Antwerpen;ObsMapp;J;Goedgekeurd op basis van expertoordeel;2023-06-11;3;;6;Libellen;Gomphidae;2026-07-08;603;S;zeldzaam
271274670;271274670;Beekrombout;Gomphus vulgatissimus;2023-05-11;5;2023-05-11;1;ter plaatse;gezien;imago, niet uitgekleurd;Man;209328.23103825157;219997.39598918427;5.219160079956055;51.28677368164063;FS5484;Postel;Mol;Mol;Antwerpen;ObsMapp;J;Goedgekeurd op basis van expertoordeel;2023-06-11;3;;10;Libellen;Gomphidae;2026-07-08;603;S;zeldzaam
271274673;271274673;Beekrombout;Gomphus vulgatissimus;2023-05-11;5;2023-05-11;1;ter plaatse;gezien;imago, niet uitgekleurd;Man;209332.9548031964;220014.8522585975;5.219230651855469;51.28693008422852;FS5484;Postel - Golfbaan;Mol;Mol;Antwerpen;ObsMapp;J;Goedgekeurd op basis van expertoordeel;2023-06-11;3;;2;Libellen;Gomphidae;2026-07-08;603;S;zeldzaam
271274690;271274690;Beekrombout;Gomphus vulgatissimus;2023-05-11;5;2023-05-11;9;ter plaatse;gezien;larvenhuidje;onbekend;209326.1665424908;220041.0898490157;5.219137668609619;51.28716659545898;FS5484;Postel - Golfbaan;Mol;Mol;Antwerpen;ObsMapp;J;Goedgekeurd op basis van expertoordeel;2023-06-11;3;;6;Libellen;Gomphidae;2026-07-08;603;S;zeldzaam
271274692;271274692;Beekrombout;Gomphus vulgatissimus;2023-05-11;5;2023-05-11;1;ter plaatse;gezien;larvenhuidje;onbekend;209331.76554488367;220037.33405138276;5.219217300415039;51.2871322631836;FS5484;Postel - Golfbaan;Mol;Mol;Antwerpen;ObsMapp;J;Goedgekeurd op basis van expertoordeel;2023-06-11;3;;7;Libellen;Gomphidae;2026-07-08;603;S;zeldzaam
271274694;271274694;Beekrombout;Gomphus vulgatissimus;2023-05-11;5;2023-05-11;1;ter plaatse;gezien;imago, niet uitgekleurd;onbekend;209334.3366650418;220036.514641718;5.219254016876221;51.28712463378906;FS5484;Postel - Golfbaan;Mol;Mol;Antwerpen;ObsMapp;J;Goedgekeurd op basis van expertoordeel;2023-06-11;3;;10;Libellen;Gomphidae;2026-07-08;603;S;zeldzaam
271274697;271274697;Beekrombout;Gomphus vulgatissimus;2023-05-11;5;2023-05-11;4;ter plaatse;gezien;larvenhuidje;onbekend;209331.3980533714;220043.2720269533;5.219213008880615;51.28718566894531;FS5484;Postel - Golfbaan;Mol;Mol;Antwerpen;ObsMapp;J;Goedgekeurd op basis van expertoordeel;2023-06-11;3;;2;Libellen;Gomphidae;2026-07-08;603;S;zeldzaam
271317694;271317694;Beekrombout;Gomphus vulgatissimus;2023-05-11;5;2023-05-12;80;ter plaatse;gezien;larvenhuidje;onbekend;209319.24997811863;219998.70029331464;5.219031572341919;51.28678632931866;FS5484;Postel;Mol;Mol;Antwerpen;Site;J;Goedgekeurd op basis van expertoordeel;2023-06-11;3;;15;Libellen;Gomphidae;2026-07-08;603;S;zeldzaam
272806980;272806980;Beekrombout;Gomphus vulgatissimus;2023-05-21;5;2023-05-21;1;ter plaatse;gezien;imago;Man;208228.77169132917;214802.95997563563;5.20256519;51.24020004;FS5378;Mol - Den Diel - Van Sprietputten tot Sas 2;Mol;Mol;Antwerpen;ObsMapp;J;Goedgekeurd op basis van expertoordeel;1980-01-01;3;;5;Libellen;Gomphidae;2026-07-08;603;S;zeldzaam
190822655;190822655;Beekrombout;Gomphus vulgatissimus;2020-05-08;5;2020-05-08;3;ter plaatse;gezien;imago;onbekend;209303.1886346952;219965.9902494345;5.218796;51.286494;FS5484;Postel;Mol;Mol;Antwerpen;Site;J;Goedgekeurd op basis van expertoordeel;1980-01-01;3;;25;Libellen;Gomphidae;2026-07-08;603;S;zeldzaam
190822641;190822641;Beekrombout;Gomphus vulgatissimus;2020-05-08;5;2020-05-08;8;ter plaatse;gezien;imago, niet uitgekleurd;onbekend;209303.1537535392;219965.98984977696;5.2187955;51.286494;FS5484;Postel;Mol;Mol;Antwerpen;Site;J;Goedgekeurd op basis van expertoordeel;1980-01-01;3;;15;Libellen;Gomphidae;2026-07-08;603;S;zeldzaam
190822401;190822401;Beekrombout;Gomphus vulgatissimus;2020-05-08;5;2020-05-08;1;ter plaatse;gezien;imago;onbekend;207171.3712009276;214663.89513663572;5.187403;51.239056;FS5278;Mol - Den Diel - West - Ten zuiden van beek;Mol;Mol;Antwerpen;Site;J;Goedgekeurd op basis van expertoordeel;1980-01-01;3;;15;Libellen;Gomphidae;2026-07-08;603;S;zeldzaam
190822331;190822331;Beekrombout;Gomphus vulgatissimus;2020-05-08;5;2020-05-08;1;ter plaatse;gezien;imago;onbekend;207714.6106208868;214932.94249144383;5.195224;51.24142;FS5378;Mol - Den Diel;Mol;Mol;Antwerpen;Site;J;Goedgekeurd op basis van expertoordeel;1980-01-01;3;;25;Libellen;Gomphidae;2026-07-08;603;S;zeldzaam
190545408;190545408;Beekrombout;Gomphus vulgatissimus;2020-05-05;5;2020-05-05;1;ter plaatse;gezien;larvenhuidje;onbekend;228797.71079700356;218573.32256311085;5.49788427352905;51.2716407775879;FS7482;Warmbeekvallei - Grevenbroek (LiLa);Hamont-Achel;Achel;Limburg;copied observation;J;Goedgekeurd op basis van expertoordeel;2007-01-01;3;;25;Libellen;Gomphidae;2026-07-08;603;S;zeldzaam
190545389;190545389;Beekrombout;Gomphus vulgatissimus;2020-05-05;5;2020-05-05;1;ter plaatse;gezien;larvenhuidje;onbekend;228784.1830912404;218576.5124133071;5.49769115447998;51.271671295166;FS7482;Warmbeekvallei - Grevenbroek (LiLa);Hamont-Achel;Achel;Limburg;copied observation;J;Goedgekeurd op basis van expertoordeel;2007-01-01;3;;25;Libellen;Gomphidae;2026-07-08;603;S;zeldzaam
190545381;190545381;Beekrombout;Gomphus vulgatissimus;2020-05-05;5;2020-05-05;1;ter plaatse;gezien;imago, niet uitgekleurd;onbekend;228779.8892265937;218559.0442036549;5.49762582778931;51.2715148925781;FS7482;Warmbeekvallei - Grevenbroek (LiLa);Hamont-Achel;Achel;Limburg;copied observation;J;Goedgekeurd op basis van expertoordeel;2007-01-01;3;;25;Libellen;Gomphidae;2026-07-08;603;S;zeldzaam
190545376;190545376;Beekrombout;Gomphus vulgatissimus;2020-05-05;5;2020-05-05;1;ter plaatse;gezien;imago, niet uitgekleurd;onbekend;228768.61223462195;218565.23956037316;5.49746561050415;51.2715721130371;FS7482;Warmbeekvallei - Grevenbroek (LiLa);Hamont-Achel;Achel;Limburg;copied observation;J;Goedgekeurd op basis van expertoordeel;2007-01-01;3;;25;Libellen;Gomphidae;2026-07-08;603;S;zeldzaam
190545371;190545371;Beekrombout;Gomphus vulgatissimus;2020-05-05;5;2020-05-05;1;ter plaatse;gezien;larvenhuidje;onbekend;228771.726106938;218564.0135461418;5.49750995635986;51.2715606689453;FS7482;Warmbeekvallei - Grevenbroek (LiLa);Hamont-Achel;Achel;Limburg;copied observation;J;Goedgekeurd op basis van expertoordeel;2007-01-01;3;;25;Libellen;Gomphidae;2026-07-08;603;S;zeldzaam
190545366;190545366;Beekrombout;Gomphus vulgatissimus;2020-05-05;5;2020-05-05;1;ter plaatse;gezien;imago, niet uitgekleurd;onbekend;228769.79566795408;218548.7036018912;5.49747896194458;51.2714233398438;FS7482;Warmbeekvallei - Grevenbroek (LiLa);Hamont-Achel;Achel;Limburg;copied observation;J;Goedgekeurd op basis van expertoordeel;2007-01-01;3;;25;Libellen;Gomphidae;2026-07-08;603;S;zeldzaam
190545357;190545357;Beekrombout;Gomphus vulgatissimus;2020-05-05;5;2020-05-05;1;ter plaatse;gezien;larvenhuidje;onbekend;228770.1626840116;218550.8314873539;5.49748468399048;51.2714424133301;FS7482;Warmbeekvallei - Grevenbroek (LiLa);Hamont-Achel;Achel;Limburg;copied observation;J;Goedgekeurd op basis van expertoordeel;2007-01-01;3;;25;Libellen;Gomphidae;2026-07-08;603;S;zeldzaam
190545350;190545350;Beekrombout;Gomphus vulgatissimus;2020-05-05;5;2020-05-05;1;ter plaatse;gezien;larvenhuidje;onbekend;228440.9044241156;219684.23778193817;5.49301338195801;51.2816734313965;FS7384;Hamont-Achel - Beverbeek KULeuven;Hamont-Achel;Achel;Limburg;copied observation;J;Goedgekeurd op basis van expertoordeel;2007-01-01;3;;25;Libellen;Gomphidae;2026-07-08;603;S;zeldzaam
190545344;190545344;Beekrombout;Gomphus vulgatissimus;2020-05-05;5;2020-05-05;1;ter plaatse;gezien;larvenhuidje;onbekend;228422.49229582225;219667.40483144112;5.49274587631226;51.2815246582031;FS7384;  ;Hamont-Achel;Achel;Limburg;copied observation;J;Goedgekeurd op basis van expertoordeel;2007-01-01;3;;25;Libellen;Gomphidae;2026-07-08;603;S;zeldzaam
190545339;190545339;Beekrombout;Gomphus vulgatissimus;2020-05-05;5;2020-05-05;1;ter plaatse;gezien;imago, niet uitgekleurd;onbekend;228427.70750888408;219703.13863177225;5.49282836914063;51.2818450927734;FS7384;Hamont-Achel - Beverbeek KULeuven;Hamont-Achel;Achel;Limburg;copied observation;J;Goedgekeurd op basis van expertoordeel;2007-01-01;3;;25;Libellen;Gomphidae;2026-07-08;603;S;zeldzaam
190545428;190545428;Beekrombout;Gomphus vulgatissimus;2020-05-05;5;2020-05-05;1;ter plaatse;gezien;imago, niet uitgekleurd;onbekend;228797.71079700356;218573.32256311085;5.49788427352905;51.2716407775879;FS7482;Warmbeekvallei - Grevenbroek (LiLa);Hamont-Achel;Achel;Limburg;copied observation;J;Goedgekeurd op basis van expertoordeel;2007-01-01;3;;25;Libellen;Gomphidae;2026-07-08;603;S;zeldzaam
190545432;190545432;Beekrombout;Gomphus vulgatissimus;2020-05-05;5;2020-05-05;1;ter plaatse;gezien;larvenhuidje;onbekend;228799.22948099612;218576.3168973532;5.49790668487549;51.2716674804688;FS7482;Warmbeekvallei - Grevenbroek (LiLa);Hamont-Achel;Achel;Limburg;copied observation;J;Goedgekeurd op basis van expertoordeel;2007-01-01;3;;25;Libellen;Gomphidae;2026-07-08;603;S;zeldzaam
190545441;190545441;Beekrombout;Gomphus vulgatissimus;2020-05-05;5;2020-05-05;1;ter plaatse;gezien;larvenhuidje;onbekend;228799.3893942448;218576.74379139487;5.49790906906128;51.271671295166;FS7483;Warmbeekvallei - Grevenbroek (LiLa);Hamont-Achel;Achel;Limburg;copied observation;J;Goedgekeurd op basis van expertoordeel;2007-01-01;3;;25;Libellen;Gomphidae;2026-07-08;603;S;zeldzaam
190545447;190545447;Beekrombout;Gomphus vulgatissimus;2020-05-05;5;2020-05-05;2;ter plaatse;gezien;larvenhuidje;onbekend;228804.5950505;218580.2186953472;5.49798440933228;51.2717018127441;FS7483;Warmbeekvallei - Grevenbroek (LiLa);Hamont-Achel;Achel;Limburg;copied observation;J;Goedgekeurd op basis van expertoordeel;2007-01-01;3;;25;Libellen;Gomphidae;2026-07-08;603;S;zeldzaam
190545451;190545451;Beekrombout;Gomphus vulgatissimus;2020-05-05;5;2020-05-05;1;ter plaatse;gezien;imago, niet uitgekleurd;onbekend;228801.3654868736;218575.9249415873;5.49793720245361;51.2716636657715;FS7482;Warmbeekvallei - Grevenbroek (LiLa);Hamont-Achel;Achel;Limburg;copied observation;J;Goedgekeurd op basis van expertoordeel;2007-01-01;3;;25;Libellen;Gomphidae;2026-07-08;603;S;zeldzaam
190545456;190545456;Beekrombout;Gomphus vulgatissimus;2020-05-05;5;2020-05-05;1;ter plaatse;gezien;imago;onbekend;228828.00536976507;218664.61823400296;5.49833822250366;51.2724571228027;FS7483;Warmbeekvallei - Grevenbroek (LiLa);Hamont-Achel;Achel;Limburg;copied observation;J;Goedgekeurd op basis van expertoordeel;2007-01-01;3;;25;Libellen;Gomphidae;2026-07-08;603;S;zeldzaam
190545461;190545461;Beekrombout;Gomphus vulgatissimus;2020-05-05;5;2020-05-05;1;ter plaatse;gezien;imago;onbekend;228821.97856665347;218756.6344898716;5.49827194213867;51.2732849121094;FS7483;  ;Hamont-Achel;Achel;Limburg;copied observation;J;Goedgekeurd op basis van expertoordeel;2007-01-01;3;;25;Libellen;Gomphidae;2026-07-08;603;S;zeldzaam
190545463;190545463;Beekrombout;Gomphus vulgatissimus;2020-05-05;5;2020-05-05;1;ter plaatse;gezien;imago, niet uitgekleurd;Vrouw;228821.52858670664;218762.1456319075;5.49826669692993;51.2733345031738;FS7483;  ;Hamont-Achel;Achel;Limburg;copied observation;J;Goedgekeurd op basis van expertoordeel;2007-01-01;3;;25;Libellen;Gomphidae;2026-07-08;603;S;zeldzaam
190545471;190545471;Beekrombout;Gomphus vulgatissimus;2020-05-05;5;2020-05-05;1;ter plaatse;gezien;imago, niet uitgekleurd;onbekend;228825.832125435;218772.39820521232;5.49833059310913;51.2734260559082;FS7483;  ;Hamont-Achel;Achel;Limburg;copied observation;J;Goedgekeurd op basis van expertoordeel;2007-01-01;3;;25;Libellen;Gomphidae;2026-07-08;603;S;zeldzaam
190545474;190545474;Beekrombout;Gomphus vulgatissimus;2020-05-05;5;2020-05-05;1;ter plaatse;gezien;imago, niet uitgekleurd;Man;228831.48142212973;218786.0669582868;5.49841451644897;51.2735481262207;FS7483;  ;Hamont-Achel;Achel;Limburg;copied observation;J;Goedgekeurd op basis van expertoordeel;2007-01-01;3;;25;Libellen;Gomphidae;2026-07-08;603;S;zeldzaam
190545483;190545483;Beekrombout;Gomphus vulgatissimus;2020-05-05;5;2020-05-05;1;ter plaatse;gezien;larvenhuidje;onbekend;228670.3415972516;218281.904090466;5.49599599838257;51.2690391540527;FS7482;Warmbeekvallei;Hamont-Achel;Achel;Limburg;copied observation;J;Goedgekeurd op basis van expertoordeel;2007-01-01;3;;25;Libellen;Gomphidae;2026-07-08;603;S;zeldzaam
190545329;190545329;Beekrombout;Gomphus vulgatissimus;2020-05-05;5;2020-05-05;1;ter plaatse;gezien;larvenhuidje;onbekend;228434.8073486625;219704.51957760935;5.49293041229248;51.2818565368652;FS7384;Hamont-Achel - Beverbeek KULeuven;Hamont-Achel;Achel;Limburg;copied observation;J;Goedgekeurd op basis van expertoordeel;2007-01-01;3;;25;Libellen;Gomphidae;2026-07-08;603;S;zeldzaam
190545322;190545322;Beekrombout;Gomphus vulgatissimus;2020-05-05;5;2020-05-05;1;ter plaatse;gezien;imago, niet uitgekleurd;onbekend;228432.3693684008;219711.69849474728;5.49289703369141;51.2819213867188;FS7384;Hamont-Achel - Beverbeek KULeuven;Hamont-Achel;Achel;Limburg;copied observation;J;Goedgekeurd op basis van expertoordeel;2007-01-01;3;;25;Libellen;Gomphidae;2026-07-08;603;S;zeldzaam
190545488;190545488;Beekrombout;Gomphus vulgatissimus;2020-05-05;5;2020-05-05;1;ter plaatse;gezien;imago, niet uitgekleurd;onbekend;228670.3415972516;218281.904090466;5.49599599838257;51.2690391540527;FS7482;Warmbeekvallei;Hamont-Achel;Achel;Limburg;copied observation;J;Goedgekeurd op basis van expertoordeel;2007-01-01;3;;25;Libellen;Gomphidae;2026-07-08;603;S;zeldzaam
190545492;190545492;Beekrombout;Gomphus vulgatissimus;2020-05-05;5;2020-05-05;1;ter plaatse;gezien;imago, niet uitgekleurd;onbekend;228653.0264906895;218258.2957787057;5.49574279785156;51.2688293457031;FS7482;Warmbeekvallei;Hamont-Achel;Achel;Limburg;copied observation;J;Goedgekeurd op basis van expertoordeel;2007-01-01;3;;25;Libellen;Gomphidae;2026-07-08;603;S;zeldzaam
190545494;190545494;Beekrombout;Gomphus vulgatissimus;2020-05-05;5;2020-05-05;3;ter plaatse;gezien;larvenhuidje;onbekend;228651.6483674808;218243.8432111908;5.49571990966797;51.2686996459961;FS7482;Warmbeekvallei - Grevenbroek (LiLa);Hamont-Achel;Achel;Limburg;copied observation;J;Goedgekeurd op basis van expertoordeel;2007-01-01;3;;25;Libellen;Gomphidae;2026-07-08;603;S;zeldzaam
190545555;190545555;Beekrombout;Gomphus vulgatissimus;2020-05-05;5;2020-05-05;2;ter plaatse;gezien;imago;onbekend;229057.59539706504;216583.1737673534;5.50117254257202;51.253719329834;FS7481;Achel - Warande;Hamont-Achel;Achel;Limburg;copied observation;J;Goedgekeurd op basis van expertoordeel;2007-01-01;3;;25;Libellen;Gomphidae;2026-07-08;603;S;zeldzaam
190545316;190545316;Beekrombout;Gomphus vulgatissimus;2020-05-05;5;2020-05-05;1;ter plaatse;gezien;larvenhuidje;onbekend;228432.3092636759;219711.27312223148;5.49289608001709;51.2819175720215;FS7384;Hamont-Achel - Beverbeek KULeuven;Hamont-Achel;Achel;Limburg;copied observation;J;Goedgekeurd op basis van expertoordeel;2007-01-01;3;;25;Libellen;Gomphidae;2026-07-08;603;S;zeldzaam
190545312;190545312;Beekrombout;Gomphus vulgatissimus;2020-05-05;5;2020-05-05;1;ter plaatse;gezien;larvenhuidje;onbekend;228394.9596276366;219727.68589065783;5.49236440658569;51.2820701599121;FS7384;Hamont-Achel - Beverbeek KULeuven;Hamont-Achel;Achel;Limburg;copied observation;J;Goedgekeurd op basis van expertoordeel;2007-01-01;3;;25;Libellen;Gomphidae;2026-07-08;603;S;zeldzaam
190545307;190545307;Beekrombout;Gomphus vulgatissimus;2020-05-05;5;2020-05-05;2;ter plaatse;gezien;imago, niet uitgekleurd;onbekend;228410.88234335376;219717.7399420133;5.49259042739868;51.2819786071777;FS7384;Hamont-Achel - Beverbeek KULeuven;Hamont-Achel;Achel;Limburg;copied observation;J;Goedgekeurd op basis van expertoordeel;2007-01-01;3;;25;Libellen;Gomphidae;2026-07-08;603;S;zeldzaam
190545304;190545304;Beekrombout;Gomphus vulgatissimus;2020-05-05;5;2020-05-05;6;ter plaatse;gezien;larvenhuidje;onbekend;228409.7576974142;219717.29844661336;5.4925742149353;51.2819747924805;FS7384;Hamont-Achel - Beverbeek KULeuven;Hamont-Achel;Achel;Limburg;copied observation;J;Goedgekeurd op basis van expertoordeel;2007-01-01;3;;25;Libellen;Gomphidae;2026-07-08;603;S;zeldzaam
190545299;190545299;Beekrombout;Gomphus vulgatissimus;2020-05-05;5;2020-05-05;1;ter plaatse;gezien;imago, niet uitgekleurd;onbekend;227913.75063718564;221431.43049955;5.48583602905273;51.2974472045898;FS7385;  ;Hamont-Achel;Achel;Limburg;copied observation;J;Goedgekeurd op basis van expertoordeel;2007-01-01;3;;25;Libellen;Gomphidae;2026-07-08;603;S;zeldzaam
190545295;190545295;Beekrombout;Gomphus vulgatissimus;2020-05-05;5;2020-05-05;1;ter plaatse;gezien;larvenhuidje;onbekend;227911.49037564665;221422.48272756115;5.48580169677734;51.2973670959473;FS7385;  ;Hamont-Achel;Achel;Limburg;copied observation;J;Goedgekeurd op basis van expertoordeel;2007-01-01;3;;25;Libellen;Gomphidae;2026-07-08;603;S;zeldzaam
190545639;190545639;Beekrombout;Gomphus vulgatissimus;2020-05-05;5;2020-05-05;1;ter plaatse;gezien;imago, niet uitgekleurd;onbekend;229025.1630233745;216480.8090662612;5.5006856918335;51.2528038024902;FS7480;Achel - Warande;Hamont-Achel;Achel;Limburg;copied observation;J;Goedgekeurd op basis van expertoordeel;2007-01-01;3;;25;Libellen;Gomphidae;2026-07-08;603;S;zeldzaam
190545289;190545289;Beekrombout;Gomphus vulgatissimus;2020-05-05;5;2020-05-05;1;ter plaatse;gezien;larvenhuidje;onbekend;227904.1624228312;221414.30759921297;5.48569488525391;51.2972946166992;FS7385;  ;Hamont-Achel;Achel;Limburg;copied observation;J;Goedgekeurd op basis van expertoordeel;2007-01-01;3;;25;Libellen;Gomphidae;2026-07-08;603;S;zeldzaam
190545287;190545287;Beekrombout;Gomphus vulgatissimus;2020-05-05;5;2020-05-05;1;ter plaatse;gezien;larvenhuidje;onbekend;227967.19998894964;221345.64477841745;5.4865837097168;51.2966690063477;FS7385;  ;Hamont-Achel;Achel;Limburg;copied observation;J;Goedgekeurd op basis van expertoordeel;2007-01-01;3;;25;Libellen;Gomphidae;2026-07-08;603;S;zeldzaam
212975300;212975300;Beekrombout;Gomphus vulgatissimus;2021-05-07;5;2021-05-08;1;ter plaatse;gezien;larvenhuidje;onbekend;209215.4595883469;219779.84114047608;5.2175081;51.28483;FS5483;Postel;Mol;Mol;Antwerpen;Site;J;Goedgekeurd op basis van bewijsmateriaal;1980-01-01;3;;15;Libellen;Gomphidae;2026-07-08;603;S;zeldzaam
212973546;212973546;Beekrombout;Gomphus vulgatissimus;2021-05-07;5;2021-05-08;1;ter plaatse;gezien;imago, niet uitgekleurd;Vrouw;209214.3796471831;219776.04578276817;5.217492;51.284796;FS5483;Postel;Mol;Mol;Antwerpen;Site;J;Goedgekeurd op basis van bewijsmateriaal;1980-01-01;3;;7;Libellen;Gomphidae;2026-07-08;603;S;zeldzaam
240208939;240208939;Beekrombout;Gomphus vulgatissimus;2022-05-04;5;2022-05-04;1;ter plaatse;gezien;imago, niet uitgekleurd;Vrouw;209324.46595973484;220038.5237046266;5.21911287307739;51.2871437072754;FS5484;Postel - Golfbaan;Mol;Mol;Antwerpen;ObsMapp;J;Goedgekeurd op basis van bewijsmateriaal;2007-01-01;3;;4;Libellen;Gomphidae;2026-07-08;603;S;zeldzaam
240208941;240208941;Beekrombout;Gomphus vulgatissimus;2022-05-04;5;2022-05-04;1;ter plaatse;gezien;imago, niet uitgekleurd;Man;209246.5911865192;219892.47258872815;5.21797275543213;51.2858390808105;FS5483;Postel;Mol;Mol;Antwerpen;ObsMapp;J;Goedgekeurd op basis van bewijsmateriaal;2007-01-01;3;;3;Libellen;Gomphidae;2026-07-08;603;S;zeldzaam
240208944;240208944;Beekrombout;Gomphus vulgatissimus;2022-05-04;5;2022-05-04;1;ter plaatse;gezien;larvenhuidje;onbekend;209222.21115257905;219798.81642317583;5.2176079750061;51.2849998474121;FS5483;Postel;Mol;Mol;Antwerpen;ObsMapp;J;Goedgekeurd op basis van expertoordeel;2007-01-01;3;;3;Libellen;Gomphidae;2026-07-08;603;S;zeldzaam
240208945;240208945;Beekrombout;Gomphus vulgatissimus;2022-05-04;5;2022-05-04;1;ter plaatse;gezien;imago, niet uitgekleurd;Man;209222.2114976822;219798.81671506725;5.21760798;51.28499985;FS5483;Postel;Mol;Mol;Antwerpen;ObsMapp;J;Goedgekeurd op basis van bewijsmateriaal;2007-01-01;3;;4;Libellen;Gomphidae;2026-07-08;603;S;zeldzaam
240208946;240208946;Beekrombout;Gomphus vulgatissimus;2022-05-04;5;2022-05-04;1;ter plaatse;gezien;imago, niet uitgekleurd;Man;209217.31133592196;219779.2359046787;5.21753454;51.28482437;FS5483;Postel;Mol;Mol;Antwerpen;ObsMapp;J;Goedgekeurd op basis van bewijsmateriaal;2007-01-01;3;;3;Libellen;Gomphidae;2026-07-08;603;S;zeldzaam
240208947;240208947;Beekrombout;Gomphus vulgatissimus;2022-05-04;5;2022-05-04;1;ter plaatse;gezien;imago, niet uitgekleurd;Man;209217.31133592196;219779.2359046787;5.21753454;51.28482437;FS5483;Postel;Mol;Mol;Antwerpen;ObsMapp;J;Goedgekeurd op basis van bewijsmateriaal;2007-01-01;3;;3;Libellen;Gomphidae;2026-07-08;603;S;zeldzaam
240208948;240208948;Beekrombout;Gomphus vulgatissimus;2022-05-04;5;2022-05-04;1;ter plaatse;gezien;imago, niet uitgekleurd;Man;209217.31133592196;219779.2359046787;5.21753454;51.28482437;FS5483;Postel;Mol;Mol;Antwerpen;ObsMapp;J;Goedgekeurd op basis van bewijsmateriaal;2007-01-01;3;;4;Libellen;Gomphidae;2026-07-08;603;S;zeldzaam
240208949;240208949;Beekrombout;Gomphus vulgatissimus;2022-05-04;5;2022-05-04;8;ter plaatse;gezien;larvenhuidje;onbekend;209217.4778119005;219779.2379581481;5.21753692626953;51.2848243713379;FS5483;Postel;Mol;Mol;Antwerpen;ObsMapp;J;Goedgekeurd op basis van expertoordeel;2007-01-01;3;;4;Libellen;Gomphidae;2026-07-08;603;S;zeldzaam
240208950;240208950;Beekrombout;Gomphus vulgatissimus;2022-05-04;5;2022-05-04;1;ter plaatse;gezien;imago, niet uitgekleurd;Man;209215.87025285157;219783.0391382035;5.21751451;51.2848587;FS5483;Postel;Mol;Mol;Antwerpen;ObsMapp;J;Goedgekeurd op basis van bewijsmateriaal;2007-01-01;3;;3;Libellen;Gomphidae;2026-07-08;603;S;zeldzaam
240208951;240208951;Beekrombout;Gomphus vulgatissimus;2022-05-04;5;2022-05-04;3;ter plaatse;gezien;larvenhuidje;onbekend;209215.87059171163;219783.0395441139;5.2175145149231;51.2848587036133;FS5483;Postel;Mol;Mol;Antwerpen;ObsMapp;J;Goedgekeurd op basis van expertoordeel;2007-01-01;3;;2;Libellen;Gomphidae;2026-07-08;603;S;zeldzaam
240208952;240208952;Beekrombout;Gomphus vulgatissimus;2022-05-04;5;2022-05-04;1;ter plaatse;gezien;larvenhuidje;onbekend;209216.5752963308;219797.05417632684;5.21752691268921;51.284984588623;FS5483;Postel;Mol;Mol;Antwerpen;ObsMapp;J;Goedgekeurd op basis van expertoordeel;2007-01-01;3;;3;Libellen;Gomphidae;2026-07-08;603;S;zeldzaam
240208953;240208953;Beekrombout;Gomphus vulgatissimus;2022-05-04;5;2022-05-04;1;ter plaatse;gezien;larvenhuidje;onbekend;209219.54767942167;219807.69922153093;5.21757125854492;51.2850799560547;FS5483;Postel;Mol;Mol;Antwerpen;ObsMapp;J;Goedgekeurd op basis van expertoordeel;2007-01-01;3;;3;Libellen;Gomphidae;2026-07-08;603;S;zeldzaam
240208954;240208954;Beekrombout;Gomphus vulgatissimus;2022-05-04;5;2022-05-04;1;ter plaatse;gezien;larvenhuidje;onbekend;209218.43945987325;219811.50651622005;5.21755599975586;51.2851142883301;FS5483;Postel;Mol;Mol;Antwerpen;ObsMapp;J;Goedgekeurd op basis van expertoordeel;2007-01-01;3;;4;Libellen;Gomphidae;2026-07-08;603;S;zeldzaam
240208955;240208955;Beekrombout;Gomphus vulgatissimus;2022-05-04;5;2022-05-04;1;ter plaatse;gezien;larvenhuidje;onbekend;209216.4343061658;219829.7345629083;5.21753025054932;51.2852783203125;FS5483;Postel;Mol;Mol;Antwerpen;ObsMapp;J;Goedgekeurd op basis van expertoordeel;2007-01-01;3;;4;Libellen;Gomphidae;2026-07-08;603;S;zeldzaam
240208956;240208956;Beekrombout;Gomphus vulgatissimus;2022-05-04;5;2022-05-04;1;ter plaatse;gezien;imago, niet uitgekleurd;Vrouw;209216.4342682407;219829.73452770335;5.21753025;51.28527832;FS5483;Postel;Mol;Mol;Antwerpen;ObsMapp;J;Goedgekeurd op basis van bewijsmateriaal;2007-01-01;3;;4;Libellen;Gomphidae;2026-07-08;603;S;zeldzaam
240208957;240208957;Beekrombout;Gomphus vulgatissimus;2022-05-04;5;2022-05-04;2;ter plaatse;gezien;larvenhuidje;onbekend;209221.3292840283;219829.3661253946;5.21760034561157;51.2852745056152;FS5483;Postel;Mol;Mol;Antwerpen;ObsMapp;J;Goedgekeurd op basis van expertoordeel;2007-01-01;3;;2;Libellen;Gomphidae;2026-07-08;603;S;zeldzaam
240208958;240208958;Beekrombout;Gomphus vulgatissimus;2022-05-04;5;2022-05-04;1;ter plaatse;gezien;larvenhuidje;onbekend;209239.59860647368;219881.3570681056;5.21787071228027;51.2857398986816;FS5483;Postel;Mol;Mol;Antwerpen;ObsMapp;J;Goedgekeurd op basis van expertoordeel;2007-01-01;3;;3;Libellen;Gomphidae;2026-07-08;603;S;zeldzaam
240208959;240208959;Beekrombout;Gomphus vulgatissimus;2022-05-04;5;2022-05-04;1;ter plaatse;gezien;larvenhuidje;onbekend;209240.62425395765;219884.7643404864;5.21788597106934;51.2857704162598;FS5483;Postel;Mol;Mol;Antwerpen;ObsMapp;J;Goedgekeurd op basis van expertoordeel;2007-01-01;3;;4;Libellen;Gomphidae;2026-07-08;603;S;zeldzaam
240208960;240208960;Beekrombout;Gomphus vulgatissimus;2022-05-04;5;2022-05-04;1;ter plaatse;gezien;larvenhuidje;onbekend;209250.038884356;219902.27421385143;5.21802377700806;51.2859268188477;FS5483;Postel;Mol;Mol;Antwerpen;ObsMapp;J;Goedgekeurd op basis van expertoordeel;2007-01-01;3;;2;Libellen;Gomphidae;2026-07-08;603;S;zeldzaam
240208961;240208961;Beekrombout;Gomphus vulgatissimus;2022-05-04;5;2022-05-04;1;ter plaatse;gezien;larvenhuidje;onbekend;209249.51075106175;219904.81481853407;5.21801662445068;51.2859497070313;FS5483;Postel;Mol;Mol;Antwerpen;ObsMapp;J;Goedgekeurd op basis van expertoordeel;2007-01-01;3;;2;Libellen;Gomphidae;2026-07-08;603;S;zeldzaam
240208962;240208962;Beekrombout;Gomphus vulgatissimus;2022-05-04;5;2022-05-04;1;ter plaatse;gezien;larvenhuidje;onbekend;209272.4288618001;219931.3926073825;5.21834945678711;51.2861862182617;FS5483;Postel;Mol;Mol;Antwerpen;ObsMapp;J;Goedgekeurd op basis van expertoordeel;2007-01-01;3;;4;Libellen;Gomphidae;2026-07-08;603;S;zeldzaam
240208963;240208963;Beekrombout;Gomphus vulgatissimus;2022-05-04;5;2022-05-04;1;ter plaatse;gezien;larve/nimf;onbekend;209277.4268912244;219936.5431472845;5.21842193603516;51.2862319946289;FS5483;Postel;Mol;Mol;Antwerpen;ObsMapp;J;Goedgekeurd op basis van expertoordeel;2007-01-01;3;;1;Libellen;Gomphidae;2026-07-08;603;S;zeldzaam
240208964;240208964;Beekrombout;Gomphus vulgatissimus;2022-05-04;5;2022-05-04;1;ter plaatse;gezien;larvenhuidje;onbekend;209280.15800159212;219942.09217005223;5.21846199035645;51.2862815856934;FS5483;Postel;Mol;Mol;Antwerpen;ObsMapp;J;Goedgekeurd op basis van expertoordeel;2007-01-01;3;;2;Libellen;Gomphidae;2026-07-08;603;S;zeldzaam
240208969;240208969;Beekrombout;Gomphus vulgatissimus;2022-05-04;5;2022-05-04;1;ter plaatse;gezien;larvenhuidje;onbekend;209285.62992649543;219952.34144790843;5.21854209899902;51.2863731384277;FS5484;Postel;Mol;Mol;Antwerpen;ObsMapp;J;Goedgekeurd op basis van expertoordeel;2007-01-01;3;;2;Libellen;Gomphidae;2026-07-08;603;S;zeldzaam
240208971;240208971;Beekrombout;Gomphus vulgatissimus;2022-05-04;5;2022-05-04;1;ter plaatse;gezien;imago, niet uitgekleurd;Man;209287.47807459388;219953.63566264135;5.2185688;51.28638458;FS5484;Postel;Mol;Mol;Antwerpen;ObsMapp;J;Goedgekeurd op basis van bewijsmateriaal;2007-01-01;3;;2;Libellen;Gomphidae;2026-07-08;603;S;zeldzaam
240208978;240208978;Beekrombout;Gomphus vulgatissimus;2022-05-04;5;2022-05-04;1;ter plaatse;gezien;larvenhuidje;onbekend;209308.86414949797;219986.1385403732;5.21888065338135;51.2866744995117;FS5484;Postel;Mol;Mol;Antwerpen;ObsMapp;J;Goedgekeurd op basis van expertoordeel;2007-01-01;3;;2;Libellen;Gomphidae;2026-07-08;603;S;zeldzaam
240208983;240208983;Beekrombout;Gomphus vulgatissimus;2022-05-04;5;2022-05-04;1;ter plaatse;gezien;larvenhuidje;onbekend;209329.3791460442;220004.624662837;5.21917772293091;51.2868385314941;FS5484;Postel - Golfbaan;Mol;Mol;Antwerpen;ObsMapp;J;Goedgekeurd op basis van bewijsmateriaal;2007-01-01;3;;999;Libellen;Gomphidae;2026-07-08;603;S;zeldzaam
240208984;240208984;Beekrombout;Gomphus vulgatissimus;2022-05-04;5;2022-05-04;1;ter plaatse;gezien;larve/nimf;onbekend;209327.8338587752;220043.6556126885;5.21916198730469;51.2871894836426;FS5484;Postel - Golfbaan;Mol;Mol;Antwerpen;ObsMapp;J;Goedgekeurd op basis van bewijsmateriaal;2007-01-01;3;;999;Libellen;Gomphidae;2026-07-08;603;S;zeldzaam
240208985;240208985;Beekrombout;Gomphus vulgatissimus;2022-05-04;5;2022-05-04;1;ter plaatse;gezien;imago, niet uitgekleurd;Man;209327.44530964328;220039.8310286319;5.21915579;51.28715515;FS5484;Postel - Golfbaan;Mol;Mol;Antwerpen;ObsMapp;J;Goedgekeurd op basis van bewijsmateriaal;2007-01-01;3;;999;Libellen;Gomphidae;2026-07-08;603;S;zeldzaam
240912428;240912428;Beekrombout;Gomphus vulgatissimus;2022-05-09;5;2022-05-09;1;ter plaatse;gezien;larvenhuidje;onbekend;205827.63198272657;216211.8079720633;5.1684022;51.2531;FS5180;Dessel/Mol - Groesgoor en Koemoek;Dessel;Dessel;Antwerpen;Site;J;Goedgekeurd op basis van bewijsmateriaal;1980-01-01;3;;30;Libellen;Gomphidae;2026-07-08;603;S;zeldzaam
241021659;241021659;Beekrombout;Gomphus vulgatissimus;2022-05-10;5;2022-05-10;1;ter plaatse;onbekend;larvenhuidje;onbekend;229029.39886482796;216484.69380329177;5.5007472038269;51.2528381347656;FS7480;Achel - Warande;Hamont-Achel;Achel;Limburg;copied observation;J;Goedgekeurd op basis van expertoordeel;2007-01-01;3;;9;Libellen;Gomphidae;2026-07-08;603;S;zeldzaam
241021715;241021715;Beekrombout;Gomphus vulgatissimus;2022-05-10;5;2022-05-10;1;ter plaatse;onbekend;larvenhuidje;onbekend;229033.84175618688;216505.56000779945;5.50081539154053;51.2530250549316;FS7480;Achel - Warande;Hamont-Achel;Achel;Limburg;copied observation;J;Goedgekeurd op basis van expertoordeel;2007-01-01;3;;9;Libellen;Gomphidae;2026-07-08;603;S;zeldzaam
241021742;241021742;Beekrombout;Gomphus vulgatissimus;2022-05-10;5;2022-05-10;1;ter plaatse;onbekend;larvenhuidje;onbekend;229033.868569419;216505.98487452045;5.50081586837769;51.2530288696289;FS7480;Achel - Warande;Hamont-Achel;Achel;Limburg;copied observation;J;Goedgekeurd op basis van expertoordeel;2007-01-01;3;;10;Libellen;Gomphidae;2026-07-08;603;S;zeldzaam
241021796;241021796;Beekrombout;Gomphus vulgatissimus;2022-05-10;5;2022-05-10;2;ter plaatse;onbekend;larvenhuidje;onbekend;229033.99524508795;216506.41126480047;5.50081777572632;51.2530326843262;FS7480;Achel - Warande;Hamont-Achel;Achel;Limburg;copied observation;J;Goedgekeurd op basis van expertoordeel;2007-01-01;3;;11;Libellen;Gomphidae;2026-07-08;603;S;zeldzaam
241022930;241022930;Beekrombout;Gomphus vulgatissimus;2022-05-10;5;2022-05-10;3;ter plaatse;onbekend;larvenhuidje;onbekend;229033.96195760716;216506.41075694747;5.50081729888916;51.2530326843262;FS7480;Achel - Warande;Hamont-Achel;Achel;Limburg;copied observation;J;Goedgekeurd op basis van expertoordeel;2007-01-01;3;;10;Libellen;Gomphidae;2026-07-08;603;S;zeldzaam
241022936;241022936;Beekrombout;Gomphus vulgatissimus;2022-05-10;5;2022-05-10;1;ter plaatse;onbekend;larvenhuidje;onbekend;229034.0285325689;216506.41177265253;5.50081825256348;51.2530326843262;FS7480;Achel - Warande;Hamont-Achel;Achel;Limburg;copied observation;J;Goedgekeurd op basis van expertoordeel;2007-01-01;3;;9;Libellen;Gomphidae;2026-07-08;603;S;zeldzaam
241022943;241022943;Beekrombout;Gomphus vulgatissimus;2022-05-10;5;2022-05-10;1;ter plaatse;onbekend;larvenhuidje;onbekend;229034.0220583012;216506.83613151032;5.50081825256348;51.2530364990234;FS7480;Achel - Warande;Hamont-Achel;Achel;Limburg;copied observation;J;Goedgekeurd op basis van expertoordeel;2007-01-01;3;;3;Libellen;Gomphidae;2026-07-08;603;S;zeldzaam
241022953;241022953;Beekrombout;Gomphus vulgatissimus;2022-05-10;5;2022-05-10;1;ter plaatse;onbekend;larvenhuidje;onbekend;229033.98877082305;216506.83562365733;5.50081777572632;51.2530364990234;FS7480;Achel - Warande;Hamont-Achel;Achel;Limburg;copied observation;J;Goedgekeurd op basis van expertoordeel;2007-01-01;3;;4;Libellen;Gomphidae;2026-07-08;603;S;zeldzaam
241022963;241022963;Beekrombout;Gomphus vulgatissimus;2022-05-10;5;2022-05-10;2;ter plaatse;onbekend;larvenhuidje;onbekend;229033.9554833448;216506.83511580437;5.50081729888916;51.2530364990234;FS7480;Achel - Warande;Hamont-Achel;Achel;Limburg;copied observation;J;Goedgekeurd op basis van expertoordeel;2007-01-01;3;;11;Libellen;Gomphidae;2026-07-08;603;S;zeldzaam
241022968;241022968;Beekrombout;Gomphus vulgatissimus;2022-05-10;5;2022-05-10;2;ter plaatse;onbekend;larvenhuidje;onbekend;229033.9554833448;216506.83511580437;5.50081729888916;51.2530364990234;FS7480;Achel - Warande;Hamont-Achel;Achel;Limburg;copied observation;J;Goedgekeurd op basis van expertoordeel;2007-01-01;3;;10;Libellen;Gomphidae;2026-07-08;603;S;zeldzaam
241022972;241022972;Beekrombout;Gomphus vulgatissimus;2022-05-10;5;2022-05-10;1;ter plaatse;onbekend;larvenhuidje;onbekend;229034.08863325696;216506.8371472191;5.50081920623779;51.2530364990234;FS7480;Achel - Warande;Hamont-Achel;Achel;Limburg;copied observation;J;Goedgekeurd op basis van expertoordeel;2007-01-01;3;;10;Libellen;Gomphidae;2026-07-08;603;S;zeldzaam
241022976;241022976;Beekrombout;Gomphus vulgatissimus;2022-05-10;5;2022-05-10;1;ter plaatse;onbekend;larvenhuidje;onbekend;229031.3793994191;216507.6447295146;5.50078058242798;51.253044128418;FS7480;Achel - Warande;Hamont-Achel;Achel;Limburg;copied observation;J;Goedgekeurd op basis van expertoordeel;2007-01-01;3;;14;Libellen;Gomphidae;2026-07-08;603;S;zeldzaam
241022983;241022983;Beekrombout;Gomphus vulgatissimus;2022-05-10;5;2022-05-10;2;ter plaatse;onbekend;larvenhuidje;onbekend;229031.2129620547;216507.6421903344;5.50077819824219;51.253044128418;FS7480;Achel - Warande;Hamont-Achel;Achel;Limburg;copied observation;J;Goedgekeurd op basis van expertoordeel;2007-01-01;3;;9;Libellen;Gomphidae;2026-07-08;603;S;zeldzaam
241022988;241022988;Beekrombout;Gomphus vulgatissimus;2022-05-10;5;2022-05-10;2;ter plaatse;onbekend;larvenhuidje;onbekend;229031.6789866744;216507.64930005;5.5007848739624;51.253044128418;FS7480;Achel - Warande;Hamont-Achel;Achel;Limburg;copied observation;J;Goedgekeurd op basis van expertoordeel;2007-01-01;3;;4;Libellen;Gomphidae;2026-07-08;603;S;zeldzaam
241022995;241022995;Beekrombout;Gomphus vulgatissimus;2022-05-10;5;2022-05-10;1;ter plaatse;onbekend;larvenhuidje;onbekend;228994.340748902;215746.4528474575;5.50008392333984;51.246208190918;FS7480;Achel - Warande;Hamont-Achel;Achel;Limburg;copied observation;J;Goedgekeurd op basis van expertoordeel;2007-01-01;3;;14;Libellen;Gomphidae;2026-07-08;603;S;zeldzaam
241023003;241023003;Beekrombout;Gomphus vulgatissimus;2022-05-10;5;2022-05-10;1;ter plaatse;onbekend;larvenhuidje;onbekend;228987.3596020924;215754.4110845877;5.49998569488525;51.246280670166;FS7480;Achel - Warande;Hamont-Achel;Achel;Limburg;copied observation;J;Goedgekeurd op basis van expertoordeel;2007-01-01;3;;6;Libellen;Gomphidae;2026-07-08;603;S;zeldzaam
241026683;241026683;Beekrombout;Gomphus vulgatissimus;2022-05-10;5;2022-05-10;1;ter plaatse;onbekend;larvenhuidje;onbekend;228799.4906436981;218594.1482168529;5.49791431427002;51.2718276977539;FS7483;Warmbeekvallei - Grevenbroek (LiLa);Hamont-Achel;Achel;Limburg;copied observation;J;Goedgekeurd op basis van expertoordeel;2007-01-01;3;;6;Libellen;Gomphidae;2026-07-08;603;S;zeldzaam
241026687;241026687;Beekrombout;Gomphus vulgatissimus;2022-05-10;5;2022-05-10;2;ter plaatse;onbekend;larvenhuidje;onbekend;228797.02737576352;218591.9884296758;5.49787855148315;51.2718086242676;FS7483;Warmbeekvallei - Grevenbroek (LiLa);Hamont-Achel;Achel;Limburg;copied observation;J;Goedgekeurd op basis van expertoordeel;2007-01-01;3;;8;Libellen;Gomphidae;2026-07-08;603;S;zeldzaam
241026693;241026693;Beekrombout;Gomphus vulgatissimus;2022-05-10;5;2022-05-10;2;ter plaatse;onbekend;larvenhuidje;onbekend;228794.29791295677;218589.8245931659;5.49783897399902;51.2717895507813;FS7483;Warmbeekvallei - Grevenbroek (LiLa);Hamont-Achel;Achel;Limburg;copied observation;J;Goedgekeurd op basis van expertoordeel;2007-01-01;3;;7;Libellen;Gomphidae;2026-07-08;603;S;zeldzaam
241026699;241026699;Beekrombout;Gomphus vulgatissimus;2022-05-10;5;2022-05-10;5;ter plaatse;onbekend;larvenhuidje;onbekend;228795.9864607364;218586.03014173545;5.49786233901978;51.2717552185059;FS7483;Warmbeekvallei - Grevenbroek (LiLa);Hamont-Achel;Achel;Limburg;copied observation;J;Goedgekeurd op basis van expertoordeel;2007-01-01;3;;9;Libellen;Gomphidae;2026-07-08;603;S;zeldzaam
241026702;241026702;Beekrombout;Gomphus vulgatissimus;2022-05-10;5;2022-05-10;1;ter plaatse;onbekend;larvenhuidje;onbekend;228796.5069185748;218589.00928565767;5.49787044525146;51.2717819213867;FS7483;Warmbeekvallei - Grevenbroek (LiLa);Hamont-Achel;Achel;Limburg;copied observation;J;Goedgekeurd op basis van expertoordeel;2007-01-01;3;;8;Libellen;Gomphidae;2026-07-08;603;S;zeldzaam
241026705;241026705;Beekrombout;Gomphus vulgatissimus;2022-05-10;5;2022-05-10;3;ter plaatse;onbekend;larvenhuidje;onbekend;228790.99336370605;218581.7095594276;5.49778985977173;51.2717170715332;FS7483;Warmbeekvallei - Grevenbroek (LiLa);Hamont-Achel;Achel;Limburg;copied observation;J;Goedgekeurd op basis van expertoordeel;2007-01-01;3;;6;Libellen;Gomphidae;2026-07-08;603;S;zeldzaam
241026714;241026714;Beekrombout;Gomphus vulgatissimus;2022-05-10;5;2022-05-10;5;ter plaatse;onbekend;larvenhuidje;onbekend;228789.2223868716;218579.9847705746;5.49776411056519;51.2717018127441;FS7483;Warmbeekvallei - Grevenbroek (LiLa);Hamont-Achel;Achel;Limburg;copied observation;J;Goedgekeurd op basis van expertoordeel;2007-01-01;3;;9;Libellen;Gomphidae;2026-07-08;603;S;zeldzaam
241026719;241026719;Beekrombout;Gomphus vulgatissimus;2022-05-10;5;2022-05-10;2;ter plaatse;onbekend;larvenhuidje;onbekend;228775.3947233852;218567.88949940636;5.49756336212158;51.2715950012207;FS7482;Warmbeekvallei - Grevenbroek (LiLa);Hamont-Achel;Achel;Limburg;copied observation;J;Goedgekeurd op basis van expertoordeel;2007-01-01;3;;6;Libellen;Gomphidae;2026-07-08;603;S;zeldzaam
241026782;241026782;Beekrombout;Gomphus vulgatissimus;2022-05-10;5;2022-05-10;1;ter plaatse;onbekend;larvenhuidje;onbekend;228774.75506118572;218566.1819262505;5.49755382537842;51.2715797424316;FS7482;Warmbeekvallei - Grevenbroek (LiLa);Hamont-Achel;Achel;Limburg;copied observation;J;Goedgekeurd op basis van expertoordeel;2007-01-01;3;;7;Libellen;Gomphidae;2026-07-08;603;S;zeldzaam
241026789;241026789;Beekrombout;Gomphus vulgatissimus;2022-05-10;5;2022-05-10;2;ter plaatse;onbekend;larvenhuidje;onbekend;228781.06624350883;218571.3714663312;5.49764537811279;51.2716255187988;FS7482;Warmbeekvallei - Grevenbroek (LiLa);Hamont-Achel;Achel;Limburg;copied observation;J;Goedgekeurd op basis van expertoordeel;2007-01-01;3;;10;Libellen;Gomphidae;2026-07-08;603;S;zeldzaam
241026794;241026794;Beekrombout;Gomphus vulgatissimus;2022-05-10;5;2022-05-10;1;ter plaatse;onbekend;imago;onbekend;228775.0157953508;218568.7326559713;5.49755811691284;51.2716026306152;FS7482;Warmbeekvallei - Grevenbroek (LiLa);Hamont-Achel;Achel;Limburg;copied observation;J;Goedgekeurd op basis van expertoordeel;2007-01-01;3;;7;Libellen;Gomphidae;2026-07-08;603;S;zeldzaam
241026805;241026805;Beekrombout;Gomphus vulgatissimus;2022-05-10;5;2022-05-10;5;ter plaatse;onbekend;larvenhuidje;onbekend;228781.13279194856;218571.37247879055;5.49764633178711;51.2716255187988;FS7482;Warmbeekvallei - Grevenbroek (LiLa);Hamont-Achel;Achel;Limburg;copied observation;J;Goedgekeurd op basis van expertoordeel;2007-01-01;3;;3;Libellen;Gomphidae;2026-07-08;603;S;zeldzaam
241026810;241026810;Beekrombout;Gomphus vulgatissimus;2022-05-10;5;2022-05-10;6;ter plaatse;onbekend;larvenhuidje;onbekend;228782.78259768212;218570.1241972912;5.49766969680786;51.271614074707;FS7482;Warmbeekvallei - Grevenbroek (LiLa);Hamont-Achel;Achel;Limburg;copied observation;J;Goedgekeurd op basis van expertoordeel;2007-01-01;3;;6;Libellen;Gomphidae;2026-07-08;603;S;zeldzaam
241026814;241026814;Beekrombout;Gomphus vulgatissimus;2022-05-10;5;2022-05-10;1;ter plaatse;onbekend;larvenhuidje;onbekend;228789.4274989532;218577.4411279708;5.49776649475098;51.2716789245605;FS7483;Warmbeekvallei - Grevenbroek (LiLa);Hamont-Achel;Achel;Limburg;copied observation;J;Goedgekeurd op basis van expertoordeel;2007-01-01;3;;4;Libellen;Gomphidae;2026-07-08;603;S;zeldzaam
241026823;241026823;Beekrombout;Gomphus vulgatissimus;2022-05-10;5;2022-05-10;1;ter plaatse;onbekend;larvenhuidje;onbekend;228796.0197348614;218586.03064806107;5.49786281585693;51.2717552185059;FS7483;Warmbeekvallei - Grevenbroek (LiLa);Hamont-Achel;Achel;Limburg;copied observation;J;Goedgekeurd op basis van expertoordeel;2007-01-01;3;;6;Libellen;Gomphidae;2026-07-08;603;S;zeldzaam
241026828;241026828;Beekrombout;Gomphus vulgatissimus;2022-05-10;5;2022-05-10;1;ter plaatse;onbekend;larvenhuidje;onbekend;228798.85996499532;218583.10264378227;5.49790287017822;51.271728515625;FS7483;Warmbeekvallei - Grevenbroek (LiLa);Hamont-Achel;Achel;Limburg;copied observation;J;Goedgekeurd op basis van expertoordeel;2007-01-01;3;;9;Libellen;Gomphidae;2026-07-08;603;S;zeldzaam
241026834;241026834;Beekrombout;Gomphus vulgatissimus;2022-05-10;5;2022-05-10;10;ter plaatse;onbekend;larvenhuidje;onbekend;228799.43109750387;218580.56457133684;5.49791049957275;51.2717056274414;FS7483;Warmbeekvallei - Grevenbroek (LiLa);Hamont-Achel;Achel;Limburg;copied observation;J;Goedgekeurd op basis van expertoordeel;2007-01-01;3;;4;Libellen;Gomphidae;2026-07-08;603;S;zeldzaam
241026841;241026841;Beekrombout;Gomphus vulgatissimus;2022-05-10;5;2022-05-10;1;ter plaatse;onbekend;imago, niet uitgekleurd;onbekend;228825.65319706;218628.9277255768;5.4982967376709;51.2721366882324;FS7483;Warmbeekvallei - Grevenbroek (LiLa);Hamont-Achel;Achel;Limburg;copied observation;J;Goedgekeurd op basis van expertoordeel;2007-01-01;3;;7;Libellen;Gomphidae;2026-07-08;603;S;zeldzaam
241026850;241026850;Beekrombout;Gomphus vulgatissimus;2022-05-10;5;2022-05-10;1;ter plaatse;onbekend;larvenhuidje;onbekend;228818.1472890903;218745.96464830544;5.49821472167969;51.2731895446777;FS7483;  ;Hamont-Achel;Achel;Limburg;copied observation;J;Goedgekeurd op basis van expertoordeel;2007-01-01;3;;5;Libellen;Gomphidae;2026-07-08;603;S;zeldzaam
241026858;241026858;Beekrombout;Gomphus vulgatissimus;2022-05-10;5;2022-05-10;1;ter plaatse;onbekend;larvenhuidje;onbekend;228817.91437740024;218745.9611030398;5.49821138381958;51.2731895446777;FS7483;  ;Hamont-Achel;Achel;Limburg;copied observation;J;Goedgekeurd op basis van expertoordeel;2007-01-01;3;;9;Libellen;Gomphidae;2026-07-08;603;S;zeldzaam
241026912;241026912;Beekrombout;Gomphus vulgatissimus;2022-05-10;5;2022-05-10;1;ter plaatse;onbekend;larvenhuidje;onbekend;228817.91437740024;218745.9611030398;5.49821138381958;51.2731895446777;FS7483;  ;Hamont-Achel;Achel;Limburg;copied observation;J;Goedgekeurd op basis van expertoordeel;2007-01-01;3;;9;Libellen;Gomphidae;2026-07-08;603;S;zeldzaam
241026917;241026917;Beekrombout;Gomphus vulgatissimus;2022-05-10;5;2022-05-10;2;ter plaatse;onbekend;larvenhuidje;onbekend;228817.499252892;218740.43679290824;5.49820423126221;51.2731399536133;FS7483;  ;Hamont-Achel;Achel;Limburg;copied observation;J;Goedgekeurd op basis van expertoordeel;2007-01-01;3;;3;Libellen;Gomphidae;2026-07-08;603;S;zeldzaam
241026920;241026920;Beekrombout;Gomphus vulgatissimus;2022-05-10;5;2022-05-10;1;ter plaatse;onbekend;larvenhuidje;onbekend;228815.0638549151;218740.8241842277;5.49816942214966;51.2731437683105;FS7483;  ;Hamont-Achel;Achel;Limburg;copied observation;J;Goedgekeurd op basis van expertoordeel;2007-01-01;3;;5;Libellen;Gomphidae;2026-07-08;603;S;zeldzaam
241026927;241026927;Beekrombout;Gomphus vulgatissimus;2022-05-10;5;2022-05-10;2;ter plaatse;onbekend;larvenhuidje;onbekend;228431.9967019908;219698.95899120905;5.49288892745972;51.2818069458008;FS7384;Hamont-Achel - Beverbeek KULeuven;Hamont-Achel;Achel;Limburg;copied observation;J;Goedgekeurd op basis van expertoordeel;2007-01-01;3;;10;Libellen;Gomphidae;2026-07-08;603;S;zeldzaam
241026933;241026933;Beekrombout;Gomphus vulgatissimus;2022-05-10;5;2022-05-10;1;ter plaatse;onbekend;larvenhuidje;onbekend;228430.67888068655;219698.0901028607;5.49286985397339;51.2817993164063;FS7384;Hamont-Achel - Beverbeek KULeuven;Hamont-Achel;Achel;Limburg;copied observation;J;Goedgekeurd op basis van expertoordeel;2007-01-01;3;;6;Libellen;Gomphidae;2026-07-08;603;S;zeldzaam
241026939;241026939;Beekrombout;Gomphus vulgatissimus;2022-05-10;5;2022-05-10;1;ter plaatse;onbekend;larvenhuidje;onbekend;228429.5682125541;219698.92220070583;5.49285411834717;51.2818069458008;FS7384;Hamont-Achel - Beverbeek KULeuven;Hamont-Achel;Achel;Limburg;copied observation;J;Goedgekeurd op basis van expertoordeel;2007-01-01;3;;10;Libellen;Gomphidae;2026-07-08;603;S;zeldzaam
241026948;241026948;Beekrombout;Gomphus vulgatissimus;2022-05-10;5;2022-05-10;2;ter plaatse;onbekend;larvenhuidje;onbekend;228429.7345474476;219698.9247205649;5.49285650253296;51.2818069458008;FS7384;Hamont-Achel - Beverbeek KULeuven;Hamont-Achel;Achel;Limburg;copied observation;J;Goedgekeurd op basis van expertoordeel;2007-01-01;3;;10;Libellen;Gomphidae;2026-07-08;603;S;zeldzaam
241026957;241026957;Beekrombout;Gomphus vulgatissimus;2022-05-10;5;2022-05-10;1;ter plaatse;onbekend;larvenhuidje;onbekend;228429.94170085285;219700.62570645008;5.49285984039307;51.2818222045898;FS7384;Hamont-Achel - Beverbeek KULeuven;Hamont-Achel;Achel;Limburg;copied observation;J;Goedgekeurd op basis van expertoordeel;2007-01-01;3;;6;Libellen;Gomphidae;2026-07-08;603;S;zeldzaam
241026961;241026961;Beekrombout;Gomphus vulgatissimus;2022-05-10;5;2022-05-10;1;ter plaatse;onbekend;larvenhuidje;onbekend;228429.8385317211;219694.25721488983;5.49285697937012;51.2817649841309;FS7384;Hamont-Achel - Beverbeek KULeuven;Hamont-Achel;Achel;Limburg;copied observation;J;Goedgekeurd op basis van expertoordeel;2007-01-01;3;;8;Libellen;Gomphidae;2026-07-08;603;S;zeldzaam
241027126;241027126;Beekrombout;Gomphus vulgatissimus;2022-05-10;5;2022-05-10;1;ter plaatse;onbekend;larvenhuidje;onbekend;228433.1157429213;219688.78885879277;5.4929027557373;51.2817153930664;FS7384;Hamont-Achel - Beverbeek KULeuven;Hamont-Achel;Achel;Limburg;copied observation;J;Goedgekeurd op basis van expertoordeel;2007-01-01;3;;6;Libellen;Gomphidae;2026-07-08;603;S;zeldzaam
241027189;241027189;Beekrombout;Gomphus vulgatissimus;2022-05-10;5;2022-05-10;1;ter plaatse;gezien;imago, niet uitgekleurd;onbekend;209313.591104868;219991.71045295428;5.21894931793213;51.2867240905762;FS5484;Postel;Mol;Mol;Antwerpen;copied observation;J;Goedgekeurd op basis van expertoordeel;2007-01-01;3;;9;Libellen;Gomphidae;2026-07-08;603;S;zeldzaam
241027199;241027199;Beekrombout;Gomphus vulgatissimus;2022-05-10;5;2022-05-10;1;ter plaatse;gezien;imago, niet uitgekleurd;Vrouw;209327.59757268868;220020.7330361316;5.21915483474731;51.2869834899902;FS5484;Postel - Golfbaan;Mol;Mol;Antwerpen;copied observation;J;Goedgekeurd op basis van expertoordeel;2007-01-01;3;;10;Libellen;Gomphidae;2026-07-08;603;S;zeldzaam
241027220;241027220;Beekrombout;Gomphus vulgatissimus;2022-05-10;5;2022-05-10;1;dood;COLLECTED;imago, niet uitgekleurd;onbekend;209324.1000469697;220038.51951055691;5.21910762786865;51.2871437072754;FS5484;Postel - Golfbaan;Mol;Mol;Antwerpen;copied observation;J;Goedgekeurd op basis van expertoordeel;2007-01-01;3;;10;Libellen;Gomphidae;2026-07-08;603;S;zeldzaam
241027227;241027227;Beekrombout;Gomphus vulgatissimus;2022-05-10;5;2022-05-10;1;dood;onbekend;imago, niet uitgekleurd;onbekend;209324.1000469697;220038.51951055691;5.21910762786865;51.2871437072754;FS5484;Postel - Golfbaan;Mol;Mol;Antwerpen;copied observation;J;Goedgekeurd op basis van expertoordeel;2007-01-01;3;;5;Libellen;Gomphidae;2026-07-08;603;S;zeldzaam
241027469;241027469;Beekrombout;Gomphus vulgatissimus;2022-05-10;5;2022-05-10;1;ter plaatse;gezien;imago;Man;228824.3416224492;218627.63437803465;5.49827766418457;51.2721252441406;FS7483;Warmbeekvallei - Grevenbroek (LiLa);Hamont-Achel;Achel;Limburg;ObsMapp;J;Goedgekeurd op basis van expertoordeel;2007-01-01;3;;2;Libellen;Gomphidae;2026-07-08;603;S;zeldzaam
241027569;241027569;Beekrombout;Gomphus vulgatissimus;2022-05-10;5;2022-05-10;45;ter plaatse;gezien;larvenhuidje;onbekend;209292.81564334175;219953.6322717192;5.2186453;51.286384;FS5484;Postel;Mol;Mol;Antwerpen;Site;J;Goedgekeurd op basis van expertoordeel;1980-01-01;3;;15;Libellen;Gomphidae;2026-07-08;603;S;zeldzaam
241925961;241925961;Beekrombout;Gomphus vulgatissimus;2022-05-17;5;2022-05-17;3;ter plaatse;gezien;imago;onbekend;207282.70656549756;214704.13185730204;5.18900346755981;51.2394065856934;FS5278;Mol - Den Diel - West - Ten zuiden van beek;Mol;Mol;Antwerpen;ObsMapp;J;Goedgekeurd op basis van expertoordeel;2007-01-01;3;;2;Libellen;Gomphidae;2026-07-08;603;S;zeldzaam
241926049;241926049;Beekrombout;Gomphus vulgatissimus;2022-05-17;5;2022-05-17;1;ter plaatse;gezien;imago;onbekend;207006.67609445247;213536.8738146704;5.18486738204956;51.2289428710938;FS5277;Mol - Klein Verkallen;Mol;Mol;Antwerpen;ObsMapp;J;Goedgekeurd op basis van expertoordeel;2007-01-01;3;;2;Libellen;Gomphidae;2026-07-08;603;S;zeldzaam
241926059;241926059;Beekrombout;Gomphus vulgatissimus;2022-05-17;5;2022-05-17;1;ter plaatse;gezien;imago;onbekend;209296.46240205131;219962.2277001645;5.21869897842407;51.2864608764648;FS5484;Postel;Mol;Mol;Antwerpen;ObsMapp;J;Goedgekeurd op basis van expertoordeel;2007-01-01;3;;2;Libellen;Gomphidae;2026-07-08;603;S;zeldzaam
241926062;241926062;Beekrombout;Gomphus vulgatissimus;2022-05-17;5;2022-05-17;1;ter plaatse;gezien;imago;Vrouw;209319.35933734343;220031.2496612016;5.21903848648071;51.2870788574219;FS5484;Postel - Golfbaan;Mol;Mol;Antwerpen;ObsMapp;J;Goedgekeurd op basis van expertoordeel;2007-01-01;3;;2;Libellen;Gomphidae;2026-07-08;603;S;zeldzaam
242420834;242420834;Beekrombout;Gomphus vulgatissimus;2022-05-21;5;2022-05-21;1;ter plaatse;gezien;imago;Man;207287.6625291239;214698.66904059704;5.18907356262207;51.2393569946289;FS5278;Mol - Den Diel - West - Ten zuiden van beek;Mol;Mol;Antwerpen;ObsMapp;J;Goedgekeurd op basis van expertoordeel;2007-01-01;3;;2;Libellen;Gomphidae;2026-07-08;603;S;zeldzaam
349002628;349002628;Beekrombout;Gomphus vulgatissimus;2025-05-07;5;2025-05-07;1;ter plaatse;COLLECTED;larvenhuidje;onbekend;228800.8445854309;218590.27012163773;5.497932867028769;51.27179265950596;FS7483;Warmbeekvallei - Grevenbroek (LiLa);Hamont-Achel;Achel;Limburg;Observation;J;Goedgekeurd op basis van expertoordeel;1980-01-01;3;;5;Libellen;Gomphidae;2026-07-08;603;S;zeldzaam
349002630;349002630;Beekrombout;Gomphus vulgatissimus;2025-05-07;5;2025-05-07;1;ter plaatse;COLLECTED;larvenhuidje;onbekend;228802.1951228659;218589.9620596413;5.497952149366316;51.27178970619547;FS7483;Warmbeekvallei - Grevenbroek (LiLa);Hamont-Achel;Achel;Limburg;Observation;J;Goedgekeurd op basis van expertoordeel;1980-01-01;3;;5;Libellen;Gomphidae;2026-07-08;603;S;zeldzaam
349002633;349002633;Beekrombout;Gomphus vulgatissimus;2025-05-07;5;2025-05-07;1;ter plaatse;COLLECTED;larvenhuidje;onbekend;228800.7175676821;218590.23087024968;5.497931038654177;51.271792324118735;FS7483;Warmbeekvallei - Grevenbroek (LiLa);Hamont-Achel;Achel;Limburg;Observation;J;Goedgekeurd op basis van expertoordeel;1980-01-01;3;;5;Libellen;Gomphidae;2026-07-08;603;S;zeldzaam
349002637;349002637;Beekrombout;Gomphus vulgatissimus;2025-05-07;5;2025-05-07;1;ter plaatse;COLLECTED;larvenhuidje;onbekend;228800.45499746257;218590.62160976883;5.497927361933469;51.271795871669084;FS7483;Warmbeekvallei - Grevenbroek (LiLa);Hamont-Achel;Achel;Limburg;Observation;J;Goedgekeurd op basis van expertoordeel;1980-01-01;3;;5;Libellen;Gomphidae;2026-07-08;603;S;zeldzaam
349002638;349002638;Beekrombout;Gomphus vulgatissimus;2025-05-07;5;2025-05-07;1;ter plaatse;COLLECTED;larvenhuidje;onbekend;228800.45499746257;218590.62160976883;5.497927361933469;51.271795871669084;FS7483;Warmbeekvallei - Grevenbroek (LiLa);Hamont-Achel;Achel;Limburg;Observation;J;Goedgekeurd op basis van expertoordeel;1980-01-01;3;;5;Libellen;Gomphidae;2026-07-08;603;S;zeldzaam
349002641;349002641;Beekrombout;Gomphus vulgatissimus;2025-05-07;5;2025-05-07;2;ter plaatse;COLLECTED;larvenhuidje;onbekend;228805.27687264324;218594.43352795765;5.497997277364554;51.27182947052682;FS7483;Warmbeekvallei - Grevenbroek (LiLa);Hamont-Achel;Achel;Limburg;Observation;J;Goedgekeurd op basis van expertoordeel;1980-01-01;3;;5;Libellen;Gomphidae;2026-07-08;603;S;zeldzaam
349002651;349002651;Beekrombout;Gomphus vulgatissimus;2025-05-07;5;2025-05-07;1;ter plaatse;COLLECTED;larvenhuidje;onbekend;228805.07560565928;218593.36282737835;5.497994160301436;51.271819875492696;FS7483;Warmbeekvallei - Grevenbroek (LiLa);Hamont-Achel;Achel;Limburg;Observation;J;Goedgekeurd op basis van expertoordeel;1980-01-01;3;;5;Libellen;Gomphidae;2026-07-08;603;S;zeldzaam
349002656;349002656;Beekrombout;Gomphus vulgatissimus;2025-05-07;5;2025-05-07;1;ter plaatse;COLLECTED;larvenhuidje;onbekend;228805.07560565928;218593.36282737835;5.497994160301436;51.271819875492696;FS7483;Warmbeekvallei - Grevenbroek (LiLa);Hamont-Achel;Achel;Limburg;Observation;J;Goedgekeurd op basis van expertoordeel;1980-01-01;3;;5;Libellen;Gomphidae;2026-07-08;603;S;zeldzaam
349002666;349002666;Beekrombout;Gomphus vulgatissimus;2025-05-07;5;2025-05-07;1;ter plaatse;COLLECTED;larvenhuidje;onbekend;228796.0972712772;218585.6842737049;5.497863851225936;51.271752094979;FS7483;Warmbeekvallei - Grevenbroek (LiLa);Hamont-Achel;Achel;Limburg;Observation;J;Goedgekeurd op basis van expertoordeel;1980-01-01;3;;5;Libellen;Gomphidae;2026-07-08;603;S;zeldzaam
349002674;349002674;Beekrombout;Gomphus vulgatissimus;2025-05-07;5;2025-05-07;1;ter plaatse;COLLECTED;larvenhuidje;onbekend;228793.13177446497;218585.0612617368;5.497821227988565;51.27174690140914;FS7483;Warmbeekvallei - Grevenbroek (LiLa);Hamont-Achel;Achel;Limburg;Observation;J;Goedgekeurd op basis van expertoordeel;1980-01-01;3;;5;Libellen;Gomphidae;2026-07-08;603;S;zeldzaam
349002678;349002678;Beekrombout;Gomphus vulgatissimus;2025-05-07;5;2025-05-07;1;ter plaatse;COLLECTED;larvenhuidje;onbekend;228793.63427412725;218585.4733891189;5.497828517273499;51.27175053654841;FS7483;Warmbeekvallei - Grevenbroek (LiLa);Hamont-Achel;Achel;Limburg;Observation;J;Goedgekeurd op basis van expertoordeel;1980-01-01;3;;5;Libellen;Gomphidae;2026-07-08;603;S;zeldzaam
349002693;349002693;Beekrombout;Gomphus vulgatissimus;2025-05-07;5;2025-05-07;1;ter plaatse;COLLECTED;larvenhuidje;onbekend;228793.53724535185;218577.30878368116;5.49782534717396;51.271677173162594;FS7483;Warmbeekvallei - Grevenbroek (LiLa);Hamont-Achel;Achel;Limburg;Observation;J;Goedgekeurd op basis van expertoordeel;1980-01-01;3;;5;Libellen;Gomphidae;2026-07-08;603;S;zeldzaam
349002707;349002707;Beekrombout;Gomphus vulgatissimus;2025-05-07;5;2025-05-07;1;ter plaatse;COLLECTED;larvenhuidje;onbekend;228791.4777500775;218576.0877639698;5.497795574132048;51.27166648129165;FS7482;Warmbeekvallei - Grevenbroek (LiLa);Hamont-Achel;Achel;Limburg;Observation;J;Goedgekeurd op basis van expertoordeel;1980-01-01;3;;5;Libellen;Gomphidae;2026-07-08;603;S;zeldzaam
349002713;349002713;Beekrombout;Gomphus vulgatissimus;2025-05-07;5;2025-05-07;3;ter plaatse;COLLECTED;larvenhuidje;onbekend;228791.85322892375;218576.8971663434;5.497801130153361;51.27167370417841;FS7483;Warmbeekvallei - Grevenbroek (LiLa);Hamont-Achel;Achel;Limburg;Observation;J;Goedgekeurd op basis van expertoordeel;1980-01-01;3;;5;Libellen;Gomphidae;2026-07-08;603;S;zeldzaam
349002719;349002719;Beekrombout;Gomphus vulgatissimus;2025-05-07;5;2025-05-07;1;ter plaatse;COLLECTED;larvenhuidje;onbekend;228790.6980213468;218576.04256177787;5.497784392929358;51.27166618167755;FS7482;Warmbeekvallei - Grevenbroek (LiLa);Hamont-Achel;Achel;Limburg;Observation;J;Goedgekeurd op basis van expertoordeel;1980-01-01;3;;5;Libellen;Gomphidae;2026-07-08;603;S;zeldzaam
349002724;349002724;Beekrombout;Gomphus vulgatissimus;2025-05-07;5;2025-05-07;1;ter plaatse;COLLECTED;larvenhuidje;onbekend;228787.54534857735;218574.7497557104;5.49773894205919;51.27165499412329;FS7482;Warmbeekvallei - Grevenbroek (LiLa);Hamont-Achel;Achel;Limburg;Observation;J;Goedgekeurd op basis van expertoordeel;1980-01-01;3;;5;Libellen;Gomphidae;2026-07-08;603;S;zeldzaam
349002727;349002727;Beekrombout;Gomphus vulgatissimus;2025-05-07;5;2025-05-07;1;ter plaatse;COLLECTED;larvenhuidje;onbekend;228787.4498283697;218576.24709019624;5.497737899924031;51.27166846397712;FS7482;Warmbeekvallei - Grevenbroek (LiLa);Hamont-Achel;Achel;Limburg;Observation;J;Goedgekeurd op basis van expertoordeel;1980-01-01;3;;5;Libellen;Gomphidae;2026-07-08;603;S;zeldzaam
349002731;349002731;Beekrombout;Gomphus vulgatissimus;2025-05-07;5;2025-05-07;1;ter plaatse;COLLECTED;larvenhuidje;onbekend;228789.56479316216;218575.1319429725;5.497767958403527;51.271658152759535;FS7482;Warmbeekvallei - Grevenbroek (LiLa);Hamont-Achel;Achel;Limburg;Observation;J;Goedgekeurd op basis van expertoordeel;1980-01-01;3;;5;Libellen;Gomphidae;2026-07-08;603;S;zeldzaam
349002747;349002747;Beekrombout;Gomphus vulgatissimus;2025-05-07;5;2025-05-07;1;ter plaatse;COLLECTED;larvenhuidje;onbekend;228788.37843990052;218574.12250914704;5.497750741207783;51.27164924303675;FS7482;Warmbeekvallei - Grevenbroek (LiLa);Hamont-Achel;Achel;Limburg;Observation;J;Goedgekeurd op basis van expertoordeel;1980-01-01;3;;5;Libellen;Gomphidae;2026-07-08;603;S;zeldzaam
349002751;349002751;Beekrombout;Gomphus vulgatissimus;2025-05-07;5;2025-05-07;3;ter plaatse;COLLECTED;larvenhuidje;onbekend;228792.00250138823;218580.4035260584;5.497804033210311;51.27170519599872;FS7483;Warmbeekvallei - Grevenbroek (LiLa);Hamont-Achel;Achel;Limburg;Observation;J;Goedgekeurd op basis van expertoordeel;1980-01-01;3;;5;Libellen;Gomphidae;2026-07-08;603;S;zeldzaam
192091022;192091022;Beekrombout;Gomphus vulgatissimus;2020-05-22;5;2020-05-22;1;ter plaatse;onbekend;imago;onbekend;228439.79185636947;219700.6409047302;5.493001;51.281821;FS7384;Hamont-Achel - Beverbeek KULeuven;Hamont-Achel;Achel;Limburg;iObs;J;Goedgekeurd op basis van bewijsmateriaal;2007-01-01;3;;65;Libellen;Gomphidae;2026-07-08;603;S;zeldzaam
349002760;349002760;Beekrombout;Gomphus vulgatissimus;2025-05-07;5;2025-05-07;1;vervellend;gezien;larve/nimf;onbekend;228792.00250138823;218580.4035260584;5.497804033210311;51.27170519599872;FS7483;Warmbeekvallei - Grevenbroek (LiLa);Hamont-Achel;Achel;Limburg;Observation;J;Goedgekeurd op basis van expertoordeel;1980-01-01;3;;5;Libellen;Gomphidae;2026-07-08;603;S;zeldzaam
349002769;349002769;Beekrombout;Gomphus vulgatissimus;2025-05-07;5;2025-05-07;3;vervellend;COLLECTED;larvenhuidje;onbekend;228780.68639525052;218572.4014229653;5.497640160446813;51.27163482712577;FS7482;Warmbeekvallei - Grevenbroek (LiLa);Hamont-Achel;Achel;Limburg;Observation;J;Goedgekeurd op basis van expertoordeel;1980-01-01;3;;5;Libellen;Gomphidae;2026-07-08;603;S;zeldzaam
216361557;216361557;Beekrombout;Gomphus vulgatissimus;2021-06-06;6;2021-06-08;1;ter plaatse;onbekend;imago, niet uitgekleurd;Man;228211.1663012537;220836.5734915547;5.48997068405151;51.2920608520508;FS7385;  ;Hamont-Achel;Achel;Limburg;ObsMapp;J;Goedgekeurd op basis van bewijsmateriaal;2007-01-01;3;;3;Libellen;Gomphidae;2026-07-08;603;S;zeldzaam
349002772;349002772;Beekrombout;Gomphus vulgatissimus;2025-05-07;5;2025-05-07;1;vervellend;COLLECTED;larvenhuidje;onbekend;228791.2733649212;218578.3277982222;5.497793134189136;51.27168664079822;FS7483;Warmbeekvallei - Grevenbroek (LiLa);Hamont-Achel;Achel;Limburg;Observation;J;Goedgekeurd op basis van expertoordeel;1980-01-01;3;;5;Libellen;Gomphidae;2026-07-08;603;S;zeldzaam
349002775;349002775;Beekrombout;Gomphus vulgatissimus;2025-05-07;5;2025-05-07;3;vervellend;COLLECTED;larvenhuidje;onbekend;228783.06855450876;218575.08864294644;5.497674875909347;51.27165865190146;FS7482;Warmbeekvallei - Grevenbroek (LiLa);Hamont-Achel;Achel;Limburg;Observation;J;Goedgekeurd op basis van expertoordeel;1980-01-01;3;;5;Libellen;Gomphidae;2026-07-08;603;S;zeldzaam
349002785;349002785;Beekrombout;Gomphus vulgatissimus;2025-05-07;5;2025-05-07;2;ter plaatse;COLLECTED;larvenhuidje;onbekend;229045.27105702853;216544.3667240348;5.500987556497939;51.253372252442695;FS7480;Achel - Warande;Hamont-Achel;Achel;Limburg;Observation;J;Goedgekeurd op basis van expertoordeel;1980-01-01;3;;5;Libellen;Gomphidae;2026-07-08;603;S;zeldzaam
241894044;241894044;Beekrombout;Gomphus vulgatissimus;2022-05-17;5;2022-05-17;3;ter plaatse;gezien;imago;Man;207298.2558872336;214695.390730992;5.18922472000122;51.2393264770508;FS5278;Mol - Den Diel - West - Ten zuiden van beek;Mol;Mol;Antwerpen;ObsMapp;J;Goedgekeurd op basis van bewijsmateriaal;2007-01-01;3;;16;Libellen;Gomphidae;2026-07-08;603;S;zeldzaam
241894064;241894064;Beekrombout;Gomphus vulgatissimus;2022-05-17;5;2022-05-17;1;ter plaatse;gezien;imago;onbekend;209314.6511226769;219954.37171376124;5.21895837783814;51.2863883972168;FS5484;Postel;Mol;Mol;Antwerpen;ObsMapp;J;Goedgekeurd op basis van expertoordeel;2007-01-01;3;;12;Libellen;Gomphidae;2026-07-08;603;S;zeldzaam
241894066;241894066;Beekrombout;Gomphus vulgatissimus;2022-05-17;5;2022-05-17;1;ter plaatse;gezien;larvenhuidje;onbekend;209324.88915417125;220001.60210302655;5.21911287307739;51.2868118286133;FS5484;Postel;Mol;Mol;Antwerpen;ObsMapp;J;Goedgekeurd op basis van expertoordeel;2007-01-01;3;;19;Libellen;Gomphidae;2026-07-08;603;S;zeldzaam
241894067;241894067;Beekrombout;Gomphus vulgatissimus;2022-05-17;5;2022-05-17;2;ter plaatse;gezien;larvenhuidje;onbekend;209322.77651276905;220011.76449538395;5.2190842628479;51.2869033813477;FS5484;Postel - Golfbaan;Mol;Mol;Antwerpen;ObsMapp;J;Goedgekeurd op basis van expertoordeel;2007-01-01;3;;7;Libellen;Gomphidae;2026-07-08;603;S;zeldzaam
242499115;242499115;Beekrombout;Gomphus vulgatissimus;2022-05-22;5;2022-05-22;1;ter plaatse;gezien;imago;Man;207647.38591627305;214912.75311994832;5.19425821304321;51.2412452697754;FS5378;Mol - Den Diel;Mol;Mol;Antwerpen;ObsMapp;J;Goedgekeurd op basis van expertoordeel;2007-01-01;3;;6;Libellen;Gomphidae;2026-07-08;603;S;zeldzaam
242499131;242499131;Beekrombout;Gomphus vulgatissimus;2022-05-22;5;2022-05-22;1;ter plaatse;gezien;imago;Vrouw;207453.15301055825;214731.06035969596;5.19144821;51.23963165;FS5278;Mol - Kempisch kanaal - Kanaal thv Molse zandputten;Mol;Mol;Antwerpen;ObsMapp;J;Goedgekeurd op basis van bewijsmateriaal;2007-01-01;3;;17;Libellen;Gomphidae;2026-07-08;603;S;zeldzaam
242499133;242499133;Beekrombout;Gomphus vulgatissimus;2022-05-22;5;2022-05-22;1;ter plaatse;gezien;imago;Man;207237.2275111607;214690.89626738708;5.18835020065308;51.2392921447754;FS5278;Mol - Den Diel - West - Ten zuiden van beek;Mol;Mol;Antwerpen;ObsMapp;J;Goedgekeurd op basis van expertoordeel;2007-01-01;3;;4;Libellen;Gomphidae;2026-07-08;603;S;zeldzaam
349002789;349002789;Beekrombout;Gomphus vulgatissimus;2025-05-07;5;2025-05-07;1;ter plaatse;COLLECTED;larvenhuidje;onbekend;229045.7851362194;216547.4535706686;5.500995593506528;51.253399924131486;FS7480;Achel - Warande;Hamont-Achel;Achel;Limburg;Observation;J;Goedgekeurd op basis van expertoordeel;1980-01-01;3;;5;Libellen;Gomphidae;2026-07-08;603;S;zeldzaam
349002794;349002794;Beekrombout;Gomphus vulgatissimus;2025-05-07;5;2025-05-07;1;ter plaatse;COLLECTED;larvenhuidje;onbekend;229044.2860926884;216543.5273513142;5.500973266815622;51.25336484388272;FS7480;Achel - Warande;Hamont-Achel;Achel;Limburg;Observation;J;Goedgekeurd op basis van expertoordeel;1980-01-01;3;;5;Libellen;Gomphidae;2026-07-08;603;S;zeldzaam
349002797;349002797;Beekrombout;Gomphus vulgatissimus;2025-05-07;5;2025-05-07;1;ter plaatse;COLLECTED;larvenhuidje;onbekend;229045.33024475403;216540.5892007193;5.500987578653404;51.25333829487115;FS7480;Achel - Warande;Hamont-Achel;Achel;Limburg;Observation;J;Goedgekeurd op basis van expertoordeel;1980-01-01;3;;5;Libellen;Gomphidae;2026-07-08;603;S;zeldzaam
349002802;349002802;Beekrombout;Gomphus vulgatissimus;2025-05-07;5;2025-05-07;1;ter plaatse;COLLECTED;larvenhuidje;onbekend;229047.1808409972;216538.3592355568;5.50101359478667;51.2533179998864;FS7480;Achel - Warande;Hamont-Achel;Achel;Limburg;Observation;J;Goedgekeurd op basis van expertoordeel;1980-01-01;3;;5;Libellen;Gomphidae;2026-07-08;603;S;zeldzaam
349002806;349002806;Beekrombout;Gomphus vulgatissimus;2025-05-07;5;2025-05-07;1;ter plaatse;COLLECTED;larvenhuidje;onbekend;229043.42076159848;216537.3431096254;5.500959522484098;51.25330938337073;FS7480;Achel - Warande;Hamont-Achel;Achel;Limburg;Observation;J;Goedgekeurd op basis van expertoordeel;1980-01-01;3;;5;Libellen;Gomphidae;2026-07-08;603;S;zeldzaam
349003577;349003577;Beekrombout;Gomphus vulgatissimus;2025-05-07;5;2025-05-07;1;ter plaatse;COLLECTED;larvenhuidje;onbekend;229042.27529503003;216533.67899894065;5.500942316913946;51.25327661025806;FS7480;Achel - Warande;Hamont-Achel;Achel;Limburg;Observation;J;Goedgekeurd op basis van expertoordeel;1980-01-01;3;;7;Libellen;Gomphidae;2026-07-08;603;S;zeldzaam
192661429;192661429;Beekrombout;Gomphus vulgatissimus;2020-05-28;5;2020-05-28;1;ter plaatse;gezien;imago;Man;205107.8143815542;217736.57455348503;5.15832514;51.26687349;FS5081;Dessel/Mol - Groesgoor en Koemoek;Dessel;Dessel;Antwerpen;Site;J;Goedgekeurd op basis van bewijsmateriaal;1980-01-01;3;;100;Libellen;Gomphidae;2026-07-08;603;S;zeldzaam
349003579;349003579;Beekrombout;Gomphus vulgatissimus;2025-05-07;5;2025-05-07;1;ter plaatse;COLLECTED;larvenhuidje;onbekend;229043.92902930905;216536.93286494815;5.500966712026552;51.25330562670936;FS7480;Achel - Warande;Hamont-Achel;Achel;Limburg;Observation;J;Goedgekeurd op basis van expertoordeel;1980-01-01;3;;5;Libellen;Gomphidae;2026-07-08;603;S;zeldzaam
349003583;349003583;Beekrombout;Gomphus vulgatissimus;2025-05-07;5;2025-05-07;1;ter plaatse;COLLECTED;larvenhuidje;onbekend;229043.41278271948;216537.97503086645;5.50095954630495;51.25331506368386;FS7480;Achel - Warande;Hamont-Achel;Achel;Limburg;Observation;J;Goedgekeurd op basis van expertoordeel;1980-01-01;3;;5;Libellen;Gomphidae;2026-07-08;603;S;zeldzaam
349003584;349003584;Beekrombout;Gomphus vulgatissimus;2025-05-07;5;2025-05-07;2;ter plaatse;COLLECTED;larvenhuidje;onbekend;229044.23463562183;216534.15861605667;5.50097048253857;51.25328065199896;FS7480;Achel - Warande;Hamont-Achel;Achel;Limburg;Observation;J;Goedgekeurd op basis van expertoordeel;1980-01-01;3;;5;Libellen;Gomphidae;2026-07-08;603;S;zeldzaam
349003587;349003587;Beekrombout;Gomphus vulgatissimus;2025-05-07;5;2025-05-07;1;ter plaatse;COLLECTED;larvenhuidje;onbekend;229044.8799880488;216535.79734268785;5.500980083103165;51.253295291106205;FS7480;Achel - Warande;Hamont-Achel;Achel;Limburg;Observation;J;Goedgekeurd op basis van expertoordeel;1980-01-01;3;;5;Libellen;Gomphidae;2026-07-08;603;S;zeldzaam
349003589;349003589;Beekrombout;Gomphus vulgatissimus;2025-05-07;5;2025-05-07;1;ter plaatse;COLLECTED;larvenhuidje;onbekend;229043.76080906444;216533.17408764732;5.500963481456979;51.25327186879654;FS7480;Achel - Warande;Hamont-Achel;Achel;Limburg;Observation;J;Goedgekeurd op basis van expertoordeel;1980-01-01;3;;5;Libellen;Gomphidae;2026-07-08;603;S;zeldzaam
349003592;349003592;Beekrombout;Gomphus vulgatissimus;2025-05-07;5;2025-05-07;1;ter plaatse;COLLECTED;larvenhuidje;onbekend;229042.8252103612;216531.7391954996;5.500949768667097;51.25325910139602;FS7480;Achel - Warande;Hamont-Achel;Achel;Limburg;Observation;J;Goedgekeurd op basis van expertoordeel;1980-01-01;3;;5;Libellen;Gomphidae;2026-07-08;603;S;zeldzaam
349003596;349003596;Beekrombout;Gomphus vulgatissimus;2025-05-07;5;2025-05-07;1;ter plaatse;COLLECTED;larvenhuidje;onbekend;229037.2301909303;216515.22217152172;5.500866030195631;51.25311142637852;FS7480;Achel - Warande;Hamont-Achel;Achel;Limburg;Observation;J;Goedgekeurd op basis van expertoordeel;1980-01-01;3;;5;Libellen;Gomphidae;2026-07-08;603;S;zeldzaam
349003598;349003598;Beekrombout;Gomphus vulgatissimus;2025-05-07;5;2025-05-07;2;ter plaatse;COLLECTED;larvenhuidje;onbekend;229038.49108243195;216512.2861146275;5.500883446508431;51.253084866474;FS7480;Achel - Warande;Hamont-Achel;Achel;Limburg;Observation;J;Goedgekeurd op basis van expertoordeel;1980-01-01;3;;5;Libellen;Gomphidae;2026-07-08;603;S;zeldzaam
349003601;349003601;Beekrombout;Gomphus vulgatissimus;2025-05-07;5;2025-05-07;1;ter plaatse;gezien;imago;Man;229037.67748844644;216517.0162481237;5.50087282819144;51.25312748881819;FS7480;Achel - Warande;Hamont-Achel;Achel;Limburg;Observation;J;Goedgekeurd op basis van expertoordeel;1980-01-01;3;;5;Libellen;Gomphidae;2026-07-08;603;S;zeldzaam
277750472;277750472;Beekrombout;Gomphus vulgatissimus;2023-06-24;6;2023-06-24;1;ter plaatse;gezien;imago;Man;207161.36630159128;214657.37749577407;5.187258720397949;51.23899841308594;FS5278;Mol - Den Diel - West - Ten zuiden van beek;Mol;Mol;Antwerpen;ObsMapp;J;Goedgekeurd op basis van expertoordeel;1980-01-01;3;;9;Libellen;Gomphidae;2026-07-08;603;S;zeldzaam
271320117;271320117;Beekrombout;Gomphus vulgatissimus;2023-05-11;5;2023-05-12;5;ter plaatse;gezien;imago;onbekend;209330.42364555143;220044.10974113923;5.219199180603027;51.28719329833984;FS5484;Postel - Golfbaan;Mol;Mol;Antwerpen;copied observation;J;Goedgekeurd op basis van expertoordeel;1980-01-01;3;;3;Libellen;Gomphidae;2026-07-08;603;S;zeldzaam
275357063;275357063;Beekrombout;Gomphus vulgatissimus;2023-06-08;6;2023-06-08;1;ter plaatse;gezien;imago;onbekend;206997.5383919225;213125.9255223032;5.184671878814697;51.22525024414063;FS5277;Mol - Klein Verkallen;Mol;Mol;Antwerpen;ObsMapp;J;Goedgekeurd op basis van expertoordeel;1980-01-01;3;;8;Libellen;Gomphidae;2026-07-08;603;S;zeldzaam
275433387;275433387;Beekrombout;Gomphus vulgatissimus;2023-06-08;6;2023-06-08;1;ter plaatse;gezien;imago;Man;205403.77330407983;216821.9856283227;5.1624250411987305;51.25862503051758;FS5080;BW016 Taploop Dessel;Dessel;Dessel;Antwerpen;ObsMapp;J;Goedgekeurd op basis van bewijsmateriaal;1980-01-01;3;;7;Libellen;Gomphidae;2026-07-08;603;S;zeldzaam
349206326;349206326;Beekrombout;Gomphus vulgatissimus;2025-05-08;5;2025-05-08;1;ter plaatse;gezien;imago;Vrouw;207288.65031276745;214687.64473482128;5.189085960388184;51.2392578125;FS5278;Mol - Den Diel - West - Ten zuiden van beek;Mol;Mol;Antwerpen;ObsMapp;J;Goedgekeurd op basis van bewijsmateriaal;1980-01-01;3;;6;Libellen;Gomphidae;2026-07-08;603;S;zeldzaam
355760611;355760611;Beekrombout;Gomphus vulgatissimus;2025-06-11;6;2025-06-11;2;foeragerend;gezien;imago;Man;209217.6165996997;219833.9925050903;5.21754789352417;51.28531646728516;FS5483;Postel;Mol;Mol;Antwerpen;ObsMapp;J;Goedgekeurd op basis van expertoordeel;1980-01-01;3;;4;Libellen;Gomphidae;2026-07-08;603;S;zeldzaam
355760600;355760600;Beekrombout;Gomphus vulgatissimus;2025-06-11;6;2025-06-11;1;ter plaatse;gezien;imago;Man;209211.33856600523;219716.77483181749;5.217438697814941;51.28426361083984;FS5483;Postel;Mol;Mol;Antwerpen;ObsMapp;J;Goedgekeurd op basis van expertoordeel;1980-01-01;3;;12;Libellen;Gomphidae;2026-07-08;603;S;zeldzaam
244748372;244748372;Beekrombout;Gomphus vulgatissimus;2022-05-10;5;2022-06-09;1;ter plaatse;onbekend;larvenhuidje;onbekend;209324.07164644412;220038.09474302083;5.21910715103149;51.2871398925781;FS5484;Postel - Golfbaan;Mol;Mol;Antwerpen;Meetnetten.be;J;Goedgekeurd op basis van expertoordeel;2023-05-09;3;meetnetten.be: levensfase: larvenhuidje_ activiteit: ter plaatse;10;Libellen;Gomphidae;2026-07-08;603;S;zeldzaam
244748371;244748371;Beekrombout;Gomphus vulgatissimus;2022-05-10;5;2022-06-09;1;ter plaatse;onbekend;larvenhuidje;onbekend;209324.1000469697;220038.51951055691;5.21910762786865;51.2871437072754;FS5484;Postel - Golfbaan;Mol;Mol;Antwerpen;Meetnetten.be;J;Goedgekeurd op basis van expertoordeel;2023-05-09;3;meetnetten.be: levensfase: larvenhuidje_ activiteit: ter plaatse;10;Libellen;Gomphidae;2026-07-08;603;S;zeldzaam
191338680;191338680;Beekrombout;Gomphus vulgatissimus;2020-05-14;5;2020-05-14;1;ter plaatse;gezien;imago, niet uitgekleurd;onbekend;223096.46661612685;216484.5916785607;5.41577768325806;51.2536201477051;FS6880;Neerpelt - Het Hageven;Neerpelt;Neerpelt;Limburg;copied observation;J;Goedgekeurd op basis van expertoordeel;2007-01-01;3;;25;Libellen;Gomphidae;2026-07-08;603;S;zeldzaam
191338771;191338771;Beekrombout;Gomphus vulgatissimus;2020-05-14;5;2020-05-14;2;ter plaatse;gezien;imago;Man;222343.55276305295;216234.20798374712;5.40494441986084;51.25146484375;FS6780;Neerpelt - Het Hageven - Verkeerde lievenheer;Neerpelt;Neerpelt;Limburg;copied observation;J;Goedgekeurd op basis van expertoordeel;2007-01-01;3;;25;Libellen;Gomphidae;2026-07-08;603;S;zeldzaam
191338789;191338789;Beekrombout;Gomphus vulgatissimus;2020-05-14;5;2020-05-14;5;ter plaatse;gezien;imago;Man;222512.05794376304;216115.59581959248;5.4073338508606;51.2503776550293;FS6880;Neerpelt - Het Hageven - Verkeerde lievenheer;Neerpelt;Neerpelt;Limburg;copied observation;J;Goedgekeurd op basis van expertoordeel;2007-01-01;3;;25;Libellen;Gomphidae;2026-07-08;603;S;zeldzaam
216885453;216885453;Beekrombout;Gomphus vulgatissimus;2021-06-13;6;2021-06-13;1;ter plaatse;gezien;imago;Man;207028.3998098453;213139.84676597547;5.18511581420898;51.2253723144531;FS5277;Mol - Klein Verkallen;Mol;Mol;Antwerpen;ObsMapp;J;Goedgekeurd op basis van expertoordeel;2007-01-01;3;;4;Libellen;Gomphidae;2026-07-08;603;S;zeldzaam
312993289;312993289;Beekrombout;Gomphus vulgatissimus;2024-06-04;6;2024-06-04;1;ter plaatse;gezien;imago;Man;207273.4623719266;214684.49359684624;5.188867999999957;51.239231;FS5278;Mol - Den Diel - West - Ten zuiden van beek;Mol;Mol;Antwerpen;ObsMapp;J;Goedgekeurd op basis van bewijsmateriaal;1980-01-01;3;;7;Libellen;Gomphidae;2026-07-08;603;S;zeldzaam
244748360;244748360;Beekrombout;Gomphus vulgatissimus;2022-05-10;5;2022-06-09;1;ter plaatse;onbekend;larvenhuidje;onbekend;209312.0023533713;219979.38343098012;5.2189245223999;51.2866134643555;FS5484;Postel;Mol;Mol;Antwerpen;Meetnetten.be;J;Goedgekeurd op basis van expertoordeel;2023-05-09;3;meetnetten.be: levensfase: larvenhuidje_ activiteit: ter plaatse;10;Libellen;Gomphidae;2026-07-08;603;S;zeldzaam
396832220;396832220;Beekrombout;Gomphus vulgatissimus;2026-05-07;5;2026-05-07;1;ter plaatse;gezien;imago;Vrouw;207263.40556157104;213497.26136820763;5.188536167144775;51.22856140136719;FS5277;Mol - Klein Verkallen;Mol;Mol;Antwerpen;ObsMapp;J;Goedgekeurd op basis van bewijsmateriaal;1980-01-01;3;;3;Libellen;Gomphidae;2026-07-08;603;S;zeldzaam
244748361;244748361;Beekrombout;Gomphus vulgatissimus;2022-05-10;5;2022-06-09;1;ter plaatse;onbekend;larvenhuidje;onbekend;209305.7751349479;219968.2765851887;5.21883344650269;51.2865142822266;FS5484;Postel;Mol;Mol;Antwerpen;Meetnetten.be;J;Goedgekeurd op basis van expertoordeel;2023-05-09;3;meetnetten.be: levensfase: larvenhuidje_ activiteit: ter plaatse;10;Libellen;Gomphidae;2026-07-08;603;S;zeldzaam
215870017;215870017;Beekrombout;Gomphus vulgatissimus;2021-06-04;6;2021-06-04;1;ter plaatse;gezien;imago;Man;207280.58298782812;214691.3754230421;5.18897104263306;51.2392921447754;FS5278;Mol - Den Diel - West - Ten zuiden van beek;Mol;Mol;Antwerpen;ObsMapp;J;Goedgekeurd op basis van bewijsmateriaal;2007-01-01;3;;9;Libellen;Gomphidae;2026-07-08;603;S;zeldzaam
190928033;190928033;Beekrombout;Gomphus vulgatissimus;2020-05-09;5;2020-05-09;1;ter plaatse;onbekend;imago;Man;207125.8609745416;213153.4577238597;5.186513;51.225485;FS5277;Mol - Klein Verkallen;Mol;Mol;Antwerpen;Site;J;Goedgekeurd op basis van bewijsmateriaal;1980-01-01;3;;25;Libellen;Gomphidae;2026-07-08;603;S;zeldzaam
241359074;241359074;Beekrombout;Gomphus vulgatissimus;2022-05-13;5;2022-05-13;1;ter plaatse;onbekend;imago;Vrouw;208216.7014870524;214794.4751919573;5.202391;51.240125;FS5378;Mol - Den Diel - Van Sprietputten tot Sas 2;Mol;Mol;Antwerpen;Site;J;Goedgekeurd op basis van bewijsmateriaal;1980-01-01;3;;25;Libellen;Gomphidae;2026-07-08;603;S;zeldzaam
241359032;241359032;Beekrombout;Gomphus vulgatissimus;2022-05-13;5;2022-05-13;1;ter plaatse;onbekend;imago;Man;208216.7014870524;214794.4751919573;5.202391;51.240125;FS5378;Mol - Den Diel - Van Sprietputten tot Sas 2;Mol;Mol;Antwerpen;Site;J;Goedgekeurd op basis van bewijsmateriaal;1980-01-01;3;;25;Libellen;Gomphidae;2026-07-08;603;S;zeldzaam
353950871;353950871;Beekrombout;Gomphus vulgatissimus;2025-06-01;6;2025-06-01;1;ter plaatse;onbekend;imago;Vrouw;207801.4350531128;214875.27513900865;5.196458000000007;51.240893;FS5378;Mol - Den Diel;Mol;Mol;Antwerpen;Site;J;Goedgekeurd op basis van bewijsmateriaal;1980-01-01;3;;15;Libellen;Gomphidae;2026-07-08;603;S;zeldzaam
397675446;397675446;Beekrombout;Gomphus vulgatissimus;2026-05-10;5;2026-05-10;1;ter plaatse;onbekend;imago;Man;208214.42712146248;214797.74533234444;5.202358961105347;51.24015462090256;FS5378;Mol - Den Diel - Van Sprietputten tot Sas 2;Mol;Mol;Antwerpen;Site;J;Goedgekeurd op basis van bewijsmateriaal;1980-01-01;3;;15;Libellen;Gomphidae;2026-07-08;603;S;zeldzaam
191700208;191700208;Beekrombout;Gomphus vulgatissimus;2020-05-18;5;2020-05-18;1;ter plaatse;onbekend;imago;onbekend;207244.56328011543;214685.6206191983;5.1884544;51.239244;FS5278;Mol - Den Diel - West - Ten zuiden van beek;Mol;Mol;Antwerpen;Site;J;Goedgekeurd op basis van bewijsmateriaal;1980-01-01;3;;15;Libellen;Gomphidae;2026-07-08;603;S;zeldzaam
217122719;217122719;Beekrombout;Gomphus vulgatissimus;2021-06-15;6;2021-06-15;1;ter plaatse;onbekend;imago;Man;207262.65975123396;214708.96314879227;5.1887172;51.239452;FS5278;Mol - Den Diel - West - Ten zuiden van beek;Mol;Mol;Antwerpen;Site;J;Goedgekeurd op basis van bewijsmateriaal;1980-01-01;3;;7;Libellen;Gomphidae;2026-07-08;603;S;zeldzaam
272086618;272086618;Beekrombout;Gomphus vulgatissimus;2023-05-17;5;2023-05-17;1;ter plaatse;onbekend;imago;Man;207998.6823185274;214792.36374069843;5.199268999999958;51.240128;FS5378;Mol - Den Diel - Van Sprietputten tot Sas 2;Mol;Mol;Antwerpen;Site;J;Goedgekeurd op basis van bewijsmateriaal;1980-01-01;3;;15;Libellen;Gomphidae;2026-07-08;603;S;zeldzaam
216933023;216933023;Beekrombout;Gomphus vulgatissimus;2021-06-13;6;2021-06-13;1;ter plaatse;onbekend;imago;Man;207018.1072979968;213139.73351695668;5.1849684715271;51.2253723144531;FS5277;Mol - Klein Verkallen;Mol;Mol;Antwerpen;ObsMapp;J;Goedgekeurd op basis van bewijsmateriaal;2007-01-01;3;eet koraaljuffer_ met LVV;4;Libellen;Gomphidae;2026-07-08;603;S;zeldzaam
192194037;192194037;Beekrombout;Gomphus vulgatissimus;2020-05-23;5;2020-05-23;1;ter plaatse;gezien;imago;Man;207321.1496567853;214790.05035451427;5.18956751;51.24017498;FS5278;Mol - Den Diel;Mol;Mol;Antwerpen;Site;J;Goedgekeurd op basis van expertoordeel;1980-01-01;3;;100;Libellen;Gomphidae;2026-07-08;603;S;zeldzaam
213414333;213414333;Beekrombout;Gomphus vulgatissimus;2021-05-12;5;2021-05-12;4;ter plaatse;gezien;imago, niet uitgekleurd;onbekend;209343.13326139687;220052.74428964037;5.21938276290894;51.2872695922852;FS5484;Postel - Golfbaan;Mol;Mol;Antwerpen;ObsMapp;J;Goedgekeurd op basis van bewijsmateriaal;2007-01-01;3;;8;Libellen;Gomphidae;2026-07-08;603;S;zeldzaam
213243865;213243865;Beekrombout;Gomphus vulgatissimus;2021-05-10;5;2021-05-10;1;ter plaatse;gezien;imago, niet uitgekleurd;onbekend;207191.21029250152;214678.03077597264;5.18768929;51.23918108;FS5278;Mol - Den Diel - West - Ten zuiden van beek;Mol;Mol;Antwerpen;Site;J;Goedgekeurd op basis van expertoordeel;1980-01-01;3;vloog weg van de beek naar de bomen;10;Libellen;Gomphidae;2026-07-08;603;S;zeldzaam
190627655;190627655;Beekrombout;Gomphus vulgatissimus;2020-05-06;5;2020-05-06;1;ter plaatse;gezien;imago;Man;207313.7532041445;214146.2411603676;5.18935964;51.2343893;FS5278;Molse zandputten - De Maat - Reservaat;Mol;Mol;Antwerpen;Site;J;Goedgekeurd op basis van bewijsmateriaal;1980-01-01;3;;100;Libellen;Gomphidae;2026-07-08;603;S;zeldzaam
190313837;190313837;Beekrombout;Gomphus vulgatissimus;2020-05-03;5;2020-05-03;5;ter plaatse;onbekend;imago, niet uitgekleurd;onbekend;208491.78366321896;214364.51288375724;5.20626020431519;51.2362327575684;FS5478;Molse zandputten - Zandput Rauw;Mol;Mol;Antwerpen;ObsMapp;J;Goedgekeurd op basis van bewijsmateriaal;2007-01-01;3;;25;Libellen;Gomphidae;2026-07-08;603;S;zeldzaam
308799763;308799763;Beekrombout;Gomphus vulgatissimus;2024-05-10;5;2024-05-10;1;ter plaatse;onbekend;imago;Man;207146.07467430824;213563.12362602167;5.186867000000007;51.229165;FS5277;Mol - Klein Verkallen;Mol;Mol;Antwerpen;Site;J;Goedgekeurd op basis van bewijsmateriaal;1980-01-01;3;;15;Libellen;Gomphidae;2026-07-08;603;S;zeldzaam
309224566;309224566;Beekrombout;Gomphus vulgatissimus;2024-05-12;5;2024-05-12;1;ter plaatse;onbekend;imago;Vrouw;208223.4551837481;214796.3312862115;5.202488000000017;51.240141;FS5378;Mol - Den Diel - Van Sprietputten tot Sas 2;Mol;Mol;Antwerpen;Site;J;Goedgekeurd op basis van bewijsmateriaal;1980-01-01;3;;15;Libellen;Gomphidae;2026-07-08;603;S;zeldzaam
192064069;192064069;Beekrombout;Gomphus vulgatissimus;2020-05-21;5;2020-05-22;1;ter plaatse;onbekend;imago;onbekend;207231.51832716263;214686.16444796603;5.18826770782471;51.2392501831055;FS5278;Mol - Den Diel - West - Ten zuiden van beek;Mol;Mol;Antwerpen;ObsMapp;J;Goedgekeurd op basis van expertoordeel;2007-01-01;3;;25;Libellen;Gomphidae;2026-07-08;603;S;zeldzaam
216379641;216379641;Beekrombout;Gomphus vulgatissimus;2021-05-28;5;2021-06-08;1;ter plaatse;gezien;imago, niet uitgekleurd;onbekend;209295.3963774705;219968.157673602;5.21868467330933;51.2865142822266;FS5484;Postel;Mol;Mol;Antwerpen;ObsMapp;J;Goedgekeurd op basis van bewijsmateriaal;2007-01-01;3;;8;Libellen;Gomphidae;2026-07-08;603;S;zeldzaam
275130319;275130319;Beekrombout;Gomphus vulgatissimus;2023-06-06;6;2023-06-06;1;ter plaatse;onbekend;imago;Vrouw;207696.26184371195;214799.5569887003;5.194939999999974;51.240223;FS5378;Mol - Den Diel - Ten zuiden van Sprietputten;Mol;Mol;Antwerpen;ObsMapp;J;Goedgekeurd op basis van bewijsmateriaal;1980-01-01;3;;8;Libellen;Gomphidae;2026-07-08;603;S;zeldzaam
244748362;244748362;Beekrombout;Gomphus vulgatissimus;2022-05-10;5;2022-06-09;1;ter plaatse;onbekend;larvenhuidje;onbekend;209305.7751349479;219968.2765851887;5.21883344650269;51.2865142822266;FS5484;Postel;Mol;Mol;Antwerpen;Meetnetten.be;J;Goedgekeurd op basis van expertoordeel;2023-05-09;3;meetnetten.be: levensfase: larvenhuidje_ activiteit: ter plaatse;10;Libellen;Gomphidae;2026-07-08;603;S;zeldzaam
244748363;244748363;Beekrombout;Gomphus vulgatissimus;2022-05-10;5;2022-06-09;3;ter plaatse;onbekend;larvenhuidje;onbekend;209291.6527545497;219963.87036859524;5.21863031387329;51.2864761352539;FS5484;Postel;Mol;Mol;Antwerpen;Meetnetten.be;J;Goedgekeurd op basis van expertoordeel;2023-05-09;3;meetnetten.be: levensfase: larvenhuidje_ activiteit: ter plaatse;10;Libellen;Gomphidae;2026-07-08;603;S;zeldzaam
191330735;191330735;Beekrombout;Gomphus vulgatissimus;2020-05-14;5;2020-05-14;1;ter plaatse;onbekend;imago;Vrouw;207156.82333618632;213608.3031948181;5.187028;51.22957;FS5277;Mol - Klein Verkallen;Mol;Mol;Antwerpen;Site;J;Goedgekeurd op basis van bewijsmateriaal;1980-01-01;3;;25;Libellen;Gomphidae;2026-07-08;603;S;zeldzaam
244748364;244748364;Beekrombout;Gomphus vulgatissimus;2022-05-10;5;2022-06-09;1;ter plaatse;onbekend;larvenhuidje;onbekend;209288.59797417917;219960.43984070237;5.21858596801758;51.2864456176758;FS5484;Postel;Mol;Mol;Antwerpen;Meetnetten.be;J;Goedgekeurd op basis van expertoordeel;2023-05-09;3;meetnetten.be: levensfase: larvenhuidje_ activiteit: ter plaatse;10;Libellen;Gomphidae;2026-07-08;603;S;zeldzaam
244748365;244748365;Beekrombout;Gomphus vulgatissimus;2022-05-10;5;2022-06-09;1;ter plaatse;onbekend;larvenhuidje;onbekend;209288.59797417917;219960.43984070237;5.21858596801758;51.2864456176758;FS5484;Postel;Mol;Mol;Antwerpen;Meetnetten.be;J;Goedgekeurd op basis van expertoordeel;2023-05-09;3;meetnetten.be: levensfase: larvenhuidje_ activiteit: ter plaatse;10;Libellen;Gomphidae;2026-07-08;603;S;zeldzaam
309224016;309224016;Beekrombout;Gomphus vulgatissimus;2024-05-12;5;2024-05-12;1;ter plaatse;onbekend;imago;Man;208223.4551837481;214796.3312862115;5.202488000000017;51.240141;FS5378;Mol - Den Diel - Van Sprietputten tot Sas 2;Mol;Mol;Antwerpen;Site;J;Goedgekeurd op basis van bewijsmateriaal;1980-01-01;3;;15;Libellen;Gomphidae;2026-07-08;603;S;zeldzaam
244748366;244748366;Beekrombout;Gomphus vulgatissimus;2022-05-10;5;2022-06-09;1;ter plaatse;onbekend;larvenhuidje;onbekend;209297.994143466;219956.3030626066;5.21871995925903;51.2864074707031;FS5484;Postel;Mol;Mol;Antwerpen;Meetnetten.be;J;Goedgekeurd op basis van expertoordeel;2023-05-09;3;meetnetten.be: levensfase: larvenhuidje_ activiteit: ter plaatse;10;Libellen;Gomphidae;2026-07-08;603;S;zeldzaam
309222826;309222826;Beekrombout;Gomphus vulgatissimus;2024-05-12;5;2024-05-12;1;ter plaatse;onbekend;imago;Man;208210.58370810427;214806.36656377465;5.202305316925049;51.24023249452503;FS5378;Mol - Den Diel - Van Sprietputten tot Sas 2;Mol;Mol;Antwerpen;Site;J;Goedgekeurd op basis van bewijsmateriaal;1980-01-01;3;;30;Libellen;Gomphidae;2026-07-08;603;S;zeldzaam
311696923;311696923;Beekrombout;Gomphus vulgatissimus;2024-05-25;5;2024-05-26;1;ter plaatse;onbekend;imago;Vrouw;207621.29479524985;214827.20584148727;5.193870999999945;51.240479;FS5378;Mol - Den Diel - Ten zuiden van Sprietputten;Mol;Mol;Antwerpen;iObs;J;Goedgekeurd op basis van bewijsmateriaal;1980-01-01;4;;12;Libellen;Gomphidae;2026-07-08;603;S;zeldzaam
311696863;311696863;Beekrombout;Gomphus vulgatissimus;2024-05-25;5;2024-05-26;1;ter plaatse;onbekend;imago;Man;207586.64438750155;214808.6534782201;5.19337190856581;51.24031571841512;FS5378;Mol - Den Diel - Ten zuiden van Sprietputten;Mol;Mol;Antwerpen;iObs;J;Goedgekeurd op basis van expertoordeel;1980-01-01;4;;16;Libellen;Gomphidae;2026-07-08;603;S;zeldzaam
217199095;217199095;Beekrombout;Gomphus vulgatissimus;2021-06-13;6;2021-06-16;1;ter plaatse;gezien;imago;Man;207012.0351712048;213123.49879935943;5.184879;51.225227;FS5277;Mol - Klein Verkallen;Mol;Mol;Antwerpen;iObs;J;Goedgekeurd op basis van bewijsmateriaal;2007-01-01;4;;24;Libellen;Gomphidae;2026-07-08;603;S;zeldzaam
192485090;192485090;Beekrombout;Gomphus vulgatissimus;2020-05-26;5;2020-05-26;1;ter plaatse;onbekend;imago;onbekend;207340.10229748025;214719.4994837111;5.1898277;51.239539;FS5278;Mol - Den Diel - West - Ten zuiden van beek;Mol;Mol;Antwerpen;Site;J;Goedgekeurd op basis van bewijsmateriaal;1980-01-01;3;;15;Libellen;Gomphidae;2026-07-08;603;S;zeldzaam
351807182;351807182;Beekrombout;Gomphus vulgatissimus;2025-05-21;5;2025-05-21;1;ter plaatse;onbekend;imago;Man;208214.09520425688;214796.4486319041;5.202354000000014;51.240143;FS5378;Mol - Den Diel - Van Sprietputten tot Sas 2;Mol;Mol;Antwerpen;Site;J;Goedgekeurd op basis van bewijsmateriaal;1980-01-01;3;;7;Libellen;Gomphidae;2026-07-08;603;S;zeldzaam
218734461;218734461;Beekrombout;Gomphus vulgatissimus;2021-06-29;6;2021-07-02;1;ter plaatse;onbekend;imago;onbekend;225984.21853841428;215282.4885771256;5.456883;51.242443;FS7179;Neerpelt - Holen;Neerpelt;Neerpelt;Limburg;ObsMapp;J;Goedgekeurd op basis van bewijsmateriaal;2007-01-01;3;;3;Libellen;Gomphidae;2026-07-08;603;S;zeldzaam
349761304;349761304;Beekrombout;Gomphus vulgatissimus;2025-05-11;5;2025-05-11;1;ter plaatse;onbekend;imago;Man;207290.39170455455;214689.78614981935;5.189111232757568;51.23927688598633;FS5278;Mol - Den Diel - West - Ten zuiden van beek;Mol;Mol;Antwerpen;ObsMapp;J;Goedgekeurd op basis van bewijsmateriaal;1980-01-01;3;;1;Libellen;Gomphidae;2026-07-08;603;S;zeldzaam
349761295;349761295;Beekrombout;Gomphus vulgatissimus;2025-05-11;5;2025-05-11;1;ter plaatse;onbekend;imago;Man;207378.8519201237;214716.2310020402;5.19038200378418;51.239505767822266;FS5278;Mol - Den Diel - West - Ten zuiden van beek;Mol;Mol;Antwerpen;ObsMapp;J;Goedgekeurd op basis van bewijsmateriaal;1980-01-01;3;;2;Libellen;Gomphidae;2026-07-08;603;S;zeldzaam
349761205;349761205;Beekrombout;Gomphus vulgatissimus;2025-05-11;5;2025-05-11;1;ter plaatse;onbekend;imago;Man;208222.2549577224;214802.03817509397;5.202471733093262;51.24019241333008;FS5378;Mol - Den Diel - Van Sprietputten tot Sas 2;Mol;Mol;Antwerpen;ObsMapp;J;Goedgekeurd op basis van bewijsmateriaal;1980-01-01;3;;4;Libellen;Gomphidae;2026-07-08;603;S;zeldzaam
244748367;244748367;Beekrombout;Gomphus vulgatissimus;2022-05-10;5;2022-06-09;1;ter plaatse;onbekend;larvenhuidje;onbekend;209289.25432156023;219958.3251498686;5.21859502792358;51.2864265441895;FS5484;Postel;Mol;Mol;Antwerpen;Meetnetten.be;J;Goedgekeurd op basis van expertoordeel;2023-05-09;3;meetnetten.be: levensfase: larvenhuidje_ activiteit: ter plaatse;10;Libellen;Gomphidae;2026-07-08;603;S;zeldzaam
274789216;274789216;Beekrombout;Gomphus vulgatissimus;2023-06-03;6;2023-06-04;1;ter plaatse;onbekend;imago;onbekend;207222.9332945904;214694.55825630203;5.188146114349365;51.23932647705078;FS5278;Mol - Den Diel - West - Ten zuiden van beek;Mol;Mol;Antwerpen;ObsMapp;J;Goedgekeurd op basis van expertoordeel;1980-01-01;3;;3;Libellen;Gomphidae;2026-07-08;603;S;zeldzaam
351827066;351827066;Beekrombout;Gomphus vulgatissimus;2025-05-15;5;2025-05-21;1;ter plaatse;gezien;imago;Vrouw;228822.0062730352;218631.28065772075;5.498245;51.27215833333333;FS7483;Warmbeekvallei - Grevenbroek (LiLa);Hamont-Achel;Achel;Limburg;Observation;J;Goedgekeurd op basis van bewijsmateriaal;1980-01-01;3;;5;Libellen;Gomphidae;2026-07-08;603;S;zeldzaam
244748368;244748368;Beekrombout;Gomphus vulgatissimus;2022-05-10;5;2022-06-09;1;ter plaatse;onbekend;larvenhuidje;onbekend;209328.34821170024;220039.4170883764;5.2191686630249;51.2871513366699;FS5484;Postel - Golfbaan;Mol;Mol;Antwerpen;Meetnetten.be;J;Goedgekeurd op basis van expertoordeel;2023-05-09;3;meetnetten.be: levensfase: larvenhuidje_ activiteit: ter plaatse;10;Libellen;Gomphidae;2026-07-08;603;S;zeldzaam
244748369;244748369;Beekrombout;Gomphus vulgatissimus;2022-05-10;5;2022-06-09;1;ter plaatse;onbekend;larvenhuidje;onbekend;209324.3515724565;220039.79571955465;5.21911144256592;51.2871551513672;FS5484;Postel - Golfbaan;Mol;Mol;Antwerpen;Meetnetten.be;J;Goedgekeurd op basis van expertoordeel;2023-05-09;3;meetnetten.be: levensfase: larvenhuidje_ activiteit: ter plaatse;10;Libellen;Gomphidae;2026-07-08;603;S;zeldzaam
349918013;349918013;Beekrombout;Gomphus vulgatissimus;2025-05-11;5;2025-05-12;1;ter plaatse;gezien;imago;Man;208218.7588726566;214793.0857981676;5.202420234680176;51.2401123046875;FS5378;Mol - Den Diel - Van Sprietputten tot Sas 2;Mol;Mol;Antwerpen;ObsMapp;J;Goedgekeurd op basis van bewijsmateriaal;1980-01-01;4;;1;Libellen;Gomphidae;2026-07-08;603;S;zeldzaam
349918019;349918019;Beekrombout;Gomphus vulgatissimus;2025-05-11;5;2025-05-12;1;ter plaatse;gezien;imago;Man;207368.64363668;214717.81568342357;5.1902360916137695;51.23952102661133;FS5278;Mol - Den Diel - West - Ten zuiden van beek;Mol;Mol;Antwerpen;ObsMapp;J;Goedgekeurd op basis van bewijsmateriaal;1980-01-01;4;;1;Libellen;Gomphidae;2026-07-08;603;S;zeldzaam
349918020;349918020;Beekrombout;Gomphus vulgatissimus;2025-05-11;5;2025-05-12;1;ter plaatse;gezien;imago;Man;207272.156464386;214679.39817538112;5.188848495483398;51.23918533325195;FS5278;Mol - Den Diel - West - Ten zuiden van beek;Mol;Mol;Antwerpen;ObsMapp;J;Goedgekeurd op basis van bewijsmateriaal;1980-01-01;4;;1;Libellen;Gomphidae;2026-07-08;603;S;zeldzaam
347452866;347452866;Beekrombout;Gomphus vulgatissimus;2025-04-29;4;2025-04-30;1;ter plaatse;gezien;imago, niet uitgekleurd;onbekend;228204.6300670377;221073.1981807537;5.489928244496696;51.294188309441445;FS7385;Achel - Achelse Kluis NW;Hamont-Achel;Achel;Limburg;Site;J;Goedgekeurd op basis van expertoordeel;1980-01-01;3;;30;Libellen;Gomphidae;2026-07-08;603;S;zeldzaam
312210220;312210220;Beekrombout;Gomphus vulgatissimus;2024-05-30;5;2024-05-30;1;ter plaatse;gezien;larvenhuidje;onbekend;209307.8124910322;219973.39323267527;5.218863487243652;51.28656005859375;FS5484;Postel;Mol;Mol;Antwerpen;Observation;J;Goedgekeurd op basis van expertoordeel;1980-01-01;3;;5;Libellen;Gomphidae;2026-07-08;603;S;zeldzaam
312210217;312210217;Beekrombout;Gomphus vulgatissimus;2024-05-30;5;2024-05-30;1;ter plaatse;gezien;larvenhuidje;onbekend;209317.14968973832;219994.72232825492;5.219000816345215;51.28675079345703;FS5484;Postel;Mol;Mol;Antwerpen;Observation;J;Goedgekeurd op basis van expertoordeel;1980-01-01;3;;5;Libellen;Gomphidae;2026-07-08;603;S;zeldzaam
312210215;312210215;Beekrombout;Gomphus vulgatissimus;2024-05-30;5;2024-05-30;1;ter plaatse;gezien;larvenhuidje;onbekend;209318.81624433564;220000.2591732163;5.219025611877441;51.28680038452149;FS5484;Postel;Mol;Mol;Antwerpen;Observation;J;Goedgekeurd op basis van expertoordeel;1980-01-01;3;;5;Libellen;Gomphidae;2026-07-08;603;S;zeldzaam
312210208;312210208;Beekrombout;Gomphus vulgatissimus;2024-05-30;5;2024-05-30;2;ter plaatse;gezien;larvenhuidje;onbekend;229020.6377666217;216469.7041393919;5.5006184577941895;51.25270462036133;FS7480;Achel - Warande;Hamont-Achel;Achel;Limburg;Observation;J;Goedgekeurd op basis van expertoordeel;1980-01-01;3;;5;Libellen;Gomphidae;2026-07-08;603;S;zeldzaam
311449804;311449804;Beekrombout;Gomphus vulgatissimus;2024-05-25;5;2024-05-25;1;ter plaatse;gezien;imago;Man;207596.67958347613;214828.77908589784;5.193518799722223;51.2404956;FS5378;Mol - Den Diel - Ten zuiden van Sprietputten;Mol;Mol;Antwerpen;ObsMapp;J;Goedgekeurd op basis van bewijsmateriaal;1980-01-01;3;;999;Libellen;Gomphidae;2026-07-08;603;S;zeldzaam
311449755;311449755;Beekrombout;Gomphus vulgatissimus;2024-05-25;5;2024-05-25;1;ter plaatse;gezien;imago;Vrouw;207627.6287805063;214832.74001975544;5.193962574005127;51.24052810668945;FS5378;Mol - Den Diel - Ten zuiden van Sprietputten;Mol;Mol;Antwerpen;ObsMapp;J;Goedgekeurd op basis van expertoordeel;1980-01-01;3;;3;Libellen;Gomphidae;2026-07-08;603;S;zeldzaam
311444137;311444137;Beekrombout;Gomphus vulgatissimus;2024-05-25;5;2024-05-25;1;ter plaatse;onbekend;imago;onbekend;207650.13229026325;214852.8944802219;5.194288000000029;51.240707;FS5378;Mol - Den Diel;Mol;Mol;Antwerpen;ObsMapp;J;Goedgekeurd op basis van bewijsmateriaal;1980-01-01;3;;1;Libellen;Gomphidae;2026-07-08;603;S;zeldzaam
311444231;311444231;Beekrombout;Gomphus vulgatissimus;2024-05-25;5;2024-05-25;1;ter plaatse;onbekend;imago;onbekend;207579.5797177032;214835.1768091125;5.193274974822998;51.24055480957031;FS5378;Mol - Den Diel - Ten zuiden van Sprietputten;Mol;Mol;Antwerpen;ObsMapp;J;Goedgekeurd op basis van expertoordeel;1980-01-01;3;;1;Libellen;Gomphidae;2026-07-08;603;S;zeldzaam
241447377;241447377;Beekrombout;Gomphus vulgatissimus;2022-05-14;5;2022-05-14;2;ter plaatse;gezien;imago;Man;207276.12851644575;214708.72817570623;5.18891001;51.23944855;FS5278;Mol - Den Diel - West - Ten zuiden van beek;Mol;Mol;Antwerpen;ObsMapp;J;Goedgekeurd op basis van bewijsmateriaal;2007-01-01;3;;3;Libellen;Gomphidae;2026-07-08;603;S;zeldzaam
349882115;349882115;Beekrombout;Gomphus vulgatissimus;2025-05-11;5;2025-05-11;1;ter plaatse;gezien;imago;Man;207255.61953377796;214702.1673648888;5.188615322113037;51.2393916203504;FS5278;Mol - Den Diel - West - Ten zuiden van beek;Mol;Mol;Antwerpen;copied observation;J;Goedgekeurd op basis van bewijsmateriaal;1980-01-01;3;;15;Libellen;Gomphidae;2026-07-08;603;S;zeldzaam
350070179;350070179;Beekrombout;Gomphus vulgatissimus;2025-05-11;5;2025-05-12;1;ter plaatse;gezien;imago;Man;207403.71846871503;214726.2264962317;5.190739631652832;51.23959312929136;FS5278;Mol - Den Diel - West - Ten zuiden van beek;Mol;Mol;Antwerpen;Site;J;Goedgekeurd op basis van bewijsmateriaal;1980-01-01;3;;7;Libellen;Gomphidae;2026-07-08;603;S;zeldzaam
314573681;314573681;Beekrombout;Gomphus vulgatissimus;2024-05-25;5;2024-06-15;1;ter plaatse;onbekend;imago;onbekend;207588.39996602337;214834.12774601855;5.1934011;51.24054449972223;FS5378;Mol - Den Diel - Ten zuiden van Sprietputten;Mol;Mol;Antwerpen;ObsMapp;J;Goedgekeurd op basis van bewijsmateriaal;2024-06-25;3;;999;Libellen;Gomphidae;2026-07-08;603;S;zeldzaam
244748370;244748370;Beekrombout;Gomphus vulgatissimus;2022-05-10;5;2022-06-09;1;ter plaatse;onbekend;larvenhuidje;onbekend;209324.3515724565;220039.79571955465;5.21911144256592;51.2871551513672;FS5484;Postel - Golfbaan;Mol;Mol;Antwerpen;Meetnetten.be;J;Goedgekeurd op basis van expertoordeel;2023-05-09;3;meetnetten.be: levensfase: larvenhuidje_ activiteit: ter plaatse;10;Libellen;Gomphidae;2026-07-08;603;S;zeldzaam
244316404;244316404;Beekrombout;Gomphus vulgatissimus;2022-06-02;6;2022-06-05;1;ter plaatse;onbekend;imago;Man;207278.6609355867;214707.0260443464;5.188946;51.239433;FS5278;Mol - Den Diel - West - Ten zuiden van beek;Mol;Mol;Antwerpen;copied observation;J;Goedgekeurd op basis van bewijsmateriaal;2007-01-01;3;;5;Libellen;Gomphidae;2026-07-08;603;S;zeldzaam
272691091;272691091;Beekrombout;Gomphus vulgatissimus;2023-05-21;5;2023-05-21;1;ter plaatse;onbekend;imago;onbekend;207288.78305009223;214707.47174743377;5.189090999999962;51.239436;FS5278;Mol - Den Diel - West - Ten zuiden van beek;Mol;Mol;Antwerpen;iObs;J;Goedgekeurd op basis van bewijsmateriaal;1980-01-01;3;;15;Libellen;Gomphidae;2026-07-08;603;S;zeldzaam
191381435;191381435;Beekrombout;Gomphus vulgatissimus;2020-05-15;5;2020-05-15;1;ter plaatse;gezien;imago;onbekend;223085.2495495613;216123.1326950118;5.415544;51.250373;FS6880;Neerpelt - Het Hageven;Neerpelt;Neerpelt;Limburg;Site;J;Goedgekeurd op basis van bewijsmateriaal;1980-01-01;3;;25;Libellen;Gomphidae;2026-07-08;603;S;zeldzaam
349120871;349120871;Beekrombout;Gomphus vulgatissimus;2025-05-07;5;2025-05-08;1;ter plaatse;gezien;larve/nimf;onbekend;228798.39026953847;218587.04383559804;5.497896999999966;51.271764;FS7483;Warmbeekvallei - Grevenbroek (LiLa);Hamont-Achel;Achel;Limburg;Site;J;Goedgekeurd op basis van bewijsmateriaal;1980-01-01;3;Levend dier op weg om te gaan vervellen;50;Libellen;Gomphidae;2026-07-08;603;S;zeldzaam
349123184;349123184;Beekrombout;Gomphus vulgatissimus;2025-05-07;5;2025-05-08;1;ter plaatse;gezien;imago;Man;229046.80771293124;216531.91016289964;5.501006841659546;51.25326009178311;FS7480;Achel - Warande;Hamont-Achel;Achel;Limburg;Site;J;Goedgekeurd op basis van bewijsmateriaal;1980-01-01;3;Hannes Ledegen sessie 2025-05-07 15:18 tot 15:46 samen met Hilde_ Dirk en Chris___aantal 1;50;Libellen;Gomphidae;2026-07-08;603;S;zeldzaam
400388224;400388224;Beekrombout;Gomphus vulgatissimus;2026-05-23;5;2026-05-24;1;ter plaatse;gezien;imago;Vrouw;207286.03756559163;214686.1865141103;5.189048320098664;51.23924496599785;FS5278;Mol - Den Diel - West - Ten zuiden van beek;Mol;Mol;Antwerpen;Site;J;Goedgekeurd op basis van bewijsmateriaal;1980-01-01;3;;5;Libellen;Gomphidae;2026-07-08;603;S;zeldzaam
311583548;311583548;Beekrombout;Gomphus vulgatissimus;2024-05-25;5;2024-05-26;1;ter plaatse;gezien;imago;Vrouw;207641.4115399206;214845.78791491315;5.194162000000006;51.240644;FS5378;Mol - Den Diel;Mol;Mol;Antwerpen;Site;J;Goedgekeurd op basis van bewijsmateriaal;1980-01-01;3;prooi : Geringde roofwants - Rhynocoris annulatus;25;Libellen;Gomphidae;2026-07-08;603;S;zeldzaam
349123439;349123439;Beekrombout;Gomphus vulgatissimus;2025-05-07;5;2025-05-08;1;ter plaatse;gezien;larvenhuidje;onbekend;229046.8189222475;216531.9001213247;5.501006999999959;51.25326;FS7480;Achel - Warande;Hamont-Achel;Achel;Limburg;Site;J;Goedgekeurd op basis van expertoordeel;1980-01-01;3;Hannes Ledegen sessie 2025-05-07 15:18 tot 15:46 samen met Hilde_ Dirk en Chris___aantal >=18;50;Libellen;Gomphidae;2026-07-08;603;S;zeldzaam
349117936;349117936;Beekrombout;Gomphus vulgatissimus;2025-05-07;5;2025-05-08;1;ter plaatse;gezien;imago, niet uitgekleurd;Vrouw;209321.4922109398;220000.46958869416;5.219064000000003;51.286802;FS5484;Postel;Mol;Mol;Antwerpen;Site;J;Goedgekeurd op basis van bewijsmateriaal;1980-01-01;3;Hannes Ledegen sessie 2025-05-07 10:52 tot 12:23 samen met Hilde_ Dirk en Chris_ __aantal >=5;50;Libellen;Gomphidae;2026-07-08;603;S;zeldzaam
349120245;349120245;Beekrombout;Gomphus vulgatissimus;2025-05-07;5;2025-05-08;1;ter plaatse;gezien;imago, niet uitgekleurd;Man;228798.39026953847;218587.04383559804;5.497896999999966;51.271764;FS7483;Warmbeekvallei - Grevenbroek (LiLa);Hamont-Achel;Achel;Limburg;Site;J;Goedgekeurd op basis van bewijsmateriaal;1980-01-01;3;Hannes Ledegen sessie 2025-05-07 13:58 tot 14:53 samen met Hilde_ Dirk en Chris___aantal >=2;50;Libellen;Gomphidae;2026-07-08;603;S;zeldzaam
349120490;349120490;Beekrombout;Gomphus vulgatissimus;2025-05-07;5;2025-05-08;1;ter plaatse;gezien;larvenhuidje;onbekend;228798.39026953847;218587.04383559804;5.497896999999966;51.271764;FS7483;Warmbeekvallei - Grevenbroek (LiLa);Hamont-Achel;Achel;Limburg;Site;J;Goedgekeurd op basis van expertoordeel;1980-01-01;3;Hannes Ledegen sessie 2025-05-07 13:58 tot 14:53 samen met Hilde_ Dirk en Chris___aantal >=45;50;Libellen;Gomphidae;2026-07-08;603;S;zeldzaam
349117600;349117600;Beekrombout;Gomphus vulgatissimus;2025-05-07;5;2025-05-08;1;ter plaatse;onbekend;larvenhuidje;onbekend;209321.4922109398;220000.46958869416;5.219064000000003;51.286802;FS5484;Postel;Mol;Mol;Antwerpen;Site;J;Goedgekeurd op basis van bewijsmateriaal;1980-01-01;3;Hannes Ledegen sessie 2025-05-07 10:52 tot 12:23 samen met Hilde_ Dirk en Chris_ __aantal >35;50;Libellen;Gomphidae;2026-07-08;603;S;zeldzaam
274227973;274227973;Beekrombout;Gomphus vulgatissimus;2023-05-31;5;2023-05-31;1;ter plaatse;onbekend;imago;Man;207286.05028018545;214695.64773010835;5.189049999999952;51.23933;FS5278;Mol - Den Diel - West - Ten zuiden van beek;Mol;Mol;Antwerpen;ObsMapp;J;Goedgekeurd op basis van bewijsmateriaal;1980-01-01;3;;3;Libellen;Gomphidae;2026-07-08;603;S;zeldzaam
311484657;311484657;Beekrombout;Gomphus vulgatissimus;2024-05-25;5;2024-05-25;1;ter plaatse;onbekend;imago;Vrouw;207628.0955074808;214837.4063615296;5.193970000000036;51.24057;FS5378;Mol - Den Diel - Ten zuiden van Sprietputten;Mol;Mol;Antwerpen;ObsMapp;J;Goedgekeurd op basis van bewijsmateriaal;1980-01-01;3;;3;Libellen;Gomphidae;2026-07-08;603;S;zeldzaam
349380226;349380226;Beekrombout;Gomphus vulgatissimus;2025-05-09;5;2025-05-09;1;ter plaatse;gezien;imago;onbekend;207264.9089878751;213614.4206892727;5.1885762214660645;51.2296142578125;FS5277;Mol - Klein Verkallen;Mol;Mol;Antwerpen;ObsMapp;J;Goedgekeurd op basis van bewijsmateriaal;1980-01-01;3;;8;Libellen;Gomphidae;2026-07-08;603;S;zeldzaam
397432099;397432099;Beekrombout;Gomphus vulgatissimus;2026-05-09;5;2026-05-09;1;ter plaatse;gezien;imago, niet uitgekleurd;Man;209045.06219872856;219778.85975670908;5.215065803859034;51.28483867498903;FS5483;Postel;Mol;Mol;Antwerpen;Site;J;Goedgekeurd op basis van bewijsmateriaal;1980-01-01;3;;7;Libellen;Gomphidae;2026-07-08;603;S;zeldzaam
397432360;397432360;Beekrombout;Gomphus vulgatissimus;2026-05-09;5;2026-05-09;1;ter plaatse;onbekend;imago, niet uitgekleurd;Vrouw;209051.84124248716;219775.20396912657;5.21516236338357;51.28480512326991;FS5483;Postel;Mol;Mol;Antwerpen;Site;J;Goedgekeurd op basis van bewijsmateriaal;1980-01-01;3;;7;Libellen;Gomphidae;2026-07-08;603;S;zeldzaam
397258159;397258159;Beekrombout;Gomphus vulgatissimus;2026-05-09;5;2026-05-09;2;ter plaatse;gezien;imago, niet uitgekleurd;onbekend;209060.1254852954;219776.91715087555;5.215281373261178;51.28481967111293;FS5483;Postel;Mol;Mol;Antwerpen;Site;J;Goedgekeurd op basis van expertoordeel;1980-01-01;3;;7;Libellen;Gomphidae;2026-07-08;603;S;zeldzaam
244284208;244284208;Beekrombout;Gomphus vulgatissimus;2022-06-04;6;2022-06-05;1;ter plaatse;gezien;imago;Man;207281.9202760381;214696.4921642533;5.188991;51.239338;FS5278;Mol - Den Diel - West - Ten zuiden van beek;Mol;Mol;Antwerpen;Site;J;Goedgekeurd op basis van bewijsmateriaal;1980-01-01;4;;25;Libellen;Gomphidae;2026-07-08;603;S;zeldzaam
311568508;311568508;Beekrombout;Gomphus vulgatissimus;2024-05-25;5;2024-05-26;1;ter plaatse;onbekend;imago;Vrouw;207640.9365366065;214831.9860919965;5.194153000000028;51.24052;FS5378;Mol - Den Diel - Ten zuiden van Sprietputten;Mol;Mol;Antwerpen;copied observation;J;Goedgekeurd op basis van bewijsmateriaal;1980-01-01;4;;14;Libellen;Gomphidae;2026-07-08;603;S;zeldzaam
242602702;242602702;Beekrombout;Gomphus vulgatissimus;2022-05-22;5;2022-05-23;1;ter plaatse;onbekend;imago;Vrouw;240355.66400649352;202773.0126928808;5.659534243614314;51.12794536973679;FS8667;  ;Bree;Tongerlo;Limburg;iObs;J;Goedgekeurd op basis van bewijsmateriaal;2007-01-01;3;;71;Libellen;Gomphidae;2026-07-08;603;S;zeldzaam
350062125;350062125;Beekrombout;Gomphus vulgatissimus;2025-05-11;5;2025-05-12;1;ter plaatse;gezien;imago;Man;207250.31946526413;214680.4548967909;5.188535999999999;51.239197;FS5278;Mol - Den Diel - West - Ten zuiden van beek;Mol;Mol;Antwerpen;Site;J;Goedgekeurd op basis van bewijsmateriaal;1980-01-01;4;;999;Libellen;Gomphidae;2026-07-08;603;S;zeldzaam
403790900;403790900;Beekrombout;Gomphus vulgatissimus;2026-06-07;6;2026-06-08;1;foeragerend;gezien;imago;Vrouw;209081.1174673877;218629.08792734143;5.215394496917725;51.27450129849921;FS5482;Postel;Mol;Mol;Antwerpen;iObs;J;Goedgekeurd op basis van bewijsmateriaal;1980-01-01;3;met een vrouwtje Weidebeekjuffer als prooi;7;Libellen;Gomphidae;2026-07-08;603;S;zeldzaam
246004689;246004689;Beekrombout;Gomphus vulgatissimus;2022-06-18;6;2022-06-19;1;ter plaatse;onbekend;onbekend;onbekend;228437.72169311452;219692.2543360693;5.49296951293945;51.2817459106445;FS7384;Hamont-Achel - Beverbeek KULeuven;Hamont-Achel;Achel;Limburg;ObsMapp;J;Goedgekeurd op basis van expertoordeel;2007-01-01;3;;12;Libellen;Gomphidae;2026-07-08;603;S;zeldzaam
192949335;192949335;Beekrombout;Gomphus vulgatissimus;2020-05-31;5;2020-06-01;1;ter plaatse;onbekend;imago;Man;227937.58454641857;221392.7384046996;5.48616934;51.29709625;FS7385;  ;Hamont-Achel;Achel;Limburg;ObsMapp;J;Goedgekeurd op basis van expertoordeel;2007-01-01;3;;25;Libellen;Gomphidae;2026-07-08;603;S;zeldzaam
192949329;192949329;Beekrombout;Gomphus vulgatissimus;2020-05-31;5;2020-06-01;1;ter plaatse;onbekend;onbekend;Man;228216.6609948075;220825.1960086292;5.49004697799683;51.2919578552246;FS7385;Achel - Achelse Kluis NW;Hamont-Achel;Achel;Limburg;ObsMapp;J;Goedgekeurd op basis van expertoordeel;2007-01-01;3;;25;Libellen;Gomphidae;2026-07-08;603;S;zeldzaam
311476526;311476526;Beekrombout;Gomphus vulgatissimus;2024-05-25;5;2024-05-25;1;ter plaatse;gezien;imago;Man;207587.42381665832;214832.72614662163;5.1933869;51.240532;FS5378;Mol - Den Diel - Ten zuiden van Sprietputten;Mol;Mol;Antwerpen;ObsMapp;J;Goedgekeurd op basis van bewijsmateriaal;1980-01-01;3;;999;Libellen;Gomphidae;2026-07-08;603;S;zeldzaam
193188852;193188852;Beekrombout;Gomphus vulgatissimus;2020-06-01;6;2020-06-03;1;ter plaatse;onbekend;imago;Vrouw;207681.0167169017;214857.80000062476;5.194731;51.240748;FS5378;Mol - Den Diel;Mol;Mol;Antwerpen;Site;J;Goedgekeurd op basis van bewijsmateriaal;1980-01-01;4;;25;Libellen;Gomphidae;2026-07-08;603;S;zeldzaam
192835942;192835942;Beekrombout;Gomphus vulgatissimus;2020-05-30;5;2020-05-30;1;ter plaatse;gezien;imago;Man;207267.2759331168;214700.78076397628;5.188782;51.239378;FS5278;Mol - Den Diel - West - Ten zuiden van beek;Mol;Mol;Antwerpen;Site;J;Goedgekeurd op basis van bewijsmateriaal;1980-01-01;3;;25;Libellen;Gomphidae;2026-07-08;603;S;zeldzaam
192770150;192770150;Beekrombout;Gomphus vulgatissimus;2020-05-29;5;2020-05-30;1;ter plaatse;gezien;imago;Man;209039.66705761908;209238.03662100527;5.2132688;51.190101;FS5473;Balen/Mol - Wezel;Mol;Mol;Antwerpen;Site;J;Goedgekeurd op basis van bewijsmateriaal;1980-01-01;3;;5;Libellen;Gomphidae;2026-07-08;603;S;zeldzaam
192408407;192408407;Beekrombout;Gomphus vulgatissimus;2020-05-25;5;2020-05-25;1;ter plaatse;gezien;imago;Man;209049.5242109389;209245.49203224108;5.213411;51.190167;FS5473;Balen/Mol - Wezel;Mol;Mol;Antwerpen;Site;J;Goedgekeurd op basis van bewijsmateriaal;1980-01-01;3;;5;Libellen;Gomphidae;2026-07-08;603;S;zeldzaam
192688017;192688017;Beekrombout;Gomphus vulgatissimus;2020-05-28;5;2020-05-29;1;ter plaatse;gezien;larvenhuidje;onbekend;209300.76411931397;219958.45700737927;5.21876001358032;51.2864265441895;FS5484;Postel;Mol;Mol;Antwerpen;ObsMapp;J;Goedgekeurd op basis van expertoordeel;2007-01-01;3;;25;Libellen;Gomphidae;2026-07-08;603;S;zeldzaam
271295098;271295098;Beekrombout;Gomphus vulgatissimus;2023-05-11;5;2023-05-11;4;ter plaatse;gezien;larvenhuidje;onbekend;209328.45616001435;220044.5116299782;5.219171047210693;51.28719711303711;FS5484;Postel - Golfbaan;Mol;Mol;Antwerpen;ObsMapp;J;Goedgekeurd op basis van expertoordeel;1980-01-01;3;;4;Libellen;Gomphidae;2026-07-08;603;S;zeldzaam
271295096;271295096;Beekrombout;Gomphus vulgatissimus;2023-05-11;5;2023-05-11;1;ter plaatse;gezien;imago, niet uitgekleurd;Man;209314.6267821389;220029.0732137449;5.21897029876709;51.28705978393555;FS5484;Postel - Golfbaan;Mol;Mol;Antwerpen;ObsMapp;J;Goedgekeurd op basis van expertoordeel;1980-01-01;3;;4;Libellen;Gomphidae;2026-07-08;603;S;zeldzaam
271295093;271295093;Beekrombout;Gomphus vulgatissimus;2023-05-11;5;2023-05-11;6;ter plaatse;gezien;larvenhuidje;onbekend;209331.7023011694;220042.85107263085;5.219217300415039;51.28718185424805;FS5484;Postel - Golfbaan;Mol;Mol;Antwerpen;ObsMapp;J;Goedgekeurd op basis van expertoordeel;1980-01-01;3;;4;Libellen;Gomphidae;2026-07-08;603;S;zeldzaam
271295089;271295089;Beekrombout;Gomphus vulgatissimus;2023-05-11;5;2023-05-11;5;ter plaatse;gezien;imago;onbekend;209330.42364555143;220044.10974113923;5.219199180603027;51.28719329833984;FS5484;Postel - Golfbaan;Mol;Mol;Antwerpen;ObsMapp;J;Goedgekeurd op basis van expertoordeel;1980-01-01;3;;3;Libellen;Gomphidae;2026-07-08;603;S;zeldzaam
271295086;271295086;Beekrombout;Gomphus vulgatissimus;2023-05-11;5;2023-05-11;1;ter plaatse;gezien;imago, niet uitgekleurd;Man;209329.69747392827;220040.70588082637;5.219188213348389;51.28716278076172;FS5484;Postel - Golfbaan;Mol;Mol;Antwerpen;ObsMapp;J;Goedgekeurd op basis van expertoordeel;1980-01-01;3;;3;Libellen;Gomphidae;2026-07-08;603;S;zeldzaam
271295080;271295080;Beekrombout;Gomphus vulgatissimus;2023-05-11;5;2023-05-11;2;ter plaatse;gezien;larvenhuidje;onbekend;209330.76681179897;220040.29369672388;5.219203472137451;51.28715896606445;FS5484;Postel - Golfbaan;Mol;Mol;Antwerpen;ObsMapp;J;Goedgekeurd op basis van expertoordeel;1980-01-01;3;;3;Libellen;Gomphidae;2026-07-08;603;S;zeldzaam
271295077;271295077;Beekrombout;Gomphus vulgatissimus;2023-05-11;5;2023-05-11;2;ter plaatse;gezien;larvenhuidje;onbekend;209331.5748964242;220039.4540759856;5.219214916229248;51.28715133666992;FS5484;Postel - Golfbaan;Mol;Mol;Antwerpen;ObsMapp;J;Goedgekeurd op basis van expertoordeel;1980-01-01;3;;3;Libellen;Gomphidae;2026-07-08;603;S;zeldzaam
271295076;271295076;Beekrombout;Gomphus vulgatissimus;2023-05-11;5;2023-05-11;1;ter plaatse;gezien;larvenhuidje;onbekend;209332.1258030668;220040.7337173056;5.2192230224609375;51.28716278076172;FS5484;Postel - Golfbaan;Mol;Mol;Antwerpen;ObsMapp;J;Goedgekeurd op basis van expertoordeel;1980-01-01;3;;3;Libellen;Gomphidae;2026-07-08;603;S;zeldzaam
271295074;271295074;Beekrombout;Gomphus vulgatissimus;2023-05-11;5;2023-05-11;1;ter plaatse;gezien;larvenhuidje;onbekend;209331.584626199;220038.60530348867;5.219214916229248;51.28714370727539;FS5484;Postel - Golfbaan;Mol;Mol;Antwerpen;ObsMapp;J;Goedgekeurd op basis van expertoordeel;1980-01-01;3;;3;Libellen;Gomphidae;2026-07-08;603;S;zeldzaam
271295072;271295072;Beekrombout;Gomphus vulgatissimus;2023-05-11;5;2023-05-11;1;ter plaatse;gezien;larvenhuidje;onbekend;209331.52703697907;220040.72685340975;5.21921443939209;51.28716278076172;FS5484;Postel - Golfbaan;Mol;Mol;Antwerpen;ObsMapp;J;Goedgekeurd op basis van expertoordeel;1980-01-01;3;;3;Libellen;Gomphidae;2026-07-08;603;S;zeldzaam
271295068;271295068;Beekrombout;Gomphus vulgatissimus;2023-05-11;5;2023-05-11;1;ter plaatse;gezien;imago, niet uitgekleurd;Man;209330.92984894768;220034.77781948447;5.219204902648926;51.287109375;FS5484;Postel - Golfbaan;Mol;Mol;Antwerpen;ObsMapp;J;Goedgekeurd op basis van expertoordeel;1980-01-01;3;;3;Libellen;Gomphidae;2026-07-08;603;S;zeldzaam
271295067;271295067;Beekrombout;Gomphus vulgatissimus;2023-05-11;5;2023-05-11;1;ter plaatse;gezien;larvenhuidje;onbekend;209330.07390461492;220036.8902177308;5.219192981719971;51.28712844848633;FS5484;Postel - Golfbaan;Mol;Mol;Antwerpen;ObsMapp;J;Goedgekeurd op basis van expertoordeel;1980-01-01;3;;3;Libellen;Gomphidae;2026-07-08;603;S;zeldzaam
271295062;271295062;Beekrombout;Gomphus vulgatissimus;2023-05-11;5;2023-05-11;1;ter plaatse;gezien;imago, niet uitgekleurd;Man;209327.6113794141;220022.43096233625;5.219155311584473;51.2869987487793;FS5484;Postel - Golfbaan;Mol;Mol;Antwerpen;ObsMapp;J;Goedgekeurd op basis van expertoordeel;1980-01-01;3;;3;Libellen;Gomphidae;2026-07-08;603;S;zeldzaam
271295060;271295060;Beekrombout;Gomphus vulgatissimus;2023-05-11;5;2023-05-11;2;ter plaatse;gezien;larvenhuidje;onbekend;209327.69250287017;220021.15856626164;5.219156265258789;51.2869873046875;FS5484;Postel - Golfbaan;Mol;Mol;Antwerpen;ObsMapp;J;Goedgekeurd op basis van expertoordeel;1980-01-01;3;;3;Libellen;Gomphidae;2026-07-08;603;S;zeldzaam
271295051;271295051;Beekrombout;Gomphus vulgatissimus;2023-05-11;5;2023-05-11;1;ter plaatse;gezien;larvenhuidje;onbekend;209330.09322931909;220017.7905494161;5.2191901206970215;51.286956787109375;FS5484;Postel - Golfbaan;Mol;Mol;Antwerpen;ObsMapp;J;Goedgekeurd op basis van expertoordeel;1980-01-01;3;;3;Libellen;Gomphidae;2026-07-08;603;S;zeldzaam
271295047;271295047;Beekrombout;Gomphus vulgatissimus;2023-05-11;5;2023-05-11;1;ter plaatse;gezien;larvenhuidje;onbekend;209329.87983371428;220016.09033534303;5.219186782836914;51.28694152832031;FS5484;Postel - Golfbaan;Mol;Mol;Antwerpen;ObsMapp;J;Goedgekeurd op basis van expertoordeel;1980-01-01;3;;3;Libellen;Gomphidae;2026-07-08;603;S;zeldzaam
271295043;271295043;Beekrombout;Gomphus vulgatissimus;2023-05-11;5;2023-05-11;1;ter plaatse;gezien;larvenhuidje;onbekend;209329.495248504;220014.8126009386;5.219181060791016;51.28693008422852;FS5484;Postel - Golfbaan;Mol;Mol;Antwerpen;ObsMapp;J;Goedgekeurd op basis van expertoordeel;1980-01-01;3;;3;Libellen;Gomphidae;2026-07-08;603;S;zeldzaam
271295041;271295041;Beekrombout;Gomphus vulgatissimus;2023-05-11;5;2023-05-11;2;ter plaatse;gezien;larvenhuidje;onbekend;209332.9832031656;220015.277026142;5.219231128692627;51.28693389892578;FS5484;Postel - Golfbaan;Mol;Mol;Antwerpen;ObsMapp;J;Goedgekeurd op basis van expertoordeel;1980-01-01;3;;3;Libellen;Gomphidae;2026-07-08;603;S;zeldzaam
271295038;271295038;Beekrombout;Gomphus vulgatissimus;2023-05-11;5;2023-05-11;1;ter plaatse;gezien;imago, niet uitgekleurd;Man;209329.3337884383;220014.3863081662;5.219178676605225;51.28692626953125;FS5484;Postel - Golfbaan;Mol;Mol;Antwerpen;ObsMapp;J;Goedgekeurd op basis van expertoordeel;1980-01-01;3;;7;Libellen;Gomphidae;2026-07-08;603;S;zeldzaam
271295035;271295035;Beekrombout;Gomphus vulgatissimus;2023-05-11;5;2023-05-11;1;ter plaatse;gezien;larvenhuidje;onbekend;209329.0060035725;220013.95810885075;5.219173908233643;51.286922454833984;FS5484;Postel - Golfbaan;Mol;Mol;Antwerpen;ObsMapp;J;Goedgekeurd op basis van expertoordeel;1980-01-01;3;;3;Libellen;Gomphidae;2026-07-08;603;S;zeldzaam
271295030;271295030;Beekrombout;Gomphus vulgatissimus;2023-05-11;5;2023-05-11;2;ter plaatse;gezien;larvenhuidje;onbekend;209329.7467739506;220016.0888100853;5.219184875488281;51.28694152832031;FS5484;Postel - Golfbaan;Mol;Mol;Antwerpen;ObsMapp;J;Goedgekeurd op basis van expertoordeel;1980-01-01;3;;3;Libellen;Gomphidae;2026-07-08;603;S;zeldzaam
271295025;271295025;Beekrombout;Gomphus vulgatissimus;2023-05-11;5;2023-05-11;1;ter plaatse;gezien;larvenhuidje;onbekend;209327.62912041225;220009.2734644404;5.21915340423584;51.28688049316406;FS5484;Postel - Golfbaan;Mol;Mol;Antwerpen;ObsMapp;J;Goedgekeurd op basis van expertoordeel;1980-01-01;3;;3;Libellen;Gomphidae;2026-07-08;603;S;zeldzaam
271295021;271295021;Beekrombout;Gomphus vulgatissimus;2023-05-11;5;2023-05-11;1;ter plaatse;gezien;larvenhuidje;onbekend;209325.27217083663;220008.8220064314;5.219119548797607;51.2868766784668;FS5484;Postel - Golfbaan;Mol;Mol;Antwerpen;ObsMapp;J;Goedgekeurd op basis van expertoordeel;1980-01-01;3;;3;Libellen;Gomphidae;2026-07-08;603;S;zeldzaam
271295020;271295020;Beekrombout;Gomphus vulgatissimus;2023-05-11;5;2023-05-11;1;ter plaatse;gezien;larvenhuidje;onbekend;209328.3391299393;220019.89265235237;5.219165325164795;51.2869758605957;FS5484;Postel - Golfbaan;Mol;Mol;Antwerpen;ObsMapp;J;Goedgekeurd op basis van expertoordeel;1980-01-01;3;;9;Libellen;Gomphidae;2026-07-08;603;S;zeldzaam
271295018;271295018;Beekrombout;Gomphus vulgatissimus;2023-05-11;5;2023-05-11;2;ter plaatse;gezien;larvenhuidje;onbekend;209334.4395026896;220007.22932321116;5.219250679016113;51.28686141967773;FS5484;Postel - Golfbaan;Mol;Mol;Antwerpen;ObsMapp;J;Goedgekeurd op basis van expertoordeel;1980-01-01;3;;11;Libellen;Gomphidae;2026-07-08;603;S;zeldzaam
271295016;271295016;Beekrombout;Gomphus vulgatissimus;2023-05-11;5;2023-05-11;1;ter plaatse;gezien;imago, niet uitgekleurd;onbekend;209324.3026219335;220009.23533545248;5.21910572052002;51.28688049316406;FS5484;Postel - Golfbaan;Mol;Mol;Antwerpen;ObsMapp;J;Goedgekeurd op basis van expertoordeel;1980-01-01;3;;11;Libellen;Gomphidae;2026-07-08;603;S;zeldzaam
271295013;271295013;Beekrombout;Gomphus vulgatissimus;2023-05-11;5;2023-05-11;1;ter plaatse;gezien;larvenhuidje;onbekend;209323.82875280423;220004.13660054933;5.219098091125488;51.28683471679688;FS5484;Postel - Golfbaan;Mol;Mol;Antwerpen;ObsMapp;J;Goedgekeurd op basis van expertoordeel;1980-01-01;3;;3;Libellen;Gomphidae;2026-07-08;603;S;zeldzaam
271295009;271295009;Beekrombout;Gomphus vulgatissimus;2023-05-11;5;2023-05-11;2;ter plaatse;gezien;larvenhuidje;onbekend;209317.57649122263;219998.12275510188;5.21900749206543;51.28678131103516;FS5484;Postel;Mol;Mol;Antwerpen;ObsMapp;J;Goedgekeurd op basis van expertoordeel;1980-01-01;3;;3;Libellen;Gomphidae;2026-07-08;603;S;zeldzaam
271295007;271295007;Beekrombout;Gomphus vulgatissimus;2023-05-11;5;2023-05-11;1;ter plaatse;gezien;imago, niet uitgekleurd;Vrouw;209318.76743151704;219987.1009138729;5.219022750854492;51.28668212890625;FS5484;Postel;Mol;Mol;Antwerpen;ObsMapp;J;Goedgekeurd op basis van expertoordeel;1980-01-01;3;;4;Libellen;Gomphidae;2026-07-08;603;S;zeldzaam
271295003;271295003;Beekrombout;Gomphus vulgatissimus;2023-05-11;5;2023-05-11;1;ter plaatse;gezien;imago, niet uitgekleurd;Vrouw;209317.80040014777;219996.00311154316;5.219010353088379;51.28676223754883;FS5484;Postel;Mol;Mol;Antwerpen;ObsMapp;J;Goedgekeurd op basis van expertoordeel;1980-01-01;3;;3;Libellen;Gomphidae;2026-07-08;603;S;zeldzaam
271295001;271295001;Beekrombout;Gomphus vulgatissimus;2023-05-11;5;2023-05-11;1;ter plaatse;gezien;larvenhuidje;onbekend;209314.9063390584;219995.96994469408;5.218968868255615;51.28676223754883;FS5484;Postel;Mol;Mol;Antwerpen;ObsMapp;J;Goedgekeurd op basis van expertoordeel;1980-01-01;3;;3;Libellen;Gomphidae;2026-07-08;603;S;zeldzaam
271294999;271294999;Beekrombout;Gomphus vulgatissimus;2023-05-11;5;2023-05-11;2;ter plaatse;gezien;larvenhuidje;onbekend;209315.37282957963;219993.004197198;5.218975067138672;51.28673553466797;FS5484;Postel;Mol;Mol;Antwerpen;ObsMapp;J;Goedgekeurd op basis van expertoordeel;1980-01-01;3;;9;Libellen;Gomphidae;2026-07-08;603;S;zeldzaam
271294995;271294995;Beekrombout;Gomphus vulgatissimus;2023-05-11;5;2023-05-11;2;ter plaatse;gezien;larvenhuidje;onbekend;209310.7950807548;219980.2184802601;5.218907356262207;51.28662109375;FS5484;Postel;Mol;Mol;Antwerpen;ObsMapp;J;Goedgekeurd op basis van expertoordeel;1980-01-01;3;;3;Libellen;Gomphidae;2026-07-08;603;S;zeldzaam
271294993;271294993;Beekrombout;Gomphus vulgatissimus;2023-05-11;5;2023-05-11;2;ter plaatse;gezien;larvenhuidje;onbekend;209311.58040959423;219975.5586186517;5.218917846679688;51.28657913208008;FS5484;Postel;Mol;Mol;Antwerpen;ObsMapp;J;Goedgekeurd op basis van expertoordeel;1980-01-01;3;;3;Libellen;Gomphidae;2026-07-08;603;S;zeldzaam
271294991;271294991;Beekrombout;Gomphus vulgatissimus;2023-05-11;5;2023-05-11;1;ter plaatse;gezien;imago, niet uitgekleurd;Vrouw;209311.58040959423;219975.5586186517;5.218917846679688;51.28657913208008;FS5484;Postel;Mol;Mol;Antwerpen;ObsMapp;J;Goedgekeurd op basis van expertoordeel;1980-01-01;3;;3;Libellen;Gomphidae;2026-07-08;603;S;zeldzaam
271294983;271294983;Beekrombout;Gomphus vulgatissimus;2023-05-11;5;2023-05-11;1;ter plaatse;gezien;larvenhuidje;onbekend;209310.67174630493;219979.3681831388;5.218905448913574;51.28661346435547;FS5484;Postel;Mol;Mol;Antwerpen;ObsMapp;J;Goedgekeurd op basis van expertoordeel;1980-01-01;3;;3;Libellen;Gomphidae;2026-07-08;603;S;zeldzaam
271294980;271294980;Beekrombout;Gomphus vulgatissimus;2023-05-11;5;2023-05-11;1;ter plaatse;gezien;imago, niet uitgekleurd;onbekend;209310.67174630493;219979.3681831388;5.218905448913574;51.28661346435547;FS5484;Postel;Mol;Mol;Antwerpen;ObsMapp;J;Goedgekeurd op basis van expertoordeel;1980-01-01;3;;3;Libellen;Gomphidae;2026-07-08;603;S;zeldzaam
271294974;271294974;Beekrombout;Gomphus vulgatissimus;2023-05-11;5;2023-05-11;1;ter plaatse;gezien;larvenhuidje;onbekend;209307.82221678735;219972.5444603404;5.218863487243652;51.28655242919922;FS5484;Postel;Mol;Mol;Antwerpen;ObsMapp;J;Goedgekeurd op basis van expertoordeel;1980-01-01;3;;3;Libellen;Gomphidae;2026-07-08;603;S;zeldzaam
271294971;271294971;Beekrombout;Gomphus vulgatissimus;2023-05-11;5;2023-05-11;1;ter plaatse;gezien;larvenhuidje;onbekend;209308.47857062396;219970.429771848;5.218872547149658;51.28653335571289;FS5484;Postel;Mol;Mol;Antwerpen;ObsMapp;J;Goedgekeurd op basis van expertoordeel;1980-01-01;3;;3;Libellen;Gomphidae;2026-07-08;603;S;zeldzaam
271294970;271294970;Beekrombout;Gomphus vulgatissimus;2023-05-11;5;2023-05-11;1;ter plaatse;gezien;larvenhuidje;onbekend;209304.5491833769;219967.8380962396;5.218815803527832;51.2865104675293;FS5484;Postel;Mol;Mol;Antwerpen;ObsMapp;J;Goedgekeurd op basis van expertoordeel;1980-01-01;3;;3;Libellen;Gomphidae;2026-07-08;603;S;zeldzaam
271294968;271294968;Beekrombout;Gomphus vulgatissimus;2023-05-11;5;2023-05-11;1;ter plaatse;gezien;larvenhuidje;onbekend;209307.42535804864;219963.62663338985;5.218856334686279;51.28647232055664;FS5484;Postel;Mol;Mol;Antwerpen;ObsMapp;J;Goedgekeurd op basis van expertoordeel;1980-01-01;3;;3;Libellen;Gomphidae;2026-07-08;603;S;zeldzaam
271294963;271294963;Beekrombout;Gomphus vulgatissimus;2023-05-11;5;2023-05-11;1;ter plaatse;gezien;larvenhuidje;onbekend;209313.1769434508;219958.17479684856;5.218937873840332;51.28642272949219;FS5484;Postel;Mol;Mol;Antwerpen;ObsMapp;J;Goedgekeurd op basis van expertoordeel;1980-01-01;3;;9;Libellen;Gomphidae;2026-07-08;603;S;zeldzaam
271294959;271294959;Beekrombout;Gomphus vulgatissimus;2023-05-11;5;2023-05-11;1;ter plaatse;gezien;larvenhuidje;onbekend;209298.4493644574;219960.1282546697;5.218727111816406;51.28644180297852;FS5484;Postel;Mol;Mol;Antwerpen;ObsMapp;J;Goedgekeurd op basis van expertoordeel;1980-01-01;3;;3;Libellen;Gomphidae;2026-07-08;603;S;zeldzaam
271294953;271294953;Beekrombout;Gomphus vulgatissimus;2023-05-11;5;2023-05-11;1;ter plaatse;gezien;imago, niet uitgekleurd;Vrouw;209298.4493644574;219960.1282546697;5.218727111816406;51.28644180297852;FS5484;Postel;Mol;Mol;Antwerpen;ObsMapp;J;Goedgekeurd op basis van expertoordeel;1980-01-01;3;;3;Libellen;Gomphidae;2026-07-08;603;S;zeldzaam
271294952;271294952;Beekrombout;Gomphus vulgatissimus;2023-05-11;5;2023-05-11;1;ter plaatse;gezien;larvenhuidje;onbekend;209297.40355410764;219961.38959874213;5.218712329864502;51.28645324707031;FS5484;Postel;Mol;Mol;Antwerpen;ObsMapp;J;Goedgekeurd op basis van expertoordeel;1980-01-01;3;;3;Libellen;Gomphidae;2026-07-08;603;S;zeldzaam
271294947;271294947;Beekrombout;Gomphus vulgatissimus;2023-05-11;5;2023-05-11;1;ter plaatse;gezien;imago, niet uitgekleurd;Vrouw;209296.606723706;219955.43828386348;5.218699932098389;51.286399841308594;FS5484;Postel;Mol;Mol;Antwerpen;ObsMapp;J;Goedgekeurd op basis van expertoordeel;1980-01-01;3;;3;Libellen;Gomphidae;2026-07-08;603;S;zeldzaam
271294945;271294945;Beekrombout;Gomphus vulgatissimus;2023-05-11;5;2023-05-11;1;ter plaatse;gezien;larvenhuidje;onbekend;209296.606723706;219955.43828386348;5.218699932098389;51.286399841308594;FS5484;Postel;Mol;Mol;Antwerpen;ObsMapp;J;Goedgekeurd op basis van expertoordeel;1980-01-01;3;;3;Libellen;Gomphidae;2026-07-08;603;S;zeldzaam
271294943;271294943;Beekrombout;Gomphus vulgatissimus;2023-05-11;5;2023-05-11;1;ter plaatse;gezien;imago, niet uitgekleurd;Man;209312.57641411392;219946.70798478185;5.218927383422852;51.286319732666016;FS5484;Postel;Mol;Mol;Antwerpen;ObsMapp;J;Goedgekeurd op basis van expertoordeel;1980-01-01;3;;6;Libellen;Gomphidae;2026-07-08;603;S;zeldzaam
271294940;271294940;Beekrombout;Gomphus vulgatissimus;2023-05-11;5;2023-05-11;1;ter plaatse;gezien;larvenhuidje;onbekend;209301.22805487757;219947.00239281263;5.218764781951904;51.28632354736328;FS5484;Postel;Mol;Mol;Antwerpen;ObsMapp;J;Goedgekeurd op basis van expertoordeel;1980-01-01;3;;3;Libellen;Gomphidae;2026-07-08;603;S;zeldzaam
271294932;271294932;Beekrombout;Gomphus vulgatissimus;2023-05-11;5;2023-05-11;25;ter plaatse;gezien;larvenhuidje;onbekend;209341.29149087373;220045.08321620524;5.21935510635376;51.287200927734375;FS5484;Postel - Golfbaan;Mol;Mol;Antwerpen;ObsMapp;J;Goedgekeurd op basis van expertoordeel;1980-01-01;3;beek rechterkant;5;Libellen;Gomphidae;2026-07-08;603;S;zeldzaam
242639291;242639291;Beekrombout;Gomphus vulgatissimus;2022-05-21;5;2022-05-23;1;ter plaatse;gezien;imago;Man;207292.03499334157;214703.8105727276;5.18913698196411;51.2394027709961;FS5278;Mol - Den Diel - West - Ten zuiden van beek;Mol;Mol;Antwerpen;ObsMapp;J;Goedgekeurd op basis van expertoordeel;2007-01-01;3;;3;Libellen;Gomphidae;2026-07-08;603;S;zeldzaam
190542973;190542973;Beekrombout;Gomphus vulgatissimus;2020-05-05;5;2020-05-05;1;ter plaatse;gezien;larvenhuidje;onbekend;227967.19998894964;221345.64477841745;5.4865837097168;51.2966690063477;FS7385;  ;Hamont-Achel;Achel;Limburg;ObsMapp;J;Goedgekeurd op basis van expertoordeel;2007-01-01;3;;25;Libellen;Gomphidae;2026-07-08;603;S;zeldzaam
190542974;190542974;Beekrombout;Gomphus vulgatissimus;2020-05-05;5;2020-05-05;1;ter plaatse;gezien;imago, niet uitgekleurd;onbekend;227913.75063718564;221431.43049955;5.48583602905273;51.2974472045898;FS7385;  ;Hamont-Achel;Achel;Limburg;ObsMapp;J;Goedgekeurd op basis van expertoordeel;2007-01-01;3;;25;Libellen;Gomphidae;2026-07-08;603;S;zeldzaam
190542975;190542975;Beekrombout;Gomphus vulgatissimus;2020-05-05;5;2020-05-05;1;ter plaatse;gezien;larvenhuidje;onbekend;227911.49037564665;221422.48272756115;5.48580169677734;51.2973670959473;FS7385;  ;Hamont-Achel;Achel;Limburg;ObsMapp;J;Goedgekeurd op basis van expertoordeel;2007-01-01;3;;25;Libellen;Gomphidae;2026-07-08;603;S;zeldzaam
190542976;190542976;Beekrombout;Gomphus vulgatissimus;2020-05-05;5;2020-05-05;1;ter plaatse;gezien;larvenhuidje;onbekend;227904.1624228312;221414.30759921297;5.48569488525391;51.2972946166992;FS7385;  ;Hamont-Achel;Achel;Limburg;ObsMapp;J;Goedgekeurd op basis van expertoordeel;2007-01-01;3;;25;Libellen;Gomphidae;2026-07-08;603;S;zeldzaam
190542992;190542992;Beekrombout;Gomphus vulgatissimus;2020-05-05;5;2020-05-05;2;ter plaatse;gezien;imago, niet uitgekleurd;onbekend;228410.88234335376;219717.7399420133;5.49259042739868;51.2819786071777;FS7384;Hamont-Achel - Beverbeek KULeuven;Hamont-Achel;Achel;Limburg;ObsMapp;J;Goedgekeurd op basis van expertoordeel;2007-01-01;3;;25;Libellen;Gomphidae;2026-07-08;603;S;zeldzaam
190542993;190542993;Beekrombout;Gomphus vulgatissimus;2020-05-05;5;2020-05-05;6;ter plaatse;gezien;larvenhuidje;onbekend;228409.7576974142;219717.29844661336;5.4925742149353;51.2819747924805;FS7384;Hamont-Achel - Beverbeek KULeuven;Hamont-Achel;Achel;Limburg;ObsMapp;J;Goedgekeurd op basis van expertoordeel;2007-01-01;3;;25;Libellen;Gomphidae;2026-07-08;603;S;zeldzaam
190542995;190542995;Beekrombout;Gomphus vulgatissimus;2020-05-05;5;2020-05-05;1;ter plaatse;gezien;larvenhuidje;onbekend;228394.9596276366;219727.68589065783;5.49236440658569;51.2820701599121;FS7384;Hamont-Achel - Beverbeek KULeuven;Hamont-Achel;Achel;Limburg;ObsMapp;J;Goedgekeurd op basis van expertoordeel;2007-01-01;3;;25;Libellen;Gomphidae;2026-07-08;603;S;zeldzaam
190542996;190542996;Beekrombout;Gomphus vulgatissimus;2020-05-05;5;2020-05-05;1;ter plaatse;gezien;imago, niet uitgekleurd;onbekend;228432.3693684008;219711.69849474728;5.49289703369141;51.2819213867188;FS7384;Hamont-Achel - Beverbeek KULeuven;Hamont-Achel;Achel;Limburg;ObsMapp;J;Goedgekeurd op basis van expertoordeel;2007-01-01;3;;25;Libellen;Gomphidae;2026-07-08;603;S;zeldzaam
190542997;190542997;Beekrombout;Gomphus vulgatissimus;2020-05-05;5;2020-05-05;1;ter plaatse;gezien;larvenhuidje;onbekend;228432.3092636759;219711.27312223148;5.49289608001709;51.2819175720215;FS7384;Hamont-Achel - Beverbeek KULeuven;Hamont-Achel;Achel;Limburg;ObsMapp;J;Goedgekeurd op basis van expertoordeel;2007-01-01;3;;25;Libellen;Gomphidae;2026-07-08;603;S;zeldzaam
190543000;190543000;Beekrombout;Gomphus vulgatissimus;2020-05-05;5;2020-05-05;1;ter plaatse;gezien;larvenhuidje;onbekend;228434.8073486625;219704.51957760935;5.49293041229248;51.2818565368652;FS7384;Hamont-Achel - Beverbeek KULeuven;Hamont-Achel;Achel;Limburg;ObsMapp;J;Goedgekeurd op basis van expertoordeel;2007-01-01;3;;25;Libellen;Gomphidae;2026-07-08;603;S;zeldzaam
190543001;190543001;Beekrombout;Gomphus vulgatissimus;2020-05-05;5;2020-05-05;1;ter plaatse;gezien;larvenhuidje;onbekend;228435.3331904375;219704.952006246;5.49293804168701;51.2818603515625;FS7384;Hamont-Achel - Beverbeek KULeuven;Hamont-Achel;Achel;Limburg;ObsMapp;J;Goedgekeurd op basis van expertoordeel;2007-01-01;3;;25;Libellen;Gomphidae;2026-07-08;603;S;zeldzaam
190543002;190543002;Beekrombout;Gomphus vulgatissimus;2020-05-05;5;2020-05-05;1;ter plaatse;gezien;imago, niet uitgekleurd;onbekend;228427.70750888408;219703.13863177225;5.49282836914063;51.2818450927734;FS7384;Hamont-Achel - Beverbeek KULeuven;Hamont-Achel;Achel;Limburg;ObsMapp;J;Goedgekeurd op basis van expertoordeel;2007-01-01;3;;25;Libellen;Gomphidae;2026-07-08;603;S;zeldzaam
190543003;190543003;Beekrombout;Gomphus vulgatissimus;2020-05-05;5;2020-05-05;1;ter plaatse;gezien;larvenhuidje;onbekend;228422.49229582225;219667.40483144112;5.49274587631226;51.2815246582031;FS7384;  ;Hamont-Achel;Achel;Limburg;ObsMapp;J;Goedgekeurd op basis van expertoordeel;2007-01-01;3;;25;Libellen;Gomphidae;2026-07-08;603;S;zeldzaam
190543004;190543004;Beekrombout;Gomphus vulgatissimus;2020-05-05;5;2020-05-05;1;ter plaatse;gezien;larvenhuidje;onbekend;228440.9044241156;219684.23778193817;5.49301338195801;51.2816734313965;FS7384;Hamont-Achel - Beverbeek KULeuven;Hamont-Achel;Achel;Limburg;ObsMapp;J;Goedgekeurd op basis van expertoordeel;2007-01-01;3;;25;Libellen;Gomphidae;2026-07-08;603;S;zeldzaam
190543011;190543011;Beekrombout;Gomphus vulgatissimus;2020-05-05;5;2020-05-05;1;ter plaatse;gezien;imago, niet uitgekleurd;onbekend;228769.79566795408;218548.7036018912;5.49747896194458;51.2714233398438;FS7482;Warmbeekvallei - Grevenbroek (LiLa);Hamont-Achel;Achel;Limburg;ObsMapp;J;Goedgekeurd op basis van expertoordeel;2007-01-01;3;;25;Libellen;Gomphidae;2026-07-08;603;S;zeldzaam
190543012;190543012;Beekrombout;Gomphus vulgatissimus;2020-05-05;5;2020-05-05;1;ter plaatse;gezien;larvenhuidje;onbekend;228770.1626840116;218550.8314873539;5.49748468399048;51.2714424133301;FS7482;Warmbeekvallei - Grevenbroek (LiLa);Hamont-Achel;Achel;Limburg;ObsMapp;J;Goedgekeurd op basis van expertoordeel;2007-01-01;3;;25;Libellen;Gomphidae;2026-07-08;603;S;zeldzaam
190543013;190543013;Beekrombout;Gomphus vulgatissimus;2020-05-05;5;2020-05-05;1;ter plaatse;gezien;larvenhuidje;onbekend;228771.726106938;218564.0135461418;5.49750995635986;51.2715606689453;FS7482;Warmbeekvallei - Grevenbroek (LiLa);Hamont-Achel;Achel;Limburg;ObsMapp;J;Goedgekeurd op basis van expertoordeel;2007-01-01;3;;25;Libellen;Gomphidae;2026-07-08;603;S;zeldzaam
190543014;190543014;Beekrombout;Gomphus vulgatissimus;2020-05-05;5;2020-05-05;1;ter plaatse;gezien;imago, niet uitgekleurd;onbekend;228768.61223462195;218565.23956037316;5.49746561050415;51.2715721130371;FS7482;Warmbeekvallei - Grevenbroek (LiLa);Hamont-Achel;Achel;Limburg;ObsMapp;J;Goedgekeurd op basis van expertoordeel;2007-01-01;3;;25;Libellen;Gomphidae;2026-07-08;603;S;zeldzaam
190543015;190543015;Beekrombout;Gomphus vulgatissimus;2020-05-05;5;2020-05-05;1;ter plaatse;gezien;imago, niet uitgekleurd;onbekend;228779.8892265937;218559.0442036549;5.49762582778931;51.2715148925781;FS7482;Warmbeekvallei - Grevenbroek (LiLa);Hamont-Achel;Achel;Limburg;ObsMapp;J;Goedgekeurd op basis van expertoordeel;2007-01-01;3;;25;Libellen;Gomphidae;2026-07-08;603;S;zeldzaam
190543016;190543016;Beekrombout;Gomphus vulgatissimus;2020-05-05;5;2020-05-05;1;ter plaatse;gezien;larvenhuidje;onbekend;228784.1830912404;218576.5124133071;5.49769115447998;51.271671295166;FS7482;Warmbeekvallei - Grevenbroek (LiLa);Hamont-Achel;Achel;Limburg;ObsMapp;J;Goedgekeurd op basis van expertoordeel;2007-01-01;3;;25;Libellen;Gomphidae;2026-07-08;603;S;zeldzaam
190543017;190543017;Beekrombout;Gomphus vulgatissimus;2020-05-05;5;2020-05-05;1;ter plaatse;gezien;imago, niet uitgekleurd;onbekend;228797.71079700356;218573.32256311085;5.49788427352905;51.2716407775879;FS7482;Warmbeekvallei - Grevenbroek (LiLa);Hamont-Achel;Achel;Limburg;ObsMapp;J;Goedgekeurd op basis van expertoordeel;2007-01-01;3;;25;Libellen;Gomphidae;2026-07-08;603;S;zeldzaam
190543018;190543018;Beekrombout;Gomphus vulgatissimus;2020-05-05;5;2020-05-05;1;ter plaatse;gezien;larvenhuidje;onbekend;228797.71079700356;218573.32256311085;5.49788427352905;51.2716407775879;FS7482;Warmbeekvallei - Grevenbroek (LiLa);Hamont-Achel;Achel;Limburg;ObsMapp;J;Goedgekeurd op basis van expertoordeel;2007-01-01;3;;25;Libellen;Gomphidae;2026-07-08;603;S;zeldzaam
190543019;190543019;Beekrombout;Gomphus vulgatissimus;2020-05-05;5;2020-05-05;1;ter plaatse;gezien;larvenhuidje;onbekend;228799.3893942448;218576.74379139487;5.49790906906128;51.271671295166;FS7483;Warmbeekvallei - Grevenbroek (LiLa);Hamont-Achel;Achel;Limburg;ObsMapp;J;Goedgekeurd op basis van expertoordeel;2007-01-01;3;;25;Libellen;Gomphidae;2026-07-08;603;S;zeldzaam
190543020;190543020;Beekrombout;Gomphus vulgatissimus;2020-05-05;5;2020-05-05;1;ter plaatse;gezien;larvenhuidje;onbekend;228799.22948099612;218576.3168973532;5.49790668487549;51.2716674804688;FS7482;Warmbeekvallei - Grevenbroek (LiLa);Hamont-Achel;Achel;Limburg;ObsMapp;J;Goedgekeurd op basis van expertoordeel;2007-01-01;3;;25;Libellen;Gomphidae;2026-07-08;603;S;zeldzaam
190543021;190543021;Beekrombout;Gomphus vulgatissimus;2020-05-05;5;2020-05-05;1;ter plaatse;gezien;imago, niet uitgekleurd;onbekend;228801.3654868736;218575.9249415873;5.49793720245361;51.2716636657715;FS7482;Warmbeekvallei - Grevenbroek (LiLa);Hamont-Achel;Achel;Limburg;ObsMapp;J;Goedgekeurd op basis van expertoordeel;2007-01-01;3;;25;Libellen;Gomphidae;2026-07-08;603;S;zeldzaam
190543022;190543022;Beekrombout;Gomphus vulgatissimus;2020-05-05;5;2020-05-05;2;ter plaatse;gezien;larvenhuidje;onbekend;228804.5950505;218580.2186953472;5.49798440933228;51.2717018127441;FS7483;Warmbeekvallei - Grevenbroek (LiLa);Hamont-Achel;Achel;Limburg;ObsMapp;J;Goedgekeurd op basis van expertoordeel;2007-01-01;3;;25;Libellen;Gomphidae;2026-07-08;603;S;zeldzaam
190543028;190543028;Beekrombout;Gomphus vulgatissimus;2020-05-05;5;2020-05-05;1;ter plaatse;gezien;imago;onbekend;228828.00536976507;218664.61823400296;5.49833822250366;51.2724571228027;FS7483;Warmbeekvallei - Grevenbroek (LiLa);Hamont-Achel;Achel;Limburg;ObsMapp;J;Goedgekeurd op basis van expertoordeel;2007-01-01;3;;25;Libellen;Gomphidae;2026-07-08;603;S;zeldzaam
190543029;190543029;Beekrombout;Gomphus vulgatissimus;2020-05-05;5;2020-05-05;1;ter plaatse;gezien;imago;onbekend;228821.97856665347;218756.6344898716;5.49827194213867;51.2732849121094;FS7483;  ;Hamont-Achel;Achel;Limburg;ObsMapp;J;Goedgekeurd op basis van expertoordeel;2007-01-01;3;;25;Libellen;Gomphidae;2026-07-08;603;S;zeldzaam
190543032;190543032;Beekrombout;Gomphus vulgatissimus;2020-05-05;5;2020-05-05;1;ter plaatse;gezien;imago, niet uitgekleurd;Vrouw;228821.52858670664;218762.1456319075;5.49826669692993;51.2733345031738;FS7483;  ;Hamont-Achel;Achel;Limburg;ObsMapp;J;Goedgekeurd op basis van expertoordeel;2007-01-01;3;;25;Libellen;Gomphidae;2026-07-08;603;S;zeldzaam
190543035;190543035;Beekrombout;Gomphus vulgatissimus;2020-05-05;5;2020-05-05;1;ter plaatse;gezien;imago, niet uitgekleurd;onbekend;228825.832125435;218772.39820521232;5.49833059310913;51.2734260559082;FS7483;  ;Hamont-Achel;Achel;Limburg;ObsMapp;J;Goedgekeurd op basis van expertoordeel;2007-01-01;3;;25;Libellen;Gomphidae;2026-07-08;603;S;zeldzaam
190543037;190543037;Beekrombout;Gomphus vulgatissimus;2020-05-05;5;2020-05-05;1;ter plaatse;gezien;imago, niet uitgekleurd;Man;228831.48142212973;218786.0669582868;5.49841451644897;51.2735481262207;FS7483;  ;Hamont-Achel;Achel;Limburg;ObsMapp;J;Goedgekeurd op basis van expertoordeel;2007-01-01;3;;25;Libellen;Gomphidae;2026-07-08;603;S;zeldzaam
190543049;190543049;Beekrombout;Gomphus vulgatissimus;2020-05-05;5;2020-05-05;1;ter plaatse;gezien;imago, niet uitgekleurd;onbekend;228670.3415972516;218281.904090466;5.49599599838257;51.2690391540527;FS7482;Warmbeekvallei;Hamont-Achel;Achel;Limburg;ObsMapp;J;Goedgekeurd op basis van expertoordeel;2007-01-01;3;;25;Libellen;Gomphidae;2026-07-08;603;S;zeldzaam
190543050;190543050;Beekrombout;Gomphus vulgatissimus;2020-05-05;5;2020-05-05;1;ter plaatse;gezien;larvenhuidje;onbekend;228670.3415972516;218281.904090466;5.49599599838257;51.2690391540527;FS7482;Warmbeekvallei;Hamont-Achel;Achel;Limburg;ObsMapp;J;Goedgekeurd op basis van expertoordeel;2007-01-01;3;;25;Libellen;Gomphidae;2026-07-08;603;S;zeldzaam
190543051;190543051;Beekrombout;Gomphus vulgatissimus;2020-05-05;5;2020-05-05;1;ter plaatse;gezien;larvenhuidje;onbekend;228653.0264906895;218258.2957787057;5.49574279785156;51.2688293457031;FS7482;Warmbeekvallei;Hamont-Achel;Achel;Limburg;ObsMapp;J;Goedgekeurd op basis van expertoordeel;2007-01-01;3;;25;Libellen;Gomphidae;2026-07-08;603;S;zeldzaam
190543052;190543052;Beekrombout;Gomphus vulgatissimus;2020-05-05;5;2020-05-05;1;ter plaatse;gezien;imago, niet uitgekleurd;onbekend;228653.0264906895;218258.2957787057;5.49574279785156;51.2688293457031;FS7482;Warmbeekvallei;Hamont-Achel;Achel;Limburg;ObsMapp;J;Goedgekeurd op basis van expertoordeel;2007-01-01;3;;25;Libellen;Gomphidae;2026-07-08;603;S;zeldzaam
190543053;190543053;Beekrombout;Gomphus vulgatissimus;2020-05-05;5;2020-05-05;3;ter plaatse;gezien;larvenhuidje;onbekend;228651.6483674808;218243.8432111908;5.49571990966797;51.2686996459961;FS7482;Warmbeekvallei - Grevenbroek (LiLa);Hamont-Achel;Achel;Limburg;ObsMapp;J;Goedgekeurd op basis van expertoordeel;2007-01-01;3;;25;Libellen;Gomphidae;2026-07-08;603;S;zeldzaam
190543061;190543061;Beekrombout;Gomphus vulgatissimus;2020-05-05;5;2020-05-05;2;ter plaatse;gezien;imago;onbekend;229057.59539706504;216583.1737673534;5.50117254257202;51.253719329834;FS7481;Achel - Warande;Hamont-Achel;Achel;Limburg;ObsMapp;J;Goedgekeurd op basis van expertoordeel;2007-01-01;3;;25;Libellen;Gomphidae;2026-07-08;603;S;zeldzaam
190543063;190543063;Beekrombout;Gomphus vulgatissimus;2020-05-05;5;2020-05-05;1;ter plaatse;gezien;imago, niet uitgekleurd;onbekend;229025.1630233745;216480.8090662612;5.5006856918335;51.2528038024902;FS7480;Achel - Warande;Hamont-Achel;Achel;Limburg;ObsMapp;J;Goedgekeurd op basis van expertoordeel;2007-01-01;3;;25;Libellen;Gomphidae;2026-07-08;603;S;zeldzaam
190543064;190543064;Beekrombout;Gomphus vulgatissimus;2020-05-05;5;2020-05-05;1;ter plaatse;gezien;larve/nimf;onbekend;229027.7141023248;216499.0996601954;5.50072622299194;51.2529678344727;FS7480;Achel - Warande;Hamont-Achel;Achel;Limburg;ObsMapp;J;Goedgekeurd op basis van expertoordeel;2007-01-01;3;;25;Libellen;Gomphidae;2026-07-08;603;S;zeldzaam
190543065;190543065;Beekrombout;Gomphus vulgatissimus;2020-05-05;5;2020-05-05;1;ter plaatse;gezien;larvenhuidje;onbekend;229027.7141023248;216499.0996601954;5.50072622299194;51.2529678344727;FS7480;Achel - Warande;Hamont-Achel;Achel;Limburg;ObsMapp;J;Goedgekeurd op basis van expertoordeel;2007-01-01;3;;25;Libellen;Gomphidae;2026-07-08;603;S;zeldzaam
190543066;190543066;Beekrombout;Gomphus vulgatissimus;2020-05-05;5;2020-05-05;1;ter plaatse;gezien;larvenhuidje;onbekend;229020.26601285583;216502.80616088025;5.50062036514282;51.253002166748;FS7480;Achel - Warande;Hamont-Achel;Achel;Limburg;ObsMapp;J;Goedgekeurd op basis van expertoordeel;2007-01-01;3;;25;Libellen;Gomphidae;2026-07-08;603;S;zeldzaam
190543067;190543067;Beekrombout;Gomphus vulgatissimus;2020-05-05;5;2020-05-05;2;ter plaatse;gezien;imago, niet uitgekleurd;onbekend;229037.62069099597;216530.6606647838;5.5008749961853;51.2532501220703;FS7480;Achel - Warande;Hamont-Achel;Achel;Limburg;ObsMapp;J;Goedgekeurd op basis van expertoordeel;2007-01-01;3;;25;Libellen;Gomphidae;2026-07-08;603;S;zeldzaam
190543068;190543068;Beekrombout;Gomphus vulgatissimus;2020-05-05;5;2020-05-05;7;ter plaatse;gezien;larvenhuidje;onbekend;229040.542587583;216529.00741527972;5.50091648101807;51.2532348632813;FS7480;Achel - Warande;Hamont-Achel;Achel;Limburg;ObsMapp;J;Goedgekeurd op basis van expertoordeel;2007-01-01;3;;25;Libellen;Gomphidae;2026-07-08;603;S;zeldzaam
190543069;190543069;Beekrombout;Gomphus vulgatissimus;2020-05-05;5;2020-05-05;1;ter plaatse;gezien;imago, niet uitgekleurd;onbekend;229041.0853114945;216537.080392248;5.50092601776123;51.2533073425293;FS7480;Achel - Warande;Hamont-Achel;Achel;Limburg;ObsMapp;J;Goedgekeurd op basis van expertoordeel;2007-01-01;3;;25;Libellen;Gomphidae;2026-07-08;603;S;zeldzaam
190543070;190543070;Beekrombout;Gomphus vulgatissimus;2020-05-05;5;2020-05-05;1;ter plaatse;gezien;larvenhuidje;onbekend;229041.0853114945;216537.080392248;5.50092601776123;51.2533073425293;FS7480;Achel - Warande;Hamont-Achel;Achel;Limburg;ObsMapp;J;Goedgekeurd op basis van expertoordeel;2007-01-01;3;;25;Libellen;Gomphidae;2026-07-08;603;S;zeldzaam
190543071;190543071;Beekrombout;Gomphus vulgatissimus;2020-05-05;5;2020-05-05;1;ter plaatse;gezien;imago;Man;229039.59477194483;216538.7554805409;5.50090503692627;51.2533226013184;FS7480;Achel - Warande;Hamont-Achel;Achel;Limburg;ObsMapp;J;Goedgekeurd op basis van expertoordeel;2007-01-01;3;;25;Libellen;Gomphidae;2026-07-08;603;S;zeldzaam
190543075;190543075;Beekrombout;Gomphus vulgatissimus;2020-05-05;5;2020-05-05;2;ter plaatse;gezien;imago;Man;229018.6774827039;216478.1633892106;5.50059223175049;51.2527809143066;FS7480;Achel - Warande;Hamont-Achel;Achel;Limburg;ObsMapp;J;Goedgekeurd op basis van expertoordeel;2007-01-01;3;;25;Libellen;Gomphidae;2026-07-08;603;S;zeldzaam
190543077;190543077;Beekrombout;Gomphus vulgatissimus;2020-05-05;5;2020-05-05;1;ter plaatse;gezien;imago;Man;229052.60688631152;216593.70908305145;5.50110340118408;51.2538146972656;FS7481;Achel - Warande;Hamont-Achel;Achel;Limburg;ObsMapp;J;Goedgekeurd op basis van expertoordeel;2007-01-01;3;;25;Libellen;Gomphidae;2026-07-08;603;S;zeldzaam
190543078;190543078;Beekrombout;Gomphus vulgatissimus;2020-05-05;5;2020-05-05;1;ter plaatse;gezien;larvenhuidje;onbekend;229063.54909714387;216587.9336681208;5.50125885009766;51.2537612915039;FS7481;Achel - Warande;Hamont-Achel;Achel;Limburg;ObsMapp;J;Goedgekeurd op basis van expertoordeel;2007-01-01;3;;25;Libellen;Gomphidae;2026-07-08;603;S;zeldzaam
190543081;190543081;Beekrombout;Gomphus vulgatissimus;2020-05-05;5;2020-05-05;1;ter plaatse;gezien;imago, niet uitgekleurd;Man;228575.4065879672;216307.58053331825;5.49420690536499;51.2513084411621;FS7480;Achel - Warande;Hamont-Achel;Achel;Limburg;ObsMapp;J;Goedgekeurd op basis van bewijsmateriaal;2007-01-01;3;;25;Libellen;Gomphidae;2026-07-08;603;S;zeldzaam
190543094;190543094;Beekrombout;Gomphus vulgatissimus;2020-05-05;5;2020-05-05;1;ter plaatse;gezien;imago, niet uitgekleurd;onbekend;229015.40074159205;215699.6593245454;5.50037527084351;51.2457847595215;FS7480;Achel - Warande;Hamont-Achel;Achel;Limburg;ObsMapp;J;Goedgekeurd op basis van expertoordeel;2007-01-01;3;;25;Libellen;Gomphidae;2026-07-08;603;S;zeldzaam
190543095;190543095;Beekrombout;Gomphus vulgatissimus;2020-05-05;5;2020-05-05;1;ter plaatse;gezien;larvenhuidje;onbekend;229006.0928615125;215731.35161059164;5.50024890899658;51.2460708618164;FS7480;Achel - Warande;Hamont-Achel;Achel;Limburg;ObsMapp;J;Goedgekeurd op basis van expertoordeel;2007-01-01;3;;25;Libellen;Gomphidae;2026-07-08;603;S;zeldzaam
190543098;190543098;Beekrombout;Gomphus vulgatissimus;2020-05-05;5;2020-05-05;1;ter plaatse;gezien;larvenhuidje;onbekend;228996.12076791585;215721.4370596893;5.50010395050049;51.2459831237793;FS7480;Achel - Warande;Hamont-Achel;Achel;Limburg;ObsMapp;J;Goedgekeurd op basis van expertoordeel;2007-01-01;3;;25;Libellen;Gomphidae;2026-07-08;603;S;zeldzaam
190543099;190543099;Beekrombout;Gomphus vulgatissimus;2020-05-05;5;2020-05-05;1;ter plaatse;gezien;imago, niet uitgekleurd;onbekend;228996.12076791585;215721.4370596893;5.50010395050049;51.2459831237793;FS7480;Achel - Warande;Hamont-Achel;Achel;Limburg;ObsMapp;J;Goedgekeurd op basis van bewijsmateriaal;2007-01-01;3;;25;Libellen;Gomphidae;2026-07-08;603;S;zeldzaam
190543103;190543103;Beekrombout;Gomphus vulgatissimus;2020-05-05;5;2020-05-05;1;ter plaatse;gezien;larvenhuidje;onbekend;228990.83588529952;215755.73745224904;5.50003576278687;51.2462921142578;FS7480;Achel - Warande;Hamont-Achel;Achel;Limburg;ObsMapp;J;Goedgekeurd op basis van expertoordeel;2007-01-01;3;;25;Libellen;Gomphidae;2026-07-08;603;S;zeldzaam
190543104;190543104;Beekrombout;Gomphus vulgatissimus;2020-05-05;5;2020-05-05;1;ter plaatse;gezien;larvenhuidje;onbekend;228984.17757796845;215770.9163751062;5.49994373321533;51.2464294433594;FS7480;Achel - Warande;Hamont-Achel;Achel;Limburg;ObsMapp;J;Goedgekeurd op basis van expertoordeel;2007-01-01;3;;25;Libellen;Gomphidae;2026-07-08;603;S;zeldzaam
190543105;190543105;Beekrombout;Gomphus vulgatissimus;2020-05-05;5;2020-05-05;1;ter plaatse;gezien;imago, niet uitgekleurd;onbekend;228980.9297744377;215774.26251550112;5.49989795684814;51.2464599609375;FS7480;Achel - Warande;Hamont-Achel;Achel;Limburg;ObsMapp;J;Goedgekeurd op basis van expertoordeel;2007-01-01;3;;25;Libellen;Gomphidae;2026-07-08;603;S;zeldzaam
191327835;191327835;Beekrombout;Gomphus vulgatissimus;2020-05-14;5;2020-05-14;1;ter plaatse;gezien;larvenhuidje;onbekend;223096.46661612685;216484.5916785607;5.41577768325806;51.2536201477051;FS6880;Neerpelt - Het Hageven;Neerpelt;Neerpelt;Limburg;ObsMapp;J;Goedgekeurd op basis van expertoordeel;2007-01-01;3;;25;Libellen;Gomphidae;2026-07-08;603;S;zeldzaam
191327836;191327836;Beekrombout;Gomphus vulgatissimus;2020-05-14;5;2020-05-14;1;ter plaatse;gezien;imago, niet uitgekleurd;onbekend;223096.46661612685;216484.5916785607;5.41577768325806;51.2536201477051;FS6880;Neerpelt - Het Hageven;Neerpelt;Neerpelt;Limburg;ObsMapp;J;Goedgekeurd op basis van expertoordeel;2007-01-01;3;;25;Libellen;Gomphidae;2026-07-08;603;S;zeldzaam
191327852;191327852;Beekrombout;Gomphus vulgatissimus;2020-05-14;5;2020-05-14;1;ter plaatse;gezien;larvenhuidje;onbekend;223137.1962288009;216153.67082209047;5.41629409790039;51.2506408691406;FS6880;Neerpelt - Het Hageven;Neerpelt;Neerpelt;Limburg;ObsMapp;J;Goedgekeurd op basis van expertoordeel;2007-01-01;3;;25;Libellen;Gomphidae;2026-07-08;603;S;zeldzaam
191327854;191327854;Beekrombout;Gomphus vulgatissimus;2020-05-14;5;2020-05-14;1;ter plaatse;gezien;imago;Man;223147.55398894392;216122.83220443223;5.41643619537354;51.2503623962402;FS6880;Neerpelt - Het Hageven;Neerpelt;Neerpelt;Limburg;ObsMapp;J;Goedgekeurd op basis van expertoordeel;2007-01-01;3;;25;Libellen;Gomphidae;2026-07-08;603;S;zeldzaam
191327889;191327889;Beekrombout;Gomphus vulgatissimus;2020-05-14;5;2020-05-14;1;ter plaatse;gezien;imago;Man;222539.8961417928;216519.63722896017;5.40781354904175;51.2540054321289;FS6880;Neerpelt - Het Hageven - Verkeerde lievenheer;Neerpelt;Neerpelt;Limburg;ObsMapp;J;Goedgekeurd op basis van expertoordeel;2007-01-01;3;;25;Libellen;Gomphidae;2026-07-08;603;S;zeldzaam
191327896;191327896;Beekrombout;Gomphus vulgatissimus;2020-05-14;5;2020-05-14;6;ter plaatse;gezien;imago;Man;222512.02710260265;216479.3487363914;5.40740633010864;51.2536468505859;FS6780;Neerpelt - Het Hageven - Verkeerde lievenheer;Neerpelt;Neerpelt;Limburg;ObsMapp;J;Goedgekeurd op basis van expertoordeel;2007-01-01;3;;25;Libellen;Gomphidae;2026-07-08;603;S;zeldzaam
191327917;191327917;Beekrombout;Gomphus vulgatissimus;2020-05-14;5;2020-05-14;1;ter plaatse;gezien;imago;Man;222358.3081424396;216262.42772555072;5.40516138076782;51.2517166137695;FS6780;Neerpelt - Het Hageven - Verkeerde lievenheer;Neerpelt;Neerpelt;Limburg;ObsMapp;J;Goedgekeurd op basis van expertoordeel;2007-01-01;3;;25;Libellen;Gomphidae;2026-07-08;603;S;zeldzaam
191327926;191327926;Beekrombout;Gomphus vulgatissimus;2020-05-14;5;2020-05-14;2;ter plaatse;gezien;imago;Man;222343.55276305295;216234.20798374712;5.40494441986084;51.25146484375;FS6780;Neerpelt - Het Hageven - Verkeerde lievenheer;Neerpelt;Neerpelt;Limburg;ObsMapp;J;Goedgekeurd op basis van expertoordeel;2007-01-01;3;;25;Libellen;Gomphidae;2026-07-08;603;S;zeldzaam
191327935;191327935;Beekrombout;Gomphus vulgatissimus;2020-05-14;5;2020-05-14;1;in copula;gezien;imago;onbekend;222519.4185046689;216105.9365172861;5.40743732452393;51.2502899169922;FS6880;Neerpelt - Het Hageven - Verkeerde lievenheer;Neerpelt;Neerpelt;Limburg;ObsMapp;J;Goedgekeurd op basis van expertoordeel;2007-01-01;3;;25;Libellen;Gomphidae;2026-07-08;603;S;zeldzaam
191327940;191327940;Beekrombout;Gomphus vulgatissimus;2020-05-14;5;2020-05-14;1;ter plaatse;gezien;imago;Vrouw;222511.42543394768;216115.5869662054;5.40732479095459;51.2503776550293;FS6780;Neerpelt - Het Hageven - Verkeerde lievenheer;Neerpelt;Neerpelt;Limburg;ObsMapp;J;Goedgekeurd op basis van expertoordeel;2007-01-01;3;;25;Libellen;Gomphidae;2026-07-08;603;S;zeldzaam
191327941;191327941;Beekrombout;Gomphus vulgatissimus;2020-05-14;5;2020-05-14;5;ter plaatse;gezien;imago;Man;222512.05794376304;216115.59581959248;5.4073338508606;51.2503776550293;FS6880;Neerpelt - Het Hageven - Verkeerde lievenheer;Neerpelt;Neerpelt;Limburg;ObsMapp;J;Goedgekeurd op basis van expertoordeel;2007-01-01;3;;25;Libellen;Gomphidae;2026-07-08;603;S;zeldzaam
191327947;191327947;Beekrombout;Gomphus vulgatissimus;2020-05-14;5;2020-05-14;2;ter plaatse;gezien;imago;Man;222520.98549123696;216103.41175711527;5.4074592590332;51.2502670288086;FS6880;Neerpelt - Het Hageven - Verkeerde lievenheer;Neerpelt;Neerpelt;Limburg;ObsMapp;J;Goedgekeurd op basis van expertoordeel;2007-01-01;3;;25;Libellen;Gomphidae;2026-07-08;603;S;zeldzaam
191327960;191327960;Beekrombout;Gomphus vulgatissimus;2020-05-14;5;2020-05-14;3;ter plaatse;gezien;imago;Man;222571.02284791425;216054.02744425088;5.40816593170166;51.2498168945313;FS6880;Neerpelt - Het Hageven - Verkeerde lievenheer;Neerpelt;Neerpelt;Limburg;ObsMapp;J;Goedgekeurd op basis van expertoordeel;2007-01-01;3;;25;Libellen;Gomphidae;2026-07-08;603;S;zeldzaam
216969296;216969296;Beekrombout;Gomphus vulgatissimus;2021-06-13;6;2021-06-13;1;ter plaatse;gezien;imago;Man;207024.9250802836;213134.7153800093;5.18506526947021;51.2253265380859;FS5277;Mol - Klein Verkallen;Mol;Mol;Antwerpen;ObsMapp;J;Goedgekeurd op basis van expertoordeel;2007-01-01;3;;3;Libellen;Gomphidae;2026-07-08;603;S;zeldzaam
215100391;215100391;Beekrombout;Gomphus vulgatissimus;2021-05-28;5;2021-05-28;1;ter plaatse;gezien;imago;Vrouw;222356.86204790545;216222.93373349216;5.40513277053833;51.2513618469238;FS6780;Neerpelt - Het Hageven - Verkeerde lievenheer;Neerpelt;Neerpelt;Limburg;ObsMapp;J;Goedgekeurd op basis van expertoordeel;2007-01-01;3;;8;Libellen;Gomphidae;2026-07-08;603;S;zeldzaam
215100385;215100385;Beekrombout;Gomphus vulgatissimus;2021-05-28;5;2021-05-28;1;ter plaatse;gezien;imago;Vrouw;222339.9022820836;216221.423525271;5.40488958358765;51.251350402832;FS6780;Neerpelt - Het Hageven - Verkeerde lievenheer;Neerpelt;Neerpelt;Limburg;ObsMapp;J;Goedgekeurd op basis van expertoordeel;2007-01-01;3;;7;Libellen;Gomphidae;2026-07-08;603;S;zeldzaam
215100378;215100378;Beekrombout;Gomphus vulgatissimus;2021-05-28;5;2021-05-28;2;ter plaatse;gezien;imago;Vrouw;222371.2621131303;216288.5000999868;5.4053521156311;51.2519493103027;FS6780;Neerpelt - Het Hageven - Verkeerde lievenheer;Neerpelt;Neerpelt;Limburg;ObsMapp;J;Goedgekeurd op basis van expertoordeel;2007-01-01;3;;12;Libellen;Gomphidae;2026-07-08;603;S;zeldzaam
213722556;213722556;Beekrombout;Gomphus vulgatissimus;2021-05-14;5;2021-05-14;1;ter plaatse;gezien;larvenhuidje;onbekend;209324.8535337492;220010.51497586255;5.21911382675171;51.2868919372559;FS5484;Postel - Golfbaan;Mol;Mol;Antwerpen;ObsMapp;J;Goedgekeurd op basis van expertoordeel;2007-01-01;3;;9;Libellen;Gomphidae;2026-07-08;603;S;zeldzaam
213722555;213722555;Beekrombout;Gomphus vulgatissimus;2021-05-14;5;2021-05-14;1;ter plaatse;gezien;imago, niet uitgekleurd;onbekend;209336.67877997813;220003.4350166768;5.21928215026855;51.2868270874023;FS5484;Postel - Golfbaan;Mol;Mol;Antwerpen;ObsMapp;J;Goedgekeurd op basis van bewijsmateriaal;2007-01-01;3;;5;Libellen;Gomphidae;2026-07-08;603;S;zeldzaam
213722554;213722554;Beekrombout;Gomphus vulgatissimus;2021-05-14;5;2021-05-14;1;ter plaatse;gezien;larvenhuidje;onbekend;209321.5770771972;219982.8886960959;5.21906232833862;51.2866439819336;FS5484;Postel;Mol;Mol;Antwerpen;ObsMapp;J;Goedgekeurd op basis van expertoordeel;2007-01-01;3;;10;Libellen;Gomphidae;2026-07-08;603;S;zeldzaam
213722553;213722553;Beekrombout;Gomphus vulgatissimus;2021-05-14;5;2021-05-14;1;ter plaatse;gezien;imago, niet uitgekleurd;onbekend;209319.13977484987;219980.7385524651;5.21902704238892;51.2866249084473;FS5484;Postel;Mol;Mol;Antwerpen;ObsMapp;J;Goedgekeurd op basis van expertoordeel;2007-01-01;3;;9;Libellen;Gomphidae;2026-07-08;603;S;zeldzaam
192666973;192666973;Beekrombout;Gomphus vulgatissimus;2020-05-28;5;2020-05-28;1;ter plaatse;onbekend;imago;Man;209296.90688009857;219952.47062963716;5.21870374679565;51.2863731384277;FS5484;Postel;Mol;Mol;Antwerpen;copied observation;J;Goedgekeurd op basis van expertoordeel;2007-01-01;3;;25;Libellen;Gomphidae;2026-07-08;603;S;zeldzaam
192688014;192688014;Beekrombout;Gomphus vulgatissimus;2020-05-28;5;2020-05-29;1;ter plaatse;gezien;larvenhuidje;onbekend;209289.307032255;219956.6279862728;5.21859550476074;51.2864112854004;FS5484;Postel;Mol;Mol;Antwerpen;ObsMapp;J;Goedgekeurd op basis van expertoordeel;2007-01-01;3;;25;Libellen;Gomphidae;2026-07-08;603;S;zeldzaam
192688015;192688015;Beekrombout;Gomphus vulgatissimus;2020-05-28;5;2020-05-29;1;ter plaatse;gezien;larvenhuidje;onbekend;209292.1151383706;219958.35792131256;5.21863603591919;51.2864265441895;FS5484;Postel;Mol;Mol;Antwerpen;ObsMapp;J;Goedgekeurd op basis van expertoordeel;2007-01-01;3;;25;Libellen;Gomphidae;2026-07-08;603;S;zeldzaam
192688018;192688018;Beekrombout;Gomphus vulgatissimus;2020-05-28;5;2020-05-29;1;ter plaatse;gezien;larvenhuidje;onbekend;209306.3429660405;219959.36981219333;5.2188401222229;51.286434173584;FS5484;Postel;Mol;Mol;Antwerpen;ObsMapp;J;Goedgekeurd op basis van expertoordeel;2007-01-01;3;;25;Libellen;Gomphidae;2026-07-08;603;S;zeldzaam
192688022;192688022;Beekrombout;Gomphus vulgatissimus;2020-05-28;5;2020-05-29;1;ter plaatse;gezien;imago;Man;209311.4512335125;219960.7016723929;5.21891355514526;51.2864456176758;FS5484;Postel;Mol;Mol;Antwerpen;ObsMapp;J;Goedgekeurd op basis van expertoordeel;2007-01-01;3;;25;Libellen;Gomphidae;2026-07-08;603;S;zeldzaam
192688023;192688023;Beekrombout;Gomphus vulgatissimus;2020-05-28;5;2020-05-29;1;ter plaatse;gezien;imago;Man;209309.38878511987;219960.67803861108;5.21888399124146;51.2864456176758;FS5484;Postel;Mol;Mol;Antwerpen;ObsMapp;J;Goedgekeurd op basis van expertoordeel;2007-01-01;3;;25;Libellen;Gomphidae;2026-07-08;603;S;zeldzaam
192688027;192688027;Beekrombout;Gomphus vulgatissimus;2020-05-28;5;2020-05-29;1;eileggend;gezien;imago;Vrouw;209318.0249119479;219973.51026293825;5.21900987625122;51.2865600585937;FS5484;Postel;Mol;Mol;Antwerpen;ObsMapp;J;Goedgekeurd op basis van expertoordeel;2007-01-01;3;;25;Libellen;Gomphidae;2026-07-08;603;S;zeldzaam
192688029;192688029;Beekrombout;Gomphus vulgatissimus;2020-05-28;5;2020-05-29;1;ter plaatse;gezien;larvenhuidje;onbekend;209318.3908293053;219973.51445657853;5.21901512145996;51.2865600585937;FS5484;Postel;Mol;Mol;Antwerpen;ObsMapp;J;Goedgekeurd op basis van expertoordeel;2007-01-01;3;;25;Libellen;Gomphidae;2026-07-08;603;S;zeldzaam
192688030;192688030;Beekrombout;Gomphus vulgatissimus;2020-05-28;5;2020-05-29;1;in copula;gezien;imago;onbekend;209318.2707977485;219978.181941892;5.21901416778564;51.2866020202637;FS5484;Postel;Mol;Mol;Antwerpen;ObsMapp;J;Goedgekeurd op basis van expertoordeel;2007-01-01;3;;25;Libellen;Gomphidae;2026-07-08;603;S;zeldzaam
192688032;192688032;Beekrombout;Gomphus vulgatissimus;2020-05-28;5;2020-05-29;1;ter plaatse;gezien;imago;Man;209320.06789969865;219975.23144479468;5.21903944015503;51.2865753173828;FS5484;Postel;Mol;Mol;Antwerpen;ObsMapp;J;Goedgekeurd op basis van expertoordeel;2007-01-01;3;;25;Libellen;Gomphidae;2026-07-08;603;S;zeldzaam
192688036;192688036;Beekrombout;Gomphus vulgatissimus;2020-05-28;5;2020-05-29;1;ter plaatse;gezien;larvenhuidje;onbekend;209315.12363725455;219982.81473534837;5.21896982192993;51.2866439819336;FS5484;Postel;Mol;Mol;Antwerpen;ObsMapp;J;Goedgekeurd op basis van expertoordeel;2007-01-01;3;;25;Libellen;Gomphidae;2026-07-08;603;S;zeldzaam
192688037;192688037;Beekrombout;Gomphus vulgatissimus;2020-05-28;5;2020-05-29;1;ter plaatse;gezien;larvenhuidje;onbekend;209318.5312743;219981.5804624064;5.21901845932007;51.2866325378418;FS5484;Postel;Mol;Mol;Antwerpen;ObsMapp;J;Goedgekeurd op basis van expertoordeel;2007-01-01;3;;25;Libellen;Gomphidae;2026-07-08;603;S;zeldzaam
192688038;192688038;Beekrombout;Gomphus vulgatissimus;2020-05-28;5;2020-05-29;1;ter plaatse;gezien;larvenhuidje;onbekend;209319.8797723424;219985.84033650253;5.21903848648071;51.2866706848145;FS5484;Postel;Mol;Mol;Antwerpen;ObsMapp;J;Goedgekeurd op basis van expertoordeel;2007-01-01;3;;25;Libellen;Gomphidae;2026-07-08;603;S;zeldzaam
192688039;192688039;Beekrombout;Gomphus vulgatissimus;2020-05-28;5;2020-05-29;1;ter plaatse;gezien;larvenhuidje;onbekend;209321.5617021809;219987.1329390965;5.21906280517578;51.2866821289063;FS5484;Postel;Mol;Mol;Antwerpen;ObsMapp;J;Goedgekeurd op basis van expertoordeel;2007-01-01;3;;25;Libellen;Gomphidae;2026-07-08;603;S;zeldzaam
192688042;192688042;Beekrombout;Gomphus vulgatissimus;2020-05-28;5;2020-05-29;1;ter plaatse;gezien;larvenhuidje;onbekend;209324.90610215595;219991.4156906549;5.21911144256592;51.2867202758789;FS5484;Postel;Mol;Mol;Antwerpen;ObsMapp;J;Goedgekeurd op basis van expertoordeel;2007-01-01;3;;25;Libellen;Gomphidae;2026-07-08;603;S;zeldzaam
192688043;192688043;Beekrombout;Gomphus vulgatissimus;2020-05-28;5;2020-05-29;1;ter plaatse;gezien;larvenhuidje;onbekend;209324.32192310545;219990.1356690545;5.21910285949707;51.2867088317871;FS5484;Postel;Mol;Mol;Antwerpen;ObsMapp;J;Goedgekeurd op basis van expertoordeel;2007-01-01;3;;25;Libellen;Gomphidae;2026-07-08;603;S;zeldzaam
192688044;192688044;Beekrombout;Gomphus vulgatissimus;2020-05-28;5;2020-05-29;1;ter plaatse;gezien;larvenhuidje;onbekend;209324.76739256145;219994.8096362688;5.21911001205444;51.286750793457;FS5484;Postel;Mol;Mol;Antwerpen;ObsMapp;J;Goedgekeurd op basis van expertoordeel;2007-01-01;3;;25;Libellen;Gomphidae;2026-07-08;603;S;zeldzaam
192688047;192688047;Beekrombout;Gomphus vulgatissimus;2020-05-28;5;2020-05-29;1;ter plaatse;gezien;larvenhuidje;onbekend;209324.83235269997;220000.75256807264;5.21911191940308;51.2868041992188;FS5484;Postel;Mol;Mol;Antwerpen;ObsMapp;J;Goedgekeurd op basis van expertoordeel;2007-01-01;3;;25;Libellen;Gomphidae;2026-07-08;603;S;zeldzaam
192688048;192688048;Beekrombout;Gomphus vulgatissimus;2020-05-28;5;2020-05-29;1;ter plaatse;gezien;larvenhuidje;onbekend;209325.21851067164;219996.0881327996;5.21911668777466;51.2867622375488;FS5484;Postel;Mol;Mol;Antwerpen;ObsMapp;J;Goedgekeurd op basis van expertoordeel;2007-01-01;3;;25;Libellen;Gomphidae;2026-07-08;603;S;zeldzaam
192688054;192688054;Beekrombout;Gomphus vulgatissimus;2020-05-28;5;2020-05-29;1;ter plaatse;gezien;larvenhuidje;onbekend;209321.376869526;220003.25961429067;5.21906280517578;51.2868270874023;FS5484;Postel - Golfbaan;Mol;Mol;Antwerpen;ObsMapp;J;Goedgekeurd op basis van expertoordeel;2007-01-01;3;;25;Libellen;Gomphidae;2026-07-08;603;S;zeldzaam
192688056;192688056;Beekrombout;Gomphus vulgatissimus;2020-05-28;5;2020-05-29;1;ter plaatse;gezien;larvenhuidje;onbekend;209335.55919957755;220014.03323094733;5.21926784515381;51.286922454834;FS5484;Postel - Golfbaan;Mol;Mol;Antwerpen;ObsMapp;J;Goedgekeurd op basis van expertoordeel;2007-01-01;3;;25;Libellen;Gomphidae;2026-07-08;603;S;zeldzaam
192688057;192688057;Beekrombout;Gomphus vulgatissimus;2020-05-28;5;2020-05-29;1;ter plaatse;gezien;larvenhuidje;onbekend;209332.42335357988;220011.87507249136;5.21922254562378;51.2869033813477;FS5484;Postel - Golfbaan;Mol;Mol;Antwerpen;ObsMapp;J;Goedgekeurd op basis van expertoordeel;2007-01-01;3;;25;Libellen;Gomphidae;2026-07-08;603;S;zeldzaam
192688059;192688059;Beekrombout;Gomphus vulgatissimus;2020-05-28;5;2020-05-29;1;ter plaatse;gezien;imago;onbekend;209325.99348590945;220012.6502519399;5.21913051605225;51.2869110107422;FS5484;Postel - Golfbaan;Mol;Mol;Antwerpen;ObsMapp;J;Goedgekeurd op basis van expertoordeel;2007-01-01;3;;25;Libellen;Gomphidae;2026-07-08;603;S;zeldzaam
192688060;192688060;Beekrombout;Gomphus vulgatissimus;2020-05-28;5;2020-05-29;1;ter plaatse;gezien;larvenhuidje;onbekend;209325.35737274916;220010.09630891492;5.21912097930908;51.2868881225586;FS5484;Postel - Golfbaan;Mol;Mol;Antwerpen;ObsMapp;J;Goedgekeurd op basis van expertoordeel;2007-01-01;3;;25;Libellen;Gomphidae;2026-07-08;603;S;zeldzaam
192688062;192688062;Beekrombout;Gomphus vulgatissimus;2020-05-28;5;2020-05-29;1;ter plaatse;gezien;imago;Man;209333.46113678;220022.92246074788;5.21923923492432;51.2870025634766;FS5484;Postel - Golfbaan;Mol;Mol;Antwerpen;ObsMapp;J;Goedgekeurd op basis van expertoordeel;2007-01-01;3;;25;Libellen;Gomphidae;2026-07-08;603;S;zeldzaam
192688064;192688064;Beekrombout;Gomphus vulgatissimus;2020-05-28;5;2020-05-29;1;ter plaatse;gezien;larvenhuidje;onbekend;209334.4291021471;220028.45130324457;5.21925401687622;51.287052154541;FS5484;Postel - Golfbaan;Mol;Mol;Antwerpen;ObsMapp;J;Goedgekeurd op basis van expertoordeel;2007-01-01;3;;25;Libellen;Gomphidae;2026-07-08;603;S;zeldzaam
192688066;192688066;Beekrombout;Gomphus vulgatissimus;2020-05-28;5;2020-05-29;1;ter plaatse;gezien;larvenhuidje;onbekend;209313.34637911164;220018.8719330039;5.21895027160645;51.2869682312012;FS5484;Postel - Golfbaan;Mol;Mol;Antwerpen;ObsMapp;J;Goedgekeurd op basis van expertoordeel;2007-01-01;3;;25;Libellen;Gomphidae;2026-07-08;603;S;zeldzaam
192688067;192688067;Beekrombout;Gomphus vulgatissimus;2020-05-28;5;2020-05-29;1;ter plaatse;gezien;larvenhuidje;onbekend;209313.34637911164;220018.8719330039;5.21895027160645;51.2869682312012;FS5484;Postel - Golfbaan;Mol;Mol;Antwerpen;ObsMapp;J;Goedgekeurd op basis van expertoordeel;2007-01-01;3;;25;Libellen;Gomphidae;2026-07-08;603;S;zeldzaam
356258137;356258137;Beekrombout;Gomphus vulgatissimus;2025-06-13;6;2025-06-13;1;ter plaatse;gezien;imago;Man;207370.50206414703;214706.3765994031;5.190260887145996;51.23941802978516;FS5278;Mol - Kempisch kanaal - Kanaal thv Molse zandputten;Mol;Mol;Antwerpen;ObsMapp;J;Goedgekeurd op basis van expertoordeel;2026-06-13;3;;7;Libellen;Gomphidae;2026-07-08;603;S;zeldzaam
308606859;308606859;Beekrombout;Gomphus vulgatissimus;2024-05-08;5;2024-05-09;5;ter plaatse;gezien;larvenhuidje;onbekend;228926.51800974892;215892.2811482316;5.499144554138184;51.24752807617188;FS7480;Achel - Warande;Hamont-Achel;Achel;Limburg;ObsMapp;J;Goedgekeurd op basis van expertoordeel;1980-01-01;3;;4;Libellen;Gomphidae;2026-07-08;603;S;zeldzaam
308606867;308606867;Beekrombout;Gomphus vulgatissimus;2024-05-08;5;2024-05-09;2;ter plaatse;gezien;imago, niet uitgekleurd;onbekend;228927.64991818627;215892.29839189255;5.4991607666015625;51.24752807617188;FS7480;Achel - Warande;Hamont-Achel;Achel;Limburg;ObsMapp;J;Goedgekeurd op basis van expertoordeel;1980-01-01;3;;3;Libellen;Gomphidae;2026-07-08;603;S;zeldzaam
308607051;308607051;Beekrombout;Gomphus vulgatissimus;2024-05-08;5;2024-05-09;2;ter plaatse;gezien;imago, niet uitgekleurd;onbekend;228929.46318248817;215882.5635152208;5.499184608459473;51.247440338134766;FS7480;Achel - Warande;Hamont-Achel;Achel;Limburg;ObsMapp;J;Goedgekeurd op basis van expertoordeel;1980-01-01;3;;3;Libellen;Gomphidae;2026-07-08;603;S;zeldzaam
308607058;308607058;Beekrombout;Gomphus vulgatissimus;2024-05-08;5;2024-05-09;1;ter plaatse;gezien;larvenhuidje;onbekend;228978.89895129408;215774.2315576477;5.499868869781494;51.2464599609375;FS7480;Achel - Warande;Hamont-Achel;Achel;Limburg;ObsMapp;J;Goedgekeurd op basis van expertoordeel;1980-01-01;3;;16;Libellen;Gomphidae;2026-07-08;603;S;zeldzaam
308607070;308607070;Beekrombout;Gomphus vulgatissimus;2024-05-08;5;2024-05-09;2;ter plaatse;gezien;larvenhuidje;onbekend;229016.3982048427;216472.6106742397;5.500558376312256;51.25273132324219;FS7480;Achel - Warande;Hamont-Achel;Achel;Limburg;ObsMapp;J;Goedgekeurd op basis van expertoordeel;1980-01-01;3;;9;Libellen;Gomphidae;2026-07-08;603;S;zeldzaam
308607078;308607078;Beekrombout;Gomphus vulgatissimus;2024-05-08;5;2024-05-09;2;ter plaatse;gezien;larvenhuidje;onbekend;229015.12125332176;216460.28192785569;5.500537395477295;51.25262069702149;FS7480;Achel - Warande;Hamont-Achel;Achel;Limburg;ObsMapp;J;Goedgekeurd op basis van expertoordeel;1980-01-01;3;;3;Libellen;Gomphidae;2026-07-08;603;S;zeldzaam
308607082;308607082;Beekrombout;Gomphus vulgatissimus;2024-05-08;5;2024-05-09;1;ter plaatse;gezien;larvenhuidje;onbekend;229020.76999543695;216467.5838685725;5.500619888305664;51.252685546875;FS7480;Achel - Warande;Hamont-Achel;Achel;Limburg;ObsMapp;J;Goedgekeurd op basis van expertoordeel;1980-01-01;3;;3;Libellen;Gomphidae;2026-07-08;603;S;zeldzaam
308607089;308607089;Beekrombout;Gomphus vulgatissimus;2024-05-08;5;2024-05-09;1;ter plaatse;gezien;larvenhuidje;onbekend;229020.23091866483;216468.0001031309;5.500612258911133;51.252689361572266;FS7480;Achel - Warande;Hamont-Achel;Achel;Limburg;ObsMapp;J;Goedgekeurd op basis van expertoordeel;1980-01-01;3;;3;Libellen;Gomphidae;2026-07-08;603;S;zeldzaam
308607095;308607095;Beekrombout;Gomphus vulgatissimus;2024-05-08;5;2024-05-09;1;ter plaatse;gezien;imago, niet uitgekleurd;onbekend;229018.7255750548;216466.2793108812;5.500590324401856;51.2526741027832;FS7480;Achel - Warande;Hamont-Achel;Achel;Limburg;ObsMapp;J;Goedgekeurd op basis van expertoordeel;1980-01-01;3;;3;Libellen;Gomphidae;2026-07-08;603;S;zeldzaam
308607102;308607102;Beekrombout;Gomphus vulgatissimus;2024-05-08;5;2024-05-09;2;ter plaatse;gezien;larvenhuidje;onbekend;229019.62895639864;216476.90452991333;5.500605583190918;51.25276947021485;FS7480;Achel - Warande;Hamont-Achel;Achel;Limburg;ObsMapp;J;Goedgekeurd op basis van expertoordeel;1980-01-01;3;;3;Libellen;Gomphidae;2026-07-08;603;S;zeldzaam
308607106;308607106;Beekrombout;Gomphus vulgatissimus;2024-05-08;5;2024-05-09;1;ter plaatse;gezien;larvenhuidje;onbekend;229022.27347150145;216480.34052994568;5.500644207000732;51.25279998779297;FS7480;Achel - Warande;Hamont-Achel;Achel;Limburg;ObsMapp;J;Goedgekeurd op basis van expertoordeel;1980-01-01;3;;3;Libellen;Gomphidae;2026-07-08;603;S;zeldzaam
308607112;308607112;Beekrombout;Gomphus vulgatissimus;2024-05-08;5;2024-05-09;3;ter plaatse;gezien;larvenhuidje;onbekend;229023.178711348;216479.9298811872;5.500657081604004;51.2527961730957;FS7480;Achel - Warande;Hamont-Achel;Achel;Limburg;ObsMapp;J;Goedgekeurd op basis van expertoordeel;1980-01-01;3;;3;Libellen;Gomphidae;2026-07-08;603;S;zeldzaam
308607336;308607336;Beekrombout;Gomphus vulgatissimus;2024-05-08;5;2024-05-09;2;ter plaatse;gezien;larvenhuidje;onbekend;229022.54808828607;216484.1648373222;5.5006489753723145;51.25283432006836;FS7480;Achel - Warande;Hamont-Achel;Achel;Limburg;ObsMapp;J;Goedgekeurd op basis van expertoordeel;1980-01-01;3;;3;Libellen;Gomphidae;2026-07-08;603;S;zeldzaam
308607338;308607338;Beekrombout;Gomphus vulgatissimus;2024-05-08;5;2024-05-09;1;ter plaatse;gezien;larvenhuidje;onbekend;229021.1712710017;216487.115038258;5.500629901885986;51.25286102294922;FS7480;Achel - Warande;Hamont-Achel;Achel;Limburg;ObsMapp;J;Goedgekeurd op basis van expertoordeel;1980-01-01;3;;3;Libellen;Gomphidae;2026-07-08;603;S;zeldzaam
308607343;308607343;Beekrombout;Gomphus vulgatissimus;2024-05-08;5;2024-05-09;1;ter plaatse;gezien;larvenhuidje;onbekend;229050.33394048465;216493.926833652;5.501049041748047;51.2529182434082;FS7480;Achel - Warande;Hamont-Achel;Achel;Limburg;ObsMapp;J;Goedgekeurd op basis van expertoordeel;1980-01-01;3;;12;Libellen;Gomphidae;2026-07-08;603;S;zeldzaam
308607345;308607345;Beekrombout;Gomphus vulgatissimus;2024-05-08;5;2024-05-09;1;ter plaatse;gezien;larvenhuidje;onbekend;229029.15657719912;216494.0281744208;5.50074577331543;51.25292205810547;FS7480;Achel - Warande;Hamont-Achel;Achel;Limburg;ObsMapp;J;Goedgekeurd op basis van expertoordeel;1980-01-01;3;;3;Libellen;Gomphidae;2026-07-08;603;S;zeldzaam
308607349;308607349;Beekrombout;Gomphus vulgatissimus;2024-05-08;5;2024-05-09;1;ter plaatse;gezien;larvenhuidje;onbekend;229031.0021760629;216497.45199144445;5.500772953033447;51.2529525756836;FS7480;Achel - Warande;Hamont-Achel;Achel;Limburg;ObsMapp;J;Goedgekeurd op basis van expertoordeel;1980-01-01;3;;9;Libellen;Gomphidae;2026-07-08;603;S;zeldzaam
308607351;308607351;Beekrombout;Gomphus vulgatissimus;2024-05-08;5;2024-05-09;1;ter plaatse;gezien;larvenhuidje;onbekend;229025.4940257378;216491.85001321323;5.500692844390869;51.25290298461914;FS7480;Achel - Warande;Hamont-Achel;Achel;Limburg;ObsMapp;J;Goedgekeurd op basis van expertoordeel;1980-01-01;3;;3;Libellen;Gomphidae;2026-07-08;603;S;zeldzaam
308607433;308607433;Beekrombout;Gomphus vulgatissimus;2024-05-08;5;2024-05-09;1;ter plaatse;gezien;larvenhuidje;onbekend;229028.19771172284;216493.5890888162;5.500731945037842;51.2529182434082;FS7480;Achel - Warande;Hamont-Achel;Achel;Limburg;ObsMapp;J;Goedgekeurd op basis van expertoordeel;1980-01-01;3;;3;Libellen;Gomphidae;2026-07-08;603;S;zeldzaam
308612226;308612226;Beekrombout;Gomphus vulgatissimus;2024-05-08;5;2024-05-09;1;ter plaatse;gezien;larvenhuidje;onbekend;229026.1385172725;216488.8886416657;5.500701427459717;51.25287628173828;FS7480;Achel - Warande;Hamont-Achel;Achel;Limburg;ObsMapp;J;Goedgekeurd op basis van expertoordeel;1980-01-01;3;;3;Libellen;Gomphidae;2026-07-08;603;S;zeldzaam
308612230;308612230;Beekrombout;Gomphus vulgatissimus;2024-05-08;5;2024-05-09;1;ter plaatse;gezien;larvenhuidje;onbekend;229022.7144997942;216499.44784954563;5.500654697418213;51.25297164916992;FS7480;Achel - Warande;Hamont-Achel;Achel;Limburg;ObsMapp;J;Goedgekeurd op basis van expertoordeel;1980-01-01;3;;3;Libellen;Gomphidae;2026-07-08;603;S;zeldzaam
308612236;308612236;Beekrombout;Gomphus vulgatissimus;2024-05-08;5;2024-05-09;3;ter plaatse;gezien;larvenhuidje;onbekend;229023.39411765884;216500.73158959489;5.500664710998535;51.25298309326172;FS7480;Achel - Warande;Hamont-Achel;Achel;Limburg;ObsMapp;J;Goedgekeurd op basis van expertoordeel;1980-01-01;3;;3;Libellen;Gomphidae;2026-07-08;603;S;zeldzaam
308612239;308612239;Beekrombout;Gomphus vulgatissimus;2024-05-08;5;2024-05-09;1;ter plaatse;gezien;imago, niet uitgekleurd;onbekend;229029.10198537665;216506.3366126968;5.500747680664063;51.25303268432617;FS7480;Achel - Warande;Hamont-Achel;Achel;Limburg;ObsMapp;J;Goedgekeurd op basis van expertoordeel;1980-01-01;3;;3;Libellen;Gomphidae;2026-07-08;603;S;zeldzaam
308612244;308612244;Beekrombout;Gomphus vulgatissimus;2024-05-08;5;2024-05-09;1;ter plaatse;gezien;larvenhuidje;onbekend;229029.06869789548;216506.33610487543;5.500747203826904;51.25303268432617;FS7480;Achel - Warande;Hamont-Achel;Achel;Limburg;ObsMapp;J;Goedgekeurd op basis van expertoordeel;1980-01-01;3;;3;Libellen;Gomphidae;2026-07-08;603;S;zeldzaam
308612256;308612256;Beekrombout;Gomphus vulgatissimus;2024-05-08;5;2024-05-09;1;ter plaatse;gezien;larvenhuidje;onbekend;229028.32989950496;216506.7492917273;5.500736713409424;51.25303649902344;FS7480;Achel - Warande;Hamont-Achel;Achel;Limburg;ObsMapp;J;Goedgekeurd op basis van expertoordeel;1980-01-01;3;;3;Libellen;Gomphidae;2026-07-08;603;S;zeldzaam
308612259;308612259;Beekrombout;Gomphus vulgatissimus;2024-05-08;5;2024-05-09;2;ter plaatse;gezien;imago, niet uitgekleurd;onbekend;229028.95588774452;216507.1832991559;5.50074577331543;51.2530403137207;FS7480;Achel - Warande;Hamont-Achel;Achel;Limburg;ObsMapp;J;Goedgekeurd op basis van expertoordeel;1980-01-01;3;;3;Libellen;Gomphidae;2026-07-08;603;S;zeldzaam
308612423;308612423;Beekrombout;Gomphus vulgatissimus;2024-05-08;5;2024-05-09;2;ter plaatse;gezien;larvenhuidje;onbekend;229032.3465697062;216511.90406126063;5.500795364379883;51.25308227539063;FS7480;Achel - Warande;Hamont-Achel;Achel;Limburg;ObsMapp;J;Goedgekeurd op basis van expertoordeel;1980-01-01;3;;3;Libellen;Gomphidae;2026-07-08;603;S;zeldzaam
308612428;308612428;Beekrombout;Gomphus vulgatissimus;2024-05-08;5;2024-05-09;1;ter plaatse;gezien;larvenhuidje;onbekend;229034.1523980423;216515.7517306628;5.500822067260742;51.253116607666016;FS7480;Achel - Warande;Hamont-Achel;Achel;Limburg;ObsMapp;J;Goedgekeurd op basis van expertoordeel;1980-01-01;3;;3;Libellen;Gomphidae;2026-07-08;603;S;zeldzaam
308612431;308612431;Beekrombout;Gomphus vulgatissimus;2024-05-08;5;2024-05-09;1;ter plaatse;gezien;larvenhuidje;onbekend;229035.2527139166;216520.01309449505;5.500838756561279;51.25315475463867;FS7480;Achel - Warande;Hamont-Achel;Achel;Limburg;ObsMapp;J;Goedgekeurd op basis van expertoordeel;1980-01-01;3;;3;Libellen;Gomphidae;2026-07-08;603;S;zeldzaam
308612435;308612435;Beekrombout;Gomphus vulgatissimus;2024-05-08;5;2024-05-09;6;ter plaatse;gezien;larvenhuidje;onbekend;229035.3266785231;216521.7120536212;5.500840187072754;51.25317001342773;FS7480;Achel - Warande;Hamont-Achel;Achel;Limburg;ObsMapp;J;Goedgekeurd op basis van expertoordeel;1980-01-01;3;;3;Libellen;Gomphidae;2026-07-08;603;S;zeldzaam
308612450;308612450;Beekrombout;Gomphus vulgatissimus;2024-05-08;5;2024-05-09;1;ter plaatse;gezien;imago;Vrouw;229034.6906783721;216525.9290793613;5.500831999999946;51.253208;FS7480;Achel - Warande;Hamont-Achel;Achel;Limburg;ObsMapp;J;Goedgekeurd op basis van bewijsmateriaal;1980-01-01;3;;5;Libellen;Gomphidae;2026-07-08;603;S;zeldzaam
308612455;308612455;Beekrombout;Gomphus vulgatissimus;2024-05-08;5;2024-05-09;1;ter plaatse;gezien;larvenhuidje;onbekend;228777.62608704917;218572.16805056483;5.497596263885498;51.27163314819336;FS7482;Warmbeekvallei - Grevenbroek (LiLa);Hamont-Achel;Achel;Limburg;ObsMapp;J;Goedgekeurd op basis van expertoordeel;1980-01-01;3;;3;Libellen;Gomphidae;2026-07-08;603;S;zeldzaam
308612458;308612458;Beekrombout;Gomphus vulgatissimus;2024-05-08;5;2024-05-09;1;ter plaatse;gezien;imago, niet uitgekleurd;onbekend;228775.0897952864;218570.43162390497;5.497559547424316;51.2716178894043;FS7482;Warmbeekvallei - Grevenbroek (LiLa);Hamont-Achel;Achel;Limburg;ObsMapp;J;Goedgekeurd op basis van expertoordeel;1980-01-01;3;;7;Libellen;Gomphidae;2026-07-08;603;S;zeldzaam
308612461;308612461;Beekrombout;Gomphus vulgatissimus;2024-05-08;5;2024-05-09;1;ter plaatse;gezien;larvenhuidje;onbekend;228776.17641208335;218560.26110136692;5.497572898864746;51.27152633666992;FS7482;Warmbeekvallei - Grevenbroek (LiLa);Hamont-Achel;Achel;Limburg;ObsMapp;J;Goedgekeurd op basis van expertoordeel;1980-01-01;3;;3;Libellen;Gomphidae;2026-07-08;603;S;zeldzaam
308612581;308612581;Beekrombout;Gomphus vulgatissimus;2024-05-08;5;2024-05-09;1;ter plaatse;gezien;larvenhuidje;onbekend;228783.9203778401;218569.71704724804;5.49768590927124;51.271610260009766;FS7482;Warmbeekvallei - Grevenbroek (LiLa);Hamont-Achel;Achel;Limburg;ObsMapp;J;Goedgekeurd op basis van expertoordeel;1980-01-01;3;;3;Libellen;Gomphidae;2026-07-08;603;S;zeldzaam
308612592;308612592;Beekrombout;Gomphus vulgatissimus;2024-05-08;5;2024-05-09;1;ter plaatse;gezien;larvenhuidje;onbekend;228789.5382556843;218572.34928630944;5.497766971588135;51.27163314819336;FS7482;Warmbeekvallei - Grevenbroek (LiLa);Hamont-Achel;Achel;Limburg;ObsMapp;J;Goedgekeurd op basis van expertoordeel;1980-01-01;3;;3;Libellen;Gomphidae;2026-07-08;603;S;zeldzaam
308612621;308612621;Beekrombout;Gomphus vulgatissimus;2024-05-08;5;2024-05-09;2;ter plaatse;gezien;larvenhuidje;onbekend;228793.9925189397;218577.08612837736;5.49783182144165;51.27167510986328;FS7483;Warmbeekvallei - Grevenbroek (LiLa);Hamont-Achel;Achel;Limburg;ObsMapp;J;Goedgekeurd op basis van expertoordeel;1980-01-01;3;;3;Libellen;Gomphidae;2026-07-08;603;S;zeldzaam
308612863;308612863;Beekrombout;Gomphus vulgatissimus;2024-05-08;5;2024-05-09;2;ter plaatse;gezien;larvenhuidje;Vrouw;228823.14096132465;218664.9686452709;5.4982686042785645;51.2724609375;FS7483;Warmbeekvallei - Grevenbroek (LiLa);Hamont-Achel;Achel;Limburg;ObsMapp;J;Goedgekeurd op basis van expertoordeel;1980-01-01;3;;7;Libellen;Gomphidae;2026-07-08;603;S;zeldzaam
308626660;308626660;Beekrombout;Gomphus vulgatissimus;2024-05-08;5;2024-05-09;2;ter plaatse;gezien;larvenhuidje;onbekend;228931.02238358167;215885.1340085268;5.499207496643066;51.24746322631836;FS7480;Achel - Warande;Hamont-Achel;Achel;Limburg;ObsMapp;J;Goedgekeurd op basis van expertoordeel;1980-01-01;3;;3;Libellen;Gomphidae;2026-07-08;603;S;zeldzaam
308626662;308626662;Beekrombout;Gomphus vulgatissimus;2024-05-08;5;2024-05-09;1;ter plaatse;gezien;imago;onbekend;229024.6239156153;216496.50577355176;5.500681400299072;51.25294494628906;FS7480;Achel - Warande;Hamont-Achel;Achel;Limburg;ObsMapp;J;Goedgekeurd op basis van expertoordeel;1980-01-01;3;;3;Libellen;Gomphidae;2026-07-08;603;S;zeldzaam
308626663;308626663;Beekrombout;Gomphus vulgatissimus;2024-05-08;5;2024-05-09;1;ter plaatse;gezien;larvenhuidje;onbekend;229023.4228020665;216490.12058691029;5.500662803649902;51.25288772583008;FS7480;Achel - Warande;Hamont-Achel;Achel;Limburg;ObsMapp;J;Goedgekeurd op basis van expertoordeel;1980-01-01;3;;3;Libellen;Gomphidae;2026-07-08;603;S;zeldzaam
308626666;308626666;Beekrombout;Gomphus vulgatissimus;2024-05-08;5;2024-05-09;2;ter plaatse;gezien;larvenhuidje;onbekend;229027.22493899692;216507.1568927653;5.500720977783203;51.2530403137207;FS7480;Achel - Warande;Hamont-Achel;Achel;Limburg;ObsMapp;J;Goedgekeurd op basis van expertoordeel;1980-01-01;3;;3;Libellen;Gomphidae;2026-07-08;603;S;zeldzaam
191416921;191416921;Beekrombout;Gomphus vulgatissimus;2020-05-15;5;2020-05-15;1;ter plaatse;onbekend;imago;onbekend;228986.85466342876;218224.72773090005;5.500518;51.268482;FS7482;Warmbeekvallei - Grevenbroek (LiLa);Hamont-Achel;Achel;Limburg;ObsMapp;J;Goedgekeurd op basis van expertoordeel;2007-01-01;3;;25;Libellen;Gomphidae;2026-07-08;603;S;zeldzaam
191756919;191756919;Beekrombout;Gomphus vulgatissimus;2020-05-19;5;2020-05-19;1;ter plaatse;onbekend;onbekend;onbekend;218965.60618803324;216861.3069507638;5.356687068888888;51.25751495361112;FS6481;Lommel - Kolonie;Lommel;Lommel;Limburg;ObsIdentify;J;Goedgekeurd op basis van bewijsmateriaal;1980-01-01;3;;25;Libellen;Gomphidae;2026-07-08;603;S;zeldzaam
401126258;401126258;Beekrombout;Gomphus vulgatissimus;2026-05-26;5;2026-05-26;1;foeragerend;gezien;imago;Man;222292.54694375143;212107.8794429256;5.403389930725098;51.214385986328125;FS6776;  ;Overpelt;Overpelt;Limburg;ObsMapp;J;Goedgekeurd op basis van bewijsmateriaal;1980-01-01;3;;1;Libellen;Gomphidae;2026-07-08;603;S;zeldzaam
192645793;192645793;Beekrombout;Gomphus vulgatissimus;2020-05-28;5;2020-05-28;1;ter plaatse;onbekend;imago;Man;209296.90688009857;219952.47062963716;5.21870374679565;51.2863731384277;FS5484;Postel;Mol;Mol;Antwerpen;ObsMapp;J;Goedgekeurd op basis van bewijsmateriaal;2007-01-01;3;;25;Libellen;Gomphidae;2026-07-08;603;S;zeldzaam
349377818;349377818;Beekrombout;Gomphus vulgatissimus;2025-05-09;5;2025-05-09;1;ter plaatse;onbekend;imago;Man;207603.04335735348;214835.57008583192;5.193611000000033;51.240556;FS5378;Mol - Den Diel - Ten zuiden van Sprietputten;Mol;Mol;Antwerpen;Site;J;Goedgekeurd op basis van bewijsmateriaal;1980-01-01;4;;999;Libellen;Gomphidae;2026-07-08;603;S;zeldzaam
216254109;216254109;Beekrombout;Gomphus vulgatissimus;2021-06-07;6;2021-06-07;2;ter plaatse;gezien;imago;onbekend;209422.0631926347;210158.3025625432;5.218889;51.198333;FS5574;Bankei;Mol;Mol;Antwerpen;Site;J;Goedgekeurd op basis van bewijsmateriaal;1980-01-01;4;;25;Libellen;Gomphidae;2026-07-08;603;S;zeldzaam
192808080;192808080;Beekrombout;Gomphus vulgatissimus;2020-05-30;5;2020-05-30;2;ter plaatse;gezien;imago;onbekend;209136.9544230895;210362.4337654058;5.2148437;51.200197;FS5474;Bankei;Mol;Mol;Antwerpen;Site;J;Goedgekeurd op basis van bewijsmateriaal;1980-01-01;4;;15;Libellen;Gomphidae;2026-07-08;603;S;zeldzaam
242771385;242771385;Beekrombout;Gomphus vulgatissimus;2022-05-22;5;2022-05-24;6;ter plaatse;gezien;imago;onbekend;209225.0719557556;210403.38215305563;5.216111;51.200556;FS5474;Bankei;Mol;Mol;Antwerpen;Site;J;Goedgekeurd op basis van bewijsmateriaal;1980-01-01;4;;25;Libellen;Gomphidae;2026-07-08;603;S;zeldzaam
242890399;242890399;Beekrombout;Gomphus vulgatissimus;2022-05-25;5;2022-05-25;2;ter plaatse;gezien;imago;onbekend;205385.9481831855;211720.7781569241;5.161389;51.212778;FS5075;  ;Mol;Mol;Antwerpen;Site;J;Goedgekeurd op basis van bewijsmateriaal;1980-01-01;4;;25;Libellen;Gomphidae;2026-07-08;603;S;zeldzaam
274058436;274058436;Beekrombout;Gomphus vulgatissimus;2023-05-29;5;2023-05-30;3;ter plaatse;gezien;imago;onbekend;209264.63832445975;210341.9730808409;5.2166670000000295;51.2;FS5474;Bankei;Mol;Mol;Antwerpen;Site;J;Goedgekeurd op basis van bewijsmateriaal;1980-01-01;4;;25;Libellen;Gomphidae;2026-07-08;603;S;zeldzaam
241352929;241352929;Beekrombout;Gomphus vulgatissimus;2022-05-12;5;2022-05-13;5;ter plaatse;gezien;imago;onbekend;209264.6383244577;210341.9730808409;5.216667;51.2;FS5474;Bankei;Mol;Mol;Antwerpen;Site;J;Goedgekeurd op basis van bewijsmateriaal;1980-01-01;4;;25;Libellen;Gomphidae;2026-07-08;603;S;zeldzaam
215202580;215202580;Beekrombout;Gomphus vulgatissimus;2021-05-29;5;2021-05-29;1;ter plaatse;gezien;imago;Man;206686.0067792134;204657.4978698874;5.178889;51.149167;FS5268;Balen - Scheps;Balen;Balen;Antwerpen;Site;J;Goedgekeurd op basis van bewijsmateriaal;1980-01-01;4;;25;Libellen;Gomphidae;2026-07-08;603;S;zeldzaam
347789765;347789765;Beekrombout;Gomphus vulgatissimus;2025-05-01;5;2025-05-01;1;ter plaatse;onbekend;imago;Vrouw;209499.36101615848;210190.119449676;5.220000000000027;51.198611;FS5574;Bankei;Mol;Mol;Antwerpen;Site;J;Goedgekeurd op basis van bewijsmateriaal;1980-01-01;4;;999;Libellen;Gomphidae;2026-07-08;603;S;zeldzaam
350425406;350425406;Beekrombout;Gomphus vulgatissimus;2025-05-14;5;2025-05-14;6;ter plaatse;onbekend;imago;onbekend;206762.08789626145;213682.7376656188;5.181388999999967;51.230278;FS5277;Molse zandputten - Kanaalplas;Mol;Mol;Antwerpen;Site;J;Goedgekeurd op basis van bewijsmateriaal;1980-01-01;4;;999;Libellen;Gomphidae;2026-07-08;603;S;zeldzaam
191985115;191985115;Beekrombout;Gomphus vulgatissimus;2020-05-20;5;2020-05-21;4;ter plaatse;gezien;imago;onbekend;207292.4593120644;214716.0795942461;5.189145;51.239513;FS5278;Mol - Den Diel - West - Ten zuiden van beek;Mol;Mol;Antwerpen;Site;J;Goedgekeurd op basis van bewijsmateriaal;1980-01-01;4;;25;Libellen;Gomphidae;2026-07-08;603;S;zeldzaam
191098374;191098374;Beekrombout;Gomphus vulgatissimus;2020-05-09;5;2020-05-11;3;ter plaatse;gezien;imago;onbekend;209135.3103069141;210375.43255182728;5.2148223;51.200314;FS5474;Bankei;Mol;Mol;Antwerpen;Site;J;Goedgekeurd op basis van bewijsmateriaal;1980-01-01;4;;15;Libellen;Gomphidae;2026-07-08;603;S;zeldzaam
396071914;396071914;Beekrombout;Gomphus vulgatissimus;2026-05-02;5;2026-05-03;2;ter plaatse;onbekend;imago;onbekend;209538.57714163576;210159.63899737503;5.220555999999988;51.198333;FS5574;Bankei;Mol;Mol;Antwerpen;Site;J;Goedgekeurd op basis van bewijsmateriaal;1980-01-01;4;;999;Libellen;Gomphidae;2026-07-08;603;S;zeldzaam
216594879;216594879;Beekrombout;Gomphus vulgatissimus;2021-06-10;6;2021-06-10;2;ter plaatse;gezien;imago;onbekend;207236.1801355282;214676.96080753487;5.188333;51.239167;FS5278;Mol - Den Diel - West - Ten zuiden van beek;Mol;Mol;Antwerpen;Site;J;Goedgekeurd op basis van bewijsmateriaal;1980-01-01;4;;25;Libellen;Gomphidae;2026-07-08;603;S;zeldzaam
215065267;215065267;Beekrombout;Gomphus vulgatissimus;2021-05-28;5;2021-05-28;4;ter plaatse;gezien;imago;onbekend;209128.345858749;210371.34773694817;5.214722;51.200278;FS5474;Bankei;Mol;Mol;Antwerpen;Site;J;Goedgekeurd op basis van bewijsmateriaal;1980-01-01;4;;25;Libellen;Gomphidae;2026-07-08;603;S;zeldzaam
272343839;272343839;Beekrombout;Gomphus vulgatissimus;2023-05-18;5;2023-05-19;4;ter plaatse;gezien;imago;onbekend;209285.0578406112;210249.5260807816;5.216944000000012;51.199167;FS5474;Bankei;Mol;Mol;Antwerpen;Site;J;Goedgekeurd op basis van bewijsmateriaal;1980-01-01;4;;25;Libellen;Gomphidae;2026-07-08;603;S;zeldzaam
190545348;190545348;Beekrombout;Gomphus vulgatissimus;2020-05-05;5;2020-05-05;1;ter plaatse;onbekend;imago, niet uitgekleurd;onbekend;185094.72786743287;209397.301281306;4.8707864;51.193486;FS3073;Herentals - Schoutenheiven;Herentals;Herentals;Antwerpen;Site;J;Goedgekeurd op basis van bewijsmateriaal;1980-01-01;4;;30;Libellen;Gomphidae;2026-07-08;603;S;zeldzaam
397646129;397646129;Beekrombout;Gomphus vulgatissimus;2026-05-10;5;2026-05-10;1;ter plaatse;gezien;imago;Man;207200.31114267427;213415.07629408408;5.187620000000038;51.227829;FS5277;Mol - Klein Verkallen;Mol;Mol;Antwerpen;Site;J;Goedgekeurd op basis van bewijsmateriaal;1980-01-01;3;;15;Libellen;Gomphidae;2026-07-08;603;S;zeldzaam
190359371;190359371;Beekrombout;Gomphus vulgatissimus;2020-05-03;5;2020-05-04;1;ter plaatse;gezien;imago;onbekend;209189.0341030552;219484.68737017363;5.217081;51.28218;FS5483;Postel;Mol;Mol;Antwerpen;Site;J;Goedgekeurd op basis van bewijsmateriaal;1980-01-01;3;Is dit een vrouwtje?;25;Libellen;Gomphidae;2026-07-08;603;S;zeldzaam
191723388;191723388;Beekrombout;Gomphus vulgatissimus;2020-05-18;5;2020-05-19;1;ter plaatse;gezien;imago;Man;208254.015365298;213662.6893995861;5.2027431;51.229949;FS5377;Molse Zandputten - De Maat (volledig);Mol;Mol;Antwerpen;Site;J;Goedgekeurd op basis van bewijsmateriaal;1980-01-01;3;;15;Libellen;Gomphidae;2026-07-08;603;S;zeldzaam
194550827;194550827;Beekrombout;Gomphus vulgatissimus;2020-06-20;6;2020-06-21;1;ter plaatse;gezien;imago;Man;209335.9792112222;219990.510542145;5.21927;51.286711;FS5484;Postel;Mol;Mol;Antwerpen;Site;J;Goedgekeurd op basis van bewijsmateriaal;1980-01-01;3;;25;Libellen;Gomphidae;2026-07-08;603;S;zeldzaam
190831335;190831335;Beekrombout;Gomphus vulgatissimus;2020-05-07;5;2020-05-09;1;ter plaatse;gezien;imago;Man;207029.25925142795;213399.39463368617;5.185169;51.227705;FS5277;Mol - Klein Verkallen;Mol;Mol;Antwerpen;Site;J;Goedgekeurd op basis van bewijsmateriaal;1980-01-01;3;;25;Libellen;Gomphidae;2026-07-08;603;S;zeldzaam
190116476;190116476;Beekrombout;Gomphus vulgatissimus;2020-05-01;5;2020-05-01;1;ter plaatse;gezien;imago, niet uitgekleurd;onbekend;209234.15396155225;219781.5014869049;5.2177763;51.284843;FS5483;Postel;Mol;Mol;Antwerpen;Site;J;Goedgekeurd op basis van bewijsmateriaal;1980-01-01;3;;30;Libellen;Gomphidae;2026-07-08;603;S;zeldzaam
194550909;194550909;Beekrombout;Gomphus vulgatissimus;2020-06-20;6;2020-06-21;1;ter plaatse;gezien;imago;Man;209335.9792112222;219990.510542145;5.21927;51.286711;FS5484;Postel;Mol;Mol;Antwerpen;Site;J;Goedgekeurd op basis van bewijsmateriaal;1980-01-01;3;;25;Libellen;Gomphidae;2026-07-08;603;S;zeldzaam
194550925;194550925;Beekrombout;Gomphus vulgatissimus;2020-06-20;6;2020-06-21;1;ter plaatse;gezien;imago;Vrouw;209335.9792112222;219990.510542145;5.21927;51.286711;FS5484;Postel;Mol;Mol;Antwerpen;Site;J;Goedgekeurd op basis van bewijsmateriaal;1980-01-01;3;;25;Libellen;Gomphidae;2026-07-08;603;S;zeldzaam
190359345;190359345;Beekrombout;Gomphus vulgatissimus;2020-05-03;5;2020-05-04;1;ter plaatse;gezien;imago;Man;209210.63080833876;219586.51902704316;5.2174072;51.283093;FS5483;Postel;Mol;Mol;Antwerpen;Site;J;Goedgekeurd op basis van bewijsmateriaal;1980-01-01;3;;60;Libellen;Gomphidae;2026-07-08;603;S;zeldzaam
190116437;190116437;Beekrombout;Gomphus vulgatissimus;2020-05-01;5;2020-05-01;1;ter plaatse;gezien;imago, niet uitgekleurd;Man;209326.93281250095;220013.99500254917;5.2191442;51.286923;FS5484;Postel - Golfbaan;Mol;Mol;Antwerpen;Site;J;Goedgekeurd op basis van bewijsmateriaal;1980-01-01;3;;5;Libellen;Gomphidae;2026-07-08;603;S;zeldzaam
194550933;194550933;Beekrombout;Gomphus vulgatissimus;2020-06-20;6;2020-06-21;1;ter plaatse;gezien;imago;Vrouw;209335.9792112222;219990.510542145;5.21927;51.286711;FS5484;Postel;Mol;Mol;Antwerpen;Site;J;Goedgekeurd op basis van bewijsmateriaal;1980-01-01;3;;25;Libellen;Gomphidae;2026-07-08;603;S;zeldzaam
190359338;190359338;Beekrombout;Gomphus vulgatissimus;2020-05-03;5;2020-05-04;1;ter plaatse;gezien;imago;Man;209227.19350666035;219761.7279681973;5.2176733;51.284666;FS5483;Postel;Mol;Mol;Antwerpen;Site;J;Goedgekeurd op basis van bewijsmateriaal;1980-01-01;3;;30;Libellen;Gomphidae;2026-07-08;603;S;zeldzaam
190359377;190359377;Beekrombout;Gomphus vulgatissimus;2020-05-03;5;2020-05-04;1;ter plaatse;gezien;imago;Man;209189.0341030552;219484.68737017363;5.217081;51.28218;FS5483;Postel;Mol;Mol;Antwerpen;Site;J;Goedgekeurd op basis van bewijsmateriaal;1980-01-01;3;;25;Libellen;Gomphidae;2026-07-08;603;S;zeldzaam
190359355;190359355;Beekrombout;Gomphus vulgatissimus;2020-05-03;5;2020-05-04;1;ter plaatse;gezien;imago;Man;209189.04107993457;219484.68744995169;5.2170811;51.28218;FS5483;Postel;Mol;Mol;Antwerpen;Site;J;Goedgekeurd op basis van bewijsmateriaal;1980-01-01;3;;60;Libellen;Gomphidae;2026-07-08;603;S;zeldzaam
190359348;190359348;Beekrombout;Gomphus vulgatissimus;2020-05-03;5;2020-05-04;1;ter plaatse;gezien;afwijkend;Man;209210.61685485425;219586.5188674284;5.217407;51.283093;FS5483;Postel;Mol;Mol;Antwerpen;Site;J;Goedgekeurd op basis van bewijsmateriaal;1980-01-01;3;;25;Libellen;Gomphidae;2026-07-08;603;S;zeldzaam
190560296;190560296;Beekrombout;Gomphus vulgatissimus;2020-05-05;5;2020-05-06;1;ter plaatse;gezien;imago;Man;208462.06948890333;213876.7643202599;5.205756;51.231852;FS5377;Molse Zandputten - De Maat (volledig);Mol;Mol;Antwerpen;Site;J;Goedgekeurd op basis van bewijsmateriaal;1980-01-01;3;;25;Libellen;Gomphidae;2026-07-08;603;S;zeldzaam
190558697;190558697;Beekrombout;Gomphus vulgatissimus;2020-05-05;5;2020-05-06;1;ter plaatse;gezien;imago;Man;208479.1274208834;214197.39216778893;5.206052;51.234732;FS5478;Molse Zandputten - De Maat (volledig);Mol;Mol;Antwerpen;Site;J;Goedgekeurd op basis van bewijsmateriaal;1980-01-01;3;;25;Libellen;Gomphidae;2026-07-08;603;S;zeldzaam
190558179;190558179;Beekrombout;Gomphus vulgatissimus;2020-05-05;5;2020-05-06;1;ter plaatse;gezien;imago;onbekend;208502.23418228724;214433.64054965787;5.206421;51.236853;FS5478;Molse zandputten - Zandput Rauw;Mol;Mol;Antwerpen;Site;J;Goedgekeurd op basis van bewijsmateriaal;1980-01-01;3;;25;Libellen;Gomphidae;2026-07-08;603;S;zeldzaam
190555336;190555336;Beekrombout;Gomphus vulgatissimus;2020-05-05;5;2020-05-06;1;ter plaatse;gezien;imago;Man;208502.8693318908;214456.56778588425;5.2064338;51.237059;FS5478;Molse zandputten - Zandput Rauw;Mol;Mol;Antwerpen;Site;J;Goedgekeurd op basis van bewijsmateriaal;1980-01-01;3;;15;Libellen;Gomphidae;2026-07-08;603;S;zeldzaam
190359505;190359505;Beekrombout;Gomphus vulgatissimus;2020-05-03;5;2020-05-04;1;ter plaatse;gezien;imago;Man;209170.8462980215;219294.5507253455;5.2167892;51.280473;FS5483;Postel;Mol;Mol;Antwerpen;Site;J;Goedgekeurd op basis van bewijsmateriaal;1980-01-01;3;;25;Libellen;Gomphidae;2026-07-08;603;S;zeldzaam
191723421;191723421;Beekrombout;Gomphus vulgatissimus;2020-05-18;5;2020-05-19;1;ter plaatse;gezien;imago;Man;207865.84853544133;213656.8939552959;5.1971855;51.229936;FS5377;Molse Zandputten - De Maat (volledig);Mol;Mol;Antwerpen;Site;J;Goedgekeurd op basis van bewijsmateriaal;1980-01-01;3;;120;Libellen;Gomphidae;2026-07-08;603;S;zeldzaam
214725860;214725860;Beekrombout;Gomphus vulgatissimus;2021-05-24;5;2021-05-24;7;ter plaatse;onbekend;imago, niet uitgekleurd;onbekend;228200.94895909663;220987.87482965455;5.489857;51.293422;FS7385;Achel - Achelse Kluis NW;Hamont-Achel;Achel;Limburg;Site;J;Goedgekeurd op basis van bewijsmateriaal;1980-01-01;3;;25;Libellen;Gomphidae;2026-07-08;603;S;zeldzaam
216588920;216588920;Beekrombout;Gomphus vulgatissimus;2021-06-10;6;2021-06-10;5;territoriaal;gezien;imago;onbekend;179007.69816536788;208402.30956922375;4.7836339;51.184881;FS2471;Vorselaar - Schupleer en omgeving;Vorselaar;Vorselaar;Antwerpen;Site;J;Goedgekeurd op basis van bewijsmateriaal;1980-01-01;3;3 males on territory and defending off 2 others. Seen either side of the bridge.;10;Libellen;Gomphidae;2026-07-08;603;S;zeldzaam
273357163;273357163;Beekrombout;Gomphus vulgatissimus;2023-05-25;5;2023-05-25;1;ter plaatse;gezien;imago;Man;209323.85457889733;220037.8032803852;5.219103991985321;51.28713729540174;FS5484;Postel - Golfbaan;Mol;Mol;Antwerpen;Site;J;Goedgekeurd op basis van bewijsmateriaal;1980-01-01;3;;5;Libellen;Gomphidae;2026-07-08;603;S;zeldzaam
192098960;192098960;Beekrombout;Gomphus vulgatissimus;2020-05-20;5;2020-05-22;4;ter plaatse;onbekend;onbekend;onbekend;179008.25640720804;208403.75900645836;4.783642;51.184894;FS2471;Vorselaar - Heiken;Vorselaar;Vorselaar;Antwerpen;Site;J;Goedgekeurd op basis van bewijsmateriaal;1980-01-01;3;;5;Libellen;Gomphidae;2026-07-08;603;S;zeldzaam
351616504;351616504;Beekrombout;Gomphus vulgatissimus;2025-05-20;5;2025-05-20;1;ter plaatse;onbekend;imago;Man;226000.95104623167;217779.80035353263;5.457647323346464;51.26488489361677;FS7182;  ;Hamont-Achel;Achel;Limburg;Site;J;Goedgekeurd op basis van bewijsmateriaal;1980-01-01;3;;7;Libellen;Gomphidae;2026-07-08;603;S;zeldzaam
272563861;272563861;Beekrombout;Gomphus vulgatissimus;2023-05-20;5;2023-05-20;1;ter plaatse;onbekend;imago;Vrouw;225983.61009044072;217834.61232758037;5.45741043;51.26537979;FS7182;  ;Hamont-Achel;Achel;Limburg;Site;J;Goedgekeurd op basis van bewijsmateriaal;1980-01-01;3;;15;Libellen;Gomphidae;2026-07-08;603;S;zeldzaam
397163357;397163357;Beekrombout;Gomphus vulgatissimus;2026-05-08;5;2026-05-08;1;ter plaatse;gezien;imago, niet uitgekleurd;Vrouw;209313.1234921892;219975.7841355186;5.218939999999975;51.286581;FS5484;Postel;Mol;Mol;Antwerpen;Site;J;Goedgekeurd op basis van bewijsmateriaal;2027-05-08;3;imago met larvenhuidje;4;Libellen;Gomphidae;2026-07-08;603;S;zeldzaam
213406522;213406522;Beekrombout;Gomphus vulgatissimus;2021-05-12;5;2021-05-12;7;ter plaatse;onbekend;larvenhuidje;onbekend;228126.967873532;221073.1035699807;5.488815;51.294198;FS7385;  ;Hamont-Achel;Achel;Limburg;Site;J;Goedgekeurd op basis van bewijsmateriaal;1980-01-01;3;;25;Libellen;Gomphidae;2026-07-08;603;S;zeldzaam
395659144;395659144;Beekrombout;Gomphus vulgatissimus;2026-05-01;5;2026-05-01;1;ter plaatse;onbekend;imago, niet uitgekleurd;Man;243490.40973271595;206226.23422701843;5.705194473266602;51.15848159790039;FS8970;Kinrooi - Stamprooierbroek - De Zig-Goort (LiLa);Kinrooi;Molenbeersel;Limburg;ObsMapp;J;Goedgekeurd op basis van bewijsmateriaal;1980-01-01;3;;3;Libellen;Gomphidae;2026-07-08;603;S;zeldzaam
242965841;242965841;Beekrombout;Gomphus vulgatissimus;2022-05-26;5;2022-05-26;1;ter plaatse;onbekend;imago;Vrouw;228332.1864626069;220785.68446250728;5.49169429;51.29158706;FS7385;  ;Hamont-Achel;Achel;Limburg;ObsIdentify;J;Goedgekeurd op basis van bewijsmateriaal;1980-01-01;3;;5;Libellen;Gomphidae;2026-07-08;603;S;zeldzaam
397162447;397162447;Beekrombout;Gomphus vulgatissimus;2026-05-08;5;2026-05-08;1;ter plaatse;gezien;imago, niet uitgekleurd;Vrouw;209313.1234921892;219975.7841355186;5.218939999999975;51.286581;FS5484;Postel;Mol;Mol;Antwerpen;Site;J;Goedgekeurd op basis van bewijsmateriaal;2027-05-08;3;imago (boven) met larvenhuidje (beneden);4;Libellen;Gomphidae;2026-07-08;603;S;zeldzaam
397159962;397159962;Beekrombout;Gomphus vulgatissimus;2026-05-08;5;2026-05-08;1;ter plaatse;gezien;imago, niet uitgekleurd;Vrouw;209313.1234921892;219975.7841355186;5.218939999999975;51.286581;FS5484;Postel;Mol;Mol;Antwerpen;Site;J;Goedgekeurd op basis van bewijsmateriaal;2027-05-08;3;;4;Libellen;Gomphidae;2026-07-08;603;S;zeldzaam
192211476;192211476;Beekrombout;Gomphus vulgatissimus;2020-05-23;5;2020-05-23;3;ter plaatse;gezien;imago;onbekend;209330.11400984097;220033.502828883;5.219193;51.287098;FS5484;Postel - Golfbaan;Mol;Mol;Antwerpen;Site;J;Goedgekeurd op basis van bewijsmateriaal;1980-01-01;3;;25;Libellen;Gomphidae;2026-07-08;603;S;zeldzaam
192562461;192562461;Beekrombout;Gomphus vulgatissimus;2020-05-23;5;2020-05-27;2;ter plaatse;onbekend;imago;onbekend;207299.2675312377;214711.14808381812;5.1892417;51.239468;FS5278;Mol - Den Diel - West - Ten zuiden van beek;Mol;Mol;Antwerpen;copied observation;J;Goedgekeurd op basis van expertoordeel;1980-01-01;4;;7;Libellen;Gomphidae;2026-07-08;603;S;zeldzaam
192562504;192562504;Beekrombout;Gomphus vulgatissimus;2020-05-23;5;2020-05-27;1;ter plaatse;onbekend;imago;onbekend;207300.99992500475;214694.70042774267;5.1892639;51.23932;FS5278;Mol - Den Diel - West - Ten zuiden van beek;Mol;Mol;Antwerpen;copied observation;J;Goedgekeurd op basis van expertoordeel;1980-01-01;4;;5;Libellen;Gomphidae;2026-07-08;603;S;zeldzaam
350736052;350736052;Beekrombout;Gomphus vulgatissimus;2025-05-16;5;2025-05-16;1;ter plaatse;onbekend;imago;Man;207160.71096979448;214677.97139439447;5.187252590547306;51.23918357142788;FS5278;Mol - Den Diel - West - Ten zuiden van beek;Mol;Mol;Antwerpen;ObsIdentify;J;Goedgekeurd op basis van bewijsmateriaal;1980-01-01;3;;4;Libellen;Gomphidae;2026-07-08;603;S;zeldzaam
397159577;397159577;Beekrombout;Gomphus vulgatissimus;2026-05-08;5;2026-05-08;1;ter plaatse;gezien;larvenhuidje;onbekend;209313.1234921892;219975.7841355186;5.218939999999975;51.286581;FS5484;Postel;Mol;Mol;Antwerpen;Site;J;Goedgekeurd op basis van bewijsmateriaal;2027-05-08;3;;4;Libellen;Gomphidae;2026-07-08;603;S;zeldzaam
307902861;307902861;Beekrombout;Gomphus vulgatissimus;2024-05-05;5;2024-05-05;1;ter plaatse;onbekend;imago;onbekend;208914.6496599176;213729.91817463932;5.212211111111111;51.23048611111111;FS5477;Molse zandputten - Zandput Rauw;Mol;Mol;Antwerpen;ObsIdentify;J;Goedgekeurd op basis van bewijsmateriaal;1980-01-01;3;;999;Libellen;Gomphidae;2026-07-08;603;S;zeldzaam
244216613;244216613;Beekrombout;Gomphus vulgatissimus;2022-06-04;6;2022-06-04;1;ter plaatse;onbekend;imago;Vrouw;206346.3408652477;214277.23361863475;5.17553;51.235662;FS5178;Molse zandputten - Kanaalplas;Mol;Mol;Antwerpen;ObsMapp;J;Goedgekeurd op basis van bewijsmateriaal;2007-01-01;3;;15;Libellen;Gomphidae;2026-07-08;603;S;zeldzaam
350073087;350073087;Beekrombout;Gomphus vulgatissimus;2025-05-12;5;2025-05-12;1;ter plaatse;gezien;imago;Man;207260.56787267607;213440.548862773;5.188486576080322;51.22805196178128;FS5277;Mol - Klein Verkallen;Mol;Mol;Antwerpen;Site;J;Goedgekeurd op basis van bewijsmateriaal;1980-01-01;3;;15;Libellen;Gomphidae;2026-07-08;603;S;zeldzaam
309573243;309573243;Beekrombout;Gomphus vulgatissimus;2024-05-14;5;2024-05-14;1;vervellend;gezien;imago, niet uitgekleurd;onbekend;228780.2642907825;218567.29582662787;5.497632999999951;51.271589;FS7482;Warmbeekvallei - Grevenbroek (LiLa);Hamont-Achel;Achel;Limburg;Site;J;Goedgekeurd op basis van bewijsmateriaal;1980-01-01;4;;999;Libellen;Gomphidae;2026-07-08;603;S;zeldzaam
400803489;400803489;Beekrombout;Gomphus vulgatissimus;2026-05-25;5;2026-05-25;7;ter plaatse;onbekend;imago;onbekend;229006.92101295243;220764.66134303063;5.501360893249512;51.29130595922452;FS7485;Hageven met Dommelvallei Beverbeekse Heide Warmbeek en Wateringen - N2000;Hamont-Achel;Hamont;Limburg;Site;J;Goedgekeurd op basis van bewijsmateriaal;2026-12-31;3;;30;Libellen;Gomphidae;2026-07-08;603;S;zeldzaam
397158523;397158523;Beekrombout;Gomphus vulgatissimus;2026-05-08;5;2026-05-08;1;ter plaatse;gezien;imago, niet uitgekleurd;Vrouw;209313.1234921892;219975.7841355186;5.218939999999975;51.286581;FS5484;Postel;Mol;Mol;Antwerpen;Site;J;Goedgekeurd op basis van bewijsmateriaal;2027-05-08;3;;4;Libellen;Gomphidae;2026-07-08;603;S;zeldzaam
228058325;228058325;Beekrombout;Gomphus vulgatissimus;2020-05-23;5;2021-10-22;1;ter plaatse;onbekend;imago;Man;209259.57502588612;219914.75394068655;5.2181625;51.286038;FS5483;Postel;Mol;Mol;Antwerpen;Site;J;Goedgekeurd op basis van bewijsmateriaal;1980-01-01;3;;15;Libellen;Gomphidae;2026-07-08;603;S;zeldzaam
213586393;213586393;Beekrombout;Gomphus vulgatissimus;2021-05-13;5;2021-05-13;1;ter plaatse;gezien;imago, niet uitgekleurd;Vrouw;209319.03881569227;219984.4193237424;5.2190262;51.286658;FS5484;Postel;Mol;Mol;Antwerpen;Site;J;Goedgekeurd op basis van bewijsmateriaal;1980-01-01;3;;5;Libellen;Gomphidae;2026-07-08;603;S;zeldzaam
397607999;397607999;Beekrombout;Gomphus vulgatissimus;2026-05-08;5;2026-05-10;1;ter plaatse;onbekend;imago, niet uitgekleurd;onbekend;209334.18584746856;220049.6706169201;5.219254016888889;51.28724288941667;FS5484;Postel - Golfbaan;Mol;Mol;Antwerpen;Observation;J;Goedgekeurd op basis van bewijsmateriaal;1980-01-01;3;;999;Libellen;Gomphidae;2026-07-08;603;S;zeldzaam
349975258;349975258;Beekrombout;Gomphus vulgatissimus;2025-05-12;5;2025-05-12;1;ter plaatse;gezien;imago;Man;207262.76048859983;213441.0661799088;5.188518044336684;51.22805639357788;FS5277;Mol - Klein Verkallen;Mol;Mol;Antwerpen;ObsIdentify;J;Goedgekeurd op basis van bewijsmateriaal;1980-01-01;3;;13;Libellen;Gomphidae;2026-07-08;603;S;zeldzaam
213406141;213406141;Beekrombout;Gomphus vulgatissimus;2021-05-12;5;2021-05-12;2;ter plaatse;onbekend;imago, niet uitgekleurd;onbekend;228195.4354549505;220951.0722318627;5.48977;51.293092;FS7385;Achel - Achelse Kluis NW;Hamont-Achel;Achel;Limburg;Site;J;Goedgekeurd op basis van bewijsmateriaal;1980-01-01;3;;25;Libellen;Gomphidae;2026-07-08;603;S;zeldzaam
274593804;274593804;Beekrombout;Gomphus vulgatissimus;2023-06-03;6;2023-06-03;1;ter plaatse;onbekend;imago;Vrouw;175813.12850273526;208759.1400587549;4.7379704;51.1882402;FS2172;  ;Grobbendonk;Grobbendonk;Antwerpen;ObsIdentify;J;Goedgekeurd op basis van bewijsmateriaal;1980-01-01;3;;17;Libellen;Gomphidae;2026-07-08;603;S;zeldzaam
216960312;216960312;Beekrombout;Gomphus vulgatissimus;2021-06-13;6;2021-06-13;3;ter plaatse;gezien;imago;Man;207867.47251567157;215065.60364476684;5.197434;51.242597;FS5379;Mol - Den Diel (met plas);Mol;Mol;Antwerpen;Site;J;Goedgekeurd op basis van bewijsmateriaal;1980-01-01;3;;25;Libellen;Gomphidae;2026-07-08;603;S;zeldzaam
309596484;309596484;Beekrombout;Gomphus vulgatissimus;2024-05-14;5;2024-05-14;1;ter plaatse;onbekend;imago;Man;208254.29506388845;214786.5530674728;5.202927999999929;51.24005;FS5378;Mol - Den Diel - Van Sprietputten tot Sas 2;Mol;Mol;Antwerpen;Site;J;Goedgekeurd op basis van bewijsmateriaal;1980-01-01;3;;15;Libellen;Gomphidae;2026-07-08;603;S;zeldzaam
349128940;349128940;Beekrombout;Gomphus vulgatissimus;2025-05-07;5;2025-05-08;1;ter plaatse;gezien;larvenhuidje;onbekend;209299.511770203;219983.54686387812;5.2187461842549965;51.28665216976066;FS5484;Postel;Mol;Mol;Antwerpen;Site;J;Goedgekeurd op basis van bewijsmateriaal;1980-01-01;3;;30;Libellen;Gomphidae;2026-07-08;603;S;zeldzaam
349129069;349129069;Beekrombout;Gomphus vulgatissimus;2025-05-07;5;2025-05-08;1;ter plaatse;gezien;imago, niet uitgekleurd;Vrouw;209299.49913256933;219983.52783068456;5.21874600000001;51.286652;FS5484;Postel;Mol;Mol;Antwerpen;Site;J;Goedgekeurd op basis van bewijsmateriaal;1980-01-01;3;;30;Libellen;Gomphidae;2026-07-08;603;S;zeldzaam
349129127;349129127;Beekrombout;Gomphus vulgatissimus;2025-05-07;5;2025-05-08;1;ter plaatse;gezien;larvenhuidje;onbekend;209299.49913256933;219983.52783068456;5.21874600000001;51.286652;FS5484;Postel;Mol;Mol;Antwerpen;Site;J;Goedgekeurd op basis van bewijsmateriaal;1980-01-01;3;;30;Libellen;Gomphidae;2026-07-08;603;S;zeldzaam
349129271;349129271;Beekrombout;Gomphus vulgatissimus;2025-05-07;5;2025-05-08;1;ter plaatse;gezien;imago, niet uitgekleurd;Man;209299.49913256933;219983.52783068456;5.21874600000001;51.286652;FS5484;Postel;Mol;Mol;Antwerpen;Site;J;Goedgekeurd op basis van bewijsmateriaal;1980-01-01;3;;30;Libellen;Gomphidae;2026-07-08;603;S;zeldzaam
349129345;349129345;Beekrombout;Gomphus vulgatissimus;2025-05-07;5;2025-05-08;1;ter plaatse;gezien;larvenhuidje;onbekend;209299.49913256933;219983.52783068456;5.21874600000001;51.286652;FS5484;Postel;Mol;Mol;Antwerpen;Site;J;Goedgekeurd op basis van bewijsmateriaal;1980-01-01;3;;30;Libellen;Gomphidae;2026-07-08;603;S;zeldzaam
349130124;349130124;Beekrombout;Gomphus vulgatissimus;2025-05-07;5;2025-05-08;1;ter plaatse;gezien;imago, niet uitgekleurd;Man;209299.49913256933;219983.52783068456;5.21874600000001;51.286652;FS5484;Postel;Mol;Mol;Antwerpen;Site;J;Goedgekeurd op basis van bewijsmateriaal;1980-01-01;3;;30;Libellen;Gomphidae;2026-07-08;603;S;zeldzaam
309269946;309269946;Beekrombout;Gomphus vulgatissimus;2024-05-12;5;2024-05-12;1;foeragerend;gezien;imago;onbekend;207078.15588416587;214078.40762253103;5.185975999999982;51.233803;FS5278;Molse zandputten - Natuurreservaat De Maat;Mol;Mol;Antwerpen;Site;J;Goedgekeurd op basis van expertoordeel;1980-01-01;3;;15;Libellen;Gomphidae;2026-07-08;603;S;zeldzaam
349130292;349130292;Beekrombout;Gomphus vulgatissimus;2025-05-07;5;2025-05-08;1;ter plaatse;gezien;imago, niet uitgekleurd;Vrouw;209299.49913256933;219983.52783068456;5.21874600000001;51.286652;FS5484;Postel;Mol;Mol;Antwerpen;Site;J;Goedgekeurd op basis van bewijsmateriaal;1980-01-01;3;;30;Libellen;Gomphidae;2026-07-08;603;S;zeldzaam
349131788;349131788;Beekrombout;Gomphus vulgatissimus;2025-05-07;5;2025-05-08;1;ter plaatse;gezien;imago, niet uitgekleurd;Man;228804.47588724067;218642.71710916705;5.497996329213493;51.27226351250683;FS7483;Warmbeekvallei - Grevenbroek (LiLa);Hamont-Achel;Achel;Limburg;Site;J;Goedgekeurd op basis van bewijsmateriaal;1980-01-01;3;;30;Libellen;Gomphidae;2026-07-08;603;S;zeldzaam
272386706;272386706;Beekrombout;Gomphus vulgatissimus;2023-05-19;5;2023-05-19;1;ter plaatse;onbekend;imago;Vrouw;234692.79501628276;203992.6374442028;5.5789361;51.1397643;FS8068;  ;Bree;Gerdingen;Limburg;ObsIdentify;J;Goedgekeurd op basis van bewijsmateriaal;1980-01-01;3;;11;Libellen;Gomphidae;2026-07-08;603;S;zeldzaam
349131885;349131885;Beekrombout;Gomphus vulgatissimus;2025-05-07;5;2025-05-08;1;ter plaatse;gezien;larvenhuidje;onbekend;228804.4520893684;218642.77099027764;5.497996000000057;51.272264;FS7483;Warmbeekvallei - Grevenbroek (LiLa);Hamont-Achel;Achel;Limburg;Site;J;Goedgekeurd op basis van bewijsmateriaal;1980-01-01;3;;30;Libellen;Gomphidae;2026-07-08;603;S;zeldzaam
397158420;397158420;Beekrombout;Gomphus vulgatissimus;2026-05-08;5;2026-05-08;1;ter plaatse;gezien;larvenhuidje;onbekend;209313.1234921892;219975.7841355186;5.218939999999975;51.286581;FS5484;Postel;Mol;Mol;Antwerpen;Site;J;Goedgekeurd op basis van bewijsmateriaal;2027-05-08;3;;4;Libellen;Gomphidae;2026-07-08;603;S;zeldzaam
397158340;397158340;Beekrombout;Gomphus vulgatissimus;2026-05-08;5;2026-05-08;1;ter plaatse;gezien;larvenhuidje;onbekend;209313.1234921892;219975.7841355186;5.218939999999975;51.286581;FS5484;Postel;Mol;Mol;Antwerpen;Site;J;Goedgekeurd op basis van bewijsmateriaal;2027-05-08;3;;4;Libellen;Gomphidae;2026-07-08;603;S;zeldzaam
397157654;397157654;Beekrombout;Gomphus vulgatissimus;2026-05-08;5;2026-05-08;1;ter plaatse;gezien;larvenhuidje;onbekend;209313.1234921892;219975.7841355186;5.218939999999975;51.286581;FS5484;Postel;Mol;Mol;Antwerpen;Site;J;Goedgekeurd op basis van bewijsmateriaal;2027-05-08;3;;4;Libellen;Gomphidae;2026-07-08;603;S;zeldzaam
397157493;397157493;Beekrombout;Gomphus vulgatissimus;2026-05-08;5;2026-05-08;1;ter plaatse;gezien;imago, niet uitgekleurd;Vrouw;209313.1234921892;219975.7841355186;5.218939999999975;51.286581;FS5484;Postel;Mol;Mol;Antwerpen;Site;J;Goedgekeurd op basis van bewijsmateriaal;2027-05-08;3;;4;Libellen;Gomphidae;2026-07-08;603;S;zeldzaam
397156960;397156960;Beekrombout;Gomphus vulgatissimus;2026-05-08;5;2026-05-08;1;ter plaatse;gezien;imago, niet uitgekleurd;Vrouw;209313.1234921892;219975.7841355186;5.218939999999975;51.286581;FS5484;Postel;Mol;Mol;Antwerpen;Site;J;Goedgekeurd op basis van bewijsmateriaal;2027-05-08;3;;4;Libellen;Gomphidae;2026-07-08;603;S;zeldzaam
397156733;397156733;Beekrombout;Gomphus vulgatissimus;2026-05-08;5;2026-05-08;1;ter plaatse;gezien;imago, niet uitgekleurd;Vrouw;209313.1234921892;219975.7841355186;5.218939999999975;51.286581;FS5484;Postel;Mol;Mol;Antwerpen;Site;J;Goedgekeurd op basis van bewijsmateriaal;2027-05-08;3;;4;Libellen;Gomphidae;2026-07-08;603;S;zeldzaam
349132268;349132268;Beekrombout;Gomphus vulgatissimus;2025-05-07;5;2025-05-08;1;vervellend;gezien;imago, niet uitgekleurd;onbekend;228804.4520893684;218642.77099027764;5.497996000000057;51.272264;FS7483;Warmbeekvallei - Grevenbroek (LiLa);Hamont-Achel;Achel;Limburg;Site;J;Goedgekeurd op basis van bewijsmateriaal;1980-01-01;3;;30;Libellen;Gomphidae;2026-07-08;603;S;zeldzaam
349133583;349133583;Beekrombout;Gomphus vulgatissimus;2025-05-07;5;2025-05-08;1;ter plaatse;gezien;imago, niet uitgekleurd;Man;229056.14542712175;216556.7441723151;5.501146000000063;51.253482;FS7480;Achel - Warande;Hamont-Achel;Achel;Limburg;Site;J;Goedgekeurd op basis van bewijsmateriaal;1980-01-01;3;;30;Libellen;Gomphidae;2026-07-08;603;S;zeldzaam
273471078;273471078;Beekrombout;Gomphus vulgatissimus;2023-05-26;5;2023-05-26;1;ter plaatse;onbekend;imago;Man;226021.8704431341;217746.51611265447;5.45794;51.264583;FS7182;  ;Hamont-Achel;Achel;Limburg;Site;J;Goedgekeurd op basis van bewijsmateriaal;1980-01-01;3;;120;Libellen;Gomphidae;2026-07-08;603;S;zeldzaam
191895200;191895200;Beekrombout;Gomphus vulgatissimus;2020-05-20;5;2020-05-20;1;ter plaatse;gezien;imago;onbekend;207287.1015845191;214700.9999432452;5.1890659;51.239378;FS5278;Mol - Den Diel - West - Ten zuiden van beek;Mol;Mol;Antwerpen;Site;J;Goedgekeurd op basis van bewijsmateriaal;1980-01-01;3;;30;Libellen;Gomphidae;2026-07-08;603;S;zeldzaam
349133720;349133720;Beekrombout;Gomphus vulgatissimus;2025-05-07;5;2025-05-08;1;ter plaatse;gezien;imago, niet uitgekleurd;Man;229056.14542712175;216556.7441723151;5.501146000000063;51.253482;FS7480;Achel - Warande;Hamont-Achel;Achel;Limburg;Site;J;Goedgekeurd op basis van bewijsmateriaal;1980-01-01;3;;30;Libellen;Gomphidae;2026-07-08;603;S;zeldzaam
398042742;398042742;Beekrombout;Gomphus vulgatissimus;2026-05-12;5;2026-05-12;1;ter plaatse;gezien;imago, niet uitgekleurd;Man;229024.77329668787;216503.19016976468;5.500684999999976;51.253005;FS7480;Achel - Warande;Hamont-Achel;Achel;Limburg;Site;J;Goedgekeurd op basis van bewijsmateriaal;2027-06-01;3;uitsluiping mislukt. Vleugels vervormd.;7;Libellen;Gomphidae;2026-07-08;603;S;zeldzaam
398040127;398040127;Beekrombout;Gomphus vulgatissimus;2026-05-12;5;2026-05-12;1;ter plaatse;gezien;imago, niet uitgekleurd;Man;228774.11508790485;218567.75862718467;5.4975449999999455;51.271594;FS7482;Warmbeekvallei - Grevenbroek (LiLa);Hamont-Achel;Achel;Limburg;Site;J;Goedgekeurd op basis van bewijsmateriaal;2027-06-01;3;;4;Libellen;Gomphidae;2026-07-08;603;S;zeldzaam
273486660;273486660;Beekrombout;Gomphus vulgatissimus;2023-05-26;5;2023-05-26;1;ter plaatse;onbekend;imago;Vrouw;228352.7244965048;219367.2926259525;5.491681;51.278837;FS7383;  ;Hamont-Achel;Achel;Limburg;Site;J;Goedgekeurd op basis van bewijsmateriaal;1980-01-01;3;;7;Libellen;Gomphidae;2026-07-08;603;S;zeldzaam
397156627;397156627;Beekrombout;Gomphus vulgatissimus;2026-05-08;5;2026-05-08;1;ter plaatse;gezien;imago, niet uitgekleurd;Vrouw;209313.1497540598;219975.7892274857;5.218940377235413;51.28658104305953;FS5484;Postel;Mol;Mol;Antwerpen;Site;J;Goedgekeurd op basis van bewijsmateriaal;2027-05-08;3;;4;Libellen;Gomphidae;2026-07-08;603;S;zeldzaam
401385918;401385918;Beekrombout;Gomphus vulgatissimus;2026-05-26;5;2026-05-27;1;ter plaatse;gezien;imago;Man;227732.00270919275;217070.7881015204;5.482292535103511;51.25828193349392;FS7381;  ;Hamont-Achel;Achel;Limburg;Observation;J;Goedgekeurd op basis van bewijsmateriaal;1980-01-01;3;;5;Libellen;Gomphidae;2026-07-08;603;S;zeldzaam
272372659;272372659;Beekrombout;Gomphus vulgatissimus;2023-05-19;5;2023-05-19;1;ter plaatse;onbekend;imago;onbekend;226041.77206978356;217769.84088493604;5.458229999999958;51.26479;FS7182;  ;Hamont-Achel;Achel;Limburg;Site;J;Goedgekeurd op basis van bewijsmateriaal;1980-01-01;3;;15;Libellen;Gomphidae;2026-07-08;603;S;zeldzaam
350458165;350458165;Beekrombout;Gomphus vulgatissimus;2025-05-14;5;2025-05-14;1;ter plaatse;onbekend;imago;Man;207534.2327725117;214764.85441893895;5.192614495754242;51.23992729633949;FS5378;Mol - Den Diel - Ten zuiden van Sprietputten;Mol;Mol;Antwerpen;Site;J;Goedgekeurd op basis van bewijsmateriaal;1980-01-01;3;;2;Libellen;Gomphidae;2026-07-08;603;S;zeldzaam
350154313;350154313;Beekrombout;Gomphus vulgatissimus;2025-05-13;5;2025-05-13;1;ter plaatse;onbekend;imago;Vrouw;227733.835299844;217072.181761262;5.482319083152645;51.25829421148371;FS7381;  ;Hamont-Achel;Achel;Limburg;ObsIdentify;J;Goedgekeurd op basis van bewijsmateriaal;1980-01-01;3;;6;Libellen;Gomphidae;2026-07-08;603;S;zeldzaam
398040089;398040089;Beekrombout;Gomphus vulgatissimus;2026-05-12;5;2026-05-12;1;ter plaatse;gezien;imago, niet uitgekleurd;Man;228774.11508790485;218567.75862718467;5.4975449999999455;51.271594;FS7482;Warmbeekvallei - Grevenbroek (LiLa);Hamont-Achel;Achel;Limburg;Site;J;Goedgekeurd op basis van bewijsmateriaal;2027-06-01;3;;4;Libellen;Gomphidae;2026-07-08;603;S;zeldzaam
397155950;397155950;Beekrombout;Gomphus vulgatissimus;2026-05-08;5;2026-05-08;1;ter plaatse;gezien;imago, niet uitgekleurd;Vrouw;209323.6602984297;219993.92980867345;5.219094000000041;51.286743;FS5484;Postel;Mol;Mol;Antwerpen;Site;J;Goedgekeurd op basis van bewijsmateriaal;2027-05-08;3;;4;Libellen;Gomphidae;2026-07-08;603;S;zeldzaam
398040006;398040006;Beekrombout;Gomphus vulgatissimus;2026-05-12;5;2026-05-12;1;ter plaatse;gezien;imago, niet uitgekleurd;Man;228774.11508790485;218567.75862718467;5.4975449999999455;51.271594;FS7482;Warmbeekvallei - Grevenbroek (LiLa);Hamont-Achel;Achel;Limburg;Site;J;Goedgekeurd op basis van bewijsmateriaal;2027-06-01;3;;4;Libellen;Gomphidae;2026-07-08;603;S;zeldzaam
398039871;398039871;Beekrombout;Gomphus vulgatissimus;2026-05-12;5;2026-05-12;1;ter plaatse;gezien;larvenhuidje;onbekend;228774.11508790485;218567.75862718467;5.4975449999999455;51.271594;FS7482;Warmbeekvallei - Grevenbroek (LiLa);Hamont-Achel;Achel;Limburg;Site;J;Goedgekeurd op basis van bewijsmateriaal;2027-06-01;3;;4;Libellen;Gomphidae;2026-07-08;603;S;zeldzaam
350251838;350251838;Beekrombout;Gomphus vulgatissimus;2025-05-11;5;2025-05-13;2;ter plaatse;gezien;imago;onbekend;207273.2795032801;214680.61356711292;5.188864767551422;51.23919614533898;FS5278;Mol - Den Diel - West - Ten zuiden van beek;Mol;Mol;Antwerpen;Site;J;Goedgekeurd op basis van bewijsmateriaal;1980-01-01;4;;4;Libellen;Gomphidae;2026-07-08;603;S;zeldzaam
311936613;311936613;Beekrombout;Gomphus vulgatissimus;2024-05-28;5;2024-05-28;1;ter plaatse;onbekend;imago;Vrouw;207288.31807404227;214694.4319706671;5.189082277943555;51.23931884765625;FS5278;Mol - Den Diel - West - Ten zuiden van beek;Mol;Mol;Antwerpen;ObsIdentify;J;Goedgekeurd op basis van bewijsmateriaal;1980-01-01;3;;5;Libellen;Gomphidae;2026-07-08;603;S;zeldzaam
397155417;397155417;Beekrombout;Gomphus vulgatissimus;2026-05-08;5;2026-05-08;1;ter plaatse;gezien;imago, niet uitgekleurd;Man;209323.6602984297;219993.92980867345;5.219094000000041;51.286743;FS5484;Postel;Mol;Mol;Antwerpen;Site;J;Goedgekeurd op basis van bewijsmateriaal;2027-05-08;3;;4;Libellen;Gomphidae;2026-07-08;603;S;zeldzaam
272363815;272363815;Beekrombout;Gomphus vulgatissimus;2023-05-19;5;2023-05-19;1;ter plaatse;onbekend;imago;onbekend;226117.856424428;217817.6914063478;5.459330000000023;51.26521;FS7182;  ;Hamont-Achel;Achel;Limburg;Site;J;Goedgekeurd op basis van bewijsmateriaal;1980-01-01;3;;15;Libellen;Gomphidae;2026-07-08;603;S;zeldzaam
271960033;271960033;Beekrombout;Gomphus vulgatissimus;2023-05-16;5;2023-05-16;1;ter plaatse;onbekend;imago;Man;209457.33016428608;219903.52986639924;5.22099495;51.28591674;FS5483;Postel;Mol;Mol;Antwerpen;Site;J;Goedgekeurd op basis van bewijsmateriaal;1980-01-01;3;;60;Libellen;Gomphidae;2026-07-08;603;S;zeldzaam
272362369;272362369;Beekrombout;Gomphus vulgatissimus;2023-05-19;5;2023-05-19;1;ter plaatse;onbekend;imago;onbekend;226043.02223524053;217765.51976591256;5.4582470000000285;51.264751;FS7182;  ;Hamont-Achel;Achel;Limburg;Site;J;Goedgekeurd op basis van bewijsmateriaal;1980-01-01;3;;15;Libellen;Gomphidae;2026-07-08;603;S;zeldzaam
274336870;274336870;Beekrombout;Gomphus vulgatissimus;2023-06-01;6;2023-06-01;1;ter plaatse;onbekend;imago;onbekend;229616.93097841335;217847.3798132073;5.5094615;51.265004;FS7582;  ;Hamont-Achel;Achel;Limburg;ObsIdentify;J;Goedgekeurd op basis van bewijsmateriaal;1980-01-01;3;;32;Libellen;Gomphidae;2026-07-08;603;S;zeldzaam
309577385;309577385;Beekrombout;Gomphus vulgatissimus;2024-05-14;5;2024-05-14;1;ter plaatse;gezien;imago;Vrouw;209299.70655141072;219971.51359847;5.218747000000008;51.286544;FS5484;Postel;Mol;Mol;Antwerpen;Site;J;Goedgekeurd op basis van bewijsmateriaal;1980-01-01;4;;999;Libellen;Gomphidae;2026-07-08;603;S;zeldzaam
397155202;397155202;Beekrombout;Gomphus vulgatissimus;2026-05-08;5;2026-05-08;1;ter plaatse;gezien;imago, niet uitgekleurd;Man;209323.6457640544;219993.977138632;5.219093799460097;51.28674342687805;FS5484;Postel;Mol;Mol;Antwerpen;Site;J;Goedgekeurd op basis van bewijsmateriaal;2027-05-08;3;;4;Libellen;Gomphidae;2026-07-08;603;S;zeldzaam
397163474;397163474;Beekrombout;Gomphus vulgatissimus;2026-05-08;5;2026-05-08;1;ter plaatse;gezien;imago, niet uitgekleurd;Man;209313.1234921892;219975.7841355186;5.218939999999975;51.286581;FS5484;Postel;Mol;Mol;Antwerpen;Site;J;Goedgekeurd op basis van bewijsmateriaal;2027-05-08;3;imago met larvenhuidje;4;Libellen;Gomphidae;2026-07-08;603;S;zeldzaam
400670055;400670055;Beekrombout;Gomphus vulgatissimus;2026-05-24;5;2026-05-24;1;ter plaatse;onbekend;imago;Man;209334.14522460251;220041.6057512965;5.219252109527588;51.28717041015625;FS5484;Postel - Golfbaan;Mol;Mol;Antwerpen;ObsMapp;J;Goedgekeurd op basis van bewijsmateriaal;1980-01-01;3;;3;Libellen;Gomphidae;2026-07-08;603;S;zeldzaam
401126102;401126102;Beekrombout;Gomphus vulgatissimus;2026-05-26;5;2026-05-26;1;ter plaatse;onbekend;imago;Vrouw;227625.8569445419;214813.193431804;5.4802878;51.2380066;FS7379;  ;Neerpelt;Sint-Huibrechts-Lille;Limburg;ObsIdentify;J;Goedgekeurd op basis van bewijsmateriaal;1980-01-01;3;;15;Libellen;Gomphidae;2026-07-08;603;S;zeldzaam
408218479;408218479;Beekrombout;Gomphus vulgatissimus;2026-05-24;5;2026-06-30;1;ter plaatse;onbekend;imago;Man;209332.38140148483;220044.55662555716;5.219227313995361;51.28719711303711;FS5484;Postel - Golfbaan;Mol;Mol;Antwerpen;ObsMapp;J;Goedgekeurd op basis van bewijsmateriaal;1980-01-01;3;;3;Libellen;Gomphidae;2026-07-08;603;S;zeldzaam
216558113;216558113;Beekrombout;Gomphus vulgatissimus;2021-06-10;6;2021-06-10;1;ter plaatse;onbekend;onbekend;onbekend;209220.7332933121;219776.8973268224;5.2175832;51.284803;FS5483;Postel;Mol;Mol;Antwerpen;ObsIdentify;J;Goedgekeurd op basis van bewijsmateriaal;1980-01-01;3;;7;Libellen;Gomphidae;2026-07-08;603;S;zeldzaam
216414149;216414149;Beekrombout;Gomphus vulgatissimus;2021-06-09;6;2021-06-09;1;ter plaatse;onbekend;imago;onbekend;209415.05327207028;220977.7830662588;5.2205658;51.295576;FS5485;Postel - Eerselseweg noord;Mol;Mol;Antwerpen;ObsIdentify;J;Goedgekeurd op basis van bewijsmateriaal;1980-01-01;3;;60;Libellen;Gomphidae;2026-07-08;603;S;zeldzaam
245218073;245218073;Beekrombout;Gomphus vulgatissimus;2022-06-12;6;2022-06-12;1;ter plaatse;onbekend;imago;Man;207277.8200620656;214688.3246879056;5.188931;51.239265;FS5278;Mol - Den Diel - West - Ten zuiden van beek;Mol;Mol;Antwerpen;ObsMapp;J;Goedgekeurd op basis van bewijsmateriaal;2007-01-01;3;;4;Libellen;Gomphidae;2026-07-08;603;S;zeldzaam
398039597;398039597;Beekrombout;Gomphus vulgatissimus;2026-05-12;5;2026-05-12;1;ter plaatse;gezien;imago, niet uitgekleurd;Man;228774.08988082648;218567.79202501755;5.497544646132155;51.2715943035981;FS7482;Warmbeekvallei - Grevenbroek (LiLa);Hamont-Achel;Achel;Limburg;Site;J;Goedgekeurd op basis van bewijsmateriaal;2027-06-01;3;;4;Libellen;Gomphidae;2026-07-08;603;S;zeldzaam
311704949;311704949;Beekrombout;Gomphus vulgatissimus;2024-05-25;5;2024-05-26;1;ter plaatse;gezien;imago;Man;207236.2161253102;214698.9911304368;5.188337000000047;51.239365;FS5278;Mol - Den Diel - West - Ten zuiden van beek;Mol;Mol;Antwerpen;Site;J;Goedgekeurd op basis van bewijsmateriaal;1980-01-01;3;;999;Libellen;Gomphidae;2026-07-08;603;S;zeldzaam
400786322;400786322;Beekrombout;Gomphus vulgatissimus;2026-05-23;5;2026-05-25;1;ter plaatse;onbekend;imago, niet uitgekleurd;Vrouw;207152.95338926805;214668.36494481377;5.187139999999999;51.239098;FS5278;Mol - Den Diel - West - Ten zuiden van beek;Mol;Mol;Antwerpen;Site;J;Goedgekeurd op basis van bewijsmateriaal;1980-01-01;3;;999;Libellen;Gomphidae;2026-07-08;603;S;zeldzaam
275805870;275805870;Beekrombout;Gomphus vulgatissimus;2023-06-10;6;2023-06-10;1;ter plaatse;gezien;imago;Man;207279.6606186821;214696.45382995903;5.18895864;51.23933788;FS5278;Mol - Den Diel - West - Ten zuiden van beek;Mol;Mol;Antwerpen;Site;J;Goedgekeurd op basis van bewijsmateriaal;2023-08-31;4;;7;Libellen;Gomphidae;2026-07-08;603;S;zeldzaam
241648111;241648111;Beekrombout;Gomphus vulgatissimus;2022-05-14;5;2022-05-15;1;ter plaatse;onbekend;imago;Man;207280.52579571967;214702.59617124964;5.188972;51.239393;FS5278;Mol - Den Diel - West - Ten zuiden van beek;Mol;Mol;Antwerpen;Site;J;Goedgekeurd op basis van bewijsmateriaal;1980-01-01;3;;25;Libellen;Gomphidae;2026-07-08;603;S;zeldzaam
273941761;273941761;Beekrombout;Gomphus vulgatissimus;2023-05-28;5;2023-05-29;1;ter plaatse;gezien;imago;Man;207269.8105729608;214705.2592715621;5.188818999999967;51.239418;FS5278;Mol - Den Diel - West - Ten zuiden van beek;Mol;Mol;Antwerpen;Site;J;Goedgekeurd op basis van bewijsmateriaal;2023-07-31;4;;7;Libellen;Gomphidae;2026-07-08;603;S;zeldzaam
215665615;215665615;Beekrombout;Gomphus vulgatissimus;2021-06-02;6;2021-06-02;1;ter plaatse;onbekend;onbekend;onbekend;222490.4914062433;216048.2384737786;5.4070115;51.249775;FS6780;Neerpelt - Het Hageven - Verkeerde lievenheer;Neerpelt;Neerpelt;Limburg;Site;J;Goedgekeurd op basis van bewijsmateriaal;1980-01-01;3;;30;Libellen;Gomphidae;2026-07-08;603;S;zeldzaam
350897565;350897565;Beekrombout;Gomphus vulgatissimus;2025-05-16;5;2025-05-17;1;ter plaatse;onbekend;imago;Man;223961.55223134105;218065.18663414568;5.42849063873291;51.26771511539237;FS6982;Neerpelt - Het Hageven;Neerpelt;Neerpelt;Limburg;Site;J;Goedgekeurd op basis van bewijsmateriaal;1980-01-01;3;;30;Libellen;Gomphidae;2026-07-08;603;S;zeldzaam
401568566;401568566;Beekrombout;Gomphus vulgatissimus;2026-05-28;5;2026-05-28;1;territoriaal;onbekend;imago;Man;224004.6260991011;218474.78980682697;5.429191588482354;51.27139080957704;FS6982;Neerpelt - Het Hageven - B65834;Neerpelt;Neerpelt;Limburg;Site;J;Goedgekeurd op basis van bewijsmateriaal;1980-01-01;3;;15;Libellen;Gomphidae;2026-07-08;603;S;zeldzaam
397163680;397163680;Beekrombout;Gomphus vulgatissimus;2026-05-08;5;2026-05-08;1;vervellend;gezien;imago, niet uitgekleurd;onbekend;209313.1234921892;219975.7841355186;5.218939999999975;51.286581;FS5484;Postel;Mol;Mol;Antwerpen;Site;J;Goedgekeurd op basis van bewijsmateriaal;2027-05-08;3;imago met larvenhuidje;4;Libellen;Gomphidae;2026-07-08;603;S;zeldzaam
275210900;275210900;Beekrombout;Gomphus vulgatissimus;2023-06-06;6;2023-06-07;1;ter plaatse;onbekend;imago;Man;228317.6329135496;219324.53473616295;5.491168888888889;51.2784575;FS7383;  ;Hamont-Achel;Achel;Limburg;ObsIdentify;J;Goedgekeurd op basis van bewijsmateriaal;1980-01-01;3;;999;Libellen;Gomphidae;2026-07-08;603;S;zeldzaam
349241516;349241516;Beekrombout;Gomphus vulgatissimus;2025-05-08;5;2025-05-08;1;ter plaatse;onbekend;imago;Vrouw;207645.1700502432;214846.9423571322;5.194215999999983;51.240654;FS5378;Mol - Den Diel;Mol;Mol;Antwerpen;Site;J;Goedgekeurd op basis van bewijsmateriaal;1980-01-01;3;;7;Libellen;Gomphidae;2026-07-08;603;S;zeldzaam
401505885;401505885;Beekrombout;Gomphus vulgatissimus;2026-05-28;5;2026-05-28;1;ter plaatse;onbekend;imago;Man;224019.5760651648;218495.38677115735;5.429409999999962;51.271574;FS6982;Neerpelt - Het Hageven;Neerpelt;Neerpelt;Limburg;Site;J;Goedgekeurd op basis van bewijsmateriaal;1980-01-01;3;;999;Libellen;Gomphidae;2026-07-08;603;S;zeldzaam
351846829;351846829;Beekrombout;Gomphus vulgatissimus;2025-05-20;5;2025-05-21;1;ter plaatse;onbekend;imago;Vrouw;207285.1308886909;214693.07584393024;5.189036428928375;51.23930697583669;FS5278;Mol - Den Diel - West - Ten zuiden van beek;Mol;Mol;Antwerpen;Site;J;Goedgekeurd op basis van bewijsmateriaal;1980-01-01;4;;4;Libellen;Gomphidae;2026-07-08;603;S;zeldzaam
350097653;350097653;Beekrombout;Gomphus vulgatissimus;2025-05-12;5;2025-05-12;1;ter plaatse;onbekend;imago;Man;207248.192078938;214631.1377877593;5.188497737641862;51.23875396018633;FS5278;Mol - Kempisch kanaal - Kanaal thv Molse zandputten;Mol;Mol;Antwerpen;iObs;J;Goedgekeurd op basis van bewijsmateriaal;1980-01-01;4;;25;Libellen;Gomphidae;2026-07-08;603;S;zeldzaam
213408271;213408271;Beekrombout;Gomphus vulgatissimus;2021-05-12;5;2021-05-12;2;ter plaatse;onbekend;imago, niet uitgekleurd;onbekend;228192.84129530616;220951.9232052825;5.489733;51.2931;FS7385;  ;Hamont-Achel;Achel;Limburg;Site;J;Goedgekeurd op basis van bewijsmateriaal;1980-01-01;3;;25;Libellen;Gomphidae;2026-07-08;603;S;zeldzaam
214731075;214731075;Beekrombout;Gomphus vulgatissimus;2021-05-24;5;2021-05-24;4;ter plaatse;onbekend;larvenhuidje;onbekend;228204.19948120785;220938.96487908904;5.489893;51.292982;FS7385;Achel - Achelse Kluis NW;Hamont-Achel;Achel;Limburg;Site;J;Goedgekeurd op basis van bewijsmateriaal;1980-01-01;3;;25;Libellen;Gomphidae;2026-07-08;603;S;zeldzaam
307922273;307922273;Beekrombout;Gomphus vulgatissimus;2024-05-05;5;2024-05-05;1;ter plaatse;onbekend;imago, niet uitgekleurd;Vrouw;219414.84555252877;217727.8478964781;5.363288000000011;51.265249;FS6481;Lommel - Watering (Vloeiweiden);Lommel;Lommel;Limburg;ObsIdentify;J;Goedgekeurd op basis van bewijsmateriaal;1980-01-01;3;;748;Libellen;Gomphidae;2026-07-08;603;S;zeldzaam
309196500;309196500;Beekrombout;Gomphus vulgatissimus;2024-05-12;5;2024-05-12;1;ter plaatse;onbekend;imago, niet uitgekleurd;Man;207065.90222753971;213637.1193085909;5.1857310000000325;51.229838;FS5277;Mol - Klein Verkallen;Mol;Mol;Antwerpen;ObsIdentify;J;Goedgekeurd op basis van bewijsmateriaal;1980-01-01;3;;10;Libellen;Gomphidae;2026-07-08;603;S;zeldzaam
213408352;213408352;Beekrombout;Gomphus vulgatissimus;2021-05-12;5;2021-05-12;7;ter plaatse;onbekend;larvenhuidje;onbekend;228194.6488858299;220947.72223092243;5.489758;51.293062;FS7385;  ;Hamont-Achel;Achel;Limburg;Site;J;Goedgekeurd op basis van bewijsmateriaal;1980-01-01;3;;25;Libellen;Gomphidae;2026-07-08;603;S;zeldzaam
308783972;308783972;Beekrombout;Gomphus vulgatissimus;2024-05-10;5;2024-05-10;1;ter plaatse;gezien;larvenhuidje;onbekend;207251.8718873456;212307.81464729644;5.188182999999981;51.217872;FS5276;Molse zandputten - Zandput Rauw;Mol;Mol;Antwerpen;ObsIdentify;J;Goedgekeurd op basis van bewijsmateriaal;1980-01-01;3;;9;Libellen;Gomphidae;2026-07-08;603;S;zeldzaam
309164802;309164802;Beekrombout;Gomphus vulgatissimus;2024-05-12;5;2024-05-12;1;ter plaatse;onbekend;imago, niet uitgekleurd;Man;207068.74882467676;213638.7083221143;5.185772000000043;51.229852;FS5277;Mol - Klein Verkallen;Mol;Mol;Antwerpen;ObsIdentify;J;Goedgekeurd op basis van bewijsmateriaal;1980-01-01;3;;3;Libellen;Gomphidae;2026-07-08;603;S;zeldzaam
316752043;316752043;Beekrombout;Gomphus vulgatissimus;2024-06-29;6;2024-06-29;1;ter plaatse;onbekend;imago;Vrouw;227431.2678384889;217224.6265566703;5.47801800000002;51.259705;FS7281;  ;Hamont-Achel;Achel;Limburg;ObsIdentify;J;Goedgekeurd op basis van bewijsmateriaal;1980-01-01;3;;11;Libellen;Gomphidae;2026-07-08;603;S;zeldzaam
400871475;400871475;Beekrombout;Gomphus vulgatissimus;2026-05-25;5;2026-05-25;1;overvliegend;onbekend;imago;Vrouw;222691.86130943923;216041.93626056053;5.409894000000008;51.249693;FS6880;Neerpelt - Het Hageven - Verkeerde lievenheer;Neerpelt;Neerpelt;Limburg;Site;J;Goedgekeurd op basis van expertoordeel;1980-01-01;3;;7;Libellen;Gomphidae;2026-07-08;603;S;zeldzaam
287662248;287662248;Beekrombout;Gomphus vulgatissimus;2023-09-11;9;2023-09-11;1;ter plaatse;onbekend;imago;onbekend;228812.6126786049;219761.8269087067;5.498356999999942;51.28232;FS7484;  ;Hamont-Achel;Achel;Limburg;Site;J;Goedgekeurd op basis van bewijsmateriaal;2023-11-30;3;;15;Libellen;Gomphidae;2026-07-08;603;S;zeldzaam
273840410;273840410;Beekrombout;Gomphus vulgatissimus;2023-05-28;5;2023-05-28;1;ter plaatse;onbekend;imago;Vrouw;229422.287175896;217983.0332825473;5.506703;51.26625;FS7482;  ;Hamont-Achel;Achel;Limburg;iObs;J;Goedgekeurd op basis van bewijsmateriaal;1980-01-01;3;;4;Libellen;Gomphidae;2026-07-08;603;S;zeldzaam
272592773;272592773;Beekrombout;Gomphus vulgatissimus;2023-05-20;5;2023-05-20;1;ter plaatse;onbekend;imago;onbekend;222295.6517787299;213984.6404710328;5.403809000000024;51.231253;FS6778;Overpelt - Fabriek;Overpelt;Overpelt;Limburg;Site;J;Goedgekeurd op basis van bewijsmateriaal;1980-01-01;3;;25;Libellen;Gomphidae;2026-07-08;603;S;zeldzaam
283220535;283220535;Beekrombout;Gomphus vulgatissimus;2022-05-25;5;2023-08-06;1;ter plaatse;onbekend;imago;onbekend;227272.2412904965;216257.8406768376;5.475533611111112;51.251037583333336;FS7280;  ;Hamont-Achel;Achel;Limburg;ObsIdentify;J;Goedgekeurd op basis van bewijsmateriaal;1980-01-01;3;;999;Libellen;Gomphidae;2026-07-08;603;S;zeldzaam
272120180;272120180;Beekrombout;Gomphus vulgatissimus;2023-05-17;5;2023-05-17;1;ter plaatse;onbekend;imago;Man;226000.50401978372;217767.39400227275;5.457638311490882;51.26477345343635;FS7182;  ;Hamont-Achel;Achel;Limburg;Site;J;Goedgekeurd op basis van bewijsmateriaal;1980-01-01;3;;7;Libellen;Gomphidae;2026-07-08;603;S;zeldzaam
213223280;213223280;Beekrombout;Gomphus vulgatissimus;2021-05-10;5;2021-05-10;1;ter plaatse;onbekend;imago, niet uitgekleurd;onbekend;228190.63454574576;220959.4562680116;5.489703;51.293168;FS7385;  ;Hamont-Achel;Achel;Limburg;Site;J;Goedgekeurd op basis van bewijsmateriaal;1980-01-01;3;;25;Libellen;Gomphidae;2026-07-08;603;S;zeldzaam
191052212;191052212;Beekrombout;Gomphus vulgatissimus;2020-05-09;5;2020-05-10;1;ter plaatse;gezien;imago;Man;207281.30749067623;214701.38092880044;5.188983;51.239382;FS5278;Mol - Den Diel - West - Ten zuiden van beek;Mol;Mol;Antwerpen;Site;J;Goedgekeurd op basis van bewijsmateriaal;1980-01-01;3;;25;Libellen;Gomphidae;2026-07-08;603;S;zeldzaam
273761887;273761887;Beekrombout;Gomphus vulgatissimus;2023-05-28;5;2023-05-28;1;ter plaatse;gezien;imago;onbekend;207278.5753698573;214696.0630007964;5.188943039465357;51.23933447515302;FS5278;Mol - Den Diel - West - Ten zuiden van beek;Mol;Mol;Antwerpen;Site;J;Goedgekeurd op basis van bewijsmateriaal;1980-01-01;3;;5;Libellen;Gomphidae;2026-07-08;603;S;zeldzaam
349566360;349566360;Beekrombout;Gomphus vulgatissimus;2025-05-10;5;2025-05-10;1;ter plaatse;gezien;imago;Man;179014.80039267064;208407.2454889016;4.783735871315002;51.184925008569614;FS2471;Vorselaar - Heiken;Vorselaar;Vorselaar;Antwerpen;Site;J;Goedgekeurd op basis van bewijsmateriaal;1980-01-01;3;iPhone pic as I was just passing by bike to check if they had emerged yet;4;Libellen;Gomphidae;2026-07-08;603;S;zeldzaam
273752909;273752909;Beekrombout;Gomphus vulgatissimus;2023-05-28;5;2023-05-28;1;ter plaatse;gezien;imago;onbekend;207278.29169239744;214701.6971513424;5.188939869605065;51.23938514180855;FS5278;Mol - Den Diel - West - Ten zuiden van beek;Mol;Mol;Antwerpen;Site;J;Goedgekeurd op basis van bewijsmateriaal;1980-01-01;3;;10;Libellen;Gomphidae;2026-07-08;603;S;zeldzaam
213223220;213223220;Beekrombout;Gomphus vulgatissimus;2021-05-10;5;2021-05-10;4;ter plaatse;onbekend;larvenhuidje;onbekend;228127.10400986092;221073.3281661877;5.488817;51.2942;FS7385;  ;Hamont-Achel;Achel;Limburg;Site;J;Goedgekeurd op basis van bewijsmateriaal;1980-01-01;3;;25;Libellen;Gomphidae;2026-07-08;603;S;zeldzaam
240295184;240295184;Beekrombout;Gomphus vulgatissimus;2022-05-05;5;2022-05-05;9;ter plaatse;gezien;imago, niet uitgekleurd;onbekend;228132.7478327372;221087.65600238927;5.488901;51.294328;FS7385;Achel - Achelse Kluis NW;Hamont-Achel;Achel;Limburg;Site;J;Goedgekeurd op basis van bewijsmateriaal;1980-01-01;3;;60;Libellen;Gomphidae;2026-07-08;603;S;zeldzaam
349757695;349757695;Beekrombout;Gomphus vulgatissimus;2025-05-11;5;2025-05-11;1;ter plaatse;onbekend;imago;Vrouw;225993.7320510256;217781.78596145287;5.457544326782227;51.264903690853664;FS7182;  ;Hamont-Achel;Achel;Limburg;Site;J;Goedgekeurd op basis van bewijsmateriaal;1980-01-01;3;;15;Libellen;Gomphidae;2026-07-08;603;S;zeldzaam
283359331;283359331;Beekrombout;Gomphus vulgatissimus;2022-05-25;5;2023-08-07;1;ter plaatse;onbekend;imago;onbekend;227271.57560545835;216258.77652861457;5.475524277777778;51.251046083333335;FS7280;  ;Hamont-Achel;Achel;Limburg;ObsIdentify;J;Goedgekeurd op basis van bewijsmateriaal;1980-01-01;3;;999;Libellen;Gomphidae;2026-07-08;603;S;zeldzaam
272118972;272118972;Beekrombout;Gomphus vulgatissimus;2023-05-17;5;2023-05-17;1;ter plaatse;onbekend;imago;onbekend;226046.7571591768;217753.23799656145;5.458297920122277;51.264640127644256;FS7182;  ;Hamont-Achel;Achel;Limburg;Site;J;Goedgekeurd op basis van bewijsmateriaal;1980-01-01;3;;15;Libellen;Gomphidae;2026-07-08;603;S;zeldzaam
241900924;241900924;Beekrombout;Gomphus vulgatissimus;2022-05-17;5;2022-05-17;1;ter plaatse;gezien;imago;Man;207282.8305687015;214696.2797042206;5.189004;51.239336;FS5278;Mol - Den Diel - West - Ten zuiden van beek;Mol;Mol;Antwerpen;Site;J;Goedgekeurd op basis van bewijsmateriaal;1980-01-01;3;;5;Libellen;Gomphidae;2026-07-08;603;S;zeldzaam
361520582;361520582;Beekrombout;Gomphus vulgatissimus;2025-06-03;6;2025-07-08;1;ter plaatse;gezien;imago;Vrouw;207292.78623016863;214694.33122039307;5.189146237334626;51.23931749806391;FS5278;Mol - Den Diel - West - Ten zuiden van beek;Mol;Mol;Antwerpen;Site;J;Goedgekeurd op basis van bewijsmateriaal;1980-01-01;3;;15;Libellen;Gomphidae;2026-07-08;603;S;zeldzaam
349771210;349771210;Beekrombout;Gomphus vulgatissimus;2025-05-11;5;2025-05-11;1;ter plaatse;onbekend;imago;onbekend;226032.26518531708;217738.4292494608;5.458087205624906;51.26450894982549;FS7182;  ;Hamont-Achel;Achel;Limburg;Site;J;Goedgekeurd op basis van bewijsmateriaal;1980-01-01;3;;7;Libellen;Gomphidae;2026-07-08;603;S;zeldzaam
214729041;214729041;Beekrombout;Gomphus vulgatissimus;2021-05-24;5;2021-05-24;1;ter plaatse;gezien;imago, niet uitgekleurd;Man;209309.30190844447;219984.7527996814;5.2188867;51.286662;FS5484;Postel;Mol;Mol;Antwerpen;Site;J;Goedgekeurd op basis van bewijsmateriaal;1980-01-01;4;;7;Libellen;Gomphidae;2026-07-08;603;S;zeldzaam
215703422;215703422;Beekrombout;Gomphus vulgatissimus;2021-06-02;6;2021-06-02;1;ter plaatse;onbekend;onbekend;onbekend;228346.31865209888;220772.5392096294;5.491894;51.291467;FS7385;  ;Hamont-Achel;Achel;Limburg;Site;J;Goedgekeurd op basis van bewijsmateriaal;1980-01-01;3;;25;Libellen;Gomphidae;2026-07-08;603;S;zeldzaam
314387891;314387891;Beekrombout;Gomphus vulgatissimus;2024-06-13;6;2024-06-13;1;ter plaatse;onbekend;imago;Man;209234.6689678359;219823.70237561688;5.21779060276458;51.28522223038137;FS5483;Postel;Mol;Mol;Antwerpen;Site;J;Goedgekeurd op basis van bewijsmateriaal;1980-01-01;4;;30;Libellen;Gomphidae;2026-07-08;603;S;zeldzaam
192012305;192012305;Beekrombout;Gomphus vulgatissimus;2020-05-21;5;2020-05-21;1;ter plaatse;onbekend;imago;onbekend;178900.30997114957;208389.36038615927;4.782097;51.18477;FS2471;Vorselaar - Schupleer en omgeving;Grobbendonk;Grobbendonk;Antwerpen;Site;J;Goedgekeurd op basis van bewijsmateriaal;1980-01-01;4;;5;Libellen;Gomphidae;2026-07-08;603;S;zeldzaam
213096108;213096108;Beekrombout;Gomphus vulgatissimus;2021-05-09;5;2021-05-09;1;ter plaatse;onbekend;imago, niet uitgekleurd;onbekend;228054.78342976188;221196.6375540057;5.487807;51.295318;FS7385;  ;Hamont-Achel;Achel;Limburg;Site;J;Goedgekeurd op basis van bewijsmateriaal;1980-01-01;3;;25;Libellen;Gomphidae;2026-07-08;603;S;zeldzaam
354579211;354579211;Beekrombout;Gomphus vulgatissimus;2025-05-31;5;2025-06-04;2;ter plaatse;onbekend;imago;onbekend;228678.01509961643;219618.80025334284;5.496397000000002;51.281053;FS7484;Hageven met Dommelvallei Beverbeekse Heide Warmbeek en Wateringen - N2000;Hamont-Achel;Achel;Limburg;Site;J;Goedgekeurd op basis van bewijsmateriaal;2025-12-01;3;;30;Libellen;Gomphidae;2026-07-08;603;S;zeldzaam
216603586;216603586;Beekrombout;Gomphus vulgatissimus;2021-06-10;6;2021-06-10;1;ter plaatse;gezien;imago;Man;223620.09087879708;217552.5928916596;5.4234944;51.263152;FS6981;Neerpelt - Het Hageven;Neerpelt;Neerpelt;Limburg;Site;J;Goedgekeurd op basis van bewijsmateriaal;1980-01-01;3;;5;Libellen;Gomphidae;2026-07-08;603;S;zeldzaam
349804398;349804398;Beekrombout;Gomphus vulgatissimus;2025-05-10;5;2025-05-11;2;ter plaatse;onbekend;imago;onbekend;228620.4330974734;219532.28483725895;5.49555301622604;51.2802833357312;FS7483;Hageven met Dommelvallei Beverbeekse Heide Warmbeek en Wateringen - N2000;Hamont-Achel;Achel;Limburg;Site;J;Goedgekeurd op basis van bewijsmateriaal;2025-09-30;3;;30;Libellen;Gomphidae;2026-07-08;603;S;zeldzaam
193225943;193225943;Beekrombout;Gomphus vulgatissimus;2020-06-03;6;2020-06-03;1;ter plaatse;onbekend;imago;onbekend;209290.5144923741;219958.3903009817;5.2186131;51.286427;FS5484;Postel;Mol;Mol;Antwerpen;Site;J;Goedgekeurd op basis van bewijsmateriaal;1980-01-01;4;;15;Libellen;Gomphidae;2026-07-08;603;S;zeldzaam
213097079;213097079;Beekrombout;Gomphus vulgatissimus;2021-05-09;5;2021-05-09;2;ter plaatse;onbekend;imago, niet uitgekleurd;onbekend;227951.2880850277;221375.2249298152;5.486362;51.296937;FS7385;Achel - Achelse Kluis NW;Hamont-Achel;Achel;Limburg;Site;J;Goedgekeurd op basis van bewijsmateriaal;1980-01-01;3;;25;Libellen;Gomphidae;2026-07-08;603;S;zeldzaam
350745144;350745144;Beekrombout;Gomphus vulgatissimus;2025-05-16;5;2025-05-16;2;ter plaatse;gezien;imago;onbekend;179092.79708992754;208310.92697383;4.784843649884124;51.18405533200131;FS2471;BW062 Kleine Nete Vorselaar;Herentals;Herentals;Antwerpen;Site;J;Goedgekeurd op basis van bewijsmateriaal;1980-01-01;3;;18;Libellen;Gomphidae;2026-07-08;603;S;zeldzaam
193047430;193047430;Beekrombout;Gomphus vulgatissimus;2020-06-01;6;2020-06-01;6;ter plaatse;gezien;imago;onbekend;209293.63407574;219947.96713849064;5.2186561;51.286333;FS5484;Postel;Mol;Mol;Antwerpen;Site;J;Goedgekeurd op basis van bewijsmateriaal;1980-01-01;3;;15;Libellen;Gomphidae;2026-07-08;603;S;zeldzaam
351254892;351254892;Beekrombout;Gomphus vulgatissimus;2025-05-16;5;2025-05-18;1;ter plaatse;gezien;imago;Man;207180.4608204092;214688.24564353656;5.1875369929789485;51.2392739553299;FS5278;Mol - Den Diel - West - Ten zuiden van beek;Mol;Mol;Antwerpen;Site;J;Goedgekeurd op basis van bewijsmateriaal;1980-01-01;3;;10;Libellen;Gomphidae;2026-07-08;603;S;zeldzaam
218275666;218275666;Beekrombout;Gomphus vulgatissimus;2021-06-26;6;2021-06-26;1;ter plaatse;gezien;imago;Vrouw;207248.9437707346;214696.2389352005;5.1885188;51.239339;FS5278;Mol - Den Diel - West - Ten zuiden van beek;Mol;Mol;Antwerpen;Site;J;Goedgekeurd op basis van bewijsmateriaal;1980-01-01;3;;20;Libellen;Gomphidae;2026-07-08;603;S;zeldzaam
312242315;312242315;Beekrombout;Gomphus vulgatissimus;2024-05-30;5;2024-05-30;1;ter plaatse;gezien;imago;Man;207288.3184096805;214692.81331750003;5.189082026481628;51.23930429953519;FS5278;Mol - Den Diel - West - Ten zuiden van beek;Mol;Mol;Antwerpen;Site;J;Goedgekeurd op basis van bewijsmateriaal;1980-01-01;3;;10;Libellen;Gomphidae;2026-07-08;603;S;zeldzaam
397357847;397357847;Beekrombout;Gomphus vulgatissimus;2026-05-09;5;2026-05-09;1;ter plaatse;onbekend;larvenhuidje;onbekend;225999.2381931796;217766.5460932292;5.45762000000002;51.264766;FS7182;  ;Hamont-Achel;Achel;Limburg;Site;J;Goedgekeurd op basis van bewijsmateriaal;1980-01-01;3;;999;Libellen;Gomphidae;2026-07-08;603;S;zeldzaam
350225735;350225735;Beekrombout;Gomphus vulgatissimus;2025-05-13;5;2025-05-13;1;ter plaatse;onbekend;imago;Man;226110.54379842305;217813.97779438645;5.459224462247221;51.265177590703054;FS7182;  ;Hamont-Achel;Achel;Limburg;Site;J;Goedgekeurd op basis van bewijsmateriaal;1980-01-01;3;;7;Libellen;Gomphidae;2026-07-08;603;S;zeldzaam
350226799;350226799;Beekrombout;Gomphus vulgatissimus;2025-05-13;5;2025-05-13;1;ter plaatse;onbekend;imago;Man;225986.14725980232;217816.6474061329;5.457443000000012;51.265218;FS7182;  ;Hamont-Achel;Achel;Limburg;Site;J;Goedgekeurd op basis van bewijsmateriaal;1980-01-01;3;;7;Libellen;Gomphidae;2026-07-08;603;S;zeldzaam
244520159;244520159;Beekrombout;Gomphus vulgatissimus;2022-06-07;6;2022-06-07;1;ter plaatse;onbekend;imago;Vrouw;218250.15615146136;217209.2127449466;5.34650514;51.26072692;FS6381;Lommel - Watering (Vloeiweiden);Lommel;Lommel;Limburg;ObsIdentify;J;Goedgekeurd op basis van bewijsmateriaal;1980-01-01;4;;999;Libellen;Gomphidae;2026-07-08;603;S;zeldzaam
242986055;242986055;Beekrombout;Gomphus vulgatissimus;2022-05-26;5;2022-05-26;1;ter plaatse;onbekend;imago;Vrouw;219172.47821613925;217529.1741574211;5.35977792;51.26349258;FS6481;Lommel - Vloeiweiden (kern);Lommel;Lommel;Limburg;ObsIdentify;J;Goedgekeurd op basis van bewijsmateriaal;1980-01-01;4;;999;Libellen;Gomphidae;2026-07-08;603;S;zeldzaam
240153868;240153868;Beekrombout;Gomphus vulgatissimus;2022-05-04;5;2022-05-04;1;ter plaatse;onbekend;imago, niet uitgekleurd;Man;228195.36990603787;220946.1753356112;5.489768;51.293048;FS7385;  ;Hamont-Achel;Achel;Limburg;Site;J;Goedgekeurd op basis van bewijsmateriaal;1980-01-01;3;totaal 3 ex gezien;25;Libellen;Gomphidae;2026-07-08;603;S;zeldzaam
240153619;240153619;Beekrombout;Gomphus vulgatissimus;2022-05-04;5;2022-05-04;1;ter plaatse;onbekend;imago, niet uitgekleurd;onbekend;228056.8129424113;221167.07017093335;5.4878297;51.295052;FS7385;  ;Hamont-Achel;Achel;Limburg;Site;J;Goedgekeurd op basis van bewijsmateriaal;1980-01-01;3;;15;Libellen;Gomphidae;2026-07-08;603;S;zeldzaam
349344428;349344428;Beekrombout;Gomphus vulgatissimus;2025-05-09;5;2025-05-09;1;ter plaatse;onbekend;imago;Man;228411.6984738488;219588.16632473376;5.492573999999991;51.280814;FS7384;Hageven met Dommelvallei Beverbeekse Heide Warmbeek en Wateringen - N2000;Hamont-Achel;Achel;Limburg;Site;J;Goedgekeurd op basis van bewijsmateriaal;1980-01-01;3;;15;Libellen;Gomphidae;2026-07-08;603;S;zeldzaam
296432656;296432656;Beekrombout;Gomphus vulgatissimus;2022-05-14;5;2024-01-14;1;ter plaatse;onbekend;imago;Man;207260.1314251166;214700.72253574056;5.1886796951293945;51.239378186389615;FS5278;Mol - Den Diel - West - Ten zuiden van beek;Mol;Mol;Antwerpen;Site;J;Goedgekeurd op basis van bewijsmateriaal;1980-01-01;3;;7;Libellen;Gomphidae;2026-07-08;603;S;zeldzaam
228058355;228058355;Beekrombout;Gomphus vulgatissimus;2020-05-23;5;2021-10-22;1;ter plaatse;onbekend;imago;Man;209196.6177576376;219528.7236383343;5.2171969;51.282575;FS5483;Postel;Mol;Mol;Antwerpen;Site;J;Goedgekeurd op basis van bewijsmateriaal;1980-01-01;3;;15;Libellen;Gomphidae;2026-07-08;603;S;zeldzaam
278169975;278169975;Beekrombout;Gomphus vulgatissimus;2023-06-27;6;2023-06-27;2;ter plaatse;onbekend;imago;onbekend;226038.36202301068;217733.30487054584;5.4581734658859205;51.26446209122493;FS7182;  ;Hamont-Achel;Achel;Limburg;Site;J;Goedgekeurd op basis van bewijsmateriaal;1980-01-01;3;;7;Libellen;Gomphidae;2026-07-08;603;S;zeldzaam
222600626;222600626;Beekrombout;Gomphus vulgatissimus;2021-05-15;5;2021-08-11;1;ter plaatse;onbekend;imago;onbekend;179723.31021204134;208348.73717085735;4.79386419;51.18436303;FS2571;Herentals - Vuilvoort;Herentals;Herentals;Antwerpen;ObsIdentify;J;Goedgekeurd op basis van bewijsmateriaal;1980-01-01;3;;21;Libellen;Gomphidae;2026-07-08;603;S;zeldzaam
229797775;229797775;Beekrombout;Gomphus vulgatissimus;2021-06-07;6;2021-11-24;3;ter plaatse;onbekend;imago, niet uitgekleurd;onbekend;209213.3143170335;219771.58300377987;5.217476;51.284756;FS5483;Postel;Mol;Mol;Antwerpen;Site;J;Goedgekeurd op basis van bewijsmateriaal;1980-01-01;3;;25;Libellen;Gomphidae;2026-07-08;603;S;zeldzaam
213586661;213586661;Beekrombout;Gomphus vulgatissimus;2021-05-13;5;2021-05-13;3;ter plaatse;gezien;larvenhuidje;onbekend;209315.73305527863;219978.8181931032;5.2189779;51.286608;FS5484;Postel;Mol;Mol;Antwerpen;Site;J;Goedgekeurd op basis van bewijsmateriaal;1980-01-01;3;;20;Libellen;Gomphidae;2026-07-08;603;S;zeldzaam
245203885;245203885;Beekrombout;Gomphus vulgatissimus;2022-06-12;6;2022-06-12;1;ter plaatse;onbekend;imago;Vrouw;207063.0223681876;214634.32879630665;5.185847;51.238801;FS5278;  ;Mol;Mol;Antwerpen;Site;J;Goedgekeurd op basis van bewijsmateriaal;1980-01-01;3;;25;Libellen;Gomphidae;2026-07-08;603;S;zeldzaam
240150500;240150500;Beekrombout;Gomphus vulgatissimus;2022-05-04;5;2022-05-04;1;ter plaatse;onbekend;imago, niet uitgekleurd;Vrouw;227943.8880672583;221292.216826831;5.486238;51.296192;FS7385;  ;Hamont-Achel;Achel;Limburg;Site;J;Goedgekeurd op basis van bewijsmateriaal;1980-01-01;3;;25;Libellen;Gomphidae;2026-07-08;603;S;zeldzaam
350335055;350335055;Beekrombout;Gomphus vulgatissimus;2025-05-14;5;2025-05-14;1;ter plaatse;onbekend;imago;Vrouw;228126.1587258592;216002.7596569052;5.4877074;51.24863;FS7380;Warmbeekvallei;Hamont-Achel;Achel;Limburg;ObsIdentify;J;Goedgekeurd op basis van bewijsmateriaal;1980-01-01;3;;26;Libellen;Gomphidae;2026-07-08;603;S;zeldzaam
273306191;273306191;Beekrombout;Gomphus vulgatissimus;2023-05-25;5;2023-05-25;1;ter plaatse;onbekend;imago;Man;209327.390389484;220039.813709368;5.219155000000001;51.287155;FS5484;Postel - Golfbaan;Mol;Mol;Antwerpen;Site;J;Goedgekeurd op basis van bewijsmateriaal;1980-01-01;3;;5;Libellen;Gomphidae;2026-07-08;603;S;zeldzaam
397823073;397823073;Beekrombout;Gomphus vulgatissimus;2026-05-09;5;2026-05-11;1;ter plaatse;onbekend;imago;Vrouw;219535.3507739675;215500.56861635295;5.364586071017587;51.24521689707405;FS6579;Lommel - Velbo West;Lommel;Lommel;Limburg;ObsIdentify;J;Goedgekeurd op basis van bewijsmateriaal;1980-01-01;3;;6;Libellen;Gomphidae;2026-07-08;603;S;zeldzaam
214854632;214854632;Beekrombout;Gomphus vulgatissimus;2021-05-26;5;2021-05-26;1;ter plaatse;onbekend;imago, niet uitgekleurd;onbekend;228221.31776387696;220868.01038398687;5.490123;51.292342;FS7385;Achel - Achelse Kluis NW;Hamont-Achel;Achel;Limburg;Site;J;Goedgekeurd op basis van bewijsmateriaal;1980-01-01;3;;25;Libellen;Gomphidae;2026-07-08;603;S;zeldzaam
214854434;214854434;Beekrombout;Gomphus vulgatissimus;2021-05-26;5;2021-05-26;2;ter plaatse;onbekend;imago, niet uitgekleurd;onbekend;228139.3879496848;221072.9572528107;5.488993;51.294195;FS7385;  ;Hamont-Achel;Achel;Limburg;Site;J;Goedgekeurd op basis van bewijsmateriaal;1980-01-01;3;;25;Libellen;Gomphidae;2026-07-08;603;S;zeldzaam
308544302;308544302;Beekrombout;Gomphus vulgatissimus;2024-05-09;5;2024-05-09;1;ter plaatse;onbekend;imago;Man;207163.42029392344;214267.8588163732;5.1872266;51.2354973;FS5278;Molse zandputten - Natuurreservaat De Maat;Mol;Mol;Antwerpen;ObsIdentify;J;Goedgekeurd op basis van bewijsmateriaal;1980-01-01;3;;3;Libellen;Gomphidae;2026-07-08;603;S;zeldzaam
308544689;308544689;Beekrombout;Gomphus vulgatissimus;2024-05-09;5;2024-05-09;1;ter plaatse;onbekend;imago;Man;207171.22416489417;214278.4480574876;5.18734;51.2355917;FS5278;Molse zandputten - Natuurreservaat De Maat;Mol;Mol;Antwerpen;ObsIdentify;J;Goedgekeurd op basis van bewijsmateriaal;1980-01-01;3;;658;Libellen;Gomphidae;2026-07-08;603;S;zeldzaam
308544361;308544361;Beekrombout;Gomphus vulgatissimus;2024-05-09;5;2024-05-09;1;ter plaatse;onbekend;imago;Man;207166.8806118561;214287.8574085776;5.1872793;51.2356767;FS5278;Molse zandputten - Natuurreservaat De Maat;Mol;Mol;Antwerpen;ObsIdentify;J;Goedgekeurd op basis van bewijsmateriaal;1980-01-01;3;;8;Libellen;Gomphidae;2026-07-08;603;S;zeldzaam
245751359;245751359;Beekrombout;Gomphus vulgatissimus;2022-06-17;6;2022-06-17;1;ter plaatse;onbekend;imago;Vrouw;228242.4082252642;219310.82388672512;5.490088;51.2783445;FS7383;  ;Hamont-Achel;Achel;Limburg;ObsIdentify;J;Goedgekeurd op basis van bewijsmateriaal;1980-01-01;3;;999;Libellen;Gomphidae;2026-07-08;603;S;zeldzaam
