wn_id;unieke_id;naam_nl;naam_lat;datum;maand;invoerdatum;aantal;gedrag;methode;kleed;geslacht;x;y;lon;lat;utm1;gebied;gemeente;deelgemeente;provincie;typewaarneming;zeker;status;embargo_datum;toestemming_wnr;bijzonderheden;precisie;soortgroep;familie;aanleverdatum;id_species;id_species_type;zeldzaamheid
287157314;287157314;Gele luzernevlinder;Colias hyale;2023-09-07;9;2023-09-07;5;ter plaatse;onbekend;imago;onbekend;200584.40388025023;185403.9045897238;5.089021682739258;50.9766731262207;FS4649;Gennep - Snippenweide - Rotbroek;Halen;Zelem;Limburg;ObsMapp;J;Goedgekeurd op basis van bewijsmateriaal;1980-01-01;3;;4;Dagvlinders;Pieridae;2026-07-08;725;S;vrij algemeen
361744281;361744281;Gele luzernevlinder;Colias hyale;2025-07-09;7;2025-07-09;1;foeragerend;gezien;imago;Man;163278.98844288505;201386.70573789533;4.558421372930752;51.12239768692985;FS0964;Beneden Netevallei - GGG Pallieterpolder;Lier;Lier;Antwerpen;Site;J;Goedgekeurd op basis van bewijsmateriaal;1980-01-01;3;;7;Dagvlinders;Pieridae;2026-07-08;725;S;vrij algemeen
374657535;374657535;Gele luzernevlinder;Colias hyale;2025-09-30;9;2025-10-01;1;ter plaatse;onbekend;imago;Man;211926.8023694747;207335.1154478565;5.254238128662109;51.17269515991211;FS5771;Balen - De Most;Balen;Balen;Antwerpen;ObsMapp;J;Goedgekeurd op basis van kennisregels - nabijheid;1980-01-01;3;;3;Dagvlinders;Pieridae;2026-07-08;725;S;vrij algemeen
372008884;372008884;Gele luzernevlinder;Colias hyale;2025-09-07;9;2025-09-07;1;ter plaatse;onbekend;imago;onbekend;211972.66029413545;207452.3799290927;5.254913806915283;51.17374420166016;FS5771;Balen - De Most;Balen;Balen;Antwerpen;ObsMapp;J;Goedgekeurd op basis van kennisregels - nabijheid;1980-01-01;3;;4;Dagvlinders;Pieridae;2026-07-08;725;S;vrij algemeen
372426751;372426751;Gele luzernevlinder;Colias hyale;2025-09-10;9;2025-09-11;1;ter plaatse;onbekend;imago;onbekend;210897.1484547037;207457.8954720162;5.239537239074707;51.17390823364258;FS5671;Balen - De Most;Balen;Balen;Antwerpen;ObsMapp;J;Goedgekeurd op basis van kennisregels - nabijheid;1980-01-01;3;;3;Dagvlinders;Pieridae;2026-07-08;725;S;vrij algemeen
372008616;372008616;Gele luzernevlinder;Colias hyale;2025-09-07;9;2025-09-07;1;ter plaatse;onbekend;imago;onbekend;211691.58157258196;207561.92738788572;5.250913619995117;51.17475891113281;FS5771;Balen - De Most;Balen;Balen;Antwerpen;ObsMapp;J;Goedgekeurd op basis van kennisregels - nabijheid;1980-01-01;3;;10;Dagvlinders;Pieridae;2026-07-08;725;S;vrij algemeen
371764190;371764190;Gele luzernevlinder;Colias hyale;2025-09-05;9;2025-09-05;1;ter plaatse;onbekend;imago;onbekend;211891.16727578503;207683.14351664484;5.253787994384766;51.17582702636719;FS5771;Balen - De Most;Balen;Balen;Antwerpen;ObsMapp;J;Goedgekeurd op basis van kennisregels - nabijheid;1980-01-01;3;;6;Dagvlinders;Pieridae;2026-07-08;725;S;vrij algemeen
369593639;369593639;Gele luzernevlinder;Colias hyale;2025-08-20;8;2025-08-20;1;ter plaatse;onbekend;imago;onbekend;211758.7130700065;207606.866275358;5.251881122589111;51.17515563964844;FS5771;Balen - De Most;Balen;Balen;Antwerpen;ObsMapp;J;Goedgekeurd op basis van kennisregels - nabijheid;1980-01-01;3;;3;Dagvlinders;Pieridae;2026-07-08;725;S;vrij algemeen
252855302;252855302;Gele luzernevlinder;Colias hyale;2022-08-20;8;2022-08-20;1;foeragerend;onbekend;imago;onbekend;162798.71111107882;200691.32704301455;4.551537;51.116158;FS0863;Beneden Netevallei - Anderstad;Lier;Lier;Antwerpen;Site;J;Goedgekeurd op basis van bewijsmateriaal;1980-01-01;3;;7;Dagvlinders;Pieridae;2026-07-08;725;S;vrij algemeen
368406999;368406999;Gele luzernevlinder;Colias hyale;2025-08-13;8;2025-08-13;1;ter plaatse;onbekend;imago;Man;228410.88513954083;186609.0329148956;5.485450029373169;50.98440907734273;FS7451;Genk - Terril Winterslag;Genk;Genk;Limburg;Site;J;Goedgekeurd op basis van kennisregels - nabijheid;1980-01-01;3;;8;Dagvlinders;Pieridae;2026-07-08;725;S;vrij algemeen
370706097;370706097;Gele luzernevlinder;Colias hyale;2025-08-26;8;2025-08-27;1;ter plaatse;onbekend;imago;Man;223559.30309021616;180463.2624791097;5.415131091940566;50.92980486531255;FS6944;Diepenbeek - De Dijken;Diepenbeek;Diepenbeek;Limburg;Site;J;Goedgekeurd op basis van bewijsmateriaal;1980-01-01;3;;15;Dagvlinders;Pieridae;2026-07-08;725;S;vrij algemeen
394494188;394494188;Gele luzernevlinder;Colias hyale;2026-04-24;4;2026-04-25;3;ter plaatse;onbekend;imago;onbekend;227820.92063693775;186570.2506963564;5.477040999999986;50.98414;FS7350;Genk - Terril Winterslag;Genk;Genk;Limburg;Site;J;Goedgekeurd op basis van bewijsmateriaal;1980-01-01;3;;15;Dagvlinders;Pieridae;2026-07-08;725;S;vrij algemeen
287465591;287465591;Gele luzernevlinder;Colias hyale;2023-09-09;9;2023-09-09;4;ter plaatse;onbekend;imago;onbekend;139437.58495851076;217142.09939248025;4.217434883117676;51.26407241821289;ES8479;Verrebroek - Verrebroekse Plassen (VEPL);Beveren;Kallo;Oost-Vlaanderen;ObsMapp;J;Goedgekeurd op basis van bewijsmateriaal;1980-01-01;3;;5;Dagvlinders;Pieridae;2026-07-08;725;S;vrij algemeen
370194007;370194007;Gele luzernevlinder;Colias hyale;2025-08-24;8;2025-08-24;1;ter plaatse;onbekend;imago;onbekend;228156.24728106905;186507.6199136088;5.481802463531494;50.9835319519043;FS7450;Genk - Terril Winterslag;Genk;Genk;Limburg;ObsMapp;J;Goedgekeurd op basis van bewijsmateriaal;1980-01-01;3;;5;Dagvlinders;Pieridae;2026-07-08;725;S;vrij algemeen
360792431;360792431;Gele luzernevlinder;Colias hyale;2025-07-04;7;2025-07-04;1;foeragerend;gezien;imago;onbekend;182347.3148251772;190129.723056878;4.829771995544434;51.02045822143555;FS2853;  ;Herselt;Ramsel;Antwerpen;ObsMapp;J;Goedgekeurd op basis van bewijsmateriaal;1980-01-01;3;;1;Dagvlinders;Pieridae;2026-07-08;725;S;vrij algemeen
363875258;363875258;Gele luzernevlinder;Colias hyale;2025-07-19;7;2025-07-19;1;ter plaatse;gezien;imago;onbekend;182360.9784842169;190143.8125846824;4.829967975616455;51.02058410644531;FS2853;  ;Herselt;Ramsel;Antwerpen;ObsMapp;J;Goedgekeurd op basis van kennisregels - nabijheid;1980-01-01;3;;3;Dagvlinders;Pieridae;2026-07-08;725;S;vrij algemeen
369274076;369274076;Gele luzernevlinder;Colias hyale;2025-08-18;8;2025-08-18;2;ter plaatse;gezien;imago;onbekend;182462.5929739538;190138.0799737284;4.83141565322876;51.02052688598633;FS2853;  ;Herselt;Ramsel;Antwerpen;ObsMapp;J;Goedgekeurd op basis van bewijsmateriaal;1980-01-01;3;;2;Dagvlinders;Pieridae;2026-07-08;725;S;vrij algemeen
294848436;294848436;Gele luzernevlinder;Colias hyale;2023-09-27;9;2023-12-19;1;ter plaatse;onbekend;imago;onbekend;205513.70743601728;183881.2548494907;5.158973695943132;50.96253535995493;FS5147;Schulensbroek - Binnenbekken Oost;Herk-de-Stad;Schulen;Limburg;Site;J;Goedgekeurd op basis van bewijsmateriaal;1980-01-01;3;;30;Dagvlinders;Pieridae;2026-07-08;725;S;vrij algemeen
287825422;287825422;Gele luzernevlinder;Colias hyale;2022-08-29;8;2023-09-13;1;ter plaatse;onbekend;imago;Man;179753.2845413178;181671.2312486721;4.79211399999997;50.944564;FS2545;  ;Holsbeek;Nieuwrode;Vlaams-Brabant;Site;J;Goedgekeurd op basis van bewijsmateriaal;1980-01-01;3;;8;Dagvlinders;Pieridae;2026-07-08;725;S;vrij algemeen
369084023;369084023;Gele luzernevlinder;Colias hyale;2025-08-17;8;2025-08-17;2;ter plaatse;gezien;imago;onbekend;182481.5570146001;190128.43759766035;4.8316850662231445;51.02043914794922;FS2853;  ;Herselt;Ramsel;Antwerpen;ObsMapp;J;Goedgekeurd op basis van bewijsmateriaal;1980-01-01;3;;6;Dagvlinders;Pieridae;2026-07-08;725;S;vrij algemeen
368555276;368555276;Gele luzernevlinder;Colias hyale;2025-08-14;8;2025-08-14;1;ter plaatse;gezien;imago;onbekend;182355.1959658719;190008.3993281601;4.829873561859131;51.01936721801758;FS2853;Herentals/Aarschot - Kempen-Hagelandroute;Herselt;Ramsel;Antwerpen;ObsMapp;J;Goedgekeurd op basis van kennisregels - nabijheid;1980-01-01;3;;3;Dagvlinders;Pieridae;2026-07-08;725;S;vrij algemeen
375464474;375464474;Gele luzernevlinder;Colias hyale;2025-10-09;10;2025-10-09;1;ter plaatse;onbekend;imago;onbekend;209815.35919953653;197128.4196152119;5.222370599722223;51.08117889972223;FS5561;Beverlo - Vallei van de Grote Beek - Visvijvers Pauwels;Beringen;Beverlo;Limburg;ObsIdentify;J;Goedgekeurd op basis van bewijsmateriaal;1980-01-01;3;;999;Dagvlinders;Pieridae;2026-07-08;725;S;vrij algemeen
406628236;406628236;Gele luzernevlinder;Colias hyale;2026-06-22;6;2026-06-22;1;ter plaatse;onbekend;imago;Man;175065.7833721124;185924.8605445251;4.7257079999999405;50.983022;FS2149;Tremelo - Ossebeemden-Geetsvondel;Rotselaar;Werchter;Vlaams-Brabant;Site;J;Goedgekeurd op basis van bewijsmateriaal;1980-01-01;3;;999;Dagvlinders;Pieridae;2026-07-08;725;S;vrij algemeen
288072509;288072509;Gele luzernevlinder;Colias hyale;2023-09-16;9;2023-09-16;3;ter plaatse;onbekend;imago;onbekend;205902.80497805303;183868.4637987884;5.164510000000064;50.962383;FS5147;Schulensbroek - Buitenbekken Oost;Herk-de-Stad;Schulen;Limburg;ObsMapp;J;Goedgekeurd op basis van kennisregels - automatische beeldherkenning (NIA);1980-01-01;3;;5;Dagvlinders;Pieridae;2026-07-08;725;S;vrij algemeen
368101966;368101966;Gele luzernevlinder;Colias hyale;2025-08-11;8;2025-08-11;1;foeragerend;gezien;imago;onbekend;182469.25980084756;190131.3314941013;4.831510066986084;51.02046585083008;FS2853;  ;Herselt;Ramsel;Antwerpen;ObsMapp;J;Goedgekeurd op basis van bewijsmateriaal;1980-01-01;3;;4;Dagvlinders;Pieridae;2026-07-08;725;S;vrij algemeen
269866854;269866854;Gele luzernevlinder;Colias hyale;2023-05-01;5;2023-05-01;1;ter plaatse;onbekend;imago;onbekend;206299.26185635792;183897.3870776184;5.1701574309845455;50.96260462166829;FS5247;Schulensbroek - Buitenbekken Oost;Herk-de-Stad;Schulen;Limburg;Site;J;Goedgekeurd op basis van bewijsmateriaal;1980-01-01;3;;30;Dagvlinders;Pieridae;2026-07-08;725;S;vrij algemeen
370184807;370184807;Gele luzernevlinder;Colias hyale;2025-08-24;8;2025-08-24;1;ter plaatse;gezien;imago;onbekend;182358.1761000444;190158.64846386388;4.829929351806641;51.02071762084961;FS2853;  ;Herselt;Ramsel;Antwerpen;ObsMapp;J;Goedgekeurd op basis van kennisregels - nabijheid;1980-01-01;3;;3;Dagvlinders;Pieridae;2026-07-08;725;S;vrij algemeen
368101878;368101878;Gele luzernevlinder;Colias hyale;2025-08-11;8;2025-08-11;1;foeragerend;gezien;imago;onbekend;182357.99113026852;190139.97457969096;4.829925060272217;51.02054977416992;FS2853;  ;Herselt;Ramsel;Antwerpen;ObsMapp;J;Goedgekeurd op basis van bewijsmateriaal;1980-01-01;3;;4;Dagvlinders;Pieridae;2026-07-08;725;S;vrij algemeen
371451347;371451347;Gele luzernevlinder;Colias hyale;2025-09-01;9;2025-09-02;1;foeragerend;gezien;imago;onbekend;182351.7988086062;190108.10754634533;4.829833984375;51.020263671875;FS2853;  ;Herselt;Ramsel;Antwerpen;ObsMapp;J;Goedgekeurd op basis van kennisregels - nabijheid;1980-01-01;3;;2;Dagvlinders;Pieridae;2026-07-08;725;S;vrij algemeen
408810215;408810215;Gele luzernevlinder;Colias hyale;2026-07-03;7;2026-07-03;1;ter plaatse;onbekend;imago;Man;139434.79822295523;220719.42380027476;4.217290878295898;51.29622591992333;ES8483;Kieldrecht - Nieuwe Arenbergpolder (NAPO);Beveren;Doel;Oost-Vlaanderen;Site;J;Goedgekeurd op basis van bewijsmateriaal;1980-01-01;3;;30;Dagvlinders;Pieridae;2026-07-08;725;S;vrij algemeen
371903099;371903099;Gele luzernevlinder;Colias hyale;2025-09-05;9;2025-09-06;1;ter plaatse;onbekend;imago;onbekend;183820.96237894945;208282.0998452846;4.852461666666667;51.18353833333333;FS2971;Herentals - Hellekens - Buiten Ring;Herentals;Herentals;Antwerpen;ObsIdentify;J;Goedgekeurd op basis van bewijsmateriaal;1980-01-01;3;;1;Dagvlinders;Pieridae;2026-07-08;725;S;vrij algemeen
286922944;286922944;Gele luzernevlinder;Colias hyale;2023-09-04;9;2023-09-04;1;ter plaatse;onbekend;imago;onbekend;184071.1845691448;208297.45972575247;4.856041666666666;51.183661666666666;FS2971;Herentals - Hellekens - Buiten Ring;Herentals;Herentals;Antwerpen;ObsIdentify;J;Goedgekeurd op basis van bewijsmateriaal;1980-01-01;3;;5;Dagvlinders;Pieridae;2026-07-08;725;S;vrij algemeen
371451271;371451271;Gele luzernevlinder;Colias hyale;2025-09-02;9;2025-09-02;1;foeragerend;gezien;imago;onbekend;182353.59407784208;190115.33317549992;4.829860210418701;51.02032852172852;FS2853;  ;Herselt;Ramsel;Antwerpen;ObsMapp;J;Goedgekeurd op basis van bewijsmateriaal;1980-01-01;3;;1;Dagvlinders;Pieridae;2026-07-08;725;S;vrij algemeen
368199334;368199334;Gele luzernevlinder;Colias hyale;2025-08-11;8;2025-08-12;1;ter plaatse;onbekend;imago;onbekend;191395.655841071;206257.99185249305;4.960559199722223;51.1648513;FS3769;  ;Geel;Geel;Antwerpen;ObsIdentify;J;Goedgekeurd op basis van bewijsmateriaal;1980-01-01;3;;999;Dagvlinders;Pieridae;2026-07-08;725;S;vrij algemeen
371416649;371416649;Gele luzernevlinder;Colias hyale;2025-09-02;9;2025-09-02;1;ter plaatse;onbekend;imago;onbekend;171869.5123241922;205413.3750691153;4.6813624;51.15833;FS1768;  ;Nijlen;Nijlen;Antwerpen;ObsIdentify;J;Goedgekeurd op basis van bewijsmateriaal;1980-01-01;3;;47;Dagvlinders;Pieridae;2026-07-08;725;S;vrij algemeen
371027806;371027806;Gele luzernevlinder;Colias hyale;2025-08-30;8;2025-08-30;1;ter plaatse;onbekend;imago;onbekend;219897.3222085511;184372.63567825037;5.363791666666667;50.96539666666666;FS6548;Hasselt - Natuurgebied Kiewit;Hasselt;Hasselt;Limburg;ObsIdentify;J;Goedgekeurd op basis van bewijsmateriaal;1980-01-01;3;;5;Dagvlinders;Pieridae;2026-07-08;725;S;vrij algemeen
270189556;270189556;Gele luzernevlinder;Colias hyale;2023-05-03;5;2023-05-03;1;ter plaatse;onbekend;imago;onbekend;206312.262947614;183907.2484670775;5.170344;50.962692;FS5247;Schulensbroek - Buitenbekken Oost;Herk-de-Stad;Schulen;Limburg;ObsMapp;J;Goedgekeurd op basis van bewijsmateriaal;1980-01-01;3;;7;Dagvlinders;Pieridae;2026-07-08;725;S;vrij algemeen
367943783;367943783;Gele luzernevlinder;Colias hyale;2025-08-10;8;2025-08-10;1;ter plaatse;gezien;imago;onbekend;182360.37833798;189998.24643857495;4.829946517944336;51.0192756652832;FS2853;Herentals/Aarschot - Kempen-Hagelandroute;Herselt;Ramsel;Antwerpen;ObsMapp;J;Goedgekeurd op basis van kennisregels - nabijheid;1980-01-01;3;;1;Dagvlinders;Pieridae;2026-07-08;725;S;vrij algemeen
367171965;367171965;Gele luzernevlinder;Colias hyale;2025-08-04;8;2025-08-06;1;ter plaatse;gezien;imago;onbekend;182476.59018508787;190141.5623793881;4.831615447998047;51.02055740356445;FS2853;  ;Herselt;Ramsel;Antwerpen;ObsMapp;J;Goedgekeurd op basis van kennisregels - nabijheid;1980-01-01;3;;2;Dagvlinders;Pieridae;2026-07-08;725;S;vrij algemeen
361841041;361841041;Gele luzernevlinder;Colias hyale;2025-07-09;7;2025-07-09;1;ter plaatse;gezien;imago;onbekend;182395.06919333263;190138.93219713867;4.830453395843506;51.020538330078125;FS2853;  ;Herselt;Ramsel;Antwerpen;ObsMapp;J;Goedgekeurd op basis van bewijsmateriaal;1980-01-01;3;;5;Dagvlinders;Pieridae;2026-07-08;725;S;vrij algemeen
370340972;370340972;Gele luzernevlinder;Colias hyale;2025-08-25;8;2025-08-25;1;ter plaatse;gezien;imago;onbekend;182454.18257437024;190166.8853634186;4.831298351287842;51.02078628540039;FS2853;  ;Herselt;Ramsel;Antwerpen;ObsMapp;J;Goedgekeurd op basis van kennisregels - nabijheid;1980-01-01;3;;2;Dagvlinders;Pieridae;2026-07-08;725;S;vrij algemeen
370813809;370813809;Gele luzernevlinder;Colias hyale;2025-08-27;8;2025-08-28;1;foeragerend;gezien;imago;onbekend;182355.03358101696;190109.82518477552;4.829880237579346;51.02027893066406;FS2853;  ;Herselt;Ramsel;Antwerpen;ObsMapp;J;Goedgekeurd op basis van bewijsmateriaal;1980-01-01;3;;1;Dagvlinders;Pieridae;2026-07-08;725;S;vrij algemeen
370813675;370813675;Gele luzernevlinder;Colias hyale;2025-08-28;8;2025-08-28;1;foeragerend;gezien;imago;onbekend;182361.7656076777;190146.3637629645;4.829979419708252;51.020606994628906;FS2853;  ;Herselt;Ramsel;Antwerpen;ObsMapp;J;Goedgekeurd op basis van kennisregels - nabijheid;1980-01-01;3;;6;Dagvlinders;Pieridae;2026-07-08;725;S;vrij algemeen
369433667;369433667;Gele luzernevlinder;Colias hyale;2025-08-19;8;2025-08-19;1;ter plaatse;onbekend;imago;onbekend;205351.1079904305;183043.9616026329;5.156532764434815;50.95502471923828;FS5147;Schulensbroek - Langdoncken;Herk-de-Stad;Schulen;Limburg;ObsMapp;J;Goedgekeurd op basis van kennisregels - nabijheid;1980-01-01;4;;2;Dagvlinders;Pieridae;2026-07-08;725;S;vrij algemeen
287635152;287635152;Gele luzernevlinder;Colias hyale;2023-09-11;9;2023-09-11;1;ter plaatse;onbekend;imago;onbekend;204015.86839819897;191506.42934147548;5.138780555555556;51.031216666666666;FS4955;Schaffen - Busselberg;Diest;Schaffen;Vlaams-Brabant;ObsMapp;J;Goedgekeurd op basis van bewijsmateriaal;1980-01-01;4;;999;Dagvlinders;Pieridae;2026-07-08;725;S;vrij algemeen
363278857;363278857;Gele luzernevlinder;Colias hyale;2025-07-16;7;2025-07-16;1;ter plaatse;gezien;imago;onbekend;182386.8555790442;190114.69137940745;4.830334186553955;51.020320892333984;FS2853;  ;Herselt;Ramsel;Antwerpen;ObsMapp;J;Goedgekeurd op basis van expertoordeel;1980-01-01;3;;7;Dagvlinders;Pieridae;2026-07-08;725;S;vrij algemeen
371028268;371028268;Gele luzernevlinder;Colias hyale;2025-08-30;8;2025-08-30;1;ter plaatse;onbekend;imago;onbekend;219897.3222085511;184372.63567825037;5.363791666666667;50.96539666666666;FS6548;Hasselt - Natuurgebied Kiewit;Hasselt;Hasselt;Limburg;ObsIdentify;J;Goedgekeurd op basis van bewijsmateriaal;1980-01-01;3;;5;Dagvlinders;Pieridae;2026-07-08;725;S;vrij algemeen
370677827;370677827;Gele luzernevlinder;Colias hyale;2025-08-26;8;2025-08-27;1;ter plaatse;onbekend;onbekend;onbekend;206329.64381827865;183927.1434924379;5.170594453593367;50.96286914168916;FS5247;Schulensbroek - Binnenbekken Oost;Herk-de-Stad;Schulen;Limburg;Site;J;Goedgekeurd op basis van bewijsmateriaal;1980-01-01;3;;4;Dagvlinders;Pieridae;2026-07-08;725;S;vrij algemeen
288821840;288821840;Gele luzernevlinder;Colias hyale;2023-09-24;9;2023-09-24;1;ter plaatse;onbekend;imago;onbekend;187127.1785682432;180182.16387010735;4.896883333333333;50.930753333333335;FS3343;Sint-Joris-Winge - Walenbos;Tielt-Winge;Tielt;Vlaams-Brabant;ObsIdentify;J;Goedgekeurd op basis van bewijsmateriaal;1980-01-01;3;;5;Dagvlinders;Pieridae;2026-07-08;725;S;vrij algemeen
270917950;270917950;Gele luzernevlinder;Colias hyale;2023-05-08;5;2023-05-08;1;ter plaatse;onbekend;imago;onbekend;206050.2353454921;183859.60079185665;5.1666071;50.96228909972223;FS5247;Schulensbroek - Binnenbekken Oost;Herk-de-Stad;Schulen;Limburg;ObsIdentify;J;Goedgekeurd op basis van bewijsmateriaal;1980-01-01;3;;999;Dagvlinders;Pieridae;2026-07-08;725;S;vrij algemeen
270916302;270916302;Gele luzernevlinder;Colias hyale;2023-05-08;5;2023-05-08;1;ter plaatse;onbekend;onbekend;onbekend;206043.4959939712;183859.7619744232;5.1665112;50.9622912;FS5247;Schulensbroek - Binnenbekken Oost;Herk-de-Stad;Schulen;Limburg;ObsIdentify;J;Goedgekeurd op basis van bewijsmateriaal;1980-01-01;3;;999;Dagvlinders;Pieridae;2026-07-08;725;S;vrij algemeen
359209082;359209082;Gele luzernevlinder;Colias hyale;2025-06-27;6;2025-06-27;1;ter plaatse;onbekend;imago;onbekend;152179.9061076246;218905.8782989988;4.3999994;51.2800172;ES9781;Ekeren - Bospolder - Bospolder;Antwerpen;Antwerpen;Antwerpen;ObsIdentify;J;Goedgekeurd op basis van bewijsmateriaal;1980-01-01;4;;4;Dagvlinders;Pieridae;2026-07-08;725;S;vrij algemeen
253075572;253075572;Gele luzernevlinder;Colias hyale;2022-08-23;8;2022-08-23;1;foeragerend;gezien;imago;onbekend;182343.6609535408;190125.4565357687;4.82971954345703;51.0204200744629;FS2853;Herentals/Aarschot - Kempen-Hagelandroute;Herselt;Ramsel;Antwerpen;ObsMapp;J;Goedgekeurd op basis van bewijsmateriaal;2007-01-01;3;;4;Dagvlinders;Pieridae;2026-07-08;725;S;vrij algemeen
407613136;407613136;Gele luzernevlinder;Colias hyale;2026-06-27;6;2026-06-27;1;foeragerend;gezien;imago;Man;182434.0918722741;190142.5687922677;4.831009861111111;51.020568833333336;FS2853;  ;Herselt;Ramsel;Antwerpen;ObsMapp;J;Goedgekeurd op basis van bewijsmateriaal;1980-01-01;3;;999;Dagvlinders;Pieridae;2026-07-08;725;S;vrij algemeen
369402652;369402652;Gele luzernevlinder;Colias hyale;2025-08-19;8;2025-08-19;1;ter plaatse;gezien;imago;onbekend;182459.77562318827;190133.81859049667;4.8313751220703125;51.02048873901367;FS2853;  ;Herselt;Ramsel;Antwerpen;ObsMapp;J;Goedgekeurd op basis van bewijsmateriaal;1980-01-01;3;;1;Dagvlinders;Pieridae;2026-07-08;725;S;vrij algemeen
369723601;369723601;Gele luzernevlinder;Colias hyale;2025-08-21;8;2025-08-21;1;zonnend;gezien;imago;onbekend;182453.55721490196;190122.3215251742;4.83128547668457;51.0203857421875;FS2853;  ;Herselt;Ramsel;Antwerpen;ObsMapp;J;Goedgekeurd op basis van bewijsmateriaal;1980-01-01;3;;2;Dagvlinders;Pieridae;2026-07-08;725;S;vrij algemeen
374811192;374811192;Gele luzernevlinder;Colias hyale;2025-10-02;10;2025-10-02;1;ter plaatse;onbekend;imago;Man;221045.49893265485;180147.21959737875;5.379315614554798;50.92727732643328;FS6744;Diepenbeek - Sluisbemden;Diepenbeek;Diepenbeek;Limburg;Site;J;Goedgekeurd op basis van bewijsmateriaal;1980-01-01;3;;4;Dagvlinders;Pieridae;2026-07-08;725;S;vrij algemeen
253686495;253686495;Gele luzernevlinder;Colias hyale;2022-08-30;8;2022-08-30;2;ter plaatse;onbekend;imago;onbekend;163308.41241789123;201388.55551243108;4.55884170532227;51.1224136352539;FS0964;Beneden Netevallei - GGG Pallieterpolder;Lier;Lier;Antwerpen;ObsMapp;J;Goedgekeurd op basis van kennisregels - nabijheid;2007-01-01;3;;1;Dagvlinders;Pieridae;2026-07-08;725;S;vrij algemeen
370519040;370519040;Gele luzernevlinder;Colias hyale;2025-08-26;8;2025-08-26;1;ter plaatse;gezien;imago;onbekend;182466.07221517715;190154.2281393921;4.831466674804688;51.02067184448242;FS2853;  ;Herselt;Ramsel;Antwerpen;ObsMapp;J;Goedgekeurd op basis van kennisregels - nabijheid;1980-01-01;3;;1;Dagvlinders;Pieridae;2026-07-08;725;S;vrij algemeen
254225080;254225080;Gele luzernevlinder;Colias hyale;2022-09-05;9;2022-09-06;1;ter plaatse;gezien;imago;onbekend;189290.3773763403;197925.3557140194;4.929562;51.090101;FS3561;  ;Westerlo;Westerlo;Antwerpen;Site;J;Goedgekeurd op basis van bewijsmateriaal;1980-01-01;4;;5;Dagvlinders;Pieridae;2026-07-08;725;S;vrij algemeen
371244167;371244167;Gele luzernevlinder;Colias hyale;2025-08-30;8;2025-08-31;2;foeragerend;gezien;imago;onbekend;182856.04418133743;180538.6317495881;4.836160580692649;50.934215387262775;FS2944;Nieuwrode - Kasteel van Horst;Holsbeek;Nieuwrode;Vlaams-Brabant;Site;J;Goedgekeurd op basis van bewijsmateriaal;1980-01-01;4;;8;Dagvlinders;Pieridae;2026-07-08;725;S;vrij algemeen
254622583;254622583;Gele luzernevlinder;Colias hyale;2022-09-11;9;2022-09-11;40;ter plaatse;onbekend;imago;onbekend;207050.58546867289;189241.692646957;5.181685;51.010569;FS5353;Lummen - Laren - Zuid;Lummen;Lummen;Limburg;Site;J;Goedgekeurd op basis van bewijsmateriaal;1980-01-01;3;;25;Dagvlinders;Pieridae;2026-07-08;725;S;vrij algemeen
395801031;395801031;Gele luzernevlinder;Colias hyale;2026-05-02;5;2026-05-02;1;ter plaatse;onbekend;imago;onbekend;206196.55914915263;183879.78883348405;5.1686929;50.9624564;FS5247;Schulensbroek - Binnenbekken Oost;Herk-de-Stad;Schulen;Limburg;ObsIdentify;J;Goedgekeurd op basis van bewijsmateriaal;1980-01-01;3;;25;Dagvlinders;Pieridae;2026-07-08;725;S;vrij algemeen
341303515;341303515;Gele luzernevlinder;Colias hyale;2023-09-27;9;2025-03-17;3;foeragerend;gezien;imago;onbekend;205482.6613697861;182013.04571193643;5.158248810127134;50.94574552142731;FS5146;Schulensbroek - Halbeek;Herk-de-Stad;Herk-de-Stad;Limburg;Site;J;Goedgekeurd op basis van bewijsmateriaal;1980-01-01;4;;30;Dagvlinders;Pieridae;2026-07-08;725;S;vrij algemeen
254621899;254621899;Gele luzernevlinder;Colias hyale;2022-09-11;9;2022-09-11;2;in copula;onbekend;imago;onbekend;207106.96077483636;189590.75505076628;5.1825428;51.013701;FS5353;Lummen - Laren - Zuid;Lummen;Lummen;Limburg;Site;J;Goedgekeurd op basis van bewijsmateriaal;1980-01-01;3;;25;Dagvlinders;Pieridae;2026-07-08;725;S;vrij algemeen
254622350;254622350;Gele luzernevlinder;Colias hyale;2022-09-11;9;2022-09-11;1;ter plaatse;onbekend;imago;onbekend;207262.3744718283;190247.18716682863;5.1848602;51.019586;FS5354;Lummen - Laren - Zuid;Lummen;Lummen;Limburg;Site;J;Goedgekeurd op basis van bewijsmateriaal;1980-01-01;3;;25;Dagvlinders;Pieridae;2026-07-08;725;S;vrij algemeen
370716804;370716804;Gele luzernevlinder;Colias hyale;2025-08-26;8;2025-08-28;1;foeragerend;gezien;imago;onbekend;182828.90096306524;180542.3693719916;4.83577478864288;50.93425052264737;FS2844;Nieuwrode - Kasteel van Horst;Holsbeek;Nieuwrode;Vlaams-Brabant;Site;J;Goedgekeurd op basis van bewijsmateriaal;1980-01-01;4;;4;Dagvlinders;Pieridae;2026-07-08;725;S;vrij algemeen
370716772;370716772;Gele luzernevlinder;Colias hyale;2025-08-26;8;2025-08-28;1;foeragerend;gezien;imago;onbekend;182839.2622064716;180518.01368306857;4.835919999999987;50.934031;FS2944;Nieuwrode - Kasteel van Horst;Holsbeek;Nieuwrode;Vlaams-Brabant;Site;J;Goedgekeurd op basis van bewijsmateriaal;1980-01-01;4;;4;Dagvlinders;Pieridae;2026-07-08;725;S;vrij algemeen
370716742;370716742;Gele luzernevlinder;Colias hyale;2025-08-26;8;2025-08-28;1;foeragerend;gezien;imago;onbekend;182839.2517740857;180518.0065379292;4.835919850953815;50.93403093636242;FS2944;Nieuwrode - Kasteel van Horst;Holsbeek;Nieuwrode;Vlaams-Brabant;Site;J;Goedgekeurd op basis van bewijsmateriaal;1980-01-01;4;;4;Dagvlinders;Pieridae;2026-07-08;725;S;vrij algemeen
370716698;370716698;Gele luzernevlinder;Colias hyale;2025-08-26;8;2025-08-28;1;foeragerend;gezien;imago;onbekend;182836.9842013297;180519.872712926;4.835887760888568;50.93404784003648;FS2944;Nieuwrode - Kasteel van Horst;Holsbeek;Nieuwrode;Vlaams-Brabant;Site;J;Goedgekeurd op basis van bewijsmateriaal;1980-01-01;4;;4;Dagvlinders;Pieridae;2026-07-08;725;S;vrij algemeen
370652273;370652273;Gele luzernevlinder;Colias hyale;2025-08-27;8;2025-08-27;2;ter plaatse;onbekend;imago;onbekend;186749.3456616885;231162.0965059055;4.8966713;51.3890028;FS3194;  ;Merksplas;Merksplas;Antwerpen;Observation;J;Goedgekeurd op basis van kennisregels - nabijheid;1980-01-01;3;;37;Dagvlinders;Pieridae;2026-07-08;725;S;vrij algemeen
289171706;289171706:3154789;Gele luzernevlinder;Colias hyale;2023-09-28;9;2023-09-29;2;ter plaatse;onbekend;imago;Man;141705.58189488464;224956.29160879087;4.249749000000065;51.334344;ES8787;Doel - Paardenschor (PASC);Beveren;Doel;Oost-Vlaanderen;Site;J;Goedgekeurd op basis van bewijsmateriaal;1980-01-01;3;;30;Dagvlinders;Pieridae;2026-07-08;725;S;vrij algemeen
289171706;289171706:3154788;Gele luzernevlinder;Colias hyale;2023-09-28;9;2023-09-29;1;ter plaatse;onbekend;imago;Vrouw;141705.58189488464;224956.29160879087;4.249749000000065;51.334344;ES8787;Doel - Paardenschor (PASC);Beveren;Doel;Oost-Vlaanderen;Site;J;Goedgekeurd op basis van bewijsmateriaal;1980-01-01;3;;30;Dagvlinders;Pieridae;2026-07-08;725;S;vrij algemeen
407861016;407861016;Gele luzernevlinder;Colias hyale;2026-06-27;6;2026-06-28;2;foeragerend;gezien;imago;onbekend;179513.3710491806;181562.32244037;4.788691556813433;50.94359727261533;FS2545;  ;Holsbeek;Nieuwrode;Vlaams-Brabant;Site;J;Goedgekeurd op basis van bewijsmateriaal;1980-01-01;4;;4;Dagvlinders;Pieridae;2026-07-08;725;S;vrij algemeen
220980360;220980360;Gele luzernevlinder;Colias hyale;2021-07-21;7;2021-07-24;1;ter plaatse;gezien;imago;onbekend;227743.8171863593;186626.2860790901;5.475955;50.984654;FS7351;Genk - Terril Winterslag;Genk;Genk;Limburg;Site;J;Goedgekeurd op basis van bewijsmateriaal;1980-01-01;4;;15;Dagvlinders;Pieridae;2026-07-08;725;S;vrij algemeen
220978884;220978884;Gele luzernevlinder;Colias hyale;2021-07-21;7;2021-07-24;1;ter plaatse;gezien;imago;onbekend;228230.55335774296;186877.00394820797;5.4829395;50.986842;FS7451;Genk - Terril Winterslag;Genk;Genk;Limburg;Site;J;Goedgekeurd op basis van bewijsmateriaal;1980-01-01;4;;25;Dagvlinders;Pieridae;2026-07-08;725;S;vrij algemeen
406711902;406711902;Gele luzernevlinder;Colias hyale;2026-06-22;6;2026-06-22;1;foeragerend;gezien;imago;onbekend;173696.85165749738;186098.4436338991;4.706225000000018;50.98464;FS1949;Tremelo - Laekdal;Tremelo;Tremelo;Vlaams-Brabant;Site;J;Goedgekeurd op basis van bewijsmateriaal;1980-01-01;4;;30;Dagvlinders;Pieridae;2026-07-08;725;S;vrij algemeen
363485318;363485318;Gele luzernevlinder;Colias hyale;2025-07-17;7;2025-07-17;1;foeragerend;gezien;imago;onbekend;174714.4641945895;188208.1049547391;4.720859527587891;51.00356122814731;FS2051;  ;Tremelo;Tremelo;Vlaams-Brabant;Site;J;Goedgekeurd op basis van bewijsmateriaal;1980-01-01;4;;15;Dagvlinders;Pieridae;2026-07-08;725;S;vrij algemeen
286361820;286361820;Gele luzernevlinder;Colias hyale;2023-08-29;8;2023-08-30;1;ter plaatse;gezien;imago;onbekend;227438.42600748417;187139.53132838663;5.471715000000017;50.989308;FS7351;Genk - Terril Winterslag;Genk;Genk;Limburg;Site;J;Goedgekeurd op basis van bewijsmateriaal;1980-01-01;3;;15;Dagvlinders;Pieridae;2026-07-08;725;S;vrij algemeen
287019363;287019363;Gele luzernevlinder;Colias hyale;2023-09-03;9;2023-09-05;1;ter plaatse;onbekend;imago;onbekend;204705.52557983005;219822.44986753725;5.152877569198608;51.28565902594015;FS5083;Postel - Omgeving Ronde Put;Mol;Mol;Antwerpen;Site;J;Goedgekeurd op basis van bewijsmateriaal;1980-01-01;3;;15;Dagvlinders;Pieridae;2026-07-08;725;S;vrij algemeen
313474281;313474281;Gele luzernevlinder;Colias hyale;2024-06-07;6;2024-06-07;1;ter plaatse;onbekend;imago;onbekend;205779.7094087642;183862.4723355528;5.162757000000056;50.962341;FS5147;Schulensbroek - Binnenbekken Oost;Herk-de-Stad;Schulen;Limburg;ObsMapp;J;Goedgekeurd op basis van bewijsmateriaal;1980-01-01;3;;3;Dagvlinders;Pieridae;2026-07-08;725;S;vrij algemeen
252659068;252659068;Gele luzernevlinder;Colias hyale;2022-08-18;8;2022-08-18;1;ter plaatse;onbekend;onbekend;onbekend;204795.8508722618;182888.22727120016;5.148607408632663;50.95367759936609;FS5046;Schulensbroek - Oosten Strandje;Herk-de-Stad;Schulen;Limburg;iObs;J;Goedgekeurd op basis van bewijsmateriaal;2007-01-01;4;;6;Dagvlinders;Pieridae;2026-07-08;725;S;vrij algemeen
371225317;371225317;Gele luzernevlinder;Colias hyale;2025-08-23;8;2025-08-31;1;ter plaatse;onbekend;imago;onbekend;178485.3586732945;195058.3795834314;4.7751172;51.06496409972222;FS2458;Booischot - Grote Netevallei - Bunders;Hulshout;Hulshout;Antwerpen;ObsIdentify;J;Goedgekeurd op basis van bewijsmateriaal;1980-01-01;3;;999;Dagvlinders;Pieridae;2026-07-08;725;S;vrij algemeen
284638905;284638905;Gele luzernevlinder;Colias hyale;2023-08-17;8;2023-08-17;1;ter plaatse;onbekend;imago;onbekend;205644.3308544809;183829.02199557144;5.160825;50.96205333333333;FS5147;Schulensbroek - Binnenbekken Oost;Herk-de-Stad;Schulen;Limburg;ObsIdentify;J;Goedgekeurd op basis van bewijsmateriaal;1980-01-01;4;;5;Dagvlinders;Pieridae;2026-07-08;725;S;vrij algemeen
270536875;270536875;Gele luzernevlinder;Colias hyale;2023-05-06;5;2023-05-06;1;ter plaatse;onbekend;imago;onbekend;205592.43518372212;183809.184695418;5.160083333333334;50.96188;FS5147;Schulensbroek - Binnenbekken Oost;Herk-de-Stad;Schulen;Limburg;ObsIdentify;J;Goedgekeurd op basis van bewijsmateriaal;1980-01-01;4;;5;Dagvlinders;Pieridae;2026-07-08;725;S;vrij algemeen
369959288;369959288;Gele luzernevlinder;Colias hyale;2025-08-23;8;2025-08-23;1;ter plaatse;onbekend;imago;onbekend;218623.8458749124;176200.8690208355;5.34413583577177;50.89209667877408;FS6440;  ;Hasselt;Sint-Lambrechts-Herk;Limburg;ObsIdentify;J;Goedgekeurd op basis van bewijsmateriaal;1980-01-01;3;;5;Dagvlinders;Pieridae;2026-07-08;725;S;vrij algemeen
370178520;370178520;Gele luzernevlinder;Colias hyale;2025-08-24;8;2025-08-24;2;ter plaatse;onbekend;imago;onbekend;206766.49526952684;185103.04386184923;5.176994800567627;50.97339630126953;FS5249;Schulensbroek - tussen Mangelbeek en Demer;Lummen;Lummen;Limburg;ObsMapp;J;Goedgekeurd op basis van bewijsmateriaal;1980-01-01;3;;3;Dagvlinders;Pieridae;2026-07-08;725;S;vrij algemeen
287095494;287095494;Gele luzernevlinder;Colias hyale;2023-09-06;9;2023-09-06;2;ter plaatse;onbekend;imago;onbekend;206135.9131177049;183869.30194310192;5.16782808303833;50.96236801147461;FS5247;Schulensbroek - Binnenbekken Oost;Herk-de-Stad;Schulen;Limburg;ObsMapp;J;Goedgekeurd op basis van kennisregels - nabijheid;1980-01-01;3;;6;Dagvlinders;Pieridae;2026-07-08;725;S;vrij algemeen
253257581;253257581;Gele luzernevlinder;Colias hyale;2022-08-25;8;2022-08-25;1;ter plaatse;onbekend;imago;onbekend;163040.18991963324;200721.07693707384;4.554986666666666;51.11642;FS0863;Beneden Netevallei - Anderstad;Lier;Lier;Antwerpen;ObsIdentify;J;Goedgekeurd op basis van kennisregels - automatische beeldherkenning (NIA);1980-01-01;3;;999;Dagvlinders;Pieridae;2026-07-08;725;S;vrij algemeen
370302138;370302138;Gele luzernevlinder;Colias hyale;2025-08-25;8;2025-08-25;1;ter plaatse;onbekend;imago;onbekend;187185.3929335668;232327.0150892064;4.903055555555556;51.39944444444444;FS3295;Baarle Hertog - Merkske - Kerkemoer;Baarle-Hertog;Baarle-Hertog;Antwerpen;ObsIdentify;J;Goedgekeurd op basis van bewijsmateriaal;1980-01-01;3;;999;Dagvlinders;Pieridae;2026-07-08;725;S;vrij algemeen
369946817;369946817;Gele luzernevlinder;Colias hyale;2025-08-23;8;2025-08-23;1;ter plaatse;onbekend;imago;onbekend;186902.25940530348;231366.8623064775;4.898888888888888;51.39083333333333;FS3294;Merksplas - Merkske - Moer;Merksplas;Merksplas;Antwerpen;ObsIdentify;J;Goedgekeurd op basis van bewijsmateriaal;1980-01-01;3;;999;Dagvlinders;Pieridae;2026-07-08;725;S;vrij algemeen
199317542;199317542;Gele luzernevlinder;Colias hyale;2020-08-30;8;2020-08-30;1;ter plaatse;gezien;imago;onbekend;208137.9214523693;183530.9056003373;5.1962699;50.959129;FS5447;  ;Herk-de-Stad;Schulen;Limburg;Site;J;Goedgekeurd op basis van bewijsmateriaal;1980-01-01;3;;8;Dagvlinders;Pieridae;2026-07-08;725;S;vrij algemeen
249697943;249697943;Gele luzernevlinder;Colias hyale;2022-07-20;7;2022-07-20;1;ter plaatse;gezien;imago;onbekend;235488.7477731513;207092.74590869807;5.591037;51.167509;FS8171;  ;Bocholt;Bocholt;Limburg;ObsIdentify;J;Goedgekeurd op basis van bewijsmateriaal;1980-01-01;4;;2;Dagvlinders;Pieridae;2026-07-08;725;S;vrij algemeen
367710842;367710842;Gele luzernevlinder;Colias hyale;2025-08-09;8;2025-08-09;1;ter plaatse;onbekend;imago;onbekend;206515.34710716215;183980.3487555608;5.173245906829834;50.96332931518555;FS5247;Schulensbroek - Binnenbekken Oost;Herk-de-Stad;Schulen;Limburg;ObsMapp;J;Goedgekeurd op basis van kennisregels - nabijheid;1980-01-01;3;;1;Dagvlinders;Pieridae;2026-07-08;725;S;vrij algemeen
253994339;253994339;Gele luzernevlinder;Colias hyale;2022-09-03;9;2022-09-03;1;ter plaatse;onbekend;imago;onbekend;204788.16461371284;183009.5801793709;5.1485161781311;50.9547691345215;FS5046;Schulensbroek - Oosten Strandje;Herk-de-Stad;Schulen;Limburg;ObsMapp;J;Goedgekeurd op basis van kennisregels - nabijheid;2007-01-01;3;;4;Dagvlinders;Pieridae;2026-07-08;725;S;vrij algemeen
287629295;287629295;Gele luzernevlinder;Colias hyale;2023-09-11;9;2023-09-11;1;ter plaatse;onbekend;imago;onbekend;205926.44708278865;183877.23528736643;5.1648478507995605;50.96245956420898;FS5247;Schulensbroek - Binnenbekken Oost;Herk-de-Stad;Schulen;Limburg;ObsMapp;J;Goedgekeurd op basis van kennisregels - nabijheid;1980-01-01;3;;3;Dagvlinders;Pieridae;2026-07-08;725;S;vrij algemeen
253994343;253994343;Gele luzernevlinder;Colias hyale;2022-09-03;9;2022-09-03;2;ter plaatse;onbekend;imago;onbekend;205614.63567571287;183813.64908323344;5.1604;50.961918;FS5147;Schulensbroek - Binnenbekken Oost;Herk-de-Stad;Schulen;Limburg;ObsMapp;J;Goedgekeurd op basis van bewijsmateriaal;2007-01-01;3;;5;Dagvlinders;Pieridae;2026-07-08;725;S;vrij algemeen
288072526;288072526;Gele luzernevlinder;Colias hyale;2023-09-16;9;2023-09-16;1;ter plaatse;onbekend;imago;onbekend;205602.35612408497;183814.77756432537;5.16022539138794;50.96192932128906;FS5147;Schulensbroek - Binnenbekken Oost;Herk-de-Stad;Schulen;Limburg;ObsMapp;J;Goedgekeurd op basis van kennisregels - nabijheid;1980-01-01;3;;5;Dagvlinders;Pieridae;2026-07-08;725;S;vrij algemeen
254094760;254094760;Gele luzernevlinder;Colias hyale;2022-09-04;9;2022-09-04;2;ter plaatse;onbekend;imago;onbekend;205632.0826053326;183818.0628221761;5.160649;50.961956;FS5147;Schulensbroek - Binnenbekken Oost;Herk-de-Stad;Schulen;Limburg;ObsMapp;J;Goedgekeurd op basis van kennisregels - automatische beeldherkenning (NIA);2007-01-01;3;;5;Dagvlinders;Pieridae;2026-07-08;725;S;vrij algemeen
370659653;370659653;Gele luzernevlinder;Colias hyale;2025-08-27;8;2025-08-27;1;ter plaatse;onbekend;imago;onbekend;180985.51232584665;193007.9934931761;4.810608379926959;51.04640505076372;FS2656;  ;Hulshout;Houtvenne;Antwerpen;ObsIdentify;J;Goedgekeurd op basis van bewijsmateriaal;1980-01-01;3;;8;Dagvlinders;Pieridae;2026-07-08;725;S;vrij algemeen
370660440;370660440;Gele luzernevlinder;Colias hyale;2025-08-27;8;2025-08-27;1;ter plaatse;onbekend;imago;onbekend;180966.7668376743;193001.5353804836;4.8103405269812605;51.04634800399906;FS2656;  ;Hulshout;Houtvenne;Antwerpen;ObsIdentify;J;Goedgekeurd op basis van bewijsmateriaal;1980-01-01;3;;9;Dagvlinders;Pieridae;2026-07-08;725;S;vrij algemeen
252820279;252820279;Gele luzernevlinder;Colias hyale;2022-08-20;8;2022-08-20;1;zonnend;gezien;imago;onbekend;155064.74723239517;198183.49293044957;4.4410515;51.0937357;FS0061;Rumst - Vosberg;Rumst;Rumst;Antwerpen;ObsMapp;J;Goedgekeurd op basis van bewijsmateriaal;2007-01-01;3;;999;Dagvlinders;Pieridae;2026-07-08;725;S;vrij algemeen
256309287;256309287;Gele luzernevlinder;Colias hyale;2022-10-06;10;2022-10-06;1;ter plaatse;onbekend;imago;onbekend;205773.66426223263;183853.9542010883;5.16266965866089;50.9622650146484;FS5147;Schulensbroek - Binnenbekken Oost;Herk-de-Stad;Schulen;Limburg;ObsMapp;J;Goedgekeurd op basis van kennisregels - nabijheid;2007-01-01;3;;4;Dagvlinders;Pieridae;2026-07-08;725;S;vrij algemeen
362284506;362284506;Gele luzernevlinder;Colias hyale;2025-07-11;7;2025-07-11;2;ter plaatse;onbekend;imago;onbekend;205234.81325198693;182932.81174484827;5.154860973358154;50.95403671264648;FS5146;Schulensbroek - Noordkant Herk;Herk-de-Stad;Schulen;Limburg;ObsMapp;J;Goedgekeurd op basis van kennisregels - nabijheid;1980-01-01;3;;1;Dagvlinders;Pieridae;2026-07-08;725;S;vrij algemeen
254094776;254094776;Gele luzernevlinder;Colias hyale;2022-09-04;9;2022-09-04;2;ter plaatse;onbekend;imago;onbekend;204434.81392323863;182777.1325167436;5.143453;50.952713;FS5046;Schulensbroek - Pijpenkop;Herk-de-Stad;Schulen;Limburg;ObsMapp;J;Goedgekeurd op basis van kennisregels - automatische beeldherkenning (NIA);2007-01-01;3;;11;Dagvlinders;Pieridae;2026-07-08;725;S;vrij algemeen
288982484;288982484;Gele luzernevlinder;Colias hyale;2023-09-26;9;2023-09-26;1;ter plaatse;onbekend;imago;onbekend;205578.10148805915;183787.33790942092;5.15987599999994;50.961685;FS5147;Schulensbroek - Nieuwe Zandhoop;Herk-de-Stad;Schulen;Limburg;ObsMapp;J;Goedgekeurd op basis van kennisregels - automatische beeldherkenning (NIA);1980-01-01;3;;5;Dagvlinders;Pieridae;2026-07-08;725;S;vrij algemeen
369567264;369567264;Gele luzernevlinder;Colias hyale;2025-08-20;8;2025-08-20;1;ter plaatse;onbekend;imago;onbekend;211649.304397022;206028.1620943109;5.250048637390137;51.16097804235514;FS5770;Bovenloop van de Grote Nete met Zammelsbroek Langdonken en Goor. - N2000;Balen;Balen;Antwerpen;Site;J;Goedgekeurd op basis van bewijsmateriaal;1980-01-01;3;;15;Dagvlinders;Pieridae;2026-07-08;725;S;vrij algemeen
371191848;371191848;Gele luzernevlinder;Colias hyale;2025-08-31;8;2025-08-31;1;ter plaatse;onbekend;imago;onbekend;211646.23134201329;206034.1144197881;5.250005722045898;51.16103186970477;FS5770;Bovenloop van de Grote Nete met Zammelsbroek Langdonken en Goor. - N2000;Balen;Balen;Antwerpen;Site;J;Goedgekeurd op basis van bewijsmateriaal;1980-01-01;3;;15;Dagvlinders;Pieridae;2026-07-08;725;S;vrij algemeen
253432842;253432842;Gele luzernevlinder;Colias hyale;2022-08-26;8;2022-08-27;1;ter plaatse;onbekend;imago;onbekend;162505.800997775;200665.13521535043;4.547353;51.115929;FS0863;Beneden Netevallei - Anderstad;Lier;Lier;Antwerpen;Site;J;Goedgekeurd op basis van kennisregels - automatische beeldherkenning (NIA);1980-01-01;3;;25;Dagvlinders;Pieridae;2026-07-08;725;S;vrij algemeen
369270904;369270904;Gele luzernevlinder;Colias hyale;2025-08-18;8;2025-08-18;1;ter plaatse;onbekend;imago;onbekend;205830.60874148685;183870.2662873119;5.163482666015625;50.96240615844727;FS5147;Schulensbroek - Binnenbekken Oost;Herk-de-Stad;Schulen;Limburg;ObsMapp;J;Goedgekeurd op basis van kennisregels - nabijheid;1980-01-01;3;;1;Dagvlinders;Pieridae;2026-07-08;725;S;vrij algemeen
370271528;370271528;Gele luzernevlinder;Colias hyale;2025-08-24;8;2025-08-25;1;ter plaatse;onbekend;onbekend;onbekend;210788.9404943839;207248.3955683792;5.237955;51.17203666666666;FS5671;Balen - De Most;Balen;Balen;Antwerpen;Observation;J;Goedgekeurd op basis van kennisregels - nabijheid;1980-01-01;3;;7;Dagvlinders;Pieridae;2026-07-08;725;S;vrij algemeen
369270911;369270911;Gele luzernevlinder;Colias hyale;2025-08-18;8;2025-08-18;1;ter plaatse;onbekend;imago;onbekend;206014.78580676133;183846.3548485078;5.16610050201416;50.96217346191406;FS5247;Schulensbroek - Buitenbekken Oost;Herk-de-Stad;Schulen;Limburg;ObsMapp;J;Goedgekeurd op basis van kennisregels - nabijheid;1980-01-01;3;;3;Dagvlinders;Pieridae;2026-07-08;725;S;vrij algemeen
286230720;286230720;Gele luzernevlinder;Colias hyale;2023-08-29;8;2023-08-29;1;ter plaatse;onbekend;imago;onbekend;207416.16459236116;185128.26273562387;5.186247999999978;50.973559;FS5349;Schulensbroek - tussen Mangelbeek en Demer;Lummen;Lummen;Limburg;ObsMapp;J;Goedgekeurd op basis van bewijsmateriaal;1980-01-01;3;;5;Dagvlinders;Pieridae;2026-07-08;725;S;vrij algemeen
374426759;374426759;Gele luzernevlinder;Colias hyale;2025-09-28;9;2025-09-28;1;ter plaatse;onbekend;imago;onbekend;205264.91003114736;182935.2526862556;5.155289649963379;50.95405578613281;FS5146;Schulensbroek - Noordkant Herk;Herk-de-Stad;Schulen;Limburg;ObsMapp;J;Goedgekeurd op basis van bewijsmateriaal;1980-01-01;3;;3;Dagvlinders;Pieridae;2026-07-08;725;S;vrij algemeen
253707462;253707462;Gele luzernevlinder;Colias hyale;2022-08-30;8;2022-08-30;1;ter plaatse;onbekend;imago;onbekend;189007.4638419822;180706.25604818572;4.923685;50.935341;FS3544;Tielt-Winge - Vallei van de Tieltse Motte;Tielt-Winge;Tielt;Vlaams-Brabant;Site;J;Goedgekeurd op basis van bewijsmateriaal;1980-01-01;3;;25;Dagvlinders;Pieridae;2026-07-08;725;S;vrij algemeen
253606482;253606482;Gele luzernevlinder;Colias hyale;2022-08-29;8;2022-08-29;1;ter plaatse;onbekend;imago;onbekend;163266.07170106188;201380.81117556617;4.558236666666667;51.122345;FS0964;Beneden Netevallei - GGG Pallieterpolder;Lier;Lier;Antwerpen;ObsIdentify;J;Goedgekeurd op basis van bewijsmateriaal;1980-01-01;3;;999;Dagvlinders;Pieridae;2026-07-08;725;S;vrij algemeen
288982489;288982489;Gele luzernevlinder;Colias hyale;2023-09-26;9;2023-09-26;2;ter plaatse;onbekend;imago;onbekend;205767.28557986155;183845.82256216928;5.162577629089356;50.96219253540039;FS5147;Schulensbroek - Langdoncken;Herk-de-Stad;Schulen;Limburg;ObsMapp;J;Goedgekeurd op basis van kennisregels - nabijheid;1980-01-01;3;;3;Dagvlinders;Pieridae;2026-07-08;725;S;vrij algemeen
367710756;367710756;Gele luzernevlinder;Colias hyale;2025-08-09;8;2025-08-09;1;ter plaatse;onbekend;imago;onbekend;204817.7996121578;182877.4831557786;5.148918151855469;50.95357894897461;FS5046;Schulensbroek - Oosten Strandje;Herk-de-Stad;Schulen;Limburg;ObsMapp;J;Goedgekeurd op basis van kennisregels - nabijheid;1980-01-01;3;;3;Dagvlinders;Pieridae;2026-07-08;725;S;vrij algemeen
288507238;288507238;Gele luzernevlinder;Colias hyale;2023-09-20;9;2023-09-20;3;ter plaatse;onbekend;imago;onbekend;205780.0130135168;183847.234213464;5.162759000000051;50.962204;FS5147;Schulensbroek - Langdoncken;Herk-de-Stad;Schulen;Limburg;ObsMapp;J;Goedgekeurd op basis van kennisregels - automatische beeldherkenning (NIA);1980-01-01;3;;4;Dagvlinders;Pieridae;2026-07-08;725;S;vrij algemeen
253780674;253780674;Gele luzernevlinder;Colias hyale;2022-08-31;8;2022-08-31;1;ter plaatse;onbekend;imago;onbekend;186823.68931419848;220209.59339698777;4.8966193;51.29056;FS3283;Grootenhout - Giels Bos (ANB);Vosselaar;Vosselaar;Antwerpen;Site;J;Goedgekeurd op basis van bewijsmateriaal;1980-01-01;3;;15;Dagvlinders;Pieridae;2026-07-08;725;S;vrij algemeen
286230714;286230714;Gele luzernevlinder;Colias hyale;2023-08-29;8;2023-08-29;1;ter plaatse;onbekend;imago;onbekend;206025.78791129743;183858.770575502;5.166258999999968;50.962284;FS5247;Schulensbroek - Binnenbekken Oost;Herk-de-Stad;Schulen;Limburg;ObsMapp;J;Goedgekeurd op basis van bewijsmateriaal;1980-01-01;3;;4;Dagvlinders;Pieridae;2026-07-08;725;S;vrij algemeen
270952765;270952765;Gele luzernevlinder;Colias hyale;2023-05-08;5;2023-05-08;2;ter plaatse;onbekend;imago;onbekend;206001.9625103335;183848.76337292977;5.165918350219727;50.962196350097656;FS5247;Schulensbroek - Binnenbekken Oost;Herk-de-Stad;Schulen;Limburg;ObsMapp;J;Goedgekeurd op basis van kennisregels - nabijheid;1980-01-01;3;;4;Dagvlinders;Pieridae;2026-07-08;725;S;vrij algemeen
286230690;286230690;Gele luzernevlinder;Colias hyale;2023-08-29;8;2023-08-29;2;ter plaatse;onbekend;imago;onbekend;205700.00604282695;183840.434804556;5.161619186401367;50.96215057373047;FS5147;Schulensbroek - Binnenbekken Oost;Herk-de-Stad;Schulen;Limburg;ObsMapp;J;Goedgekeurd op basis van kennisregels - nabijheid;1980-01-01;3;;3;Dagvlinders;Pieridae;2026-07-08;725;S;vrij algemeen
255094886;255094886;Gele luzernevlinder;Colias hyale;2022-09-19;9;2022-09-19;1;ter plaatse;onbekend;imago;onbekend;186469.997901959;219839.8170031011;4.891512;51.287259;FS3183;Grootenhout - Giels Bos (ANB);Lille;Gierle;Antwerpen;Site;J;Goedgekeurd op basis van expertoordeel;1980-01-01;3;;25;Dagvlinders;Pieridae;2026-07-08;725;S;vrij algemeen
288796958;288796958;Gele luzernevlinder;Colias hyale;2023-09-24;9;2023-09-24;1;ter plaatse;onbekend;imago;onbekend;204797.66096386407;182973.18275809567;5.148645877838135;50.95444107055664;FS5046;Schulensbroek - Oosten Strandje;Herk-de-Stad;Schulen;Limburg;ObsMapp;J;Goedgekeurd op basis van kennisregels - nabijheid;1980-01-01;3;;4;Dagvlinders;Pieridae;2026-07-08;725;S;vrij algemeen
286037482;286037482;Gele luzernevlinder;Colias hyale;2023-08-28;8;2023-08-28;2;ter plaatse;onbekend;imago;onbekend;205594.1008285375;183795.7411125414;5.16010499999993;50.961759;FS5147;Schulensbroek - Nieuwe Zandhoop;Herk-de-Stad;Schulen;Limburg;ObsMapp;J;Goedgekeurd op basis van kennisregels - automatische beeldherkenning (NIA);1980-01-01;3;;5;Dagvlinders;Pieridae;2026-07-08;725;S;vrij algemeen
373910413;373910413;Gele luzernevlinder;Colias hyale;2025-09-24;9;2025-09-24;1;ter plaatse;onbekend;imago;Man;189271.97725702068;197925.13761047277;4.929299354553223;51.09010028995101;FS3561;  ;Westerlo;Westerlo;Antwerpen;Site;J;Goedgekeurd op basis van bewijsmateriaal;1980-01-01;3;;30;Dagvlinders;Pieridae;2026-07-08;725;S;vrij algemeen
286894917;286894917;Gele luzernevlinder;Colias hyale;2023-09-04;9;2023-09-04;1;ter plaatse;onbekend;imago;Man;189331.9733075099;197943.5842713965;4.930157661437988;51.09026201979467;FS3561;  ;Westerlo;Westerlo;Antwerpen;Site;J;Goedgekeurd op basis van expertoordeel;1980-01-01;3;;15;Dagvlinders;Pieridae;2026-07-08;725;S;vrij algemeen
254415637;254415637;Gele luzernevlinder;Colias hyale;2022-09-05;9;2022-09-09;1;ter plaatse;onbekend;imago;Man;189340.86794212984;197960.11476983968;4.9302864;51.09041;FS3561;  ;Westerlo;Westerlo;Antwerpen;Site;J;Goedgekeurd op basis van bewijsmateriaal;1980-01-01;3;;15;Dagvlinders;Pieridae;2026-07-08;725;S;vrij algemeen
288982490;288982490;Gele luzernevlinder;Colias hyale;2023-09-26;9;2023-09-26;1;ter plaatse;onbekend;imago;onbekend;206037.09857143345;183845.76456602945;5.1664180000000215;50.962166;FS5247;Schulensbroek - Buitenbekken Oost;Herk-de-Stad;Schulen;Limburg;ObsMapp;J;Goedgekeurd op basis van kennisregels - nabijheid;1980-01-01;3;;5;Dagvlinders;Pieridae;2026-07-08;725;S;vrij algemeen
288883907;288883907;Gele luzernevlinder;Colias hyale;2023-09-25;9;2023-09-25;1;ter plaatse;onbekend;imago;onbekend;205056.8361819864;183594.6703183176;5.152427673339844;50.96000289916992;FS5147;Schulensbroek - Oosten Strandje;Herk-de-Stad;Schulen;Limburg;ObsMapp;J;Goedgekeurd op basis van kennisregels - nabijheid;1980-01-01;3;;3;Dagvlinders;Pieridae;2026-07-08;725;S;vrij algemeen
288982496;288982496;Gele luzernevlinder;Colias hyale;2023-09-26;9;2023-09-26;1;ter plaatse;onbekend;imago;onbekend;205635.63527625136;183826.16681264155;5.160700798034668;50.96202850341797;FS5147;Schulensbroek - Binnenbekken Oost;Herk-de-Stad;Schulen;Limburg;ObsMapp;J;Goedgekeurd op basis van kennisregels - nabijheid;1980-01-01;3;;5;Dagvlinders;Pieridae;2026-07-08;725;S;vrij algemeen
288883854;288883854;Gele luzernevlinder;Colias hyale;2023-09-25;9;2023-09-25;2;ter plaatse;onbekend;imago;onbekend;206470.5357105657;183953.15498329885;5.172603875398636;50.96308924538072;FS5247;Schulensbroek - Buitenbekken Oost;Herk-de-Stad;Schulen;Limburg;ObsMapp;J;Goedgekeurd op basis van kennisregels - nabijheid;1980-01-01;3;;5;Dagvlinders;Pieridae;2026-07-08;725;S;vrij algemeen
255149978;255149978;Gele luzernevlinder;Colias hyale;2022-09-20;9;2022-09-20;1;ter plaatse;onbekend;imago;Vrouw;189342.3396670328;197964.68726362477;4.9303079;51.090451;FS3561;  ;Westerlo;Westerlo;Antwerpen;Site;J;Goedgekeurd op basis van kennisregels - nabijheid;1980-01-01;3;;15;Dagvlinders;Pieridae;2026-07-08;725;S;vrij algemeen
287629242;287629242;Gele luzernevlinder;Colias hyale;2023-09-11;9;2023-09-11;2;ter plaatse;onbekend;imago;onbekend;205809.2541001235;183865.36929357704;5.163177967071533;50.962364196777344;FS5147;Schulensbroek - Binnenbekken Oost;Herk-de-Stad;Schulen;Limburg;ObsMapp;J;Goedgekeurd op basis van kennisregels - nabijheid;1980-01-01;3;;3;Dagvlinders;Pieridae;2026-07-08;725;S;vrij algemeen
254721728;254721728;Gele luzernevlinder;Colias hyale;2022-09-13;9;2022-09-13;1;ter plaatse;onbekend;imago;Vrouw;189136.0271907217;197910.6180184791;4.9273574;51.089979;FS3461;  ;Westerlo;Westerlo;Antwerpen;Site;J;Goedgekeurd op basis van kennisregels - nabijheid;1980-01-01;3;;7;Dagvlinders;Pieridae;2026-07-08;725;S;vrij algemeen
269872295;269872295;Gele luzernevlinder;Colias hyale;2023-05-01;5;2023-05-01;1;ter plaatse;onbekend;imago;onbekend;206449.2143391941;184384.38100186177;5.172366880497407;50.96696747090769;FS5248;Schulensbroek - Binnenbekken Oost;Herk-de-Stad;Schulen;Limburg;Site;J;Goedgekeurd op basis van bewijsmateriaal;1980-01-01;4;;30;Dagvlinders;Pieridae;2026-07-08;725;S;vrij algemeen
361564376;361564376;Gele luzernevlinder;Colias hyale;2025-07-08;7;2025-07-08;1;ter plaatse;onbekend;imago;onbekend;190965.8275058168;229522.0570349256;4.9570526;51.3739777;FS3693;Turnhouts Vennengebied;Turnhout;Turnhout;Antwerpen;ObsIdentify;J;Goedgekeurd op basis van bewijsmateriaal;1980-01-01;3;;10;Dagvlinders;Pieridae;2026-07-08;725;S;vrij algemeen
287629253;287629253;Gele luzernevlinder;Colias hyale;2023-09-11;9;2023-09-11;1;eileggend;onbekend;imago;Vrouw;204747.02255345785;183439.89470679036;5.147995000000037;50.958641;FS5047;Schulensbroek - Oosten Strandje;Herk-de-Stad;Schulen;Limburg;ObsMapp;J;Goedgekeurd op basis van bewijsmateriaal;1980-01-01;3;;5;Dagvlinders;Pieridae;2026-07-08;725;S;vrij algemeen
285508060;285508060;Gele luzernevlinder;Colias hyale;2023-08-23;8;2023-08-23;1;ter plaatse;onbekend;imago;onbekend;162855.43674038025;200537.79336993955;4.552341666666667;51.11477666666666;FS0863;Beneden Netevallei - Anderstad;Lier;Lier;Antwerpen;ObsIdentify;J;Goedgekeurd op basis van bewijsmateriaal;1980-01-01;3;;999;Dagvlinders;Pieridae;2026-07-08;725;S;vrij algemeen
288883868;288883868;Gele luzernevlinder;Colias hyale;2023-09-25;9;2023-09-25;1;ter plaatse;onbekend;imago;onbekend;206078.4619287994;183847.43323553356;5.167007000000012;50.962177;FS5247;Schulensbroek - Buitenbekken Oost;Herk-de-Stad;Schulen;Limburg;ObsMapp;J;Goedgekeurd op basis van kennisregels - automatische beeldherkenning (NIA);1980-01-01;3;;2;Dagvlinders;Pieridae;2026-07-08;725;S;vrij algemeen
285278594;285278594;Gele luzernevlinder;Colias hyale;2023-08-21;8;2023-08-21;2;ter plaatse;onbekend;imago;onbekend;206038.9673783003;183853.1639330052;5.166445732065768;50.96223232998064;FS5247;Schulensbroek - Binnenbekken Oost;Herk-de-Stad;Schulen;Limburg;ObsMapp;J;Goedgekeurd op basis van kennisregels - nabijheid;1980-01-01;3;;8;Dagvlinders;Pieridae;2026-07-08;725;S;vrij algemeen
370141546;370141546;Gele luzernevlinder;Colias hyale;2025-08-24;8;2025-08-24;1;ter plaatse;onbekend;imago;onbekend;153764.9748508339;191742.71530252972;4.4224308;51.0358502;ES9954;Heffen - Vorendonk;Mechelen;Leest;Antwerpen;ObsIdentify;J;Goedgekeurd op basis van bewijsmateriaal;1980-01-01;3;;8;Dagvlinders;Pieridae;2026-07-08;725;S;vrij algemeen
290409921;290409921;Gele luzernevlinder;Colias hyale;2023-10-11;10;2023-10-11;2;ter plaatse;onbekend;imago;onbekend;205585.7791099045;183792.092324052;5.159986000000004;50.961727;FS5147;Schulensbroek - Nieuwe Zandhoop;Herk-de-Stad;Schulen;Limburg;ObsMapp;J;Goedgekeurd op basis van kennisregels - automatische beeldherkenning (NIA);1980-01-01;3;;4;Dagvlinders;Pieridae;2026-07-08;725;S;vrij algemeen
395599773;395599773;Gele luzernevlinder;Colias hyale;2026-05-01;5;2026-05-01;1;ter plaatse;onbekend;imago;onbekend;194790.843115982;183561.39564280023;5.0063064;50.9605878;FS4047;Assent - Luienberg;Bekkevoort;Assent;Vlaams-Brabant;ObsIdentify;J;Goedgekeurd op basis van bewijsmateriaal;1980-01-01;3;;3;Dagvlinders;Pieridae;2026-07-08;725;S;vrij algemeen
256148723;256148723;Gele luzernevlinder;Colias hyale;2022-10-04;10;2022-10-04;3;ter plaatse;onbekend;imago;onbekend;206512.2745950196;183992.1842401484;5.173204;50.963436;FS5248;Schulensbroek - Binnenbekken Oost;Herk-de-Stad;Schulen;Limburg;ObsMapp;J;Goedgekeurd op basis van bewijsmateriaal;2007-01-01;3;;3;Dagvlinders;Pieridae;2026-07-08;725;S;vrij algemeen
256148720;256148720;Gele luzernevlinder;Colias hyale;2022-10-04;10;2022-10-04;1;ter plaatse;onbekend;imago;onbekend;206107.13776541172;183865.9870264465;5.167418;50.962341;FS5247;Schulensbroek - Binnenbekken Oost;Herk-de-Stad;Schulen;Limburg;ObsMapp;J;Goedgekeurd op basis van bewijsmateriaal;2007-01-01;3;;6;Dagvlinders;Pieridae;2026-07-08;725;S;vrij algemeen
256066116;256066116;Gele luzernevlinder;Colias hyale;2022-10-03;10;2022-10-03;2;ter plaatse;onbekend;imago;onbekend;205921.7504045178;183877.23337157723;5.164781;50.96246;FS5247;Schulensbroek - Binnenbekken Oost;Herk-de-Stad;Schulen;Limburg;ObsMapp;J;Goedgekeurd op basis van bewijsmateriaal;2007-01-01;3;;3;Dagvlinders;Pieridae;2026-07-08;725;S;vrij algemeen
256171481;256171481;Gele luzernevlinder;Colias hyale;2022-10-04;10;2022-10-04;1;ter plaatse;onbekend;imago;onbekend;206009.30909426077;183862.3759861011;5.166025;50.962318;FS5247;Schulensbroek - Binnenbekken Oost;Herk-de-Stad;Schulen;Limburg;Site;J;Goedgekeurd op basis van kennisregels - nabijheid;1980-01-01;3;;25;Dagvlinders;Pieridae;2026-07-08;725;S;vrij algemeen
286397639;286397639;Gele luzernevlinder;Colias hyale;2023-08-30;8;2023-08-30;1;ter plaatse;onbekend;imago;onbekend;205718.16905230525;183842.3451394746;5.1618780000000015;50.962166;FS5147;Schulensbroek - Binnenbekken Oost;Herk-de-Stad;Schulen;Limburg;ObsMapp;J;Goedgekeurd op basis van kennisregels - automatische beeldherkenning (NIA);1980-01-01;3;;3;Dagvlinders;Pieridae;2026-07-08;725;S;vrij algemeen
287704876;287704876;Gele luzernevlinder;Colias hyale;2023-09-12;9;2023-09-12;1;ter plaatse;onbekend;imago;onbekend;164936.56711390062;187556.9263612609;4.581528827552294;50.99804288712455;FS1050;Rijmenam - Dijle;Bonheiden;Rijmenam;Antwerpen;ObsIdentify;J;Goedgekeurd op basis van bewijsmateriaal;1980-01-01;3;;5;Dagvlinders;Pieridae;2026-07-08;725;S;vrij algemeen
370763993;370763993;Gele luzernevlinder;Colias hyale;2025-08-28;8;2025-08-28;1;ter plaatse;onbekend;imago;onbekend;185653.18779905644;220124.06185293384;4.879832461550623;51.2898649477727;FS3183;Grootenhout - Giels Bos (ANB);Lille;Gierle;Antwerpen;ObsIdentify;J;Goedgekeurd op basis van bewijsmateriaal;1980-01-01;3;;12;Dagvlinders;Pieridae;2026-07-08;725;S;vrij algemeen
278446893;278446893;Gele luzernevlinder;Colias hyale;2023-06-29;6;2023-06-29;1;ter plaatse;onbekend;imago;onbekend;176288.8166531163;186584.4582259478;4.743172;50.9888969;FS2250;  ;Tremelo;Baal;Vlaams-Brabant;ObsIdentify;J;Goedgekeurd op basis van bewijsmateriaal;1980-01-01;3;;13;Dagvlinders;Pieridae;2026-07-08;725;S;vrij algemeen
370641752;370641752;Gele luzernevlinder;Colias hyale;2025-08-27;8;2025-08-27;1;ter plaatse;onbekend;onbekend;onbekend;228174.06466398184;186552.9456882719;5.482065852159802;50.98393694354312;FS7450;Genk - Terril Winterslag;Genk;Genk;Limburg;Observation;J;Goedgekeurd op basis van kennisregels - nabijheid;1980-01-01;3;;14;Dagvlinders;Pieridae;2026-07-08;725;S;vrij algemeen
256309286;256309286;Gele luzernevlinder;Colias hyale;2022-10-06;10;2022-10-06;2;ter plaatse;onbekend;imago;onbekend;205671.20569802003;183836.30758494604;5.16120862960815;50.9621162414551;FS5147;Schulensbroek - Binnenbekken Oost;Herk-de-Stad;Schulen;Limburg;ObsMapp;J;Goedgekeurd op basis van kennisregels - nabijheid;2007-01-01;3;;6;Dagvlinders;Pieridae;2026-07-08;725;S;vrij algemeen
370280969;370280969;Gele luzernevlinder;Colias hyale;2025-08-25;8;2025-08-25;1;ter plaatse;onbekend;imago;Man;193790.0139501279;198878.4562053373;4.9938988;51.0983446;FS3962;Eindhout - Centrum;Laakdal;Eindhout;Antwerpen;ObsIdentify;J;Goedgekeurd op basis van bewijsmateriaal;1980-01-01;3;;25;Dagvlinders;Pieridae;2026-07-08;725;S;vrij algemeen
370830708;370830708;Gele luzernevlinder;Colias hyale;2025-08-28;8;2025-08-28;1;ter plaatse;onbekend;imago;onbekend;185593.07183301935;220120.35145426448;4.878970384597778;51.28983531984792;FS3183;Grootenhout - Giels Bos (ANB);Lille;Gierle;Antwerpen;Site;J;Goedgekeurd op basis van bewijsmateriaal;1980-01-01;3;;15;Dagvlinders;Pieridae;2026-07-08;725;S;vrij algemeen
369240368;369240368;Gele luzernevlinder;Colias hyale;2025-08-18;8;2025-08-18;1;ter plaatse;onbekend;imago;onbekend;204768.5219385234;183141.06815440208;5.1482563;50.9559529;FS5047;Schulensbroek - Oosten Strandje;Herk-de-Stad;Schulen;Limburg;copied observation;J;Goedgekeurd op basis van kennisregels - nabijheid;1980-01-01;4;;3;Dagvlinders;Pieridae;2026-07-08;725;S;vrij algemeen
286010238;286010238;Gele luzernevlinder;Colias hyale;2023-08-28;8;2023-08-28;1;ter plaatse;onbekend;imago;onbekend;171065.4182441301;202592.53360031825;4.6697049;51.1330046;FS1665;Berlaar - Grote Netevallei - Polder van Gestel;Berlaar;Gestel;Antwerpen;ObsIdentify;J;Goedgekeurd op basis van bewijsmateriaal;1980-01-01;3;;415;Dagvlinders;Pieridae;2026-07-08;725;S;vrij algemeen
288883887;288883887;Gele luzernevlinder;Colias hyale;2023-09-25;9;2023-09-25;3;ter plaatse;onbekend;imago;onbekend;205516.0814438229;183768.44830352903;5.158990383148193;50.96152114868164;FS5147;Schulensbroek - Nieuwe Zandhoop;Herk-de-Stad;Schulen;Limburg;ObsMapp;J;Goedgekeurd op basis van kennisregels - nabijheid;1980-01-01;3;;3;Dagvlinders;Pieridae;2026-07-08;725;S;vrij algemeen
370336619;370336619;Gele luzernevlinder;Colias hyale;2025-08-25;8;2025-08-25;1;foeragerend;gezien;imago;onbekend;163387.3240696991;201198.6328715552;4.559961795806885;51.120704650878906;FS0964;Beneden Netevallei - GGG Pallieterpolder;Lier;Lier;Antwerpen;ObsMapp;J;Goedgekeurd op basis van bewijsmateriaal;1980-01-01;3;;1;Dagvlinders;Pieridae;2026-07-08;725;S;vrij algemeen
369400277;369400277;Gele luzernevlinder;Colias hyale;2025-08-19;8;2025-08-19;1;ter plaatse;onbekend;imago;onbekend;204726.1680124104;182809.4672796335;5.147603988647461;50.95297622680664;FS5046;Schulensbroek - Pijpenkop;Herk-de-Stad;Schulen;Limburg;ObsMapp;J;Goedgekeurd op basis van kennisregels - nabijheid;1980-01-01;3;;1;Dagvlinders;Pieridae;2026-07-08;725;S;vrij algemeen
370704314;370704314;Gele luzernevlinder;Colias hyale;2025-08-27;8;2025-08-27;1;ter plaatse;onbekend;imago;onbekend;166861.5925576734;186992.91346150823;4.608925;50.99292;FS1250;Keerbergen - Dijlevallei;Keerbergen;Keerbergen;Vlaams-Brabant;ObsIdentify;J;Goedgekeurd op basis van bewijsmateriaal;1980-01-01;3;;4;Dagvlinders;Pieridae;2026-07-08;725;S;vrij algemeen
196139314;196139314;Gele luzernevlinder;Colias hyale;2020-07-13;7;2020-07-13;1;ter plaatse;onbekend;imago;onbekend;204852.4988789124;183523.44036413543;5.1495087;50.959382;FS5047;Schulensbroek - Oosten Strandje;Herk-de-Stad;Schulen;Limburg;ObsMapp;J;Goedgekeurd op basis van bewijsmateriaal;2007-01-01;3;;8;Dagvlinders;Pieridae;2026-07-08;725;S;vrij algemeen
288123458;288123458;Gele luzernevlinder;Colias hyale;2023-09-16;9;2023-09-16;1;ter plaatse;onbekend;imago;onbekend;204761.2807859149;183447.0532782404;5.148198999999977;50.958704;FS5047;Schulensbroek - Oosten Strandje;Herk-de-Stad;Schulen;Limburg;Site;J;Goedgekeurd op basis van bewijsmateriaal;1980-01-01;3;;5;Dagvlinders;Pieridae;2026-07-08;725;S;vrij algemeen
362962407;362962407;Gele luzernevlinder;Colias hyale;2025-07-14;7;2025-07-14;2;ter plaatse;onbekend;imago;onbekend;205352.97432837368;183029.12787279117;5.156557083129883;50.954891204833984;FS5147;Schulensbroek - Langdoncken;Herk-de-Stad;Schulen;Limburg;ObsMapp;J;Goedgekeurd op basis van bewijsmateriaal;1980-01-01;3;;3;Dagvlinders;Pieridae;2026-07-08;725;S;vrij algemeen
270952785;270952785;Gele luzernevlinder;Colias hyale;2023-05-08;5;2023-05-08;1;ter plaatse;onbekend;imago;onbekend;205628.57529041488;183830.70798086468;5.160601000000042;50.96207;FS5147;Schulensbroek - Binnenbekken Oost;Herk-de-Stad;Schulen;Limburg;ObsMapp;J;Goedgekeurd op basis van bewijsmateriaal;1980-01-01;3;;4;Dagvlinders;Pieridae;2026-07-08;725;S;vrij algemeen
374485766;374485766;Gele luzernevlinder;Colias hyale;2025-09-29;9;2025-09-29;1;ter plaatse;onbekend;imago;onbekend;164988.02855002577;208844.7571030222;4.583140209426006;51.18939302726661;FS1072;  ;Ranst;Broechem;Antwerpen;Site;J;Goedgekeurd op basis van bewijsmateriaal;1980-01-01;3;;30;Dagvlinders;Pieridae;2026-07-08;725;S;vrij algemeen
287095466;287095466;Gele luzernevlinder;Colias hyale;2023-09-06;9;2023-09-06;4;ter plaatse;onbekend;imago;onbekend;205787.0283552713;183861.32691439148;5.162861000000021;50.96233;FS5147;Schulensbroek - Binnenbekken Oost;Herk-de-Stad;Schulen;Limburg;ObsMapp;J;Goedgekeurd op basis van kennisregels - automatische beeldherkenning (NIA);1980-01-01;3;;3;Dagvlinders;Pieridae;2026-07-08;725;S;vrij algemeen
362962399;362962399:4027594;Gele luzernevlinder;Colias hyale;2025-07-14;7;2025-07-14;1;ter plaatse;onbekend;imago;Vrouw;205399.68319160803;183098.37482214533;5.157232284545898;50.955509185791016;FS5147;Schulensbroek - Langdoncken;Herk-de-Stad;Schulen;Limburg;ObsMapp;J;Goedgekeurd op basis van bewijsmateriaal;1980-01-01;3;;1;Dagvlinders;Pieridae;2026-07-08;725;S;vrij algemeen
394433628;394433628;Gele luzernevlinder;Colias hyale;2026-04-25;4;2026-04-25;1;ter plaatse;onbekend;imago;onbekend;163309.47437726066;201380.0724369157;4.558856562055212;51.12233735896985;FS0964;Beneden Netevallei - GGG Pallieterpolder;Lier;Lier;Antwerpen;Site;J;Goedgekeurd op basis van bewijsmateriaal;1980-01-01;3;;15;Dagvlinders;Pieridae;2026-07-08;725;S;vrij algemeen
362962399;362962399:4027593;Gele luzernevlinder;Colias hyale;2025-07-14;7;2025-07-14;1;ter plaatse;onbekend;imago;Man;205399.68319160803;183098.37482214533;5.157232284545898;50.955509185791016;FS5147;Schulensbroek - Langdoncken;Herk-de-Stad;Schulen;Limburg;ObsMapp;J;Goedgekeurd op basis van bewijsmateriaal;1980-01-01;3;;1;Dagvlinders;Pieridae;2026-07-08;725;S;vrij algemeen
368639515;368639515;Gele luzernevlinder;Colias hyale;2025-08-15;8;2025-08-15;1;ter plaatse;onbekend;imago;onbekend;167826.31683415908;197974.37252727617;4.623203533489459;51.09160252665243;FS1361;Koningshooikt - Ruigtes Vanhool;Lier;Koningshooikt;Antwerpen;Site;J;Goedgekeurd op basis van bewijsmateriaal;1980-01-01;3;;15;Dagvlinders;Pieridae;2026-07-08;725;S;vrij algemeen
371396599;371396599;Gele luzernevlinder;Colias hyale;2025-09-02;9;2025-09-02;1;ter plaatse;onbekend;imago;onbekend;165003.16724991982;208861.70428458691;4.583357449503524;51.189544962020136;FS1072;  ;Ranst;Broechem;Antwerpen;Site;J;Goedgekeurd op basis van bewijsmateriaal;1980-01-01;3;;15;Dagvlinders;Pieridae;2026-07-08;725;S;vrij algemeen
240638817;240638817;Gele luzernevlinder;Colias hyale;2022-05-07;5;2022-05-07;1;ter plaatse;onbekend;imago;onbekend;186648.18084622195;215295.0583072109;4.8936049;51.2463994;FS3278;  ;Kasterlee;Tielen;Antwerpen;ObsIdentify;J;Goedgekeurd op basis van bewijsmateriaal;1980-01-01;3;;44;Dagvlinders;Pieridae;2026-07-08;725;S;vrij algemeen
253852083;253852083;Gele luzernevlinder;Colias hyale;2022-09-01;9;2022-09-01;1;ter plaatse;onbekend;imago;onbekend;167121.61977533568;202146.76912094743;4.613341666666667;51.12912833333333;FS1265;Lier - Grote Netevallei - Neerloop en Mushaagbos;Lier;Lier;Antwerpen;ObsIdentify;J;Goedgekeurd op basis van bewijsmateriaal;1980-01-01;3;;999;Dagvlinders;Pieridae;2026-07-08;725;S;vrij algemeen
255287574;255287574;Gele luzernevlinder;Colias hyale;2022-09-22;9;2022-09-22;1;ter plaatse;onbekend;imago;onbekend;204789.31337732903;182832.24419410716;5.148506;50.953175;FS5046;Schulensbroek - Oosten Strandje;Herk-de-Stad;Schulen;Limburg;ObsMapp;J;Goedgekeurd op basis van bewijsmateriaal;2007-01-01;3;;7;Dagvlinders;Pieridae;2026-07-08;725;S;vrij algemeen
252500277;252500277;Gele luzernevlinder;Colias hyale;2022-08-16;8;2022-08-16;1;ter plaatse;onbekend;imago;onbekend;162712.09060836656;200721.04016375728;4.550301;51.116427;FS0863;Beneden Netevallei - Anderstad;Lier;Lier;Antwerpen;Site;J;Goedgekeurd op basis van bewijsmateriaal;1980-01-01;3;;7;Dagvlinders;Pieridae;2026-07-08;725;S;vrij algemeen
288883873;288883873;Gele luzernevlinder;Colias hyale;2023-09-25;9;2023-09-25;1;ter plaatse;onbekend;imago;onbekend;205839.72114717957;183863.99808513463;5.16361141204834;50.96234893798828;FS5147;Schulensbroek - Binnenbekken Oost;Herk-de-Stad;Schulen;Limburg;ObsMapp;J;Goedgekeurd op basis van kennisregels - nabijheid;1980-01-01;3;;3;Dagvlinders;Pieridae;2026-07-08;725;S;vrij algemeen
255292934;255292934;Gele luzernevlinder;Colias hyale;2022-09-22;9;2022-09-22;1;ter plaatse;onbekend;imago;onbekend;227709.5885043393;186779.31107666064;5.4755001;50.986034;FS7351;Genk - Terril Winterslag;Genk;Genk;Limburg;Site;J;Goedgekeurd op basis van bewijsmateriaal;1980-01-01;3;;25;Dagvlinders;Pieridae;2026-07-08;725;S;vrij algemeen
254580582;254580582;Gele luzernevlinder;Colias hyale;2022-09-11;9;2022-09-11;2;ter plaatse;onbekend;imago;onbekend;205579.1421824402;183788.5727665545;5.159891;50.961696;FS5147;Schulensbroek - Nieuwe Zandhoop;Herk-de-Stad;Schulen;Limburg;ObsMapp;J;Goedgekeurd op basis van bewijsmateriaal;2007-01-01;3;;8;Dagvlinders;Pieridae;2026-07-08;725;S;vrij algemeen
370765041;370765041;Gele luzernevlinder;Colias hyale;2025-08-28;8;2025-08-28;1;ter plaatse;onbekend;onbekend;onbekend;210942.18789621;207157.6020637089;5.24013077977028;51.17120446289488;FS5671;Balen - De Most;Balen;Balen;Antwerpen;Observation;J;Goedgekeurd op basis van kennisregels - nabijheid;1980-01-01;3;;14;Dagvlinders;Pieridae;2026-07-08;725;S;vrij algemeen
255293209;255293209;Gele luzernevlinder;Colias hyale;2022-09-22;9;2022-09-22;1;ter plaatse;onbekend;imago;onbekend;227874.79996149076;186533.5618819287;5.4778004;50.983803;FS7350;Genk - Terril Winterslag;Genk;Genk;Limburg;Site;J;Goedgekeurd op basis van bewijsmateriaal;1980-01-01;3;;30;Dagvlinders;Pieridae;2026-07-08;725;S;vrij algemeen
370977407;370977407;Gele luzernevlinder;Colias hyale;2025-08-30;8;2025-08-30;1;ter plaatse;onbekend;imago;onbekend;164919.0626264532;208875.03830803093;4.582155000000057;51.189667;FS1072;  ;Ranst;Broechem;Antwerpen;Site;J;Goedgekeurd op basis van bewijsmateriaal;1980-01-01;3;;15;Dagvlinders;Pieridae;2026-07-08;725;S;vrij algemeen
366558309;366558309;Gele luzernevlinder;Colias hyale;2025-08-03;8;2025-08-03;1;ter plaatse;onbekend;imago;onbekend;206009.11339116853;183850.47073969335;5.166020393371582;50.96221100635755;FS5247;Schulensbroek - Binnenbekken Oost;Herk-de-Stad;Schulen;Limburg;Site;J;Goedgekeurd op basis van bewijsmateriaal;1980-01-01;3;;30;Dagvlinders;Pieridae;2026-07-08;725;S;vrij algemeen
370355886;370355886;Gele luzernevlinder;Colias hyale;2025-08-25;8;2025-08-25;1;ter plaatse;onbekend;imago;onbekend;213759.08387298667;183518.50426939223;5.276269912719727;50.958426723359935;FS5947;Kuringen - Herkenrode;Hasselt;Kuringen;Limburg;Site;J;Goedgekeurd op basis van bewijsmateriaal;1980-01-01;3;;8;Dagvlinders;Pieridae;2026-07-08;725;S;vrij algemeen
270952797;270952797;Gele luzernevlinder;Colias hyale;2023-05-08;5;2023-05-08;1;ter plaatse;onbekend;imago;onbekend;205505.4852539317;183754.41805525217;5.1588374376297;50.96139604946603;FS5147;Schulensbroek - Nieuwe Zandhoop;Herk-de-Stad;Schulen;Limburg;ObsMapp;J;Goedgekeurd op basis van kennisregels - nabijheid;1980-01-01;3;;5;Dagvlinders;Pieridae;2026-07-08;725;S;vrij algemeen
288742578;288742578;Gele luzernevlinder;Colias hyale;2023-09-24;9;2023-09-24;1;ter plaatse;onbekend;imago;onbekend;164964.07175307404;208861.2350299023;4.582798223534041;51.18954176164762;FS1072;  ;Ranst;Broechem;Antwerpen;Site;J;Goedgekeurd op basis van bewijsmateriaal;1980-01-01;3;;15;Dagvlinders;Pieridae;2026-07-08;725;S;vrij algemeen
254379064;254379064;Gele luzernevlinder;Colias hyale;2022-09-08;9;2022-09-08;1;ter plaatse;onbekend;imago;onbekend;204777.03431590047;183093.0673682364;5.14837026596069;50.9555206298828;FS5047;Schulensbroek - Oosten Strandje;Herk-de-Stad;Schulen;Limburg;ObsMapp;J;Goedgekeurd op basis van kennisregels - nabijheid;2007-01-01;3;;5;Dagvlinders;Pieridae;2026-07-08;725;S;vrij algemeen
287199728;287199728;Gele luzernevlinder;Colias hyale;2023-09-07;9;2023-09-07;1;ter plaatse;onbekend;imago;onbekend;205980.6815094204;183865.0858996166;5.165617942810059;50.962345123291016;FS5247;Schulensbroek - Binnenbekken Oost;Herk-de-Stad;Schulen;Limburg;ObsMapp;J;Goedgekeurd op basis van kennisregels - nabijheid;1980-01-01;3;;4;Dagvlinders;Pieridae;2026-07-08;725;S;vrij algemeen
253695302;253695302;Gele luzernevlinder;Colias hyale;2022-08-30;8;2022-08-30;1;ter plaatse;onbekend;imago;onbekend;162699.35460606488;200717.7826567646;4.550119;51.116398;FS0863;Beneden Netevallei - Anderstad;Lier;Lier;Antwerpen;Site;J;Goedgekeurd op basis van bewijsmateriaal;1980-01-01;3;;25;Dagvlinders;Pieridae;2026-07-08;725;S;vrij algemeen
253276391;253276391;Gele luzernevlinder;Colias hyale;2022-08-25;8;2022-08-25;1;ter plaatse;onbekend;imago;onbekend;162616.09062482207;200755.51565143187;4.5489312;51.116739;FS0863;Beneden Netevallei - Anderstad;Lier;Lier;Antwerpen;Site;J;Goedgekeurd op basis van bewijsmateriaal;1980-01-01;3;;15;Dagvlinders;Pieridae;2026-07-08;725;S;vrij algemeen
287187810;287187810;Gele luzernevlinder;Colias hyale;2023-09-07;9;2023-09-07;1;ter plaatse;onbekend;imago;onbekend;162972.09851711462;200711.137795032;4.554013881614992;51.11633219653096;FS0863;Beneden Netevallei - Anderstad;Lier;Lier;Antwerpen;Site;J;Goedgekeurd op basis van kennisregels - automatische beeldherkenning (NIA);1980-01-01;3;;7;Dagvlinders;Pieridae;2026-07-08;725;S;vrij algemeen
253917498;253917498;Gele luzernevlinder;Colias hyale;2022-09-02;9;2022-09-02;1;ter plaatse;onbekend;imago;onbekend;209318.9203664983;182655.60985959411;5.212936666666667;50.951141666666665;FS5546;  ;Herk-de-Stad;Berbroek;Limburg;ObsIdentify;J;Goedgekeurd op basis van bewijsmateriaal;1980-01-01;3;;15;Dagvlinders;Pieridae;2026-07-08;725;S;vrij algemeen
253694966;253694966;Gele luzernevlinder;Colias hyale;2022-08-30;8;2022-08-30;1;ter plaatse;onbekend;imago;onbekend;162749.7363121236;200694.65504006296;4.5508377;51.116189;FS0863;Beneden Netevallei - Anderstad;Lier;Lier;Antwerpen;Site;J;Goedgekeurd op basis van bewijsmateriaal;1980-01-01;3;;15;Dagvlinders;Pieridae;2026-07-08;725;S;vrij algemeen
369418156;369418156;Gele luzernevlinder;Colias hyale;2025-08-19;8;2025-08-19;2;ter plaatse;onbekend;imago;onbekend;164051.68100669197;188373.08871880453;4.568954944610596;51.005401611328125;FS1051;Rijmenam - Cassenbroek - Vijverstein;Bonheiden;Rijmenam;Antwerpen;ObsIdentify;J;Goedgekeurd op basis van bewijsmateriaal;1980-01-01;3;;999;Dagvlinders;Pieridae;2026-07-08;725;S;vrij algemeen
370117183;370117183;Gele luzernevlinder;Colias hyale;2025-08-24;8;2025-08-24;1;ter plaatse;onbekend;imago;onbekend;164985.03404401112;208887.15847751035;4.58309913360381;51.18977422827364;FS1072;  ;Ranst;Broechem;Antwerpen;Site;J;Goedgekeurd op basis van bewijsmateriaal;1980-01-01;3;;15;Dagvlinders;Pieridae;2026-07-08;725;S;vrij algemeen
408085238;408085238;Gele luzernevlinder;Colias hyale;2026-06-29;6;2026-06-29;1;ter plaatse;onbekend;imago;Man;168048.77737354813;186997.840331574;4.625834980555556;50.99292845833333;FS1450;Haacht - Dijle t.h.v. Puttekomheide;Haacht;Haacht;Vlaams-Brabant;ObsIdentify;J;Goedgekeurd op basis van bewijsmateriaal;1980-01-01;3;;999;Dagvlinders;Pieridae;2026-07-08;725;S;vrij algemeen
368646118;368646118;Gele luzernevlinder;Colias hyale;2025-08-15;8;2025-08-15;1;ter plaatse;onbekend;imago;onbekend;167825.00094812448;197897.88070975896;4.623180999999931;51.090915;FS1361;Koningshooikt - Ruigtes Vanhool;Lier;Koningshooikt;Antwerpen;Site;J;Goedgekeurd op basis van bewijsmateriaal;1980-01-01;3;;30;Dagvlinders;Pieridae;2026-07-08;725;S;vrij algemeen
288747861;288747861;Gele luzernevlinder;Colias hyale;2023-09-24;9;2023-09-24;1;ter plaatse;onbekend;imago;onbekend;164962.05153936608;208845.55358789023;4.582768678665161;51.189400862132565;FS1072;  ;Ranst;Broechem;Antwerpen;Site;J;Goedgekeurd op basis van bewijsmateriaal;1980-01-01;3;;15;Dagvlinders;Pieridae;2026-07-08;725;S;vrij algemeen
252655270;252655270;Gele luzernevlinder;Colias hyale;2022-08-18;8;2022-08-18;1;ter plaatse;onbekend;onbekend;onbekend;162753.56830531725;200696.7782345889;4.5508925;51.116208;FS0863;Beneden Netevallei - Anderstad;Lier;Lier;Antwerpen;Site;J;Goedgekeurd op basis van bewijsmateriaal;1980-01-01;3;;7;Dagvlinders;Pieridae;2026-07-08;725;S;vrij algemeen
368982549;368982549;Gele luzernevlinder;Colias hyale;2025-08-17;8;2025-08-17;1;ter plaatse;onbekend;imago;onbekend;181655.94297183296;179410.3746285513;4.818991;50.9241401;FS2742;  ;Holsbeek;Sint-Pieters-Rode;Vlaams-Brabant;ObsIdentify;J;Goedgekeurd op basis van bewijsmateriaal;1980-01-01;3;;8;Dagvlinders;Pieridae;2026-07-08;725;S;vrij algemeen
279406074;279406074;Gele luzernevlinder;Colias hyale;2023-07-07;7;2023-07-07;1;ter plaatse;onbekend;imago;Man;194077.1240730947;210105.6194881545;4.999360000000024;51.199236;FS3973;  ;Geel;Geel;Antwerpen;ObsIdentify;J;Goedgekeurd op basis van bewijsmateriaal;1980-01-01;3;;40;Dagvlinders;Pieridae;2026-07-08;725;S;vrij algemeen
361788590;361788590;Gele luzernevlinder;Colias hyale;2025-07-09;7;2025-07-09;1;ter plaatse;onbekend;imago;onbekend;182832.45942753323;180576.8532050941;4.8358285;50.9345603;FS2844;Nieuwrode - Kasteel van Horst;Holsbeek;Nieuwrode;Vlaams-Brabant;ObsIdentify;J;Goedgekeurd op basis van bewijsmateriaal;1980-01-01;3;;5;Dagvlinders;Pieridae;2026-07-08;725;S;vrij algemeen
369209981;369209981;Gele luzernevlinder;Colias hyale;2025-08-18;8;2025-08-18;1;ter plaatse;onbekend;imago;onbekend;204768.5219385234;183141.06815440208;5.1482563;50.9559529;FS5047;Schulensbroek - Oosten Strandje;Herk-de-Stad;Schulen;Limburg;Observation;J;Goedgekeurd op basis van kennisregels - nabijheid;1980-01-01;4;;3;Dagvlinders;Pieridae;2026-07-08;725;S;vrij algemeen
369210149;369210149;Gele luzernevlinder;Colias hyale;2025-08-18;8;2025-08-18;1;ter plaatse;onbekend;imago;onbekend;204739.4548666596;182820.37284133025;5.1477947;50.953073;FS5046;Schulensbroek - Pijpenkop;Herk-de-Stad;Schulen;Limburg;Observation;J;Goedgekeurd op basis van kennisregels - nabijheid;1980-01-01;4;;5;Dagvlinders;Pieridae;2026-07-08;725;S;vrij algemeen
369210109;369210109;Gele luzernevlinder;Colias hyale;2025-08-18;8;2025-08-18;1;ter plaatse;onbekend;imago;onbekend;204740.8077351053;183275.6681936169;5.147882;50.9571654;FS5047;Schulensbroek - Oosten Strandje;Herk-de-Stad;Schulen;Limburg;Observation;J;Goedgekeurd op basis van kennisregels - nabijheid;1980-01-01;4;;4;Dagvlinders;Pieridae;2026-07-08;725;S;vrij algemeen
369233387;369233387;Gele luzernevlinder;Colias hyale;2025-08-18;8;2025-08-18;1;ter plaatse;onbekend;imago;onbekend;183229.8715736216;179409.62389607355;4.8413761;50.9240453;FS2942;  ;Holsbeek;Sint-Pieters-Rode;Vlaams-Brabant;ObsIdentify;J;Goedgekeurd op basis van bewijsmateriaal;1980-01-01;3;;999;Dagvlinders;Pieridae;2026-07-08;725;S;vrij algemeen
372743152;372743152;Gele luzernevlinder;Colias hyale;2025-09-14;9;2025-09-14;1;ter plaatse;onbekend;imago;onbekend;164958.1041131185;208859.65032585151;4.582712799251567;51.18952767267999;FS1072;  ;Ranst;Broechem;Antwerpen;Site;J;Goedgekeurd op basis van bewijsmateriaal;1980-01-01;3;;15;Dagvlinders;Pieridae;2026-07-08;725;S;vrij algemeen
369014602;369014602;Gele luzernevlinder;Colias hyale;2025-08-17;8;2025-08-17;1;ter plaatse;onbekend;imago;onbekend;168167.12116900116;206868.20194472745;4.6285133;51.1715353;FS1370;Kleine Netevallei - Treydbeemd;Ranst;Emblem;Antwerpen;Observation;J;Goedgekeurd op basis van bewijsmateriaal;1980-01-01;3;;8;Dagvlinders;Pieridae;2026-07-08;725;S;vrij algemeen
370420254;370420254;Gele luzernevlinder;Colias hyale;2025-08-26;8;2025-08-26;1;ter plaatse;onbekend;imago;onbekend;164952.35059551772;208874.7531396877;4.582631127436713;51.189663573178166;FS1072;  ;Ranst;Broechem;Antwerpen;Observation;J;Goedgekeurd op basis van kennisregels - nabijheid;1980-01-01;3;;15;Dagvlinders;Pieridae;2026-07-08;725;S;vrij algemeen
253083413;253083413;Gele luzernevlinder;Colias hyale;2022-08-23;8;2022-08-23;1;ter plaatse;onbekend;onbekend;onbekend;224071.3392801612;180187.10661900972;5.422358035833334;50.92725753777778;FS7044;  ;Diepenbeek;Diepenbeek;Limburg;ObsIdentify;J;Goedgekeurd op basis van bewijsmateriaal;1980-01-01;3;;999;Dagvlinders;Pieridae;2026-07-08;725;S;vrij algemeen
373393813;373393813;Gele luzernevlinder;Colias hyale;2025-09-20;9;2025-09-20;1;ter plaatse;onbekend;imago;onbekend;165029.16940469638;208843.0710797664;4.5837286;51.1893768;FS1072;  ;Ranst;Broechem;Antwerpen;Observation;J;Goedgekeurd op basis van kennisregels - nabijheid;1980-01-01;3;;4;Dagvlinders;Pieridae;2026-07-08;725;S;vrij algemeen
369014626;369014626;Gele luzernevlinder;Colias hyale;2025-08-17;8;2025-08-17;1;foeragerend;onbekend;imago;onbekend;165188.69370279863;204687.79792773817;4.585836061636087;51.15202284439664;FS1067;Kleine Netevallei - Leeuwerik;Ranst;Emblem;Antwerpen;Observation;J;Goedgekeurd op basis van bewijsmateriaal;1980-01-01;3;;7;Dagvlinders;Pieridae;2026-07-08;725;S;vrij algemeen
253744800;253744800;Gele luzernevlinder;Colias hyale;2022-08-31;8;2022-08-31;1;ter plaatse;onbekend;imago;onbekend;163305.82972750338;211290.8603448244;4.5591688;51.211421;FS0874;  ;Ranst;Oelegem;Antwerpen;Site;J;Goedgekeurd op basis van bewijsmateriaal;1980-01-01;3;;30;Dagvlinders;Pieridae;2026-07-08;725;S;vrij algemeen
254255505;254255505;Gele luzernevlinder;Colias hyale;2022-09-06;9;2022-09-06;1;ter plaatse;onbekend;imago;onbekend;163049.0329742414;201228.17998665664;4.5551312;51.120978;FS0864;Beneden Netevallei - GGG Pallieterpolder;Lier;Lier;Antwerpen;Site;J;Goedgekeurd op basis van bewijsmateriaal;1980-01-01;3;;15;Dagvlinders;Pieridae;2026-07-08;725;S;vrij algemeen
370126913;370126913;Gele luzernevlinder;Colias hyale;2025-08-24;8;2025-08-24;1;ter plaatse;onbekend;onbekend;onbekend;210789.34616456836;207243.51462310276;5.237959982414052;51.17199275430524;FS5671;Balen - De Most;Balen;Balen;Antwerpen;Observation;J;Goedgekeurd op basis van kennisregels - nabijheid;1980-01-01;3;;4;Dagvlinders;Pieridae;2026-07-08;725;S;vrij algemeen
360383291;360383291;Gele luzernevlinder;Colias hyale;2025-07-02;7;2025-07-02;1;ter plaatse;onbekend;imago;onbekend;182849.56706238928;180576.1044105692;4.8360718;50.9345526;FS2944;Nieuwrode - Kasteel van Horst;Holsbeek;Nieuwrode;Vlaams-Brabant;ObsIdentify;J;Goedgekeurd op basis van bewijsmateriaal;1980-01-01;3;;999;Dagvlinders;Pieridae;2026-07-08;725;S;vrij algemeen
372447103;372447103;Gele luzernevlinder;Colias hyale;2025-09-11;9;2025-09-11;1;ter plaatse;onbekend;imago;onbekend;163950.58261029926;205484.16894114204;4.5681715;51.1592124;FS0968;Lier - Hagenbroek Noord;Lier;Lier;Antwerpen;Observation;J;Goedgekeurd op basis van bewijsmateriaal;1980-01-01;3;;4;Dagvlinders;Pieridae;2026-07-08;725;S;vrij algemeen
394697001;394697001;Gele luzernevlinder;Colias hyale;2026-04-26;4;2026-04-26;1;ter plaatse;onbekend;imago;onbekend;215514.8520642965;183005.3463221872;5.3011663;50.9536185;FS6147;Kuringen - Herkenrode;Hasselt;Kuringen;Limburg;ObsIdentify;J;Goedgekeurd op basis van bewijsmateriaal;1980-01-01;3;;6;Dagvlinders;Pieridae;2026-07-08;725;S;vrij algemeen
254379061;254379061;Gele luzernevlinder;Colias hyale;2022-09-08;9;2022-09-08;1;ter plaatse;onbekend;imago;onbekend;204353.5636772431;182841.64152272604;5.14230632781982;50.9533004760742;FS5046;Schulensbroek - Noordkant Herk;Herk-de-Stad;Schulen;Limburg;ObsMapp;J;Goedgekeurd op basis van kennisregels - nabijheid;2007-01-01;3;;8;Dagvlinders;Pieridae;2026-07-08;725;S;vrij algemeen
370623608;370623608;Gele luzernevlinder;Colias hyale;2025-08-27;8;2025-08-27;1;ter plaatse;onbekend;imago;onbekend;190082.83372790468;208619.5605556201;4.942052499722222;51.1861704;FS3572;BW037 Neerhelst Geel;Geel;Geel;Antwerpen;ObsIdentify;J;Goedgekeurd op basis van bewijsmateriaal;1980-01-01;3;;999;Dagvlinders;Pieridae;2026-07-08;725;S;vrij algemeen
287199722;287199722;Gele luzernevlinder;Colias hyale;2023-09-07;9;2023-09-07;2;ter plaatse;onbekend;imago;onbekend;205850.84551658572;183870.0587267764;5.16377067565918;50.96240234375;FS5147;Schulensbroek - Binnenbekken Oost;Herk-de-Stad;Schulen;Limburg;ObsMapp;J;Goedgekeurd op basis van kennisregels - nabijheid;1980-01-01;3;;4;Dagvlinders;Pieridae;2026-07-08;725;S;vrij algemeen
363331806;363331806;Gele luzernevlinder;Colias hyale;2025-07-17;7;2025-07-17;1;ter plaatse;onbekend;imago;Man;174245.02893451048;190977.3382833805;4.7143556;51.02847359972222;FS2054;  ;Heist-op-den-Berg;Schriek;Antwerpen;Observation;J;Goedgekeurd op basis van bewijsmateriaal;1980-01-01;3;;999;Dagvlinders;Pieridae;2026-07-08;725;S;vrij algemeen
371397982;371397982;Gele luzernevlinder;Colias hyale;2025-09-02;9;2025-09-02;1;ter plaatse;onbekend;onbekend;onbekend;210796.04079058167;207230.24052592556;5.238053473807491;51.17187274252234;FS5671;Balen - De Most;Balen;Balen;Antwerpen;Observation;J;Goedgekeurd op basis van kennisregels - nabijheid;1980-01-01;3;;14;Dagvlinders;Pieridae;2026-07-08;725;S;vrij algemeen
253283632;253283632;Gele luzernevlinder;Colias hyale;2022-08-25;8;2022-08-25;2;in copula;onbekend;imago;onbekend;204798.1614738169;182892.96864735612;5.148641;50.95372;FS5046;Schulensbroek - Oosten Strandje;Herk-de-Stad;Schulen;Limburg;ObsMapp;J;Goedgekeurd op basis van kennisregels - automatische beeldherkenning (NIA);2007-01-01;3;;3;Dagvlinders;Pieridae;2026-07-08;725;S;vrij algemeen
253283629;253283629;Gele luzernevlinder;Colias hyale;2022-08-25;8;2022-08-25;1;ter plaatse;onbekend;imago;onbekend;204798.1614738169;182892.96864735612;5.148641;50.95372;FS5046;Schulensbroek - Oosten Strandje;Herk-de-Stad;Schulen;Limburg;ObsMapp;J;Goedgekeurd op basis van kennisregels - automatische beeldherkenning (NIA);2007-01-01;3;;3;Dagvlinders;Pieridae;2026-07-08;725;S;vrij algemeen
360535158;360535158;Gele luzernevlinder;Colias hyale;2025-07-03;7;2025-07-03;1;ter plaatse;onbekend;imago;onbekend;225377.83513426143;207453.78017563;5.4465723;51.1721622;FS7171;  ;Peer;Kleine-Brogel;Limburg;ObsIdentify;J;Goedgekeurd op basis van bewijsmateriaal;1980-01-01;3;;6;Dagvlinders;Pieridae;2026-07-08;725;S;vrij algemeen
367128861;367128861;Gele luzernevlinder;Colias hyale;2025-08-06;8;2025-08-06;1;ter plaatse;gezien;imago;onbekend;220975.00543670772;180273.07569196727;5.378337383270264;50.92841720581055;FS6744;Diepenbeek - Sluisbemden;Diepenbeek;Diepenbeek;Limburg;ObsMapp;J;Goedgekeurd op basis van kennisregels - nabijheid;1980-01-01;3;;7;Dagvlinders;Pieridae;2026-07-08;725;S;vrij algemeen
287095364;287095364;Gele luzernevlinder;Colias hyale;2023-09-06;9;2023-09-06;1;ter plaatse;onbekend;imago;onbekend;204282.90054127772;182850.1972264508;5.141301999999996;50.953384;FS5046;Schulensbroek - Binnenbekken West;Herk-de-Stad;Schulen;Limburg;ObsMapp;J;Goedgekeurd op basis van bewijsmateriaal;1980-01-01;3;;3;Dagvlinders;Pieridae;2026-07-08;725;S;vrij algemeen
286620480;286620480;Gele luzernevlinder;Colias hyale;2023-09-02;9;2023-09-02;1;ter plaatse;onbekend;imago;onbekend;171423.362440742;186252.61866853383;4.673857263776616;50.986114501953125;FS1749;  ;Rotselaar;Werchter;Vlaams-Brabant;ObsIdentify;J;Goedgekeurd op basis van bewijsmateriaal;1980-01-01;3;;5;Dagvlinders;Pieridae;2026-07-08;725;S;vrij algemeen
253752918;253752918;Gele luzernevlinder;Colias hyale;2022-08-31;8;2022-08-31;2;ter plaatse;onbekend;imago;onbekend;205569.4035896527;183786.0214029923;5.159752;50.961674;FS5147;Schulensbroek - Nieuwe Zandhoop;Herk-de-Stad;Schulen;Limburg;ObsMapp;J;Goedgekeurd op basis van bewijsmateriaal;2007-01-01;3;;4;Dagvlinders;Pieridae;2026-07-08;725;S;vrij algemeen
256087977;256087977;Gele luzernevlinder;Colias hyale;2022-10-03;10;2022-10-03;1;foeragerend;gezien;imago;onbekend;206357.19059474135;183924.73867408183;5.17098617553711;50.9628448486328;FS5247;Schulensbroek - Binnenbekken Oost;Herk-de-Stad;Schulen;Limburg;ObsMapp;J;Goedgekeurd op basis van kennisregels - nabijheid;2007-01-01;4;;3;Dagvlinders;Pieridae;2026-07-08;725;S;vrij algemeen
374224001;374224001;Gele luzernevlinder;Colias hyale;2025-09-27;9;2025-09-27;1;ter plaatse;gezien;imago;onbekend;163163.24038811104;201328.770208315;4.556766033172607;51.12187957763672;FS0864;Beneden Netevallei - GGG Pallieterpolder;Lier;Lier;Antwerpen;ObsMapp;J;Goedgekeurd op basis van kennisregels - nabijheid;1980-01-01;3;;3;Dagvlinders;Pieridae;2026-07-08;725;S;vrij algemeen
370642636;370642636;Gele luzernevlinder;Colias hyale;2025-08-27;8;2025-08-27;1;ter plaatse;onbekend;imago;onbekend;217822.65551677227;178604.1774402978;5.3331934;50.9137932;FS6442;Hasselt - stadscentrum;Hasselt;Hasselt;Limburg;ObsIdentify;J;Goedgekeurd op basis van bewijsmateriaal;1980-01-01;4;;104;Dagvlinders;Pieridae;2026-07-08;725;S;vrij algemeen
254656694;254656694;Gele luzernevlinder;Colias hyale;2022-09-12;9;2022-09-12;1;ter plaatse;onbekend;imago;onbekend;188800.06710137345;208753.39034807403;4.9237204;51.187461;FS3472;Geel - Mosselgoren;Geel;Geel;Antwerpen;Site;J;Goedgekeurd op basis van bewijsmateriaal;1980-01-01;4;;30;Dagvlinders;Pieridae;2026-07-08;725;S;vrij algemeen
287103621;287103621;Gele luzernevlinder;Colias hyale;2023-09-06;9;2023-09-06;1;ter plaatse;gezien;imago;onbekend;171421.27565593086;202490.71215489227;4.674782752990723;51.13207626342773;FS1765;Berlaar - Grote Netevallei - Polder van Gestel;Nijlen;Bevel;Antwerpen;ObsMapp;J;Goedgekeurd op basis van bewijsmateriaal;1980-01-01;3;;3;Dagvlinders;Pieridae;2026-07-08;725;S;vrij algemeen
369229334;369229334;Gele luzernevlinder;Colias hyale;2025-08-18;8;2025-08-18;1;ter plaatse;onbekend;imago;onbekend;189066.81618447084;208792.4997416474;4.927539825439453;51.18779452128856;FS3472;Geel - Mosselgoren;Geel;Geel;Antwerpen;Site;J;Goedgekeurd op basis van bewijsmateriaal;1980-01-01;4;;15;Dagvlinders;Pieridae;2026-07-08;725;S;vrij algemeen
256087978;256087978;Gele luzernevlinder;Colias hyale;2022-10-03;10;2022-10-03;1;foeragerend;gezien;imago;onbekend;205892.8512099541;183879.845598286;5.16437005996704;50.9624862670898;FS5147;Schulensbroek - Binnenbekken Oost;Herk-de-Stad;Schulen;Limburg;ObsMapp;J;Goedgekeurd op basis van kennisregels - nabijheid;2007-01-01;4;;3;Dagvlinders;Pieridae;2026-07-08;725;S;vrij algemeen
287095348;287095348;Gele luzernevlinder;Colias hyale;2023-09-06;9;2023-09-06;1;ter plaatse;onbekend;imago;onbekend;204800.2197818317;182951.17423265893;5.148679000000016;50.954243;FS5046;Schulensbroek - Oosten Strandje;Herk-de-Stad;Schulen;Limburg;ObsMapp;J;Goedgekeurd op basis van kennisregels - nabijheid;1980-01-01;3;;4;Dagvlinders;Pieridae;2026-07-08;725;S;vrij algemeen
285115458;285115458;Gele luzernevlinder;Colias hyale;2023-08-20;8;2023-08-20;1;ter plaatse;onbekend;imago;onbekend;205650.47363004537;183832.6910599964;5.160912990570068;50.96208572387695;FS5147;Schulensbroek - Binnenbekken Oost;Herk-de-Stad;Schulen;Limburg;ObsMapp;J;Goedgekeurd op basis van kennisregels - nabijheid;1980-01-01;3;;3;Dagvlinders;Pieridae;2026-07-08;725;S;vrij algemeen
284905557;284905557;Gele luzernevlinder;Colias hyale;2023-08-19;8;2023-08-19;3;ter plaatse;onbekend;imago;onbekend;205620.31063506208;183821.71970477517;5.160482000000002;50.96199;FS5147;Schulensbroek - Binnenbekken Oost;Herk-de-Stad;Schulen;Limburg;ObsMapp;J;Goedgekeurd op basis van kennisregels - automatische beeldherkenning (NIA);1980-01-01;3;;3;Dagvlinders;Pieridae;2026-07-08;725;S;vrij algemeen
284905553;284905553;Gele luzernevlinder;Colias hyale;2023-08-19;8;2023-08-19;1;ter plaatse;onbekend;imago;onbekend;205752.4741707041;183852.45430964977;5.162367820739746;50.96225357055664;FS5147;Schulensbroek - Binnenbekken Oost;Herk-de-Stad;Schulen;Limburg;ObsMapp;J;Goedgekeurd op basis van kennisregels - nabijheid;1980-01-01;3;;4;Dagvlinders;Pieridae;2026-07-08;725;S;vrij algemeen
289187326;289187326;Gele luzernevlinder;Colias hyale;2023-09-29;9;2023-09-29;1;ter plaatse;onbekend;imago;onbekend;205598.1381659943;183811.3374597449;5.160164833068848;50.96189880371094;FS5147;Schulensbroek - Binnenbekken Oost;Herk-de-Stad;Schulen;Limburg;ObsMapp;J;Goedgekeurd op basis van kennisregels - nabijheid;1980-01-01;3;;4;Dagvlinders;Pieridae;2026-07-08;725;S;vrij algemeen
400235650;400235650;Gele luzernevlinder;Colias hyale;2026-05-23;5;2026-05-23;1;ter plaatse;onbekend;imago;onbekend;230586.54512767243;194858.7919625128;5.5182498;51.0582592;FS7659;Abeekvallei Wijshagen;Meeuwen-Gruitrode;Wijshagen;Limburg;ObsIdentify;J;Goedgekeurd op basis van bewijsmateriaal;1980-01-01;3;;4;Dagvlinders;Pieridae;2026-07-08;725;S;vrij algemeen
397311066;397311066;Gele luzernevlinder;Colias hyale;2026-05-09;5;2026-05-09;1;ter plaatse;gezien;imago;onbekend;170128.38182413694;207939.4471032452;4.656614999999988;51.181099;FS1571;Kleine Netevallei - Viersels Gebroekt;Zandhoven;Pulle;Antwerpen;Site;J;Goedgekeurd op basis van bewijsmateriaal;1980-01-01;3;;15;Dagvlinders;Pieridae;2026-07-08;725;S;vrij algemeen
369231413;369231413;Gele luzernevlinder;Colias hyale;2025-08-18;8;2025-08-18;1;ter plaatse;onbekend;imago;onbekend;228120.21459230303;187016.80198225845;5.481398105621338;50.98811340332031;FS7451;Genk - Terril Winterslag;Genk;Genk;Limburg;ObsMapp;J;Goedgekeurd op basis van kennisregels - nabijheid;1980-01-01;4;;2;Dagvlinders;Pieridae;2026-07-08;725;S;vrij algemeen
254133845;254133845;Gele luzernevlinder;Colias hyale;2022-09-04;9;2022-09-04;1;foeragerend;gezien;imago;onbekend;204470.72057086453;182772.84077299573;5.14396333694458;50.9526710510254;FS5046;Schulensbroek - Pijpenkop;Herk-de-Stad;Schulen;Limburg;ObsMapp;J;Goedgekeurd op basis van kennisregels - nabijheid;2007-01-01;4;;11;Dagvlinders;Pieridae;2026-07-08;725;S;vrij algemeen
362147975;362147975;Gele luzernevlinder;Colias hyale;2025-06-30;6;2025-07-11;1;ter plaatse;onbekend;imago;onbekend;183700.4314221676;195609.4333274076;4.849562644958496;51.06963690352044;FS2959;Westerlo - Schaapwees;Hulshout;Westmeerbeek;Antwerpen;Site;J;Goedgekeurd op basis van bewijsmateriaal;1980-01-01;4;;15;Dagvlinders;Pieridae;2026-07-08;725;S;vrij algemeen
254011923;254011923;Gele luzernevlinder;Colias hyale;2022-09-03;9;2022-09-03;1;ter plaatse;onbekend;imago;onbekend;205541.33857658823;183779.15844130795;5.1593515;50.961615;FS5147;Schulensbroek - Nieuwe Zandhoop;Herk-de-Stad;Schulen;Limburg;Site;J;Goedgekeurd op basis van bewijsmateriaal;1980-01-01;3;;8;Dagvlinders;Pieridae;2026-07-08;725;S;vrij algemeen
361706529;361706529;Gele luzernevlinder;Colias hyale;2025-07-09;7;2025-07-09;1;ter plaatse;onbekend;imago;onbekend;191012.03386016563;205833.50500202455;4.955027103424072;51.16106326868924;FS3669;  ;Geel;Geel;Antwerpen;Site;J;Goedgekeurd op basis van bewijsmateriaal;1980-01-01;3;;30;Dagvlinders;Pieridae;2026-07-08;725;S;vrij algemeen
372365935;372365935;Gele luzernevlinder;Colias hyale;2025-09-10;9;2025-09-10;1;ter plaatse;onbekend;imago;onbekend;189929.6948918033;208606.1519319052;4.939860799722222;51.1860605;FS3572;BW037 Neerhelst Geel;Geel;Geel;Antwerpen;ObsIdentify;J;Goedgekeurd op basis van bewijsmateriaal;1980-01-01;3;;999;Dagvlinders;Pieridae;2026-07-08;725;S;vrij algemeen
254011898;254011898;Gele luzernevlinder;Colias hyale;2022-09-03;9;2022-09-03;1;ter plaatse;onbekend;imago;onbekend;205475.3604195304;183746.08175171167;5.1584074;50.961324;FS5147;Schulensbroek - Nieuwe Zandhoop;Herk-de-Stad;Schulen;Limburg;Site;J;Goedgekeurd op basis van bewijsmateriaal;1980-01-01;3;;8;Dagvlinders;Pieridae;2026-07-08;725;S;vrij algemeen
373321428;373321428;Gele luzernevlinder;Colias hyale;2025-09-19;9;2025-09-19;1;ter plaatse;onbekend;imago;onbekend;165158.14906988764;184718.30985681247;4.5845674;50.9725205;FS1147;  ;Boortmeerbeek;Boortmeerbeek;Vlaams-Brabant;ObsIdentify;J;Goedgekeurd op basis van bewijsmateriaal;1980-01-01;3;;44;Dagvlinders;Pieridae;2026-07-08;725;S;vrij algemeen
254580594;254580594;Gele luzernevlinder;Colias hyale;2022-09-11;9;2022-09-11;1;ter plaatse;onbekend;imago;onbekend;204350.41418850524;182838.21821185108;5.142261;50.95327;FS5046;Schulensbroek - Noordkant Herk;Herk-de-Stad;Schulen;Limburg;ObsMapp;J;Goedgekeurd op basis van kennisregels - automatische beeldherkenning (NIA);2007-01-01;3;;5;Dagvlinders;Pieridae;2026-07-08;725;S;vrij algemeen
254011878;254011878;Gele luzernevlinder;Colias hyale;2022-09-03;9;2022-09-03;1;ter plaatse;onbekend;imago;onbekend;205398.1137849116;183685.0734313065;5.1572987;50.960783;FS5147;Schulensbroek - Nieuwe Zandhoop;Herk-de-Stad;Schulen;Limburg;Site;J;Goedgekeurd op basis van bewijsmateriaal;1980-01-01;3;;8;Dagvlinders;Pieridae;2026-07-08;725;S;vrij algemeen
287451600;287451600;Gele luzernevlinder;Colias hyale;2023-09-09;9;2023-09-09;1;ter plaatse;gezien;imago;onbekend;217142.6409792531;194245.135314567;5.326395034790039;51.054459379391375;FS6358;Heusden - Zolder Terril Lindeman ;Heusden-Zolder;Heusden;Limburg;Site;J;Goedgekeurd op basis van bewijsmateriaal;1980-01-01;3;;30;Dagvlinders;Pieridae;2026-07-08;725;S;vrij algemeen
288885044;288885044;Gele luzernevlinder;Colias hyale;2023-09-25;9;2023-09-25;1;ter plaatse;gezien;imago;onbekend;217158.3981533682;194211.23360600136;5.326613509096205;51.05415283626015;FS6358;Heusden - Zolder Terril Lindeman ;Heusden-Zolder;Heusden;Limburg;Site;J;Goedgekeurd op basis van kennisregels - automatische beeldherkenning (NIA);1980-01-01;3;;60;Dagvlinders;Pieridae;2026-07-08;725;S;vrij algemeen
289516036;289516036;Gele luzernevlinder;Colias hyale;2023-10-02;10;2023-10-02;1;ter plaatse;gezien;imago;onbekend;217072.4093053727;194077.52096395756;5.325362628245784;51.052960972878985;FS6258;Heusden - Zolder Terril Lindeman ;Heusden-Zolder;Heusden;Limburg;Site;J;Goedgekeurd op basis van kennisregels - automatische beeldherkenning (NIA);1980-01-01;3;;240;Dagvlinders;Pieridae;2026-07-08;725;S;vrij algemeen
369953531;369953531;Gele luzernevlinder;Colias hyale;2025-08-23;8;2025-08-23;1;ter plaatse;onbekend;onbekend;onbekend;204766.59957430785;183124.0711392155;5.1482264;50.9558003;FS5047;Schulensbroek - Oosten Strandje;Herk-de-Stad;Schulen;Limburg;Observation;J;Goedgekeurd op basis van kennisregels - nabijheid;1980-01-01;4;;3;Dagvlinders;Pieridae;2026-07-08;725;S;vrij algemeen
254011852;254011852;Gele luzernevlinder;Colias hyale;2022-09-03;9;2022-09-03;1;ter plaatse;onbekend;imago;onbekend;204786.27612912693;182927.33132813495;5.148477;50.95403;FS5046;Schulensbroek - Oosten Strandje;Herk-de-Stad;Schulen;Limburg;Site;J;Goedgekeurd op basis van kennisregels - nabijheid;1980-01-01;3;;15;Dagvlinders;Pieridae;2026-07-08;725;S;vrij algemeen
375638478;375638478;Gele luzernevlinder;Colias hyale;2025-08-20;8;2025-10-10;2;ter plaatse;onbekend;imago;onbekend;192506.99945568145;189841.7163881641;4.974529759918141;51.01721251185196;FS3853;Averbode - Vierkensbroek;Scherpenheuvel-Zichem;Averbode;Vlaams-Brabant;Site;J;Goedgekeurd op basis van bewijsmateriaal;1980-01-01;3;;15;Dagvlinders;Pieridae;2026-07-08;725;S;vrij algemeen
225237717;225237717;Gele luzernevlinder;Colias hyale;2021-09-09;9;2021-09-09;2;ter plaatse;onbekend;imago;onbekend;227781.89735116443;186588.9155611256;5.4764893;50.984313;FS7351;Genk - Terril Winterslag;Genk;Genk;Limburg;Site;J;Goedgekeurd op basis van bewijsmateriaal;1980-01-01;3;meerdere keren eentje zien passeren;15;Dagvlinders;Pieridae;2026-07-08;725;S;vrij algemeen
287112764;287112764;Gele luzernevlinder;Colias hyale;2023-09-06;9;2023-09-06;1;foeragerend;gezien;imago;onbekend;185112.77709246;211360.5792850079;4.871234893798828;51.21113132914483;FS3074;Kasterlee - Kempense Heuvelrug;Kasterlee;Lichtaart;Antwerpen;Site;J;Goedgekeurd op basis van bewijsmateriaal;1980-01-01;4;;50;Dagvlinders;Pieridae;2026-07-08;725;S;vrij algemeen
369123312;369123312;Gele luzernevlinder;Colias hyale;2025-08-17;8;2025-08-17;1;ter plaatse;onbekend;imago;onbekend;228615.18810438504;186643.54668724444;5.488366603851318;50.98469161987305;FS7451;Genk - Terril Winterslag;Genk;Genk;Limburg;ObsMapp;J;Goedgekeurd op basis van bewijsmateriaal;1980-01-01;3;;1;Dagvlinders;Pieridae;2026-07-08;725;S;vrij algemeen
254613336;254613336;Gele luzernevlinder;Colias hyale;2022-09-11;9;2022-09-11;1;foeragerend;gezien;imago;onbekend;183540.8623828973;233815.6501119472;4.85083;51.413048;FS2897;Zondereigen - Merkske - Heikant;Baarle-Hertog;Baarle-Hertog;Antwerpen;Site;J;Goedgekeurd op basis van bewijsmateriaal;1980-01-01;3;;25;Dagvlinders;Pieridae;2026-07-08;725;S;vrij algemeen
368345628;368345628;Gele luzernevlinder;Colias hyale;2025-08-13;8;2025-08-13;1;ter plaatse;onbekend;imago;onbekend;183699.8647592426;192980.7397143776;4.8493115;51.0460083;FS2956;  ;Herselt;Herselt;Antwerpen;ObsIdentify;J;Goedgekeurd op basis van bewijsmateriaal;1980-01-01;3;;4;Dagvlinders;Pieridae;2026-07-08;725;S;vrij algemeen
376610091;376610091;Gele luzernevlinder;Colias hyale;2025-09-19;9;2025-10-17;1;ter plaatse;onbekend;imago;onbekend;210802.11028597457;196003.1350045949;5.2362633333333335;51.07096166666667;FS5660;Beringen - Mijn - terrils;Beringen;Koersel;Limburg;ObsIdentify;J;Goedgekeurd op basis van bewijsmateriaal;1980-01-01;3;;999;Dagvlinders;Pieridae;2026-07-08;725;S;vrij algemeen
287363283;287363283;Gele luzernevlinder;Colias hyale;2023-09-08;9;2023-09-08;1;ter plaatse;onbekend;imago;onbekend;210642.0975262132;195929.8771447297;5.233968333333333;51.07032;FS5660;Beringen - Mijn - terrils;Beringen;Koersel;Limburg;ObsIdentify;J;Goedgekeurd op basis van bewijsmateriaal;1980-01-01;3;;999;Dagvlinders;Pieridae;2026-07-08;725;S;vrij algemeen
372054506;372054506;Gele luzernevlinder;Colias hyale;2025-09-07;9;2025-09-07;1;foeragerend;gezien;imago;onbekend;168336.01049903544;212408.34847498592;4.631208799722223;51.2213271;FS1375;  ;Ranst;Oelegem;Antwerpen;ObsIdentify;J;Goedgekeurd op basis van bewijsmateriaal;1980-01-01;4;;5;Dagvlinders;Pieridae;2026-07-08;725;S;vrij algemeen
371905144;371905144;Gele luzernevlinder;Colias hyale;2025-09-06;9;2025-09-06;2;ter plaatse;onbekend;imago;onbekend;155427.02654130314;194599.4582807096;4.446169000000054;51.061516;FS0157;Walem - Grote Vijver;Mechelen;Walem;Antwerpen;Site;J;Goedgekeurd op basis van bewijsmateriaal;1980-01-01;3;;15;Dagvlinders;Pieridae;2026-07-08;725;S;vrij algemeen
252492172;252492172;Gele luzernevlinder;Colias hyale;2022-08-16;8;2022-08-16;3;ter plaatse;onbekend;imago;onbekend;204781.3903300151;182843.95345847492;5.148395;50.953281;FS5046;Schulensbroek - Pijpenkop;Herk-de-Stad;Schulen;Limburg;ObsMapp;J;Goedgekeurd op basis van bewijsmateriaal;2007-01-01;3;;3;Dagvlinders;Pieridae;2026-07-08;725;S;vrij algemeen
367076503;367076503;Gele luzernevlinder;Colias hyale;2025-08-06;8;2025-08-06;1;ter plaatse;onbekend;imago;onbekend;159994.80950487347;199821.7417794308;4.511470000000031;51.108397;FS0562;Beneden Netevallei - Babbelbeekse Beemden;Lier;Lier;Antwerpen;Site;J;Goedgekeurd op basis van bewijsmateriaal;1980-01-01;4;;20;Dagvlinders;Pieridae;2026-07-08;725;S;vrij algemeen
374413402;374413402;Gele luzernevlinder;Colias hyale;2025-09-28;9;2025-09-28;1;ter plaatse;onbekend;imago;onbekend;220354.8150358603;184306.46804978236;5.3702909;50.9647466;FS6648;Hasselt - Natuurgebied Kiewit;Hasselt;Hasselt;Limburg;Observation;J;Goedgekeurd op basis van kennisregels - nabijheid;1980-01-01;3;;4;Dagvlinders;Pieridae;2026-07-08;725;S;vrij algemeen
371313466;371313466;Gele luzernevlinder;Colias hyale;2025-09-01;9;2025-09-01;1;ter plaatse;onbekend;imago;onbekend;214951.32692456024;185708.9587281244;5.293626599722222;50.97798329972223;FS6149;Kuringen - Kolberg - Rode Vijvers;Heusden-Zolder;Zolder;Limburg;ObsIdentify;J;Goedgekeurd op basis van bewijsmateriaal;1980-01-01;3;;999;Dagvlinders;Pieridae;2026-07-08;725;S;vrij algemeen
368219168;368219168;Gele luzernevlinder;Colias hyale;2025-08-12;8;2025-08-12;1;ter plaatse;onbekend;imago;onbekend;227853.40203786932;186938.15359593;5.4775818;50.9874424;FS7351;Genk - Terril Winterslag;Genk;Genk;Limburg;Observation;J;Goedgekeurd op basis van kennisregels - nabijheid;1980-01-01;3;;4;Dagvlinders;Pieridae;2026-07-08;725;S;vrij algemeen
254253409;254253409;Gele luzernevlinder;Colias hyale;2022-09-06;9;2022-09-06;2;foeragerend;gezien;imago;onbekend;189342.7491926924;197957.7927132994;4.930313;51.090389;FS3561;  ;Westerlo;Westerlo;Antwerpen;Site;J;Goedgekeurd op basis van bewijsmateriaal;1980-01-01;3;;7;Dagvlinders;Pieridae;2026-07-08;725;S;vrij algemeen
254192916;254192916;Gele luzernevlinder;Colias hyale;2022-09-05;9;2022-09-05;2;ter plaatse;gezien;imago;onbekend;189334.90751386192;197947.8318744497;4.9302;51.0903;FS3561;  ;Westerlo;Westerlo;Antwerpen;Site;J;Goedgekeurd op basis van bewijsmateriaal;1980-01-01;3;;25;Dagvlinders;Pieridae;2026-07-08;725;S;vrij algemeen
272860921;272860921;Gele luzernevlinder;Colias hyale;2023-05-21;5;2023-05-22;1;ter plaatse;onbekend;imago;Man;205991.10822497416;183864.3491299888;5.16576623916626;50.96233749389648;FS5247;Schulensbroek - Binnenbekken Oost;Herk-de-Stad;Schulen;Limburg;copied observation;J;Goedgekeurd op basis van kennisregels - nabijheid;1980-01-01;3;;4;Dagvlinders;Pieridae;2026-07-08;725;S;vrij algemeen
254192884;254192884;Gele luzernevlinder;Colias hyale;2022-09-05;9;2022-09-05;2;ter plaatse;gezien;imago;onbekend;189334.90751386192;197947.8318744497;4.9302;51.0903;FS3561;  ;Westerlo;Westerlo;Antwerpen;Site;J;Goedgekeurd op basis van bewijsmateriaal;1980-01-01;3;;25;Dagvlinders;Pieridae;2026-07-08;725;S;vrij algemeen
406819919;406819919;Gele luzernevlinder;Colias hyale;2026-06-23;6;2026-06-23;1;ter plaatse;onbekend;imago;onbekend;221694.53649850283;183172.10054186263;5.3891381;50.95438639972223;FS6747;Genk - Domein Bokrijk - Zuidoost;Hasselt;Hasselt;Limburg;ObsIdentify;J;Goedgekeurd op basis van bewijsmateriaal;1980-01-01;3;;999;Dagvlinders;Pieridae;2026-07-08;725;S;vrij algemeen
370895636;370895636;Gele luzernevlinder;Colias hyale;2025-08-29;8;2025-08-29;1;ter plaatse;onbekend;imago;onbekend;220978.16263558317;179908.14685458317;5.378311666666667;50.92513666666667;FS6744;Diepenbeek - Sluisbemden;Diepenbeek;Diepenbeek;Limburg;ObsIdentify;J;Goedgekeurd op basis van bewijsmateriaal;1980-01-01;3;;7;Dagvlinders;Pieridae;2026-07-08;725;S;vrij algemeen
254889091;254889091;Gele luzernevlinder;Colias hyale;2022-09-06;9;2022-09-16;2;foeragerend;gezien;imago;onbekend;189341.82916363765;197959.0095236553;4.9303;51.0904;FS3561;  ;Westerlo;Westerlo;Antwerpen;Site;J;Goedgekeurd op basis van bewijsmateriaal;1980-01-01;3;;25;Dagvlinders;Pieridae;2026-07-08;725;S;vrij algemeen
254254554;254254554;Gele luzernevlinder;Colias hyale;2022-09-06;9;2022-09-06;2;foeragerend;gezien;imago;onbekend;189342.7491926924;197957.7927132994;4.930313;51.090389;FS3561;  ;Westerlo;Westerlo;Antwerpen;Site;J;Goedgekeurd op basis van bewijsmateriaal;1980-01-01;3;;25;Dagvlinders;Pieridae;2026-07-08;725;S;vrij algemeen
196126332;196126332;Gele luzernevlinder;Colias hyale;2020-07-13;7;2020-07-13;1;foeragerend;gezien;imago;onbekend;220920.30492243703;180177.96571535245;5.377541;50.927569;FS6744;Diepenbeek - Sluisbemden;Diepenbeek;Diepenbeek;Limburg;ObsMapp;J;Goedgekeurd op basis van kennisregels - automatische beeldherkenning (NIA);2007-01-01;3;;25;Dagvlinders;Pieridae;2026-07-08;725;S;vrij algemeen
369218787;369218787;Gele luzernevlinder;Colias hyale;2025-08-18;8;2025-08-18;1;ter plaatse;onbekend;imago;onbekend;204768.5219385234;183141.06815440208;5.1482563;50.9559529;FS5047;Schulensbroek - Oosten Strandje;Herk-de-Stad;Schulen;Limburg;copied observation;J;Goedgekeurd op basis van kennisregels - nabijheid;1980-01-01;4;;3;Dagvlinders;Pieridae;2026-07-08;725;S;vrij algemeen
350447636;350447636;Gele luzernevlinder;Colias hyale;2025-05-14;5;2025-05-14;1;ter plaatse;onbekend;imago;onbekend;210932.35108973345;207472.41283193696;5.240043000000014;51.174035;FS5671;Balen - De Most;Balen;Balen;Antwerpen;Site;J;Goedgekeurd op basis van bewijsmateriaal;1980-01-01;3;;999;Dagvlinders;Pieridae;2026-07-08;725;S;vrij algemeen
271007363;271007363:2962979;Gele luzernevlinder;Colias hyale;2023-05-08;5;2023-05-09;1;ter plaatse;gezien;imago;Vrouw;206050.22843993455;183859.58962339628;5.166606999999999;50.962289;FS5247;Schulensbroek - Binnenbekken Oost;Herk-de-Stad;Schulen;Limburg;ObsIdentify;J;Goedgekeurd op basis van kennisregels - automatische beeldherkenning (NIA);1980-01-01;3;;999;Dagvlinders;Pieridae;2026-07-08;725;S;vrij algemeen
271007363;271007363:2962978;Gele luzernevlinder;Colias hyale;2023-05-08;5;2023-05-09;1;ter plaatse;gezien;imago;Man;206050.22843993455;183859.58962339628;5.166606999999999;50.962289;FS5247;Schulensbroek - Binnenbekken Oost;Herk-de-Stad;Schulen;Limburg;ObsIdentify;J;Goedgekeurd op basis van kennisregels - automatische beeldherkenning (NIA);1980-01-01;3;;999;Dagvlinders;Pieridae;2026-07-08;725;S;vrij algemeen
371804644;371804644;Gele luzernevlinder;Colias hyale;2025-09-06;9;2025-09-06;1;ter plaatse;onbekend;imago;onbekend;228021.58673060435;186954.9662199169;5.479980399722223;50.9875709;FS7451;Genk - Terril Winterslag;Genk;Genk;Limburg;ObsIdentify;J;Goedgekeurd op basis van bewijsmateriaal;1980-01-01;3;;999;Dagvlinders;Pieridae;2026-07-08;725;S;vrij algemeen
408450845;408450845;Gele luzernevlinder;Colias hyale;2026-07-01;7;2026-07-01;1;ter plaatse;onbekend;imago;onbekend;204926.2325590877;183542.59548588563;5.150561;50.9595472;FS5147;Schulensbroek - Oosten Strandje;Herk-de-Stad;Schulen;Limburg;ObsIdentify;J;Goedgekeurd op basis van bewijsmateriaal;1980-01-01;3;;3;Dagvlinders;Pieridae;2026-07-08;725;S;vrij algemeen
287529933;287529933;Gele luzernevlinder;Colias hyale;2023-09-10;9;2023-09-10;1;ter plaatse;onbekend;imago;onbekend;157890.42990113332;205820.20801068936;4.481552839279175;51.162347928903145;FS0368;  ;Boechout;Boechout;Antwerpen;Site;J;Goedgekeurd op basis van bewijsmateriaal;1980-01-01;3;;15;Dagvlinders;Pieridae;2026-07-08;725;S;vrij algemeen
367829311;367829311;Gele luzernevlinder;Colias hyale;2025-08-10;8;2025-08-10;1;ter plaatse;onbekend;imago;onbekend;179296.05254628512;185107.69385861975;4.7858833;50.9754779;FS2548;Betekom - Vorsdonkbos;Aarschot;Gelrode;Vlaams-Brabant;ObsIdentify;J;Goedgekeurd op basis van bewijsmateriaal;1980-01-01;3;;999;Dagvlinders;Pieridae;2026-07-08;725;S;vrij algemeen
370711026;370711026;Gele luzernevlinder;Colias hyale;2025-08-27;8;2025-08-27;1;ter plaatse;onbekend;imago;onbekend;180001.81451229006;184953.92038220167;4.795919399722222;50.9740595;FS2648;Betekom - Vorsdonkbos;Aarschot;Gelrode;Vlaams-Brabant;ObsIdentify;J;Goedgekeurd op basis van bewijsmateriaal;1980-01-01;3;;999;Dagvlinders;Pieridae;2026-07-08;725;S;vrij algemeen
374398901;374398901;Gele luzernevlinder;Colias hyale;2025-09-28;9;2025-09-28;1;ter plaatse;gezien;imago;onbekend;197364.87973026143;189634.05138008948;5.043729782104492;51.01496887207031;FS4353;Molenstede - Dassenaarde;Diest;Molenstede;Vlaams-Brabant;ObsMapp;J;Goedgekeurd op basis van bewijsmateriaal;1980-01-01;3;;1;Dagvlinders;Pieridae;2026-07-08;725;S;vrij algemeen
269768705;269768705;Gele luzernevlinder;Colias hyale;2023-04-30;4;2023-04-30;1;ter plaatse;onbekend;imago;onbekend;205980.09808645095;183850.00629682743;5.165607333183289;50.96220963376615;FS5247;Schulensbroek - Buitenbekken Oost;Herk-de-Stad;Schulen;Limburg;Site;J;Goedgekeurd op basis van bewijsmateriaal;1980-01-01;4;;8;Dagvlinders;Pieridae;2026-07-08;725;S;vrij algemeen
369945928;369945928;Gele luzernevlinder;Colias hyale;2025-08-23;8;2025-08-23;2;ter plaatse;onbekend;imago;onbekend;204765.52374255017;183129.8680586163;5.14821195602417;50.95585250854492;FS5047;Schulensbroek - Oosten Strandje;Herk-de-Stad;Schulen;Limburg;ObsMapp;J;Goedgekeurd op basis van kennisregels - nabijheid;1980-01-01;3;;3;Dagvlinders;Pieridae;2026-07-08;725;S;vrij algemeen
254135722;254135722;Gele luzernevlinder;Colias hyale;2022-09-04;9;2022-09-04;1;ter plaatse;gezien;imago;onbekend;163055.61214940264;200703.98318383284;4.5552063;51.116266;FS0863;Beneden Netevallei - Anderstad;Lier;Lier;Antwerpen;Site;J;Goedgekeurd op basis van kennisregels - automatische beeldherkenning (NIA);1980-01-01;3;;10;Dagvlinders;Pieridae;2026-07-08;725;S;vrij algemeen
370178807;370178807;Gele luzernevlinder;Colias hyale;2025-08-24;8;2025-08-24;1;ter plaatse;gezien;imago;onbekend;192178.1308669816;188962.776590256;4.969741702079773;51.00933597952029;FS3852;Averbode - Vierkensbroek;Scherpenheuvel-Zichem;Zichem;Vlaams-Brabant;Site;J;Goedgekeurd op basis van bewijsmateriaal;1980-01-01;3;;4;Dagvlinders;Pieridae;2026-07-08;725;S;vrij algemeen
254134467;254134467;Gele luzernevlinder;Colias hyale;2022-09-04;9;2022-09-04;1;ter plaatse;gezien;imago;onbekend;162897.88593065902;200682.00546834432;4.552953;51.116072;FS0863;Beneden Netevallei - Anderstad;Lier;Lier;Antwerpen;Site;J;Goedgekeurd op basis van kennisregels - automatische beeldherkenning (NIA);1980-01-01;3;;10;Dagvlinders;Pieridae;2026-07-08;725;S;vrij algemeen
253534947;253534947;Gele luzernevlinder;Colias hyale;2022-08-28;8;2022-08-28;1;ter plaatse;gezien;imago;onbekend;162283.8046499195;200501.28818441555;4.5441771;51.114461;FS0863;Beneden Netevallei - Nete Anderstad tot Duffelsluizen;Lier;Lier;Antwerpen;Site;J;Goedgekeurd op basis van kennisregels - automatische beeldherkenning (NIA);1980-01-01;3;;15;Dagvlinders;Pieridae;2026-07-08;725;S;vrij algemeen
253534667;253534667;Gele luzernevlinder;Colias hyale;2022-08-28;8;2022-08-28;1;ter plaatse;gezien;imago;onbekend;162962.43269912922;200712.7604953144;4.5538759;51.116347;FS0863;Beneden Netevallei - Anderstad;Lier;Lier;Antwerpen;Site;J;Goedgekeurd op basis van kennisregels - automatische beeldherkenning (NIA);1980-01-01;3;;10;Dagvlinders;Pieridae;2026-07-08;725;S;vrij algemeen
279880618;279880618;Gele luzernevlinder;Colias hyale;2023-07-10;7;2023-07-10;1;ter plaatse;gezien;imago;onbekend;173649.81929955128;190895.3466600068;4.705865979194641;51.02776122879822;FS1954;  ;Heist-op-den-Berg;Schriek;Antwerpen;Site;J;Goedgekeurd op basis van bewijsmateriaal;1980-01-01;3;;7;Dagvlinders;Pieridae;2026-07-08;725;S;vrij algemeen
253702252;253702252;Gele luzernevlinder;Colias hyale;2022-08-30;8;2022-08-30;1;ter plaatse;gezien;imago;onbekend;162713.03047208535;200706.13488879052;4.5503139;51.116293;FS0863;Beneden Netevallei - Anderstad;Lier;Lier;Antwerpen;Site;J;Goedgekeurd op basis van kennisregels - automatische beeldherkenning (NIA);1980-01-01;3;;10;Dagvlinders;Pieridae;2026-07-08;725;S;vrij algemeen
286998933;286998933;Gele luzernevlinder;Colias hyale;2023-09-05;9;2023-09-05;1;ter plaatse;gezien;imago;onbekend;163236.11419177914;200772.49749036224;4.557786583900452;51.11687773834866;FS0963;Beneden Netevallei - Nete t.h.v. Anderstad;Lier;Lier;Antwerpen;Site;J;Goedgekeurd op basis van kennisregels - automatische beeldherkenning (NIA);1980-01-01;3;;7;Dagvlinders;Pieridae;2026-07-08;725;S;vrij algemeen
364029989;364029989;Gele luzernevlinder;Colias hyale;2025-07-20;7;2025-07-20;1;ter plaatse;gezien;imago;onbekend;202494.6662835929;191285.55237972175;5.117064714431763;51.0293712342139;FS4855;Vallei van de Drie Beken - Schutshaag;Diest;Schaffen;Vlaams-Brabant;Site;J;Goedgekeurd op basis van bewijsmateriaal;1980-01-01;4;;7;Dagvlinders;Pieridae;2026-07-08;725;S;vrij algemeen
369412026;369412026;Gele luzernevlinder;Colias hyale;2025-08-18;8;2025-08-19;1;ter plaatse;onbekend;onbekend;onbekend;226617.32936384896;194976.52340631743;5.461665630340576;51.05985641479492;FS7259;Houthalen-Helchteren Meeuwen-Gruitrode en Peer - N2000;Peer;Peer;Limburg;ObsMapp;J;Goedgekeurd op basis van kennisregels - nabijheid;1980-01-01;3;;3;Dagvlinders;Pieridae;2026-07-08;725;S;vrij algemeen
369186981;369186981;Gele luzernevlinder;Colias hyale;2025-08-18;8;2025-08-18;1;ter plaatse;onbekend;onbekend;onbekend;226068.5952438885;194740.97925315704;5.453790187835693;51.05781173706055;FS7159;Houthalen-Helchteren Meeuwen-Gruitrode en Peer - N2000;Peer;Peer;Limburg;ObsMapp;J;Goedgekeurd op basis van kennisregels - nabijheid;1980-01-01;3;;3;Dagvlinders;Pieridae;2026-07-08;725;S;vrij algemeen
253906309;253906309;Gele luzernevlinder;Colias hyale;2022-09-02;9;2022-09-02;1;ter plaatse;gezien;imago;onbekend;187284.4519278308;180256.33804285436;4.899128;50.93141;FS3343;  ;Tielt-Winge;Tielt;Vlaams-Brabant;iObs;J;Goedgekeurd op basis van kennisregels - automatische beeldherkenning (NIA);2007-01-01;3;;16;Dagvlinders;Pieridae;2026-07-08;725;S;vrij algemeen
369987437;369987437;Gele luzernevlinder;Colias hyale;2025-08-23;8;2025-08-23;1;ter plaatse;onbekend;imago;onbekend;204766.55109012977;183127.75691937003;5.148226261138916;50.955833435058594;FS5047;Schulensbroek - Oosten Strandje;Herk-de-Stad;Schulen;Limburg;ObsMapp;J;Goedgekeurd op basis van kennisregels - nabijheid;1980-01-01;3;;3;Dagvlinders;Pieridae;2026-07-08;725;S;vrij algemeen
369117057;369117057;Gele luzernevlinder;Colias hyale;2025-08-15;8;2025-08-17;1;ter plaatse;onbekend;imago;onbekend;167774.14583551293;198045.745585219;4.622462354611112;51.09224569138889;FS1361;Koningshooikt - Ruigtes Vanhool;Lier;Koningshooikt;Antwerpen;ObsIdentify;J;Goedgekeurd op basis van bewijsmateriaal;1980-01-01;3;;999;Dagvlinders;Pieridae;2026-07-08;725;S;vrij algemeen
254576853;254576853;Gele luzernevlinder;Colias hyale;2022-09-11;9;2022-09-11;1;ter plaatse;onbekend;imago;onbekend;155076.14600258737;193932.83643838856;4.4411545;51.055527;FS0156;Mechelen - GGG Zennegat (voormalig 'Oude Dijlearm');Mechelen;Mechelen;Antwerpen;Site;J;Goedgekeurd op basis van bewijsmateriaal;1980-01-01;4;;60;Dagvlinders;Pieridae;2026-07-08;725;S;vrij algemeen
371192168;371192168;Gele luzernevlinder;Colias hyale;2025-08-31;8;2025-08-31;1;ter plaatse;onbekend;imago;onbekend;232119.25528089184;205029.734317556;5.542403232053869;51.14945672492071;FS7769;Abeekvallei Grote Brogel;Peer;Grote-Brogel;Limburg;copied observation;J;Goedgekeurd op basis van kennisregels - nabijheid;1980-01-01;3;;8;Dagvlinders;Pieridae;2026-07-08;725;S;vrij algemeen
288111279;288111279;Gele luzernevlinder;Colias hyale;2023-09-16;9;2023-09-16;1;foeragerend;gezien;imago;Man;188978.9405637644;188057.0853771968;4.924062252044678;51.00141906738281;FS3551;Messelbroek - Keet;Scherpenheuvel-Zichem;Messelbroek;Vlaams-Brabant;ObsMapp;J;Goedgekeurd op basis van bewijsmateriaal;1980-01-01;3;;3;Dagvlinders;Pieridae;2026-07-08;725;S;vrij algemeen
401483458;401483458;Gele luzernevlinder;Colias hyale;2026-05-27;5;2026-05-28;1;ter plaatse;onbekend;imago;Man;146503.71453961168;220467.6156183984;4.318636417388916;51.29404830932617;ES9183;Antwerpen - Lillo - Galgenschoor;Antwerpen;Antwerpen;Antwerpen;ObsMapp;J;Goedgekeurd op basis van bewijsmateriaal;1980-01-01;3;;3;Dagvlinders;Pieridae;2026-07-08;725;S;vrij algemeen
371192163;371192163;Gele luzernevlinder;Colias hyale;2025-08-31;8;2025-08-31;1;ter plaatse;onbekend;imago;onbekend;231896.3219276656;205006.51243578363;5.539212367655093;51.1492796656408;FS7769;Abeekvallei Grote Brogel;Peer;Grote-Brogel;Limburg;copied observation;J;Goedgekeurd op basis van kennisregels - nabijheid;1980-01-01;3;;57;Dagvlinders;Pieridae;2026-07-08;725;S;vrij algemeen
281841021;281841021;Gele luzernevlinder;Colias hyale;2023-07-25;7;2023-07-25;1;ter plaatse;onbekend;imago;onbekend;175941.29419803293;216281.67157207057;4.740342999999939;51.255849;FS2179;Oostmalle/Zoersel - Vliegveld (Niet toegankelijk);Malle;Oostmalle;Antwerpen;Site;J;Goedgekeurd op basis van bewijsmateriaal;1980-01-01;3;;30;Dagvlinders;Pieridae;2026-07-08;725;S;vrij algemeen
371150628;371150628;Gele luzernevlinder;Colias hyale;2025-08-31;8;2025-08-31;1;ter plaatse;onbekend;imago;Man;184312.32940996505;208918.28040411972;4.859549179673195;51.18922750156008;FS2972;Herentals - Langendonk;Herentals;Herentals;Antwerpen;ObsMapp;J;Goedgekeurd op basis van bewijsmateriaal;1980-01-01;3;;5;Dagvlinders;Pieridae;2026-07-08;725;S;vrij algemeen
370248758;370248758:4081563;Gele luzernevlinder;Colias hyale;2025-08-24;8;2025-08-25;1;ter plaatse;onbekend;imago;Vrouw;210877.10829558256;207432.07715010457;5.239246375858784;51.17367829404056;FS5671;Balen - De Most;Balen;Balen;Antwerpen;ObsMapp;J;Goedgekeurd op basis van kennisregels - nabijheid;1980-01-01;3;;5;Dagvlinders;Pieridae;2026-07-08;725;S;vrij algemeen
371365350;371365350;Gele luzernevlinder;Colias hyale;2025-09-01;9;2025-09-01;1;ter plaatse;gezien;imago;onbekend;232115.703495497;205058.03794526588;5.542358875274658;51.14971160888672;FS7769;Abeekvallei Grote Brogel;Peer;Grote-Brogel;Limburg;ObsMapp;J;Goedgekeurd op basis van bewijsmateriaal;1980-01-01;3;;3;Dagvlinders;Pieridae;2026-07-08;725;S;vrij algemeen
373274784;373274784;Gele luzernevlinder;Colias hyale;2025-09-19;9;2025-09-19;1;ter plaatse;onbekend;imago;onbekend;189513.7606600211;188378.55512544975;4.931715965270996;51.0042724609375;FS3552;Messelbroek - Keet;Scherpenheuvel-Zichem;Messelbroek;Vlaams-Brabant;ObsMapp;J;Goedgekeurd op basis van kennisregels - nabijheid;1980-01-01;4;;3;Dagvlinders;Pieridae;2026-07-08;725;S;vrij algemeen
371904630;371904630;Gele luzernevlinder;Colias hyale;2025-09-06;9;2025-09-06;1;ter plaatse;onbekend;imago;onbekend;242942.1213216413;200602.52400378417;5.695920944213867;51.108028411865234;FS8865;  ;Maaseik;Neeroeteren;Limburg;ObsMapp;J;Goedgekeurd op basis van bewijsmateriaal;1980-01-01;4;;1;Dagvlinders;Pieridae;2026-07-08;725;S;vrij algemeen
199486333;199486333;Gele luzernevlinder;Colias hyale;2020-09-02;9;2020-09-02;1;ter plaatse;gezien;imago;Man;188550.6014512642;187713.9114985708;4.917924;50.998363;FS3451;Messelbroek - Krekelbroek;Scherpenheuvel-Zichem;Messelbroek;Vlaams-Brabant;ObsMapp;J;Goedgekeurd op basis van bewijsmateriaal;2007-01-01;3;ook in vlucht gezien: citroengele bovenvleugels.;25;Dagvlinders;Pieridae;2026-07-08;725;S;vrij algemeen
373372533;373372533;Gele luzernevlinder;Colias hyale;2025-09-20;9;2025-09-20;1;ter plaatse;onbekend;imago;onbekend;183862.65649360296;208199.41221949365;4.853050231933594;51.18279266357422;FS2971;Herentals - Hellekens - Buiten Ring;Herentals;Herentals;Antwerpen;ObsMapp;J;Goedgekeurd op basis van kennisregels - nabijheid;1980-01-01;3;;3;Dagvlinders;Pieridae;2026-07-08;725;S;vrij algemeen
281850816;281850816;Gele luzernevlinder;Colias hyale;2023-07-25;7;2023-07-25;1;ter plaatse;onbekend;imago;onbekend;164115.37407234262;188336.81581911445;4.569860999999946;51.005074;FS1051;Rijmenam - Cassenbroek - Elst;Bonheiden;Rijmenam;Antwerpen;ObsMapp;J;Goedgekeurd op basis van bewijsmateriaal;1980-01-01;3;;4;Dagvlinders;Pieridae;2026-07-08;725;S;vrij algemeen
365069368;365069368;Gele luzernevlinder;Colias hyale;2025-07-25;7;2025-07-26;1;ter plaatse;gezien;imago;onbekend;203798.6690123938;175381.62878019456;5.133315563201904;50.88629531860352;FS5039;Aronst Hoek - zuid;Geetbets;Grazen;Vlaams-Brabant;ObsMapp;J;Goedgekeurd op basis van expertoordeel;1980-01-01;3;;3;Dagvlinders;Pieridae;2026-07-08;725;S;vrij algemeen
360901883;360901883;Gele luzernevlinder;Colias hyale;2025-07-04;7;2025-07-04;1;foeragerend;gezien;imago;onbekend;190412.84181782807;188123.1892353129;4.9444966316223145;51.001914978027344;FS3651;Testelt - Kerkendijk-Melkbroek;Scherpenheuvel-Zichem;Messelbroek;Vlaams-Brabant;ObsMapp;J;Goedgekeurd op basis van bewijsmateriaal;1980-01-01;3;;2;Dagvlinders;Pieridae;2026-07-08;725;S;vrij algemeen
254687906;254687906;Gele luzernevlinder;Colias hyale;2022-09-12;9;2022-09-12;1;ter plaatse;gezien;imago;Man;190543.71134874804;183120.77483680844;4.9458065032959;50.9569396972656;FS3646;  ;Bekkevoort;Bekkevoort;Vlaams-Brabant;ObsMapp;J;Goedgekeurd op basis van kennisregels - nabijheid;2007-01-01;3;;3;Dagvlinders;Pieridae;2026-07-08;725;S;vrij algemeen
360163027;360163027;Gele luzernevlinder;Colias hyale;2025-07-01;7;2025-07-01;1;ter plaatse;onbekend;imago;onbekend;192483.0915531336;193182.2361819269;4.974577903747559;51.0472412109375;FS3856;Averbode Bos en Heide - Veerle;Laakdal;Veerle;Antwerpen;ObsMapp;J;Goedgekeurd op basis van bewijsmateriaal;1980-01-01;3;;3;Dagvlinders;Pieridae;2026-07-08;725;S;vrij algemeen
370185507;370185507;Gele luzernevlinder;Colias hyale;2025-08-24;8;2025-08-24;1;ter plaatse;gezien;imago;onbekend;178122.26771864237;209633.5657191733;4.771066024120019;51.195991838373466;FS2373;Vorselaar - Schupleer en omgeving;Vorselaar;Vorselaar;Antwerpen;Observation;J;Goedgekeurd op basis van bewijsmateriaal;1980-01-01;4;Cropje dabei;5;Dagvlinders;Pieridae;2026-07-08;725;S;vrij algemeen
370248765;370248765;Gele luzernevlinder;Colias hyale;2025-08-24;8;2025-08-25;3;ter plaatse;onbekend;imago;Man;210968.1492549986;207459.1529904995;5.240552611649036;51.17391204175846;FS5671;Balen - De Most;Balen;Balen;Antwerpen;ObsMapp;J;Goedgekeurd op basis van bewijsmateriaal;1980-01-01;3;;5;Dagvlinders;Pieridae;2026-07-08;725;S;vrij algemeen
252958700;252958700;Gele luzernevlinder;Colias hyale;2022-08-21;8;2022-08-21;1;ter plaatse;onbekend;imago;onbekend;162822.81440776004;200693.8808809435;4.55188131332397;51.1161804199219;FS0863;Beneden Netevallei - Anderstad;Lier;Lier;Antwerpen;ObsMapp;J;Goedgekeurd op basis van kennisregels - nabijheid;2007-01-01;3;;3;Dagvlinders;Pieridae;2026-07-08;725;S;vrij algemeen
255290409;255290409;Gele luzernevlinder;Colias hyale;2022-09-21;9;2022-09-22;1;ter plaatse;onbekend;imago;onbekend;154488.55960131594;195303.64454286173;4.43279097222222;51.0678539722222;FS0058;Walem - Grote Vijver;Mechelen;Walem;Antwerpen;ObsMapp;J;Goedgekeurd op basis van bewijsmateriaal;2007-01-01;3;;999;Dagvlinders;Pieridae;2026-07-08;725;S;vrij algemeen
255290422;255290422;Gele luzernevlinder;Colias hyale;2022-09-21;9;2022-09-22;1;ter plaatse;onbekend;imago;onbekend;154467.2229440556;195300.43818738312;4.43248653411865;51.0678253173828;FS0058;Mechelen - GGG Battenbroek - Grote Vijver Noord;Mechelen;Walem;Antwerpen;ObsMapp;J;Goedgekeurd op basis van kennisregels - nabijheid;2007-01-01;3;;3;Dagvlinders;Pieridae;2026-07-08;725;S;vrij algemeen
254687918;254687918;Gele luzernevlinder;Colias hyale;2022-09-12;9;2022-09-12;2;ter plaatse;gezien;imago;onbekend;190552.21513631605;183100.0465722708;4.94592523574829;50.9567527770996;FS3646;  ;Bekkevoort;Bekkevoort;Vlaams-Brabant;ObsMapp;J;Goedgekeurd op basis van kennisregels - nabijheid;2007-01-01;3;;3;Dagvlinders;Pieridae;2026-07-08;725;S;vrij algemeen
365024106;365024106;Gele luzernevlinder;Colias hyale;2025-07-25;7;2025-07-25;1;foeragerend;gezien;imago;onbekend;185864.76166063064;186747.90918664355;4.87956952303648;50.98985226047724;FS3150;Langdorp - Achter Schoonhoven;Aarschot;Rillaar;Vlaams-Brabant;ObsMapp;J;Goedgekeurd op basis van kennisregels - nabijheid;1980-01-01;3;;5;Dagvlinders;Pieridae;2026-07-08;725;S;vrij algemeen
369732342;369732342;Gele luzernevlinder;Colias hyale;2025-08-21;8;2025-08-21;1;ter plaatse;gezien;imago;onbekend;228110.81641276547;186466.6192370383;5.481146812438965;50.98316955566406;FS7450;Genk - Terril Winterslag;Genk;Genk;Limburg;ObsMapp;J;Goedgekeurd op basis van bewijsmateriaal;1980-01-01;3;;3;Dagvlinders;Pieridae;2026-07-08;725;S;vrij algemeen
270662961;270662961;Gele luzernevlinder;Colias hyale;2023-05-06;5;2023-05-06;1;ter plaatse;onbekend;imago;onbekend;170286.16110349068;208046.15561814327;4.658877372741699;51.18205261230469;FS1571;Kleine Netevallei - Viersels Gebroekt;Zandhoven;Pulle;Antwerpen;ObsMapp;J;Goedgekeurd op basis van bewijsmateriaal;1980-01-01;3;;3;Dagvlinders;Pieridae;2026-07-08;725;S;vrij algemeen
254687927;254687927;Gele luzernevlinder;Colias hyale;2022-09-12;9;2022-09-12;1;foeragerend;gezien;imago;Man;190565.09645856105;183067.8942402443;4.94610500335693;50.9564628601074;FS3646;  ;Bekkevoort;Bekkevoort;Vlaams-Brabant;ObsMapp;J;Goedgekeurd op basis van kennisregels - nabijheid;2007-01-01;3;;4;Dagvlinders;Pieridae;2026-07-08;725;S;vrij algemeen
365024164;365024164;Gele luzernevlinder;Colias hyale;2025-07-25;7;2025-07-25;1;ter plaatse;gezien;imago;onbekend;185931.4368071909;186572.82054838075;4.880501925945282;50.9882742707665;FS3150;Langdorp - Achter Schoonhoven;Aarschot;Rillaar;Vlaams-Brabant;ObsMapp;J;Goedgekeurd op basis van kennisregels - nabijheid;1980-01-01;3;;5;Dagvlinders;Pieridae;2026-07-08;725;S;vrij algemeen
254687937;254687937;Gele luzernevlinder;Colias hyale;2022-09-12;9;2022-09-12;3;foeragerend;gezien;imago;onbekend;190639.87386726693;183038.3461869182;4.94716596603394;50.9561920166016;FS3646;  ;Bekkevoort;Bekkevoort;Vlaams-Brabant;ObsMapp;J;Goedgekeurd op basis van kennisregels - nabijheid;2007-01-01;3;;16;Dagvlinders;Pieridae;2026-07-08;725;S;vrij algemeen
289410378;289410378;Gele luzernevlinder;Colias hyale;2023-10-01;10;2023-10-01;3;ter plaatse;gezien;imago;onbekend;187151.88078941545;187427.5252497876;4.897970199584961;50.995880126953125;FS3351;Rillaar - Broek onder Rommelaar;Aarschot;Rillaar;Vlaams-Brabant;ObsMapp;J;Goedgekeurd op basis van kennisregels - nabijheid;1980-01-01;3;;6;Dagvlinders;Pieridae;2026-07-08;725;S;vrij algemeen
371904825;371904825;Gele luzernevlinder;Colias hyale;2025-09-06;9;2025-09-06;1;ter plaatse;onbekend;imago;onbekend;242102.43075094584;201347.34327921737;5.684121608734131;51.1148567199707;FS8766;  ;Maaseik;Neeroeteren;Limburg;ObsMapp;J;Goedgekeurd op basis van bewijsmateriaal;1980-01-01;4;;1;Dagvlinders;Pieridae;2026-07-08;725;S;vrij algemeen
287539276;287539276;Gele luzernevlinder;Colias hyale;2023-09-10;9;2023-09-10;2;ter plaatse;onbekend;imago;onbekend;164775.67634288792;187605.7126126485;4.5792388916015625;50.99848556518555;FS1050;Rijmenam - Dijlevallei;Bonheiden;Rijmenam;Antwerpen;ObsMapp;J;Goedgekeurd op basis van kennisregels - nabijheid;1980-01-01;3;;3;Dagvlinders;Pieridae;2026-07-08;725;S;vrij algemeen
288083293;288083293;Gele luzernevlinder;Colias hyale;2023-09-09;9;2023-09-16;4;ter plaatse;onbekend;onbekend;onbekend;139348.1038360687;217069.70744499285;4.216155052185059;51.26342010498047;ES8479;Verrebroek - Verrebroekse Plassen (VEPL);Beveren;Kallo;Oost-Vlaanderen;ObsMapp;J;Goedgekeurd op basis van expertoordeel;1980-01-01;3;;3;Dagvlinders;Pieridae;2026-07-08;725;S;vrij algemeen
287427507;287427507;Gele luzernevlinder;Colias hyale;2023-09-09;9;2023-09-09;1;ter plaatse;onbekend;imago;onbekend;139168.39166758815;216040.5725581674;4.213611111111112;51.25416666666667;ES8478;Verrebroek - Verrebroekse Plassen (VEPL);Beveren;Verrebroek;Oost-Vlaanderen;ObsIdentify;J;Goedgekeurd op basis van bewijsmateriaal;1980-01-01;4;;999;Dagvlinders;Pieridae;2026-07-08;725;S;vrij algemeen
370680410;370680410;Gele luzernevlinder;Colias hyale;2025-08-27;8;2025-08-27;3;ter plaatse;gezien;imago;onbekend;227686.43904799127;186635.8884419473;5.47514000000001;50.984748;FS7351;Genk - Terril Winterslag;Genk;Genk;Limburg;Site;J;Goedgekeurd op basis van kennisregels - nabijheid;1980-01-01;3;;60;Dagvlinders;Pieridae;2026-07-08;725;S;vrij algemeen
360746801;360746801;Gele luzernevlinder;Colias hyale;2025-07-04;7;2025-07-04;1;ter plaatse;onbekend;imago;onbekend;189343.25292818013;197962.51360020132;4.9303207;51.09043139972223;FS3561;  ;Westerlo;Westerlo;Antwerpen;Observation;J;Goedgekeurd op basis van bewijsmateriaal;1980-01-01;4;;999;Dagvlinders;Pieridae;2026-07-08;725;S;vrij algemeen
369732355;369732355;Gele luzernevlinder;Colias hyale;2025-08-21;8;2025-08-21;1;ter plaatse;gezien;imago;onbekend;228205.7176548016;186482.47292002384;5.48250150680542;50.98329925537109;FS7450;Genk - Terril Winterslag;Genk;Genk;Limburg;ObsMapp;J;Goedgekeurd op basis van bewijsmateriaal;1980-01-01;3;;3;Dagvlinders;Pieridae;2026-07-08;725;S;vrij algemeen
371492260;371492260;Gele luzernevlinder;Colias hyale;2025-09-02;9;2025-09-03;1;ter plaatse;gezien;imago;onbekend;225902.3059211495;195024.18679505587;5.451477527618408;51.06037902832031;FS7159;Houthalen-Helchteren Meeuwen-Gruitrode en Peer - N2000;Peer;Peer;Limburg;ObsMapp;J;Goedgekeurd op basis van kennisregels - nabijheid;1980-01-01;3;;3;Dagvlinders;Pieridae;2026-07-08;725;S;vrij algemeen
252939094;252939094;Gele luzernevlinder;Colias hyale;2022-08-21;8;2022-08-21;1;foeragerend;gezien;imago;onbekend;190590.10155107395;188094.01280642676;4.94701862335205;51.0016403198242;FS3651;Testelt - Kerkendijk-Melkbroek;Scherpenheuvel-Zichem;Messelbroek;Vlaams-Brabant;ObsMapp;J;Goedgekeurd op basis van bewijsmateriaal;2007-01-01;4;;5;Dagvlinders;Pieridae;2026-07-08;725;S;vrij algemeen
327739214;327739214;Gele luzernevlinder;Colias hyale;2024-09-11;9;2024-09-11;1;ter plaatse;gezien;imago;onbekend;229445.75191518792;204187.61846918703;5.504015525;51.14226199722222;FS7568;  ;Peer;Grote-Brogel;Limburg;ObsMapp;J;Goedgekeurd op basis van bewijsmateriaal;1980-01-01;3;;999;Dagvlinders;Pieridae;2026-07-08;725;S;vrij algemeen
287539280;287539280;Gele luzernevlinder;Colias hyale;2023-09-10;9;2023-09-10;1;ter plaatse;onbekend;imago;onbekend;164791.2141670223;187546.3983953325;4.579457826912403;50.99795198822399;FS1050;Boortmeerbeek - Pikhakendonk - Meanders;Bonheiden;Rijmenam;Antwerpen;ObsMapp;J;Goedgekeurd op basis van kennisregels - nabijheid;1980-01-01;3;;5;Dagvlinders;Pieridae;2026-07-08;725;S;vrij algemeen
254687948;254687948;Gele luzernevlinder;Colias hyale;2022-09-12;9;2022-09-12;3;foeragerend;gezien;imago;onbekend;190808.24230527997;183020.140708399;4.94956016540527;50.9560165405273;FS3646;  ;Bekkevoort;Bekkevoort;Vlaams-Brabant;ObsMapp;J;Goedgekeurd op basis van kennisregels - nabijheid;2007-01-01;3;;3;Dagvlinders;Pieridae;2026-07-08;725;S;vrij algemeen
365024047;365024047;Gele luzernevlinder;Colias hyale;2025-07-25;7;2025-07-25;1;ter plaatse;gezien;imago;onbekend;185877.88806617472;186563.04263401404;4.8797383308410645;50.988189697265625;FS3150;Langdorp - Achter Schoonhoven;Aarschot;Rillaar;Vlaams-Brabant;ObsMapp;J;Goedgekeurd op basis van expertoordeel;1980-01-01;3;;1;Dagvlinders;Pieridae;2026-07-08;725;S;vrij algemeen
254687945;254687945;Gele luzernevlinder;Colias hyale;2022-09-12;9;2022-09-12;3;foeragerend;gezien;imago;onbekend;190800.8983306785;183016.688190097;4.94945526123047;50.9559860229492;FS3646;  ;Bekkevoort;Bekkevoort;Vlaams-Brabant;ObsMapp;J;Goedgekeurd op basis van kennisregels - nabijheid;2007-01-01;3;;3;Dagvlinders;Pieridae;2026-07-08;725;S;vrij algemeen
289295603;289295603;Gele luzernevlinder;Colias hyale;2023-09-27;9;2023-09-30;1;foeragerend;onbekend;imago;onbekend;164689.39487050034;187589.3418754712;4.578009128570557;50.99834060668945;FS1050;Rijmenam - Dijle;Bonheiden;Rijmenam;Antwerpen;ObsMapp;J;Goedgekeurd op basis van kennisregels - nabijheid;1980-01-01;3;;4;Dagvlinders;Pieridae;2026-07-08;725;S;vrij algemeen
393795363;393795363;Gele luzernevlinder;Colias hyale;2026-04-22;4;2026-04-22;1;ter plaatse;onbekend;imago;onbekend;139110.766292771;219455.91325722265;4.212683333333334;51.28486333333333;ES8482;Kieldrecht - Putten West (PUWS);Beveren;Kieldrecht;Oost-Vlaanderen;ObsIdentify;J;Goedgekeurd op basis van bewijsmateriaal;1980-01-01;4;;5;Dagvlinders;Pieridae;2026-07-08;725;S;vrij algemeen
288069725;288069725;Gele luzernevlinder;Colias hyale;2023-09-16;9;2023-09-16;1;foeragerend;onbekend;imago;onbekend;195870.69286890636;186952.9778550481;5.022101402282715;50.990989685058594;FS4150;Diest/Zichem - Molenstedebroek;Diest;Molenstede;Vlaams-Brabant;ObsMapp;J;Goedgekeurd op basis van bewijsmateriaal;1980-01-01;4;;3;Dagvlinders;Pieridae;2026-07-08;725;S;vrij algemeen
371150586;371150586;Gele luzernevlinder;Colias hyale;2025-08-31;8;2025-08-31;1;ter plaatse;onbekend;imago;Man;184028.89239700843;208607.08159944692;4.855465888977051;51.18644714355469;FS2972;Herentals - Langendonk;Herentals;Herentals;Antwerpen;ObsMapp;J;Goedgekeurd op basis van bewijsmateriaal;1980-01-01;3;;2;Dagvlinders;Pieridae;2026-07-08;725;S;vrij algemeen
370418128;370418128;Gele luzernevlinder;Colias hyale;2025-08-26;8;2025-08-26;1;ter plaatse;gezien;imago;Man;225555.16170587356;205923.6902475264;5.448789094444445;51.15838714444444;FS7170;Kleine Brogel - Schabroeken;Peer;Kleine-Brogel;Limburg;ObsMapp;J;Goedgekeurd op basis van bewijsmateriaal;1980-01-01;3;;999;Dagvlinders;Pieridae;2026-07-08;725;S;vrij algemeen
374426445;374426445;Gele luzernevlinder;Colias hyale;2025-09-28;9;2025-09-28;1;ter plaatse;onbekend;imago;onbekend;197371.00421731945;189630.2876144433;5.043816566467285;51.01493453979492;FS4353;Molenstede - Dassenaarde;Diest;Molenstede;Vlaams-Brabant;ObsMapp;J;Goedgekeurd op basis van bewijsmateriaal;1980-01-01;4;;3;Dagvlinders;Pieridae;2026-07-08;725;S;vrij algemeen
281276083;281276083;Gele luzernevlinder;Colias hyale;2023-07-20;7;2023-07-20;1;ter plaatse;onbekend;imago;onbekend;199966.68634902764;213460.812179368;5.084078788757324;51.228912353515625;FS4577;Dessel - Steenhei/Terreinen Niras;Dessel;Dessel;Antwerpen;ObsMapp;J;Goedgekeurd op basis van bewijsmateriaal;1980-01-01;3;;3;Dagvlinders;Pieridae;2026-07-08;725;S;vrij algemeen
371424550;371424550;Gele luzernevlinder;Colias hyale;2025-09-02;9;2025-09-02;1;ter plaatse;onbekend;imago;onbekend;210955.393873231;207476.40525574703;5.240373134613037;51.17406845092773;FS5671;Balen - De Most;Balen;Balen;Antwerpen;ObsMapp;J;Goedgekeurd op basis van kennisregels - nabijheid;1980-01-01;3;;1;Dagvlinders;Pieridae;2026-07-08;725;S;vrij algemeen
365069366;365069366;Gele luzernevlinder;Colias hyale;2025-07-25;7;2025-07-26;3;ter plaatse;gezien;imago;onbekend;203830.76322809188;175328.06377498247;5.133763790130615;50.88581085205078;FS5039;Aronst Hoek - zuid;Geetbets;Grazen;Vlaams-Brabant;ObsMapp;J;Goedgekeurd op basis van expertoordeel;1980-01-01;3;;3;Dagvlinders;Pieridae;2026-07-08;725;S;vrij algemeen
255445074;255445074;Gele luzernevlinder;Colias hyale;2022-09-25;9;2022-09-25;1;ter plaatse;onbekend;imago;onbekend;146852.08757149387;206976.2510431977;4.3237461;51.1727853;ES9269;Kruibeke - Kruibeke Polder (KRPO);Kruibeke;Kruibeke;Oost-Vlaanderen;ObsIdentify;J;Goedgekeurd op basis van kennisregels - automatische beeldherkenning (NIA);1980-01-01;3;;4;Dagvlinders;Pieridae;2026-07-08;725;S;vrij algemeen
366637162;366637162;Gele luzernevlinder;Colias hyale;2025-08-03;8;2025-08-03;1;ter plaatse;gezien;imago;Man;228925.11839326157;196148.91656654887;5.494833946228027;51.07008361816406;FS7460;Abeekvallei;Meeuwen-Gruitrode;Meeuwen;Limburg;ObsMapp;J;Goedgekeurd op basis van bewijsmateriaal;1980-01-01;3;;8;Dagvlinders;Pieridae;2026-07-08;725;S;vrij algemeen
253099259;253099259;Gele luzernevlinder;Colias hyale;2022-08-23;8;2022-08-23;1;ter plaatse;onbekend;imago;onbekend;203679.2356213792;176658.2001552293;5.13180494308472;50.8977813720703;FS4940;Aronst Hoek - zuid;Geetbets;Rummen;Vlaams-Brabant;ObsMapp;J;Goedgekeurd op basis van bewijsmateriaal;2007-01-01;3;;3;Dagvlinders;Pieridae;2026-07-08;725;S;vrij algemeen
372311592;372311592;Gele luzernevlinder;Colias hyale;2025-09-08;9;2025-09-09;1;ter plaatse;onbekend;imago;onbekend;186900.8646389989;231359.37646537836;4.898868083953857;51.39076614379883;FS3294;Merksplas - Merkske - Moer;Merksplas;Merksplas;Antwerpen;ObsMapp;J;Goedgekeurd op basis van kennisregels - nabijheid;1980-01-01;3;;5;Dagvlinders;Pieridae;2026-07-08;725;S;vrij algemeen
370145704;370145704;Gele luzernevlinder;Colias hyale;2025-08-24;8;2025-08-24;1;ter plaatse;gezien;imago;onbekend;210906.04129068417;207476.371324976;5.239667488833371;51.174073355144;FS5671;Balen - De Most;Balen;Balen;Antwerpen;iObs;J;Goedgekeurd op basis van kennisregels - nabijheid;1980-01-01;3;;37;Dagvlinders;Pieridae;2026-07-08;725;S;vrij algemeen
254127013;254127013;Gele luzernevlinder;Colias hyale;2022-09-04;9;2022-09-04;1;foeragerend;gezien;imago;onbekend;187210.61927194128;187443.2224292662;4.89880847930908;50.9960174560547;FS3351;Rillaar - Broek onder Rommelaar;Aarschot;Rillaar;Vlaams-Brabant;ObsMapp;J;Goedgekeurd op basis van kennisregels - nabijheid;2007-01-01;4;;6;Dagvlinders;Pieridae;2026-07-08;725;S;vrij algemeen
359774042;359774042;Gele luzernevlinder;Colias hyale;2025-06-29;6;2025-06-29;1;foeragerend;gezien;imago;onbekend;195316.93509239596;186849.24810228404;5.014201641082764;50.9901008605957;FS4150;Diest/Zichem - Molenstedebroek;Diest;Molenstede;Vlaams-Brabant;ObsMapp;J;Goedgekeurd op basis van kennisregels - nabijheid;1980-01-01;3;nadien ook op Jakobskruiskruid.;1;Dagvlinders;Pieridae;2026-07-08;725;S;vrij algemeen
365024227;365024227;Gele luzernevlinder;Colias hyale;2025-07-25;7;2025-07-25;1;ter plaatse;gezien;imago;onbekend;186099.5097215933;186402.4622326158;4.88287878036499;50.98673248291016;FS3250;Rillaar - Rommelaar;Aarschot;Rillaar;Vlaams-Brabant;ObsMapp;J;Goedgekeurd op basis van expertoordeel;1980-01-01;3;;1;Dagvlinders;Pieridae;2026-07-08;725;S;vrij algemeen
289292464;289292464;Gele luzernevlinder;Colias hyale;2023-09-30;9;2023-09-30;1;ter plaatse;onbekend;imago;onbekend;162790.7013582515;200704.4111739993;4.551423072814941;51.11627578735352;FS0863;Beneden Netevallei - Nete t.h.v. Anderstad;Lier;Lier;Antwerpen;ObsMapp;J;Goedgekeurd op basis van kennisregels - nabijheid;1980-01-01;3;;3;Dagvlinders;Pieridae;2026-07-08;725;S;vrij algemeen
255298855;255298855;Gele luzernevlinder;Colias hyale;2022-09-22;9;2022-09-22;2;foeragerend;gezien;imago;onbekend;190536.64743852813;183130.0983639928;4.945707;50.957024;FS3646;  ;Bekkevoort;Bekkevoort;Vlaams-Brabant;ObsMapp;J;Goedgekeurd op basis van bewijsmateriaal;2007-01-01;3;;4;Dagvlinders;Pieridae;2026-07-08;725;S;vrij algemeen
255298852;255298852;Gele luzernevlinder;Colias hyale;2022-09-22;9;2022-09-22;1;foeragerend;gezien;imago;onbekend;190536.73154318664;183128.31905512977;4.945708;50.957008;FS3646;  ;Bekkevoort;Bekkevoort;Vlaams-Brabant;ObsMapp;J;Goedgekeurd op basis van bewijsmateriaal;2007-01-01;3;;3;Dagvlinders;Pieridae;2026-07-08;725;S;vrij algemeen
255298847;255298847;Gele luzernevlinder;Colias hyale;2022-09-22;9;2022-09-22;8;foeragerend;gezien;imago;onbekend;190554.77098562528;183094.52887607735;4.945961;50.956703;FS3646;  ;Bekkevoort;Bekkevoort;Vlaams-Brabant;ObsMapp;J;Goedgekeurd op basis van bewijsmateriaal;2007-01-01;3;;4;Dagvlinders;Pieridae;2026-07-08;725;S;vrij algemeen
255298843;255298843;Gele luzernevlinder;Colias hyale;2022-09-22;9;2022-09-22;2;foeragerend;gezien;imago;onbekend;190568.3414751952;183055.6125924699;4.9461498260498;50.9563522338867;FS3646;  ;Bekkevoort;Bekkevoort;Vlaams-Brabant;ObsMapp;J;Goedgekeurd op basis van kennisregels - nabijheid;2007-01-01;3;;2;Dagvlinders;Pieridae;2026-07-08;725;S;vrij algemeen
253994283;253994283;Gele luzernevlinder;Colias hyale;2022-09-03;9;2022-09-03;1;ter plaatse;onbekend;imago;Vrouw;154307.19532637604;195214.57730147892;4.43020248413086;51.0670547485352;FS0058;Mechelen - GGG Battenbroek - Grote Vijver Noord;Mechelen;Walem;Antwerpen;ObsMapp;J;Goedgekeurd op basis van kennisregels - nabijheid;2007-01-01;3;;3;Dagvlinders;Pieridae;2026-07-08;725;S;vrij algemeen
253703531;253703531;Gele luzernevlinder;Colias hyale;2022-08-30;8;2022-08-30;1;ter plaatse;gezien;imago;onbekend;190563.7634451177;183071.27887305152;4.94608640670776;50.9564933776855;FS3646;  ;Bekkevoort;Bekkevoort;Vlaams-Brabant;ObsMapp;J;Goedgekeurd op basis van kennisregels - nabijheid;2007-01-01;3;;5;Dagvlinders;Pieridae;2026-07-08;725;S;vrij algemeen
253703517;253703517;Gele luzernevlinder;Colias hyale;2022-08-30;8;2022-08-30;1;ter plaatse;gezien;imago;onbekend;190581.55674206777;183105.36751684453;4.94634342193604;50.9567985534668;FS3646;  ;Bekkevoort;Bekkevoort;Vlaams-Brabant;ObsMapp;J;Goedgekeurd op basis van kennisregels - nabijheid;2007-01-01;3;;3;Dagvlinders;Pieridae;2026-07-08;725;S;vrij algemeen
253933999;253933999;Gele luzernevlinder;Colias hyale;2022-09-02;9;2022-09-02;2;foeragerend;gezien;imago;Man;186953.4266783549;187292.0089126192;4.89512968063354;50.9946746826172;FS3250;Langdorp - Demerdonken;Aarschot;Langdorp;Vlaams-Brabant;ObsMapp;J;Goedgekeurd op basis van kennisregels - nabijheid;2007-01-01;3;;3;Dagvlinders;Pieridae;2026-07-08;725;S;vrij algemeen
253703515;253703515;Gele luzernevlinder;Colias hyale;2022-08-30;8;2022-08-30;1;ter plaatse;gezien;imago;onbekend;190587.1176212123;183101.1670649853;4.94642210006714;50.9567604064941;FS3646;  ;Bekkevoort;Bekkevoort;Vlaams-Brabant;ObsMapp;J;Goedgekeurd op basis van kennisregels - nabijheid;2007-01-01;3;;3;Dagvlinders;Pieridae;2026-07-08;725;S;vrij algemeen
370248777;370248777;Gele luzernevlinder;Colias hyale;2025-08-24;8;2025-08-25;3;ter plaatse;onbekend;imago;Man;210824.3009383212;207134.47866808623;5.238441467285156;51.1710090637207;FS5671;Balen - De Most;Balen;Balen;Antwerpen;ObsMapp;J;Goedgekeurd op basis van kennisregels - nabijheid;1980-01-01;3;;2;Dagvlinders;Pieridae;2026-07-08;725;S;vrij algemeen
253703510;253703510;Gele luzernevlinder;Colias hyale;2022-08-30;8;2022-08-30;2;ter plaatse;gezien;imago;onbekend;190592.6258094072;183073.62551387027;4.94649744033813;50.9565124511719;FS3646;  ;Bekkevoort;Bekkevoort;Vlaams-Brabant;ObsMapp;J;Goedgekeurd op basis van kennisregels - nabijheid;2007-01-01;3;;3;Dagvlinders;Pieridae;2026-07-08;725;S;vrij algemeen
253933922;253933922;Gele luzernevlinder;Colias hyale;2022-09-02;9;2022-09-02;1;ter plaatse;gezien;imago;onbekend;186903.2613292912;187091.34616068008;4.89439487457275;50.9928741455078;FS3250;Rillaar - Broek onder Rommelaar;Aarschot;Rillaar;Vlaams-Brabant;ObsMapp;J;Goedgekeurd op basis van kennisregels - nabijheid;2007-01-01;3;;4;Dagvlinders;Pieridae;2026-07-08;725;S;vrij algemeen
367723551;367723551;Gele luzernevlinder;Colias hyale;2025-08-09;8;2025-08-09;1;ter plaatse;gezien;imago;onbekend;185879.1216812443;186588.0894198753;4.879758358001709;50.9884147644043;FS3150;Langdorp - Achter Schoonhoven;Aarschot;Rillaar;Vlaams-Brabant;ObsMapp;J;Goedgekeurd op basis van kennisregels - nabijheid;1980-01-01;3;;1;Dagvlinders;Pieridae;2026-07-08;725;S;vrij algemeen
367723727;367723727;Gele luzernevlinder;Colias hyale;2025-08-09;8;2025-08-09;2;foeragerend;gezien;imago;onbekend;186098.92683942025;186370.6298712837;4.882867336273193;50.986446380615234;FS3250;Rillaar - Rommelaar;Aarschot;Rillaar;Vlaams-Brabant;ObsMapp;J;Goedgekeurd op basis van bewijsmateriaal;1980-01-01;3;;5;Dagvlinders;Pieridae;2026-07-08;725;S;vrij algemeen
287724324;287724324;Gele luzernevlinder;Colias hyale;2023-09-12;9;2023-09-12;1;ter plaatse;gezien;imago;Vrouw;225884.00235313232;195064.23992757592;5.4512248039245605;51.06074142456055;FS7159;  ;Peer;Peer;Limburg;ObsMapp;J;Goedgekeurd op basis van bewijsmateriaal;1980-01-01;3;;3;Dagvlinders;Pieridae;2026-07-08;725;S;vrij algemeen
370248793;370248793;Gele luzernevlinder;Colias hyale;2025-08-24;8;2025-08-25;1;ter plaatse;onbekend;imago;Man;210778.82822339892;207272.308013984;5.237814426422119;51.1722526550293;FS5671;Balen - De Most;Balen;Balen;Antwerpen;ObsMapp;J;Goedgekeurd op basis van kennisregels - nabijheid;1980-01-01;3;;3;Dagvlinders;Pieridae;2026-07-08;725;S;vrij algemeen
254688075;254688075;Gele luzernevlinder;Colias hyale;2022-09-12;9;2022-09-12;2;foeragerend;gezien;imago;onbekend;192032.6285504976;182334.87315565252;4.96690694242716;50.9497692282669;FS3846;  ;Bekkevoort;Bekkevoort;Vlaams-Brabant;ObsMapp;J;Goedgekeurd op basis van bewijsmateriaal;2007-01-01;3;;5;Dagvlinders;Pieridae;2026-07-08;725;S;vrij algemeen
362290391;362290391;Gele luzernevlinder;Colias hyale;2025-07-11;7;2025-07-11;1;foeragerend;gezien;imago;onbekend;190578.94439508973;188112.59864932112;4.946861743927002;51.00180816650391;FS3651;Testelt - Kerkendijk-Melkbroek;Scherpenheuvel-Zichem;Messelbroek;Vlaams-Brabant;ObsMapp;J;Goedgekeurd op basis van bewijsmateriaal;1980-01-01;3;;1;Dagvlinders;Pieridae;2026-07-08;725;S;vrij algemeen
363493259;363493259;Gele luzernevlinder;Colias hyale;2025-07-17;7;2025-07-17;1;ter plaatse;gezien;imago;onbekend;186097.4193248913;186443.18799379747;4.882853031158447;50.987098693847656;FS3250;Rillaar - Rommelaar;Aarschot;Rillaar;Vlaams-Brabant;ObsMapp;J;Goedgekeurd op basis van expertoordeel;1980-01-01;3;;1;Dagvlinders;Pieridae;2026-07-08;725;S;vrij algemeen
254687940;254687940;Gele luzernevlinder;Colias hyale;2022-09-12;9;2022-09-12;3;foeragerend;gezien;imago;onbekend;190706.48920520907;183028.68111873977;4.94811296463013;50.9561004638672;FS3646;  ;Bekkevoort;Bekkevoort;Vlaams-Brabant;ObsMapp;J;Goedgekeurd op basis van kennisregels - nabijheid;2007-01-01;3;;16;Dagvlinders;Pieridae;2026-07-08;725;S;vrij algemeen
375632126;375632126;Gele luzernevlinder;Colias hyale;2025-10-10;10;2025-10-10;1;ter plaatse;gezien;imago;onbekend;229764.5046323684;205354.14545847665;5.508825778961182;51.15270233154297;FS7569;  ;Peer;Grote-Brogel;Limburg;ObsMapp;J;Goedgekeurd op basis van bewijsmateriaal;1980-01-01;3;;3;Dagvlinders;Pieridae;2026-07-08;725;S;vrij algemeen
363493198;363493198;Gele luzernevlinder;Colias hyale;2025-07-17;7;2025-07-17;3;ter plaatse;gezien;imago;onbekend;185878.17476293573;186565.16649811063;4.879742622375488;50.98820877075195;FS3150;Langdorp - Achter Schoonhoven;Aarschot;Rillaar;Vlaams-Brabant;ObsMapp;J;Goedgekeurd op basis van expertoordeel;1980-01-01;3;;2;Dagvlinders;Pieridae;2026-07-08;725;S;vrij algemeen
363493075;363493075;Gele luzernevlinder;Colias hyale;2025-07-17;7;2025-07-17;2;foeragerend;gezien;imago;onbekend;185909.3993136331;186576.8399578184;4.880188465118408;50.988311767578125;FS3150;Langdorp - Achter Schoonhoven;Aarschot;Rillaar;Vlaams-Brabant;ObsMapp;J;Goedgekeurd op basis van expertoordeel;1980-01-01;3;;1;Dagvlinders;Pieridae;2026-07-08;725;S;vrij algemeen
363117428;363117428;Gele luzernevlinder;Colias hyale;2025-07-15;7;2025-07-15;1;ter plaatse;gezien;imago;Man;189181.00152965717;188062.84612046275;4.926941394805908;51.00145721435547;FS3551;Messelbroek - Keet;Scherpenheuvel-Zichem;Messelbroek;Vlaams-Brabant;ObsMapp;J;Goedgekeurd op basis van kennisregels - nabijheid;1980-01-01;3;;2;Dagvlinders;Pieridae;2026-07-08;725;S;vrij algemeen
370108395;370108395;Gele luzernevlinder;Colias hyale;2025-08-24;8;2025-08-24;1;ter plaatse;onbekend;imago;onbekend;236676.1744911572;192788.67505952343;5.6046057;51.0387737;FS8257;Opglabbeek - Vallei van de Bosbeek;Opglabbeek;Opglabbeek;Limburg;ObsIdentify;J;Goedgekeurd op basis van bewijsmateriaal;1980-01-01;3;;7;Dagvlinders;Pieridae;2026-07-08;725;S;vrij algemeen
362290050;362290050;Gele luzernevlinder;Colias hyale;2025-07-11;7;2025-07-11;1;ter plaatse;gezien;imago;onbekend;189501.1521524525;188386.098306682;4.93153715133667;51.00434112548828;FS3552;Messelbroek - Keet;Scherpenheuvel-Zichem;Messelbroek;Vlaams-Brabant;ObsMapp;J;Goedgekeurd op basis van kennisregels - nabijheid;1980-01-01;3;;1;Dagvlinders;Pieridae;2026-07-08;725;S;vrij algemeen
254687943;254687943;Gele luzernevlinder;Colias hyale;2022-09-12;9;2022-09-12;5;foeragerend;gezien;imago;onbekend;190759.3186592154;183021.03093054425;4.9488639831543;50.9560279846191;FS3646;  ;Bekkevoort;Bekkevoort;Vlaams-Brabant;ObsMapp;J;Goedgekeurd op basis van kennisregels - nabijheid;2007-01-01;3;;16;Dagvlinders;Pieridae;2026-07-08;725;S;vrij algemeen
287906398;287906398;Gele luzernevlinder;Colias hyale;2023-09-14;9;2023-09-14;1;ter plaatse;gezien;imago;onbekend;217070.8385215508;194101.09747891687;5.325344562530518;51.05317306518555;FS6258;Heusden - Zolder Terril Lindeman ;Heusden-Zolder;Heusden;Limburg;ObsMapp;J;Goedgekeurd op basis van kennisregels - nabijheid;1980-01-01;3;;6;Dagvlinders;Pieridae;2026-07-08;725;S;vrij algemeen
372123335;372123335;Gele luzernevlinder;Colias hyale;2025-08-18;8;2025-09-08;1;ter plaatse;onbekend;imago;Vrouw;227673.90764967023;186716.56667381525;5.474978685379028;50.98547482680784;FS7351;Genk - Terril Winterslag;Genk;Genk;Limburg;Site;J;Goedgekeurd op basis van bewijsmateriaal;1980-01-01;3;;15;Dagvlinders;Pieridae;2026-07-08;725;S;vrij algemeen
370717258;370717258;Gele luzernevlinder;Colias hyale;2025-08-27;8;2025-08-28;1;ter plaatse;gezien;imago;onbekend;190712.01244944645;188499.8258723542;4.948800563812256;51.005279541015625;FS3652;Testelt - Kerkendijk-Melkbroek;Scherpenheuvel-Zichem;Testelt;Vlaams-Brabant;ObsMapp;J;Goedgekeurd op basis van kennisregels - nabijheid;1980-01-01;3;;2;Dagvlinders;Pieridae;2026-07-08;725;S;vrij algemeen
286801268;286801268;Gele luzernevlinder;Colias hyale;2023-09-03;9;2023-09-03;1;ter plaatse;onbekend;imago;onbekend;205692.47292460487;183844.59311151505;5.161512596357896;50.962188675114;FS5147;Schulensbroek - Binnenbekken Oost;Herk-de-Stad;Schulen;Limburg;iObs;J;Goedgekeurd op basis van kennisregels - nabijheid;1980-01-01;3;;7;Dagvlinders;Pieridae;2026-07-08;725;S;vrij algemeen
371037526;371037526;Gele luzernevlinder;Colias hyale;2025-08-03;8;2025-08-30;1;ter plaatse;onbekend;imago;onbekend;197101.02175576787;226681.34173511437;5.04478120803833;51.34797668457031;FS4290;Landschap De Liereman - Brakeleer;Arendonk;Arendonk;Antwerpen;ObsMapp;J;Goedgekeurd op basis van bewijsmateriaal;2025-09-03;3;;3;Dagvlinders;Pieridae;2026-07-08;725;S;vrij algemeen
368516951;368516951;Gele luzernevlinder;Colias hyale;2025-08-14;8;2025-08-14;2;ter plaatse;gezien;imago;onbekend;226708.5906565276;195006.72923136505;5.462973594665527;51.06011581420898;FS7259;Houthalen-Helchteren Meeuwen-Gruitrode en Peer - N2000;Peer;Peer;Limburg;ObsMapp;J;Goedgekeurd op basis van kennisregels - nabijheid;1980-01-01;3;;5;Dagvlinders;Pieridae;2026-07-08;725;S;vrij algemeen
371365372;371365372;Gele luzernevlinder;Colias hyale;2025-09-01;9;2025-09-01;1;ter plaatse;gezien;imago;onbekend;231897.5978087218;205015.9685174646;5.539232730865479;51.14936447143555;FS7769;Abeekvallei Grote Brogel;Peer;Grote-Brogel;Limburg;ObsMapp;J;Goedgekeurd op basis van kennisregels - nabijheid;1980-01-01;3;;3;Dagvlinders;Pieridae;2026-07-08;725;S;vrij algemeen
370709719;370709719;Gele luzernevlinder;Colias hyale;2025-08-26;8;2025-08-27;1;ter plaatse;gezien;imago;onbekend;232111.20957448636;205023.58687643148;5.5422868728637695;51.1494026184082;FS7769;Abeekvallei Grote Brogel;Peer;Grote-Brogel;Limburg;ObsMapp;J;Goedgekeurd op basis van kennisregels - nabijheid;1980-01-01;3;;3;Dagvlinders;Pieridae;2026-07-08;725;S;vrij algemeen
254687959;254687959;Gele luzernevlinder;Colias hyale;2022-09-12;9;2022-09-12;1;foeragerend;gezien;imago;Man;190914.81327769236;183008.24509556775;4.95107555389404;50.9559020996094;FS3746;  ;Bekkevoort;Bekkevoort;Vlaams-Brabant;ObsMapp;J;Goedgekeurd op basis van kennisregels - nabijheid;2007-01-01;3;;3;Dagvlinders;Pieridae;2026-07-08;725;S;vrij algemeen
272771176;272771176;Gele luzernevlinder;Colias hyale;2023-05-21;5;2023-05-21;1;ter plaatse;onbekend;imago;Man;205991.10822497416;183864.3491299888;5.16576623916626;50.96233749389648;FS5247;Schulensbroek - Binnenbekken Oost;Herk-de-Stad;Schulen;Limburg;ObsMapp;J;Goedgekeurd op basis van kennisregels - nabijheid;1980-01-01;3;;4;Dagvlinders;Pieridae;2026-07-08;725;S;vrij algemeen
369415866;369415866;Gele luzernevlinder;Colias hyale;2025-08-19;8;2025-08-19;1;foeragerend;onbekend;imago;onbekend;194912.95518687463;187125.4172950387;5.008481979370117;50.99261474609375;FS4050;Diest/Zichem - Molenstedebroek;Diest;Molenstede;Vlaams-Brabant;ObsMapp;J;Goedgekeurd op basis van bewijsmateriaal;1980-01-01;4;;3;Dagvlinders;Pieridae;2026-07-08;725;S;vrij algemeen
287906368;287906368;Gele luzernevlinder;Colias hyale;2023-09-14;9;2023-09-14;1;ter plaatse;gezien;imago;onbekend;217040.98791912908;194092.6488774233;5.324917316436768;51.0531005859375;FS6258;Heusden - Zolder Terril Lindeman ;Heusden-Zolder;Heusden;Limburg;ObsMapp;J;Goedgekeurd op basis van bewijsmateriaal;1980-01-01;3;;3;Dagvlinders;Pieridae;2026-07-08;725;S;vrij algemeen
369123390;369123390;Gele luzernevlinder;Colias hyale;2025-08-17;8;2025-08-17;2;ter plaatse;onbekend;imago;onbekend;232129.5618139414;205024.4055139767;5.542549303723242;51.14940736705629;FS7769;Abeekvallei Grote Brogel;Peer;Grote-Brogel;Limburg;copied observation;J;Goedgekeurd op basis van bewijsmateriaal;1980-01-01;3;;15;Dagvlinders;Pieridae;2026-07-08;725;S;vrij algemeen
287208195;287208195;Gele luzernevlinder;Colias hyale;2023-09-07;9;2023-09-07;1;ter plaatse;gezien;imago;Man;230483.38704680416;200531.30053249747;5.518031597137451;51.109256744384766;FS7664;  ;Meeuwen-Gruitrode;Meeuwen;Limburg;ObsMapp;J;Goedgekeurd op basis van bewijsmateriaal;1980-01-01;3;;3;Dagvlinders;Pieridae;2026-07-08;725;S;vrij algemeen
372785525;372785525;Gele luzernevlinder;Colias hyale;2025-09-14;9;2025-09-14;1;ter plaatse;gezien;imago;onbekend;232098.71944838864;204981.809517866;5.542098954319954;51.14902891919608;FS7769;Abeekvallei Grote Brogel;Peer;Grote-Brogel;Limburg;ObsMapp;J;Goedgekeurd op basis van kennisregels - nabijheid;1980-01-01;3;;5;Dagvlinders;Pieridae;2026-07-08;725;S;vrij algemeen
370333367;370333367;Gele luzernevlinder;Colias hyale;2025-08-25;8;2025-08-25;1;ter plaatse;gezien;imago;onbekend;232128.96304943785;205038.2987903673;5.542543888092041;51.149532318115234;FS7769;Abeekvallei Grote Brogel;Peer;Grote-Brogel;Limburg;ObsMapp;J;Goedgekeurd op basis van kennisregels - nabijheid;1980-01-01;3;;3;Dagvlinders;Pieridae;2026-07-08;725;S;vrij algemeen
255497966;255497966;Gele luzernevlinder;Colias hyale;2022-09-25;9;2022-09-25;1;ter plaatse;onbekend;imago;onbekend;146850.11859238317;206969.98869773463;4.323718;51.172729;ES9269;Kruibeke - Kruibeke Polder (KRPO);Kruibeke;Kruibeke;Oost-Vlaanderen;ObsMapp;J;Goedgekeurd op basis van bewijsmateriaal;2007-01-01;4;;6;Dagvlinders;Pieridae;2026-07-08;725;S;vrij algemeen
256316207;256316207;Gele luzernevlinder;Colias hyale;2022-10-06;10;2022-10-06;4;foeragerend;gezien;imago;Man;190736.8558448776;183071.4674597653;4.94854990392923;50.9564829349846;FS3646;  ;Bekkevoort;Bekkevoort;Vlaams-Brabant;ObsMapp;J;Goedgekeurd op basis van kennisregels - nabijheid;2007-01-01;3;;5;Dagvlinders;Pieridae;2026-07-08;725;S;vrij algemeen
371034288;371034288;Gele luzernevlinder;Colias hyale;2025-08-18;8;2025-08-30;1;ter plaatse;onbekend;imago;onbekend;195070.73892582548;225120.8218809208;5.015447616577148;51.33411407470703;FS4088;Landschap De Liereman - Hoge Mierdse Heide;Oud-Turnhout;Oud-Turnhout;Antwerpen;ObsMapp;J;Goedgekeurd op basis van bewijsmateriaal;2025-09-18;3;;3;Dagvlinders;Pieridae;2026-07-08;725;S;vrij algemeen
371192171;371192171;Gele luzernevlinder;Colias hyale;2025-08-31;8;2025-08-31;1;ter plaatse;onbekend;imago;onbekend;232122.0287403065;205030.1801970806;5.542442964452566;51.14946033800364;FS7769;Abeekvallei Grote Brogel;Peer;Grote-Brogel;Limburg;copied observation;J;Goedgekeurd op basis van kennisregels - nabijheid;1980-01-01;3;;12;Dagvlinders;Pieridae;2026-07-08;725;S;vrij algemeen
253542664;253542664;Gele luzernevlinder;Colias hyale;2022-08-28;8;2022-08-28;1;foeragerend;gezien;imago;onbekend;187218.26967624703;187445.3990158588;4.89891767501831;50.996036529541;FS3351;Rillaar - Broek onder Rommelaar;Aarschot;Rillaar;Vlaams-Brabant;ObsMapp;J;Goedgekeurd op basis van bewijsmateriaal;2007-01-01;3;;3;Dagvlinders;Pieridae;2026-07-08;725;S;vrij algemeen
256316211;256316211;Gele luzernevlinder;Colias hyale;2022-10-06;10;2022-10-06;1;foeragerend;gezien;imago;Man;190608.16952405847;183061.01533578892;4.94671726226807;50.9563980102539;FS3646;  ;Bekkevoort;Bekkevoort;Vlaams-Brabant;ObsMapp;J;Goedgekeurd op basis van kennisregels - nabijheid;2007-01-01;3;;5;Dagvlinders;Pieridae;2026-07-08;725;S;vrij algemeen
370248758;370248758:4081562;Gele luzernevlinder;Colias hyale;2025-08-24;8;2025-08-25;1;ter plaatse;onbekend;imago;Man;210877.10829558256;207432.07715010457;5.239246375858784;51.17367829404056;FS5671;Balen - De Most;Balen;Balen;Antwerpen;ObsMapp;J;Goedgekeurd op basis van kennisregels - nabijheid;1980-01-01;3;;5;Dagvlinders;Pieridae;2026-07-08;725;S;vrij algemeen
360800200;360800200;Gele luzernevlinder;Colias hyale;2025-07-04;7;2025-07-04;1;foeragerend;gezien;imago;onbekend;195789.8615319352;186900.91598108783;5.020943641662598;50.99052810668945;FS4150;Diest/Zichem - Molenstedebroek;Diest;Molenstede;Vlaams-Brabant;ObsMapp;J;Goedgekeurd op basis van bewijsmateriaal;1980-01-01;4;;3;Dagvlinders;Pieridae;2026-07-08;725;S;vrij algemeen
370333349;370333349;Gele luzernevlinder;Colias hyale;2025-08-25;8;2025-08-25;1;ter plaatse;gezien;imago;onbekend;232112.75372044693;205065.20684686024;5.542318344116211;51.14977645874024;FS7769;Abeekvallei Grote Brogel;Peer;Grote-Brogel;Limburg;ObsMapp;J;Goedgekeurd op basis van kennisregels - nabijheid;1980-01-01;3;;3;Dagvlinders;Pieridae;2026-07-08;725;S;vrij algemeen
399912168;399912168;Gele luzernevlinder;Colias hyale;2026-05-22;5;2026-05-22;1;ter plaatse;gezien;imago;onbekend;216057.7186574585;208175.50131866056;5.313452243804932;51.17979049682617;FS6172;Lommel - Pijnven - Vriesputten;Lommel;Lommel;Limburg;ObsMapp;J;Goedgekeurd op basis van bewijsmateriaal;1980-01-01;3;;3;Dagvlinders;Pieridae;2026-07-08;725;S;vrij algemeen
397335382;397335382;Gele luzernevlinder;Colias hyale;2026-05-09;5;2026-05-09;1;ter plaatse;onbekend;imago;onbekend;162775.56778769693;200707.7689277986;4.551207065582275;51.11630630493164;FS0863;Beneden Netevallei - Nete t.h.v. Anderstad;Lier;Lier;Antwerpen;ObsMapp;J;Goedgekeurd op basis van bewijsmateriaal;1980-01-01;3;;3;Dagvlinders;Pieridae;2026-07-08;725;S;vrij algemeen
252467114;252467114;Gele luzernevlinder;Colias hyale;2022-08-16;8;2022-08-16;1;ter plaatse;gezien;imago;onbekend;199299.4512238879;197965.6531455461;5.07242308333333;51.0896963333333;FS4561;Vorst (Laakdal) (Dg);Laakdal;Vorst;Antwerpen;ObsMapp;J;Goedgekeurd op basis van bewijsmateriaal;2007-01-01;3;;999;Dagvlinders;Pieridae;2026-07-08;725;S;vrij algemeen
368551478;368551478;Gele luzernevlinder;Colias hyale;2025-08-14;8;2025-08-14;1;ter plaatse;gezien;imago;onbekend;232156.09093867175;205082.38140094653;5.542941503226757;51.14992465344224;FS7769;Abeekvallei Grote Brogel;Peer;Grote-Brogel;Limburg;ObsMapp;J;Goedgekeurd op basis van kennisregels - nabijheid;1980-01-01;3;;5;Dagvlinders;Pieridae;2026-07-08;725;S;vrij algemeen
360901124;360901124;Gele luzernevlinder;Colias hyale;2025-07-04;7;2025-07-04;1;foeragerend;gezien;imago;Man;190571.90276737887;188152.86009291463;4.946765899658203;51.00217056274414;FS3651;Testelt - Kerkendijk-Melkbroek;Scherpenheuvel-Zichem;Messelbroek;Vlaams-Brabant;ObsMapp;J;Goedgekeurd op basis van kennisregels - nabijheid;1980-01-01;3;;2;Dagvlinders;Pieridae;2026-07-08;725;S;vrij algemeen
287321667;287321667;Gele luzernevlinder;Colias hyale;2023-09-08;9;2023-09-08;1;foeragerend;onbekend;imago;onbekend;193366.68421789788;187390.2811366478;4.986489772796631;50.995113372802734;FS3951;  ;Scherpenheuvel-Zichem;Zichem;Vlaams-Brabant;ObsMapp;J;Goedgekeurd op basis van bewijsmateriaal;1980-01-01;4;;3;Dagvlinders;Pieridae;2026-07-08;725;S;vrij algemeen
372128363;372128363;Gele luzernevlinder;Colias hyale;2025-09-06;9;2025-09-08;1;foeragerend;onbekend;imago;onbekend;183748.78185243317;208149.8630606681;4.851417064666748;51.18235397338867;FS2971;Herentals - Hellekens - Buiten Ring;Herentals;Herentals;Antwerpen;ObsMapp;J;Goedgekeurd op basis van kennisregels - nabijheid;1980-01-01;3;;3;Dagvlinders;Pieridae;2026-07-08;725;S;vrij algemeen
372038746;372038746;Gele luzernevlinder;Colias hyale;2025-09-07;9;2025-09-07;2;foeragerend;gezien;imago;onbekend;193410.0916061093;187552.33292704637;4.987127304077148;50.99656677246094;FS3951;  ;Scherpenheuvel-Zichem;Zichem;Vlaams-Brabant;ObsMapp;J;Goedgekeurd op basis van bewijsmateriaal;1980-01-01;4;;3;Dagvlinders;Pieridae;2026-07-08;725;S;vrij algemeen
256009338;256009338;Gele luzernevlinder;Colias hyale;2022-10-02;10;2022-10-02;1;ter plaatse;onbekend;imago;onbekend;221816.33739318023;199722.7333051134;5.3941262;51.103131;FS6764;Hechtel-Eksel - Resterheide - Zuidoost;Hechtel-Eksel;Hechtel;Limburg;Site;J;Goedgekeurd op basis van bewijsmateriaal;2022-12-30;3;;15;Dagvlinders;Pieridae;2026-07-08;725;S;vrij algemeen
369901418;369901418;Gele luzernevlinder;Colias hyale;2025-08-18;8;2025-08-23;1;ter plaatse;gezien;imago;onbekend;228132.0092348206;186761.4385088524;5.481511533184378;50.9858165745007;FS7451;Genk - Terril Winterslag;Genk;Genk;Limburg;iObs;J;Goedgekeurd op basis van kennisregels - nabijheid;1980-01-01;3;;49;Dagvlinders;Pieridae;2026-07-08;725;S;vrij algemeen
369096588;369096588;Gele luzernevlinder;Colias hyale;2025-08-17;8;2025-08-17;1;ter plaatse;onbekend;imago;onbekend;184579.4613060432;190392.68662619032;4.861608799722222;51.0226929;FS3053;Herselt - Langdonken;Herselt;Ramsel;Antwerpen;ObsIdentify;J;Goedgekeurd op basis van bewijsmateriaal;1980-01-01;3;;999;Dagvlinders;Pieridae;2026-07-08;725;S;vrij algemeen
254451685;254451685;Gele luzernevlinder;Colias hyale;2022-09-09;9;2022-09-09;1;ter plaatse;onbekend;imago;onbekend;166147.03171569225;187239.2798877917;4.598758;50.995155;FS1250;Rijmenam - Hollaken;Bonheiden;Rijmenam;Antwerpen;ObsMapp;J;Goedgekeurd op basis van bewijsmateriaal;2007-01-01;4;;3;Dagvlinders;Pieridae;2026-07-08;725;S;vrij algemeen
374214285;374214285;Gele luzernevlinder;Colias hyale;2025-09-27;9;2025-09-27;1;ter plaatse;gezien;imago;onbekend;146754.0175064559;202887.55318674352;4.32237982749939;51.13603303351278;ES9265;Bazel - Bazelse polder - zuid (BAPO-Z);Kruibeke;Bazel;Oost-Vlaanderen;Site;J;Goedgekeurd op basis van bewijsmateriaal;1980-01-01;3;;15;Dagvlinders;Pieridae;2026-07-08;725;S;vrij algemeen
270055734;270055734;Gele luzernevlinder;Colias hyale;2023-05-02;5;2023-05-02;1;ter plaatse;onbekend;imago;onbekend;203672.3408807636;183319.6916933749;5.132681999999932;50.957661;FS4947;Schulensbroek - Binnenbekken West;Herk-de-Stad;Schulen;Limburg;ObsMapp;J;Goedgekeurd op basis van bewijsmateriaal;1980-01-01;3;Mogelijk 2.;3;Dagvlinders;Pieridae;2026-07-08;725;S;vrij algemeen
286827656;286827656;Gele luzernevlinder;Colias hyale;2023-09-03;9;2023-09-03;1;ter plaatse;gezien;imago;onbekend;221046.5024688209;180242.15671803243;5.37934827778372;50.92813054292941;FS6744;Diepenbeek - Sluisbemden;Diepenbeek;Diepenbeek;Limburg;Site;J;Goedgekeurd op basis van bewijsmateriaal;1980-01-01;4;;30;Dagvlinders;Pieridae;2026-07-08;725;S;vrij algemeen
370181139;370181139;Gele luzernevlinder;Colias hyale;2025-08-24;8;2025-08-24;1;langstrekkend west;onbekend;imago;onbekend;226124.83041977155;194423.48488971032;5.454525947570801;51.05495071411133;FS7258;Meeuwen/Helchteren - Militair Domein (Strikt ontoegankelijk);Meeuwen-Gruitrode;Meeuwen;Limburg;ObsMapp;J;Goedgekeurd op basis van kennisregels - nabijheid;1980-01-01;3;;3;Dagvlinders;Pieridae;2026-07-08;725;S;vrij algemeen
287891046;287891046;Gele luzernevlinder;Colias hyale;2023-09-14;9;2023-09-14;1;ter plaatse;onbekend;imago;onbekend;225685.36569768155;213959.355655334;5.452327251434326;51.2305908203125;FS7178;  ;Neerpelt;Neerpelt;Limburg;ObsMapp;J;Goedgekeurd op basis van bewijsmateriaal;1980-01-01;3;;3;Dagvlinders;Pieridae;2026-07-08;725;S;vrij algemeen
408402931;408402931;Gele luzernevlinder;Colias hyale;2026-06-30;6;2026-07-01;1;ter plaatse;onbekend;imago;onbekend;186049.2132860119;187191.45698374417;4.882240295410156;50.99382781982422;FS3250;Langdorp - Achter Schoonhoven;Aarschot;Rillaar;Vlaams-Brabant;ObsMapp;J;Goedgekeurd op basis van bewijsmateriaal;1980-01-01;3;;8;Dagvlinders;Pieridae;2026-07-08;725;S;vrij algemeen
247123315;247123315;Gele luzernevlinder;Colias hyale;2022-06-28;6;2022-06-28;1;ter plaatse;gezien;imago;onbekend;160455.71238084428;234980.2094246009;4.519072;51.4244;FS0598;Kalmthout - Marijnenvennen;Kalmthout;Kalmthout;Antwerpen;Site;J;Goedgekeurd op basis van bewijsmateriaal;1980-01-01;3;Beeldherkenning is zeker van gele luzernevlinder. Jammer genoeg geen foto van de bovenvleugels_ dus toch maar op onzeker gezet. __Foto: Dirk Deraedt;50;Dagvlinders;Pieridae;2026-07-08;725;S;vrij algemeen
370682997;370682997;Gele luzernevlinder;Colias hyale;2025-08-27;8;2025-08-27;2;ter plaatse;gezien;imago;onbekend;149573.99742516386;205829.4268211117;4.362666606903076;51.16248518440345;ES9568;Antwerpen - Schoonselhof;Antwerpen;Wilrijk;Antwerpen;Site;J;Goedgekeurd op basis van kennisregels - nabijheid;1980-01-01;4;;15;Dagvlinders;Pieridae;2026-07-08;725;S;vrij algemeen
224965903;224965903;Gele luzernevlinder;Colias hyale;2021-09-06;9;2021-09-06;3;ter plaatse;onbekend;imago;onbekend;227890.7653905661;186577.07978384383;5.478037;50.984192;FS7350;Genk - Terril Winterslag;Genk;Genk;Limburg;ObsMapp;J;Goedgekeurd op basis van expertoordeel;2007-01-01;4;;7;Dagvlinders;Pieridae;2026-07-08;725;S;vrij algemeen
359611010;359611010;Gele luzernevlinder;Colias hyale;2025-06-29;6;2025-06-29;1;ter plaatse;onbekend;imago;onbekend;205102.0873242136;182984.03096872105;5.152979850769043;50.95450973510742;FS5146;Schulensbroek - Noordkant Herk;Herk-de-Stad;Schulen;Limburg;ObsMapp;J;Goedgekeurd op basis van kennisregels - nabijheid;1980-01-01;3;;1;Dagvlinders;Pieridae;2026-07-08;725;S;vrij algemeen
371919130;371919130;Gele luzernevlinder;Colias hyale;2025-09-06;9;2025-09-06;1;foeragerend;onbekend;imago;onbekend;195528.1027712525;191173.40805128217;5.017747999999983;51.028953;FS4154;Gerhagen - Achterheide;Tessenderlo;Tessenderlo;Limburg;Site;J;Goedgekeurd op basis van bewijsmateriaal;1980-01-01;3;;15;Dagvlinders;Pieridae;2026-07-08;725;S;vrij algemeen
361626428;361626428;Gele luzernevlinder;Colias hyale;2025-07-08;7;2025-07-08;1;ter plaatse;gezien;imago;Man;219732.15892573568;179687.00275516603;5.360549211436592;50.92329996070232;FS6543;Hasselt - Singelbeekstraat eo;Hasselt;Hasselt;Limburg;iObs;J;Goedgekeurd op basis van kennisregels - nabijheid;1980-01-01;4;;50;Dagvlinders;Pieridae;2026-07-08;725;S;vrij algemeen
289435195;289435195;Gele luzernevlinder;Colias hyale;2023-10-01;10;2023-10-01;1;ter plaatse;onbekend;imago;onbekend;205992.86216706783;183860.1240870664;5.165790557861328;50.96229934692383;FS5247;Schulensbroek - Binnenbekken Oost;Herk-de-Stad;Schulen;Limburg;ObsMapp;J;Goedgekeurd op basis van kennisregels - nabijheid;1980-01-01;3;;3;Dagvlinders;Pieridae;2026-07-08;725;S;vrij algemeen
286797746;286797746;Gele luzernevlinder;Colias hyale;2023-09-03;9;2023-09-03;1;ter plaatse;gezien;imago;onbekend;185527.69851851184;209377.67475371435;4.876977920532227;51.19328308105469;FS3172;Olen - Olensbroek Centrum;Olen;Olen;Antwerpen;ObsMapp;J;Goedgekeurd op basis van kennisregels - nabijheid;1980-01-01;3;;3;Dagvlinders;Pieridae;2026-07-08;725;S;vrij algemeen
359290705;359290705;Gele luzernevlinder;Colias hyale;2025-06-27;6;2025-06-27;1;foeragerend;gezien;imago;onbekend;169787.45719940696;208029.48710078467;4.651744365692139;51.18192012816038;FS1571;Kleine Netevallei - Viersels Gebroekt;Zandhoven;Viersel;Antwerpen;Site;J;Goedgekeurd op basis van bewijsmateriaal;1980-01-01;4;;30;Dagvlinders;Pieridae;2026-07-08;725;S;vrij algemeen
367714843;367714843;Gele luzernevlinder;Colias hyale;2025-08-09;8;2025-08-09;1;ter plaatse;onbekend;imago;onbekend;164589.65409408903;227097.08688782345;4.57818076;51.35345827;FS0990;Brecht - Groot Schietveld (Strikt ontoegankelijk);Brecht;Brecht;Antwerpen;Site;J;Goedgekeurd op basis van bewijsmateriaal;1980-01-01;3;;10;Dagvlinders;Pieridae;2026-07-08;725;S;vrij algemeen
366667608;366667608;Gele luzernevlinder;Colias hyale;2025-08-03;8;2025-08-03;1;foeragerend;gezien;imago;onbekend;229841.2931469006;213734.1247191066;5.511767864227295;51.2280061910574;FS7578;  ;Neerpelt;Sint-Huibrechts-Lille;Limburg;Site;J;Goedgekeurd op basis van bewijsmateriaal;1980-01-01;4;;30;Dagvlinders;Pieridae;2026-07-08;725;S;vrij algemeen
360715710;360715710;Gele luzernevlinder;Colias hyale;2025-07-04;7;2025-07-04;1;ter plaatse;gezien;imago;onbekend;192935.72421393896;199116.80658590328;4.9817317;51.10055109972223;FS3862;Geel - Zammelsbroek - Zammelsbroek Oosterlo;Geel;Geel;Antwerpen;ObsMapp;J;Goedgekeurd op basis van bewijsmateriaal;1980-01-01;3;#inbo_;999;Dagvlinders;Pieridae;2026-07-08;725;S;vrij algemeen
252510202;252510202;Gele luzernevlinder;Colias hyale;2022-08-16;8;2022-08-16;2;ter plaatse;gezien;imago;onbekend;162692.85128887696;200742.79810526225;4.550027;51.116623;FS0863;Beneden Netevallei - Anderstad;Lier;Lier;Antwerpen;ObsMapp;J;Goedgekeurd op basis van bewijsmateriaal;2007-01-01;3;;3;Dagvlinders;Pieridae;2026-07-08;725;S;vrij algemeen
369978188;369978188;Gele luzernevlinder;Colias hyale;2025-08-23;8;2025-08-23;1;ter plaatse;onbekend;imago;onbekend;180981.83206292283;188482.36570713852;4.810171666666667;51.005725;FS2652;  ;Aarschot;Aarschot;Vlaams-Brabant;ObsIdentify;J;Goedgekeurd op basis van bewijsmateriaal;1980-01-01;3;;9;Dagvlinders;Pieridae;2026-07-08;725;S;vrij algemeen
370369370;370369370;Gele luzernevlinder;Colias hyale;2025-08-25;8;2025-08-25;9;ter plaatse;gezien;imago;onbekend;211766.340913396;207546.0055270512;5.251979827880859;51.17460781257482;FS5771;Balen - De Most;Balen;Balen;Antwerpen;Site;J;Goedgekeurd op basis van bewijsmateriaal;2025-12-30;3;;30;Dagvlinders;Pieridae;2026-07-08;725;S;vrij algemeen
254788724;254788724;Gele luzernevlinder;Colias hyale;2022-09-11;9;2022-09-14;1;ter plaatse;onbekend;imago;onbekend;190054.39281704108;228936.58579234127;4.9438992;51.36878;FS3592;Turnhouts Vennengebied - Kleine en Grote Klotteraard;Turnhout;Turnhout;Antwerpen;Site;J;Goedgekeurd op basis van bewijsmateriaal;1980-01-01;3;;60;Dagvlinders;Pieridae;2026-07-08;725;S;vrij algemeen
287192674;287192674;Gele luzernevlinder;Colias hyale;2023-09-07;9;2023-09-07;1;foeragerend;gezien;imago;onbekend;146079.18901811363;225268.2604458481;4.3124990000000025;51.337194;ES9188;Berendrecht - Bufferzone - Reigersbos;Antwerpen;Berendrecht-Zandvliet-Lillo;Antwerpen;Site;J;Goedgekeurd op basis van bewijsmateriaal;1980-01-01;3;;15;Dagvlinders;Pieridae;2026-07-08;725;S;vrij algemeen
372128353;372128353;Gele luzernevlinder;Colias hyale;2025-09-07;9;2025-09-08;1;foeragerend;gezien;imago;onbekend;170147.2729784026;207587.686681686;4.65686559677124;51.17793655395508;FS1570;Kleine Netevallei - Varenheuvel (Houten Brug Noord);Nijlen;Nijlen;Antwerpen;ObsMapp;J;Goedgekeurd op basis van bewijsmateriaal;1980-01-01;3;;4;Dagvlinders;Pieridae;2026-07-08;725;S;vrij algemeen
364881726;364881726;Gele luzernevlinder;Colias hyale;2025-07-24;7;2025-07-25;1;ter plaatse;gezien;imago;Man;219704.75013639167;179598.33156050928;5.360142575239452;50.92250623101064;FS6543;Hasselt - Singelbeekstraat eo;Hasselt;Hasselt;Limburg;iObs;J;Goedgekeurd op basis van kennisregels - nabijheid;1980-01-01;4;;4;Dagvlinders;Pieridae;2026-07-08;725;S;vrij algemeen
370180221;370180221;Gele luzernevlinder;Colias hyale;2025-08-24;8;2025-08-24;1;foeragerend;gezien;imago;Vrouw;168407.9184840549;206884.35176720377;4.631957054138184;51.17167282104492;FS1470;Kleine Netevallei - Treydbeemd;Ranst;Emblem;Antwerpen;ObsMapp;J;Goedgekeurd op basis van bewijsmateriaal;1980-01-01;3;;3;Dagvlinders;Pieridae;2026-07-08;725;S;vrij algemeen
368716419;368716419;Gele luzernevlinder;Colias hyale;2025-08-15;8;2025-08-15;1;foeragerend;gezien;imago;Man;166292.75784924446;205291.72322833817;4.601642608642578;51.15742111206055;FS1268;Kleine Netevallei - Leeuwerik;Ranst;Emblem;Antwerpen;ObsMapp;J;Goedgekeurd op basis van bewijsmateriaal;1980-01-01;3;;4;Dagvlinders;Pieridae;2026-07-08;725;S;vrij algemeen
372071760;372071760;Gele luzernevlinder;Colias hyale;2025-09-07;9;2025-09-07;1;ter plaatse;onbekend;imago;onbekend;227976.61348816127;186587.59828376304;5.479261666666667;50.984275;FS7451;Genk - Terril Winterslag;Genk;Genk;Limburg;copied observation;J;Goedgekeurd op basis van kennisregels - nabijheid;1980-01-01;3;;10;Dagvlinders;Pieridae;2026-07-08;725;S;vrij algemeen
271942587;271942587;Gele luzernevlinder;Colias hyale;2023-05-14;5;2023-05-16;1;ter plaatse;gezien;imago;Man;205870.4258645181;184221.69305876456;5.164103032155406;50.96556118784535;FS5148;Schulensbroek - Binnenbekken Oost;Herk-de-Stad;Schulen;Limburg;iObs;J;Goedgekeurd op basis van kennisregels - nabijheid;1980-01-01;4;;10;Dagvlinders;Pieridae;2026-07-08;725;S;vrij algemeen
198760045;198760045;Gele luzernevlinder;Colias hyale;2020-08-19;8;2020-08-19;1;ter plaatse;gezien;imago;onbekend;221040.32609353287;180250.24496635425;5.379262;50.928204;FS6744;Diepenbeek - Sluisbemden;Diepenbeek;Diepenbeek;Limburg;Site;J;Goedgekeurd op basis van bewijsmateriaal;1980-01-01;4;;25;Dagvlinders;Pieridae;2026-07-08;725;S;vrij algemeen
363981035;363981035;Gele luzernevlinder;Colias hyale;2025-07-20;7;2025-07-20;1;ter plaatse;onbekend;imago;onbekend;204897.58048919705;182820.18182608575;5.150044918060303;50.95305633544922;FS5146;Schulensbroek - Noordkant Herk;Herk-de-Stad;Schulen;Limburg;ObsMapp;J;Goedgekeurd op basis van kennisregels - nabijheid;1980-01-01;3;;1;Dagvlinders;Pieridae;2026-07-08;725;S;vrij algemeen
289314829;289314829;Gele luzernevlinder;Colias hyale;2023-09-30;9;2023-09-30;1;foeragerend;gezien;imago;Vrouw;194592.6715170917;192423.2246762421;5.004566999999952;51.04026;FS4056;Averbode Bos en Heide - Tessenderlo;Tessenderlo;Tessenderlo;Limburg;ObsMapp;J;Goedgekeurd op basis van bewijsmateriaal;1980-01-01;3;;3;Dagvlinders;Pieridae;2026-07-08;725;S;vrij algemeen
360842121;360842121;Gele luzernevlinder;Colias hyale;2025-07-04;7;2025-07-04;1;ter plaatse;onbekend;imago;onbekend;204960.10265386172;182845.87946557903;5.150938510894775;50.95328140258789;FS5146;Schulensbroek - Oosten Strandje;Herk-de-Stad;Schulen;Limburg;ObsMapp;J;Goedgekeurd op basis van kennisregels - nabijheid;1980-01-01;3;;1;Dagvlinders;Pieridae;2026-07-08;725;S;vrij algemeen
378113692;378113692;Gele luzernevlinder;Colias hyale;2025-10-20;10;2025-10-31;1;ter plaatse;onbekend;imago;onbekend;182849.5231878008;180556.2051631147;4.836069391672278;50.93437372603945;FS2944;Nieuwrode - Kasteel van Horst;Holsbeek;Nieuwrode;Vlaams-Brabant;iObs;J;Goedgekeurd op basis van kennisregels - nabijheid;1980-01-01;3;;14;Dagvlinders;Pieridae;2026-07-08;725;S;vrij algemeen
371064792;371064792;Gele luzernevlinder;Colias hyale;2025-08-30;8;2025-08-30;1;ter plaatse;onbekend;imago;onbekend;188625.13823545715;187946.95181974955;4.919010400772095;51.00045279906349;FS3451;Langdorp - Demerdonken;Aarschot;Langdorp;Vlaams-Brabant;Site;J;Goedgekeurd op basis van bewijsmateriaal;1980-01-01;3;;15;Dagvlinders;Pieridae;2026-07-08;725;S;vrij algemeen
271942495;271942495;Gele luzernevlinder;Colias hyale;2023-05-14;5;2023-05-16;2;ter plaatse;gezien;imago;Man;205925.75084490076;183874.94241045136;5.164837590637156;50.9624390214081;FS5247;Schulensbroek - Binnenbekken Oost;Herk-de-Stad;Schulen;Limburg;iObs;J;Goedgekeurd op basis van kennisregels - nabijheid;1980-01-01;4;;24;Dagvlinders;Pieridae;2026-07-08;725;S;vrij algemeen
369391371;369391371;Gele luzernevlinder;Colias hyale;2025-08-19;8;2025-08-19;1;foeragerend;onbekend;imago;onbekend;185546.00123977705;220103.41441276015;4.878293999999983;51.289686;FS3083;Grootenhout - Giels Bos (ANB);Lille;Gierle;Antwerpen;Site;J;Goedgekeurd op basis van bewijsmateriaal;1980-01-01;4;;15;Dagvlinders;Pieridae;2026-07-08;725;S;vrij algemeen
253277720;253277720;Gele luzernevlinder;Colias hyale;2022-08-25;8;2022-08-25;1;ter plaatse;onbekend;imago;onbekend;188934.9200443545;182549.64678284895;4.92284894;50.95191613;FS3546;Tielt-Winge - Berkenhoef;Tielt-Winge;Tielt;Vlaams-Brabant;Site;J;Goedgekeurd op basis van bewijsmateriaal;1980-01-01;3;;100;Dagvlinders;Pieridae;2026-07-08;725;S;vrij algemeen
253277884;253277884;Gele luzernevlinder;Colias hyale;2022-08-25;8;2022-08-25;2;ter plaatse;onbekend;imago;onbekend;187250.56498598325;180234.87556133975;4.89864379;50.93121925;FS3343;  ;Tielt-Winge;Tielt;Vlaams-Brabant;Site;J;Goedgekeurd op basis van bewijsmateriaal;1980-01-01;3;;10;Dagvlinders;Pieridae;2026-07-08;725;S;vrij algemeen
369428014;369428014;Gele luzernevlinder;Colias hyale;2025-08-19;8;2025-08-19;1;foeragerend;gezien;imago;onbekend;179505.60111467095;184819.5914843101;4.788843631744385;50.972877502441406;FS2548;Betekom - Vorsdonkbos;Aarschot;Gelrode;Vlaams-Brabant;ObsMapp;J;Goedgekeurd op basis van bewijsmateriaal;1980-01-01;3;;3;Dagvlinders;Pieridae;2026-07-08;725;S;vrij algemeen
253284119;253284119;Gele luzernevlinder;Colias hyale;2022-08-25;8;2022-08-25;1;ter plaatse;onbekend;imago;onbekend;203158.506643362;191224.5121555477;5.1265182;51.028762;FS4955;Hooilandse berg - Diest;Diest;Schaffen;Vlaams-Brabant;Site;J;Goedgekeurd op basis van expertoordeel;1980-01-01;3;;30;Dagvlinders;Pieridae;2026-07-08;725;S;vrij algemeen
328521170;328521170;Gele luzernevlinder;Colias hyale;2024-09-19;9;2024-09-19;3;ter plaatse;onbekend;imago;onbekend;202748.75758295917;191788.3935859576;5.12075919;51.03386795;FS4855;Vallei van de Drie Beken - Schutshaag;Diest;Schaffen;Vlaams-Brabant;Site;J;Goedgekeurd op basis van bewijsmateriaal;1980-01-01;3;;100;Dagvlinders;Pieridae;2026-07-08;725;S;vrij algemeen
250507188;250507188;Gele luzernevlinder;Colias hyale;2022-07-27;7;2022-07-27;1;ter plaatse;onbekend;imago;onbekend;212023.9350598129;207716.10158092997;5.255692;51.176109;FS5771;Balen - De Most;Balen;Balen;Antwerpen;Site;J;Goedgekeurd op basis van bewijsmateriaal;1980-01-01;3;;25;Dagvlinders;Pieridae;2026-07-08;725;S;vrij algemeen
285416037;285416037;Gele luzernevlinder;Colias hyale;2023-08-22;8;2023-08-22;3;ter plaatse;onbekend;imago;onbekend;186014.42522523552;187371.843936584;4.8817625641822815;50.99545146442079;FS3251;Langdorp - Achter Schoonhoven;Aarschot;Langdorp;Vlaams-Brabant;Site;J;Goedgekeurd op basis van bewijsmateriaal;1980-01-01;4;;5;Dagvlinders;Pieridae;2026-07-08;725;S;vrij algemeen
365305568;365305568;Gele luzernevlinder;Colias hyale;2025-07-27;7;2025-07-27;1;ter plaatse;onbekend;imago;onbekend;204951.9902983143;182846.218324584;5.15082311630249;50.95328521728516;FS5146;Schulensbroek - Oosten Strandje;Herk-de-Stad;Schulen;Limburg;ObsMapp;J;Goedgekeurd op basis van kennisregels - nabijheid;1980-01-01;3;;1;Dagvlinders;Pieridae;2026-07-08;725;S;vrij algemeen
360412958;360412958;Gele luzernevlinder;Colias hyale;2025-07-02;7;2025-07-02;1;ter plaatse;onbekend;imago;Vrouw;187278.6680441179;180732.7370782122;4.89909419;50.93569275;FS3344;Sint-Joris-Winge - Walenbos;Tielt-Winge;Tielt;Vlaams-Brabant;Site;J;Goedgekeurd op basis van bewijsmateriaal;1980-01-01;3;;10;Dagvlinders;Pieridae;2026-07-08;725;S;vrij algemeen
279869812;279869812;Gele luzernevlinder;Colias hyale;2023-07-10;7;2023-07-10;1;ter plaatse;onbekend;imago;onbekend;222274.03666981315;182889.64837545625;5.397329;50.95177569444445;FS6847;  ;Hasselt;Hasselt;Limburg;ObsIdentify;J;Goedgekeurd op basis van bewijsmateriaal;1980-01-01;3;;999;Dagvlinders;Pieridae;2026-07-08;725;S;vrij algemeen
254859690;254859690;Gele luzernevlinder;Colias hyale;2022-09-15;9;2022-09-15;2;ter plaatse;onbekend;imago;onbekend;186082.10477374995;181594.0690541165;4.8821568;50.943511;FS3245;Sint-Joris-Winge - Walenbos;Tielt-Winge;Houwaart;Vlaams-Brabant;Site;J;Goedgekeurd op basis van bewijsmateriaal;1980-01-01;3;;15;Dagvlinders;Pieridae;2026-07-08;725;S;vrij algemeen
282697937;282697937;Gele luzernevlinder;Colias hyale;2023-08-01;8;2023-08-01;1;foeragerend;gezien;imago;onbekend;205370.30458921436;183652.73770049028;5.156897999999956;50.960495;FS5147;Schulensbroek - Nieuwe Zandhoop;Herk-de-Stad;Schulen;Limburg;ObsMapp;J;Goedgekeurd op basis van bewijsmateriaal;1980-01-01;3;;4;Dagvlinders;Pieridae;2026-07-08;725;S;vrij algemeen
287226466;287226466;Gele luzernevlinder;Colias hyale;2023-09-07;9;2023-09-08;1;ter plaatse;gezien;imago;onbekend;204571.5475747866;182805.2622628482;5.145402999999988;50.952953;FS5046;Schulensbroek - Pijpenkop;Herk-de-Stad;Schulen;Limburg;ObsMapp;J;Goedgekeurd op basis van bewijsmateriaal;1980-01-01;3;;4;Dagvlinders;Pieridae;2026-07-08;725;S;vrij algemeen
395714630;395714630:4378971;Gele luzernevlinder;Colias hyale;2026-05-01;5;2026-05-01;1;Balts gedrag;gezien;imago;Man;228103.13639811205;186500.88169505636;5.481044769287109;50.98347854614258;FS7450;Genk - Terril Winterslag;Genk;Genk;Limburg;ObsMapp;J;Goedgekeurd op basis van bewijsmateriaal;1980-01-01;3;;3;Dagvlinders;Pieridae;2026-07-08;725;S;vrij algemeen
370179313;370179313;Gele luzernevlinder;Colias hyale;2025-08-24;8;2025-08-24;1;ter plaatse;gezien;imago;Man;220020.14948067736;179517.95370752458;5.364612524972608;50.921745788768085;FS6643;Hasselt - Singelbeekstraat eo;Hasselt;Hasselt;Limburg;iObs;J;Goedgekeurd op basis van kennisregels - nabijheid;1980-01-01;4;;65;Dagvlinders;Pieridae;2026-07-08;725;S;vrij algemeen
286915333;286915333:3138881;Gele luzernevlinder;Colias hyale;2023-09-04;9;2023-09-04;1;ter plaatse;onbekend;imago;Man;187339.90643882708;180677.57107943483;4.89995974;50.93519292;FS3344;Sint-Joris-Winge - Walenbos;Tielt-Winge;Tielt;Vlaams-Brabant;Site;J;Goedgekeurd op basis van bewijsmateriaal;1980-01-01;3;;100;Dagvlinders;Pieridae;2026-07-08;725;S;vrij algemeen
286915333;286915333:3138882;Gele luzernevlinder;Colias hyale;2023-09-04;9;2023-09-04;1;ter plaatse;onbekend;imago;Vrouw;187339.90643882708;180677.57107943483;4.89995974;50.93519292;FS3344;Sint-Joris-Winge - Walenbos;Tielt-Winge;Tielt;Vlaams-Brabant;Site;J;Goedgekeurd op basis van bewijsmateriaal;1980-01-01;3;;100;Dagvlinders;Pieridae;2026-07-08;725;S;vrij algemeen
287735926;287735926;Gele luzernevlinder;Colias hyale;2023-09-12;9;2023-09-12;1;ter plaatse;onbekend;imago;onbekend;162038.61219558993;206351.3210264193;4.54087;51.16705;FS0769;Boechout - Molenbeekvallei;Boechout;Vremde;Antwerpen;ObsIdentify;J;Goedgekeurd op basis van bewijsmateriaal;1980-01-01;3;;1;Dagvlinders;Pieridae;2026-07-08;725;S;vrij algemeen
253614606;253614606;Gele luzernevlinder;Colias hyale;2022-08-29;8;2022-08-29;2;ter plaatse;onbekend;imago;onbekend;187259.34715051576;180235.83607956677;4.89876881;50.93122732;FS3343;  ;Tielt-Winge;Tielt;Vlaams-Brabant;Site;J;Goedgekeurd op basis van kennisregels - nabijheid;1980-01-01;3;;10;Dagvlinders;Pieridae;2026-07-08;725;S;vrij algemeen
253841287;253841287;Gele luzernevlinder;Colias hyale;2022-09-01;9;2022-09-01;1;ter plaatse;onbekend;imago;onbekend;187332.6819838503;180385.7823475245;4.89982724;50.93257048;FS3344;Sint-Joris-Winge - Walenbos;Tielt-Winge;Tielt;Vlaams-Brabant;Site;J;Goedgekeurd op basis van kennisregels - nabijheid;1980-01-01;3;;10;Dagvlinders;Pieridae;2026-07-08;725;S;vrij algemeen
252681659;252681659;Gele luzernevlinder;Colias hyale;2022-08-18;8;2022-08-18;2;foeragerend;gezien;imago;onbekend;204786.7626143888;182887.73131027445;5.148478;50.953674;FS5046;Schulensbroek - Pijpenkop;Herk-de-Stad;Schulen;Limburg;ObsMapp;J;Goedgekeurd op basis van bewijsmateriaal;2007-01-01;3;;3;Dagvlinders;Pieridae;2026-07-08;725;S;vrij algemeen
352759962;352759962;Gele luzernevlinder;Colias hyale;2025-05-27;5;2025-05-27;1;ter plaatse;onbekend;imago;onbekend;195941.1544438048;210487.71935338157;5.026075399722222;51.2025249;FS4174;  ;Geel;Geel;Antwerpen;ObsMapp;J;Goedgekeurd op basis van bewijsmateriaal;1980-01-01;3;;5;Dagvlinders;Pieridae;2026-07-08;725;S;vrij algemeen
287007756;287007756;Gele luzernevlinder;Colias hyale;2023-09-05;9;2023-09-05;1;ter plaatse;onbekend;imago;Man;184877.64307514203;180317.21330853645;4.86489777;50.93210696;FS3143;Sint-Joris-Winge - Walenbos;Tielt-Winge;Houwaart;Vlaams-Brabant;Site;J;Goedgekeurd op basis van bewijsmateriaal;1980-01-01;3;;10;Dagvlinders;Pieridae;2026-07-08;725;S;vrij algemeen
371982975;371982975;Gele luzernevlinder;Colias hyale;2025-09-07;9;2025-09-07;1;ter plaatse;onbekend;imago;Vrouw;227976.61348816127;186587.59828376304;5.479261666666667;50.984275;FS7451;Genk - Terril Winterslag;Genk;Genk;Limburg;ObsIdentify;J;Goedgekeurd op basis van bewijsmateriaal;1980-01-01;4;;10;Dagvlinders;Pieridae;2026-07-08;725;S;vrij algemeen
249945595;249945595;Gele luzernevlinder;Colias hyale;2022-07-22;7;2022-07-22;1;ter plaatse;gezien;imago;onbekend;178529.15165871856;196371.5832124297;4.7758448;51.076766;FS2459;Booischot - Grote Netevallei - Bruggeneindse Laak;Hulshout;Hulshout;Antwerpen;Site;J;Goedgekeurd op basis van bewijsmateriaal;1980-01-01;3;;15;Dagvlinders;Pieridae;2026-07-08;725;S;vrij algemeen
253277859;253277859;Gele luzernevlinder;Colias hyale;2022-08-25;8;2022-08-25;1;ter plaatse;onbekend;imago;onbekend;187218.27607442276;180320.3980348548;4.89819318;50.93199009;FS3343;Sint-Joris-Winge - Walenbos;Tielt-Winge;Tielt;Vlaams-Brabant;Site;J;Goedgekeurd op basis van bewijsmateriaal;1980-01-01;3;;10;Dagvlinders;Pieridae;2026-07-08;725;S;vrij algemeen
370179283;370179283;Gele luzernevlinder;Colias hyale;2025-08-24;8;2025-08-24;1;ter plaatse;gezien;imago;Man;219702.6706097222;179601.58584274258;5.360113620627089;50.9225357319216;FS6543;Hasselt - Singelbeekstraat eo;Hasselt;Hasselt;Limburg;iObs;J;Goedgekeurd op basis van bewijsmateriaal;1980-01-01;4;;25;Dagvlinders;Pieridae;2026-07-08;725;S;vrij algemeen
369178426;369178426;Gele luzernevlinder;Colias hyale;2025-08-18;8;2025-08-18;1;ter plaatse;onbekend;imago;onbekend;226251.26913954533;194814.8448347384;5.4564109;51.0584516;FS7259;Houthalen-Helchteren Meeuwen-Gruitrode en Peer - N2000;Peer;Peer;Limburg;ObsIdentify;J;Goedgekeurd op basis van bewijsmateriaal;1980-01-01;3;;4;Dagvlinders;Pieridae;2026-07-08;725;S;vrij algemeen
371117822;371117822;Gele luzernevlinder;Colias hyale;2025-08-30;8;2025-08-31;3;ter plaatse;onbekend;imago;onbekend;186884.4533828536;231607.465413942;4.89865779876709;51.39299690137164;FS3295;Merksplas - Merkske - Moer;Merksplas;Merksplas;Antwerpen;Site;J;Goedgekeurd op basis van bewijsmateriaal;1980-01-01;4;;25;Dagvlinders;Pieridae;2026-07-08;725;S;vrij algemeen
374299518;374299518;Gele luzernevlinder;Colias hyale;2025-09-28;9;2025-09-28;1;ter plaatse;gezien;imago;Man;206178.04443108093;183878.03171222936;5.1684291;50.9624424;FS5247;Schulensbroek - Binnenbekken Oost;Herk-de-Stad;Schulen;Limburg;ObsIdentify;J;Goedgekeurd op basis van bewijsmateriaal;1980-01-01;3;;999;Dagvlinders;Pieridae;2026-07-08;725;S;vrij algemeen
366958350;366958350;Gele luzernevlinder;Colias hyale;2025-08-05;8;2025-08-05;1;ter plaatse;gezien;imago;onbekend;185896.41338249648;186624.70509621224;4.880008220672607;50.98874282836914;FS3150;Langdorp - Achter Schoonhoven;Aarschot;Rillaar;Vlaams-Brabant;ObsMapp;J;Goedgekeurd op basis van bewijsmateriaal;1980-01-01;3;;3;Dagvlinders;Pieridae;2026-07-08;725;S;vrij algemeen
370327401;370327401;Gele luzernevlinder;Colias hyale;2025-08-24;8;2025-08-25;1;ter plaatse;onbekend;imago;onbekend;184661.51286283857;208339.9413962513;4.864488333333333;51.18400833333333;FS3071;Herentals - Langendonk;Herentals;Herentals;Antwerpen;ObsIdentify;J;Goedgekeurd op basis van bewijsmateriaal;1980-01-01;3;;1;Dagvlinders;Pieridae;2026-07-08;725;S;vrij algemeen
369434480;369434480;Gele luzernevlinder;Colias hyale;2025-08-19;8;2025-08-19;1;ter plaatse;gezien;imago;onbekend;227743.2309018936;186869.8326432044;5.475998401641846;50.98684310913086;FS7351;Genk - Terril Winterslag;Genk;Genk;Limburg;ObsMapp;J;Goedgekeurd op basis van kennisregels - nabijheid;1980-01-01;3;;3;Dagvlinders;Pieridae;2026-07-08;725;S;vrij algemeen
370178137;370178137;Gele luzernevlinder;Colias hyale;2025-08-24;8;2025-08-24;1;ter plaatse;onbekend;imago;onbekend;185352.6756253343;233957.07061309088;4.876883625984192;51.41421028368158;FS3097;Zondereigen - Merkske - Ruitervelden West;Baarle-Hertog;Baarle-Hertog;Antwerpen;Site;J;Goedgekeurd op basis van bewijsmateriaal;1980-01-01;4;;6;Dagvlinders;Pieridae;2026-07-08;725;S;vrij algemeen
371903032;371903032;Gele luzernevlinder;Colias hyale;2025-09-05;9;2025-09-06;1;ter plaatse;onbekend;imago;onbekend;183820.96237894945;208282.0998452846;4.852461666666667;51.18353833333333;FS2971;Herentals - Hellekens - Buiten Ring;Herentals;Herentals;Antwerpen;ObsIdentify;J;Goedgekeurd op basis van bewijsmateriaal;1980-01-01;3;;1;Dagvlinders;Pieridae;2026-07-08;725;S;vrij algemeen
372173624;372173624;Gele luzernevlinder;Colias hyale;2025-09-08;9;2025-09-08;3;foeragerend;gezien;imago;onbekend;211779.07801118644;207558.08290649392;5.252163999999993;51.174715;FS5771;Balen - De Most;Balen;Balen;Antwerpen;Site;J;Goedgekeurd op basis van bewijsmateriaal;2025-12-30;3;;15;Dagvlinders;Pieridae;2026-07-08;725;S;vrij algemeen
257845867;257845867;Gele luzernevlinder;Colias hyale;2022-07-23;7;2022-10-23;1;ter plaatse;onbekend;imago;Man;199095.3401275233;212803.2682854822;5.071516203563097;51.22307723453879;FS4476;Dessel - Steenhei/Terreinen Niras;Dessel;Dessel;Antwerpen;iObs;J;Goedgekeurd op basis van bewijsmateriaal;2026-12-26;3;;10;Dagvlinders;Pieridae;2026-07-08;725;S;vrij algemeen
283002637;283002637;Gele luzernevlinder;Colias hyale;2023-08-04;8;2023-08-04;1;ter plaatse;onbekend;onbekend;onbekend;221789.96251957637;199618.95359823108;5.393729209899902;51.10220151085637;FS6763;Hechtel-Eksel - Resterheide - Zuidoost;Hechtel-Eksel;Hechtel;Limburg;Site;J;Goedgekeurd op basis van expertoordeel;1980-01-01;3;;15;Dagvlinders;Pieridae;2026-07-08;725;S;vrij algemeen
254663110;254663110;Gele luzernevlinder;Colias hyale;2022-09-12;9;2022-09-12;1;ter plaatse;onbekend;imago;Man;159042.65612873674;210920.84264009076;4.498152;51.208178;FS0474;  ;Wommelgem;Wommelgem;Antwerpen;Site;J;Goedgekeurd op basis van bewijsmateriaal;1980-01-01;3;;7;Dagvlinders;Pieridae;2026-07-08;725;S;vrij algemeen
380173536;380173536;Gele luzernevlinder;Colias hyale;2025-11-09;11;2025-11-09;1;ter plaatse;gezien;imago;Vrouw;161790.2272678471;200118.50524213444;4.537116050720215;51.11103057861328;FS0763;Beneden Netevallei - Plas Sluis;Duffel;Duffel;Antwerpen;ObsMapp;J;Goedgekeurd op basis van bewijsmateriaal;1980-01-01;3;;2;Dagvlinders;Pieridae;2026-07-08;725;S;vrij algemeen
288140570;288140570;Gele luzernevlinder;Colias hyale;2023-09-16;9;2023-09-16;2;ter plaatse;gezien;imago;onbekend;179129.31788268988;184813.6534173824;4.783485889434815;50.972843170166016;FS2548;Betekom - Vorsdonkbos;Aarschot;Gelrode;Vlaams-Brabant;ObsMapp;J;Goedgekeurd op basis van bewijsmateriaal;1980-01-01;3;;3;Dagvlinders;Pieridae;2026-07-08;725;S;vrij algemeen
270158316;270158316;Gele luzernevlinder;Colias hyale;2023-05-03;5;2023-05-03;1;ter plaatse;onbekend;imago;onbekend;163129.18033749322;200725.62855336908;4.556257724761963;51.116458892822266;FS0863;Beneden Netevallei - Anderstad;Lier;Lier;Antwerpen;ObsMapp;J;Goedgekeurd op basis van bewijsmateriaal;1980-01-01;4;Nog 1 :) Zuidelijke uit te sluiten door locatie?;3;Dagvlinders;Pieridae;2026-07-08;725;S;vrij algemeen
361653049;361653049;Gele luzernevlinder;Colias hyale;2025-07-08;7;2025-07-08;1;ter plaatse;gezien;imago;onbekend;199795.3875240812;196575.63271713443;5.079311281442642;51.07715972765154;FS4560;Tessenderlo - Centrum;Tessenderlo;Tessenderlo;Limburg;Site;J;Goedgekeurd op basis van bewijsmateriaal;1980-01-01;3;;2;Dagvlinders;Pieridae;2026-07-08;725;S;vrij algemeen
286239535;286239535;Gele luzernevlinder;Colias hyale;2023-08-29;8;2023-08-29;1;ter plaatse;onbekend;imago;onbekend;212046.3755605037;207751.97332109415;5.2560190000000375;51.176429;FS5771;Balen - De Most;Balen;Balen;Antwerpen;Site;J;Goedgekeurd op basis van bewijsmateriaal;1980-01-01;3;;7;Dagvlinders;Pieridae;2026-07-08;725;S;vrij algemeen
251866937;251866937;Gele luzernevlinder;Colias hyale;2022-08-09;8;2022-08-09;1;foeragerend;gezien;imago;onbekend;185677.71104734327;186865.9642677484;4.876917;50.990925;FS3150;Langdorp - Achter Schoonhoven;Aarschot;Rillaar;Vlaams-Brabant;ObsMapp;J;Goedgekeurd op basis van bewijsmateriaal;2007-01-01;3;;4;Dagvlinders;Pieridae;2026-07-08;725;S;vrij algemeen
370156149;370156149;Gele luzernevlinder;Colias hyale;2025-08-24;8;2025-08-24;1;ter plaatse;gezien;imago;onbekend;189022.8549085356;208816.09756889197;4.926913599722223;51.1880096;FS3472;Geel - Mosselgoren;Geel;Geel;Antwerpen;ObsMapp;J;Goedgekeurd op basis van bewijsmateriaal;1980-01-01;3;;999;Dagvlinders;Pieridae;2026-07-08;725;S;vrij algemeen
289081884;289081884;Gele luzernevlinder;Colias hyale;2023-09-24;9;2023-09-27;1;ter plaatse;onbekend;imago;onbekend;140917.25780877314;225394.9713275852;4.2384270000000015;51.338275;ES8688;Doel - Prosperpolder Noord;Beveren;Doel;Oost-Vlaanderen;Site;J;Goedgekeurd op basis van bewijsmateriaal;1980-01-01;3;;30;Dagvlinders;Pieridae;2026-07-08;725;S;vrij algemeen
369079049;369079049;Gele luzernevlinder;Colias hyale;2025-08-17;8;2025-08-17;1;foeragerend;gezien;imago;Vrouw;168206.17807736827;206804.4886832051;4.629068535956208;51.170961380406894;FS1370;Kleine Netevallei - Treydbeemd;Ranst;Emblem;Antwerpen;Site;J;Goedgekeurd op basis van bewijsmateriaal;1980-01-01;3;;7;Dagvlinders;Pieridae;2026-07-08;725;S;vrij algemeen
360543106;360543106;Gele luzernevlinder;Colias hyale;2025-07-03;7;2025-07-03;1;ter plaatse;gezien;imago;onbekend;221192.08183770528;186399.28478958455;5.382615392010507;50.98345535026793;FS6750;  ;Zonhoven;Zonhoven;Limburg;Site;J;Goedgekeurd op basis van bewijsmateriaal;1980-01-01;3;;8;Dagvlinders;Pieridae;2026-07-08;725;S;vrij algemeen
374298988;374298988;Gele luzernevlinder;Colias hyale;2025-09-28;9;2025-09-28;1;ter plaatse;onbekend;imago;onbekend;206152.17868019847;183877.12995781004;5.1680608;50.9624368;FS5247;Schulensbroek - Binnenbekken Oost;Herk-de-Stad;Schulen;Limburg;ObsIdentify;J;Goedgekeurd op basis van bewijsmateriaal;1980-01-01;3;;967;Dagvlinders;Pieridae;2026-07-08;725;S;vrij algemeen
373577589;373577589;Gele luzernevlinder;Colias hyale;2025-08-31;8;2025-09-21;1;ter plaatse;onbekend;imago;onbekend;190288.00579402383;229181.02463419456;4.947280883789063;51.370960578400855;FS3592;Turnhouts Vennengebied - Kleine en Grote Klotteraard;Turnhout;Turnhout;Antwerpen;Site;J;Goedgekeurd op basis van bewijsmateriaal;1980-01-01;3;;15;Dagvlinders;Pieridae;2026-07-08;725;S;vrij algemeen
253939169;253939169;Gele luzernevlinder;Colias hyale;2022-09-02;9;2022-09-02;1;ter plaatse;gezien;imago;onbekend;211901.3718594188;207589.9146605879;5.253918;51.174988;FS5771;Balen - De Most;Balen;Balen;Antwerpen;Site;J;Goedgekeurd op basis van bewijsmateriaal;1980-01-01;3;Obsidentify zegt Gele luzernevlinder heb toch maar op onzeker gezet.;25;Dagvlinders;Pieridae;2026-07-08;725;S;vrij algemeen
378428907;378428907;Gele luzernevlinder;Colias hyale;2025-10-30;10;2025-11-01;1;ter plaatse;gezien;imago;onbekend;192846.3988426172;199512.5988504421;4.980503099722222;51.104115299722224;FS3863;Geel - Zammelsbroek - Zammelsbroek Oosterlo;Geel;Geel;Antwerpen;ObsMapp;J;Goedgekeurd op basis van bewijsmateriaal;1980-01-01;3;#inbo;999;Dagvlinders;Pieridae;2026-07-08;725;S;vrij algemeen
255213366;255213366;Gele luzernevlinder;Colias hyale;2022-09-21;9;2022-09-21;1;ter plaatse;gezien;imago;onbekend;196059.7868820165;209553.88161705717;5.027654;51.194122;FS4173;Mol - Europawijk;Geel;Geel;Antwerpen;ObsMapp;J;Goedgekeurd op basis van bewijsmateriaal;2007-01-01;3;;3;Dagvlinders;Pieridae;2026-07-08;725;S;vrij algemeen
286265517;286265517;Gele luzernevlinder;Colias hyale;2023-08-29;8;2023-08-29;1;ter plaatse;gezien;imago;onbekend;227443.46915040552;187140.3850989528;5.471786999999949;50.989315;FS7351;Genk - Terril Winterslag;Genk;Genk;Limburg;ObsMapp;J;Goedgekeurd op basis van bewijsmateriaal;1980-01-01;3;;3;Dagvlinders;Pieridae;2026-07-08;725;S;vrij algemeen
273336663;273336663;Gele luzernevlinder;Colias hyale;2023-05-23;5;2023-05-25;1;ter plaatse;onbekend;imago;onbekend;242731.64174418597;193869.99186333732;5.6912031173706055;51.04755401611328;FS8858;Dilsen - Rotem Industrie;Dilsen-Stokkem;Rotem;Limburg;ObsMapp;J;Goedgekeurd op basis van bewijsmateriaal;1980-01-01;3;;1;Dagvlinders;Pieridae;2026-07-08;725;S;vrij algemeen
253250718;253250718;Gele luzernevlinder;Colias hyale;2022-08-25;8;2022-08-25;1;ter plaatse;gezien;imago;onbekend;194465.8938558594;207131.02826584503;5.004557;51.17247;FS4070;  ;Geel;Geel;Antwerpen;ObsMapp;J;Goedgekeurd op basis van bewijsmateriaal;2007-01-01;3;;3;Dagvlinders;Pieridae;2026-07-08;725;S;vrij algemeen
286550587;286550587;Gele luzernevlinder;Colias hyale;2023-09-01;9;2023-09-01;1;ter plaatse;onbekend;imago;onbekend;185400.8521653356;209359.2289377665;4.875161647796631;51.19312508524684;FS3172;Olen - Olensbroek Centrum;Olen;Olen;Antwerpen;Site;J;Goedgekeurd op basis van bewijsmateriaal;1980-01-01;3;;7;Dagvlinders;Pieridae;2026-07-08;725;S;vrij algemeen
371323961;371323961;Gele luzernevlinder;Colias hyale;2025-08-30;8;2025-09-01;1;ter plaatse;onbekend;imago;onbekend;193965.62777395447;206466.79806611317;4.99732375147687;51.1665380654762;FS3970;Geel - Centrum;Geel;Geel;Antwerpen;Site;J;Goedgekeurd op basis van bewijsmateriaal;1980-01-01;3;;4;Dagvlinders;Pieridae;2026-07-08;725;S;vrij algemeen
369993605;369993605;Gele luzernevlinder;Colias hyale;2025-08-23;8;2025-08-23;1;ter plaatse;onbekend;imago;onbekend;211881.81550922772;207648.17493469827;5.253648315159631;51.175513734656256;FS5771;Balen - De Most;Balen;Balen;Antwerpen;iObs;J;Goedgekeurd op basis van kennisregels - nabijheid;1980-01-01;4;;13;Dagvlinders;Pieridae;2026-07-08;725;S;vrij algemeen
371873788;371873788;Gele luzernevlinder;Colias hyale;2025-09-06;9;2025-09-06;5;foeragerend;gezien;imago;onbekend;181003.913922647;188461.90088220316;4.8104845359921455;51.0055398610158;FS2752;  ;Aarschot;Aarschot;Vlaams-Brabant;Site;J;Goedgekeurd op basis van bewijsmateriaal;1980-01-01;3;;30;Dagvlinders;Pieridae;2026-07-08;725;S;vrij algemeen
350951641;350951641;Gele luzernevlinder;Colias hyale;2025-05-17;5;2025-05-17;2;foeragerend;onbekend;imago;onbekend;226306.4475146203;194838.72079295013;5.4572028521894245;51.0586589237697;FS7259;Houthalen-Helchteren Meeuwen-Gruitrode en Peer - N2000;Peer;Peer;Limburg;iObs;J;Goedgekeurd op basis van kennisregels - nabijheid;1980-01-01;3;;3;Dagvlinders;Pieridae;2026-07-08;725;S;vrij algemeen
369903525;369903525;Gele luzernevlinder;Colias hyale;2025-08-23;8;2025-08-23;1;ter plaatse;onbekend;imago;onbekend;205261.3161377849;182939.60811342575;5.155239162230231;50.95409527835974;FS5146;Schulensbroek - Noordkant Herk;Herk-de-Stad;Schulen;Limburg;ObsIdentify;J;Goedgekeurd op basis van bewijsmateriaal;1980-01-01;3;;12;Dagvlinders;Pieridae;2026-07-08;725;S;vrij algemeen
254619094;254619094;Gele luzernevlinder;Colias hyale;2022-09-11;9;2022-09-11;4;ter plaatse;gezien;imago;onbekend;183928.4372947104;233722.49572556;4.8563915;51.412188;FS2997;Zondereigen - Merkske - Heikant;Baarle-Hertog;Baarle-Hertog;Antwerpen;Site;J;Goedgekeurd op basis van bewijsmateriaal;1980-01-01;3;;7;Dagvlinders;Pieridae;2026-07-08;725;S;vrij algemeen
370336791;370336791;Gele luzernevlinder;Colias hyale;2025-08-25;8;2025-08-25;1;foeragerend;onbekend;imago;Man;190217.39519714276;219038.44227323867;4.945135116577148;51.279806710862175;FS3582;Turnhout - Winkelsbroek;Turnhout;Turnhout;Antwerpen;Site;J;Goedgekeurd op basis van bewijsmateriaal;1980-01-01;4;;6;Dagvlinders;Pieridae;2026-07-08;725;S;vrij algemeen
369993918;369993918;Gele luzernevlinder;Colias hyale;2025-08-23;8;2025-08-23;1;ter plaatse;onbekend;imago;onbekend;211929.0172948412;207726.9468036052;5.254336666666667;51.17621666666667;FS5771;Balen - De Most;Balen;Balen;Antwerpen;ObsIdentify;J;Goedgekeurd op basis van bewijsmateriaal;1980-01-01;4;;7;Dagvlinders;Pieridae;2026-07-08;725;S;vrij algemeen
374668203;374668203;Gele luzernevlinder;Colias hyale;2025-09-30;9;2025-10-01;1;ter plaatse;gezien;imago;onbekend;147016.9920315484;205833.8432277273;4.326113224029541;51.16251754760742;ES9268;Kruibeke - Schor (KRSC);Kruibeke;Kruibeke;Oost-Vlaanderen;ObsMapp;J;Goedgekeurd op basis van bewijsmateriaal;1980-01-01;3;;5;Dagvlinders;Pieridae;2026-07-08;725;S;vrij algemeen
254112323;254112323;Gele luzernevlinder;Colias hyale;2022-09-04;9;2022-09-04;4;ter plaatse;onbekend;imago;onbekend;162917.6650370884;189365.0042068204;4.552833333333333;51.01434445;FS0852;Bonheiden - Mispeldonk - Leege stukken;Bonheiden;Bonheiden;Antwerpen;iObs;J;Goedgekeurd op basis van bewijsmateriaal;2007-01-01;3;;5;Dagvlinders;Pieridae;2026-07-08;725;S;vrij algemeen
254768117;254768117;Gele luzernevlinder;Colias hyale;2022-09-13;9;2022-09-14;1;ter plaatse;gezien;imago;onbekend;158876.83743520797;220750.38967413732;4.496021596719041;51.29653113433312;FS0483;Brasschaat - Dorpskern;Brasschaat;Brasschaat;Antwerpen;iObs;J;Goedgekeurd op basis van expertoordeel;2007-01-01;4;Bleek citroengeel. Van ver een witje. ;4;Dagvlinders;Pieridae;2026-07-08;725;S;vrij algemeen
287488390;287488390;Gele luzernevlinder;Colias hyale;2023-09-10;9;2023-09-10;1;ter plaatse;onbekend;imago;onbekend;172611.90637276456;201478.5732727628;4.691728999722223;51.12293309972223;FS1864;Lier/Berlaar - Grote Netevallei;Heist-op-den-Berg;Itegem;Antwerpen;ObsIdentify;J;Goedgekeurd op basis van bewijsmateriaal;1980-01-01;3;;999;Dagvlinders;Pieridae;2026-07-08;725;S;vrij algemeen
270142568;270142568;Gele luzernevlinder;Colias hyale;2023-05-03;5;2023-05-03;1;foeragerend;onbekend;imago;onbekend;162798.50253733294;200520.66814691853;4.551527999999962;51.114624;FS0863;Beneden Netevallei - Anderstad;Lier;Lier;Antwerpen;ObsMapp;J;Goedgekeurd op basis van bewijsmateriaal;1980-01-01;4;Eerst foeragerend op paardenbloem_ dan de dijk volgend naar het Oosten.;3;Dagvlinders;Pieridae;2026-07-08;725;S;vrij algemeen
395543041;395543041;Gele luzernevlinder;Colias hyale;2026-04-30;4;2026-05-01;2;ter plaatse;onbekend;imago;onbekend;146805.6845929353;203263.93453672808;4.32311475276947;51.13941648510678;ES9266;Bazel - Bazelse polder - zuid (BAPO-Z);Kruibeke;Bazel;Oost-Vlaanderen;Site;J;Goedgekeurd op basis van bewijsmateriaal;1980-01-01;3;;50;Dagvlinders;Pieridae;2026-07-08;725;S;vrij algemeen
256162763;256162763;Gele luzernevlinder;Colias hyale;2022-10-04;10;2022-10-04;1;ter plaatse;onbekend;imago;onbekend;146980.13691477908;205145.1531101484;4.325592;51.156327;ES9268;Bazel - Bazelse polder - noord (BAPO-N);Kruibeke;Bazel;Oost-Vlaanderen;Site;J;Goedgekeurd op basis van bewijsmateriaal;1980-01-01;3;;15;Dagvlinders;Pieridae;2026-07-08;725;S;vrij algemeen
254654711;254654711;Gele luzernevlinder;Colias hyale;2022-09-12;9;2022-09-12;1;ter plaatse;onbekend;imago;Man;146969.49868194378;205259.9712089468;4.325439;51.157359;ES9268;Bazel - Bazelse polder - noord (BAPO-N);Kruibeke;Bazel;Oost-Vlaanderen;Site;J;Goedgekeurd op basis van bewijsmateriaal;1980-01-01;3;;5;Dagvlinders;Pieridae;2026-07-08;725;S;vrij algemeen
280743589;280743589;Gele luzernevlinder;Colias hyale;2023-07-16;7;2023-07-16;1;foeragerend;gezien;imago;Man;170265.73004359144;218263.5196594885;4.659157999999934;51.27389;FS1581;  ;Zoersel;Zoersel;Antwerpen;Site;J;Goedgekeurd op basis van bewijsmateriaal;1980-01-01;3;;25;Dagvlinders;Pieridae;2026-07-08;725;S;vrij algemeen
270260475;270260475;Gele luzernevlinder;Colias hyale;2023-05-04;5;2023-05-04;4;ter plaatse;gezien;imago;Man;205947.0848115677;183824.61992231663;5.16513356;50.96198463;FS5247;Schulensbroek - Buitenbekken Oost;Herk-de-Stad;Schulen;Limburg;Site;J;Goedgekeurd op basis van bewijsmateriaal;1980-01-01;3;;100;Dagvlinders;Pieridae;2026-07-08;725;S;vrij algemeen
287488779;287488779;Gele luzernevlinder;Colias hyale;2023-09-10;9;2023-09-10;1;ter plaatse;onbekend;imago;onbekend;172960.12950892217;201418.18015152492;4.6966989;51.1223765;FS1864;Lier/Berlaar - Grote Netevallei;Heist-op-den-Berg;Itegem;Antwerpen;ObsIdentify;J;Goedgekeurd op basis van bewijsmateriaal;1980-01-01;3;;999;Dagvlinders;Pieridae;2026-07-08;725;S;vrij algemeen
369994057;369994057;Gele luzernevlinder;Colias hyale;2025-08-23;8;2025-08-23;1;ter plaatse;onbekend;imago;onbekend;211926.94014287615;207715.4250752088;5.254305;51.17611333333333;FS5771;Balen - De Most;Balen;Balen;Antwerpen;ObsIdentify;J;Goedgekeurd op basis van bewijsmateriaal;1980-01-01;4;;5;Dagvlinders;Pieridae;2026-07-08;725;S;vrij algemeen
286972685;286972685;Gele luzernevlinder;Colias hyale;2023-09-05;9;2023-09-05;1;ter plaatse;onbekend;imago;onbekend;162726.34041305954;200698.5510518942;4.550503715872765;51.11622453727457;FS0863;Beneden Netevallei - Anderstad;Lier;Lier;Antwerpen;ObsMapp;J;Goedgekeurd op basis van bewijsmateriaal;1980-01-01;3;;5;Dagvlinders;Pieridae;2026-07-08;725;S;vrij algemeen
373228862;373228862;Gele luzernevlinder;Colias hyale;2025-09-19;9;2025-09-19;1;ter plaatse;onbekend;imago;onbekend;185156.3003160009;187083.98628068343;4.869511666666667;50.992916666666666;FS3150;Aarschot/Testelt - Demervallei;Aarschot;Langdorp;Vlaams-Brabant;ObsIdentify;J;Goedgekeurd op basis van bewijsmateriaal;1980-01-01;3;;5;Dagvlinders;Pieridae;2026-07-08;725;S;vrij algemeen
272365969;272365969;Gele luzernevlinder;Colias hyale;2023-05-19;5;2023-05-19;1;ter plaatse;gezien;imago;onbekend;195337.66250730044;183032.9323445689;5.014024000000063;50.955795;FS4146;Assent - Begijnbeekvallei;Bekkevoort;Assent;Vlaams-Brabant;ObsMapp;J;Goedgekeurd op basis van bewijsmateriaal;1980-01-01;3;;3;Dagvlinders;Pieridae;2026-07-08;725;S;vrij algemeen
253991548;253991548;Gele luzernevlinder;Colias hyale;2022-09-01;9;2022-09-03;1;ter plaatse;gezien;imago;onbekend;154205.64243064637;195411.09725011885;4.428756;51.068822;FS0058;Mechelen - GGG Battenbroek - Grote Vijver Noord;Mechelen;Walem;Antwerpen;Site;J;Goedgekeurd op basis van bewijsmateriaal;1980-01-01;3;;25;Dagvlinders;Pieridae;2026-07-08;725;S;vrij algemeen
370623646;370623646;Gele luzernevlinder;Colias hyale;2025-08-27;8;2025-08-27;1;ter plaatse;onbekend;imago;onbekend;185801.14503071344;203545.2720347829;4.880313873291016;51.14084243774414;FS3167;Olen - Teunenberg;Westerlo;Tongerlo;Antwerpen;ObsMapp;J;Goedgekeurd op basis van bewijsmateriaal;1980-01-01;3;;3;Dagvlinders;Pieridae;2026-07-08;725;S;vrij algemeen
369525650;369525650;Gele luzernevlinder;Colias hyale;2025-08-20;8;2025-08-20;1;ter plaatse;onbekend;imago;onbekend;196331.0394679276;226033.12337828148;5.0336471666666665;51.34221333333333;FS4189;Landschap De Liereman - Brakeleer;Oud-Turnhout;Oud-Turnhout;Antwerpen;ObsIdentify;J;Goedgekeurd op basis van bewijsmateriaal;1980-01-01;3;;4;Dagvlinders;Pieridae;2026-07-08;725;S;vrij algemeen
371367096;371367096;Gele luzernevlinder;Colias hyale;2025-08-31;8;2025-09-01;1;ter plaatse;onbekend;onbekend;onbekend;184106.6169972669;208711.9963467009;4.8565874099731445;51.18738555908203;FS2972;Herentals - Langendonk;Herentals;Herentals;Antwerpen;ObsMapp;J;Goedgekeurd op basis van kennisregels - nabijheid;1980-01-01;3;;3;Dagvlinders;Pieridae;2026-07-08;725;S;vrij algemeen
370880679;370880679;Gele luzernevlinder;Colias hyale;2025-08-28;8;2025-08-29;3;ter plaatse;gezien;imago;onbekend;149578.50178999142;205827.9597011814;4.36273099999994;51.162472;ES9568;Antwerpen - Schoonselhof;Antwerpen;Wilrijk;Antwerpen;Site;J;Goedgekeurd op basis van bewijsmateriaal;1980-01-01;4;;30;Dagvlinders;Pieridae;2026-07-08;725;S;vrij algemeen
271942556;271942556;Gele luzernevlinder;Colias hyale;2023-05-14;5;2023-05-16;1;ter plaatse;gezien;imago;Vrouw;206358.75713469548;184394.4185311515;5.1710807740565965;50.96706649549029;FS5248;Schulensbroek - Binnenbekken Oost;Herk-de-Stad;Schulen;Limburg;iObs;J;Goedgekeurd op basis van kennisregels - nabijheid;1980-01-01;4;;16;Dagvlinders;Pieridae;2026-07-08;725;S;vrij algemeen
368715715;368715715;Gele luzernevlinder;Colias hyale;2025-08-15;8;2025-08-15;1;ter plaatse;gezien;imago;Man;168390.92118649668;206965.77570976783;4.631718158721924;51.17240524291992;FS1470;Kleine Netevallei - Treydbeemd;Ranst;Broechem;Antwerpen;ObsMapp;J;Goedgekeurd op basis van bewijsmateriaal;1980-01-01;3;;6;Dagvlinders;Pieridae;2026-07-08;725;S;vrij algemeen
370180538;370180538;Gele luzernevlinder;Colias hyale;2025-08-24;8;2025-08-24;1;foeragerend;gezien;imago;Vrouw;168332.76396129176;206917.61262511;4.630884170532227;51.171974182128906;FS1470;Kleine Netevallei - Treydbeemd;Ranst;Broechem;Antwerpen;ObsMapp;J;Goedgekeurd op basis van bewijsmateriaal;1980-01-01;3;;4;Dagvlinders;Pieridae;2026-07-08;725;S;vrij algemeen
254322987;254322987;Gele luzernevlinder;Colias hyale;2022-09-07;9;2022-09-07;1;foeragerend;gezien;imago;Vrouw;201832.3554247706;223872.14627915437;5.1122797;51.322322;FS4787;Arendonk - Het Goorken;Arendonk;Arendonk;Antwerpen;Site;J;Goedgekeurd op basis van bewijsmateriaal;1980-01-01;4;;15;Dagvlinders;Pieridae;2026-07-08;725;S;vrij algemeen
360755982;360755982;Gele luzernevlinder;Colias hyale;2025-07-04;7;2025-07-04;1;ter plaatse;gezien;imago;onbekend;189353.64014712855;197967.6642662464;4.930469512939453;51.090476989746094;FS3561;  ;Westerlo;Westerlo;Antwerpen;ObsMapp;J;Goedgekeurd op basis van kennisregels - nabijheid;1980-01-01;3;;2;Dagvlinders;Pieridae;2026-07-08;725;S;vrij algemeen
394639123;394639123;Gele luzernevlinder;Colias hyale;2026-04-26;4;2026-04-26;1;ter plaatse;gezien;imago;Vrouw;166606.66286799402;205440.8338893708;4.606136322021484;51.15875244140625;FS1268;Kleine Netevallei - Leeuwerik;Ranst;Emblem;Antwerpen;ObsMapp;J;Goedgekeurd op basis van bewijsmateriaal;1980-01-01;3;;2;Dagvlinders;Pieridae;2026-07-08;725;S;vrij algemeen
370065318;370065318;Gele luzernevlinder;Colias hyale;2025-08-24;8;2025-08-24;1;ter plaatse;onbekend;imago;onbekend;226251.3420045416;194816.81346574984;5.456412350763992;51.05846928437339;FS7259;Houthalen-Helchteren Meeuwen-Gruitrode en Peer - N2000;Peer;Peer;Limburg;ObsIdentify;J;Goedgekeurd op basis van bewijsmateriaal;1980-01-01;3;;4;Dagvlinders;Pieridae;2026-07-08;725;S;vrij algemeen
408450812;408450812;Gele luzernevlinder;Colias hyale;2026-07-01;7;2026-07-01;1;ter plaatse;onbekend;imago;onbekend;204928.42558374009;183543.84232336748;5.150592399722223;50.959558199722224;FS5147;Schulensbroek - Oosten Strandje;Herk-de-Stad;Schulen;Limburg;ObsIdentify;J;Goedgekeurd op basis van bewijsmateriaal;1980-01-01;3;;999;Dagvlinders;Pieridae;2026-07-08;725;S;vrij algemeen
371932226;371932226;Gele luzernevlinder;Colias hyale;2025-09-06;9;2025-09-07;1;ter plaatse;gezien;imago;onbekend;169574.16491422936;201979.2340074992;4.648367404937744;51.12754440307617;FS1565;Kessel - Grote Netevallei - Bartstraat oost;Nijlen;Kessel;Antwerpen;ObsMapp;J;Goedgekeurd op basis van bewijsmateriaal;1980-01-01;3;;3;Dagvlinders;Pieridae;2026-07-08;725;S;vrij algemeen
370474750;370474750;Gele luzernevlinder;Colias hyale;2025-08-26;8;2025-08-26;1;ter plaatse;onbekend;imago;Vrouw;204620.030734728;182939.7154487362;5.146113000000014;50.954157;FS5046;Schulensbroek - Pijpenkop;Herk-de-Stad;Schulen;Limburg;Site;J;Goedgekeurd op basis van bewijsmateriaal;1980-01-01;3;;30;Dagvlinders;Pieridae;2026-07-08;725;S;vrij algemeen
363444901;363444901;Gele luzernevlinder;Colias hyale;2025-07-17;7;2025-07-17;1;ter plaatse;onbekend;imago;Man;175175.14131477854;198081.70705363527;4.728104710447951;51.0922937027754;FS2161;Hallaar - Averegten - Hallaarse Aard;Heist-op-den-Berg;Hallaar;Antwerpen;Site;J;Goedgekeurd op basis van bewijsmateriaal;1980-01-01;3;;4;Dagvlinders;Pieridae;2026-07-08;725;S;vrij algemeen
254708577;254708577;Gele luzernevlinder;Colias hyale;2022-09-12;9;2022-09-13;1;ter plaatse;gezien;imago;onbekend;204812.7786328137;182883.3717658827;5.14884757995605;50.9536323547363;FS5046;Schulensbroek - Oosten Strandje;Herk-de-Stad;Schulen;Limburg;ObsMapp;J;Goedgekeurd op basis van kennisregels - nabijheid;2007-01-01;3;;4;Dagvlinders;Pieridae;2026-07-08;725;S;vrij algemeen
367916452;367916452;Gele luzernevlinder;Colias hyale;2025-08-10;8;2025-08-10;1;ter plaatse;gezien;imago;Man;220152.60963019368;179527.3219551323;5.366497999999979;50.921814;FS6643;Hasselt - Singelbeekstraat eo;Hasselt;Hasselt;Limburg;Site;J;Goedgekeurd op basis van bewijsmateriaal;1980-01-01;4;;15;Dagvlinders;Pieridae;2026-07-08;725;S;vrij algemeen
254663022;254663022;Gele luzernevlinder;Colias hyale;2022-09-12;9;2022-09-12;1;ter plaatse;onbekend;imago;Vrouw;159190.12228937857;210640.29741959088;4.500255;51.205654;FS0473;  ;Wommelgem;Wommelgem;Antwerpen;Site;J;Goedgekeurd op basis van bewijsmateriaal;1980-01-01;3;;7;Dagvlinders;Pieridae;2026-07-08;725;S;vrij algemeen
253081404;253081404;Gele luzernevlinder;Colias hyale;2022-08-23;8;2022-08-23;1;ter plaatse;gezien;imago;onbekend;173861.71889213062;197726.0999257164;4.7093339;51.089153;FS1961;Hallaar - Averegten - Bos (Groendomein provincie Antwerpen - regio Kempen);Heist-op-den-Berg;Hallaar;Antwerpen;Site;J;Goedgekeurd op basis van bewijsmateriaal;1980-01-01;3;;5;Dagvlinders;Pieridae;2026-07-08;725;S;vrij algemeen
253603600;253603600;Gele luzernevlinder;Colias hyale;2022-08-29;8;2022-08-29;8;ter plaatse;onbekend;imago;onbekend;187258.1059004893;187412.9179822328;4.8994818;50.995742;FS3351;Rillaar - Broek onder Rommelaar;Aarschot;Langdorp;Vlaams-Brabant;Site;J;Goedgekeurd op basis van bewijsmateriaal;1980-01-01;3;;30;Dagvlinders;Pieridae;2026-07-08;725;S;vrij algemeen
285561419;285561419;Gele luzernevlinder;Colias hyale;2023-08-23;8;2023-08-23;1;ter plaatse;onbekend;imago;onbekend;162844.78729600852;200531.1453722734;4.55218934934237;51.11471714712745;FS0863;Beneden Netevallei - Anderstad;Lier;Lier;Antwerpen;Site;J;Goedgekeurd op basis van bewijsmateriaal;1980-01-01;3;;15;Dagvlinders;Pieridae;2026-07-08;725;S;vrij algemeen
371231967;371231967;Gele luzernevlinder;Colias hyale;2025-08-31;8;2025-08-31;1;ter plaatse;onbekend;onbekend;onbekend;227942.3580318256;186890.6332898615;5.478838443756104;50.987003326416016;FS7351;Genk - Terril Winterslag;Genk;Genk;Limburg;ObsMapp;J;Goedgekeurd op basis van kennisregels - nabijheid;1980-01-01;3;;1;Dagvlinders;Pieridae;2026-07-08;725;S;vrij algemeen
288248491;288248491;Gele luzernevlinder;Colias hyale;2023-09-17;9;2023-09-17;1;ter plaatse;gezien;imago;onbekend;221056.6859530163;180247.71224942055;5.379494190347032;50.92817923183672;FS6744;Diepenbeek - Sluisbemden;Diepenbeek;Diepenbeek;Limburg;Site;J;Goedgekeurd op basis van bewijsmateriaal;1980-01-01;4;;35;Dagvlinders;Pieridae;2026-07-08;725;S;vrij algemeen
254174955;254174955;Gele luzernevlinder;Colias hyale;2022-09-05;9;2022-09-05;1;ter plaatse;onbekend;imago;onbekend;162651.59603070354;200747.92595731743;4.549438;51.11667;FS0863;Beneden Netevallei - Anderstad;Lier;Lier;Antwerpen;Site;J;Goedgekeurd op basis van bewijsmateriaal;1980-01-01;3;op basis van https://forum.waarneming.nl/index.php?topic=241831.0;30;Dagvlinders;Pieridae;2026-07-08;725;S;vrij algemeen
286096833;286096833;Gele luzernevlinder;Colias hyale;2023-08-28;8;2023-08-29;1;ter plaatse;gezien;imago;onbekend;176534.4332081202;197260.6925983345;4.7474469999999656;51.084853;FS2260;Hallaar - Grote Netevallei - Moerbeemden;Heist-op-den-Berg;Hallaar;Antwerpen;Site;J;Goedgekeurd op basis van bewijsmateriaal;1980-01-01;3;;25;Dagvlinders;Pieridae;2026-07-08;725;S;vrij algemeen
367897978;367897978;Gele luzernevlinder;Colias hyale;2025-08-10;8;2025-08-10;6;foeragerend;onbekend;imago;onbekend;189111.854631632;188048.63294715717;4.925954818027094;51.001334128476586;FS3551;Langdorp - Demerdonken;Aarschot;Langdorp;Vlaams-Brabant;Site;J;Goedgekeurd op basis van bewijsmateriaal;1980-01-01;3;;15;Dagvlinders;Pieridae;2026-07-08;725;S;vrij algemeen
289503165;289503165;Gele luzernevlinder;Colias hyale;2023-10-02;10;2023-10-02;1;ter plaatse;gezien;imago;onbekend;205567.11765082684;183789.55705616344;5.159719999999993;50.961706;FS5147;Schulensbroek - Nieuwe Zandhoop;Herk-de-Stad;Schulen;Limburg;ObsMapp;J;Goedgekeurd op basis van kennisregels - automatische beeldherkenning (NIA);1980-01-01;3;;999;Dagvlinders;Pieridae;2026-07-08;725;S;vrij algemeen
370161528;370161528;Gele luzernevlinder;Colias hyale;2025-08-24;8;2025-08-24;2;ter plaatse;onbekend;imago;onbekend;189335.57225231268;188368.88316986896;4.929176329169422;51.00419765250086;FS3552;Langdorp - Demerdonken;Aarschot;Langdorp;Vlaams-Brabant;Site;J;Goedgekeurd op basis van bewijsmateriaal;1980-01-01;3;;30;Dagvlinders;Pieridae;2026-07-08;725;S;vrij algemeen
371170661;371170661;Gele luzernevlinder;Colias hyale;2025-08-31;8;2025-08-31;1;ter plaatse;onbekend;imago;onbekend;184359.95032724;232333.93974504527;4.8624603;51.3996827;FS2995;Merksplas - Merkske - Strikkeven;Merksplas;Merksplas;Antwerpen;ObsIdentify;J;Goedgekeurd op basis van bewijsmateriaal;1980-01-01;3;;17;Dagvlinders;Pieridae;2026-07-08;725;S;vrij algemeen
287705278;287705278;Gele luzernevlinder;Colias hyale;2023-09-12;9;2023-09-12;1;ter plaatse;onbekend;imago;onbekend;164926.1245630511;187543.76012728177;4.581379533148878;50.9979248046875;FS1050;Boortmeerbeek - Pikhakendonk - Meanders;Bonheiden;Rijmenam;Antwerpen;ObsIdentify;J;Goedgekeurd op basis van bewijsmateriaal;1980-01-01;4;;5;Dagvlinders;Pieridae;2026-07-08;725;S;vrij algemeen
254349305;254349305:2711159;Gele luzernevlinder;Colias hyale;2022-09-07;9;2022-09-07;1;ter plaatse;gezien;imago;Vrouw;166433.0682255922;206390.32952638905;4.603698;51.167292;FS1269;  ;Ranst;Emblem;Antwerpen;Site;J;Goedgekeurd op basis van bewijsmateriaal;1980-01-01;3;;5;Dagvlinders;Pieridae;2026-07-08;725;S;vrij algemeen
371087596;371087596;Gele luzernevlinder;Colias hyale;2025-08-26;8;2025-08-30;1;ter plaatse;onbekend;onbekend;onbekend;206329.64381827865;183927.1434924379;5.170594453593367;50.96286914168916;FS5247;Schulensbroek - Binnenbekken Oost;Herk-de-Stad;Schulen;Limburg;copied observation;J;Goedgekeurd op basis van kennisregels - nabijheid;1980-01-01;4;;4;Dagvlinders;Pieridae;2026-07-08;725;S;vrij algemeen
371599707;371599707;Gele luzernevlinder;Colias hyale;2025-09-04;9;2025-09-04;1;ter plaatse;onbekend;imago;onbekend;192180.18474668937;200706.79492217305;4.971129999722223;51.1148983;FS3764;  ;Geel;Geel;Antwerpen;ObsIdentify;J;Goedgekeurd op basis van bewijsmateriaal;1980-01-01;3;;999;Dagvlinders;Pieridae;2026-07-08;725;S;vrij algemeen
287822119;287822119;Gele luzernevlinder;Colias hyale;2023-09-12;9;2023-09-13;1;ter plaatse;onbekend;imago;onbekend;164926.1245630511;187543.76012728177;4.581379533148878;50.9979248046875;FS1050;Boortmeerbeek - Pikhakendonk - Meanders;Bonheiden;Rijmenam;Antwerpen;copied observation;J;Goedgekeurd op basis van kennisregels - nabijheid;1980-01-01;4;;5;Dagvlinders;Pieridae;2026-07-08;725;S;vrij algemeen
372377876;372377876;Gele luzernevlinder;Colias hyale;2025-09-10;9;2025-09-10;1;ter plaatse;onbekend;imago;onbekend;189147.8184148271;188100.07914148175;4.926472662482411;51.00179414013158;FS3551;Langdorp - Demerdonken;Aarschot;Langdorp;Vlaams-Brabant;Site;J;Goedgekeurd op basis van bewijsmateriaal;1980-01-01;3;;30;Dagvlinders;Pieridae;2026-07-08;725;S;vrij algemeen
255448612;255448612;Gele luzernevlinder;Colias hyale;2022-09-25;9;2022-09-25;1;ter plaatse;onbekend;imago;onbekend;203437.7437330148;184965.0364547437;5.129583333333333;50.97247222222222;FS4948;  ;Lummen;Linkhout;Limburg;ObsIdentify;J;Goedgekeurd op basis van bewijsmateriaal;1980-01-01;4;;999;Dagvlinders;Pieridae;2026-07-08;725;S;vrij algemeen
284664337;284664337;Gele luzernevlinder;Colias hyale;2023-08-17;8;2023-08-17;1;foeragerend;gezien;imago;onbekend;159552.3016289827;202229.14734378736;4.505215000000021;51.130044;FS0565;  ;Lint;Lint;Antwerpen;Site;J;Goedgekeurd op basis van bewijsmateriaal;1980-01-01;3;;25;Dagvlinders;Pieridae;2026-07-08;725;S;vrij algemeen
253310878;253310878;Gele luzernevlinder;Colias hyale;2022-08-25;8;2022-08-26;2;in copula;gezien;imago;onbekend;204816.86831349705;182864.7964970712;5.148903;50.953465;FS5046;Schulensbroek - Oosten Strandje;Herk-de-Stad;Schulen;Limburg;ObsMapp;J;Goedgekeurd op basis van kennisregels - automatische beeldherkenning (NIA);2007-01-01;3;;3;Dagvlinders;Pieridae;2026-07-08;725;S;vrij algemeen
361043232;361043232;Gele luzernevlinder;Colias hyale;2025-07-05;7;2025-07-05;3;ter plaatse;onbekend;imago;onbekend;163215.1040951815;201361.76825231317;4.557507999999984;51.122175;FS0864;Beneden Netevallei - GGG Pallieterpolder;Lier;Lier;Antwerpen;Site;J;Goedgekeurd op basis van bewijsmateriaal;1980-01-01;3;;999;Dagvlinders;Pieridae;2026-07-08;725;S;vrij algemeen
287705190;287705190;Gele luzernevlinder;Colias hyale;2023-09-12;9;2023-09-12;1;ter plaatse;onbekend;imago;onbekend;164935.23486359013;187550.57623660937;4.581509589446463;50.99798583984375;FS1050;Boortmeerbeek - Pikhakendonk - Meanders;Bonheiden;Rijmenam;Antwerpen;ObsIdentify;J;Goedgekeurd op basis van bewijsmateriaal;1980-01-01;4;;5;Dagvlinders;Pieridae;2026-07-08;725;S;vrij algemeen
368692590;368692590;Gele luzernevlinder;Colias hyale;2025-08-15;8;2025-08-15;4;ter plaatse;onbekend;imago;onbekend;189323.36484787567;188389.82090284675;4.929004667792469;51.0043866873096;FS3552;Langdorp - Demerdonken;Aarschot;Langdorp;Vlaams-Brabant;Site;J;Goedgekeurd op basis van bewijsmateriaal;1980-01-01;3;;30;Dagvlinders;Pieridae;2026-07-08;725;S;vrij algemeen
255448850;255448850;Gele luzernevlinder;Colias hyale;2022-09-25;9;2022-09-25;1;ter plaatse;onbekend;imago;onbekend;204117.40066037083;181875.2732735472;5.138802777777778;50.94463611111111;FS5045;  ;Herk-de-Stad;Donk;Limburg;ObsIdentify;J;Goedgekeurd op basis van bewijsmateriaal;1980-01-01;4;;999;Dagvlinders;Pieridae;2026-07-08;725;S;vrij algemeen
368695769;368695769;Gele luzernevlinder;Colias hyale;2025-08-15;8;2025-08-15;2;ter plaatse;onbekend;imago;onbekend;189338.65772979968;188356.9302350087;4.929218999999989;51.00409;FS3552;Langdorp - Demerdonken;Aarschot;Langdorp;Vlaams-Brabant;Site;J;Goedgekeurd op basis van bewijsmateriaal;1980-01-01;3;;30;Dagvlinders;Pieridae;2026-07-08;725;S;vrij algemeen
395074898;395074898;Gele luzernevlinder;Colias hyale;2026-04-28;4;2026-04-28;1;ter plaatse;onbekend;imago;onbekend;192241.9725576745;184491.22100982163;4.970134729519486;50.969137252189775;FS3848;  ;Scherpenheuvel-Zichem;Scherpenheuvel;Vlaams-Brabant;Site;J;Goedgekeurd op basis van bewijsmateriaal;1980-01-01;3;;120;Dagvlinders;Pieridae;2026-07-08;725;S;vrij algemeen
369527250;369527250;Gele luzernevlinder;Colias hyale;2025-08-20;8;2025-08-20;1;ter plaatse;onbekend;imago;onbekend;189338.725826578;188347.9195666453;4.929218999999989;51.004009;FS3552;Langdorp - Demerdonken;Aarschot;Langdorp;Vlaams-Brabant;Site;J;Goedgekeurd op basis van bewijsmateriaal;1980-01-01;3;;30;Dagvlinders;Pieridae;2026-07-08;725;S;vrij algemeen
367894881;367894881;Gele luzernevlinder;Colias hyale;2025-08-10;8;2025-08-10;6;ter plaatse;onbekend;imago;onbekend;189341.60229432705;188338.8188739484;4.929259000000002;51.003927;FS3552;Langdorp - Demerdonken;Aarschot;Langdorp;Vlaams-Brabant;Site;J;Goedgekeurd op basis van bewijsmateriaal;1980-01-01;3;;15;Dagvlinders;Pieridae;2026-07-08;725;S;vrij algemeen
372168115;372168115;Gele luzernevlinder;Colias hyale;2025-09-08;9;2025-09-08;3;ter plaatse;onbekend;imago;onbekend;204784.9734566728;183278.117931786;5.148510932922363;50.9571832489244;FS5047;Schulensbroek - Oosten Strandje;Herk-de-Stad;Schulen;Limburg;Site;J;Goedgekeurd op basis van bewijsmateriaal;1980-01-01;3;;30;Dagvlinders;Pieridae;2026-07-08;725;S;vrij algemeen
254349305;254349305:2711158;Gele luzernevlinder;Colias hyale;2022-09-07;9;2022-09-07;1;ter plaatse;gezien;imago;Man;166433.0682255922;206390.32952638905;4.603698;51.167292;FS1269;  ;Ranst;Emblem;Antwerpen;Site;J;Goedgekeurd op basis van bewijsmateriaal;1980-01-01;3;;5;Dagvlinders;Pieridae;2026-07-08;725;S;vrij algemeen
372564205;372564205;Gele luzernevlinder;Colias hyale;2025-09-12;9;2025-09-12;2;ter plaatse;onbekend;imago;onbekend;190023.1703868246;188265.9689901164;4.938961027655751;51.0032254612642;FS3651;Testelt - Kerkendijk-Melkbroek;Scherpenheuvel-Zichem;Testelt;Vlaams-Brabant;Site;J;Goedgekeurd op basis van expertoordeel;1980-01-01;3;;30;Dagvlinders;Pieridae;2026-07-08;725;S;vrij algemeen
326614420;326614420;Gele luzernevlinder;Colias hyale;2024-08-31;8;2024-09-01;1;ter plaatse;onbekend;imago;onbekend;210760.1633289099;207274.3836016525;5.237547914748234;51.172273275089154;FS5671;Balen - De Most;Balen;Balen;Antwerpen;Site;J;Goedgekeurd op basis van bewijsmateriaal;1980-01-01;4;;30;Dagvlinders;Pieridae;2026-07-08;725;S;vrij algemeen
252361842;252361842;Gele luzernevlinder;Colias hyale;2022-08-14;8;2022-08-15;1;dood;andere val;imago;onbekend;194847.05016666095;224797.64915327917;5.012198;51.331227;FS4088;Landschap De Liereman - Hoge Mierdse Heide;Oud-Turnhout;Oud-Turnhout;Antwerpen;Site;J;Goedgekeurd op basis van bewijsmateriaal;1980-01-01;3;op plakval__droog leefgebied met grassen en kruiden__Toelating in gebied!__onderzoek insecten i.v.m. inzaaien bioboer;25;Dagvlinders;Pieridae;2026-07-08;725;S;vrij algemeen
360699644;360699644;Gele luzernevlinder;Colias hyale;2025-07-04;7;2025-07-04;1;ter plaatse;onbekend;imago;onbekend;192935.1982032999;199120.27334627323;4.981724599722222;51.10058229972223;FS3862;Geel - Zammelsbroek - Zammelsbroek Oosterlo;Geel;Geel;Antwerpen;ObsIdentify;J;Goedgekeurd op basis van bewijsmateriaal;1980-01-01;4;;999;Dagvlinders;Pieridae;2026-07-08;725;S;vrij algemeen
287893501;287893501;Gele luzernevlinder;Colias hyale;2023-09-14;9;2023-09-14;1;ter plaatse;gezien;imago;onbekend;140510.09010268503;215040.10269816316;4.232854999722222;51.24519769972223;ES8677;Verrebroek - Haazop (HASO);Beveren;Kallo;Oost-Vlaanderen;ObsMapp;J;Goedgekeurd op basis van bewijsmateriaal;1980-01-01;3;;999;Dagvlinders;Pieridae;2026-07-08;725;S;vrij algemeen
288013906;288013906;Gele luzernevlinder;Colias hyale;2023-09-15;9;2023-09-15;1;langstrekkend west;gezien;imago;Vrouw;206067.05984970083;183863.89249335972;5.166847229003906;50.96232604980469;FS5247;Schulensbroek - Binnenbekken Oost;Herk-de-Stad;Schulen;Limburg;copied observation;J;Goedgekeurd op basis van kennisregels - nabijheid;1980-01-01;3;;3;Dagvlinders;Pieridae;2026-07-08;725;S;vrij algemeen
288013902;288013902;Gele luzernevlinder;Colias hyale;2023-09-15;9;2023-09-15;1;ter plaatse;gezien;imago;Man;206015.30980546217;183859.94091736805;5.166110038757324;50.96229553222656;FS5247;Schulensbroek - Binnenbekken Oost;Herk-de-Stad;Schulen;Limburg;copied observation;J;Goedgekeurd op basis van kennisregels - nabijheid;1980-01-01;3;;3;Dagvlinders;Pieridae;2026-07-08;725;S;vrij algemeen
288012537;288012537;Gele luzernevlinder;Colias hyale;2023-09-15;9;2023-09-15;1;foeragerend;gezien;imago;onbekend;206111.71353790903;183845.56611242425;5.167480000000069;50.962157;FS5247;Schulensbroek - Buitenbekken Oost;Herk-de-Stad;Schulen;Limburg;Site;J;Goedgekeurd op basis van kennisregels - automatische beeldherkenning (NIA);1980-01-01;3;;25;Dagvlinders;Pieridae;2026-07-08;725;S;vrij algemeen
288013900;288013900;Gele luzernevlinder;Colias hyale;2023-09-15;9;2023-09-15;2;langstrekkend oost;gezien;imago;Man;205968.2251451712;183864.52772740275;5.165440559387207;50.96234130859375;FS5247;Schulensbroek - Binnenbekken Oost;Herk-de-Stad;Schulen;Limburg;copied observation;J;Goedgekeurd op basis van kennisregels - nabijheid;1980-01-01;3;;3;Dagvlinders;Pieridae;2026-07-08;725;S;vrij algemeen
255466295;255466295;Gele luzernevlinder;Colias hyale;2022-09-25;9;2022-09-25;1;ter plaatse;onbekend;imago;onbekend;146847.8805977511;206969.99003541563;4.323686;51.172729;ES9269;Kruibeke - Kruibeke Polder (KRPO);Kruibeke;Kruibeke;Oost-Vlaanderen;ObsMapp;J;Goedgekeurd op basis van bewijsmateriaal;2007-01-01;3;;3;Dagvlinders;Pieridae;2026-07-08;725;S;vrij algemeen
288013586;288013586;Gele luzernevlinder;Colias hyale;2023-09-15;9;2023-09-15;1;langstrekkend noord;gezien;imago;Man;206182.02309427672;183886.77435723413;5.168487071990967;50.962520599365234;FS5247;Schulensbroek - Binnenbekken Oost;Herk-de-Stad;Schulen;Limburg;ObsMapp;J;Goedgekeurd op basis van kennisregels - nabijheid;1980-01-01;4;;3;Dagvlinders;Pieridae;2026-07-08;725;S;vrij algemeen
280516780;280516780;Gele luzernevlinder;Colias hyale;2023-07-15;7;2023-07-15;1;ter plaatse;onbekend;imago;onbekend;181645.27511822328;218187.6481744777;4.822212399722222;51.272694799722224;FS2781;Lille - Visbeekvallei - Lilse Zegge;Lille;Lille;Antwerpen;ObsIdentify;J;Goedgekeurd op basis van bewijsmateriaal;1980-01-01;3;;999;Dagvlinders;Pieridae;2026-07-08;725;S;vrij algemeen
370356844;370356844;Gele luzernevlinder;Colias hyale;2025-08-25;8;2025-08-25;1;foeragerend;gezien;imago;onbekend;201909.03259587396;211082.20919732004;5.111542582380935;51.20736197917838;FS4775;Mol - Achterbos;Mol;Mol;Antwerpen;Site;J;Goedgekeurd op basis van bewijsmateriaal;1980-01-01;3;;4;Dagvlinders;Pieridae;2026-07-08;725;S;vrij algemeen
288013575;288013575;Gele luzernevlinder;Colias hyale;2023-09-15;9;2023-09-15;1;ter plaatse;gezien;imago;Man;206015.30980546217;183859.94091736805;5.166110038757324;50.96229553222656;FS5247;Schulensbroek - Binnenbekken Oost;Herk-de-Stad;Schulen;Limburg;ObsMapp;J;Goedgekeurd op basis van kennisregels - nabijheid;1980-01-01;4;;3;Dagvlinders;Pieridae;2026-07-08;725;S;vrij algemeen
288013585;288013585;Gele luzernevlinder;Colias hyale;2023-09-15;9;2023-09-15;1;langstrekkend west;gezien;imago;Vrouw;206138.55481559396;183869.7547866553;5.167865753173828;50.96237182617188;FS5247;Schulensbroek - Binnenbekken Oost;Herk-de-Stad;Schulen;Limburg;ObsMapp;J;Goedgekeurd op basis van kennisregels - nabijheid;1980-01-01;4;;3;Dagvlinders;Pieridae;2026-07-08;725;S;vrij algemeen
288013567;288013567;Gele luzernevlinder;Colias hyale;2023-09-15;9;2023-09-15;1;langstrekkend oost;gezien;imago;Vrouw;206110.40817214845;183851.627349481;5.167462348937988;50.96221160888672;FS5247;Schulensbroek - Buitenbekken Oost;Herk-de-Stad;Schulen;Limburg;ObsMapp;J;Goedgekeurd op basis van kennisregels - nabijheid;1980-01-01;4;;3;Dagvlinders;Pieridae;2026-07-08;725;S;vrij algemeen
288013581;288013581;Gele luzernevlinder;Colias hyale;2023-09-15;9;2023-09-15;1;langstrekkend west;gezien;imago;Vrouw;206067.05984970083;183863.89249335972;5.166847229003906;50.96232604980469;FS5247;Schulensbroek - Binnenbekken Oost;Herk-de-Stad;Schulen;Limburg;ObsMapp;J;Goedgekeurd op basis van kennisregels - nabijheid;1980-01-01;4;;3;Dagvlinders;Pieridae;2026-07-08;725;S;vrij algemeen
288013571;288013571;Gele luzernevlinder;Colias hyale;2023-09-15;9;2023-09-15;2;langstrekkend oost;gezien;imago;Man;205968.2251451712;183864.52772740275;5.165440559387207;50.96234130859375;FS5247;Schulensbroek - Binnenbekken Oost;Herk-de-Stad;Schulen;Limburg;ObsMapp;J;Goedgekeurd op basis van kennisregels - nabijheid;1980-01-01;4;;3;Dagvlinders;Pieridae;2026-07-08;725;S;vrij algemeen
370348869;370348869;Gele luzernevlinder;Colias hyale;2025-08-25;8;2025-08-25;1;ter plaatse;onbekend;onbekend;onbekend;179881.30285213425;184582.40935185735;4.794173239788506;50.97072620523621;FS2548;Betekom - Vorsdonkbos;Aarschot;Gelrode;Vlaams-Brabant;Site;J;Goedgekeurd op basis van kennisregels - nabijheid;1980-01-01;3;;15;Dagvlinders;Pieridae;2026-07-08;725;S;vrij algemeen
288013554;288013554;Gele luzernevlinder;Colias hyale;2023-09-15;9;2023-09-15;1;ter plaatse;gezien;imago;Vrouw;206306.9977228372;183913.16203232016;5.170269966125488;50.96274566650391;FS5247;Schulensbroek - Binnenbekken Oost;Herk-de-Stad;Schulen;Limburg;ObsMapp;J;Goedgekeurd op basis van kennisregels - nabijheid;1980-01-01;4;;3;Dagvlinders;Pieridae;2026-07-08;725;S;vrij algemeen
374869355;374869355;Gele luzernevlinder;Colias hyale;2025-09-27;9;2025-10-03;1;ter plaatse;gezien;imago;onbekend;163162.8634481923;201332.5887454599;4.556760787963867;51.12191390991211;FS0864;Beneden Netevallei - GGG Pallieterpolder;Lier;Lier;Antwerpen;ObsMapp;J;Goedgekeurd op basis van kennisregels - nabijheid;1980-01-01;3;;3;Dagvlinders;Pieridae;2026-07-08;725;S;vrij algemeen
253088392;253088392;Gele luzernevlinder;Colias hyale;2022-08-23;8;2022-08-23;1;ter plaatse;onbekend;imago;onbekend;162839.03544940613;200694.76434718352;4.552113;51.116188;FS0863;Beneden Netevallei - Anderstad;Lier;Lier;Antwerpen;Site;J;Goedgekeurd op basis van kennisregels - automatische beeldherkenning (NIA);1980-01-01;3;;25;Dagvlinders;Pieridae;2026-07-08;725;S;vrij algemeen
288013892;288013892;Gele luzernevlinder;Colias hyale;2023-09-15;9;2023-09-15;1;ter plaatse;gezien;imago;Vrouw;206306.9977228372;183913.16203232016;5.170269966125488;50.96274566650391;FS5247;Schulensbroek - Binnenbekken Oost;Herk-de-Stad;Schulen;Limburg;copied observation;J;Goedgekeurd op basis van kennisregels - nabijheid;1980-01-01;3;;3;Dagvlinders;Pieridae;2026-07-08;725;S;vrij algemeen
371327587;371327587;Gele luzernevlinder;Colias hyale;2025-09-01;9;2025-09-01;1;ter plaatse;onbekend;imago;Man;179843.62076679815;184846.64084712972;4.793658333333333;50.97310333333333;FS2548;Betekom - Vorsdonkbos;Aarschot;Gelrode;Vlaams-Brabant;ObsIdentify;J;Goedgekeurd op basis van bewijsmateriaal;1980-01-01;3;;8;Dagvlinders;Pieridae;2026-07-08;725;S;vrij algemeen
254143019;254143019;Gele luzernevlinder;Colias hyale;2022-09-04;9;2022-09-04;1;ter plaatse;onbekend;imago;onbekend;155105.52503390927;194179.0572479507;4.441577;51.05774;FS0157;Mechelen - GGG Zennegat (voormalig 'Oude Dijlearm');Mechelen;Mechelen;Antwerpen;Site;J;Goedgekeurd op basis van bewijsmateriaal;1980-01-01;3;;15;Dagvlinders;Pieridae;2026-07-08;725;S;vrij algemeen
287562598;287562598;Gele luzernevlinder;Colias hyale;2023-09-10;9;2023-09-10;1;ter plaatse;onbekend;imago;onbekend;141413.9322601603;224403.1460405169;4.245577454566956;51.3293680934891;ES8687;Doel - Doelpolder Noord (Doelpolderweiden DOWE);Beveren;Doel;Oost-Vlaanderen;Site;J;Goedgekeurd op basis van bewijsmateriaal;1980-01-01;3;;5;Dagvlinders;Pieridae;2026-07-08;725;S;vrij algemeen
370651522;370651522;Gele luzernevlinder;Colias hyale;2025-08-25;8;2025-08-27;1;ter plaatse;gezien;imago;onbekend;178056.63954875615;179632.2604592666;4.767816666666667;50.92632;FS2443;Wezemaal/Holsbeek/Kortrijk-Dutsel - Hagelandse Vallei;Holsbeek;Holsbeek;Vlaams-Brabant;Observation;J;Goedgekeurd op basis van bewijsmateriaal;1980-01-01;4;;5;Dagvlinders;Pieridae;2026-07-08;725;S;vrij algemeen
287224795;287224795;Gele luzernevlinder;Colias hyale;2023-09-07;9;2023-09-08;1;ter plaatse;gezien;imago;onbekend;179850.61486715154;184852.5371897072;4.793758392333984;50.9731559753418;FS2548;Betekom - Vorsdonkbos;Aarschot;Gelrode;Vlaams-Brabant;ObsMapp;J;Goedgekeurd op basis van bewijsmateriaal;1980-01-01;3;;3;Dagvlinders;Pieridae;2026-07-08;725;S;vrij algemeen
288013908;288013908;Gele luzernevlinder;Colias hyale;2023-09-15;9;2023-09-15;1;langstrekkend west;gezien;imago;Vrouw;206138.55481559396;183869.7547866553;5.167865753173828;50.96237182617188;FS5247;Schulensbroek - Binnenbekken Oost;Herk-de-Stad;Schulen;Limburg;copied observation;J;Goedgekeurd op basis van kennisregels - nabijheid;1980-01-01;3;;3;Dagvlinders;Pieridae;2026-07-08;725;S;vrij algemeen
369588210;369588210;Gele luzernevlinder;Colias hyale;2025-08-20;8;2025-08-20;1;ter plaatse;onbekend;imago;onbekend;178250.91750126408;185152.65735532064;4.771005999999943;50.975934;FS2448;Rotselaar - Demermeanders;Rotselaar;Rotselaar;Vlaams-Brabant;Site;J;Goedgekeurd op basis van bewijsmateriaal;1980-01-01;3;;30;Dagvlinders;Pieridae;2026-07-08;725;S;vrij algemeen
288012570;288012570;Gele luzernevlinder;Colias hyale;2023-09-15;9;2023-09-15;1;foeragerend;gezien;imago;onbekend;206111.71353790903;183845.56611242425;5.167480000000069;50.962157;FS5247;Schulensbroek - Buitenbekken Oost;Herk-de-Stad;Schulen;Limburg;Site;J;Goedgekeurd op basis van bewijsmateriaal;1980-01-01;3;;25;Dagvlinders;Pieridae;2026-07-08;725;S;vrij algemeen
288850569;288850569;Gele luzernevlinder;Colias hyale;2023-09-24;9;2023-09-25;1;ter plaatse;gezien;imago;onbekend;210896.4564474841;206961.1957748765;5.239444000000049;51.169444;FS5671;Balen - De Most;Balen;Balen;Antwerpen;Site;J;Goedgekeurd op basis van bewijsmateriaal;1980-01-01;4;;25;Dagvlinders;Pieridae;2026-07-08;725;S;vrij algemeen
287491489;287491489;Gele luzernevlinder;Colias hyale;2023-09-10;9;2023-09-10;1;ter plaatse;onbekend;imago;onbekend;172729.43679037128;201474.76892740745;4.693407464748305;51.122894287109375;FS1864;Lier/Berlaar - Grote Netevallei;Heist-op-den-Berg;Itegem;Antwerpen;ObsIdentify;J;Goedgekeurd op basis van bewijsmateriaal;1980-01-01;3;;7;Dagvlinders;Pieridae;2026-07-08;725;S;vrij algemeen
288013909;288013909;Gele luzernevlinder;Colias hyale;2023-09-15;9;2023-09-15;1;langstrekkend noord;gezien;imago;Man;206182.02309427672;183886.77435723413;5.168487071990967;50.962520599365234;FS5247;Schulensbroek - Binnenbekken Oost;Herk-de-Stad;Schulen;Limburg;copied observation;J;Goedgekeurd op basis van kennisregels - nabijheid;1980-01-01;3;;3;Dagvlinders;Pieridae;2026-07-08;725;S;vrij algemeen
288013897;288013897;Gele luzernevlinder;Colias hyale;2023-09-15;9;2023-09-15;1;langstrekkend oost;gezien;imago;Vrouw;206110.40817214845;183851.627349481;5.167462348937988;50.96221160888672;FS5247;Schulensbroek - Buitenbekken Oost;Herk-de-Stad;Schulen;Limburg;copied observation;J;Goedgekeurd op basis van kennisregels - nabijheid;1980-01-01;3;;3;Dagvlinders;Pieridae;2026-07-08;725;S;vrij algemeen
371322950;371322950;Gele luzernevlinder;Colias hyale;2025-09-01;9;2025-09-01;1;ter plaatse;onbekend;imago;Vrouw;215102.3957620184;183701.31789521876;5.2954205;50.9599207;FS6147;Kuringen - Herkenrode;Hasselt;Kuringen;Limburg;ObsIdentify;J;Goedgekeurd op basis van bewijsmateriaal;1980-01-01;3;;2;Dagvlinders;Pieridae;2026-07-08;725;S;vrij algemeen
370611860;370611860;Gele luzernevlinder;Colias hyale;2025-08-25;8;2025-08-27;1;ter plaatse;gezien;imago;onbekend;149539.4807122691;205914.7608413631;4.362173080444336;51.16325219314624;ES9568;Antwerpen - Schoonselhof;Antwerpen;Wilrijk;Antwerpen;Site;J;Goedgekeurd op basis van bewijsmateriaal;1980-01-01;4;;15;Dagvlinders;Pieridae;2026-07-08;725;S;vrij algemeen
288012305;288012305;Gele luzernevlinder;Colias hyale;2023-09-15;9;2023-09-15;1;foeragerend;gezien;imago;onbekend;206111.71353790903;183845.56611242425;5.167480000000069;50.962157;FS5247;Schulensbroek - Buitenbekken Oost;Herk-de-Stad;Schulen;Limburg;Site;J;Goedgekeurd op basis van kennisregels - automatische beeldherkenning (NIA);1980-01-01;3;;25;Dagvlinders;Pieridae;2026-07-08;725;S;vrij algemeen
327611862;327611862;Gele luzernevlinder;Colias hyale;2024-08-25;8;2024-09-09;1;ter plaatse;gezien;imago;onbekend;206443.00984383505;183946.15443736225;5.172211000000061;50.963029;FS5247;Schulensbroek - Buitenbekken Oost;Herk-de-Stad;Schulen;Limburg;Site;J;Goedgekeurd op basis van bewijsmateriaal;1980-01-01;3;;4;Dagvlinders;Pieridae;2026-07-08;725;S;vrij algemeen
374660699;374660699;Gele luzernevlinder;Colias hyale;2025-09-29;9;2025-10-01;1;ter plaatse;onbekend;imago;onbekend;206188.2734578432;183878.778352052;5.168574810028076;50.96244812011719;FS5247;Schulensbroek - Binnenbekken Oost;Herk-de-Stad;Schulen;Limburg;ObsMapp;J;Goedgekeurd op basis van kennisregels - nabijheid;1980-01-01;3;;1;Dagvlinders;Pieridae;2026-07-08;725;S;vrij algemeen
289142893;289142893;Gele luzernevlinder;Colias hyale;2023-09-28;9;2023-09-28;1;ter plaatse;gezien;imago;Vrouw;174979.633759575;197846.20917920768;4.725297912955284;51.090185366658005;FS2061;Hallaar - Averegten - Hallaarse Aard;Heist-op-den-Berg;Hallaar;Antwerpen;ObsMapp;J;Goedgekeurd op basis van bewijsmateriaal;1980-01-01;3;;5;Dagvlinders;Pieridae;2026-07-08;725;S;vrij algemeen
323359453;323359453;Gele luzernevlinder;Colias hyale;2024-08-08;8;2024-08-08;1;eileggend;onbekend;imago;Vrouw;232316.1258333622;189164.47814723945;5.541633000000047;51.006836;FS7853;D73223 Terril Waterschei centraal;As;As;Limburg;ObsMapp;J;Goedgekeurd op basis van bewijsmateriaal;1980-01-01;3;;2;Dagvlinders;Pieridae;2026-07-08;725;S;vrij algemeen
396340456;396340456;Gele luzernevlinder;Colias hyale;2026-05-04;5;2026-05-04;1;ter plaatse;onbekend;imago;onbekend;157536.61877224114;205581.79173112847;4.476490020751953;51.16020965576172;FS0368;Hove - Frijthout - Inrichting Frijthout;Hove;Hove;Antwerpen;ObsMapp;J;Goedgekeurd op basis van bewijsmateriaal;1980-01-01;3;;3;Dagvlinders;Pieridae;2026-07-08;725;S;vrij algemeen
369821959;369821959;Gele luzernevlinder;Colias hyale;2025-08-22;8;2025-08-22;1;ter plaatse;onbekend;imago;onbekend;226552.61220843237;192284.7356287781;5.460177898406982;51.03567123413086;FS7256;Meeuwen/Helchteren - Militair Domein (Strikt ontoegankelijk);Houthalen-Helchteren;Houthalen;Limburg;ObsMapp;J;Goedgekeurd op basis van bewijsmateriaal;1980-01-01;4;;3;Dagvlinders;Pieridae;2026-07-08;725;S;vrij algemeen
361551674;361551674;Gele luzernevlinder;Colias hyale;2025-07-08;7;2025-07-08;1;ter plaatse;onbekend;imago;onbekend;201486.507301973;179469.75615256;5.1010318;50.9232528;FS4743;  ;Halen;Halen;Limburg;ObsIdentify;J;Goedgekeurd op basis van bewijsmateriaal;1980-01-01;3;;999;Dagvlinders;Pieridae;2026-07-08;725;S;vrij algemeen
323359451;323359451;Gele luzernevlinder;Colias hyale;2024-08-08;8;2024-08-08;2;ter plaatse;onbekend;ei;onbekend;232314.9539197593;189163.1245036861;5.541615999999976;51.006824;FS7853;D73223 Terril Waterschei centraal;As;As;Limburg;ObsMapp;J;Goedgekeurd op basis van bewijsmateriaal;1980-01-01;3;;1;Dagvlinders;Pieridae;2026-07-08;725;S;vrij algemeen
371177210;371177210;Gele luzernevlinder;Colias hyale;2025-08-31;8;2025-08-31;1;ter plaatse;onbekend;imago;onbekend;231896.3219276656;205006.51243578363;5.539212367655093;51.1492796656408;FS7769;Abeekvallei Grote Brogel;Peer;Grote-Brogel;Limburg;iObs;J;Goedgekeurd op basis van kennisregels - nabijheid;1980-01-01;3;;57;Dagvlinders;Pieridae;2026-07-08;725;S;vrij algemeen
370902633;370902633;Gele luzernevlinder;Colias hyale;2025-08-29;8;2025-08-29;1;ter plaatse;gezien;imago;onbekend;218716.59597689757;217550.73929722796;5.353251456690487;51.26374094053775;FS6481;Lommel - Vloeiweiden (kern);Lommel;Lommel;Limburg;Site;J;Goedgekeurd op basis van bewijsmateriaal;2025-12-30;3;;15;Dagvlinders;Pieridae;2026-07-08;725;S;vrij algemeen
285798325;285798325;Gele luzernevlinder;Colias hyale;2023-08-26;8;2023-08-26;1;ter plaatse;gezien;imago;onbekend;187035.0540071486;187826.8828443531;4.896346569061279;50.99947738647461;FS3351;Langdorp - Demerdonken;Aarschot;Langdorp;Vlaams-Brabant;ObsMapp;J;Goedgekeurd op basis van bewijsmateriaal;1980-01-01;3;;4;Dagvlinders;Pieridae;2026-07-08;725;S;vrij algemeen
397292972;397292972;Gele luzernevlinder;Colias hyale;2026-05-09;5;2026-05-09;2;ter plaatse;onbekend;imago;onbekend;153278.3497207451;196335.4534494318;4.415534973144531;51.0771369934082;ES9959;Heindonk - Bovenzanden;Willebroek;Heindonk;Antwerpen;ObsMapp;J;Goedgekeurd op basis van bewijsmateriaal;1980-01-01;3;;5;Dagvlinders;Pieridae;2026-07-08;725;S;vrij algemeen
371847971;371847971;Gele luzernevlinder;Colias hyale;2025-09-06;9;2025-09-06;1;ter plaatse;gezien;imago;onbekend;181496.991098698;176736.7712564245;4.816500662709586;50.90011525071059;FS2740;  ;Lubbeek;Lubbeek;Vlaams-Brabant;Site;J;Goedgekeurd op basis van bewijsmateriaal;1980-01-01;3;;30;Dagvlinders;Pieridae;2026-07-08;725;S;vrij algemeen
367590434;367590434;Gele luzernevlinder;Colias hyale;2025-08-07;8;2025-08-09;1;ter plaatse;gezien;imago;Man;210502.46595772728;196993.71657738928;5.232152938842773;51.0798966890988;FS5661;Beringen - spoor (midden);Beringen;Beverlo;Limburg;Site;J;Goedgekeurd op basis van bewijsmateriaal;1980-01-01;4;;3;Dagvlinders;Pieridae;2026-07-08;725;S;vrij algemeen
370180151;370180151;Gele luzernevlinder;Colias hyale;2025-08-24;8;2025-08-24;1;foeragerend;gezien;imago;Vrouw;168405.22774908945;206881.37142346703;4.631918430328369;51.17164611816406;FS1470;Kleine Netevallei - Treydbeemd;Ranst;Emblem;Antwerpen;ObsMapp;J;Goedgekeurd op basis van bewijsmateriaal;1980-01-01;3;;3;Dagvlinders;Pieridae;2026-07-08;725;S;vrij algemeen
371177238;371177238;Gele luzernevlinder;Colias hyale;2025-08-31;8;2025-08-31;1;ter plaatse;onbekend;imago;onbekend;232119.25528089184;205029.734317556;5.542403232053869;51.14945672492071;FS7769;Abeekvallei Grote Brogel;Peer;Grote-Brogel;Limburg;iObs;J;Goedgekeurd op basis van kennisregels - nabijheid;1980-01-01;3;;8;Dagvlinders;Pieridae;2026-07-08;725;S;vrij algemeen
287454594;287454594;Gele luzernevlinder;Colias hyale;2023-09-09;9;2023-09-09;1;ter plaatse;onbekend;imago;onbekend;167964.25524562312;187393.7549039051;4.62465057;50.99648999;FS1450;Keerbergen - Broekelei;Keerbergen;Keerbergen;Vlaams-Brabant;Site;J;Goedgekeurd op basis van bewijsmateriaal;1980-01-01;4;met de acht goed zichtbaar op de ondervleugel;10;Dagvlinders;Pieridae;2026-07-08;725;S;vrij algemeen
369576517;369576517;Gele luzernevlinder;Colias hyale;2025-08-20;8;2025-08-20;1;ter plaatse;gezien;imago;onbekend;210792.29888619305;207244.1197406063;5.238002299738582;51.1719978821329;FS5671;Balen - De Most;Balen;Balen;Antwerpen;Site;J;Goedgekeurd op basis van bewijsmateriaal;2025-12-30;3;één vlinder die het op kruiskruid gemunt had en van bloem tot bloem vloog.;15;Dagvlinders;Pieridae;2026-07-08;725;S;vrij algemeen
370180750;370180750;Gele luzernevlinder;Colias hyale;2025-08-24;8;2025-08-24;1;foeragerend;gezien;imago;Vrouw;167376.0304990586;206103.7169984784;4.617165565490723;51.16468811035156;FS1369;Kleine Netevallei - Treydbeemd;Ranst;Emblem;Antwerpen;ObsMapp;J;Goedgekeurd op basis van bewijsmateriaal;1980-01-01;3;;3;Dagvlinders;Pieridae;2026-07-08;725;S;vrij algemeen
395712547;395712547;Gele luzernevlinder;Colias hyale;2026-05-01;5;2026-05-01;1;foeragerend;gezien;imago;Man;227940.0212014247;186661.838737648;5.478756427764893;50.98494720458984;FS7351;Genk - Terril Winterslag;Genk;Genk;Limburg;ObsMapp;J;Goedgekeurd op basis van bewijsmateriaal;1980-01-01;3;;4;Dagvlinders;Pieridae;2026-07-08;725;S;vrij algemeen
372028962;372028962;Gele luzernevlinder;Colias hyale;2025-09-07;9;2025-09-07;2;ter plaatse;onbekend;imago;onbekend;232121.8078808313;205062.61235993635;5.542447138893648;51.14975185371425;FS7769;Abeekvallei Grote Brogel;Peer;Grote-Brogel;Limburg;iObs;J;Goedgekeurd op basis van bewijsmateriaal;1980-01-01;3;;26;Dagvlinders;Pieridae;2026-07-08;725;S;vrij algemeen
285944008;285944008;Gele luzernevlinder;Colias hyale;2023-08-27;8;2023-08-27;1;ter plaatse;onbekend;imago;onbekend;187433.15569956956;187798.5504746465;4.902014732651878;50.99919711433424;FS3351;Langdorp - Demerdonken;Aarschot;Langdorp;Vlaams-Brabant;Site;J;Goedgekeurd op basis van bewijsmateriaal;1980-01-01;3;;15;Dagvlinders;Pieridae;2026-07-08;725;S;vrij algemeen
371177258;371177258;Gele luzernevlinder;Colias hyale;2025-08-31;8;2025-08-31;1;ter plaatse;onbekend;imago;onbekend;232122.0287403065;205030.1801970806;5.542442964452566;51.14946033800364;FS7769;Abeekvallei Grote Brogel;Peer;Grote-Brogel;Limburg;iObs;J;Goedgekeurd op basis van kennisregels - nabijheid;1980-01-01;3;;12;Dagvlinders;Pieridae;2026-07-08;725;S;vrij algemeen
395714630;395714630:4378972;Gele luzernevlinder;Colias hyale;2026-05-01;5;2026-05-01;1;Balts gedrag;gezien;imago;Vrouw;228103.13639811205;186500.88169505636;5.481044769287109;50.98347854614258;FS7450;Genk - Terril Winterslag;Genk;Genk;Limburg;ObsMapp;J;Goedgekeurd op basis van bewijsmateriaal;1980-01-01;3;;3;Dagvlinders;Pieridae;2026-07-08;725;S;vrij algemeen
366284017;366284017;Gele luzernevlinder;Colias hyale;2025-07-13;7;2025-08-01;1;ter plaatse;onbekend;imago;onbekend;189450.46942101407;197922.1395804379;4.931846618652344;51.09006118774414;FS3561;  ;Herselt;Herselt;Antwerpen;ObsMapp;J;Goedgekeurd op basis van kennisregels - nabijheid;1980-01-01;3;;7;Dagvlinders;Pieridae;2026-07-08;725;S;vrij algemeen
253935685;253935685;Gele luzernevlinder;Colias hyale;2022-09-02;9;2022-09-02;1;ter plaatse;onbekend;imago;Vrouw;228119.6694427493;186552.4698846489;5.4812912;50.98394;FS7450;Genk - Terril Winterslag;Genk;Genk;Limburg;Site;J;Goedgekeurd op basis van bewijsmateriaal;1980-01-01;3;;15;Dagvlinders;Pieridae;2026-07-08;725;S;vrij algemeen
395714602;395714602;Gele luzernevlinder;Colias hyale;2026-05-01;5;2026-05-01;2;foeragerend;gezien;imago;onbekend;228105.6741869679;186492.43144393712;5.4810791015625;50.98340225219727;FS7450;Genk - Terril Winterslag;Genk;Genk;Limburg;ObsMapp;J;Goedgekeurd op basis van bewijsmateriaal;1980-01-01;3;;3;Dagvlinders;Pieridae;2026-07-08;725;S;vrij algemeen
367049451;367049451;Gele luzernevlinder;Colias hyale;2025-08-06;8;2025-08-06;1;ter plaatse;gezien;imago;onbekend;232753.41365016383;190031.7095919168;5.548058986663818;51.01456832885742;FS7854;D73221 - Terril Klaverberg eo;As;As;Limburg;ObsMapp;J;Goedgekeurd op basis van expertoordeel;1980-01-01;3;;1;Dagvlinders;Pieridae;2026-07-08;725;S;vrij algemeen
367246055;367246055;Gele luzernevlinder;Colias hyale;2025-08-07;8;2025-08-07;1;ter plaatse;gezien;imago;onbekend;210895.26637856947;206973.18114172667;5.239428997039795;51.169551849365234;FS5671;Balen - De Most;Balen;Balen;Antwerpen;ObsMapp;J;Goedgekeurd op basis van expertoordeel;1980-01-01;3;;2;Dagvlinders;Pieridae;2026-07-08;725;S;vrij algemeen
372593145;372593145;Gele luzernevlinder;Colias hyale;2025-09-12;9;2025-09-12;1;ter plaatse;onbekend;imago;onbekend;203764.2258299742;183163.8053144524;5.13396683789324;50.95625126476016;FS4947;Schulensbroek - Binnenbekken West;Herk-de-Stad;Schulen;Limburg;Site;J;Goedgekeurd op basis van bewijsmateriaal;1980-01-01;3;;30;Dagvlinders;Pieridae;2026-07-08;725;S;vrij algemeen
285944312;285944312;Gele luzernevlinder;Colias hyale;2023-08-27;8;2023-08-27;1;ter plaatse;onbekend;imago;onbekend;188161.4257036925;187974.12775840983;4.912407398078358;51.00072782200839;FS3451;Langdorp - Demerdonken;Aarschot;Langdorp;Vlaams-Brabant;Site;J;Goedgekeurd op basis van bewijsmateriaal;1980-01-01;3;;7;Dagvlinders;Pieridae;2026-07-08;725;S;vrij algemeen
286567857;286567857;Gele luzernevlinder;Colias hyale;2023-09-01;9;2023-09-01;1;ter plaatse;onbekend;imago;onbekend;185400.87685093892;209359.2196221277;4.875162000000046;51.193125;FS3172;Olen - Olensbroek Centrum;Olen;Olen;Antwerpen;copied observation;J;Goedgekeurd op basis van bewijsmateriaal;1980-01-01;3;;7;Dagvlinders;Pieridae;2026-07-08;725;S;vrij algemeen
286850032;286850032;Gele luzernevlinder;Colias hyale;2023-09-03;9;2023-09-04;1;ter plaatse;onbekend;imago;onbekend;198417.53843192727;217759.08747367372;5.062478000000056;51.267677;FS4381;  ;Retie;Retie;Antwerpen;copied observation;J;Goedgekeurd op basis van bewijsmateriaal;1980-01-01;3;;3;Dagvlinders;Pieridae;2026-07-08;725;S;vrij algemeen
287157314;287157314;Gele luzernevlinder;Colias hyale;2023-09-07;9;2023-09-07;5;ter plaatse;onbekend;imago;onbekend;200584.40388025023;185403.9045897238;5.089021682739258;50.9766731262207;FS4649;Gennep - Snippenweide - Rotbroek;Halen;Zelem;Limburg;ObsMapp;J;Goedgekeurd op basis van bewijsmateriaal;1980-01-01;3;;4;Dagvlinders;Pieridae;2026-07-08;725;S;vrij algemeen
361744281;361744281;Gele luzernevlinder;Colias hyale;2025-07-09;7;2025-07-09;1;foeragerend;gezien;imago;Man;163278.98844288505;201386.70573789533;4.558421372930752;51.12239768692985;FS0964;Beneden Netevallei - GGG Pallieterpolder;Lier;Lier;Antwerpen;Site;J;Goedgekeurd op basis van bewijsmateriaal;1980-01-01;3;;7;Dagvlinders;Pieridae;2026-07-08;725;S;vrij algemeen
374657535;374657535;Gele luzernevlinder;Colias hyale;2025-09-30;9;2025-10-01;1;ter plaatse;onbekend;imago;Man;211926.8023694747;207335.1154478565;5.254238128662109;51.17269515991211;FS5771;Balen - De Most;Balen;Balen;Antwerpen;ObsMapp;J;Goedgekeurd op basis van kennisregels - nabijheid;1980-01-01;3;;3;Dagvlinders;Pieridae;2026-07-08;725;S;vrij algemeen
372008884;372008884;Gele luzernevlinder;Colias hyale;2025-09-07;9;2025-09-07;1;ter plaatse;onbekend;imago;onbekend;211972.66029413545;207452.3799290927;5.254913806915283;51.17374420166016;FS5771;Balen - De Most;Balen;Balen;Antwerpen;ObsMapp;J;Goedgekeurd op basis van kennisregels - nabijheid;1980-01-01;3;;4;Dagvlinders;Pieridae;2026-07-08;725;S;vrij algemeen
372426751;372426751;Gele luzernevlinder;Colias hyale;2025-09-10;9;2025-09-11;1;ter plaatse;onbekend;imago;onbekend;210897.1484547037;207457.8954720162;5.239537239074707;51.17390823364258;FS5671;Balen - De Most;Balen;Balen;Antwerpen;ObsMapp;J;Goedgekeurd op basis van kennisregels - nabijheid;1980-01-01;3;;3;Dagvlinders;Pieridae;2026-07-08;725;S;vrij algemeen
372008616;372008616;Gele luzernevlinder;Colias hyale;2025-09-07;9;2025-09-07;1;ter plaatse;onbekend;imago;onbekend;211691.58157258196;207561.92738788572;5.250913619995117;51.17475891113281;FS5771;Balen - De Most;Balen;Balen;Antwerpen;ObsMapp;J;Goedgekeurd op basis van kennisregels - nabijheid;1980-01-01;3;;10;Dagvlinders;Pieridae;2026-07-08;725;S;vrij algemeen
371764190;371764190;Gele luzernevlinder;Colias hyale;2025-09-05;9;2025-09-05;1;ter plaatse;onbekend;imago;onbekend;211891.16727578503;207683.14351664484;5.253787994384766;51.17582702636719;FS5771;Balen - De Most;Balen;Balen;Antwerpen;ObsMapp;J;Goedgekeurd op basis van kennisregels - nabijheid;1980-01-01;3;;6;Dagvlinders;Pieridae;2026-07-08;725;S;vrij algemeen
369593639;369593639;Gele luzernevlinder;Colias hyale;2025-08-20;8;2025-08-20;1;ter plaatse;onbekend;imago;onbekend;211758.7130700065;207606.866275358;5.251881122589111;51.17515563964844;FS5771;Balen - De Most;Balen;Balen;Antwerpen;ObsMapp;J;Goedgekeurd op basis van kennisregels - nabijheid;1980-01-01;3;;3;Dagvlinders;Pieridae;2026-07-08;725;S;vrij algemeen
252855302;252855302;Gele luzernevlinder;Colias hyale;2022-08-20;8;2022-08-20;1;foeragerend;onbekend;imago;onbekend;162798.71111107882;200691.32704301455;4.551537;51.116158;FS0863;Beneden Netevallei - Anderstad;Lier;Lier;Antwerpen;Site;J;Goedgekeurd op basis van bewijsmateriaal;1980-01-01;3;;7;Dagvlinders;Pieridae;2026-07-08;725;S;vrij algemeen
368406999;368406999;Gele luzernevlinder;Colias hyale;2025-08-13;8;2025-08-13;1;ter plaatse;onbekend;imago;Man;228410.88513954083;186609.0329148956;5.485450029373169;50.98440907734273;FS7451;Genk - Terril Winterslag;Genk;Genk;Limburg;Site;J;Goedgekeurd op basis van kennisregels - nabijheid;1980-01-01;3;;8;Dagvlinders;Pieridae;2026-07-08;725;S;vrij algemeen
370706097;370706097;Gele luzernevlinder;Colias hyale;2025-08-26;8;2025-08-27;1;ter plaatse;onbekend;imago;Man;223559.30309021616;180463.2624791097;5.415131091940566;50.92980486531255;FS6944;Diepenbeek - De Dijken;Diepenbeek;Diepenbeek;Limburg;Site;J;Goedgekeurd op basis van bewijsmateriaal;1980-01-01;3;;15;Dagvlinders;Pieridae;2026-07-08;725;S;vrij algemeen
394494188;394494188;Gele luzernevlinder;Colias hyale;2026-04-24;4;2026-04-25;3;ter plaatse;onbekend;imago;onbekend;227820.92063693775;186570.2506963564;5.477040999999986;50.98414;FS7350;Genk - Terril Winterslag;Genk;Genk;Limburg;Site;J;Goedgekeurd op basis van bewijsmateriaal;1980-01-01;3;;15;Dagvlinders;Pieridae;2026-07-08;725;S;vrij algemeen
287465591;287465591;Gele luzernevlinder;Colias hyale;2023-09-09;9;2023-09-09;4;ter plaatse;onbekend;imago;onbekend;139437.58495851076;217142.09939248025;4.217434883117676;51.26407241821289;ES8479;Verrebroek - Verrebroekse Plassen (VEPL);Beveren;Kallo;Oost-Vlaanderen;ObsMapp;J;Goedgekeurd op basis van bewijsmateriaal;1980-01-01;3;;5;Dagvlinders;Pieridae;2026-07-08;725;S;vrij algemeen
370194007;370194007;Gele luzernevlinder;Colias hyale;2025-08-24;8;2025-08-24;1;ter plaatse;onbekend;imago;onbekend;228156.24728106905;186507.6199136088;5.481802463531494;50.9835319519043;FS7450;Genk - Terril Winterslag;Genk;Genk;Limburg;ObsMapp;J;Goedgekeurd op basis van bewijsmateriaal;1980-01-01;3;;5;Dagvlinders;Pieridae;2026-07-08;725;S;vrij algemeen
360792431;360792431;Gele luzernevlinder;Colias hyale;2025-07-04;7;2025-07-04;1;foeragerend;gezien;imago;onbekend;182347.3148251772;190129.723056878;4.829771995544434;51.02045822143555;FS2853;  ;Herselt;Ramsel;Antwerpen;ObsMapp;J;Goedgekeurd op basis van bewijsmateriaal;1980-01-01;3;;1;Dagvlinders;Pieridae;2026-07-08;725;S;vrij algemeen
363875258;363875258;Gele luzernevlinder;Colias hyale;2025-07-19;7;2025-07-19;1;ter plaatse;gezien;imago;onbekend;182360.9784842169;190143.8125846824;4.829967975616455;51.02058410644531;FS2853;  ;Herselt;Ramsel;Antwerpen;ObsMapp;J;Goedgekeurd op basis van kennisregels - nabijheid;1980-01-01;3;;3;Dagvlinders;Pieridae;2026-07-08;725;S;vrij algemeen
369274076;369274076;Gele luzernevlinder;Colias hyale;2025-08-18;8;2025-08-18;2;ter plaatse;gezien;imago;onbekend;182462.5929739538;190138.0799737284;4.83141565322876;51.02052688598633;FS2853;  ;Herselt;Ramsel;Antwerpen;ObsMapp;J;Goedgekeurd op basis van bewijsmateriaal;1980-01-01;3;;2;Dagvlinders;Pieridae;2026-07-08;725;S;vrij algemeen
294848436;294848436;Gele luzernevlinder;Colias hyale;2023-09-27;9;2023-12-19;1;ter plaatse;onbekend;imago;onbekend;205513.70743601728;183881.2548494907;5.158973695943132;50.96253535995493;FS5147;Schulensbroek - Binnenbekken Oost;Herk-de-Stad;Schulen;Limburg;Site;J;Goedgekeurd op basis van bewijsmateriaal;1980-01-01;3;;30;Dagvlinders;Pieridae;2026-07-08;725;S;vrij algemeen
287825422;287825422;Gele luzernevlinder;Colias hyale;2022-08-29;8;2023-09-13;1;ter plaatse;onbekend;imago;Man;179753.2845413178;181671.2312486721;4.79211399999997;50.944564;FS2545;  ;Holsbeek;Nieuwrode;Vlaams-Brabant;Site;J;Goedgekeurd op basis van bewijsmateriaal;1980-01-01;3;;8;Dagvlinders;Pieridae;2026-07-08;725;S;vrij algemeen
369084023;369084023;Gele luzernevlinder;Colias hyale;2025-08-17;8;2025-08-17;2;ter plaatse;gezien;imago;onbekend;182481.5570146001;190128.43759766035;4.8316850662231445;51.02043914794922;FS2853;  ;Herselt;Ramsel;Antwerpen;ObsMapp;J;Goedgekeurd op basis van bewijsmateriaal;1980-01-01;3;;6;Dagvlinders;Pieridae;2026-07-08;725;S;vrij algemeen
368555276;368555276;Gele luzernevlinder;Colias hyale;2025-08-14;8;2025-08-14;1;ter plaatse;gezien;imago;onbekend;182355.1959658719;190008.3993281601;4.829873561859131;51.01936721801758;FS2853;Herentals/Aarschot - Kempen-Hagelandroute;Herselt;Ramsel;Antwerpen;ObsMapp;J;Goedgekeurd op basis van kennisregels - nabijheid;1980-01-01;3;;3;Dagvlinders;Pieridae;2026-07-08;725;S;vrij algemeen
375464474;375464474;Gele luzernevlinder;Colias hyale;2025-10-09;10;2025-10-09;1;ter plaatse;onbekend;imago;onbekend;209815.35919953653;197128.4196152119;5.222370599722223;51.08117889972223;FS5561;Beverlo - Vallei van de Grote Beek - Visvijvers Pauwels;Beringen;Beverlo;Limburg;ObsIdentify;J;Goedgekeurd op basis van bewijsmateriaal;1980-01-01;3;;999;Dagvlinders;Pieridae;2026-07-08;725;S;vrij algemeen
406628236;406628236;Gele luzernevlinder;Colias hyale;2026-06-22;6;2026-06-22;1;ter plaatse;onbekend;imago;Man;175065.7833721124;185924.8605445251;4.7257079999999405;50.983022;FS2149;Tremelo - Ossebeemden-Geetsvondel;Rotselaar;Werchter;Vlaams-Brabant;Site;J;Goedgekeurd op basis van bewijsmateriaal;1980-01-01;3;;999;Dagvlinders;Pieridae;2026-07-08;725;S;vrij algemeen
288072509;288072509;Gele luzernevlinder;Colias hyale;2023-09-16;9;2023-09-16;3;ter plaatse;onbekend;imago;onbekend;205902.80497805303;183868.4637987884;5.164510000000064;50.962383;FS5147;Schulensbroek - Buitenbekken Oost;Herk-de-Stad;Schulen;Limburg;ObsMapp;J;Goedgekeurd op basis van kennisregels - automatische beeldherkenning (NIA);1980-01-01;3;;5;Dagvlinders;Pieridae;2026-07-08;725;S;vrij algemeen
368101966;368101966;Gele luzernevlinder;Colias hyale;2025-08-11;8;2025-08-11;1;foeragerend;gezien;imago;onbekend;182469.25980084756;190131.3314941013;4.831510066986084;51.02046585083008;FS2853;  ;Herselt;Ramsel;Antwerpen;ObsMapp;J;Goedgekeurd op basis van bewijsmateriaal;1980-01-01;3;;4;Dagvlinders;Pieridae;2026-07-08;725;S;vrij algemeen
269866854;269866854;Gele luzernevlinder;Colias hyale;2023-05-01;5;2023-05-01;1;ter plaatse;onbekend;imago;onbekend;206299.26185635792;183897.3870776184;5.1701574309845455;50.96260462166829;FS5247;Schulensbroek - Buitenbekken Oost;Herk-de-Stad;Schulen;Limburg;Site;J;Goedgekeurd op basis van bewijsmateriaal;1980-01-01;3;;30;Dagvlinders;Pieridae;2026-07-08;725;S;vrij algemeen
370184807;370184807;Gele luzernevlinder;Colias hyale;2025-08-24;8;2025-08-24;1;ter plaatse;gezien;imago;onbekend;182358.1761000444;190158.64846386388;4.829929351806641;51.02071762084961;FS2853;  ;Herselt;Ramsel;Antwerpen;ObsMapp;J;Goedgekeurd op basis van kennisregels - nabijheid;1980-01-01;3;;3;Dagvlinders;Pieridae;2026-07-08;725;S;vrij algemeen
368101878;368101878;Gele luzernevlinder;Colias hyale;2025-08-11;8;2025-08-11;1;foeragerend;gezien;imago;onbekend;182357.99113026852;190139.97457969096;4.829925060272217;51.02054977416992;FS2853;  ;Herselt;Ramsel;Antwerpen;ObsMapp;J;Goedgekeurd op basis van bewijsmateriaal;1980-01-01;3;;4;Dagvlinders;Pieridae;2026-07-08;725;S;vrij algemeen
371451347;371451347;Gele luzernevlinder;Colias hyale;2025-09-01;9;2025-09-02;1;foeragerend;gezien;imago;onbekend;182351.7988086062;190108.10754634533;4.829833984375;51.020263671875;FS2853;  ;Herselt;Ramsel;Antwerpen;ObsMapp;J;Goedgekeurd op basis van kennisregels - nabijheid;1980-01-01;3;;2;Dagvlinders;Pieridae;2026-07-08;725;S;vrij algemeen
408810215;408810215;Gele luzernevlinder;Colias hyale;2026-07-03;7;2026-07-03;1;ter plaatse;onbekend;imago;Man;139434.79822295523;220719.42380027476;4.217290878295898;51.29622591992333;ES8483;Kieldrecht - Nieuwe Arenbergpolder (NAPO);Beveren;Doel;Oost-Vlaanderen;Site;J;Goedgekeurd op basis van bewijsmateriaal;1980-01-01;3;;30;Dagvlinders;Pieridae;2026-07-08;725;S;vrij algemeen
371903099;371903099;Gele luzernevlinder;Colias hyale;2025-09-05;9;2025-09-06;1;ter plaatse;onbekend;imago;onbekend;183820.96237894945;208282.0998452846;4.852461666666667;51.18353833333333;FS2971;Herentals - Hellekens - Buiten Ring;Herentals;Herentals;Antwerpen;ObsIdentify;J;Goedgekeurd op basis van bewijsmateriaal;1980-01-01;3;;1;Dagvlinders;Pieridae;2026-07-08;725;S;vrij algemeen
286922944;286922944;Gele luzernevlinder;Colias hyale;2023-09-04;9;2023-09-04;1;ter plaatse;onbekend;imago;onbekend;184071.1845691448;208297.45972575247;4.856041666666666;51.183661666666666;FS2971;Herentals - Hellekens - Buiten Ring;Herentals;Herentals;Antwerpen;ObsIdentify;J;Goedgekeurd op basis van bewijsmateriaal;1980-01-01;3;;5;Dagvlinders;Pieridae;2026-07-08;725;S;vrij algemeen
371451271;371451271;Gele luzernevlinder;Colias hyale;2025-09-02;9;2025-09-02;1;foeragerend;gezien;imago;onbekend;182353.59407784208;190115.33317549992;4.829860210418701;51.02032852172852;FS2853;  ;Herselt;Ramsel;Antwerpen;ObsMapp;J;Goedgekeurd op basis van bewijsmateriaal;1980-01-01;3;;1;Dagvlinders;Pieridae;2026-07-08;725;S;vrij algemeen
368199334;368199334;Gele luzernevlinder;Colias hyale;2025-08-11;8;2025-08-12;1;ter plaatse;onbekend;imago;onbekend;191395.655841071;206257.99185249305;4.960559199722223;51.1648513;FS3769;  ;Geel;Geel;Antwerpen;ObsIdentify;J;Goedgekeurd op basis van bewijsmateriaal;1980-01-01;3;;999;Dagvlinders;Pieridae;2026-07-08;725;S;vrij algemeen
371416649;371416649;Gele luzernevlinder;Colias hyale;2025-09-02;9;2025-09-02;1;ter plaatse;onbekend;imago;onbekend;171869.5123241922;205413.3750691153;4.6813624;51.15833;FS1768;  ;Nijlen;Nijlen;Antwerpen;ObsIdentify;J;Goedgekeurd op basis van bewijsmateriaal;1980-01-01;3;;47;Dagvlinders;Pieridae;2026-07-08;725;S;vrij algemeen
371027806;371027806;Gele luzernevlinder;Colias hyale;2025-08-30;8;2025-08-30;1;ter plaatse;onbekend;imago;onbekend;219897.3222085511;184372.63567825037;5.363791666666667;50.96539666666666;FS6548;Hasselt - Natuurgebied Kiewit;Hasselt;Hasselt;Limburg;ObsIdentify;J;Goedgekeurd op basis van bewijsmateriaal;1980-01-01;3;;5;Dagvlinders;Pieridae;2026-07-08;725;S;vrij algemeen
270189556;270189556;Gele luzernevlinder;Colias hyale;2023-05-03;5;2023-05-03;1;ter plaatse;onbekend;imago;onbekend;206312.262947614;183907.2484670775;5.170344;50.962692;FS5247;Schulensbroek - Buitenbekken Oost;Herk-de-Stad;Schulen;Limburg;ObsMapp;J;Goedgekeurd op basis van bewijsmateriaal;1980-01-01;3;;7;Dagvlinders;Pieridae;2026-07-08;725;S;vrij algemeen
367943783;367943783;Gele luzernevlinder;Colias hyale;2025-08-10;8;2025-08-10;1;ter plaatse;gezien;imago;onbekend;182360.37833798;189998.24643857495;4.829946517944336;51.0192756652832;FS2853;Herentals/Aarschot - Kempen-Hagelandroute;Herselt;Ramsel;Antwerpen;ObsMapp;J;Goedgekeurd op basis van kennisregels - nabijheid;1980-01-01;3;;1;Dagvlinders;Pieridae;2026-07-08;725;S;vrij algemeen
367171965;367171965;Gele luzernevlinder;Colias hyale;2025-08-04;8;2025-08-06;1;ter plaatse;gezien;imago;onbekend;182476.59018508787;190141.5623793881;4.831615447998047;51.02055740356445;FS2853;  ;Herselt;Ramsel;Antwerpen;ObsMapp;J;Goedgekeurd op basis van kennisregels - nabijheid;1980-01-01;3;;2;Dagvlinders;Pieridae;2026-07-08;725;S;vrij algemeen
361841041;361841041;Gele luzernevlinder;Colias hyale;2025-07-09;7;2025-07-09;1;ter plaatse;gezien;imago;onbekend;182395.06919333263;190138.93219713867;4.830453395843506;51.020538330078125;FS2853;  ;Herselt;Ramsel;Antwerpen;ObsMapp;J;Goedgekeurd op basis van bewijsmateriaal;1980-01-01;3;;5;Dagvlinders;Pieridae;2026-07-08;725;S;vrij algemeen
370340972;370340972;Gele luzernevlinder;Colias hyale;2025-08-25;8;2025-08-25;1;ter plaatse;gezien;imago;onbekend;182454.18257437024;190166.8853634186;4.831298351287842;51.02078628540039;FS2853;  ;Herselt;Ramsel;Antwerpen;ObsMapp;J;Goedgekeurd op basis van kennisregels - nabijheid;1980-01-01;3;;2;Dagvlinders;Pieridae;2026-07-08;725;S;vrij algemeen
370813809;370813809;Gele luzernevlinder;Colias hyale;2025-08-27;8;2025-08-28;1;foeragerend;gezien;imago;onbekend;182355.03358101696;190109.82518477552;4.829880237579346;51.02027893066406;FS2853;  ;Herselt;Ramsel;Antwerpen;ObsMapp;J;Goedgekeurd op basis van bewijsmateriaal;1980-01-01;3;;1;Dagvlinders;Pieridae;2026-07-08;725;S;vrij algemeen
370813675;370813675;Gele luzernevlinder;Colias hyale;2025-08-28;8;2025-08-28;1;foeragerend;gezien;imago;onbekend;182361.7656076777;190146.3637629645;4.829979419708252;51.020606994628906;FS2853;  ;Herselt;Ramsel;Antwerpen;ObsMapp;J;Goedgekeurd op basis van kennisregels - nabijheid;1980-01-01;3;;6;Dagvlinders;Pieridae;2026-07-08;725;S;vrij algemeen
369433667;369433667;Gele luzernevlinder;Colias hyale;2025-08-19;8;2025-08-19;1;ter plaatse;onbekend;imago;onbekend;205351.1079904305;183043.9616026329;5.156532764434815;50.95502471923828;FS5147;Schulensbroek - Langdoncken;Herk-de-Stad;Schulen;Limburg;ObsMapp;J;Goedgekeurd op basis van kennisregels - nabijheid;1980-01-01;4;;2;Dagvlinders;Pieridae;2026-07-08;725;S;vrij algemeen
287635152;287635152;Gele luzernevlinder;Colias hyale;2023-09-11;9;2023-09-11;1;ter plaatse;onbekend;imago;onbekend;204015.86839819897;191506.42934147548;5.138780555555556;51.031216666666666;FS4955;Schaffen - Busselberg;Diest;Schaffen;Vlaams-Brabant;ObsMapp;J;Goedgekeurd op basis van bewijsmateriaal;1980-01-01;4;;999;Dagvlinders;Pieridae;2026-07-08;725;S;vrij algemeen
363278857;363278857;Gele luzernevlinder;Colias hyale;2025-07-16;7;2025-07-16;1;ter plaatse;gezien;imago;onbekend;182386.8555790442;190114.69137940745;4.830334186553955;51.020320892333984;FS2853;  ;Herselt;Ramsel;Antwerpen;ObsMapp;J;Goedgekeurd op basis van expertoordeel;1980-01-01;3;;7;Dagvlinders;Pieridae;2026-07-08;725;S;vrij algemeen
371028268;371028268;Gele luzernevlinder;Colias hyale;2025-08-30;8;2025-08-30;1;ter plaatse;onbekend;imago;onbekend;219897.3222085511;184372.63567825037;5.363791666666667;50.96539666666666;FS6548;Hasselt - Natuurgebied Kiewit;Hasselt;Hasselt;Limburg;ObsIdentify;J;Goedgekeurd op basis van bewijsmateriaal;1980-01-01;3;;5;Dagvlinders;Pieridae;2026-07-08;725;S;vrij algemeen
370677827;370677827;Gele luzernevlinder;Colias hyale;2025-08-26;8;2025-08-27;1;ter plaatse;onbekend;onbekend;onbekend;206329.64381827865;183927.1434924379;5.170594453593367;50.96286914168916;FS5247;Schulensbroek - Binnenbekken Oost;Herk-de-Stad;Schulen;Limburg;Site;J;Goedgekeurd op basis van bewijsmateriaal;1980-01-01;3;;4;Dagvlinders;Pieridae;2026-07-08;725;S;vrij algemeen
288821840;288821840;Gele luzernevlinder;Colias hyale;2023-09-24;9;2023-09-24;1;ter plaatse;onbekend;imago;onbekend;187127.1785682432;180182.16387010735;4.896883333333333;50.930753333333335;FS3343;Sint-Joris-Winge - Walenbos;Tielt-Winge;Tielt;Vlaams-Brabant;ObsIdentify;J;Goedgekeurd op basis van bewijsmateriaal;1980-01-01;3;;5;Dagvlinders;Pieridae;2026-07-08;725;S;vrij algemeen
270917950;270917950;Gele luzernevlinder;Colias hyale;2023-05-08;5;2023-05-08;1;ter plaatse;onbekend;imago;onbekend;206050.2353454921;183859.60079185665;5.1666071;50.96228909972223;FS5247;Schulensbroek - Binnenbekken Oost;Herk-de-Stad;Schulen;Limburg;ObsIdentify;J;Goedgekeurd op basis van bewijsmateriaal;1980-01-01;3;;999;Dagvlinders;Pieridae;2026-07-08;725;S;vrij algemeen
270916302;270916302;Gele luzernevlinder;Colias hyale;2023-05-08;5;2023-05-08;1;ter plaatse;onbekend;onbekend;onbekend;206043.4959939712;183859.7619744232;5.1665112;50.9622912;FS5247;Schulensbroek - Binnenbekken Oost;Herk-de-Stad;Schulen;Limburg;ObsIdentify;J;Goedgekeurd op basis van bewijsmateriaal;1980-01-01;3;;999;Dagvlinders;Pieridae;2026-07-08;725;S;vrij algemeen
359209082;359209082;Gele luzernevlinder;Colias hyale;2025-06-27;6;2025-06-27;1;ter plaatse;onbekend;imago;onbekend;152179.9061076246;218905.8782989988;4.3999994;51.2800172;ES9781;Ekeren - Bospolder - Bospolder;Antwerpen;Antwerpen;Antwerpen;ObsIdentify;J;Goedgekeurd op basis van bewijsmateriaal;1980-01-01;4;;4;Dagvlinders;Pieridae;2026-07-08;725;S;vrij algemeen
253075572;253075572;Gele luzernevlinder;Colias hyale;2022-08-23;8;2022-08-23;1;foeragerend;gezien;imago;onbekend;182343.6609535408;190125.4565357687;4.82971954345703;51.0204200744629;FS2853;Herentals/Aarschot - Kempen-Hagelandroute;Herselt;Ramsel;Antwerpen;ObsMapp;J;Goedgekeurd op basis van bewijsmateriaal;2007-01-01;3;;4;Dagvlinders;Pieridae;2026-07-08;725;S;vrij algemeen
407613136;407613136;Gele luzernevlinder;Colias hyale;2026-06-27;6;2026-06-27;1;foeragerend;gezien;imago;Man;182434.0918722741;190142.5687922677;4.831009861111111;51.020568833333336;FS2853;  ;Herselt;Ramsel;Antwerpen;ObsMapp;J;Goedgekeurd op basis van bewijsmateriaal;1980-01-01;3;;999;Dagvlinders;Pieridae;2026-07-08;725;S;vrij algemeen
369402652;369402652;Gele luzernevlinder;Colias hyale;2025-08-19;8;2025-08-19;1;ter plaatse;gezien;imago;onbekend;182459.77562318827;190133.81859049667;4.8313751220703125;51.02048873901367;FS2853;  ;Herselt;Ramsel;Antwerpen;ObsMapp;J;Goedgekeurd op basis van bewijsmateriaal;1980-01-01;3;;1;Dagvlinders;Pieridae;2026-07-08;725;S;vrij algemeen
369723601;369723601;Gele luzernevlinder;Colias hyale;2025-08-21;8;2025-08-21;1;zonnend;gezien;imago;onbekend;182453.55721490196;190122.3215251742;4.83128547668457;51.0203857421875;FS2853;  ;Herselt;Ramsel;Antwerpen;ObsMapp;J;Goedgekeurd op basis van bewijsmateriaal;1980-01-01;3;;2;Dagvlinders;Pieridae;2026-07-08;725;S;vrij algemeen
374811192;374811192;Gele luzernevlinder;Colias hyale;2025-10-02;10;2025-10-02;1;ter plaatse;onbekend;imago;Man;221045.49893265485;180147.21959737875;5.379315614554798;50.92727732643328;FS6744;Diepenbeek - Sluisbemden;Diepenbeek;Diepenbeek;Limburg;Site;J;Goedgekeurd op basis van bewijsmateriaal;1980-01-01;3;;4;Dagvlinders;Pieridae;2026-07-08;725;S;vrij algemeen
253686495;253686495;Gele luzernevlinder;Colias hyale;2022-08-30;8;2022-08-30;2;ter plaatse;onbekend;imago;onbekend;163308.41241789123;201388.55551243108;4.55884170532227;51.1224136352539;FS0964;Beneden Netevallei - GGG Pallieterpolder;Lier;Lier;Antwerpen;ObsMapp;J;Goedgekeurd op basis van kennisregels - nabijheid;2007-01-01;3;;1;Dagvlinders;Pieridae;2026-07-08;725;S;vrij algemeen
370519040;370519040;Gele luzernevlinder;Colias hyale;2025-08-26;8;2025-08-26;1;ter plaatse;gezien;imago;onbekend;182466.07221517715;190154.2281393921;4.831466674804688;51.02067184448242;FS2853;  ;Herselt;Ramsel;Antwerpen;ObsMapp;J;Goedgekeurd op basis van kennisregels - nabijheid;1980-01-01;3;;1;Dagvlinders;Pieridae;2026-07-08;725;S;vrij algemeen
254225080;254225080;Gele luzernevlinder;Colias hyale;2022-09-05;9;2022-09-06;1;ter plaatse;gezien;imago;onbekend;189290.3773763403;197925.3557140194;4.929562;51.090101;FS3561;  ;Westerlo;Westerlo;Antwerpen;Site;J;Goedgekeurd op basis van bewijsmateriaal;1980-01-01;4;;5;Dagvlinders;Pieridae;2026-07-08;725;S;vrij algemeen
371244167;371244167;Gele luzernevlinder;Colias hyale;2025-08-30;8;2025-08-31;2;foeragerend;gezien;imago;onbekend;182856.04418133743;180538.6317495881;4.836160580692649;50.934215387262775;FS2944;Nieuwrode - Kasteel van Horst;Holsbeek;Nieuwrode;Vlaams-Brabant;Site;J;Goedgekeurd op basis van bewijsmateriaal;1980-01-01;4;;8;Dagvlinders;Pieridae;2026-07-08;725;S;vrij algemeen
254622583;254622583;Gele luzernevlinder;Colias hyale;2022-09-11;9;2022-09-11;40;ter plaatse;onbekend;imago;onbekend;207050.58546867289;189241.692646957;5.181685;51.010569;FS5353;Lummen - Laren - Zuid;Lummen;Lummen;Limburg;Site;J;Goedgekeurd op basis van bewijsmateriaal;1980-01-01;3;;25;Dagvlinders;Pieridae;2026-07-08;725;S;vrij algemeen
395801031;395801031;Gele luzernevlinder;Colias hyale;2026-05-02;5;2026-05-02;1;ter plaatse;onbekend;imago;onbekend;206196.55914915263;183879.78883348405;5.1686929;50.9624564;FS5247;Schulensbroek - Binnenbekken Oost;Herk-de-Stad;Schulen;Limburg;ObsIdentify;J;Goedgekeurd op basis van bewijsmateriaal;1980-01-01;3;;25;Dagvlinders;Pieridae;2026-07-08;725;S;vrij algemeen
341303515;341303515;Gele luzernevlinder;Colias hyale;2023-09-27;9;2025-03-17;3;foeragerend;gezien;imago;onbekend;205482.6613697861;182013.04571193643;5.158248810127134;50.94574552142731;FS5146;Schulensbroek - Halbeek;Herk-de-Stad;Herk-de-Stad;Limburg;Site;J;Goedgekeurd op basis van bewijsmateriaal;1980-01-01;4;;30;Dagvlinders;Pieridae;2026-07-08;725;S;vrij algemeen
254621899;254621899;Gele luzernevlinder;Colias hyale;2022-09-11;9;2022-09-11;2;in copula;onbekend;imago;onbekend;207106.96077483636;189590.75505076628;5.1825428;51.013701;FS5353;Lummen - Laren - Zuid;Lummen;Lummen;Limburg;Site;J;Goedgekeurd op basis van bewijsmateriaal;1980-01-01;3;;25;Dagvlinders;Pieridae;2026-07-08;725;S;vrij algemeen
254622350;254622350;Gele luzernevlinder;Colias hyale;2022-09-11;9;2022-09-11;1;ter plaatse;onbekend;imago;onbekend;207262.3744718283;190247.18716682863;5.1848602;51.019586;FS5354;Lummen - Laren - Zuid;Lummen;Lummen;Limburg;Site;J;Goedgekeurd op basis van bewijsmateriaal;1980-01-01;3;;25;Dagvlinders;Pieridae;2026-07-08;725;S;vrij algemeen
370716804;370716804;Gele luzernevlinder;Colias hyale;2025-08-26;8;2025-08-28;1;foeragerend;gezien;imago;onbekend;182828.90096306524;180542.3693719916;4.83577478864288;50.93425052264737;FS2844;Nieuwrode - Kasteel van Horst;Holsbeek;Nieuwrode;Vlaams-Brabant;Site;J;Goedgekeurd op basis van bewijsmateriaal;1980-01-01;4;;4;Dagvlinders;Pieridae;2026-07-08;725;S;vrij algemeen
370716772;370716772;Gele luzernevlinder;Colias hyale;2025-08-26;8;2025-08-28;1;foeragerend;gezien;imago;onbekend;182839.2622064716;180518.01368306857;4.835919999999987;50.934031;FS2944;Nieuwrode - Kasteel van Horst;Holsbeek;Nieuwrode;Vlaams-Brabant;Site;J;Goedgekeurd op basis van bewijsmateriaal;1980-01-01;4;;4;Dagvlinders;Pieridae;2026-07-08;725;S;vrij algemeen
370716742;370716742;Gele luzernevlinder;Colias hyale;2025-08-26;8;2025-08-28;1;foeragerend;gezien;imago;onbekend;182839.2517740857;180518.0065379292;4.835919850953815;50.93403093636242;FS2944;Nieuwrode - Kasteel van Horst;Holsbeek;Nieuwrode;Vlaams-Brabant;Site;J;Goedgekeurd op basis van bewijsmateriaal;1980-01-01;4;;4;Dagvlinders;Pieridae;2026-07-08;725;S;vrij algemeen
370716698;370716698;Gele luzernevlinder;Colias hyale;2025-08-26;8;2025-08-28;1;foeragerend;gezien;imago;onbekend;182836.9842013297;180519.872712926;4.835887760888568;50.93404784003648;FS2944;Nieuwrode - Kasteel van Horst;Holsbeek;Nieuwrode;Vlaams-Brabant;Site;J;Goedgekeurd op basis van bewijsmateriaal;1980-01-01;4;;4;Dagvlinders;Pieridae;2026-07-08;725;S;vrij algemeen
370652273;370652273;Gele luzernevlinder;Colias hyale;2025-08-27;8;2025-08-27;2;ter plaatse;onbekend;imago;onbekend;186749.3456616885;231162.0965059055;4.8966713;51.3890028;FS3194;  ;Merksplas;Merksplas;Antwerpen;Observation;J;Goedgekeurd op basis van kennisregels - nabijheid;1980-01-01;3;;37;Dagvlinders;Pieridae;2026-07-08;725;S;vrij algemeen
289171706;289171706:3154789;Gele luzernevlinder;Colias hyale;2023-09-28;9;2023-09-29;2;ter plaatse;onbekend;imago;Man;141705.58189488464;224956.29160879087;4.249749000000065;51.334344;ES8787;Doel - Paardenschor (PASC);Beveren;Doel;Oost-Vlaanderen;Site;J;Goedgekeurd op basis van bewijsmateriaal;1980-01-01;3;;30;Dagvlinders;Pieridae;2026-07-08;725;S;vrij algemeen
289171706;289171706:3154788;Gele luzernevlinder;Colias hyale;2023-09-28;9;2023-09-29;1;ter plaatse;onbekend;imago;Vrouw;141705.58189488464;224956.29160879087;4.249749000000065;51.334344;ES8787;Doel - Paardenschor (PASC);Beveren;Doel;Oost-Vlaanderen;Site;J;Goedgekeurd op basis van bewijsmateriaal;1980-01-01;3;;30;Dagvlinders;Pieridae;2026-07-08;725;S;vrij algemeen
407861016;407861016;Gele luzernevlinder;Colias hyale;2026-06-27;6;2026-06-28;2;foeragerend;gezien;imago;onbekend;179513.3710491806;181562.32244037;4.788691556813433;50.94359727261533;FS2545;  ;Holsbeek;Nieuwrode;Vlaams-Brabant;Site;J;Goedgekeurd op basis van bewijsmateriaal;1980-01-01;4;;4;Dagvlinders;Pieridae;2026-07-08;725;S;vrij algemeen
220980360;220980360;Gele luzernevlinder;Colias hyale;2021-07-21;7;2021-07-24;1;ter plaatse;gezien;imago;onbekend;227743.8171863593;186626.2860790901;5.475955;50.984654;FS7351;Genk - Terril Winterslag;Genk;Genk;Limburg;Site;J;Goedgekeurd op basis van bewijsmateriaal;1980-01-01;4;;15;Dagvlinders;Pieridae;2026-07-08;725;S;vrij algemeen
220978884;220978884;Gele luzernevlinder;Colias hyale;2021-07-21;7;2021-07-24;1;ter plaatse;gezien;imago;onbekend;228230.55335774296;186877.00394820797;5.4829395;50.986842;FS7451;Genk - Terril Winterslag;Genk;Genk;Limburg;Site;J;Goedgekeurd op basis van bewijsmateriaal;1980-01-01;4;;25;Dagvlinders;Pieridae;2026-07-08;725;S;vrij algemeen
406711902;406711902;Gele luzernevlinder;Colias hyale;2026-06-22;6;2026-06-22;1;foeragerend;gezien;imago;onbekend;173696.85165749738;186098.4436338991;4.706225000000018;50.98464;FS1949;Tremelo - Laekdal;Tremelo;Tremelo;Vlaams-Brabant;Site;J;Goedgekeurd op basis van bewijsmateriaal;1980-01-01;4;;30;Dagvlinders;Pieridae;2026-07-08;725;S;vrij algemeen
363485318;363485318;Gele luzernevlinder;Colias hyale;2025-07-17;7;2025-07-17;1;foeragerend;gezien;imago;onbekend;174714.4641945895;188208.1049547391;4.720859527587891;51.00356122814731;FS2051;  ;Tremelo;Tremelo;Vlaams-Brabant;Site;J;Goedgekeurd op basis van bewijsmateriaal;1980-01-01;4;;15;Dagvlinders;Pieridae;2026-07-08;725;S;vrij algemeen
286361820;286361820;Gele luzernevlinder;Colias hyale;2023-08-29;8;2023-08-30;1;ter plaatse;gezien;imago;onbekend;227438.42600748417;187139.53132838663;5.471715000000017;50.989308;FS7351;Genk - Terril Winterslag;Genk;Genk;Limburg;Site;J;Goedgekeurd op basis van bewijsmateriaal;1980-01-01;3;;15;Dagvlinders;Pieridae;2026-07-08;725;S;vrij algemeen
287019363;287019363;Gele luzernevlinder;Colias hyale;2023-09-03;9;2023-09-05;1;ter plaatse;onbekend;imago;onbekend;204705.52557983005;219822.44986753725;5.152877569198608;51.28565902594015;FS5083;Postel - Omgeving Ronde Put;Mol;Mol;Antwerpen;Site;J;Goedgekeurd op basis van bewijsmateriaal;1980-01-01;3;;15;Dagvlinders;Pieridae;2026-07-08;725;S;vrij algemeen
313474281;313474281;Gele luzernevlinder;Colias hyale;2024-06-07;6;2024-06-07;1;ter plaatse;onbekend;imago;onbekend;205779.7094087642;183862.4723355528;5.162757000000056;50.962341;FS5147;Schulensbroek - Binnenbekken Oost;Herk-de-Stad;Schulen;Limburg;ObsMapp;J;Goedgekeurd op basis van bewijsmateriaal;1980-01-01;3;;3;Dagvlinders;Pieridae;2026-07-08;725;S;vrij algemeen
252659068;252659068;Gele luzernevlinder;Colias hyale;2022-08-18;8;2022-08-18;1;ter plaatse;onbekend;onbekend;onbekend;204795.8508722618;182888.22727120016;5.148607408632663;50.95367759936609;FS5046;Schulensbroek - Oosten Strandje;Herk-de-Stad;Schulen;Limburg;iObs;J;Goedgekeurd op basis van bewijsmateriaal;2007-01-01;4;;6;Dagvlinders;Pieridae;2026-07-08;725;S;vrij algemeen
371225317;371225317;Gele luzernevlinder;Colias hyale;2025-08-23;8;2025-08-31;1;ter plaatse;onbekend;imago;onbekend;178485.3586732945;195058.3795834314;4.7751172;51.06496409972222;FS2458;Booischot - Grote Netevallei - Bunders;Hulshout;Hulshout;Antwerpen;ObsIdentify;J;Goedgekeurd op basis van bewijsmateriaal;1980-01-01;3;;999;Dagvlinders;Pieridae;2026-07-08;725;S;vrij algemeen
284638905;284638905;Gele luzernevlinder;Colias hyale;2023-08-17;8;2023-08-17;1;ter plaatse;onbekend;imago;onbekend;205644.3308544809;183829.02199557144;5.160825;50.96205333333333;FS5147;Schulensbroek - Binnenbekken Oost;Herk-de-Stad;Schulen;Limburg;ObsIdentify;J;Goedgekeurd op basis van bewijsmateriaal;1980-01-01;4;;5;Dagvlinders;Pieridae;2026-07-08;725;S;vrij algemeen
270536875;270536875;Gele luzernevlinder;Colias hyale;2023-05-06;5;2023-05-06;1;ter plaatse;onbekend;imago;onbekend;205592.43518372212;183809.184695418;5.160083333333334;50.96188;FS5147;Schulensbroek - Binnenbekken Oost;Herk-de-Stad;Schulen;Limburg;ObsIdentify;J;Goedgekeurd op basis van bewijsmateriaal;1980-01-01;4;;5;Dagvlinders;Pieridae;2026-07-08;725;S;vrij algemeen
369959288;369959288;Gele luzernevlinder;Colias hyale;2025-08-23;8;2025-08-23;1;ter plaatse;onbekend;imago;onbekend;218623.8458749124;176200.8690208355;5.34413583577177;50.89209667877408;FS6440;  ;Hasselt;Sint-Lambrechts-Herk;Limburg;ObsIdentify;J;Goedgekeurd op basis van bewijsmateriaal;1980-01-01;3;;5;Dagvlinders;Pieridae;2026-07-08;725;S;vrij algemeen
370178520;370178520;Gele luzernevlinder;Colias hyale;2025-08-24;8;2025-08-24;2;ter plaatse;onbekend;imago;onbekend;206766.49526952684;185103.04386184923;5.176994800567627;50.97339630126953;FS5249;Schulensbroek - tussen Mangelbeek en Demer;Lummen;Lummen;Limburg;ObsMapp;J;Goedgekeurd op basis van bewijsmateriaal;1980-01-01;3;;3;Dagvlinders;Pieridae;2026-07-08;725;S;vrij algemeen
287095494;287095494;Gele luzernevlinder;Colias hyale;2023-09-06;9;2023-09-06;2;ter plaatse;onbekend;imago;onbekend;206135.9131177049;183869.30194310192;5.16782808303833;50.96236801147461;FS5247;Schulensbroek - Binnenbekken Oost;Herk-de-Stad;Schulen;Limburg;ObsMapp;J;Goedgekeurd op basis van kennisregels - nabijheid;1980-01-01;3;;6;Dagvlinders;Pieridae;2026-07-08;725;S;vrij algemeen
253257581;253257581;Gele luzernevlinder;Colias hyale;2022-08-25;8;2022-08-25;1;ter plaatse;onbekend;imago;onbekend;163040.18991963324;200721.07693707384;4.554986666666666;51.11642;FS0863;Beneden Netevallei - Anderstad;Lier;Lier;Antwerpen;ObsIdentify;J;Goedgekeurd op basis van kennisregels - automatische beeldherkenning (NIA);1980-01-01;3;;999;Dagvlinders;Pieridae;2026-07-08;725;S;vrij algemeen
370302138;370302138;Gele luzernevlinder;Colias hyale;2025-08-25;8;2025-08-25;1;ter plaatse;onbekend;imago;onbekend;187185.3929335668;232327.0150892064;4.903055555555556;51.39944444444444;FS3295;Baarle Hertog - Merkske - Kerkemoer;Baarle-Hertog;Baarle-Hertog;Antwerpen;ObsIdentify;J;Goedgekeurd op basis van bewijsmateriaal;1980-01-01;3;;999;Dagvlinders;Pieridae;2026-07-08;725;S;vrij algemeen
369946817;369946817;Gele luzernevlinder;Colias hyale;2025-08-23;8;2025-08-23;1;ter plaatse;onbekend;imago;onbekend;186902.25940530348;231366.8623064775;4.898888888888888;51.39083333333333;FS3294;Merksplas - Merkske - Moer;Merksplas;Merksplas;Antwerpen;ObsIdentify;J;Goedgekeurd op basis van bewijsmateriaal;1980-01-01;3;;999;Dagvlinders;Pieridae;2026-07-08;725;S;vrij algemeen
199317542;199317542;Gele luzernevlinder;Colias hyale;2020-08-30;8;2020-08-30;1;ter plaatse;gezien;imago;onbekend;208137.9214523693;183530.9056003373;5.1962699;50.959129;FS5447;  ;Herk-de-Stad;Schulen;Limburg;Site;J;Goedgekeurd op basis van bewijsmateriaal;1980-01-01;3;;8;Dagvlinders;Pieridae;2026-07-08;725;S;vrij algemeen
249697943;249697943;Gele luzernevlinder;Colias hyale;2022-07-20;7;2022-07-20;1;ter plaatse;gezien;imago;onbekend;235488.7477731513;207092.74590869807;5.591037;51.167509;FS8171;  ;Bocholt;Bocholt;Limburg;ObsIdentify;J;Goedgekeurd op basis van bewijsmateriaal;1980-01-01;4;;2;Dagvlinders;Pieridae;2026-07-08;725;S;vrij algemeen
367710842;367710842;Gele luzernevlinder;Colias hyale;2025-08-09;8;2025-08-09;1;ter plaatse;onbekend;imago;onbekend;206515.34710716215;183980.3487555608;5.173245906829834;50.96332931518555;FS5247;Schulensbroek - Binnenbekken Oost;Herk-de-Stad;Schulen;Limburg;ObsMapp;J;Goedgekeurd op basis van kennisregels - nabijheid;1980-01-01;3;;1;Dagvlinders;Pieridae;2026-07-08;725;S;vrij algemeen
253994339;253994339;Gele luzernevlinder;Colias hyale;2022-09-03;9;2022-09-03;1;ter plaatse;onbekend;imago;onbekend;204788.16461371284;183009.5801793709;5.1485161781311;50.9547691345215;FS5046;Schulensbroek - Oosten Strandje;Herk-de-Stad;Schulen;Limburg;ObsMapp;J;Goedgekeurd op basis van kennisregels - nabijheid;2007-01-01;3;;4;Dagvlinders;Pieridae;2026-07-08;725;S;vrij algemeen
287629295;287629295;Gele luzernevlinder;Colias hyale;2023-09-11;9;2023-09-11;1;ter plaatse;onbekend;imago;onbekend;205926.44708278865;183877.23528736643;5.1648478507995605;50.96245956420898;FS5247;Schulensbroek - Binnenbekken Oost;Herk-de-Stad;Schulen;Limburg;ObsMapp;J;Goedgekeurd op basis van kennisregels - nabijheid;1980-01-01;3;;3;Dagvlinders;Pieridae;2026-07-08;725;S;vrij algemeen
253994343;253994343;Gele luzernevlinder;Colias hyale;2022-09-03;9;2022-09-03;2;ter plaatse;onbekend;imago;onbekend;205614.63567571287;183813.64908323344;5.1604;50.961918;FS5147;Schulensbroek - Binnenbekken Oost;Herk-de-Stad;Schulen;Limburg;ObsMapp;J;Goedgekeurd op basis van bewijsmateriaal;2007-01-01;3;;5;Dagvlinders;Pieridae;2026-07-08;725;S;vrij algemeen
288072526;288072526;Gele luzernevlinder;Colias hyale;2023-09-16;9;2023-09-16;1;ter plaatse;onbekend;imago;onbekend;205602.35612408497;183814.77756432537;5.16022539138794;50.96192932128906;FS5147;Schulensbroek - Binnenbekken Oost;Herk-de-Stad;Schulen;Limburg;ObsMapp;J;Goedgekeurd op basis van kennisregels - nabijheid;1980-01-01;3;;5;Dagvlinders;Pieridae;2026-07-08;725;S;vrij algemeen
254094760;254094760;Gele luzernevlinder;Colias hyale;2022-09-04;9;2022-09-04;2;ter plaatse;onbekend;imago;onbekend;205632.0826053326;183818.0628221761;5.160649;50.961956;FS5147;Schulensbroek - Binnenbekken Oost;Herk-de-Stad;Schulen;Limburg;ObsMapp;J;Goedgekeurd op basis van kennisregels - automatische beeldherkenning (NIA);2007-01-01;3;;5;Dagvlinders;Pieridae;2026-07-08;725;S;vrij algemeen
370659653;370659653;Gele luzernevlinder;Colias hyale;2025-08-27;8;2025-08-27;1;ter plaatse;onbekend;imago;onbekend;180985.51232584665;193007.9934931761;4.810608379926959;51.04640505076372;FS2656;  ;Hulshout;Houtvenne;Antwerpen;ObsIdentify;J;Goedgekeurd op basis van bewijsmateriaal;1980-01-01;3;;8;Dagvlinders;Pieridae;2026-07-08;725;S;vrij algemeen
370660440;370660440;Gele luzernevlinder;Colias hyale;2025-08-27;8;2025-08-27;1;ter plaatse;onbekend;imago;onbekend;180966.7668376743;193001.5353804836;4.8103405269812605;51.04634800399906;FS2656;  ;Hulshout;Houtvenne;Antwerpen;ObsIdentify;J;Goedgekeurd op basis van bewijsmateriaal;1980-01-01;3;;9;Dagvlinders;Pieridae;2026-07-08;725;S;vrij algemeen
252820279;252820279;Gele luzernevlinder;Colias hyale;2022-08-20;8;2022-08-20;1;zonnend;gezien;imago;onbekend;155064.74723239517;198183.49293044957;4.4410515;51.0937357;FS0061;Rumst - Vosberg;Rumst;Rumst;Antwerpen;ObsMapp;J;Goedgekeurd op basis van bewijsmateriaal;2007-01-01;3;;999;Dagvlinders;Pieridae;2026-07-08;725;S;vrij algemeen
256309287;256309287;Gele luzernevlinder;Colias hyale;2022-10-06;10;2022-10-06;1;ter plaatse;onbekend;imago;onbekend;205773.66426223263;183853.9542010883;5.16266965866089;50.9622650146484;FS5147;Schulensbroek - Binnenbekken Oost;Herk-de-Stad;Schulen;Limburg;ObsMapp;J;Goedgekeurd op basis van kennisregels - nabijheid;2007-01-01;3;;4;Dagvlinders;Pieridae;2026-07-08;725;S;vrij algemeen
362284506;362284506;Gele luzernevlinder;Colias hyale;2025-07-11;7;2025-07-11;2;ter plaatse;onbekend;imago;onbekend;205234.81325198693;182932.81174484827;5.154860973358154;50.95403671264648;FS5146;Schulensbroek - Noordkant Herk;Herk-de-Stad;Schulen;Limburg;ObsMapp;J;Goedgekeurd op basis van kennisregels - nabijheid;1980-01-01;3;;1;Dagvlinders;Pieridae;2026-07-08;725;S;vrij algemeen
254094776;254094776;Gele luzernevlinder;Colias hyale;2022-09-04;9;2022-09-04;2;ter plaatse;onbekend;imago;onbekend;204434.81392323863;182777.1325167436;5.143453;50.952713;FS5046;Schulensbroek - Pijpenkop;Herk-de-Stad;Schulen;Limburg;ObsMapp;J;Goedgekeurd op basis van kennisregels - automatische beeldherkenning (NIA);2007-01-01;3;;11;Dagvlinders;Pieridae;2026-07-08;725;S;vrij algemeen
288982484;288982484;Gele luzernevlinder;Colias hyale;2023-09-26;9;2023-09-26;1;ter plaatse;onbekend;imago;onbekend;205578.10148805915;183787.33790942092;5.15987599999994;50.961685;FS5147;Schulensbroek - Nieuwe Zandhoop;Herk-de-Stad;Schulen;Limburg;ObsMapp;J;Goedgekeurd op basis van kennisregels - automatische beeldherkenning (NIA);1980-01-01;3;;5;Dagvlinders;Pieridae;2026-07-08;725;S;vrij algemeen
369567264;369567264;Gele luzernevlinder;Colias hyale;2025-08-20;8;2025-08-20;1;ter plaatse;onbekend;imago;onbekend;211649.304397022;206028.1620943109;5.250048637390137;51.16097804235514;FS5770;Bovenloop van de Grote Nete met Zammelsbroek Langdonken en Goor. - N2000;Balen;Balen;Antwerpen;Site;J;Goedgekeurd op basis van bewijsmateriaal;1980-01-01;3;;15;Dagvlinders;Pieridae;2026-07-08;725;S;vrij algemeen
371191848;371191848;Gele luzernevlinder;Colias hyale;2025-08-31;8;2025-08-31;1;ter plaatse;onbekend;imago;onbekend;211646.23134201329;206034.1144197881;5.250005722045898;51.16103186970477;FS5770;Bovenloop van de Grote Nete met Zammelsbroek Langdonken en Goor. - N2000;Balen;Balen;Antwerpen;Site;J;Goedgekeurd op basis van bewijsmateriaal;1980-01-01;3;;15;Dagvlinders;Pieridae;2026-07-08;725;S;vrij algemeen
253432842;253432842;Gele luzernevlinder;Colias hyale;2022-08-26;8;2022-08-27;1;ter plaatse;onbekend;imago;onbekend;162505.800997775;200665.13521535043;4.547353;51.115929;FS0863;Beneden Netevallei - Anderstad;Lier;Lier;Antwerpen;Site;J;Goedgekeurd op basis van kennisregels - automatische beeldherkenning (NIA);1980-01-01;3;;25;Dagvlinders;Pieridae;2026-07-08;725;S;vrij algemeen
369270904;369270904;Gele luzernevlinder;Colias hyale;2025-08-18;8;2025-08-18;1;ter plaatse;onbekend;imago;onbekend;205830.60874148685;183870.2662873119;5.163482666015625;50.96240615844727;FS5147;Schulensbroek - Binnenbekken Oost;Herk-de-Stad;Schulen;Limburg;ObsMapp;J;Goedgekeurd op basis van kennisregels - nabijheid;1980-01-01;3;;1;Dagvlinders;Pieridae;2026-07-08;725;S;vrij algemeen
370271528;370271528;Gele luzernevlinder;Colias hyale;2025-08-24;8;2025-08-25;1;ter plaatse;onbekend;onbekend;onbekend;210788.9404943839;207248.3955683792;5.237955;51.17203666666666;FS5671;Balen - De Most;Balen;Balen;Antwerpen;Observation;J;Goedgekeurd op basis van kennisregels - nabijheid;1980-01-01;3;;7;Dagvlinders;Pieridae;2026-07-08;725;S;vrij algemeen
369270911;369270911;Gele luzernevlinder;Colias hyale;2025-08-18;8;2025-08-18;1;ter plaatse;onbekend;imago;onbekend;206014.78580676133;183846.3548485078;5.16610050201416;50.96217346191406;FS5247;Schulensbroek - Buitenbekken Oost;Herk-de-Stad;Schulen;Limburg;ObsMapp;J;Goedgekeurd op basis van kennisregels - nabijheid;1980-01-01;3;;3;Dagvlinders;Pieridae;2026-07-08;725;S;vrij algemeen
286230720;286230720;Gele luzernevlinder;Colias hyale;2023-08-29;8;2023-08-29;1;ter plaatse;onbekend;imago;onbekend;207416.16459236116;185128.26273562387;5.186247999999978;50.973559;FS5349;Schulensbroek - tussen Mangelbeek en Demer;Lummen;Lummen;Limburg;ObsMapp;J;Goedgekeurd op basis van bewijsmateriaal;1980-01-01;3;;5;Dagvlinders;Pieridae;2026-07-08;725;S;vrij algemeen
374426759;374426759;Gele luzernevlinder;Colias hyale;2025-09-28;9;2025-09-28;1;ter plaatse;onbekend;imago;onbekend;205264.91003114736;182935.2526862556;5.155289649963379;50.95405578613281;FS5146;Schulensbroek - Noordkant Herk;Herk-de-Stad;Schulen;Limburg;ObsMapp;J;Goedgekeurd op basis van bewijsmateriaal;1980-01-01;3;;3;Dagvlinders;Pieridae;2026-07-08;725;S;vrij algemeen
253707462;253707462;Gele luzernevlinder;Colias hyale;2022-08-30;8;2022-08-30;1;ter plaatse;onbekend;imago;onbekend;189007.4638419822;180706.25604818572;4.923685;50.935341;FS3544;Tielt-Winge - Vallei van de Tieltse Motte;Tielt-Winge;Tielt;Vlaams-Brabant;Site;J;Goedgekeurd op basis van bewijsmateriaal;1980-01-01;3;;25;Dagvlinders;Pieridae;2026-07-08;725;S;vrij algemeen
253606482;253606482;Gele luzernevlinder;Colias hyale;2022-08-29;8;2022-08-29;1;ter plaatse;onbekend;imago;onbekend;163266.07170106188;201380.81117556617;4.558236666666667;51.122345;FS0964;Beneden Netevallei - GGG Pallieterpolder;Lier;Lier;Antwerpen;ObsIdentify;J;Goedgekeurd op basis van bewijsmateriaal;1980-01-01;3;;999;Dagvlinders;Pieridae;2026-07-08;725;S;vrij algemeen
288982489;288982489;Gele luzernevlinder;Colias hyale;2023-09-26;9;2023-09-26;2;ter plaatse;onbekend;imago;onbekend;205767.28557986155;183845.82256216928;5.162577629089356;50.96219253540039;FS5147;Schulensbroek - Langdoncken;Herk-de-Stad;Schulen;Limburg;ObsMapp;J;Goedgekeurd op basis van kennisregels - nabijheid;1980-01-01;3;;3;Dagvlinders;Pieridae;2026-07-08;725;S;vrij algemeen
367710756;367710756;Gele luzernevlinder;Colias hyale;2025-08-09;8;2025-08-09;1;ter plaatse;onbekend;imago;onbekend;204817.7996121578;182877.4831557786;5.148918151855469;50.95357894897461;FS5046;Schulensbroek - Oosten Strandje;Herk-de-Stad;Schulen;Limburg;ObsMapp;J;Goedgekeurd op basis van kennisregels - nabijheid;1980-01-01;3;;3;Dagvlinders;Pieridae;2026-07-08;725;S;vrij algemeen
288507238;288507238;Gele luzernevlinder;Colias hyale;2023-09-20;9;2023-09-20;3;ter plaatse;onbekend;imago;onbekend;205780.0130135168;183847.234213464;5.162759000000051;50.962204;FS5147;Schulensbroek - Langdoncken;Herk-de-Stad;Schulen;Limburg;ObsMapp;J;Goedgekeurd op basis van kennisregels - automatische beeldherkenning (NIA);1980-01-01;3;;4;Dagvlinders;Pieridae;2026-07-08;725;S;vrij algemeen
253780674;253780674;Gele luzernevlinder;Colias hyale;2022-08-31;8;2022-08-31;1;ter plaatse;onbekend;imago;onbekend;186823.68931419848;220209.59339698777;4.8966193;51.29056;FS3283;Grootenhout - Giels Bos (ANB);Vosselaar;Vosselaar;Antwerpen;Site;J;Goedgekeurd op basis van bewijsmateriaal;1980-01-01;3;;15;Dagvlinders;Pieridae;2026-07-08;725;S;vrij algemeen
286230714;286230714;Gele luzernevlinder;Colias hyale;2023-08-29;8;2023-08-29;1;ter plaatse;onbekend;imago;onbekend;206025.78791129743;183858.770575502;5.166258999999968;50.962284;FS5247;Schulensbroek - Binnenbekken Oost;Herk-de-Stad;Schulen;Limburg;ObsMapp;J;Goedgekeurd op basis van bewijsmateriaal;1980-01-01;3;;4;Dagvlinders;Pieridae;2026-07-08;725;S;vrij algemeen
270952765;270952765;Gele luzernevlinder;Colias hyale;2023-05-08;5;2023-05-08;2;ter plaatse;onbekend;imago;onbekend;206001.9625103335;183848.76337292977;5.165918350219727;50.962196350097656;FS5247;Schulensbroek - Binnenbekken Oost;Herk-de-Stad;Schulen;Limburg;ObsMapp;J;Goedgekeurd op basis van kennisregels - nabijheid;1980-01-01;3;;4;Dagvlinders;Pieridae;2026-07-08;725;S;vrij algemeen
286230690;286230690;Gele luzernevlinder;Colias hyale;2023-08-29;8;2023-08-29;2;ter plaatse;onbekend;imago;onbekend;205700.00604282695;183840.434804556;5.161619186401367;50.96215057373047;FS5147;Schulensbroek - Binnenbekken Oost;Herk-de-Stad;Schulen;Limburg;ObsMapp;J;Goedgekeurd op basis van kennisregels - nabijheid;1980-01-01;3;;3;Dagvlinders;Pieridae;2026-07-08;725;S;vrij algemeen
255094886;255094886;Gele luzernevlinder;Colias hyale;2022-09-19;9;2022-09-19;1;ter plaatse;onbekend;imago;onbekend;186469.997901959;219839.8170031011;4.891512;51.287259;FS3183;Grootenhout - Giels Bos (ANB);Lille;Gierle;Antwerpen;Site;J;Goedgekeurd op basis van expertoordeel;1980-01-01;3;;25;Dagvlinders;Pieridae;2026-07-08;725;S;vrij algemeen
288796958;288796958;Gele luzernevlinder;Colias hyale;2023-09-24;9;2023-09-24;1;ter plaatse;onbekend;imago;onbekend;204797.66096386407;182973.18275809567;5.148645877838135;50.95444107055664;FS5046;Schulensbroek - Oosten Strandje;Herk-de-Stad;Schulen;Limburg;ObsMapp;J;Goedgekeurd op basis van kennisregels - nabijheid;1980-01-01;3;;4;Dagvlinders;Pieridae;2026-07-08;725;S;vrij algemeen
286037482;286037482;Gele luzernevlinder;Colias hyale;2023-08-28;8;2023-08-28;2;ter plaatse;onbekend;imago;onbekend;205594.1008285375;183795.7411125414;5.16010499999993;50.961759;FS5147;Schulensbroek - Nieuwe Zandhoop;Herk-de-Stad;Schulen;Limburg;ObsMapp;J;Goedgekeurd op basis van kennisregels - automatische beeldherkenning (NIA);1980-01-01;3;;5;Dagvlinders;Pieridae;2026-07-08;725;S;vrij algemeen
373910413;373910413;Gele luzernevlinder;Colias hyale;2025-09-24;9;2025-09-24;1;ter plaatse;onbekend;imago;Man;189271.97725702068;197925.13761047277;4.929299354553223;51.09010028995101;FS3561;  ;Westerlo;Westerlo;Antwerpen;Site;J;Goedgekeurd op basis van bewijsmateriaal;1980-01-01;3;;30;Dagvlinders;Pieridae;2026-07-08;725;S;vrij algemeen
286894917;286894917;Gele luzernevlinder;Colias hyale;2023-09-04;9;2023-09-04;1;ter plaatse;onbekend;imago;Man;189331.9733075099;197943.5842713965;4.930157661437988;51.09026201979467;FS3561;  ;Westerlo;Westerlo;Antwerpen;Site;J;Goedgekeurd op basis van expertoordeel;1980-01-01;3;;15;Dagvlinders;Pieridae;2026-07-08;725;S;vrij algemeen
254415637;254415637;Gele luzernevlinder;Colias hyale;2022-09-05;9;2022-09-09;1;ter plaatse;onbekend;imago;Man;189340.86794212984;197960.11476983968;4.9302864;51.09041;FS3561;  ;Westerlo;Westerlo;Antwerpen;Site;J;Goedgekeurd op basis van bewijsmateriaal;1980-01-01;3;;15;Dagvlinders;Pieridae;2026-07-08;725;S;vrij algemeen
288982490;288982490;Gele luzernevlinder;Colias hyale;2023-09-26;9;2023-09-26;1;ter plaatse;onbekend;imago;onbekend;206037.09857143345;183845.76456602945;5.1664180000000215;50.962166;FS5247;Schulensbroek - Buitenbekken Oost;Herk-de-Stad;Schulen;Limburg;ObsMapp;J;Goedgekeurd op basis van kennisregels - nabijheid;1980-01-01;3;;5;Dagvlinders;Pieridae;2026-07-08;725;S;vrij algemeen
288883907;288883907;Gele luzernevlinder;Colias hyale;2023-09-25;9;2023-09-25;1;ter plaatse;onbekend;imago;onbekend;205056.8361819864;183594.6703183176;5.152427673339844;50.96000289916992;FS5147;Schulensbroek - Oosten Strandje;Herk-de-Stad;Schulen;Limburg;ObsMapp;J;Goedgekeurd op basis van kennisregels - nabijheid;1980-01-01;3;;3;Dagvlinders;Pieridae;2026-07-08;725;S;vrij algemeen
288982496;288982496;Gele luzernevlinder;Colias hyale;2023-09-26;9;2023-09-26;1;ter plaatse;onbekend;imago;onbekend;205635.63527625136;183826.16681264155;5.160700798034668;50.96202850341797;FS5147;Schulensbroek - Binnenbekken Oost;Herk-de-Stad;Schulen;Limburg;ObsMapp;J;Goedgekeurd op basis van kennisregels - nabijheid;1980-01-01;3;;5;Dagvlinders;Pieridae;2026-07-08;725;S;vrij algemeen
288883854;288883854;Gele luzernevlinder;Colias hyale;2023-09-25;9;2023-09-25;2;ter plaatse;onbekend;imago;onbekend;206470.5357105657;183953.15498329885;5.172603875398636;50.96308924538072;FS5247;Schulensbroek - Buitenbekken Oost;Herk-de-Stad;Schulen;Limburg;ObsMapp;J;Goedgekeurd op basis van kennisregels - nabijheid;1980-01-01;3;;5;Dagvlinders;Pieridae;2026-07-08;725;S;vrij algemeen
255149978;255149978;Gele luzernevlinder;Colias hyale;2022-09-20;9;2022-09-20;1;ter plaatse;onbekend;imago;Vrouw;189342.3396670328;197964.68726362477;4.9303079;51.090451;FS3561;  ;Westerlo;Westerlo;Antwerpen;Site;J;Goedgekeurd op basis van kennisregels - nabijheid;1980-01-01;3;;15;Dagvlinders;Pieridae;2026-07-08;725;S;vrij algemeen
287629242;287629242;Gele luzernevlinder;Colias hyale;2023-09-11;9;2023-09-11;2;ter plaatse;onbekend;imago;onbekend;205809.2541001235;183865.36929357704;5.163177967071533;50.962364196777344;FS5147;Schulensbroek - Binnenbekken Oost;Herk-de-Stad;Schulen;Limburg;ObsMapp;J;Goedgekeurd op basis van kennisregels - nabijheid;1980-01-01;3;;3;Dagvlinders;Pieridae;2026-07-08;725;S;vrij algemeen
254721728;254721728;Gele luzernevlinder;Colias hyale;2022-09-13;9;2022-09-13;1;ter plaatse;onbekend;imago;Vrouw;189136.0271907217;197910.6180184791;4.9273574;51.089979;FS3461;  ;Westerlo;Westerlo;Antwerpen;Site;J;Goedgekeurd op basis van kennisregels - nabijheid;1980-01-01;3;;7;Dagvlinders;Pieridae;2026-07-08;725;S;vrij algemeen
269872295;269872295;Gele luzernevlinder;Colias hyale;2023-05-01;5;2023-05-01;1;ter plaatse;onbekend;imago;onbekend;206449.2143391941;184384.38100186177;5.172366880497407;50.96696747090769;FS5248;Schulensbroek - Binnenbekken Oost;Herk-de-Stad;Schulen;Limburg;Site;J;Goedgekeurd op basis van bewijsmateriaal;1980-01-01;4;;30;Dagvlinders;Pieridae;2026-07-08;725;S;vrij algemeen
361564376;361564376;Gele luzernevlinder;Colias hyale;2025-07-08;7;2025-07-08;1;ter plaatse;onbekend;imago;onbekend;190965.8275058168;229522.0570349256;4.9570526;51.3739777;FS3693;Turnhouts Vennengebied;Turnhout;Turnhout;Antwerpen;ObsIdentify;J;Goedgekeurd op basis van bewijsmateriaal;1980-01-01;3;;10;Dagvlinders;Pieridae;2026-07-08;725;S;vrij algemeen
287629253;287629253;Gele luzernevlinder;Colias hyale;2023-09-11;9;2023-09-11;1;eileggend;onbekend;imago;Vrouw;204747.02255345785;183439.89470679036;5.147995000000037;50.958641;FS5047;Schulensbroek - Oosten Strandje;Herk-de-Stad;Schulen;Limburg;ObsMapp;J;Goedgekeurd op basis van bewijsmateriaal;1980-01-01;3;;5;Dagvlinders;Pieridae;2026-07-08;725;S;vrij algemeen
285508060;285508060;Gele luzernevlinder;Colias hyale;2023-08-23;8;2023-08-23;1;ter plaatse;onbekend;imago;onbekend;162855.43674038025;200537.79336993955;4.552341666666667;51.11477666666666;FS0863;Beneden Netevallei - Anderstad;Lier;Lier;Antwerpen;ObsIdentify;J;Goedgekeurd op basis van bewijsmateriaal;1980-01-01;3;;999;Dagvlinders;Pieridae;2026-07-08;725;S;vrij algemeen
288883868;288883868;Gele luzernevlinder;Colias hyale;2023-09-25;9;2023-09-25;1;ter plaatse;onbekend;imago;onbekend;206078.4619287994;183847.43323553356;5.167007000000012;50.962177;FS5247;Schulensbroek - Buitenbekken Oost;Herk-de-Stad;Schulen;Limburg;ObsMapp;J;Goedgekeurd op basis van kennisregels - automatische beeldherkenning (NIA);1980-01-01;3;;2;Dagvlinders;Pieridae;2026-07-08;725;S;vrij algemeen
285278594;285278594;Gele luzernevlinder;Colias hyale;2023-08-21;8;2023-08-21;2;ter plaatse;onbekend;imago;onbekend;206038.9673783003;183853.1639330052;5.166445732065768;50.96223232998064;FS5247;Schulensbroek - Binnenbekken Oost;Herk-de-Stad;Schulen;Limburg;ObsMapp;J;Goedgekeurd op basis van kennisregels - nabijheid;1980-01-01;3;;8;Dagvlinders;Pieridae;2026-07-08;725;S;vrij algemeen
370141546;370141546;Gele luzernevlinder;Colias hyale;2025-08-24;8;2025-08-24;1;ter plaatse;onbekend;imago;onbekend;153764.9748508339;191742.71530252972;4.4224308;51.0358502;ES9954;Heffen - Vorendonk;Mechelen;Leest;Antwerpen;ObsIdentify;J;Goedgekeurd op basis van bewijsmateriaal;1980-01-01;3;;8;Dagvlinders;Pieridae;2026-07-08;725;S;vrij algemeen
290409921;290409921;Gele luzernevlinder;Colias hyale;2023-10-11;10;2023-10-11;2;ter plaatse;onbekend;imago;onbekend;205585.7791099045;183792.092324052;5.159986000000004;50.961727;FS5147;Schulensbroek - Nieuwe Zandhoop;Herk-de-Stad;Schulen;Limburg;ObsMapp;J;Goedgekeurd op basis van kennisregels - automatische beeldherkenning (NIA);1980-01-01;3;;4;Dagvlinders;Pieridae;2026-07-08;725;S;vrij algemeen
395599773;395599773;Gele luzernevlinder;Colias hyale;2026-05-01;5;2026-05-01;1;ter plaatse;onbekend;imago;onbekend;194790.843115982;183561.39564280023;5.0063064;50.9605878;FS4047;Assent - Luienberg;Bekkevoort;Assent;Vlaams-Brabant;ObsIdentify;J;Goedgekeurd op basis van bewijsmateriaal;1980-01-01;3;;3;Dagvlinders;Pieridae;2026-07-08;725;S;vrij algemeen
256148723;256148723;Gele luzernevlinder;Colias hyale;2022-10-04;10;2022-10-04;3;ter plaatse;onbekend;imago;onbekend;206512.2745950196;183992.1842401484;5.173204;50.963436;FS5248;Schulensbroek - Binnenbekken Oost;Herk-de-Stad;Schulen;Limburg;ObsMapp;J;Goedgekeurd op basis van bewijsmateriaal;2007-01-01;3;;3;Dagvlinders;Pieridae;2026-07-08;725;S;vrij algemeen
256148720;256148720;Gele luzernevlinder;Colias hyale;2022-10-04;10;2022-10-04;1;ter plaatse;onbekend;imago;onbekend;206107.13776541172;183865.9870264465;5.167418;50.962341;FS5247;Schulensbroek - Binnenbekken Oost;Herk-de-Stad;Schulen;Limburg;ObsMapp;J;Goedgekeurd op basis van bewijsmateriaal;2007-01-01;3;;6;Dagvlinders;Pieridae;2026-07-08;725;S;vrij algemeen
256066116;256066116;Gele luzernevlinder;Colias hyale;2022-10-03;10;2022-10-03;2;ter plaatse;onbekend;imago;onbekend;205921.7504045178;183877.23337157723;5.164781;50.96246;FS5247;Schulensbroek - Binnenbekken Oost;Herk-de-Stad;Schulen;Limburg;ObsMapp;J;Goedgekeurd op basis van bewijsmateriaal;2007-01-01;3;;3;Dagvlinders;Pieridae;2026-07-08;725;S;vrij algemeen
256171481;256171481;Gele luzernevlinder;Colias hyale;2022-10-04;10;2022-10-04;1;ter plaatse;onbekend;imago;onbekend;206009.30909426077;183862.3759861011;5.166025;50.962318;FS5247;Schulensbroek - Binnenbekken Oost;Herk-de-Stad;Schulen;Limburg;Site;J;Goedgekeurd op basis van kennisregels - nabijheid;1980-01-01;3;;25;Dagvlinders;Pieridae;2026-07-08;725;S;vrij algemeen
286397639;286397639;Gele luzernevlinder;Colias hyale;2023-08-30;8;2023-08-30;1;ter plaatse;onbekend;imago;onbekend;205718.16905230525;183842.3451394746;5.1618780000000015;50.962166;FS5147;Schulensbroek - Binnenbekken Oost;Herk-de-Stad;Schulen;Limburg;ObsMapp;J;Goedgekeurd op basis van kennisregels - automatische beeldherkenning (NIA);1980-01-01;3;;3;Dagvlinders;Pieridae;2026-07-08;725;S;vrij algemeen
287704876;287704876;Gele luzernevlinder;Colias hyale;2023-09-12;9;2023-09-12;1;ter plaatse;onbekend;imago;onbekend;164936.56711390062;187556.9263612609;4.581528827552294;50.99804288712455;FS1050;Rijmenam - Dijle;Bonheiden;Rijmenam;Antwerpen;ObsIdentify;J;Goedgekeurd op basis van bewijsmateriaal;1980-01-01;3;;5;Dagvlinders;Pieridae;2026-07-08;725;S;vrij algemeen
370763993;370763993;Gele luzernevlinder;Colias hyale;2025-08-28;8;2025-08-28;1;ter plaatse;onbekend;imago;onbekend;185653.18779905644;220124.06185293384;4.879832461550623;51.2898649477727;FS3183;Grootenhout - Giels Bos (ANB);Lille;Gierle;Antwerpen;ObsIdentify;J;Goedgekeurd op basis van bewijsmateriaal;1980-01-01;3;;12;Dagvlinders;Pieridae;2026-07-08;725;S;vrij algemeen
278446893;278446893;Gele luzernevlinder;Colias hyale;2023-06-29;6;2023-06-29;1;ter plaatse;onbekend;imago;onbekend;176288.8166531163;186584.4582259478;4.743172;50.9888969;FS2250;  ;Tremelo;Baal;Vlaams-Brabant;ObsIdentify;J;Goedgekeurd op basis van bewijsmateriaal;1980-01-01;3;;13;Dagvlinders;Pieridae;2026-07-08;725;S;vrij algemeen
370641752;370641752;Gele luzernevlinder;Colias hyale;2025-08-27;8;2025-08-27;1;ter plaatse;onbekend;onbekend;onbekend;228174.06466398184;186552.9456882719;5.482065852159802;50.98393694354312;FS7450;Genk - Terril Winterslag;Genk;Genk;Limburg;Observation;J;Goedgekeurd op basis van kennisregels - nabijheid;1980-01-01;3;;14;Dagvlinders;Pieridae;2026-07-08;725;S;vrij algemeen
256309286;256309286;Gele luzernevlinder;Colias hyale;2022-10-06;10;2022-10-06;2;ter plaatse;onbekend;imago;onbekend;205671.20569802003;183836.30758494604;5.16120862960815;50.9621162414551;FS5147;Schulensbroek - Binnenbekken Oost;Herk-de-Stad;Schulen;Limburg;ObsMapp;J;Goedgekeurd op basis van kennisregels - nabijheid;2007-01-01;3;;6;Dagvlinders;Pieridae;2026-07-08;725;S;vrij algemeen
370280969;370280969;Gele luzernevlinder;Colias hyale;2025-08-25;8;2025-08-25;1;ter plaatse;onbekend;imago;Man;193790.0139501279;198878.4562053373;4.9938988;51.0983446;FS3962;Eindhout - Centrum;Laakdal;Eindhout;Antwerpen;ObsIdentify;J;Goedgekeurd op basis van bewijsmateriaal;1980-01-01;3;;25;Dagvlinders;Pieridae;2026-07-08;725;S;vrij algemeen
370830708;370830708;Gele luzernevlinder;Colias hyale;2025-08-28;8;2025-08-28;1;ter plaatse;onbekend;imago;onbekend;185593.07183301935;220120.35145426448;4.878970384597778;51.28983531984792;FS3183;Grootenhout - Giels Bos (ANB);Lille;Gierle;Antwerpen;Site;J;Goedgekeurd op basis van bewijsmateriaal;1980-01-01;3;;15;Dagvlinders;Pieridae;2026-07-08;725;S;vrij algemeen
369240368;369240368;Gele luzernevlinder;Colias hyale;2025-08-18;8;2025-08-18;1;ter plaatse;onbekend;imago;onbekend;204768.5219385234;183141.06815440208;5.1482563;50.9559529;FS5047;Schulensbroek - Oosten Strandje;Herk-de-Stad;Schulen;Limburg;copied observation;J;Goedgekeurd op basis van kennisregels - nabijheid;1980-01-01;4;;3;Dagvlinders;Pieridae;2026-07-08;725;S;vrij algemeen
286010238;286010238;Gele luzernevlinder;Colias hyale;2023-08-28;8;2023-08-28;1;ter plaatse;onbekend;imago;onbekend;171065.4182441301;202592.53360031825;4.6697049;51.1330046;FS1665;Berlaar - Grote Netevallei - Polder van Gestel;Berlaar;Gestel;Antwerpen;ObsIdentify;J;Goedgekeurd op basis van bewijsmateriaal;1980-01-01;3;;415;Dagvlinders;Pieridae;2026-07-08;725;S;vrij algemeen
288883887;288883887;Gele luzernevlinder;Colias hyale;2023-09-25;9;2023-09-25;3;ter plaatse;onbekend;imago;onbekend;205516.0814438229;183768.44830352903;5.158990383148193;50.96152114868164;FS5147;Schulensbroek - Nieuwe Zandhoop;Herk-de-Stad;Schulen;Limburg;ObsMapp;J;Goedgekeurd op basis van kennisregels - nabijheid;1980-01-01;3;;3;Dagvlinders;Pieridae;2026-07-08;725;S;vrij algemeen
370336619;370336619;Gele luzernevlinder;Colias hyale;2025-08-25;8;2025-08-25;1;foeragerend;gezien;imago;onbekend;163387.3240696991;201198.6328715552;4.559961795806885;51.120704650878906;FS0964;Beneden Netevallei - GGG Pallieterpolder;Lier;Lier;Antwerpen;ObsMapp;J;Goedgekeurd op basis van bewijsmateriaal;1980-01-01;3;;1;Dagvlinders;Pieridae;2026-07-08;725;S;vrij algemeen
369400277;369400277;Gele luzernevlinder;Colias hyale;2025-08-19;8;2025-08-19;1;ter plaatse;onbekend;imago;onbekend;204726.1680124104;182809.4672796335;5.147603988647461;50.95297622680664;FS5046;Schulensbroek - Pijpenkop;Herk-de-Stad;Schulen;Limburg;ObsMapp;J;Goedgekeurd op basis van kennisregels - nabijheid;1980-01-01;3;;1;Dagvlinders;Pieridae;2026-07-08;725;S;vrij algemeen
370704314;370704314;Gele luzernevlinder;Colias hyale;2025-08-27;8;2025-08-27;1;ter plaatse;onbekend;imago;onbekend;166861.5925576734;186992.91346150823;4.608925;50.99292;FS1250;Keerbergen - Dijlevallei;Keerbergen;Keerbergen;Vlaams-Brabant;ObsIdentify;J;Goedgekeurd op basis van bewijsmateriaal;1980-01-01;3;;4;Dagvlinders;Pieridae;2026-07-08;725;S;vrij algemeen
196139314;196139314;Gele luzernevlinder;Colias hyale;2020-07-13;7;2020-07-13;1;ter plaatse;onbekend;imago;onbekend;204852.4988789124;183523.44036413543;5.1495087;50.959382;FS5047;Schulensbroek - Oosten Strandje;Herk-de-Stad;Schulen;Limburg;ObsMapp;J;Goedgekeurd op basis van bewijsmateriaal;2007-01-01;3;;8;Dagvlinders;Pieridae;2026-07-08;725;S;vrij algemeen
288123458;288123458;Gele luzernevlinder;Colias hyale;2023-09-16;9;2023-09-16;1;ter plaatse;onbekend;imago;onbekend;204761.2807859149;183447.0532782404;5.148198999999977;50.958704;FS5047;Schulensbroek - Oosten Strandje;Herk-de-Stad;Schulen;Limburg;Site;J;Goedgekeurd op basis van bewijsmateriaal;1980-01-01;3;;5;Dagvlinders;Pieridae;2026-07-08;725;S;vrij algemeen
362962407;362962407;Gele luzernevlinder;Colias hyale;2025-07-14;7;2025-07-14;2;ter plaatse;onbekend;imago;onbekend;205352.97432837368;183029.12787279117;5.156557083129883;50.954891204833984;FS5147;Schulensbroek - Langdoncken;Herk-de-Stad;Schulen;Limburg;ObsMapp;J;Goedgekeurd op basis van bewijsmateriaal;1980-01-01;3;;3;Dagvlinders;Pieridae;2026-07-08;725;S;vrij algemeen
270952785;270952785;Gele luzernevlinder;Colias hyale;2023-05-08;5;2023-05-08;1;ter plaatse;onbekend;imago;onbekend;205628.57529041488;183830.70798086468;5.160601000000042;50.96207;FS5147;Schulensbroek - Binnenbekken Oost;Herk-de-Stad;Schulen;Limburg;ObsMapp;J;Goedgekeurd op basis van bewijsmateriaal;1980-01-01;3;;4;Dagvlinders;Pieridae;2026-07-08;725;S;vrij algemeen
374485766;374485766;Gele luzernevlinder;Colias hyale;2025-09-29;9;2025-09-29;1;ter plaatse;onbekend;imago;onbekend;164988.02855002577;208844.7571030222;4.583140209426006;51.18939302726661;FS1072;  ;Ranst;Broechem;Antwerpen;Site;J;Goedgekeurd op basis van bewijsmateriaal;1980-01-01;3;;30;Dagvlinders;Pieridae;2026-07-08;725;S;vrij algemeen
287095466;287095466;Gele luzernevlinder;Colias hyale;2023-09-06;9;2023-09-06;4;ter plaatse;onbekend;imago;onbekend;205787.0283552713;183861.32691439148;5.162861000000021;50.96233;FS5147;Schulensbroek - Binnenbekken Oost;Herk-de-Stad;Schulen;Limburg;ObsMapp;J;Goedgekeurd op basis van kennisregels - automatische beeldherkenning (NIA);1980-01-01;3;;3;Dagvlinders;Pieridae;2026-07-08;725;S;vrij algemeen
362962399;362962399:4027594;Gele luzernevlinder;Colias hyale;2025-07-14;7;2025-07-14;1;ter plaatse;onbekend;imago;Vrouw;205399.68319160803;183098.37482214533;5.157232284545898;50.955509185791016;FS5147;Schulensbroek - Langdoncken;Herk-de-Stad;Schulen;Limburg;ObsMapp;J;Goedgekeurd op basis van bewijsmateriaal;1980-01-01;3;;1;Dagvlinders;Pieridae;2026-07-08;725;S;vrij algemeen
394433628;394433628;Gele luzernevlinder;Colias hyale;2026-04-25;4;2026-04-25;1;ter plaatse;onbekend;imago;onbekend;163309.47437726066;201380.0724369157;4.558856562055212;51.12233735896985;FS0964;Beneden Netevallei - GGG Pallieterpolder;Lier;Lier;Antwerpen;Site;J;Goedgekeurd op basis van bewijsmateriaal;1980-01-01;3;;15;Dagvlinders;Pieridae;2026-07-08;725;S;vrij algemeen
362962399;362962399:4027593;Gele luzernevlinder;Colias hyale;2025-07-14;7;2025-07-14;1;ter plaatse;onbekend;imago;Man;205399.68319160803;183098.37482214533;5.157232284545898;50.955509185791016;FS5147;Schulensbroek - Langdoncken;Herk-de-Stad;Schulen;Limburg;ObsMapp;J;Goedgekeurd op basis van bewijsmateriaal;1980-01-01;3;;1;Dagvlinders;Pieridae;2026-07-08;725;S;vrij algemeen
368639515;368639515;Gele luzernevlinder;Colias hyale;2025-08-15;8;2025-08-15;1;ter plaatse;onbekend;imago;onbekend;167826.31683415908;197974.37252727617;4.623203533489459;51.09160252665243;FS1361;Koningshooikt - Ruigtes Vanhool;Lier;Koningshooikt;Antwerpen;Site;J;Goedgekeurd op basis van bewijsmateriaal;1980-01-01;3;;15;Dagvlinders;Pieridae;2026-07-08;725;S;vrij algemeen
371396599;371396599;Gele luzernevlinder;Colias hyale;2025-09-02;9;2025-09-02;1;ter plaatse;onbekend;imago;onbekend;165003.16724991982;208861.70428458691;4.583357449503524;51.189544962020136;FS1072;  ;Ranst;Broechem;Antwerpen;Site;J;Goedgekeurd op basis van bewijsmateriaal;1980-01-01;3;;15;Dagvlinders;Pieridae;2026-07-08;725;S;vrij algemeen
240638817;240638817;Gele luzernevlinder;Colias hyale;2022-05-07;5;2022-05-07;1;ter plaatse;onbekend;imago;onbekend;186648.18084622195;215295.0583072109;4.8936049;51.2463994;FS3278;  ;Kasterlee;Tielen;Antwerpen;ObsIdentify;J;Goedgekeurd op basis van bewijsmateriaal;1980-01-01;3;;44;Dagvlinders;Pieridae;2026-07-08;725;S;vrij algemeen
253852083;253852083;Gele luzernevlinder;Colias hyale;2022-09-01;9;2022-09-01;1;ter plaatse;onbekend;imago;onbekend;167121.61977533568;202146.76912094743;4.613341666666667;51.12912833333333;FS1265;Lier - Grote Netevallei - Neerloop en Mushaagbos;Lier;Lier;Antwerpen;ObsIdentify;J;Goedgekeurd op basis van bewijsmateriaal;1980-01-01;3;;999;Dagvlinders;Pieridae;2026-07-08;725;S;vrij algemeen
255287574;255287574;Gele luzernevlinder;Colias hyale;2022-09-22;9;2022-09-22;1;ter plaatse;onbekend;imago;onbekend;204789.31337732903;182832.24419410716;5.148506;50.953175;FS5046;Schulensbroek - Oosten Strandje;Herk-de-Stad;Schulen;Limburg;ObsMapp;J;Goedgekeurd op basis van bewijsmateriaal;2007-01-01;3;;7;Dagvlinders;Pieridae;2026-07-08;725;S;vrij algemeen
252500277;252500277;Gele luzernevlinder;Colias hyale;2022-08-16;8;2022-08-16;1;ter plaatse;onbekend;imago;onbekend;162712.09060836656;200721.04016375728;4.550301;51.116427;FS0863;Beneden Netevallei - Anderstad;Lier;Lier;Antwerpen;Site;J;Goedgekeurd op basis van bewijsmateriaal;1980-01-01;3;;7;Dagvlinders;Pieridae;2026-07-08;725;S;vrij algemeen
288883873;288883873;Gele luzernevlinder;Colias hyale;2023-09-25;9;2023-09-25;1;ter plaatse;onbekend;imago;onbekend;205839.72114717957;183863.99808513463;5.16361141204834;50.96234893798828;FS5147;Schulensbroek - Binnenbekken Oost;Herk-de-Stad;Schulen;Limburg;ObsMapp;J;Goedgekeurd op basis van kennisregels - nabijheid;1980-01-01;3;;3;Dagvlinders;Pieridae;2026-07-08;725;S;vrij algemeen
255292934;255292934;Gele luzernevlinder;Colias hyale;2022-09-22;9;2022-09-22;1;ter plaatse;onbekend;imago;onbekend;227709.5885043393;186779.31107666064;5.4755001;50.986034;FS7351;Genk - Terril Winterslag;Genk;Genk;Limburg;Site;J;Goedgekeurd op basis van bewijsmateriaal;1980-01-01;3;;25;Dagvlinders;Pieridae;2026-07-08;725;S;vrij algemeen
254580582;254580582;Gele luzernevlinder;Colias hyale;2022-09-11;9;2022-09-11;2;ter plaatse;onbekend;imago;onbekend;205579.1421824402;183788.5727665545;5.159891;50.961696;FS5147;Schulensbroek - Nieuwe Zandhoop;Herk-de-Stad;Schulen;Limburg;ObsMapp;J;Goedgekeurd op basis van bewijsmateriaal;2007-01-01;3;;8;Dagvlinders;Pieridae;2026-07-08;725;S;vrij algemeen
370765041;370765041;Gele luzernevlinder;Colias hyale;2025-08-28;8;2025-08-28;1;ter plaatse;onbekend;onbekend;onbekend;210942.18789621;207157.6020637089;5.24013077977028;51.17120446289488;FS5671;Balen - De Most;Balen;Balen;Antwerpen;Observation;J;Goedgekeurd op basis van kennisregels - nabijheid;1980-01-01;3;;14;Dagvlinders;Pieridae;2026-07-08;725;S;vrij algemeen
255293209;255293209;Gele luzernevlinder;Colias hyale;2022-09-22;9;2022-09-22;1;ter plaatse;onbekend;imago;onbekend;227874.79996149076;186533.5618819287;5.4778004;50.983803;FS7350;Genk - Terril Winterslag;Genk;Genk;Limburg;Site;J;Goedgekeurd op basis van bewijsmateriaal;1980-01-01;3;;30;Dagvlinders;Pieridae;2026-07-08;725;S;vrij algemeen
370977407;370977407;Gele luzernevlinder;Colias hyale;2025-08-30;8;2025-08-30;1;ter plaatse;onbekend;imago;onbekend;164919.0626264532;208875.03830803093;4.582155000000057;51.189667;FS1072;  ;Ranst;Broechem;Antwerpen;Site;J;Goedgekeurd op basis van bewijsmateriaal;1980-01-01;3;;15;Dagvlinders;Pieridae;2026-07-08;725;S;vrij algemeen
366558309;366558309;Gele luzernevlinder;Colias hyale;2025-08-03;8;2025-08-03;1;ter plaatse;onbekend;imago;onbekend;206009.11339116853;183850.47073969335;5.166020393371582;50.96221100635755;FS5247;Schulensbroek - Binnenbekken Oost;Herk-de-Stad;Schulen;Limburg;Site;J;Goedgekeurd op basis van bewijsmateriaal;1980-01-01;3;;30;Dagvlinders;Pieridae;2026-07-08;725;S;vrij algemeen
370355886;370355886;Gele luzernevlinder;Colias hyale;2025-08-25;8;2025-08-25;1;ter plaatse;onbekend;imago;onbekend;213759.08387298667;183518.50426939223;5.276269912719727;50.958426723359935;FS5947;Kuringen - Herkenrode;Hasselt;Kuringen;Limburg;Site;J;Goedgekeurd op basis van bewijsmateriaal;1980-01-01;3;;8;Dagvlinders;Pieridae;2026-07-08;725;S;vrij algemeen
270952797;270952797;Gele luzernevlinder;Colias hyale;2023-05-08;5;2023-05-08;1;ter plaatse;onbekend;imago;onbekend;205505.4852539317;183754.41805525217;5.1588374376297;50.96139604946603;FS5147;Schulensbroek - Nieuwe Zandhoop;Herk-de-Stad;Schulen;Limburg;ObsMapp;J;Goedgekeurd op basis van kennisregels - nabijheid;1980-01-01;3;;5;Dagvlinders;Pieridae;2026-07-08;725;S;vrij algemeen
288742578;288742578;Gele luzernevlinder;Colias hyale;2023-09-24;9;2023-09-24;1;ter plaatse;onbekend;imago;onbekend;164964.07175307404;208861.2350299023;4.582798223534041;51.18954176164762;FS1072;  ;Ranst;Broechem;Antwerpen;Site;J;Goedgekeurd op basis van bewijsmateriaal;1980-01-01;3;;15;Dagvlinders;Pieridae;2026-07-08;725;S;vrij algemeen
254379064;254379064;Gele luzernevlinder;Colias hyale;2022-09-08;9;2022-09-08;1;ter plaatse;onbekend;imago;onbekend;204777.03431590047;183093.0673682364;5.14837026596069;50.9555206298828;FS5047;Schulensbroek - Oosten Strandje;Herk-de-Stad;Schulen;Limburg;ObsMapp;J;Goedgekeurd op basis van kennisregels - nabijheid;2007-01-01;3;;5;Dagvlinders;Pieridae;2026-07-08;725;S;vrij algemeen
287199728;287199728;Gele luzernevlinder;Colias hyale;2023-09-07;9;2023-09-07;1;ter plaatse;onbekend;imago;onbekend;205980.6815094204;183865.0858996166;5.165617942810059;50.962345123291016;FS5247;Schulensbroek - Binnenbekken Oost;Herk-de-Stad;Schulen;Limburg;ObsMapp;J;Goedgekeurd op basis van kennisregels - nabijheid;1980-01-01;3;;4;Dagvlinders;Pieridae;2026-07-08;725;S;vrij algemeen
253695302;253695302;Gele luzernevlinder;Colias hyale;2022-08-30;8;2022-08-30;1;ter plaatse;onbekend;imago;onbekend;162699.35460606488;200717.7826567646;4.550119;51.116398;FS0863;Beneden Netevallei - Anderstad;Lier;Lier;Antwerpen;Site;J;Goedgekeurd op basis van bewijsmateriaal;1980-01-01;3;;25;Dagvlinders;Pieridae;2026-07-08;725;S;vrij algemeen
253276391;253276391;Gele luzernevlinder;Colias hyale;2022-08-25;8;2022-08-25;1;ter plaatse;onbekend;imago;onbekend;162616.09062482207;200755.51565143187;4.5489312;51.116739;FS0863;Beneden Netevallei - Anderstad;Lier;Lier;Antwerpen;Site;J;Goedgekeurd op basis van bewijsmateriaal;1980-01-01;3;;15;Dagvlinders;Pieridae;2026-07-08;725;S;vrij algemeen
287187810;287187810;Gele luzernevlinder;Colias hyale;2023-09-07;9;2023-09-07;1;ter plaatse;onbekend;imago;onbekend;162972.09851711462;200711.137795032;4.554013881614992;51.11633219653096;FS0863;Beneden Netevallei - Anderstad;Lier;Lier;Antwerpen;Site;J;Goedgekeurd op basis van kennisregels - automatische beeldherkenning (NIA);1980-01-01;3;;7;Dagvlinders;Pieridae;2026-07-08;725;S;vrij algemeen
253917498;253917498;Gele luzernevlinder;Colias hyale;2022-09-02;9;2022-09-02;1;ter plaatse;onbekend;imago;onbekend;209318.9203664983;182655.60985959411;5.212936666666667;50.951141666666665;FS5546;  ;Herk-de-Stad;Berbroek;Limburg;ObsIdentify;J;Goedgekeurd op basis van bewijsmateriaal;1980-01-01;3;;15;Dagvlinders;Pieridae;2026-07-08;725;S;vrij algemeen
253694966;253694966;Gele luzernevlinder;Colias hyale;2022-08-30;8;2022-08-30;1;ter plaatse;onbekend;imago;onbekend;162749.7363121236;200694.65504006296;4.5508377;51.116189;FS0863;Beneden Netevallei - Anderstad;Lier;Lier;Antwerpen;Site;J;Goedgekeurd op basis van bewijsmateriaal;1980-01-01;3;;15;Dagvlinders;Pieridae;2026-07-08;725;S;vrij algemeen
369418156;369418156;Gele luzernevlinder;Colias hyale;2025-08-19;8;2025-08-19;2;ter plaatse;onbekend;imago;onbekend;164051.68100669197;188373.08871880453;4.568954944610596;51.005401611328125;FS1051;Rijmenam - Cassenbroek - Vijverstein;Bonheiden;Rijmenam;Antwerpen;ObsIdentify;J;Goedgekeurd op basis van bewijsmateriaal;1980-01-01;3;;999;Dagvlinders;Pieridae;2026-07-08;725;S;vrij algemeen
370117183;370117183;Gele luzernevlinder;Colias hyale;2025-08-24;8;2025-08-24;1;ter plaatse;onbekend;imago;onbekend;164985.03404401112;208887.15847751035;4.58309913360381;51.18977422827364;FS1072;  ;Ranst;Broechem;Antwerpen;Site;J;Goedgekeurd op basis van bewijsmateriaal;1980-01-01;3;;15;Dagvlinders;Pieridae;2026-07-08;725;S;vrij algemeen
408085238;408085238;Gele luzernevlinder;Colias hyale;2026-06-29;6;2026-06-29;1;ter plaatse;onbekend;imago;Man;168048.77737354813;186997.840331574;4.625834980555556;50.99292845833333;FS1450;Haacht - Dijle t.h.v. Puttekomheide;Haacht;Haacht;Vlaams-Brabant;ObsIdentify;J;Goedgekeurd op basis van bewijsmateriaal;1980-01-01;3;;999;Dagvlinders;Pieridae;2026-07-08;725;S;vrij algemeen
368646118;368646118;Gele luzernevlinder;Colias hyale;2025-08-15;8;2025-08-15;1;ter plaatse;onbekend;imago;onbekend;167825.00094812448;197897.88070975896;4.623180999999931;51.090915;FS1361;Koningshooikt - Ruigtes Vanhool;Lier;Koningshooikt;Antwerpen;Site;J;Goedgekeurd op basis van bewijsmateriaal;1980-01-01;3;;30;Dagvlinders;Pieridae;2026-07-08;725;S;vrij algemeen
288747861;288747861;Gele luzernevlinder;Colias hyale;2023-09-24;9;2023-09-24;1;ter plaatse;onbekend;imago;onbekend;164962.05153936608;208845.55358789023;4.582768678665161;51.189400862132565;FS1072;  ;Ranst;Broechem;Antwerpen;Site;J;Goedgekeurd op basis van bewijsmateriaal;1980-01-01;3;;15;Dagvlinders;Pieridae;2026-07-08;725;S;vrij algemeen
252655270;252655270;Gele luzernevlinder;Colias hyale;2022-08-18;8;2022-08-18;1;ter plaatse;onbekend;onbekend;onbekend;162753.56830531725;200696.7782345889;4.5508925;51.116208;FS0863;Beneden Netevallei - Anderstad;Lier;Lier;Antwerpen;Site;J;Goedgekeurd op basis van bewijsmateriaal;1980-01-01;3;;7;Dagvlinders;Pieridae;2026-07-08;725;S;vrij algemeen
368982549;368982549;Gele luzernevlinder;Colias hyale;2025-08-17;8;2025-08-17;1;ter plaatse;onbekend;imago;onbekend;181655.94297183296;179410.3746285513;4.818991;50.9241401;FS2742;  ;Holsbeek;Sint-Pieters-Rode;Vlaams-Brabant;ObsIdentify;J;Goedgekeurd op basis van bewijsmateriaal;1980-01-01;3;;8;Dagvlinders;Pieridae;2026-07-08;725;S;vrij algemeen
279406074;279406074;Gele luzernevlinder;Colias hyale;2023-07-07;7;2023-07-07;1;ter plaatse;onbekend;imago;Man;194077.1240730947;210105.6194881545;4.999360000000024;51.199236;FS3973;  ;Geel;Geel;Antwerpen;ObsIdentify;J;Goedgekeurd op basis van bewijsmateriaal;1980-01-01;3;;40;Dagvlinders;Pieridae;2026-07-08;725;S;vrij algemeen
361788590;361788590;Gele luzernevlinder;Colias hyale;2025-07-09;7;2025-07-09;1;ter plaatse;onbekend;imago;onbekend;182832.45942753323;180576.8532050941;4.8358285;50.9345603;FS2844;Nieuwrode - Kasteel van Horst;Holsbeek;Nieuwrode;Vlaams-Brabant;ObsIdentify;J;Goedgekeurd op basis van bewijsmateriaal;1980-01-01;3;;5;Dagvlinders;Pieridae;2026-07-08;725;S;vrij algemeen
369209981;369209981;Gele luzernevlinder;Colias hyale;2025-08-18;8;2025-08-18;1;ter plaatse;onbekend;imago;onbekend;204768.5219385234;183141.06815440208;5.1482563;50.9559529;FS5047;Schulensbroek - Oosten Strandje;Herk-de-Stad;Schulen;Limburg;Observation;J;Goedgekeurd op basis van kennisregels - nabijheid;1980-01-01;4;;3;Dagvlinders;Pieridae;2026-07-08;725;S;vrij algemeen
369210149;369210149;Gele luzernevlinder;Colias hyale;2025-08-18;8;2025-08-18;1;ter plaatse;onbekend;imago;onbekend;204739.4548666596;182820.37284133025;5.1477947;50.953073;FS5046;Schulensbroek - Pijpenkop;Herk-de-Stad;Schulen;Limburg;Observation;J;Goedgekeurd op basis van kennisregels - nabijheid;1980-01-01;4;;5;Dagvlinders;Pieridae;2026-07-08;725;S;vrij algemeen
369210109;369210109;Gele luzernevlinder;Colias hyale;2025-08-18;8;2025-08-18;1;ter plaatse;onbekend;imago;onbekend;204740.8077351053;183275.6681936169;5.147882;50.9571654;FS5047;Schulensbroek - Oosten Strandje;Herk-de-Stad;Schulen;Limburg;Observation;J;Goedgekeurd op basis van kennisregels - nabijheid;1980-01-01;4;;4;Dagvlinders;Pieridae;2026-07-08;725;S;vrij algemeen
369233387;369233387;Gele luzernevlinder;Colias hyale;2025-08-18;8;2025-08-18;1;ter plaatse;onbekend;imago;onbekend;183229.8715736216;179409.62389607355;4.8413761;50.9240453;FS2942;  ;Holsbeek;Sint-Pieters-Rode;Vlaams-Brabant;ObsIdentify;J;Goedgekeurd op basis van bewijsmateriaal;1980-01-01;3;;999;Dagvlinders;Pieridae;2026-07-08;725;S;vrij algemeen
372743152;372743152;Gele luzernevlinder;Colias hyale;2025-09-14;9;2025-09-14;1;ter plaatse;onbekend;imago;onbekend;164958.1041131185;208859.65032585151;4.582712799251567;51.18952767267999;FS1072;  ;Ranst;Broechem;Antwerpen;Site;J;Goedgekeurd op basis van bewijsmateriaal;1980-01-01;3;;15;Dagvlinders;Pieridae;2026-07-08;725;S;vrij algemeen
369014602;369014602;Gele luzernevlinder;Colias hyale;2025-08-17;8;2025-08-17;1;ter plaatse;onbekend;imago;onbekend;168167.12116900116;206868.20194472745;4.6285133;51.1715353;FS1370;Kleine Netevallei - Treydbeemd;Ranst;Emblem;Antwerpen;Observation;J;Goedgekeurd op basis van bewijsmateriaal;1980-01-01;3;;8;Dagvlinders;Pieridae;2026-07-08;725;S;vrij algemeen
370420254;370420254;Gele luzernevlinder;Colias hyale;2025-08-26;8;2025-08-26;1;ter plaatse;onbekend;imago;onbekend;164952.35059551772;208874.7531396877;4.582631127436713;51.189663573178166;FS1072;  ;Ranst;Broechem;Antwerpen;Observation;J;Goedgekeurd op basis van kennisregels - nabijheid;1980-01-01;3;;15;Dagvlinders;Pieridae;2026-07-08;725;S;vrij algemeen
253083413;253083413;Gele luzernevlinder;Colias hyale;2022-08-23;8;2022-08-23;1;ter plaatse;onbekend;onbekend;onbekend;224071.3392801612;180187.10661900972;5.422358035833334;50.92725753777778;FS7044;  ;Diepenbeek;Diepenbeek;Limburg;ObsIdentify;J;Goedgekeurd op basis van bewijsmateriaal;1980-01-01;3;;999;Dagvlinders;Pieridae;2026-07-08;725;S;vrij algemeen
373393813;373393813;Gele luzernevlinder;Colias hyale;2025-09-20;9;2025-09-20;1;ter plaatse;onbekend;imago;onbekend;165029.16940469638;208843.0710797664;4.5837286;51.1893768;FS1072;  ;Ranst;Broechem;Antwerpen;Observation;J;Goedgekeurd op basis van kennisregels - nabijheid;1980-01-01;3;;4;Dagvlinders;Pieridae;2026-07-08;725;S;vrij algemeen
369014626;369014626;Gele luzernevlinder;Colias hyale;2025-08-17;8;2025-08-17;1;foeragerend;onbekend;imago;onbekend;165188.69370279863;204687.79792773817;4.585836061636087;51.15202284439664;FS1067;Kleine Netevallei - Leeuwerik;Ranst;Emblem;Antwerpen;Observation;J;Goedgekeurd op basis van bewijsmateriaal;1980-01-01;3;;7;Dagvlinders;Pieridae;2026-07-08;725;S;vrij algemeen
253744800;253744800;Gele luzernevlinder;Colias hyale;2022-08-31;8;2022-08-31;1;ter plaatse;onbekend;imago;onbekend;163305.82972750338;211290.8603448244;4.5591688;51.211421;FS0874;  ;Ranst;Oelegem;Antwerpen;Site;J;Goedgekeurd op basis van bewijsmateriaal;1980-01-01;3;;30;Dagvlinders;Pieridae;2026-07-08;725;S;vrij algemeen
254255505;254255505;Gele luzernevlinder;Colias hyale;2022-09-06;9;2022-09-06;1;ter plaatse;onbekend;imago;onbekend;163049.0329742414;201228.17998665664;4.5551312;51.120978;FS0864;Beneden Netevallei - GGG Pallieterpolder;Lier;Lier;Antwerpen;Site;J;Goedgekeurd op basis van bewijsmateriaal;1980-01-01;3;;15;Dagvlinders;Pieridae;2026-07-08;725;S;vrij algemeen
370126913;370126913;Gele luzernevlinder;Colias hyale;2025-08-24;8;2025-08-24;1;ter plaatse;onbekend;onbekend;onbekend;210789.34616456836;207243.51462310276;5.237959982414052;51.17199275430524;FS5671;Balen - De Most;Balen;Balen;Antwerpen;Observation;J;Goedgekeurd op basis van kennisregels - nabijheid;1980-01-01;3;;4;Dagvlinders;Pieridae;2026-07-08;725;S;vrij algemeen
360383291;360383291;Gele luzernevlinder;Colias hyale;2025-07-02;7;2025-07-02;1;ter plaatse;onbekend;imago;onbekend;182849.56706238928;180576.1044105692;4.8360718;50.9345526;FS2944;Nieuwrode - Kasteel van Horst;Holsbeek;Nieuwrode;Vlaams-Brabant;ObsIdentify;J;Goedgekeurd op basis van bewijsmateriaal;1980-01-01;3;;999;Dagvlinders;Pieridae;2026-07-08;725;S;vrij algemeen
372447103;372447103;Gele luzernevlinder;Colias hyale;2025-09-11;9;2025-09-11;1;ter plaatse;onbekend;imago;onbekend;163950.58261029926;205484.16894114204;4.5681715;51.1592124;FS0968;Lier - Hagenbroek Noord;Lier;Lier;Antwerpen;Observation;J;Goedgekeurd op basis van bewijsmateriaal;1980-01-01;3;;4;Dagvlinders;Pieridae;2026-07-08;725;S;vrij algemeen
394697001;394697001;Gele luzernevlinder;Colias hyale;2026-04-26;4;2026-04-26;1;ter plaatse;onbekend;imago;onbekend;215514.8520642965;183005.3463221872;5.3011663;50.9536185;FS6147;Kuringen - Herkenrode;Hasselt;Kuringen;Limburg;ObsIdentify;J;Goedgekeurd op basis van bewijsmateriaal;1980-01-01;3;;6;Dagvlinders;Pieridae;2026-07-08;725;S;vrij algemeen
254379061;254379061;Gele luzernevlinder;Colias hyale;2022-09-08;9;2022-09-08;1;ter plaatse;onbekend;imago;onbekend;204353.5636772431;182841.64152272604;5.14230632781982;50.9533004760742;FS5046;Schulensbroek - Noordkant Herk;Herk-de-Stad;Schulen;Limburg;ObsMapp;J;Goedgekeurd op basis van kennisregels - nabijheid;2007-01-01;3;;8;Dagvlinders;Pieridae;2026-07-08;725;S;vrij algemeen
370623608;370623608;Gele luzernevlinder;Colias hyale;2025-08-27;8;2025-08-27;1;ter plaatse;onbekend;imago;onbekend;190082.83372790468;208619.5605556201;4.942052499722222;51.1861704;FS3572;BW037 Neerhelst Geel;Geel;Geel;Antwerpen;ObsIdentify;J;Goedgekeurd op basis van bewijsmateriaal;1980-01-01;3;;999;Dagvlinders;Pieridae;2026-07-08;725;S;vrij algemeen
287199722;287199722;Gele luzernevlinder;Colias hyale;2023-09-07;9;2023-09-07;2;ter plaatse;onbekend;imago;onbekend;205850.84551658572;183870.0587267764;5.16377067565918;50.96240234375;FS5147;Schulensbroek - Binnenbekken Oost;Herk-de-Stad;Schulen;Limburg;ObsMapp;J;Goedgekeurd op basis van kennisregels - nabijheid;1980-01-01;3;;4;Dagvlinders;Pieridae;2026-07-08;725;S;vrij algemeen
363331806;363331806;Gele luzernevlinder;Colias hyale;2025-07-17;7;2025-07-17;1;ter plaatse;onbekend;imago;Man;174245.02893451048;190977.3382833805;4.7143556;51.02847359972222;FS2054;  ;Heist-op-den-Berg;Schriek;Antwerpen;Observation;J;Goedgekeurd op basis van bewijsmateriaal;1980-01-01;3;;999;Dagvlinders;Pieridae;2026-07-08;725;S;vrij algemeen
371397982;371397982;Gele luzernevlinder;Colias hyale;2025-09-02;9;2025-09-02;1;ter plaatse;onbekend;onbekend;onbekend;210796.04079058167;207230.24052592556;5.238053473807491;51.17187274252234;FS5671;Balen - De Most;Balen;Balen;Antwerpen;Observation;J;Goedgekeurd op basis van kennisregels - nabijheid;1980-01-01;3;;14;Dagvlinders;Pieridae;2026-07-08;725;S;vrij algemeen
253283632;253283632;Gele luzernevlinder;Colias hyale;2022-08-25;8;2022-08-25;2;in copula;onbekend;imago;onbekend;204798.1614738169;182892.96864735612;5.148641;50.95372;FS5046;Schulensbroek - Oosten Strandje;Herk-de-Stad;Schulen;Limburg;ObsMapp;J;Goedgekeurd op basis van kennisregels - automatische beeldherkenning (NIA);2007-01-01;3;;3;Dagvlinders;Pieridae;2026-07-08;725;S;vrij algemeen
253283629;253283629;Gele luzernevlinder;Colias hyale;2022-08-25;8;2022-08-25;1;ter plaatse;onbekend;imago;onbekend;204798.1614738169;182892.96864735612;5.148641;50.95372;FS5046;Schulensbroek - Oosten Strandje;Herk-de-Stad;Schulen;Limburg;ObsMapp;J;Goedgekeurd op basis van kennisregels - automatische beeldherkenning (NIA);2007-01-01;3;;3;Dagvlinders;Pieridae;2026-07-08;725;S;vrij algemeen
360535158;360535158;Gele luzernevlinder;Colias hyale;2025-07-03;7;2025-07-03;1;ter plaatse;onbekend;imago;onbekend;225377.83513426143;207453.78017563;5.4465723;51.1721622;FS7171;  ;Peer;Kleine-Brogel;Limburg;ObsIdentify;J;Goedgekeurd op basis van bewijsmateriaal;1980-01-01;3;;6;Dagvlinders;Pieridae;2026-07-08;725;S;vrij algemeen
367128861;367128861;Gele luzernevlinder;Colias hyale;2025-08-06;8;2025-08-06;1;ter plaatse;gezien;imago;onbekend;220975.00543670772;180273.07569196727;5.378337383270264;50.92841720581055;FS6744;Diepenbeek - Sluisbemden;Diepenbeek;Diepenbeek;Limburg;ObsMapp;J;Goedgekeurd op basis van kennisregels - nabijheid;1980-01-01;3;;7;Dagvlinders;Pieridae;2026-07-08;725;S;vrij algemeen
287095364;287095364;Gele luzernevlinder;Colias hyale;2023-09-06;9;2023-09-06;1;ter plaatse;onbekend;imago;onbekend;204282.90054127772;182850.1972264508;5.141301999999996;50.953384;FS5046;Schulensbroek - Binnenbekken West;Herk-de-Stad;Schulen;Limburg;ObsMapp;J;Goedgekeurd op basis van bewijsmateriaal;1980-01-01;3;;3;Dagvlinders;Pieridae;2026-07-08;725;S;vrij algemeen
286620480;286620480;Gele luzernevlinder;Colias hyale;2023-09-02;9;2023-09-02;1;ter plaatse;onbekend;imago;onbekend;171423.362440742;186252.61866853383;4.673857263776616;50.986114501953125;FS1749;  ;Rotselaar;Werchter;Vlaams-Brabant;ObsIdentify;J;Goedgekeurd op basis van bewijsmateriaal;1980-01-01;3;;5;Dagvlinders;Pieridae;2026-07-08;725;S;vrij algemeen
253752918;253752918;Gele luzernevlinder;Colias hyale;2022-08-31;8;2022-08-31;2;ter plaatse;onbekend;imago;onbekend;205569.4035896527;183786.0214029923;5.159752;50.961674;FS5147;Schulensbroek - Nieuwe Zandhoop;Herk-de-Stad;Schulen;Limburg;ObsMapp;J;Goedgekeurd op basis van bewijsmateriaal;2007-01-01;3;;4;Dagvlinders;Pieridae;2026-07-08;725;S;vrij algemeen
256087977;256087977;Gele luzernevlinder;Colias hyale;2022-10-03;10;2022-10-03;1;foeragerend;gezien;imago;onbekend;206357.19059474135;183924.73867408183;5.17098617553711;50.9628448486328;FS5247;Schulensbroek - Binnenbekken Oost;Herk-de-Stad;Schulen;Limburg;ObsMapp;J;Goedgekeurd op basis van kennisregels - nabijheid;2007-01-01;4;;3;Dagvlinders;Pieridae;2026-07-08;725;S;vrij algemeen
374224001;374224001;Gele luzernevlinder;Colias hyale;2025-09-27;9;2025-09-27;1;ter plaatse;gezien;imago;onbekend;163163.24038811104;201328.770208315;4.556766033172607;51.12187957763672;FS0864;Beneden Netevallei - GGG Pallieterpolder;Lier;Lier;Antwerpen;ObsMapp;J;Goedgekeurd op basis van kennisregels - nabijheid;1980-01-01;3;;3;Dagvlinders;Pieridae;2026-07-08;725;S;vrij algemeen
370642636;370642636;Gele luzernevlinder;Colias hyale;2025-08-27;8;2025-08-27;1;ter plaatse;onbekend;imago;onbekend;217822.65551677227;178604.1774402978;5.3331934;50.9137932;FS6442;Hasselt - stadscentrum;Hasselt;Hasselt;Limburg;ObsIdentify;J;Goedgekeurd op basis van bewijsmateriaal;1980-01-01;4;;104;Dagvlinders;Pieridae;2026-07-08;725;S;vrij algemeen
254656694;254656694;Gele luzernevlinder;Colias hyale;2022-09-12;9;2022-09-12;1;ter plaatse;onbekend;imago;onbekend;188800.06710137345;208753.39034807403;4.9237204;51.187461;FS3472;Geel - Mosselgoren;Geel;Geel;Antwerpen;Site;J;Goedgekeurd op basis van bewijsmateriaal;1980-01-01;4;;30;Dagvlinders;Pieridae;2026-07-08;725;S;vrij algemeen
287103621;287103621;Gele luzernevlinder;Colias hyale;2023-09-06;9;2023-09-06;1;ter plaatse;gezien;imago;onbekend;171421.27565593086;202490.71215489227;4.674782752990723;51.13207626342773;FS1765;Berlaar - Grote Netevallei - Polder van Gestel;Nijlen;Bevel;Antwerpen;ObsMapp;J;Goedgekeurd op basis van bewijsmateriaal;1980-01-01;3;;3;Dagvlinders;Pieridae;2026-07-08;725;S;vrij algemeen
369229334;369229334;Gele luzernevlinder;Colias hyale;2025-08-18;8;2025-08-18;1;ter plaatse;onbekend;imago;onbekend;189066.81618447084;208792.4997416474;4.927539825439453;51.18779452128856;FS3472;Geel - Mosselgoren;Geel;Geel;Antwerpen;Site;J;Goedgekeurd op basis van bewijsmateriaal;1980-01-01;4;;15;Dagvlinders;Pieridae;2026-07-08;725;S;vrij algemeen
256087978;256087978;Gele luzernevlinder;Colias hyale;2022-10-03;10;2022-10-03;1;foeragerend;gezien;imago;onbekend;205892.8512099541;183879.845598286;5.16437005996704;50.9624862670898;FS5147;Schulensbroek - Binnenbekken Oost;Herk-de-Stad;Schulen;Limburg;ObsMapp;J;Goedgekeurd op basis van kennisregels - nabijheid;2007-01-01;4;;3;Dagvlinders;Pieridae;2026-07-08;725;S;vrij algemeen
287095348;287095348;Gele luzernevlinder;Colias hyale;2023-09-06;9;2023-09-06;1;ter plaatse;onbekend;imago;onbekend;204800.2197818317;182951.17423265893;5.148679000000016;50.954243;FS5046;Schulensbroek - Oosten Strandje;Herk-de-Stad;Schulen;Limburg;ObsMapp;J;Goedgekeurd op basis van kennisregels - nabijheid;1980-01-01;3;;4;Dagvlinders;Pieridae;2026-07-08;725;S;vrij algemeen
285115458;285115458;Gele luzernevlinder;Colias hyale;2023-08-20;8;2023-08-20;1;ter plaatse;onbekend;imago;onbekend;205650.47363004537;183832.6910599964;5.160912990570068;50.96208572387695;FS5147;Schulensbroek - Binnenbekken Oost;Herk-de-Stad;Schulen;Limburg;ObsMapp;J;Goedgekeurd op basis van kennisregels - nabijheid;1980-01-01;3;;3;Dagvlinders;Pieridae;2026-07-08;725;S;vrij algemeen
284905557;284905557;Gele luzernevlinder;Colias hyale;2023-08-19;8;2023-08-19;3;ter plaatse;onbekend;imago;onbekend;205620.31063506208;183821.71970477517;5.160482000000002;50.96199;FS5147;Schulensbroek - Binnenbekken Oost;Herk-de-Stad;Schulen;Limburg;ObsMapp;J;Goedgekeurd op basis van kennisregels - automatische beeldherkenning (NIA);1980-01-01;3;;3;Dagvlinders;Pieridae;2026-07-08;725;S;vrij algemeen
284905553;284905553;Gele luzernevlinder;Colias hyale;2023-08-19;8;2023-08-19;1;ter plaatse;onbekend;imago;onbekend;205752.4741707041;183852.45430964977;5.162367820739746;50.96225357055664;FS5147;Schulensbroek - Binnenbekken Oost;Herk-de-Stad;Schulen;Limburg;ObsMapp;J;Goedgekeurd op basis van kennisregels - nabijheid;1980-01-01;3;;4;Dagvlinders;Pieridae;2026-07-08;725;S;vrij algemeen
289187326;289187326;Gele luzernevlinder;Colias hyale;2023-09-29;9;2023-09-29;1;ter plaatse;onbekend;imago;onbekend;205598.1381659943;183811.3374597449;5.160164833068848;50.96189880371094;FS5147;Schulensbroek - Binnenbekken Oost;Herk-de-Stad;Schulen;Limburg;ObsMapp;J;Goedgekeurd op basis van kennisregels - nabijheid;1980-01-01;3;;4;Dagvlinders;Pieridae;2026-07-08;725;S;vrij algemeen
400235650;400235650;Gele luzernevlinder;Colias hyale;2026-05-23;5;2026-05-23;1;ter plaatse;onbekend;imago;onbekend;230586.54512767243;194858.7919625128;5.5182498;51.0582592;FS7659;Abeekvallei Wijshagen;Meeuwen-Gruitrode;Wijshagen;Limburg;ObsIdentify;J;Goedgekeurd op basis van bewijsmateriaal;1980-01-01;3;;4;Dagvlinders;Pieridae;2026-07-08;725;S;vrij algemeen
397311066;397311066;Gele luzernevlinder;Colias hyale;2026-05-09;5;2026-05-09;1;ter plaatse;gezien;imago;onbekend;170128.38182413694;207939.4471032452;4.656614999999988;51.181099;FS1571;Kleine Netevallei - Viersels Gebroekt;Zandhoven;Pulle;Antwerpen;Site;J;Goedgekeurd op basis van bewijsmateriaal;1980-01-01;3;;15;Dagvlinders;Pieridae;2026-07-08;725;S;vrij algemeen
369231413;369231413;Gele luzernevlinder;Colias hyale;2025-08-18;8;2025-08-18;1;ter plaatse;onbekend;imago;onbekend;228120.21459230303;187016.80198225845;5.481398105621338;50.98811340332031;FS7451;Genk - Terril Winterslag;Genk;Genk;Limburg;ObsMapp;J;Goedgekeurd op basis van kennisregels - nabijheid;1980-01-01;4;;2;Dagvlinders;Pieridae;2026-07-08;725;S;vrij algemeen
254133845;254133845;Gele luzernevlinder;Colias hyale;2022-09-04;9;2022-09-04;1;foeragerend;gezien;imago;onbekend;204470.72057086453;182772.84077299573;5.14396333694458;50.9526710510254;FS5046;Schulensbroek - Pijpenkop;Herk-de-Stad;Schulen;Limburg;ObsMapp;J;Goedgekeurd op basis van kennisregels - nabijheid;2007-01-01;4;;11;Dagvlinders;Pieridae;2026-07-08;725;S;vrij algemeen
362147975;362147975;Gele luzernevlinder;Colias hyale;2025-06-30;6;2025-07-11;1;ter plaatse;onbekend;imago;onbekend;183700.4314221676;195609.4333274076;4.849562644958496;51.06963690352044;FS2959;Westerlo - Schaapwees;Hulshout;Westmeerbeek;Antwerpen;Site;J;Goedgekeurd op basis van bewijsmateriaal;1980-01-01;4;;15;Dagvlinders;Pieridae;2026-07-08;725;S;vrij algemeen
254011923;254011923;Gele luzernevlinder;Colias hyale;2022-09-03;9;2022-09-03;1;ter plaatse;onbekend;imago;onbekend;205541.33857658823;183779.15844130795;5.1593515;50.961615;FS5147;Schulensbroek - Nieuwe Zandhoop;Herk-de-Stad;Schulen;Limburg;Site;J;Goedgekeurd op basis van bewijsmateriaal;1980-01-01;3;;8;Dagvlinders;Pieridae;2026-07-08;725;S;vrij algemeen
361706529;361706529;Gele luzernevlinder;Colias hyale;2025-07-09;7;2025-07-09;1;ter plaatse;onbekend;imago;onbekend;191012.03386016563;205833.50500202455;4.955027103424072;51.16106326868924;FS3669;  ;Geel;Geel;Antwerpen;Site;J;Goedgekeurd op basis van bewijsmateriaal;1980-01-01;3;;30;Dagvlinders;Pieridae;2026-07-08;725;S;vrij algemeen
372365935;372365935;Gele luzernevlinder;Colias hyale;2025-09-10;9;2025-09-10;1;ter plaatse;onbekend;imago;onbekend;189929.6948918033;208606.1519319052;4.939860799722222;51.1860605;FS3572;BW037 Neerhelst Geel;Geel;Geel;Antwerpen;ObsIdentify;J;Goedgekeurd op basis van bewijsmateriaal;1980-01-01;3;;999;Dagvlinders;Pieridae;2026-07-08;725;S;vrij algemeen
254011898;254011898;Gele luzernevlinder;Colias hyale;2022-09-03;9;2022-09-03;1;ter plaatse;onbekend;imago;onbekend;205475.3604195304;183746.08175171167;5.1584074;50.961324;FS5147;Schulensbroek - Nieuwe Zandhoop;Herk-de-Stad;Schulen;Limburg;Site;J;Goedgekeurd op basis van bewijsmateriaal;1980-01-01;3;;8;Dagvlinders;Pieridae;2026-07-08;725;S;vrij algemeen
373321428;373321428;Gele luzernevlinder;Colias hyale;2025-09-19;9;2025-09-19;1;ter plaatse;onbekend;imago;onbekend;165158.14906988764;184718.30985681247;4.5845674;50.9725205;FS1147;  ;Boortmeerbeek;Boortmeerbeek;Vlaams-Brabant;ObsIdentify;J;Goedgekeurd op basis van bewijsmateriaal;1980-01-01;3;;44;Dagvlinders;Pieridae;2026-07-08;725;S;vrij algemeen
254580594;254580594;Gele luzernevlinder;Colias hyale;2022-09-11;9;2022-09-11;1;ter plaatse;onbekend;imago;onbekend;204350.41418850524;182838.21821185108;5.142261;50.95327;FS5046;Schulensbroek - Noordkant Herk;Herk-de-Stad;Schulen;Limburg;ObsMapp;J;Goedgekeurd op basis van kennisregels - automatische beeldherkenning (NIA);2007-01-01;3;;5;Dagvlinders;Pieridae;2026-07-08;725;S;vrij algemeen
254011878;254011878;Gele luzernevlinder;Colias hyale;2022-09-03;9;2022-09-03;1;ter plaatse;onbekend;imago;onbekend;205398.1137849116;183685.0734313065;5.1572987;50.960783;FS5147;Schulensbroek - Nieuwe Zandhoop;Herk-de-Stad;Schulen;Limburg;Site;J;Goedgekeurd op basis van bewijsmateriaal;1980-01-01;3;;8;Dagvlinders;Pieridae;2026-07-08;725;S;vrij algemeen
287451600;287451600;Gele luzernevlinder;Colias hyale;2023-09-09;9;2023-09-09;1;ter plaatse;gezien;imago;onbekend;217142.6409792531;194245.135314567;5.326395034790039;51.054459379391375;FS6358;Heusden - Zolder Terril Lindeman ;Heusden-Zolder;Heusden;Limburg;Site;J;Goedgekeurd op basis van bewijsmateriaal;1980-01-01;3;;30;Dagvlinders;Pieridae;2026-07-08;725;S;vrij algemeen
288885044;288885044;Gele luzernevlinder;Colias hyale;2023-09-25;9;2023-09-25;1;ter plaatse;gezien;imago;onbekend;217158.3981533682;194211.23360600136;5.326613509096205;51.05415283626015;FS6358;Heusden - Zolder Terril Lindeman ;Heusden-Zolder;Heusden;Limburg;Site;J;Goedgekeurd op basis van kennisregels - automatische beeldherkenning (NIA);1980-01-01;3;;60;Dagvlinders;Pieridae;2026-07-08;725;S;vrij algemeen
289516036;289516036;Gele luzernevlinder;Colias hyale;2023-10-02;10;2023-10-02;1;ter plaatse;gezien;imago;onbekend;217072.4093053727;194077.52096395756;5.325362628245784;51.052960972878985;FS6258;Heusden - Zolder Terril Lindeman ;Heusden-Zolder;Heusden;Limburg;Site;J;Goedgekeurd op basis van kennisregels - automatische beeldherkenning (NIA);1980-01-01;3;;240;Dagvlinders;Pieridae;2026-07-08;725;S;vrij algemeen
369953531;369953531;Gele luzernevlinder;Colias hyale;2025-08-23;8;2025-08-23;1;ter plaatse;onbekend;onbekend;onbekend;204766.59957430785;183124.0711392155;5.1482264;50.9558003;FS5047;Schulensbroek - Oosten Strandje;Herk-de-Stad;Schulen;Limburg;Observation;J;Goedgekeurd op basis van kennisregels - nabijheid;1980-01-01;4;;3;Dagvlinders;Pieridae;2026-07-08;725;S;vrij algemeen
254011852;254011852;Gele luzernevlinder;Colias hyale;2022-09-03;9;2022-09-03;1;ter plaatse;onbekend;imago;onbekend;204786.27612912693;182927.33132813495;5.148477;50.95403;FS5046;Schulensbroek - Oosten Strandje;Herk-de-Stad;Schulen;Limburg;Site;J;Goedgekeurd op basis van kennisregels - nabijheid;1980-01-01;3;;15;Dagvlinders;Pieridae;2026-07-08;725;S;vrij algemeen
375638478;375638478;Gele luzernevlinder;Colias hyale;2025-08-20;8;2025-10-10;2;ter plaatse;onbekend;imago;onbekend;192506.99945568145;189841.7163881641;4.974529759918141;51.01721251185196;FS3853;Averbode - Vierkensbroek;Scherpenheuvel-Zichem;Averbode;Vlaams-Brabant;Site;J;Goedgekeurd op basis van bewijsmateriaal;1980-01-01;3;;15;Dagvlinders;Pieridae;2026-07-08;725;S;vrij algemeen
225237717;225237717;Gele luzernevlinder;Colias hyale;2021-09-09;9;2021-09-09;2;ter plaatse;onbekend;imago;onbekend;227781.89735116443;186588.9155611256;5.4764893;50.984313;FS7351;Genk - Terril Winterslag;Genk;Genk;Limburg;Site;J;Goedgekeurd op basis van bewijsmateriaal;1980-01-01;3;meerdere keren eentje zien passeren;15;Dagvlinders;Pieridae;2026-07-08;725;S;vrij algemeen
287112764;287112764;Gele luzernevlinder;Colias hyale;2023-09-06;9;2023-09-06;1;foeragerend;gezien;imago;onbekend;185112.77709246;211360.5792850079;4.871234893798828;51.21113132914483;FS3074;Kasterlee - Kempense Heuvelrug;Kasterlee;Lichtaart;Antwerpen;Site;J;Goedgekeurd op basis van bewijsmateriaal;1980-01-01;4;;50;Dagvlinders;Pieridae;2026-07-08;725;S;vrij algemeen
369123312;369123312;Gele luzernevlinder;Colias hyale;2025-08-17;8;2025-08-17;1;ter plaatse;onbekend;imago;onbekend;228615.18810438504;186643.54668724444;5.488366603851318;50.98469161987305;FS7451;Genk - Terril Winterslag;Genk;Genk;Limburg;ObsMapp;J;Goedgekeurd op basis van bewijsmateriaal;1980-01-01;3;;1;Dagvlinders;Pieridae;2026-07-08;725;S;vrij algemeen
254613336;254613336;Gele luzernevlinder;Colias hyale;2022-09-11;9;2022-09-11;1;foeragerend;gezien;imago;onbekend;183540.8623828973;233815.6501119472;4.85083;51.413048;FS2897;Zondereigen - Merkske - Heikant;Baarle-Hertog;Baarle-Hertog;Antwerpen;Site;J;Goedgekeurd op basis van bewijsmateriaal;1980-01-01;3;;25;Dagvlinders;Pieridae;2026-07-08;725;S;vrij algemeen
368345628;368345628;Gele luzernevlinder;Colias hyale;2025-08-13;8;2025-08-13;1;ter plaatse;onbekend;imago;onbekend;183699.8647592426;192980.7397143776;4.8493115;51.0460083;FS2956;  ;Herselt;Herselt;Antwerpen;ObsIdentify;J;Goedgekeurd op basis van bewijsmateriaal;1980-01-01;3;;4;Dagvlinders;Pieridae;2026-07-08;725;S;vrij algemeen
376610091;376610091;Gele luzernevlinder;Colias hyale;2025-09-19;9;2025-10-17;1;ter plaatse;onbekend;imago;onbekend;210802.11028597457;196003.1350045949;5.2362633333333335;51.07096166666667;FS5660;Beringen - Mijn - terrils;Beringen;Koersel;Limburg;ObsIdentify;J;Goedgekeurd op basis van bewijsmateriaal;1980-01-01;3;;999;Dagvlinders;Pieridae;2026-07-08;725;S;vrij algemeen
287363283;287363283;Gele luzernevlinder;Colias hyale;2023-09-08;9;2023-09-08;1;ter plaatse;onbekend;imago;onbekend;210642.0975262132;195929.8771447297;5.233968333333333;51.07032;FS5660;Beringen - Mijn - terrils;Beringen;Koersel;Limburg;ObsIdentify;J;Goedgekeurd op basis van bewijsmateriaal;1980-01-01;3;;999;Dagvlinders;Pieridae;2026-07-08;725;S;vrij algemeen
372054506;372054506;Gele luzernevlinder;Colias hyale;2025-09-07;9;2025-09-07;1;foeragerend;gezien;imago;onbekend;168336.01049903544;212408.34847498592;4.631208799722223;51.2213271;FS1375;  ;Ranst;Oelegem;Antwerpen;ObsIdentify;J;Goedgekeurd op basis van bewijsmateriaal;1980-01-01;4;;5;Dagvlinders;Pieridae;2026-07-08;725;S;vrij algemeen
371905144;371905144;Gele luzernevlinder;Colias hyale;2025-09-06;9;2025-09-06;2;ter plaatse;onbekend;imago;onbekend;155427.02654130314;194599.4582807096;4.446169000000054;51.061516;FS0157;Walem - Grote Vijver;Mechelen;Walem;Antwerpen;Site;J;Goedgekeurd op basis van bewijsmateriaal;1980-01-01;3;;15;Dagvlinders;Pieridae;2026-07-08;725;S;vrij algemeen
252492172;252492172;Gele luzernevlinder;Colias hyale;2022-08-16;8;2022-08-16;3;ter plaatse;onbekend;imago;onbekend;204781.3903300151;182843.95345847492;5.148395;50.953281;FS5046;Schulensbroek - Pijpenkop;Herk-de-Stad;Schulen;Limburg;ObsMapp;J;Goedgekeurd op basis van bewijsmateriaal;2007-01-01;3;;3;Dagvlinders;Pieridae;2026-07-08;725;S;vrij algemeen
367076503;367076503;Gele luzernevlinder;Colias hyale;2025-08-06;8;2025-08-06;1;ter plaatse;onbekend;imago;onbekend;159994.80950487347;199821.7417794308;4.511470000000031;51.108397;FS0562;Beneden Netevallei - Babbelbeekse Beemden;Lier;Lier;Antwerpen;Site;J;Goedgekeurd op basis van bewijsmateriaal;1980-01-01;4;;20;Dagvlinders;Pieridae;2026-07-08;725;S;vrij algemeen
374413402;374413402;Gele luzernevlinder;Colias hyale;2025-09-28;9;2025-09-28;1;ter plaatse;onbekend;imago;onbekend;220354.8150358603;184306.46804978236;5.3702909;50.9647466;FS6648;Hasselt - Natuurgebied Kiewit;Hasselt;Hasselt;Limburg;Observation;J;Goedgekeurd op basis van kennisregels - nabijheid;1980-01-01;3;;4;Dagvlinders;Pieridae;2026-07-08;725;S;vrij algemeen
371313466;371313466;Gele luzernevlinder;Colias hyale;2025-09-01;9;2025-09-01;1;ter plaatse;onbekend;imago;onbekend;214951.32692456024;185708.9587281244;5.293626599722222;50.97798329972223;FS6149;Kuringen - Kolberg - Rode Vijvers;Heusden-Zolder;Zolder;Limburg;ObsIdentify;J;Goedgekeurd op basis van bewijsmateriaal;1980-01-01;3;;999;Dagvlinders;Pieridae;2026-07-08;725;S;vrij algemeen
368219168;368219168;Gele luzernevlinder;Colias hyale;2025-08-12;8;2025-08-12;1;ter plaatse;onbekend;imago;onbekend;227853.40203786932;186938.15359593;5.4775818;50.9874424;FS7351;Genk - Terril Winterslag;Genk;Genk;Limburg;Observation;J;Goedgekeurd op basis van kennisregels - nabijheid;1980-01-01;3;;4;Dagvlinders;Pieridae;2026-07-08;725;S;vrij algemeen
254253409;254253409;Gele luzernevlinder;Colias hyale;2022-09-06;9;2022-09-06;2;foeragerend;gezien;imago;onbekend;189342.7491926924;197957.7927132994;4.930313;51.090389;FS3561;  ;Westerlo;Westerlo;Antwerpen;Site;J;Goedgekeurd op basis van bewijsmateriaal;1980-01-01;3;;7;Dagvlinders;Pieridae;2026-07-08;725;S;vrij algemeen
254192916;254192916;Gele luzernevlinder;Colias hyale;2022-09-05;9;2022-09-05;2;ter plaatse;gezien;imago;onbekend;189334.90751386192;197947.8318744497;4.9302;51.0903;FS3561;  ;Westerlo;Westerlo;Antwerpen;Site;J;Goedgekeurd op basis van bewijsmateriaal;1980-01-01;3;;25;Dagvlinders;Pieridae;2026-07-08;725;S;vrij algemeen
272860921;272860921;Gele luzernevlinder;Colias hyale;2023-05-21;5;2023-05-22;1;ter plaatse;onbekend;imago;Man;205991.10822497416;183864.3491299888;5.16576623916626;50.96233749389648;FS5247;Schulensbroek - Binnenbekken Oost;Herk-de-Stad;Schulen;Limburg;copied observation;J;Goedgekeurd op basis van kennisregels - nabijheid;1980-01-01;3;;4;Dagvlinders;Pieridae;2026-07-08;725;S;vrij algemeen
254192884;254192884;Gele luzernevlinder;Colias hyale;2022-09-05;9;2022-09-05;2;ter plaatse;gezien;imago;onbekend;189334.90751386192;197947.8318744497;4.9302;51.0903;FS3561;  ;Westerlo;Westerlo;Antwerpen;Site;J;Goedgekeurd op basis van bewijsmateriaal;1980-01-01;3;;25;Dagvlinders;Pieridae;2026-07-08;725;S;vrij algemeen
406819919;406819919;Gele luzernevlinder;Colias hyale;2026-06-23;6;2026-06-23;1;ter plaatse;onbekend;imago;onbekend;221694.53649850283;183172.10054186263;5.3891381;50.95438639972223;FS6747;Genk - Domein Bokrijk - Zuidoost;Hasselt;Hasselt;Limburg;ObsIdentify;J;Goedgekeurd op basis van bewijsmateriaal;1980-01-01;3;;999;Dagvlinders;Pieridae;2026-07-08;725;S;vrij algemeen
370895636;370895636;Gele luzernevlinder;Colias hyale;2025-08-29;8;2025-08-29;1;ter plaatse;onbekend;imago;onbekend;220978.16263558317;179908.14685458317;5.378311666666667;50.92513666666667;FS6744;Diepenbeek - Sluisbemden;Diepenbeek;Diepenbeek;Limburg;ObsIdentify;J;Goedgekeurd op basis van bewijsmateriaal;1980-01-01;3;;7;Dagvlinders;Pieridae;2026-07-08;725;S;vrij algemeen
254889091;254889091;Gele luzernevlinder;Colias hyale;2022-09-06;9;2022-09-16;2;foeragerend;gezien;imago;onbekend;189341.82916363765;197959.0095236553;4.9303;51.0904;FS3561;  ;Westerlo;Westerlo;Antwerpen;Site;J;Goedgekeurd op basis van bewijsmateriaal;1980-01-01;3;;25;Dagvlinders;Pieridae;2026-07-08;725;S;vrij algemeen
254254554;254254554;Gele luzernevlinder;Colias hyale;2022-09-06;9;2022-09-06;2;foeragerend;gezien;imago;onbekend;189342.7491926924;197957.7927132994;4.930313;51.090389;FS3561;  ;Westerlo;Westerlo;Antwerpen;Site;J;Goedgekeurd op basis van bewijsmateriaal;1980-01-01;3;;25;Dagvlinders;Pieridae;2026-07-08;725;S;vrij algemeen
196126332;196126332;Gele luzernevlinder;Colias hyale;2020-07-13;7;2020-07-13;1;foeragerend;gezien;imago;onbekend;220920.30492243703;180177.96571535245;5.377541;50.927569;FS6744;Diepenbeek - Sluisbemden;Diepenbeek;Diepenbeek;Limburg;ObsMapp;J;Goedgekeurd op basis van kennisregels - automatische beeldherkenning (NIA);2007-01-01;3;;25;Dagvlinders;Pieridae;2026-07-08;725;S;vrij algemeen
369218787;369218787;Gele luzernevlinder;Colias hyale;2025-08-18;8;2025-08-18;1;ter plaatse;onbekend;imago;onbekend;204768.5219385234;183141.06815440208;5.1482563;50.9559529;FS5047;Schulensbroek - Oosten Strandje;Herk-de-Stad;Schulen;Limburg;copied observation;J;Goedgekeurd op basis van kennisregels - nabijheid;1980-01-01;4;;3;Dagvlinders;Pieridae;2026-07-08;725;S;vrij algemeen
350447636;350447636;Gele luzernevlinder;Colias hyale;2025-05-14;5;2025-05-14;1;ter plaatse;onbekend;imago;onbekend;210932.35108973345;207472.41283193696;5.240043000000014;51.174035;FS5671;Balen - De Most;Balen;Balen;Antwerpen;Site;J;Goedgekeurd op basis van bewijsmateriaal;1980-01-01;3;;999;Dagvlinders;Pieridae;2026-07-08;725;S;vrij algemeen
271007363;271007363:2962979;Gele luzernevlinder;Colias hyale;2023-05-08;5;2023-05-09;1;ter plaatse;gezien;imago;Vrouw;206050.22843993455;183859.58962339628;5.166606999999999;50.962289;FS5247;Schulensbroek - Binnenbekken Oost;Herk-de-Stad;Schulen;Limburg;ObsIdentify;J;Goedgekeurd op basis van kennisregels - automatische beeldherkenning (NIA);1980-01-01;3;;999;Dagvlinders;Pieridae;2026-07-08;725;S;vrij algemeen
271007363;271007363:2962978;Gele luzernevlinder;Colias hyale;2023-05-08;5;2023-05-09;1;ter plaatse;gezien;imago;Man;206050.22843993455;183859.58962339628;5.166606999999999;50.962289;FS5247;Schulensbroek - Binnenbekken Oost;Herk-de-Stad;Schulen;Limburg;ObsIdentify;J;Goedgekeurd op basis van kennisregels - automatische beeldherkenning (NIA);1980-01-01;3;;999;Dagvlinders;Pieridae;2026-07-08;725;S;vrij algemeen
371804644;371804644;Gele luzernevlinder;Colias hyale;2025-09-06;9;2025-09-06;1;ter plaatse;onbekend;imago;onbekend;228021.58673060435;186954.9662199169;5.479980399722223;50.9875709;FS7451;Genk - Terril Winterslag;Genk;Genk;Limburg;ObsIdentify;J;Goedgekeurd op basis van bewijsmateriaal;1980-01-01;3;;999;Dagvlinders;Pieridae;2026-07-08;725;S;vrij algemeen
408450845;408450845;Gele luzernevlinder;Colias hyale;2026-07-01;7;2026-07-01;1;ter plaatse;onbekend;imago;onbekend;204926.2325590877;183542.59548588563;5.150561;50.9595472;FS5147;Schulensbroek - Oosten Strandje;Herk-de-Stad;Schulen;Limburg;ObsIdentify;J;Goedgekeurd op basis van bewijsmateriaal;1980-01-01;3;;3;Dagvlinders;Pieridae;2026-07-08;725;S;vrij algemeen
287529933;287529933;Gele luzernevlinder;Colias hyale;2023-09-10;9;2023-09-10;1;ter plaatse;onbekend;imago;onbekend;157890.42990113332;205820.20801068936;4.481552839279175;51.162347928903145;FS0368;  ;Boechout;Boechout;Antwerpen;Site;J;Goedgekeurd op basis van bewijsmateriaal;1980-01-01;3;;15;Dagvlinders;Pieridae;2026-07-08;725;S;vrij algemeen
367829311;367829311;Gele luzernevlinder;Colias hyale;2025-08-10;8;2025-08-10;1;ter plaatse;onbekend;imago;onbekend;179296.05254628512;185107.69385861975;4.7858833;50.9754779;FS2548;Betekom - Vorsdonkbos;Aarschot;Gelrode;Vlaams-Brabant;ObsIdentify;J;Goedgekeurd op basis van bewijsmateriaal;1980-01-01;3;;999;Dagvlinders;Pieridae;2026-07-08;725;S;vrij algemeen
370711026;370711026;Gele luzernevlinder;Colias hyale;2025-08-27;8;2025-08-27;1;ter plaatse;onbekend;imago;onbekend;180001.81451229006;184953.92038220167;4.795919399722222;50.9740595;FS2648;Betekom - Vorsdonkbos;Aarschot;Gelrode;Vlaams-Brabant;ObsIdentify;J;Goedgekeurd op basis van bewijsmateriaal;1980-01-01;3;;999;Dagvlinders;Pieridae;2026-07-08;725;S;vrij algemeen
374398901;374398901;Gele luzernevlinder;Colias hyale;2025-09-28;9;2025-09-28;1;ter plaatse;gezien;imago;onbekend;197364.87973026143;189634.05138008948;5.043729782104492;51.01496887207031;FS4353;Molenstede - Dassenaarde;Diest;Molenstede;Vlaams-Brabant;ObsMapp;J;Goedgekeurd op basis van bewijsmateriaal;1980-01-01;3;;1;Dagvlinders;Pieridae;2026-07-08;725;S;vrij algemeen
269768705;269768705;Gele luzernevlinder;Colias hyale;2023-04-30;4;2023-04-30;1;ter plaatse;onbekend;imago;onbekend;205980.09808645095;183850.00629682743;5.165607333183289;50.96220963376615;FS5247;Schulensbroek - Buitenbekken Oost;Herk-de-Stad;Schulen;Limburg;Site;J;Goedgekeurd op basis van bewijsmateriaal;1980-01-01;4;;8;Dagvlinders;Pieridae;2026-07-08;725;S;vrij algemeen
369945928;369945928;Gele luzernevlinder;Colias hyale;2025-08-23;8;2025-08-23;2;ter plaatse;onbekend;imago;onbekend;204765.52374255017;183129.8680586163;5.14821195602417;50.95585250854492;FS5047;Schulensbroek - Oosten Strandje;Herk-de-Stad;Schulen;Limburg;ObsMapp;J;Goedgekeurd op basis van kennisregels - nabijheid;1980-01-01;3;;3;Dagvlinders;Pieridae;2026-07-08;725;S;vrij algemeen
254135722;254135722;Gele luzernevlinder;Colias hyale;2022-09-04;9;2022-09-04;1;ter plaatse;gezien;imago;onbekend;163055.61214940264;200703.98318383284;4.5552063;51.116266;FS0863;Beneden Netevallei - Anderstad;Lier;Lier;Antwerpen;Site;J;Goedgekeurd op basis van kennisregels - automatische beeldherkenning (NIA);1980-01-01;3;;10;Dagvlinders;Pieridae;2026-07-08;725;S;vrij algemeen
370178807;370178807;Gele luzernevlinder;Colias hyale;2025-08-24;8;2025-08-24;1;ter plaatse;gezien;imago;onbekend;192178.1308669816;188962.776590256;4.969741702079773;51.00933597952029;FS3852;Averbode - Vierkensbroek;Scherpenheuvel-Zichem;Zichem;Vlaams-Brabant;Site;J;Goedgekeurd op basis van bewijsmateriaal;1980-01-01;3;;4;Dagvlinders;Pieridae;2026-07-08;725;S;vrij algemeen
254134467;254134467;Gele luzernevlinder;Colias hyale;2022-09-04;9;2022-09-04;1;ter plaatse;gezien;imago;onbekend;162897.88593065902;200682.00546834432;4.552953;51.116072;FS0863;Beneden Netevallei - Anderstad;Lier;Lier;Antwerpen;Site;J;Goedgekeurd op basis van kennisregels - automatische beeldherkenning (NIA);1980-01-01;3;;10;Dagvlinders;Pieridae;2026-07-08;725;S;vrij algemeen
253534947;253534947;Gele luzernevlinder;Colias hyale;2022-08-28;8;2022-08-28;1;ter plaatse;gezien;imago;onbekend;162283.8046499195;200501.28818441555;4.5441771;51.114461;FS0863;Beneden Netevallei - Nete Anderstad tot Duffelsluizen;Lier;Lier;Antwerpen;Site;J;Goedgekeurd op basis van kennisregels - automatische beeldherkenning (NIA);1980-01-01;3;;15;Dagvlinders;Pieridae;2026-07-08;725;S;vrij algemeen
253534667;253534667;Gele luzernevlinder;Colias hyale;2022-08-28;8;2022-08-28;1;ter plaatse;gezien;imago;onbekend;162962.43269912922;200712.7604953144;4.5538759;51.116347;FS0863;Beneden Netevallei - Anderstad;Lier;Lier;Antwerpen;Site;J;Goedgekeurd op basis van kennisregels - automatische beeldherkenning (NIA);1980-01-01;3;;10;Dagvlinders;Pieridae;2026-07-08;725;S;vrij algemeen
279880618;279880618;Gele luzernevlinder;Colias hyale;2023-07-10;7;2023-07-10;1;ter plaatse;gezien;imago;onbekend;173649.81929955128;190895.3466600068;4.705865979194641;51.02776122879822;FS1954;  ;Heist-op-den-Berg;Schriek;Antwerpen;Site;J;Goedgekeurd op basis van bewijsmateriaal;1980-01-01;3;;7;Dagvlinders;Pieridae;2026-07-08;725;S;vrij algemeen
253702252;253702252;Gele luzernevlinder;Colias hyale;2022-08-30;8;2022-08-30;1;ter plaatse;gezien;imago;onbekend;162713.03047208535;200706.13488879052;4.5503139;51.116293;FS0863;Beneden Netevallei - Anderstad;Lier;Lier;Antwerpen;Site;J;Goedgekeurd op basis van kennisregels - automatische beeldherkenning (NIA);1980-01-01;3;;10;Dagvlinders;Pieridae;2026-07-08;725;S;vrij algemeen
286998933;286998933;Gele luzernevlinder;Colias hyale;2023-09-05;9;2023-09-05;1;ter plaatse;gezien;imago;onbekend;163236.11419177914;200772.49749036224;4.557786583900452;51.11687773834866;FS0963;Beneden Netevallei - Nete t.h.v. Anderstad;Lier;Lier;Antwerpen;Site;J;Goedgekeurd op basis van kennisregels - automatische beeldherkenning (NIA);1980-01-01;3;;7;Dagvlinders;Pieridae;2026-07-08;725;S;vrij algemeen
364029989;364029989;Gele luzernevlinder;Colias hyale;2025-07-20;7;2025-07-20;1;ter plaatse;gezien;imago;onbekend;202494.6662835929;191285.55237972175;5.117064714431763;51.0293712342139;FS4855;Vallei van de Drie Beken - Schutshaag;Diest;Schaffen;Vlaams-Brabant;Site;J;Goedgekeurd op basis van bewijsmateriaal;1980-01-01;4;;7;Dagvlinders;Pieridae;2026-07-08;725;S;vrij algemeen
369412026;369412026;Gele luzernevlinder;Colias hyale;2025-08-18;8;2025-08-19;1;ter plaatse;onbekend;onbekend;onbekend;226617.32936384896;194976.52340631743;5.461665630340576;51.05985641479492;FS7259;Houthalen-Helchteren Meeuwen-Gruitrode en Peer - N2000;Peer;Peer;Limburg;ObsMapp;J;Goedgekeurd op basis van kennisregels - nabijheid;1980-01-01;3;;3;Dagvlinders;Pieridae;2026-07-08;725;S;vrij algemeen
369186981;369186981;Gele luzernevlinder;Colias hyale;2025-08-18;8;2025-08-18;1;ter plaatse;onbekend;onbekend;onbekend;226068.5952438885;194740.97925315704;5.453790187835693;51.05781173706055;FS7159;Houthalen-Helchteren Meeuwen-Gruitrode en Peer - N2000;Peer;Peer;Limburg;ObsMapp;J;Goedgekeurd op basis van kennisregels - nabijheid;1980-01-01;3;;3;Dagvlinders;Pieridae;2026-07-08;725;S;vrij algemeen
253906309;253906309;Gele luzernevlinder;Colias hyale;2022-09-02;9;2022-09-02;1;ter plaatse;gezien;imago;onbekend;187284.4519278308;180256.33804285436;4.899128;50.93141;FS3343;  ;Tielt-Winge;Tielt;Vlaams-Brabant;iObs;J;Goedgekeurd op basis van kennisregels - automatische beeldherkenning (NIA);2007-01-01;3;;16;Dagvlinders;Pieridae;2026-07-08;725;S;vrij algemeen
369987437;369987437;Gele luzernevlinder;Colias hyale;2025-08-23;8;2025-08-23;1;ter plaatse;onbekend;imago;onbekend;204766.55109012977;183127.75691937003;5.148226261138916;50.955833435058594;FS5047;Schulensbroek - Oosten Strandje;Herk-de-Stad;Schulen;Limburg;ObsMapp;J;Goedgekeurd op basis van kennisregels - nabijheid;1980-01-01;3;;3;Dagvlinders;Pieridae;2026-07-08;725;S;vrij algemeen
369117057;369117057;Gele luzernevlinder;Colias hyale;2025-08-15;8;2025-08-17;1;ter plaatse;onbekend;imago;onbekend;167774.14583551293;198045.745585219;4.622462354611112;51.09224569138889;FS1361;Koningshooikt - Ruigtes Vanhool;Lier;Koningshooikt;Antwerpen;ObsIdentify;J;Goedgekeurd op basis van bewijsmateriaal;1980-01-01;3;;999;Dagvlinders;Pieridae;2026-07-08;725;S;vrij algemeen
254576853;254576853;Gele luzernevlinder;Colias hyale;2022-09-11;9;2022-09-11;1;ter plaatse;onbekend;imago;onbekend;155076.14600258737;193932.83643838856;4.4411545;51.055527;FS0156;Mechelen - GGG Zennegat (voormalig 'Oude Dijlearm');Mechelen;Mechelen;Antwerpen;Site;J;Goedgekeurd op basis van bewijsmateriaal;1980-01-01;4;;60;Dagvlinders;Pieridae;2026-07-08;725;S;vrij algemeen
371192168;371192168;Gele luzernevlinder;Colias hyale;2025-08-31;8;2025-08-31;1;ter plaatse;onbekend;imago;onbekend;232119.25528089184;205029.734317556;5.542403232053869;51.14945672492071;FS7769;Abeekvallei Grote Brogel;Peer;Grote-Brogel;Limburg;copied observation;J;Goedgekeurd op basis van kennisregels - nabijheid;1980-01-01;3;;8;Dagvlinders;Pieridae;2026-07-08;725;S;vrij algemeen
288111279;288111279;Gele luzernevlinder;Colias hyale;2023-09-16;9;2023-09-16;1;foeragerend;gezien;imago;Man;188978.9405637644;188057.0853771968;4.924062252044678;51.00141906738281;FS3551;Messelbroek - Keet;Scherpenheuvel-Zichem;Messelbroek;Vlaams-Brabant;ObsMapp;J;Goedgekeurd op basis van bewijsmateriaal;1980-01-01;3;;3;Dagvlinders;Pieridae;2026-07-08;725;S;vrij algemeen
401483458;401483458;Gele luzernevlinder;Colias hyale;2026-05-27;5;2026-05-28;1;ter plaatse;onbekend;imago;Man;146503.71453961168;220467.6156183984;4.318636417388916;51.29404830932617;ES9183;Antwerpen - Lillo - Galgenschoor;Antwerpen;Antwerpen;Antwerpen;ObsMapp;J;Goedgekeurd op basis van bewijsmateriaal;1980-01-01;3;;3;Dagvlinders;Pieridae;2026-07-08;725;S;vrij algemeen
371192163;371192163;Gele luzernevlinder;Colias hyale;2025-08-31;8;2025-08-31;1;ter plaatse;onbekend;imago;onbekend;231896.3219276656;205006.51243578363;5.539212367655093;51.1492796656408;FS7769;Abeekvallei Grote Brogel;Peer;Grote-Brogel;Limburg;copied observation;J;Goedgekeurd op basis van kennisregels - nabijheid;1980-01-01;3;;57;Dagvlinders;Pieridae;2026-07-08;725;S;vrij algemeen
281841021;281841021;Gele luzernevlinder;Colias hyale;2023-07-25;7;2023-07-25;1;ter plaatse;onbekend;imago;onbekend;175941.29419803293;216281.67157207057;4.740342999999939;51.255849;FS2179;Oostmalle/Zoersel - Vliegveld (Niet toegankelijk);Malle;Oostmalle;Antwerpen;Site;J;Goedgekeurd op basis van bewijsmateriaal;1980-01-01;3;;30;Dagvlinders;Pieridae;2026-07-08;725;S;vrij algemeen
371150628;371150628;Gele luzernevlinder;Colias hyale;2025-08-31;8;2025-08-31;1;ter plaatse;onbekend;imago;Man;184312.32940996505;208918.28040411972;4.859549179673195;51.18922750156008;FS2972;Herentals - Langendonk;Herentals;Herentals;Antwerpen;ObsMapp;J;Goedgekeurd op basis van bewijsmateriaal;1980-01-01;3;;5;Dagvlinders;Pieridae;2026-07-08;725;S;vrij algemeen
370248758;370248758:4081563;Gele luzernevlinder;Colias hyale;2025-08-24;8;2025-08-25;1;ter plaatse;onbekend;imago;Vrouw;210877.10829558256;207432.07715010457;5.239246375858784;51.17367829404056;FS5671;Balen - De Most;Balen;Balen;Antwerpen;ObsMapp;J;Goedgekeurd op basis van kennisregels - nabijheid;1980-01-01;3;;5;Dagvlinders;Pieridae;2026-07-08;725;S;vrij algemeen
371365350;371365350;Gele luzernevlinder;Colias hyale;2025-09-01;9;2025-09-01;1;ter plaatse;gezien;imago;onbekend;232115.703495497;205058.03794526588;5.542358875274658;51.14971160888672;FS7769;Abeekvallei Grote Brogel;Peer;Grote-Brogel;Limburg;ObsMapp;J;Goedgekeurd op basis van bewijsmateriaal;1980-01-01;3;;3;Dagvlinders;Pieridae;2026-07-08;725;S;vrij algemeen
373274784;373274784;Gele luzernevlinder;Colias hyale;2025-09-19;9;2025-09-19;1;ter plaatse;onbekend;imago;onbekend;189513.7606600211;188378.55512544975;4.931715965270996;51.0042724609375;FS3552;Messelbroek - Keet;Scherpenheuvel-Zichem;Messelbroek;Vlaams-Brabant;ObsMapp;J;Goedgekeurd op basis van kennisregels - nabijheid;1980-01-01;4;;3;Dagvlinders;Pieridae;2026-07-08;725;S;vrij algemeen
371904630;371904630;Gele luzernevlinder;Colias hyale;2025-09-06;9;2025-09-06;1;ter plaatse;onbekend;imago;onbekend;242942.1213216413;200602.52400378417;5.695920944213867;51.108028411865234;FS8865;  ;Maaseik;Neeroeteren;Limburg;ObsMapp;J;Goedgekeurd op basis van bewijsmateriaal;1980-01-01;4;;1;Dagvlinders;Pieridae;2026-07-08;725;S;vrij algemeen
199486333;199486333;Gele luzernevlinder;Colias hyale;2020-09-02;9;2020-09-02;1;ter plaatse;gezien;imago;Man;188550.6014512642;187713.9114985708;4.917924;50.998363;FS3451;Messelbroek - Krekelbroek;Scherpenheuvel-Zichem;Messelbroek;Vlaams-Brabant;ObsMapp;J;Goedgekeurd op basis van bewijsmateriaal;2007-01-01;3;ook in vlucht gezien: citroengele bovenvleugels.;25;Dagvlinders;Pieridae;2026-07-08;725;S;vrij algemeen
373372533;373372533;Gele luzernevlinder;Colias hyale;2025-09-20;9;2025-09-20;1;ter plaatse;onbekend;imago;onbekend;183862.65649360296;208199.41221949365;4.853050231933594;51.18279266357422;FS2971;Herentals - Hellekens - Buiten Ring;Herentals;Herentals;Antwerpen;ObsMapp;J;Goedgekeurd op basis van kennisregels - nabijheid;1980-01-01;3;;3;Dagvlinders;Pieridae;2026-07-08;725;S;vrij algemeen
281850816;281850816;Gele luzernevlinder;Colias hyale;2023-07-25;7;2023-07-25;1;ter plaatse;onbekend;imago;onbekend;164115.37407234262;188336.81581911445;4.569860999999946;51.005074;FS1051;Rijmenam - Cassenbroek - Elst;Bonheiden;Rijmenam;Antwerpen;ObsMapp;J;Goedgekeurd op basis van bewijsmateriaal;1980-01-01;3;;4;Dagvlinders;Pieridae;2026-07-08;725;S;vrij algemeen
365069368;365069368;Gele luzernevlinder;Colias hyale;2025-07-25;7;2025-07-26;1;ter plaatse;gezien;imago;onbekend;203798.6690123938;175381.62878019456;5.133315563201904;50.88629531860352;FS5039;Aronst Hoek - zuid;Geetbets;Grazen;Vlaams-Brabant;ObsMapp;J;Goedgekeurd op basis van expertoordeel;1980-01-01;3;;3;Dagvlinders;Pieridae;2026-07-08;725;S;vrij algemeen
360901883;360901883;Gele luzernevlinder;Colias hyale;2025-07-04;7;2025-07-04;1;foeragerend;gezien;imago;onbekend;190412.84181782807;188123.1892353129;4.9444966316223145;51.001914978027344;FS3651;Testelt - Kerkendijk-Melkbroek;Scherpenheuvel-Zichem;Messelbroek;Vlaams-Brabant;ObsMapp;J;Goedgekeurd op basis van bewijsmateriaal;1980-01-01;3;;2;Dagvlinders;Pieridae;2026-07-08;725;S;vrij algemeen
254687906;254687906;Gele luzernevlinder;Colias hyale;2022-09-12;9;2022-09-12;1;ter plaatse;gezien;imago;Man;190543.71134874804;183120.77483680844;4.9458065032959;50.9569396972656;FS3646;  ;Bekkevoort;Bekkevoort;Vlaams-Brabant;ObsMapp;J;Goedgekeurd op basis van kennisregels - nabijheid;2007-01-01;3;;3;Dagvlinders;Pieridae;2026-07-08;725;S;vrij algemeen
360163027;360163027;Gele luzernevlinder;Colias hyale;2025-07-01;7;2025-07-01;1;ter plaatse;onbekend;imago;onbekend;192483.0915531336;193182.2361819269;4.974577903747559;51.0472412109375;FS3856;Averbode Bos en Heide - Veerle;Laakdal;Veerle;Antwerpen;ObsMapp;J;Goedgekeurd op basis van bewijsmateriaal;1980-01-01;3;;3;Dagvlinders;Pieridae;2026-07-08;725;S;vrij algemeen
370185507;370185507;Gele luzernevlinder;Colias hyale;2025-08-24;8;2025-08-24;1;ter plaatse;gezien;imago;onbekend;178122.26771864237;209633.5657191733;4.771066024120019;51.195991838373466;FS2373;Vorselaar - Schupleer en omgeving;Vorselaar;Vorselaar;Antwerpen;Observation;J;Goedgekeurd op basis van bewijsmateriaal;1980-01-01;4;Cropje dabei;5;Dagvlinders;Pieridae;2026-07-08;725;S;vrij algemeen
370248765;370248765;Gele luzernevlinder;Colias hyale;2025-08-24;8;2025-08-25;3;ter plaatse;onbekend;imago;Man;210968.1492549986;207459.1529904995;5.240552611649036;51.17391204175846;FS5671;Balen - De Most;Balen;Balen;Antwerpen;ObsMapp;J;Goedgekeurd op basis van bewijsmateriaal;1980-01-01;3;;5;Dagvlinders;Pieridae;2026-07-08;725;S;vrij algemeen
252958700;252958700;Gele luzernevlinder;Colias hyale;2022-08-21;8;2022-08-21;1;ter plaatse;onbekend;imago;onbekend;162822.81440776004;200693.8808809435;4.55188131332397;51.1161804199219;FS0863;Beneden Netevallei - Anderstad;Lier;Lier;Antwerpen;ObsMapp;J;Goedgekeurd op basis van kennisregels - nabijheid;2007-01-01;3;;3;Dagvlinders;Pieridae;2026-07-08;725;S;vrij algemeen
255290409;255290409;Gele luzernevlinder;Colias hyale;2022-09-21;9;2022-09-22;1;ter plaatse;onbekend;imago;onbekend;154488.55960131594;195303.64454286173;4.43279097222222;51.0678539722222;FS0058;Walem - Grote Vijver;Mechelen;Walem;Antwerpen;ObsMapp;J;Goedgekeurd op basis van bewijsmateriaal;2007-01-01;3;;999;Dagvlinders;Pieridae;2026-07-08;725;S;vrij algemeen
255290422;255290422;Gele luzernevlinder;Colias hyale;2022-09-21;9;2022-09-22;1;ter plaatse;onbekend;imago;onbekend;154467.2229440556;195300.43818738312;4.43248653411865;51.0678253173828;FS0058;Mechelen - GGG Battenbroek - Grote Vijver Noord;Mechelen;Walem;Antwerpen;ObsMapp;J;Goedgekeurd op basis van kennisregels - nabijheid;2007-01-01;3;;3;Dagvlinders;Pieridae;2026-07-08;725;S;vrij algemeen
254687918;254687918;Gele luzernevlinder;Colias hyale;2022-09-12;9;2022-09-12;2;ter plaatse;gezien;imago;onbekend;190552.21513631605;183100.0465722708;4.94592523574829;50.9567527770996;FS3646;  ;Bekkevoort;Bekkevoort;Vlaams-Brabant;ObsMapp;J;Goedgekeurd op basis van kennisregels - nabijheid;2007-01-01;3;;3;Dagvlinders;Pieridae;2026-07-08;725;S;vrij algemeen
365024106;365024106;Gele luzernevlinder;Colias hyale;2025-07-25;7;2025-07-25;1;foeragerend;gezien;imago;onbekend;185864.76166063064;186747.90918664355;4.87956952303648;50.98985226047724;FS3150;Langdorp - Achter Schoonhoven;Aarschot;Rillaar;Vlaams-Brabant;ObsMapp;J;Goedgekeurd op basis van kennisregels - nabijheid;1980-01-01;3;;5;Dagvlinders;Pieridae;2026-07-08;725;S;vrij algemeen
369732342;369732342;Gele luzernevlinder;Colias hyale;2025-08-21;8;2025-08-21;1;ter plaatse;gezien;imago;onbekend;228110.81641276547;186466.6192370383;5.481146812438965;50.98316955566406;FS7450;Genk - Terril Winterslag;Genk;Genk;Limburg;ObsMapp;J;Goedgekeurd op basis van bewijsmateriaal;1980-01-01;3;;3;Dagvlinders;Pieridae;2026-07-08;725;S;vrij algemeen
270662961;270662961;Gele luzernevlinder;Colias hyale;2023-05-06;5;2023-05-06;1;ter plaatse;onbekend;imago;onbekend;170286.16110349068;208046.15561814327;4.658877372741699;51.18205261230469;FS1571;Kleine Netevallei - Viersels Gebroekt;Zandhoven;Pulle;Antwerpen;ObsMapp;J;Goedgekeurd op basis van bewijsmateriaal;1980-01-01;3;;3;Dagvlinders;Pieridae;2026-07-08;725;S;vrij algemeen
254687927;254687927;Gele luzernevlinder;Colias hyale;2022-09-12;9;2022-09-12;1;foeragerend;gezien;imago;Man;190565.09645856105;183067.8942402443;4.94610500335693;50.9564628601074;FS3646;  ;Bekkevoort;Bekkevoort;Vlaams-Brabant;ObsMapp;J;Goedgekeurd op basis van kennisregels - nabijheid;2007-01-01;3;;4;Dagvlinders;Pieridae;2026-07-08;725;S;vrij algemeen
365024164;365024164;Gele luzernevlinder;Colias hyale;2025-07-25;7;2025-07-25;1;ter plaatse;gezien;imago;onbekend;185931.4368071909;186572.82054838075;4.880501925945282;50.9882742707665;FS3150;Langdorp - Achter Schoonhoven;Aarschot;Rillaar;Vlaams-Brabant;ObsMapp;J;Goedgekeurd op basis van kennisregels - nabijheid;1980-01-01;3;;5;Dagvlinders;Pieridae;2026-07-08;725;S;vrij algemeen
254687937;254687937;Gele luzernevlinder;Colias hyale;2022-09-12;9;2022-09-12;3;foeragerend;gezien;imago;onbekend;190639.87386726693;183038.3461869182;4.94716596603394;50.9561920166016;FS3646;  ;Bekkevoort;Bekkevoort;Vlaams-Brabant;ObsMapp;J;Goedgekeurd op basis van kennisregels - nabijheid;2007-01-01;3;;16;Dagvlinders;Pieridae;2026-07-08;725;S;vrij algemeen
289410378;289410378;Gele luzernevlinder;Colias hyale;2023-10-01;10;2023-10-01;3;ter plaatse;gezien;imago;onbekend;187151.88078941545;187427.5252497876;4.897970199584961;50.995880126953125;FS3351;Rillaar - Broek onder Rommelaar;Aarschot;Rillaar;Vlaams-Brabant;ObsMapp;J;Goedgekeurd op basis van kennisregels - nabijheid;1980-01-01;3;;6;Dagvlinders;Pieridae;2026-07-08;725;S;vrij algemeen
371904825;371904825;Gele luzernevlinder;Colias hyale;2025-09-06;9;2025-09-06;1;ter plaatse;onbekend;imago;onbekend;242102.43075094584;201347.34327921737;5.684121608734131;51.1148567199707;FS8766;  ;Maaseik;Neeroeteren;Limburg;ObsMapp;J;Goedgekeurd op basis van bewijsmateriaal;1980-01-01;4;;1;Dagvlinders;Pieridae;2026-07-08;725;S;vrij algemeen
287539276;287539276;Gele luzernevlinder;Colias hyale;2023-09-10;9;2023-09-10;2;ter plaatse;onbekend;imago;onbekend;164775.67634288792;187605.7126126485;4.5792388916015625;50.99848556518555;FS1050;Rijmenam - Dijlevallei;Bonheiden;Rijmenam;Antwerpen;ObsMapp;J;Goedgekeurd op basis van kennisregels - nabijheid;1980-01-01;3;;3;Dagvlinders;Pieridae;2026-07-08;725;S;vrij algemeen
288083293;288083293;Gele luzernevlinder;Colias hyale;2023-09-09;9;2023-09-16;4;ter plaatse;onbekend;onbekend;onbekend;139348.1038360687;217069.70744499285;4.216155052185059;51.26342010498047;ES8479;Verrebroek - Verrebroekse Plassen (VEPL);Beveren;Kallo;Oost-Vlaanderen;ObsMapp;J;Goedgekeurd op basis van expertoordeel;1980-01-01;3;;3;Dagvlinders;Pieridae;2026-07-08;725;S;vrij algemeen
287427507;287427507;Gele luzernevlinder;Colias hyale;2023-09-09;9;2023-09-09;1;ter plaatse;onbekend;imago;onbekend;139168.39166758815;216040.5725581674;4.213611111111112;51.25416666666667;ES8478;Verrebroek - Verrebroekse Plassen (VEPL);Beveren;Verrebroek;Oost-Vlaanderen;ObsIdentify;J;Goedgekeurd op basis van bewijsmateriaal;1980-01-01;4;;999;Dagvlinders;Pieridae;2026-07-08;725;S;vrij algemeen
370680410;370680410;Gele luzernevlinder;Colias hyale;2025-08-27;8;2025-08-27;3;ter plaatse;gezien;imago;onbekend;227686.43904799127;186635.8884419473;5.47514000000001;50.984748;FS7351;Genk - Terril Winterslag;Genk;Genk;Limburg;Site;J;Goedgekeurd op basis van kennisregels - nabijheid;1980-01-01;3;;60;Dagvlinders;Pieridae;2026-07-08;725;S;vrij algemeen
360746801;360746801;Gele luzernevlinder;Colias hyale;2025-07-04;7;2025-07-04;1;ter plaatse;onbekend;imago;onbekend;189343.25292818013;197962.51360020132;4.9303207;51.09043139972223;FS3561;  ;Westerlo;Westerlo;Antwerpen;Observation;J;Goedgekeurd op basis van bewijsmateriaal;1980-01-01;4;;999;Dagvlinders;Pieridae;2026-07-08;725;S;vrij algemeen
369732355;369732355;Gele luzernevlinder;Colias hyale;2025-08-21;8;2025-08-21;1;ter plaatse;gezien;imago;onbekend;228205.7176548016;186482.47292002384;5.48250150680542;50.98329925537109;FS7450;Genk - Terril Winterslag;Genk;Genk;Limburg;ObsMapp;J;Goedgekeurd op basis van bewijsmateriaal;1980-01-01;3;;3;Dagvlinders;Pieridae;2026-07-08;725;S;vrij algemeen
371492260;371492260;Gele luzernevlinder;Colias hyale;2025-09-02;9;2025-09-03;1;ter plaatse;gezien;imago;onbekend;225902.3059211495;195024.18679505587;5.451477527618408;51.06037902832031;FS7159;Houthalen-Helchteren Meeuwen-Gruitrode en Peer - N2000;Peer;Peer;Limburg;ObsMapp;J;Goedgekeurd op basis van kennisregels - nabijheid;1980-01-01;3;;3;Dagvlinders;Pieridae;2026-07-08;725;S;vrij algemeen
252939094;252939094;Gele luzernevlinder;Colias hyale;2022-08-21;8;2022-08-21;1;foeragerend;gezien;imago;onbekend;190590.10155107395;188094.01280642676;4.94701862335205;51.0016403198242;FS3651;Testelt - Kerkendijk-Melkbroek;Scherpenheuvel-Zichem;Messelbroek;Vlaams-Brabant;ObsMapp;J;Goedgekeurd op basis van bewijsmateriaal;2007-01-01;4;;5;Dagvlinders;Pieridae;2026-07-08;725;S;vrij algemeen
327739214;327739214;Gele luzernevlinder;Colias hyale;2024-09-11;9;2024-09-11;1;ter plaatse;gezien;imago;onbekend;229445.75191518792;204187.61846918703;5.504015525;51.14226199722222;FS7568;  ;Peer;Grote-Brogel;Limburg;ObsMapp;J;Goedgekeurd op basis van bewijsmateriaal;1980-01-01;3;;999;Dagvlinders;Pieridae;2026-07-08;725;S;vrij algemeen
287539280;287539280;Gele luzernevlinder;Colias hyale;2023-09-10;9;2023-09-10;1;ter plaatse;onbekend;imago;onbekend;164791.2141670223;187546.3983953325;4.579457826912403;50.99795198822399;FS1050;Boortmeerbeek - Pikhakendonk - Meanders;Bonheiden;Rijmenam;Antwerpen;ObsMapp;J;Goedgekeurd op basis van kennisregels - nabijheid;1980-01-01;3;;5;Dagvlinders;Pieridae;2026-07-08;725;S;vrij algemeen
254687948;254687948;Gele luzernevlinder;Colias hyale;2022-09-12;9;2022-09-12;3;foeragerend;gezien;imago;onbekend;190808.24230527997;183020.140708399;4.94956016540527;50.9560165405273;FS3646;  ;Bekkevoort;Bekkevoort;Vlaams-Brabant;ObsMapp;J;Goedgekeurd op basis van kennisregels - nabijheid;2007-01-01;3;;3;Dagvlinders;Pieridae;2026-07-08;725;S;vrij algemeen
365024047;365024047;Gele luzernevlinder;Colias hyale;2025-07-25;7;2025-07-25;1;ter plaatse;gezien;imago;onbekend;185877.88806617472;186563.04263401404;4.8797383308410645;50.988189697265625;FS3150;Langdorp - Achter Schoonhoven;Aarschot;Rillaar;Vlaams-Brabant;ObsMapp;J;Goedgekeurd op basis van expertoordeel;1980-01-01;3;;1;Dagvlinders;Pieridae;2026-07-08;725;S;vrij algemeen
254687945;254687945;Gele luzernevlinder;Colias hyale;2022-09-12;9;2022-09-12;3;foeragerend;gezien;imago;onbekend;190800.8983306785;183016.688190097;4.94945526123047;50.9559860229492;FS3646;  ;Bekkevoort;Bekkevoort;Vlaams-Brabant;ObsMapp;J;Goedgekeurd op basis van kennisregels - nabijheid;2007-01-01;3;;3;Dagvlinders;Pieridae;2026-07-08;725;S;vrij algemeen
289295603;289295603;Gele luzernevlinder;Colias hyale;2023-09-27;9;2023-09-30;1;foeragerend;onbekend;imago;onbekend;164689.39487050034;187589.3418754712;4.578009128570557;50.99834060668945;FS1050;Rijmenam - Dijle;Bonheiden;Rijmenam;Antwerpen;ObsMapp;J;Goedgekeurd op basis van kennisregels - nabijheid;1980-01-01;3;;4;Dagvlinders;Pieridae;2026-07-08;725;S;vrij algemeen
393795363;393795363;Gele luzernevlinder;Colias hyale;2026-04-22;4;2026-04-22;1;ter plaatse;onbekend;imago;onbekend;139110.766292771;219455.91325722265;4.212683333333334;51.28486333333333;ES8482;Kieldrecht - Putten West (PUWS);Beveren;Kieldrecht;Oost-Vlaanderen;ObsIdentify;J;Goedgekeurd op basis van bewijsmateriaal;1980-01-01;4;;5;Dagvlinders;Pieridae;2026-07-08;725;S;vrij algemeen
288069725;288069725;Gele luzernevlinder;Colias hyale;2023-09-16;9;2023-09-16;1;foeragerend;onbekend;imago;onbekend;195870.69286890636;186952.9778550481;5.022101402282715;50.990989685058594;FS4150;Diest/Zichem - Molenstedebroek;Diest;Molenstede;Vlaams-Brabant;ObsMapp;J;Goedgekeurd op basis van bewijsmateriaal;1980-01-01;4;;3;Dagvlinders;Pieridae;2026-07-08;725;S;vrij algemeen
371150586;371150586;Gele luzernevlinder;Colias hyale;2025-08-31;8;2025-08-31;1;ter plaatse;onbekend;imago;Man;184028.89239700843;208607.08159944692;4.855465888977051;51.18644714355469;FS2972;Herentals - Langendonk;Herentals;Herentals;Antwerpen;ObsMapp;J;Goedgekeurd op basis van bewijsmateriaal;1980-01-01;3;;2;Dagvlinders;Pieridae;2026-07-08;725;S;vrij algemeen
370418128;370418128;Gele luzernevlinder;Colias hyale;2025-08-26;8;2025-08-26;1;ter plaatse;gezien;imago;Man;225555.16170587356;205923.6902475264;5.448789094444445;51.15838714444444;FS7170;Kleine Brogel - Schabroeken;Peer;Kleine-Brogel;Limburg;ObsMapp;J;Goedgekeurd op basis van bewijsmateriaal;1980-01-01;3;;999;Dagvlinders;Pieridae;2026-07-08;725;S;vrij algemeen
374426445;374426445;Gele luzernevlinder;Colias hyale;2025-09-28;9;2025-09-28;1;ter plaatse;onbekend;imago;onbekend;197371.00421731945;189630.2876144433;5.043816566467285;51.01493453979492;FS4353;Molenstede - Dassenaarde;Diest;Molenstede;Vlaams-Brabant;ObsMapp;J;Goedgekeurd op basis van bewijsmateriaal;1980-01-01;4;;3;Dagvlinders;Pieridae;2026-07-08;725;S;vrij algemeen
281276083;281276083;Gele luzernevlinder;Colias hyale;2023-07-20;7;2023-07-20;1;ter plaatse;onbekend;imago;onbekend;199966.68634902764;213460.812179368;5.084078788757324;51.228912353515625;FS4577;Dessel - Steenhei/Terreinen Niras;Dessel;Dessel;Antwerpen;ObsMapp;J;Goedgekeurd op basis van bewijsmateriaal;1980-01-01;3;;3;Dagvlinders;Pieridae;2026-07-08;725;S;vrij algemeen
371424550;371424550;Gele luzernevlinder;Colias hyale;2025-09-02;9;2025-09-02;1;ter plaatse;onbekend;imago;onbekend;210955.393873231;207476.40525574703;5.240373134613037;51.17406845092773;FS5671;Balen - De Most;Balen;Balen;Antwerpen;ObsMapp;J;Goedgekeurd op basis van kennisregels - nabijheid;1980-01-01;3;;1;Dagvlinders;Pieridae;2026-07-08;725;S;vrij algemeen
365069366;365069366;Gele luzernevlinder;Colias hyale;2025-07-25;7;2025-07-26;3;ter plaatse;gezien;imago;onbekend;203830.76322809188;175328.06377498247;5.133763790130615;50.88581085205078;FS5039;Aronst Hoek - zuid;Geetbets;Grazen;Vlaams-Brabant;ObsMapp;J;Goedgekeurd op basis van expertoordeel;1980-01-01;3;;3;Dagvlinders;Pieridae;2026-07-08;725;S;vrij algemeen
255445074;255445074;Gele luzernevlinder;Colias hyale;2022-09-25;9;2022-09-25;1;ter plaatse;onbekend;imago;onbekend;146852.08757149387;206976.2510431977;4.3237461;51.1727853;ES9269;Kruibeke - Kruibeke Polder (KRPO);Kruibeke;Kruibeke;Oost-Vlaanderen;ObsIdentify;J;Goedgekeurd op basis van kennisregels - automatische beeldherkenning (NIA);1980-01-01;3;;4;Dagvlinders;Pieridae;2026-07-08;725;S;vrij algemeen
366637162;366637162;Gele luzernevlinder;Colias hyale;2025-08-03;8;2025-08-03;1;ter plaatse;gezien;imago;Man;228925.11839326157;196148.91656654887;5.494833946228027;51.07008361816406;FS7460;Abeekvallei;Meeuwen-Gruitrode;Meeuwen;Limburg;ObsMapp;J;Goedgekeurd op basis van bewijsmateriaal;1980-01-01;3;;8;Dagvlinders;Pieridae;2026-07-08;725;S;vrij algemeen
253099259;253099259;Gele luzernevlinder;Colias hyale;2022-08-23;8;2022-08-23;1;ter plaatse;onbekend;imago;onbekend;203679.2356213792;176658.2001552293;5.13180494308472;50.8977813720703;FS4940;Aronst Hoek - zuid;Geetbets;Rummen;Vlaams-Brabant;ObsMapp;J;Goedgekeurd op basis van bewijsmateriaal;2007-01-01;3;;3;Dagvlinders;Pieridae;2026-07-08;725;S;vrij algemeen
372311592;372311592;Gele luzernevlinder;Colias hyale;2025-09-08;9;2025-09-09;1;ter plaatse;onbekend;imago;onbekend;186900.8646389989;231359.37646537836;4.898868083953857;51.39076614379883;FS3294;Merksplas - Merkske - Moer;Merksplas;Merksplas;Antwerpen;ObsMapp;J;Goedgekeurd op basis van kennisregels - nabijheid;1980-01-01;3;;5;Dagvlinders;Pieridae;2026-07-08;725;S;vrij algemeen
370145704;370145704;Gele luzernevlinder;Colias hyale;2025-08-24;8;2025-08-24;1;ter plaatse;gezien;imago;onbekend;210906.04129068417;207476.371324976;5.239667488833371;51.174073355144;FS5671;Balen - De Most;Balen;Balen;Antwerpen;iObs;J;Goedgekeurd op basis van kennisregels - nabijheid;1980-01-01;3;;37;Dagvlinders;Pieridae;2026-07-08;725;S;vrij algemeen
254127013;254127013;Gele luzernevlinder;Colias hyale;2022-09-04;9;2022-09-04;1;foeragerend;gezien;imago;onbekend;187210.61927194128;187443.2224292662;4.89880847930908;50.9960174560547;FS3351;Rillaar - Broek onder Rommelaar;Aarschot;Rillaar;Vlaams-Brabant;ObsMapp;J;Goedgekeurd op basis van kennisregels - nabijheid;2007-01-01;4;;6;Dagvlinders;Pieridae;2026-07-08;725;S;vrij algemeen
359774042;359774042;Gele luzernevlinder;Colias hyale;2025-06-29;6;2025-06-29;1;foeragerend;gezien;imago;onbekend;195316.93509239596;186849.24810228404;5.014201641082764;50.9901008605957;FS4150;Diest/Zichem - Molenstedebroek;Diest;Molenstede;Vlaams-Brabant;ObsMapp;J;Goedgekeurd op basis van kennisregels - nabijheid;1980-01-01;3;nadien ook op Jakobskruiskruid.;1;Dagvlinders;Pieridae;2026-07-08;725;S;vrij algemeen
365024227;365024227;Gele luzernevlinder;Colias hyale;2025-07-25;7;2025-07-25;1;ter plaatse;gezien;imago;onbekend;186099.5097215933;186402.4622326158;4.88287878036499;50.98673248291016;FS3250;Rillaar - Rommelaar;Aarschot;Rillaar;Vlaams-Brabant;ObsMapp;J;Goedgekeurd op basis van expertoordeel;1980-01-01;3;;1;Dagvlinders;Pieridae;2026-07-08;725;S;vrij algemeen
289292464;289292464;Gele luzernevlinder;Colias hyale;2023-09-30;9;2023-09-30;1;ter plaatse;onbekend;imago;onbekend;162790.7013582515;200704.4111739993;4.551423072814941;51.11627578735352;FS0863;Beneden Netevallei - Nete t.h.v. Anderstad;Lier;Lier;Antwerpen;ObsMapp;J;Goedgekeurd op basis van kennisregels - nabijheid;1980-01-01;3;;3;Dagvlinders;Pieridae;2026-07-08;725;S;vrij algemeen
255298855;255298855;Gele luzernevlinder;Colias hyale;2022-09-22;9;2022-09-22;2;foeragerend;gezien;imago;onbekend;190536.64743852813;183130.0983639928;4.945707;50.957024;FS3646;  ;Bekkevoort;Bekkevoort;Vlaams-Brabant;ObsMapp;J;Goedgekeurd op basis van bewijsmateriaal;2007-01-01;3;;4;Dagvlinders;Pieridae;2026-07-08;725;S;vrij algemeen
255298852;255298852;Gele luzernevlinder;Colias hyale;2022-09-22;9;2022-09-22;1;foeragerend;gezien;imago;onbekend;190536.73154318664;183128.31905512977;4.945708;50.957008;FS3646;  ;Bekkevoort;Bekkevoort;Vlaams-Brabant;ObsMapp;J;Goedgekeurd op basis van bewijsmateriaal;2007-01-01;3;;3;Dagvlinders;Pieridae;2026-07-08;725;S;vrij algemeen
255298847;255298847;Gele luzernevlinder;Colias hyale;2022-09-22;9;2022-09-22;8;foeragerend;gezien;imago;onbekend;190554.77098562528;183094.52887607735;4.945961;50.956703;FS3646;  ;Bekkevoort;Bekkevoort;Vlaams-Brabant;ObsMapp;J;Goedgekeurd op basis van bewijsmateriaal;2007-01-01;3;;4;Dagvlinders;Pieridae;2026-07-08;725;S;vrij algemeen
255298843;255298843;Gele luzernevlinder;Colias hyale;2022-09-22;9;2022-09-22;2;foeragerend;gezien;imago;onbekend;190568.3414751952;183055.6125924699;4.9461498260498;50.9563522338867;FS3646;  ;Bekkevoort;Bekkevoort;Vlaams-Brabant;ObsMapp;J;Goedgekeurd op basis van kennisregels - nabijheid;2007-01-01;3;;2;Dagvlinders;Pieridae;2026-07-08;725;S;vrij algemeen
253994283;253994283;Gele luzernevlinder;Colias hyale;2022-09-03;9;2022-09-03;1;ter plaatse;onbekend;imago;Vrouw;154307.19532637604;195214.57730147892;4.43020248413086;51.0670547485352;FS0058;Mechelen - GGG Battenbroek - Grote Vijver Noord;Mechelen;Walem;Antwerpen;ObsMapp;J;Goedgekeurd op basis van kennisregels - nabijheid;2007-01-01;3;;3;Dagvlinders;Pieridae;2026-07-08;725;S;vrij algemeen
253703531;253703531;Gele luzernevlinder;Colias hyale;2022-08-30;8;2022-08-30;1;ter plaatse;gezien;imago;onbekend;190563.7634451177;183071.27887305152;4.94608640670776;50.9564933776855;FS3646;  ;Bekkevoort;Bekkevoort;Vlaams-Brabant;ObsMapp;J;Goedgekeurd op basis van kennisregels - nabijheid;2007-01-01;3;;5;Dagvlinders;Pieridae;2026-07-08;725;S;vrij algemeen
253703517;253703517;Gele luzernevlinder;Colias hyale;2022-08-30;8;2022-08-30;1;ter plaatse;gezien;imago;onbekend;190581.55674206777;183105.36751684453;4.94634342193604;50.9567985534668;FS3646;  ;Bekkevoort;Bekkevoort;Vlaams-Brabant;ObsMapp;J;Goedgekeurd op basis van kennisregels - nabijheid;2007-01-01;3;;3;Dagvlinders;Pieridae;2026-07-08;725;S;vrij algemeen
253933999;253933999;Gele luzernevlinder;Colias hyale;2022-09-02;9;2022-09-02;2;foeragerend;gezien;imago;Man;186953.4266783549;187292.0089126192;4.89512968063354;50.9946746826172;FS3250;Langdorp - Demerdonken;Aarschot;Langdorp;Vlaams-Brabant;ObsMapp;J;Goedgekeurd op basis van kennisregels - nabijheid;2007-01-01;3;;3;Dagvlinders;Pieridae;2026-07-08;725;S;vrij algemeen
253703515;253703515;Gele luzernevlinder;Colias hyale;2022-08-30;8;2022-08-30;1;ter plaatse;gezien;imago;onbekend;190587.1176212123;183101.1670649853;4.94642210006714;50.9567604064941;FS3646;  ;Bekkevoort;Bekkevoort;Vlaams-Brabant;ObsMapp;J;Goedgekeurd op basis van kennisregels - nabijheid;2007-01-01;3;;3;Dagvlinders;Pieridae;2026-07-08;725;S;vrij algemeen
370248777;370248777;Gele luzernevlinder;Colias hyale;2025-08-24;8;2025-08-25;3;ter plaatse;onbekend;imago;Man;210824.3009383212;207134.47866808623;5.238441467285156;51.1710090637207;FS5671;Balen - De Most;Balen;Balen;Antwerpen;ObsMapp;J;Goedgekeurd op basis van kennisregels - nabijheid;1980-01-01;3;;2;Dagvlinders;Pieridae;2026-07-08;725;S;vrij algemeen
253703510;253703510;Gele luzernevlinder;Colias hyale;2022-08-30;8;2022-08-30;2;ter plaatse;gezien;imago;onbekend;190592.6258094072;183073.62551387027;4.94649744033813;50.9565124511719;FS3646;  ;Bekkevoort;Bekkevoort;Vlaams-Brabant;ObsMapp;J;Goedgekeurd op basis van kennisregels - nabijheid;2007-01-01;3;;3;Dagvlinders;Pieridae;2026-07-08;725;S;vrij algemeen
253933922;253933922;Gele luzernevlinder;Colias hyale;2022-09-02;9;2022-09-02;1;ter plaatse;gezien;imago;onbekend;186903.2613292912;187091.34616068008;4.89439487457275;50.9928741455078;FS3250;Rillaar - Broek onder Rommelaar;Aarschot;Rillaar;Vlaams-Brabant;ObsMapp;J;Goedgekeurd op basis van kennisregels - nabijheid;2007-01-01;3;;4;Dagvlinders;Pieridae;2026-07-08;725;S;vrij algemeen
367723551;367723551;Gele luzernevlinder;Colias hyale;2025-08-09;8;2025-08-09;1;ter plaatse;gezien;imago;onbekend;185879.1216812443;186588.0894198753;4.879758358001709;50.9884147644043;FS3150;Langdorp - Achter Schoonhoven;Aarschot;Rillaar;Vlaams-Brabant;ObsMapp;J;Goedgekeurd op basis van kennisregels - nabijheid;1980-01-01;3;;1;Dagvlinders;Pieridae;2026-07-08;725;S;vrij algemeen
367723727;367723727;Gele luzernevlinder;Colias hyale;2025-08-09;8;2025-08-09;2;foeragerend;gezien;imago;onbekend;186098.92683942025;186370.6298712837;4.882867336273193;50.986446380615234;FS3250;Rillaar - Rommelaar;Aarschot;Rillaar;Vlaams-Brabant;ObsMapp;J;Goedgekeurd op basis van bewijsmateriaal;1980-01-01;3;;5;Dagvlinders;Pieridae;2026-07-08;725;S;vrij algemeen
287724324;287724324;Gele luzernevlinder;Colias hyale;2023-09-12;9;2023-09-12;1;ter plaatse;gezien;imago;Vrouw;225884.00235313232;195064.23992757592;5.4512248039245605;51.06074142456055;FS7159;  ;Peer;Peer;Limburg;ObsMapp;J;Goedgekeurd op basis van bewijsmateriaal;1980-01-01;3;;3;Dagvlinders;Pieridae;2026-07-08;725;S;vrij algemeen
370248793;370248793;Gele luzernevlinder;Colias hyale;2025-08-24;8;2025-08-25;1;ter plaatse;onbekend;imago;Man;210778.82822339892;207272.308013984;5.237814426422119;51.1722526550293;FS5671;Balen - De Most;Balen;Balen;Antwerpen;ObsMapp;J;Goedgekeurd op basis van kennisregels - nabijheid;1980-01-01;3;;3;Dagvlinders;Pieridae;2026-07-08;725;S;vrij algemeen
254688075;254688075;Gele luzernevlinder;Colias hyale;2022-09-12;9;2022-09-12;2;foeragerend;gezien;imago;onbekend;192032.6285504976;182334.87315565252;4.96690694242716;50.9497692282669;FS3846;  ;Bekkevoort;Bekkevoort;Vlaams-Brabant;ObsMapp;J;Goedgekeurd op basis van bewijsmateriaal;2007-01-01;3;;5;Dagvlinders;Pieridae;2026-07-08;725;S;vrij algemeen
362290391;362290391;Gele luzernevlinder;Colias hyale;2025-07-11;7;2025-07-11;1;foeragerend;gezien;imago;onbekend;190578.94439508973;188112.59864932112;4.946861743927002;51.00180816650391;FS3651;Testelt - Kerkendijk-Melkbroek;Scherpenheuvel-Zichem;Messelbroek;Vlaams-Brabant;ObsMapp;J;Goedgekeurd op basis van bewijsmateriaal;1980-01-01;3;;1;Dagvlinders;Pieridae;2026-07-08;725;S;vrij algemeen
363493259;363493259;Gele luzernevlinder;Colias hyale;2025-07-17;7;2025-07-17;1;ter plaatse;gezien;imago;onbekend;186097.4193248913;186443.18799379747;4.882853031158447;50.987098693847656;FS3250;Rillaar - Rommelaar;Aarschot;Rillaar;Vlaams-Brabant;ObsMapp;J;Goedgekeurd op basis van expertoordeel;1980-01-01;3;;1;Dagvlinders;Pieridae;2026-07-08;725;S;vrij algemeen
254687940;254687940;Gele luzernevlinder;Colias hyale;2022-09-12;9;2022-09-12;3;foeragerend;gezien;imago;onbekend;190706.48920520907;183028.68111873977;4.94811296463013;50.9561004638672;FS3646;  ;Bekkevoort;Bekkevoort;Vlaams-Brabant;ObsMapp;J;Goedgekeurd op basis van kennisregels - nabijheid;2007-01-01;3;;16;Dagvlinders;Pieridae;2026-07-08;725;S;vrij algemeen
375632126;375632126;Gele luzernevlinder;Colias hyale;2025-10-10;10;2025-10-10;1;ter plaatse;gezien;imago;onbekend;229764.5046323684;205354.14545847665;5.508825778961182;51.15270233154297;FS7569;  ;Peer;Grote-Brogel;Limburg;ObsMapp;J;Goedgekeurd op basis van bewijsmateriaal;1980-01-01;3;;3;Dagvlinders;Pieridae;2026-07-08;725;S;vrij algemeen
363493198;363493198;Gele luzernevlinder;Colias hyale;2025-07-17;7;2025-07-17;3;ter plaatse;gezien;imago;onbekend;185878.17476293573;186565.16649811063;4.879742622375488;50.98820877075195;FS3150;Langdorp - Achter Schoonhoven;Aarschot;Rillaar;Vlaams-Brabant;ObsMapp;J;Goedgekeurd op basis van expertoordeel;1980-01-01;3;;2;Dagvlinders;Pieridae;2026-07-08;725;S;vrij algemeen
363493075;363493075;Gele luzernevlinder;Colias hyale;2025-07-17;7;2025-07-17;2;foeragerend;gezien;imago;onbekend;185909.3993136331;186576.8399578184;4.880188465118408;50.988311767578125;FS3150;Langdorp - Achter Schoonhoven;Aarschot;Rillaar;Vlaams-Brabant;ObsMapp;J;Goedgekeurd op basis van expertoordeel;1980-01-01;3;;1;Dagvlinders;Pieridae;2026-07-08;725;S;vrij algemeen
363117428;363117428;Gele luzernevlinder;Colias hyale;2025-07-15;7;2025-07-15;1;ter plaatse;gezien;imago;Man;189181.00152965717;188062.84612046275;4.926941394805908;51.00145721435547;FS3551;Messelbroek - Keet;Scherpenheuvel-Zichem;Messelbroek;Vlaams-Brabant;ObsMapp;J;Goedgekeurd op basis van kennisregels - nabijheid;1980-01-01;3;;2;Dagvlinders;Pieridae;2026-07-08;725;S;vrij algemeen
370108395;370108395;Gele luzernevlinder;Colias hyale;2025-08-24;8;2025-08-24;1;ter plaatse;onbekend;imago;onbekend;236676.1744911572;192788.67505952343;5.6046057;51.0387737;FS8257;Opglabbeek - Vallei van de Bosbeek;Opglabbeek;Opglabbeek;Limburg;ObsIdentify;J;Goedgekeurd op basis van bewijsmateriaal;1980-01-01;3;;7;Dagvlinders;Pieridae;2026-07-08;725;S;vrij algemeen
362290050;362290050;Gele luzernevlinder;Colias hyale;2025-07-11;7;2025-07-11;1;ter plaatse;gezien;imago;onbekend;189501.1521524525;188386.098306682;4.93153715133667;51.00434112548828;FS3552;Messelbroek - Keet;Scherpenheuvel-Zichem;Messelbroek;Vlaams-Brabant;ObsMapp;J;Goedgekeurd op basis van kennisregels - nabijheid;1980-01-01;3;;1;Dagvlinders;Pieridae;2026-07-08;725;S;vrij algemeen
254687943;254687943;Gele luzernevlinder;Colias hyale;2022-09-12;9;2022-09-12;5;foeragerend;gezien;imago;onbekend;190759.3186592154;183021.03093054425;4.9488639831543;50.9560279846191;FS3646;  ;Bekkevoort;Bekkevoort;Vlaams-Brabant;ObsMapp;J;Goedgekeurd op basis van kennisregels - nabijheid;2007-01-01;3;;16;Dagvlinders;Pieridae;2026-07-08;725;S;vrij algemeen
287906398;287906398;Gele luzernevlinder;Colias hyale;2023-09-14;9;2023-09-14;1;ter plaatse;gezien;imago;onbekend;217070.8385215508;194101.09747891687;5.325344562530518;51.05317306518555;FS6258;Heusden - Zolder Terril Lindeman ;Heusden-Zolder;Heusden;Limburg;ObsMapp;J;Goedgekeurd op basis van kennisregels - nabijheid;1980-01-01;3;;6;Dagvlinders;Pieridae;2026-07-08;725;S;vrij algemeen
372123335;372123335;Gele luzernevlinder;Colias hyale;2025-08-18;8;2025-09-08;1;ter plaatse;onbekend;imago;Vrouw;227673.90764967023;186716.56667381525;5.474978685379028;50.98547482680784;FS7351;Genk - Terril Winterslag;Genk;Genk;Limburg;Site;J;Goedgekeurd op basis van bewijsmateriaal;1980-01-01;3;;15;Dagvlinders;Pieridae;2026-07-08;725;S;vrij algemeen
370717258;370717258;Gele luzernevlinder;Colias hyale;2025-08-27;8;2025-08-28;1;ter plaatse;gezien;imago;onbekend;190712.01244944645;188499.8258723542;4.948800563812256;51.005279541015625;FS3652;Testelt - Kerkendijk-Melkbroek;Scherpenheuvel-Zichem;Testelt;Vlaams-Brabant;ObsMapp;J;Goedgekeurd op basis van kennisregels - nabijheid;1980-01-01;3;;2;Dagvlinders;Pieridae;2026-07-08;725;S;vrij algemeen
286801268;286801268;Gele luzernevlinder;Colias hyale;2023-09-03;9;2023-09-03;1;ter plaatse;onbekend;imago;onbekend;205692.47292460487;183844.59311151505;5.161512596357896;50.962188675114;FS5147;Schulensbroek - Binnenbekken Oost;Herk-de-Stad;Schulen;Limburg;iObs;J;Goedgekeurd op basis van kennisregels - nabijheid;1980-01-01;3;;7;Dagvlinders;Pieridae;2026-07-08;725;S;vrij algemeen
371037526;371037526;Gele luzernevlinder;Colias hyale;2025-08-03;8;2025-08-30;1;ter plaatse;onbekend;imago;onbekend;197101.02175576787;226681.34173511437;5.04478120803833;51.34797668457031;FS4290;Landschap De Liereman - Brakeleer;Arendonk;Arendonk;Antwerpen;ObsMapp;J;Goedgekeurd op basis van bewijsmateriaal;2025-09-03;3;;3;Dagvlinders;Pieridae;2026-07-08;725;S;vrij algemeen
368516951;368516951;Gele luzernevlinder;Colias hyale;2025-08-14;8;2025-08-14;2;ter plaatse;gezien;imago;onbekend;226708.5906565276;195006.72923136505;5.462973594665527;51.06011581420898;FS7259;Houthalen-Helchteren Meeuwen-Gruitrode en Peer - N2000;Peer;Peer;Limburg;ObsMapp;J;Goedgekeurd op basis van kennisregels - nabijheid;1980-01-01;3;;5;Dagvlinders;Pieridae;2026-07-08;725;S;vrij algemeen
371365372;371365372;Gele luzernevlinder;Colias hyale;2025-09-01;9;2025-09-01;1;ter plaatse;gezien;imago;onbekend;231897.5978087218;205015.9685174646;5.539232730865479;51.14936447143555;FS7769;Abeekvallei Grote Brogel;Peer;Grote-Brogel;Limburg;ObsMapp;J;Goedgekeurd op basis van kennisregels - nabijheid;1980-01-01;3;;3;Dagvlinders;Pieridae;2026-07-08;725;S;vrij algemeen
370709719;370709719;Gele luzernevlinder;Colias hyale;2025-08-26;8;2025-08-27;1;ter plaatse;gezien;imago;onbekend;232111.20957448636;205023.58687643148;5.5422868728637695;51.1494026184082;FS7769;Abeekvallei Grote Brogel;Peer;Grote-Brogel;Limburg;ObsMapp;J;Goedgekeurd op basis van kennisregels - nabijheid;1980-01-01;3;;3;Dagvlinders;Pieridae;2026-07-08;725;S;vrij algemeen
254687959;254687959;Gele luzernevlinder;Colias hyale;2022-09-12;9;2022-09-12;1;foeragerend;gezien;imago;Man;190914.81327769236;183008.24509556775;4.95107555389404;50.9559020996094;FS3746;  ;Bekkevoort;Bekkevoort;Vlaams-Brabant;ObsMapp;J;Goedgekeurd op basis van kennisregels - nabijheid;2007-01-01;3;;3;Dagvlinders;Pieridae;2026-07-08;725;S;vrij algemeen
272771176;272771176;Gele luzernevlinder;Colias hyale;2023-05-21;5;2023-05-21;1;ter plaatse;onbekend;imago;Man;205991.10822497416;183864.3491299888;5.16576623916626;50.96233749389648;FS5247;Schulensbroek - Binnenbekken Oost;Herk-de-Stad;Schulen;Limburg;ObsMapp;J;Goedgekeurd op basis van kennisregels - nabijheid;1980-01-01;3;;4;Dagvlinders;Pieridae;2026-07-08;725;S;vrij algemeen
369415866;369415866;Gele luzernevlinder;Colias hyale;2025-08-19;8;2025-08-19;1;foeragerend;onbekend;imago;onbekend;194912.95518687463;187125.4172950387;5.008481979370117;50.99261474609375;FS4050;Diest/Zichem - Molenstedebroek;Diest;Molenstede;Vlaams-Brabant;ObsMapp;J;Goedgekeurd op basis van bewijsmateriaal;1980-01-01;4;;3;Dagvlinders;Pieridae;2026-07-08;725;S;vrij algemeen
287906368;287906368;Gele luzernevlinder;Colias hyale;2023-09-14;9;2023-09-14;1;ter plaatse;gezien;imago;onbekend;217040.98791912908;194092.6488774233;5.324917316436768;51.0531005859375;FS6258;Heusden - Zolder Terril Lindeman ;Heusden-Zolder;Heusden;Limburg;ObsMapp;J;Goedgekeurd op basis van bewijsmateriaal;1980-01-01;3;;3;Dagvlinders;Pieridae;2026-07-08;725;S;vrij algemeen
369123390;369123390;Gele luzernevlinder;Colias hyale;2025-08-17;8;2025-08-17;2;ter plaatse;onbekend;imago;onbekend;232129.5618139414;205024.4055139767;5.542549303723242;51.14940736705629;FS7769;Abeekvallei Grote Brogel;Peer;Grote-Brogel;Limburg;copied observation;J;Goedgekeurd op basis van bewijsmateriaal;1980-01-01;3;;15;Dagvlinders;Pieridae;2026-07-08;725;S;vrij algemeen
287208195;287208195;Gele luzernevlinder;Colias hyale;2023-09-07;9;2023-09-07;1;ter plaatse;gezien;imago;Man;230483.38704680416;200531.30053249747;5.518031597137451;51.109256744384766;FS7664;  ;Meeuwen-Gruitrode;Meeuwen;Limburg;ObsMapp;J;Goedgekeurd op basis van bewijsmateriaal;1980-01-01;3;;3;Dagvlinders;Pieridae;2026-07-08;725;S;vrij algemeen
372785525;372785525;Gele luzernevlinder;Colias hyale;2025-09-14;9;2025-09-14;1;ter plaatse;gezien;imago;onbekend;232098.71944838864;204981.809517866;5.542098954319954;51.14902891919608;FS7769;Abeekvallei Grote Brogel;Peer;Grote-Brogel;Limburg;ObsMapp;J;Goedgekeurd op basis van kennisregels - nabijheid;1980-01-01;3;;5;Dagvlinders;Pieridae;2026-07-08;725;S;vrij algemeen
370333367;370333367;Gele luzernevlinder;Colias hyale;2025-08-25;8;2025-08-25;1;ter plaatse;gezien;imago;onbekend;232128.96304943785;205038.2987903673;5.542543888092041;51.149532318115234;FS7769;Abeekvallei Grote Brogel;Peer;Grote-Brogel;Limburg;ObsMapp;J;Goedgekeurd op basis van kennisregels - nabijheid;1980-01-01;3;;3;Dagvlinders;Pieridae;2026-07-08;725;S;vrij algemeen
255497966;255497966;Gele luzernevlinder;Colias hyale;2022-09-25;9;2022-09-25;1;ter plaatse;onbekend;imago;onbekend;146850.11859238317;206969.98869773463;4.323718;51.172729;ES9269;Kruibeke - Kruibeke Polder (KRPO);Kruibeke;Kruibeke;Oost-Vlaanderen;ObsMapp;J;Goedgekeurd op basis van bewijsmateriaal;2007-01-01;4;;6;Dagvlinders;Pieridae;2026-07-08;725;S;vrij algemeen
256316207;256316207;Gele luzernevlinder;Colias hyale;2022-10-06;10;2022-10-06;4;foeragerend;gezien;imago;Man;190736.8558448776;183071.4674597653;4.94854990392923;50.9564829349846;FS3646;  ;Bekkevoort;Bekkevoort;Vlaams-Brabant;ObsMapp;J;Goedgekeurd op basis van kennisregels - nabijheid;2007-01-01;3;;5;Dagvlinders;Pieridae;2026-07-08;725;S;vrij algemeen
371034288;371034288;Gele luzernevlinder;Colias hyale;2025-08-18;8;2025-08-30;1;ter plaatse;onbekend;imago;onbekend;195070.73892582548;225120.8218809208;5.015447616577148;51.33411407470703;FS4088;Landschap De Liereman - Hoge Mierdse Heide;Oud-Turnhout;Oud-Turnhout;Antwerpen;ObsMapp;J;Goedgekeurd op basis van bewijsmateriaal;2025-09-18;3;;3;Dagvlinders;Pieridae;2026-07-08;725;S;vrij algemeen
371192171;371192171;Gele luzernevlinder;Colias hyale;2025-08-31;8;2025-08-31;1;ter plaatse;onbekend;imago;onbekend;232122.0287403065;205030.1801970806;5.542442964452566;51.14946033800364;FS7769;Abeekvallei Grote Brogel;Peer;Grote-Brogel;Limburg;copied observation;J;Goedgekeurd op basis van kennisregels - nabijheid;1980-01-01;3;;12;Dagvlinders;Pieridae;2026-07-08;725;S;vrij algemeen
253542664;253542664;Gele luzernevlinder;Colias hyale;2022-08-28;8;2022-08-28;1;foeragerend;gezien;imago;onbekend;187218.26967624703;187445.3990158588;4.89891767501831;50.996036529541;FS3351;Rillaar - Broek onder Rommelaar;Aarschot;Rillaar;Vlaams-Brabant;ObsMapp;J;Goedgekeurd op basis van bewijsmateriaal;2007-01-01;3;;3;Dagvlinders;Pieridae;2026-07-08;725;S;vrij algemeen
256316211;256316211;Gele luzernevlinder;Colias hyale;2022-10-06;10;2022-10-06;1;foeragerend;gezien;imago;Man;190608.16952405847;183061.01533578892;4.94671726226807;50.9563980102539;FS3646;  ;Bekkevoort;Bekkevoort;Vlaams-Brabant;ObsMapp;J;Goedgekeurd op basis van kennisregels - nabijheid;2007-01-01;3;;5;Dagvlinders;Pieridae;2026-07-08;725;S;vrij algemeen
370248758;370248758:4081562;Gele luzernevlinder;Colias hyale;2025-08-24;8;2025-08-25;1;ter plaatse;onbekend;imago;Man;210877.10829558256;207432.07715010457;5.239246375858784;51.17367829404056;FS5671;Balen - De Most;Balen;Balen;Antwerpen;ObsMapp;J;Goedgekeurd op basis van kennisregels - nabijheid;1980-01-01;3;;5;Dagvlinders;Pieridae;2026-07-08;725;S;vrij algemeen
360800200;360800200;Gele luzernevlinder;Colias hyale;2025-07-04;7;2025-07-04;1;foeragerend;gezien;imago;onbekend;195789.8615319352;186900.91598108783;5.020943641662598;50.99052810668945;FS4150;Diest/Zichem - Molenstedebroek;Diest;Molenstede;Vlaams-Brabant;ObsMapp;J;Goedgekeurd op basis van bewijsmateriaal;1980-01-01;4;;3;Dagvlinders;Pieridae;2026-07-08;725;S;vrij algemeen
370333349;370333349;Gele luzernevlinder;Colias hyale;2025-08-25;8;2025-08-25;1;ter plaatse;gezien;imago;onbekend;232112.75372044693;205065.20684686024;5.542318344116211;51.14977645874024;FS7769;Abeekvallei Grote Brogel;Peer;Grote-Brogel;Limburg;ObsMapp;J;Goedgekeurd op basis van kennisregels - nabijheid;1980-01-01;3;;3;Dagvlinders;Pieridae;2026-07-08;725;S;vrij algemeen
399912168;399912168;Gele luzernevlinder;Colias hyale;2026-05-22;5;2026-05-22;1;ter plaatse;gezien;imago;onbekend;216057.7186574585;208175.50131866056;5.313452243804932;51.17979049682617;FS6172;Lommel - Pijnven - Vriesputten;Lommel;Lommel;Limburg;ObsMapp;J;Goedgekeurd op basis van bewijsmateriaal;1980-01-01;3;;3;Dagvlinders;Pieridae;2026-07-08;725;S;vrij algemeen
397335382;397335382;Gele luzernevlinder;Colias hyale;2026-05-09;5;2026-05-09;1;ter plaatse;onbekend;imago;onbekend;162775.56778769693;200707.7689277986;4.551207065582275;51.11630630493164;FS0863;Beneden Netevallei - Nete t.h.v. Anderstad;Lier;Lier;Antwerpen;ObsMapp;J;Goedgekeurd op basis van bewijsmateriaal;1980-01-01;3;;3;Dagvlinders;Pieridae;2026-07-08;725;S;vrij algemeen
252467114;252467114;Gele luzernevlinder;Colias hyale;2022-08-16;8;2022-08-16;1;ter plaatse;gezien;imago;onbekend;199299.4512238879;197965.6531455461;5.07242308333333;51.0896963333333;FS4561;Vorst (Laakdal) (Dg);Laakdal;Vorst;Antwerpen;ObsMapp;J;Goedgekeurd op basis van bewijsmateriaal;2007-01-01;3;;999;Dagvlinders;Pieridae;2026-07-08;725;S;vrij algemeen
368551478;368551478;Gele luzernevlinder;Colias hyale;2025-08-14;8;2025-08-14;1;ter plaatse;gezien;imago;onbekend;232156.09093867175;205082.38140094653;5.542941503226757;51.14992465344224;FS7769;Abeekvallei Grote Brogel;Peer;Grote-Brogel;Limburg;ObsMapp;J;Goedgekeurd op basis van kennisregels - nabijheid;1980-01-01;3;;5;Dagvlinders;Pieridae;2026-07-08;725;S;vrij algemeen
360901124;360901124;Gele luzernevlinder;Colias hyale;2025-07-04;7;2025-07-04;1;foeragerend;gezien;imago;Man;190571.90276737887;188152.86009291463;4.946765899658203;51.00217056274414;FS3651;Testelt - Kerkendijk-Melkbroek;Scherpenheuvel-Zichem;Messelbroek;Vlaams-Brabant;ObsMapp;J;Goedgekeurd op basis van kennisregels - nabijheid;1980-01-01;3;;2;Dagvlinders;Pieridae;2026-07-08;725;S;vrij algemeen
287321667;287321667;Gele luzernevlinder;Colias hyale;2023-09-08;9;2023-09-08;1;foeragerend;onbekend;imago;onbekend;193366.68421789788;187390.2811366478;4.986489772796631;50.995113372802734;FS3951;  ;Scherpenheuvel-Zichem;Zichem;Vlaams-Brabant;ObsMapp;J;Goedgekeurd op basis van bewijsmateriaal;1980-01-01;4;;3;Dagvlinders;Pieridae;2026-07-08;725;S;vrij algemeen
372128363;372128363;Gele luzernevlinder;Colias hyale;2025-09-06;9;2025-09-08;1;foeragerend;onbekend;imago;onbekend;183748.78185243317;208149.8630606681;4.851417064666748;51.18235397338867;FS2971;Herentals - Hellekens - Buiten Ring;Herentals;Herentals;Antwerpen;ObsMapp;J;Goedgekeurd op basis van kennisregels - nabijheid;1980-01-01;3;;3;Dagvlinders;Pieridae;2026-07-08;725;S;vrij algemeen
372038746;372038746;Gele luzernevlinder;Colias hyale;2025-09-07;9;2025-09-07;2;foeragerend;gezien;imago;onbekend;193410.0916061093;187552.33292704637;4.987127304077148;50.99656677246094;FS3951;  ;Scherpenheuvel-Zichem;Zichem;Vlaams-Brabant;ObsMapp;J;Goedgekeurd op basis van bewijsmateriaal;1980-01-01;4;;3;Dagvlinders;Pieridae;2026-07-08;725;S;vrij algemeen
256009338;256009338;Gele luzernevlinder;Colias hyale;2022-10-02;10;2022-10-02;1;ter plaatse;onbekend;imago;onbekend;221816.33739318023;199722.7333051134;5.3941262;51.103131;FS6764;Hechtel-Eksel - Resterheide - Zuidoost;Hechtel-Eksel;Hechtel;Limburg;Site;J;Goedgekeurd op basis van bewijsmateriaal;2022-12-30;3;;15;Dagvlinders;Pieridae;2026-07-08;725;S;vrij algemeen
369901418;369901418;Gele luzernevlinder;Colias hyale;2025-08-18;8;2025-08-23;1;ter plaatse;gezien;imago;onbekend;228132.0092348206;186761.4385088524;5.481511533184378;50.9858165745007;FS7451;Genk - Terril Winterslag;Genk;Genk;Limburg;iObs;J;Goedgekeurd op basis van kennisregels - nabijheid;1980-01-01;3;;49;Dagvlinders;Pieridae;2026-07-08;725;S;vrij algemeen
369096588;369096588;Gele luzernevlinder;Colias hyale;2025-08-17;8;2025-08-17;1;ter plaatse;onbekend;imago;onbekend;184579.4613060432;190392.68662619032;4.861608799722222;51.0226929;FS3053;Herselt - Langdonken;Herselt;Ramsel;Antwerpen;ObsIdentify;J;Goedgekeurd op basis van bewijsmateriaal;1980-01-01;3;;999;Dagvlinders;Pieridae;2026-07-08;725;S;vrij algemeen
254451685;254451685;Gele luzernevlinder;Colias hyale;2022-09-09;9;2022-09-09;1;ter plaatse;onbekend;imago;onbekend;166147.03171569225;187239.2798877917;4.598758;50.995155;FS1250;Rijmenam - Hollaken;Bonheiden;Rijmenam;Antwerpen;ObsMapp;J;Goedgekeurd op basis van bewijsmateriaal;2007-01-01;4;;3;Dagvlinders;Pieridae;2026-07-08;725;S;vrij algemeen
374214285;374214285;Gele luzernevlinder;Colias hyale;2025-09-27;9;2025-09-27;1;ter plaatse;gezien;imago;onbekend;146754.0175064559;202887.55318674352;4.32237982749939;51.13603303351278;ES9265;Bazel - Bazelse polder - zuid (BAPO-Z);Kruibeke;Bazel;Oost-Vlaanderen;Site;J;Goedgekeurd op basis van bewijsmateriaal;1980-01-01;3;;15;Dagvlinders;Pieridae;2026-07-08;725;S;vrij algemeen
270055734;270055734;Gele luzernevlinder;Colias hyale;2023-05-02;5;2023-05-02;1;ter plaatse;onbekend;imago;onbekend;203672.3408807636;183319.6916933749;5.132681999999932;50.957661;FS4947;Schulensbroek - Binnenbekken West;Herk-de-Stad;Schulen;Limburg;ObsMapp;J;Goedgekeurd op basis van bewijsmateriaal;1980-01-01;3;Mogelijk 2.;3;Dagvlinders;Pieridae;2026-07-08;725;S;vrij algemeen
286827656;286827656;Gele luzernevlinder;Colias hyale;2023-09-03;9;2023-09-03;1;ter plaatse;gezien;imago;onbekend;221046.5024688209;180242.15671803243;5.37934827778372;50.92813054292941;FS6744;Diepenbeek - Sluisbemden;Diepenbeek;Diepenbeek;Limburg;Site;J;Goedgekeurd op basis van bewijsmateriaal;1980-01-01;4;;30;Dagvlinders;Pieridae;2026-07-08;725;S;vrij algemeen
370181139;370181139;Gele luzernevlinder;Colias hyale;2025-08-24;8;2025-08-24;1;langstrekkend west;onbekend;imago;onbekend;226124.83041977155;194423.48488971032;5.454525947570801;51.05495071411133;FS7258;Meeuwen/Helchteren - Militair Domein (Strikt ontoegankelijk);Meeuwen-Gruitrode;Meeuwen;Limburg;ObsMapp;J;Goedgekeurd op basis van kennisregels - nabijheid;1980-01-01;3;;3;Dagvlinders;Pieridae;2026-07-08;725;S;vrij algemeen
287891046;287891046;Gele luzernevlinder;Colias hyale;2023-09-14;9;2023-09-14;1;ter plaatse;onbekend;imago;onbekend;225685.36569768155;213959.355655334;5.452327251434326;51.2305908203125;FS7178;  ;Neerpelt;Neerpelt;Limburg;ObsMapp;J;Goedgekeurd op basis van bewijsmateriaal;1980-01-01;3;;3;Dagvlinders;Pieridae;2026-07-08;725;S;vrij algemeen
408402931;408402931;Gele luzernevlinder;Colias hyale;2026-06-30;6;2026-07-01;1;ter plaatse;onbekend;imago;onbekend;186049.2132860119;187191.45698374417;4.882240295410156;50.99382781982422;FS3250;Langdorp - Achter Schoonhoven;Aarschot;Rillaar;Vlaams-Brabant;ObsMapp;J;Goedgekeurd op basis van bewijsmateriaal;1980-01-01;3;;8;Dagvlinders;Pieridae;2026-07-08;725;S;vrij algemeen
247123315;247123315;Gele luzernevlinder;Colias hyale;2022-06-28;6;2022-06-28;1;ter plaatse;gezien;imago;onbekend;160455.71238084428;234980.2094246009;4.519072;51.4244;FS0598;Kalmthout - Marijnenvennen;Kalmthout;Kalmthout;Antwerpen;Site;J;Goedgekeurd op basis van bewijsmateriaal;1980-01-01;3;Beeldherkenning is zeker van gele luzernevlinder. Jammer genoeg geen foto van de bovenvleugels_ dus toch maar op onzeker gezet. __Foto: Dirk Deraedt;50;Dagvlinders;Pieridae;2026-07-08;725;S;vrij algemeen
370682997;370682997;Gele luzernevlinder;Colias hyale;2025-08-27;8;2025-08-27;2;ter plaatse;gezien;imago;onbekend;149573.99742516386;205829.4268211117;4.362666606903076;51.16248518440345;ES9568;Antwerpen - Schoonselhof;Antwerpen;Wilrijk;Antwerpen;Site;J;Goedgekeurd op basis van kennisregels - nabijheid;1980-01-01;4;;15;Dagvlinders;Pieridae;2026-07-08;725;S;vrij algemeen
224965903;224965903;Gele luzernevlinder;Colias hyale;2021-09-06;9;2021-09-06;3;ter plaatse;onbekend;imago;onbekend;227890.7653905661;186577.07978384383;5.478037;50.984192;FS7350;Genk - Terril Winterslag;Genk;Genk;Limburg;ObsMapp;J;Goedgekeurd op basis van expertoordeel;2007-01-01;4;;7;Dagvlinders;Pieridae;2026-07-08;725;S;vrij algemeen
359611010;359611010;Gele luzernevlinder;Colias hyale;2025-06-29;6;2025-06-29;1;ter plaatse;onbekend;imago;onbekend;205102.0873242136;182984.03096872105;5.152979850769043;50.95450973510742;FS5146;Schulensbroek - Noordkant Herk;Herk-de-Stad;Schulen;Limburg;ObsMapp;J;Goedgekeurd op basis van kennisregels - nabijheid;1980-01-01;3;;1;Dagvlinders;Pieridae;2026-07-08;725;S;vrij algemeen
371919130;371919130;Gele luzernevlinder;Colias hyale;2025-09-06;9;2025-09-06;1;foeragerend;onbekend;imago;onbekend;195528.1027712525;191173.40805128217;5.017747999999983;51.028953;FS4154;Gerhagen - Achterheide;Tessenderlo;Tessenderlo;Limburg;Site;J;Goedgekeurd op basis van bewijsmateriaal;1980-01-01;3;;15;Dagvlinders;Pieridae;2026-07-08;725;S;vrij algemeen
361626428;361626428;Gele luzernevlinder;Colias hyale;2025-07-08;7;2025-07-08;1;ter plaatse;gezien;imago;Man;219732.15892573568;179687.00275516603;5.360549211436592;50.92329996070232;FS6543;Hasselt - Singelbeekstraat eo;Hasselt;Hasselt;Limburg;iObs;J;Goedgekeurd op basis van kennisregels - nabijheid;1980-01-01;4;;50;Dagvlinders;Pieridae;2026-07-08;725;S;vrij algemeen
289435195;289435195;Gele luzernevlinder;Colias hyale;2023-10-01;10;2023-10-01;1;ter plaatse;onbekend;imago;onbekend;205992.86216706783;183860.1240870664;5.165790557861328;50.96229934692383;FS5247;Schulensbroek - Binnenbekken Oost;Herk-de-Stad;Schulen;Limburg;ObsMapp;J;Goedgekeurd op basis van kennisregels - nabijheid;1980-01-01;3;;3;Dagvlinders;Pieridae;2026-07-08;725;S;vrij algemeen
286797746;286797746;Gele luzernevlinder;Colias hyale;2023-09-03;9;2023-09-03;1;ter plaatse;gezien;imago;onbekend;185527.69851851184;209377.67475371435;4.876977920532227;51.19328308105469;FS3172;Olen - Olensbroek Centrum;Olen;Olen;Antwerpen;ObsMapp;J;Goedgekeurd op basis van kennisregels - nabijheid;1980-01-01;3;;3;Dagvlinders;Pieridae;2026-07-08;725;S;vrij algemeen
359290705;359290705;Gele luzernevlinder;Colias hyale;2025-06-27;6;2025-06-27;1;foeragerend;gezien;imago;onbekend;169787.45719940696;208029.48710078467;4.651744365692139;51.18192012816038;FS1571;Kleine Netevallei - Viersels Gebroekt;Zandhoven;Viersel;Antwerpen;Site;J;Goedgekeurd op basis van bewijsmateriaal;1980-01-01;4;;30;Dagvlinders;Pieridae;2026-07-08;725;S;vrij algemeen
367714843;367714843;Gele luzernevlinder;Colias hyale;2025-08-09;8;2025-08-09;1;ter plaatse;onbekend;imago;onbekend;164589.65409408903;227097.08688782345;4.57818076;51.35345827;FS0990;Brecht - Groot Schietveld (Strikt ontoegankelijk);Brecht;Brecht;Antwerpen;Site;J;Goedgekeurd op basis van bewijsmateriaal;1980-01-01;3;;10;Dagvlinders;Pieridae;2026-07-08;725;S;vrij algemeen
366667608;366667608;Gele luzernevlinder;Colias hyale;2025-08-03;8;2025-08-03;1;foeragerend;gezien;imago;onbekend;229841.2931469006;213734.1247191066;5.511767864227295;51.2280061910574;FS7578;  ;Neerpelt;Sint-Huibrechts-Lille;Limburg;Site;J;Goedgekeurd op basis van bewijsmateriaal;1980-01-01;4;;30;Dagvlinders;Pieridae;2026-07-08;725;S;vrij algemeen
360715710;360715710;Gele luzernevlinder;Colias hyale;2025-07-04;7;2025-07-04;1;ter plaatse;gezien;imago;onbekend;192935.72421393896;199116.80658590328;4.9817317;51.10055109972223;FS3862;Geel - Zammelsbroek - Zammelsbroek Oosterlo;Geel;Geel;Antwerpen;ObsMapp;J;Goedgekeurd op basis van bewijsmateriaal;1980-01-01;3;#inbo_;999;Dagvlinders;Pieridae;2026-07-08;725;S;vrij algemeen
252510202;252510202;Gele luzernevlinder;Colias hyale;2022-08-16;8;2022-08-16;2;ter plaatse;gezien;imago;onbekend;162692.85128887696;200742.79810526225;4.550027;51.116623;FS0863;Beneden Netevallei - Anderstad;Lier;Lier;Antwerpen;ObsMapp;J;Goedgekeurd op basis van bewijsmateriaal;2007-01-01;3;;3;Dagvlinders;Pieridae;2026-07-08;725;S;vrij algemeen
369978188;369978188;Gele luzernevlinder;Colias hyale;2025-08-23;8;2025-08-23;1;ter plaatse;onbekend;imago;onbekend;180981.83206292283;188482.36570713852;4.810171666666667;51.005725;FS2652;  ;Aarschot;Aarschot;Vlaams-Brabant;ObsIdentify;J;Goedgekeurd op basis van bewijsmateriaal;1980-01-01;3;;9;Dagvlinders;Pieridae;2026-07-08;725;S;vrij algemeen
370369370;370369370;Gele luzernevlinder;Colias hyale;2025-08-25;8;2025-08-25;9;ter plaatse;gezien;imago;onbekend;211766.340913396;207546.0055270512;5.251979827880859;51.17460781257482;FS5771;Balen - De Most;Balen;Balen;Antwerpen;Site;J;Goedgekeurd op basis van bewijsmateriaal;2025-12-30;3;;30;Dagvlinders;Pieridae;2026-07-08;725;S;vrij algemeen
254788724;254788724;Gele luzernevlinder;Colias hyale;2022-09-11;9;2022-09-14;1;ter plaatse;onbekend;imago;onbekend;190054.39281704108;228936.58579234127;4.9438992;51.36878;FS3592;Turnhouts Vennengebied - Kleine en Grote Klotteraard;Turnhout;Turnhout;Antwerpen;Site;J;Goedgekeurd op basis van bewijsmateriaal;1980-01-01;3;;60;Dagvlinders;Pieridae;2026-07-08;725;S;vrij algemeen
287192674;287192674;Gele luzernevlinder;Colias hyale;2023-09-07;9;2023-09-07;1;foeragerend;gezien;imago;onbekend;146079.18901811363;225268.2604458481;4.3124990000000025;51.337194;ES9188;Berendrecht - Bufferzone - Reigersbos;Antwerpen;Berendrecht-Zandvliet-Lillo;Antwerpen;Site;J;Goedgekeurd op basis van bewijsmateriaal;1980-01-01;3;;15;Dagvlinders;Pieridae;2026-07-08;725;S;vrij algemeen
372128353;372128353;Gele luzernevlinder;Colias hyale;2025-09-07;9;2025-09-08;1;foeragerend;gezien;imago;onbekend;170147.2729784026;207587.686681686;4.65686559677124;51.17793655395508;FS1570;Kleine Netevallei - Varenheuvel (Houten Brug Noord);Nijlen;Nijlen;Antwerpen;ObsMapp;J;Goedgekeurd op basis van bewijsmateriaal;1980-01-01;3;;4;Dagvlinders;Pieridae;2026-07-08;725;S;vrij algemeen
364881726;364881726;Gele luzernevlinder;Colias hyale;2025-07-24;7;2025-07-25;1;ter plaatse;gezien;imago;Man;219704.75013639167;179598.33156050928;5.360142575239452;50.92250623101064;FS6543;Hasselt - Singelbeekstraat eo;Hasselt;Hasselt;Limburg;iObs;J;Goedgekeurd op basis van kennisregels - nabijheid;1980-01-01;4;;4;Dagvlinders;Pieridae;2026-07-08;725;S;vrij algemeen
370180221;370180221;Gele luzernevlinder;Colias hyale;2025-08-24;8;2025-08-24;1;foeragerend;gezien;imago;Vrouw;168407.9184840549;206884.35176720377;4.631957054138184;51.17167282104492;FS1470;Kleine Netevallei - Treydbeemd;Ranst;Emblem;Antwerpen;ObsMapp;J;Goedgekeurd op basis van bewijsmateriaal;1980-01-01;3;;3;Dagvlinders;Pieridae;2026-07-08;725;S;vrij algemeen
368716419;368716419;Gele luzernevlinder;Colias hyale;2025-08-15;8;2025-08-15;1;foeragerend;gezien;imago;Man;166292.75784924446;205291.72322833817;4.601642608642578;51.15742111206055;FS1268;Kleine Netevallei - Leeuwerik;Ranst;Emblem;Antwerpen;ObsMapp;J;Goedgekeurd op basis van bewijsmateriaal;1980-01-01;3;;4;Dagvlinders;Pieridae;2026-07-08;725;S;vrij algemeen
372071760;372071760;Gele luzernevlinder;Colias hyale;2025-09-07;9;2025-09-07;1;ter plaatse;onbekend;imago;onbekend;227976.61348816127;186587.59828376304;5.479261666666667;50.984275;FS7451;Genk - Terril Winterslag;Genk;Genk;Limburg;copied observation;J;Goedgekeurd op basis van kennisregels - nabijheid;1980-01-01;3;;10;Dagvlinders;Pieridae;2026-07-08;725;S;vrij algemeen
271942587;271942587;Gele luzernevlinder;Colias hyale;2023-05-14;5;2023-05-16;1;ter plaatse;gezien;imago;Man;205870.4258645181;184221.69305876456;5.164103032155406;50.96556118784535;FS5148;Schulensbroek - Binnenbekken Oost;Herk-de-Stad;Schulen;Limburg;iObs;J;Goedgekeurd op basis van kennisregels - nabijheid;1980-01-01;4;;10;Dagvlinders;Pieridae;2026-07-08;725;S;vrij algemeen
198760045;198760045;Gele luzernevlinder;Colias hyale;2020-08-19;8;2020-08-19;1;ter plaatse;gezien;imago;onbekend;221040.32609353287;180250.24496635425;5.379262;50.928204;FS6744;Diepenbeek - Sluisbemden;Diepenbeek;Diepenbeek;Limburg;Site;J;Goedgekeurd op basis van bewijsmateriaal;1980-01-01;4;;25;Dagvlinders;Pieridae;2026-07-08;725;S;vrij algemeen
363981035;363981035;Gele luzernevlinder;Colias hyale;2025-07-20;7;2025-07-20;1;ter plaatse;onbekend;imago;onbekend;204897.58048919705;182820.18182608575;5.150044918060303;50.95305633544922;FS5146;Schulensbroek - Noordkant Herk;Herk-de-Stad;Schulen;Limburg;ObsMapp;J;Goedgekeurd op basis van kennisregels - nabijheid;1980-01-01;3;;1;Dagvlinders;Pieridae;2026-07-08;725;S;vrij algemeen
289314829;289314829;Gele luzernevlinder;Colias hyale;2023-09-30;9;2023-09-30;1;foeragerend;gezien;imago;Vrouw;194592.6715170917;192423.2246762421;5.004566999999952;51.04026;FS4056;Averbode Bos en Heide - Tessenderlo;Tessenderlo;Tessenderlo;Limburg;ObsMapp;J;Goedgekeurd op basis van bewijsmateriaal;1980-01-01;3;;3;Dagvlinders;Pieridae;2026-07-08;725;S;vrij algemeen
360842121;360842121;Gele luzernevlinder;Colias hyale;2025-07-04;7;2025-07-04;1;ter plaatse;onbekend;imago;onbekend;204960.10265386172;182845.87946557903;5.150938510894775;50.95328140258789;FS5146;Schulensbroek - Oosten Strandje;Herk-de-Stad;Schulen;Limburg;ObsMapp;J;Goedgekeurd op basis van kennisregels - nabijheid;1980-01-01;3;;1;Dagvlinders;Pieridae;2026-07-08;725;S;vrij algemeen
378113692;378113692;Gele luzernevlinder;Colias hyale;2025-10-20;10;2025-10-31;1;ter plaatse;onbekend;imago;onbekend;182849.5231878008;180556.2051631147;4.836069391672278;50.93437372603945;FS2944;Nieuwrode - Kasteel van Horst;Holsbeek;Nieuwrode;Vlaams-Brabant;iObs;J;Goedgekeurd op basis van kennisregels - nabijheid;1980-01-01;3;;14;Dagvlinders;Pieridae;2026-07-08;725;S;vrij algemeen
371064792;371064792;Gele luzernevlinder;Colias hyale;2025-08-30;8;2025-08-30;1;ter plaatse;onbekend;imago;onbekend;188625.13823545715;187946.95181974955;4.919010400772095;51.00045279906349;FS3451;Langdorp - Demerdonken;Aarschot;Langdorp;Vlaams-Brabant;Site;J;Goedgekeurd op basis van bewijsmateriaal;1980-01-01;3;;15;Dagvlinders;Pieridae;2026-07-08;725;S;vrij algemeen
271942495;271942495;Gele luzernevlinder;Colias hyale;2023-05-14;5;2023-05-16;2;ter plaatse;gezien;imago;Man;205925.75084490076;183874.94241045136;5.164837590637156;50.9624390214081;FS5247;Schulensbroek - Binnenbekken Oost;Herk-de-Stad;Schulen;Limburg;iObs;J;Goedgekeurd op basis van kennisregels - nabijheid;1980-01-01;4;;24;Dagvlinders;Pieridae;2026-07-08;725;S;vrij algemeen
369391371;369391371;Gele luzernevlinder;Colias hyale;2025-08-19;8;2025-08-19;1;foeragerend;onbekend;imago;onbekend;185546.00123977705;220103.41441276015;4.878293999999983;51.289686;FS3083;Grootenhout - Giels Bos (ANB);Lille;Gierle;Antwerpen;Site;J;Goedgekeurd op basis van bewijsmateriaal;1980-01-01;4;;15;Dagvlinders;Pieridae;2026-07-08;725;S;vrij algemeen
253277720;253277720;Gele luzernevlinder;Colias hyale;2022-08-25;8;2022-08-25;1;ter plaatse;onbekend;imago;onbekend;188934.9200443545;182549.64678284895;4.92284894;50.95191613;FS3546;Tielt-Winge - Berkenhoef;Tielt-Winge;Tielt;Vlaams-Brabant;Site;J;Goedgekeurd op basis van bewijsmateriaal;1980-01-01;3;;100;Dagvlinders;Pieridae;2026-07-08;725;S;vrij algemeen
253277884;253277884;Gele luzernevlinder;Colias hyale;2022-08-25;8;2022-08-25;2;ter plaatse;onbekend;imago;onbekend;187250.56498598325;180234.87556133975;4.89864379;50.93121925;FS3343;  ;Tielt-Winge;Tielt;Vlaams-Brabant;Site;J;Goedgekeurd op basis van bewijsmateriaal;1980-01-01;3;;10;Dagvlinders;Pieridae;2026-07-08;725;S;vrij algemeen
369428014;369428014;Gele luzernevlinder;Colias hyale;2025-08-19;8;2025-08-19;1;foeragerend;gezien;imago;onbekend;179505.60111467095;184819.5914843101;4.788843631744385;50.972877502441406;FS2548;Betekom - Vorsdonkbos;Aarschot;Gelrode;Vlaams-Brabant;ObsMapp;J;Goedgekeurd op basis van bewijsmateriaal;1980-01-01;3;;3;Dagvlinders;Pieridae;2026-07-08;725;S;vrij algemeen
253284119;253284119;Gele luzernevlinder;Colias hyale;2022-08-25;8;2022-08-25;1;ter plaatse;onbekend;imago;onbekend;203158.506643362;191224.5121555477;5.1265182;51.028762;FS4955;Hooilandse berg - Diest;Diest;Schaffen;Vlaams-Brabant;Site;J;Goedgekeurd op basis van expertoordeel;1980-01-01;3;;30;Dagvlinders;Pieridae;2026-07-08;725;S;vrij algemeen
328521170;328521170;Gele luzernevlinder;Colias hyale;2024-09-19;9;2024-09-19;3;ter plaatse;onbekend;imago;onbekend;202748.75758295917;191788.3935859576;5.12075919;51.03386795;FS4855;Vallei van de Drie Beken - Schutshaag;Diest;Schaffen;Vlaams-Brabant;Site;J;Goedgekeurd op basis van bewijsmateriaal;1980-01-01;3;;100;Dagvlinders;Pieridae;2026-07-08;725;S;vrij algemeen
250507188;250507188;Gele luzernevlinder;Colias hyale;2022-07-27;7;2022-07-27;1;ter plaatse;onbekend;imago;onbekend;212023.9350598129;207716.10158092997;5.255692;51.176109;FS5771;Balen - De Most;Balen;Balen;Antwerpen;Site;J;Goedgekeurd op basis van bewijsmateriaal;1980-01-01;3;;25;Dagvlinders;Pieridae;2026-07-08;725;S;vrij algemeen
285416037;285416037;Gele luzernevlinder;Colias hyale;2023-08-22;8;2023-08-22;3;ter plaatse;onbekend;imago;onbekend;186014.42522523552;187371.843936584;4.8817625641822815;50.99545146442079;FS3251;Langdorp - Achter Schoonhoven;Aarschot;Langdorp;Vlaams-Brabant;Site;J;Goedgekeurd op basis van bewijsmateriaal;1980-01-01;4;;5;Dagvlinders;Pieridae;2026-07-08;725;S;vrij algemeen
365305568;365305568;Gele luzernevlinder;Colias hyale;2025-07-27;7;2025-07-27;1;ter plaatse;onbekend;imago;onbekend;204951.9902983143;182846.218324584;5.15082311630249;50.95328521728516;FS5146;Schulensbroek - Oosten Strandje;Herk-de-Stad;Schulen;Limburg;ObsMapp;J;Goedgekeurd op basis van kennisregels - nabijheid;1980-01-01;3;;1;Dagvlinders;Pieridae;2026-07-08;725;S;vrij algemeen
360412958;360412958;Gele luzernevlinder;Colias hyale;2025-07-02;7;2025-07-02;1;ter plaatse;onbekend;imago;Vrouw;187278.6680441179;180732.7370782122;4.89909419;50.93569275;FS3344;Sint-Joris-Winge - Walenbos;Tielt-Winge;Tielt;Vlaams-Brabant;Site;J;Goedgekeurd op basis van bewijsmateriaal;1980-01-01;3;;10;Dagvlinders;Pieridae;2026-07-08;725;S;vrij algemeen
279869812;279869812;Gele luzernevlinder;Colias hyale;2023-07-10;7;2023-07-10;1;ter plaatse;onbekend;imago;onbekend;222274.03666981315;182889.64837545625;5.397329;50.95177569444445;FS6847;  ;Hasselt;Hasselt;Limburg;ObsIdentify;J;Goedgekeurd op basis van bewijsmateriaal;1980-01-01;3;;999;Dagvlinders;Pieridae;2026-07-08;725;S;vrij algemeen
254859690;254859690;Gele luzernevlinder;Colias hyale;2022-09-15;9;2022-09-15;2;ter plaatse;onbekend;imago;onbekend;186082.10477374995;181594.0690541165;4.8821568;50.943511;FS3245;Sint-Joris-Winge - Walenbos;Tielt-Winge;Houwaart;Vlaams-Brabant;Site;J;Goedgekeurd op basis van bewijsmateriaal;1980-01-01;3;;15;Dagvlinders;Pieridae;2026-07-08;725;S;vrij algemeen
282697937;282697937;Gele luzernevlinder;Colias hyale;2023-08-01;8;2023-08-01;1;foeragerend;gezien;imago;onbekend;205370.30458921436;183652.73770049028;5.156897999999956;50.960495;FS5147;Schulensbroek - Nieuwe Zandhoop;Herk-de-Stad;Schulen;Limburg;ObsMapp;J;Goedgekeurd op basis van bewijsmateriaal;1980-01-01;3;;4;Dagvlinders;Pieridae;2026-07-08;725;S;vrij algemeen
287226466;287226466;Gele luzernevlinder;Colias hyale;2023-09-07;9;2023-09-08;1;ter plaatse;gezien;imago;onbekend;204571.5475747866;182805.2622628482;5.145402999999988;50.952953;FS5046;Schulensbroek - Pijpenkop;Herk-de-Stad;Schulen;Limburg;ObsMapp;J;Goedgekeurd op basis van bewijsmateriaal;1980-01-01;3;;4;Dagvlinders;Pieridae;2026-07-08;725;S;vrij algemeen
395714630;395714630:4378971;Gele luzernevlinder;Colias hyale;2026-05-01;5;2026-05-01;1;Balts gedrag;gezien;imago;Man;228103.13639811205;186500.88169505636;5.481044769287109;50.98347854614258;FS7450;Genk - Terril Winterslag;Genk;Genk;Limburg;ObsMapp;J;Goedgekeurd op basis van bewijsmateriaal;1980-01-01;3;;3;Dagvlinders;Pieridae;2026-07-08;725;S;vrij algemeen
370179313;370179313;Gele luzernevlinder;Colias hyale;2025-08-24;8;2025-08-24;1;ter plaatse;gezien;imago;Man;220020.14948067736;179517.95370752458;5.364612524972608;50.921745788768085;FS6643;Hasselt - Singelbeekstraat eo;Hasselt;Hasselt;Limburg;iObs;J;Goedgekeurd op basis van kennisregels - nabijheid;1980-01-01;4;;65;Dagvlinders;Pieridae;2026-07-08;725;S;vrij algemeen
286915333;286915333:3138881;Gele luzernevlinder;Colias hyale;2023-09-04;9;2023-09-04;1;ter plaatse;onbekend;imago;Man;187339.90643882708;180677.57107943483;4.89995974;50.93519292;FS3344;Sint-Joris-Winge - Walenbos;Tielt-Winge;Tielt;Vlaams-Brabant;Site;J;Goedgekeurd op basis van bewijsmateriaal;1980-01-01;3;;100;Dagvlinders;Pieridae;2026-07-08;725;S;vrij algemeen
286915333;286915333:3138882;Gele luzernevlinder;Colias hyale;2023-09-04;9;2023-09-04;1;ter plaatse;onbekend;imago;Vrouw;187339.90643882708;180677.57107943483;4.89995974;50.93519292;FS3344;Sint-Joris-Winge - Walenbos;Tielt-Winge;Tielt;Vlaams-Brabant;Site;J;Goedgekeurd op basis van bewijsmateriaal;1980-01-01;3;;100;Dagvlinders;Pieridae;2026-07-08;725;S;vrij algemeen
287735926;287735926;Gele luzernevlinder;Colias hyale;2023-09-12;9;2023-09-12;1;ter plaatse;onbekend;imago;onbekend;162038.61219558993;206351.3210264193;4.54087;51.16705;FS0769;Boechout - Molenbeekvallei;Boechout;Vremde;Antwerpen;ObsIdentify;J;Goedgekeurd op basis van bewijsmateriaal;1980-01-01;3;;1;Dagvlinders;Pieridae;2026-07-08;725;S;vrij algemeen
253614606;253614606;Gele luzernevlinder;Colias hyale;2022-08-29;8;2022-08-29;2;ter plaatse;onbekend;imago;onbekend;187259.34715051576;180235.83607956677;4.89876881;50.93122732;FS3343;  ;Tielt-Winge;Tielt;Vlaams-Brabant;Site;J;Goedgekeurd op basis van kennisregels - nabijheid;1980-01-01;3;;10;Dagvlinders;Pieridae;2026-07-08;725;S;vrij algemeen
253841287;253841287;Gele luzernevlinder;Colias hyale;2022-09-01;9;2022-09-01;1;ter plaatse;onbekend;imago;onbekend;187332.6819838503;180385.7823475245;4.89982724;50.93257048;FS3344;Sint-Joris-Winge - Walenbos;Tielt-Winge;Tielt;Vlaams-Brabant;Site;J;Goedgekeurd op basis van kennisregels - nabijheid;1980-01-01;3;;10;Dagvlinders;Pieridae;2026-07-08;725;S;vrij algemeen
252681659;252681659;Gele luzernevlinder;Colias hyale;2022-08-18;8;2022-08-18;2;foeragerend;gezien;imago;onbekend;204786.7626143888;182887.73131027445;5.148478;50.953674;FS5046;Schulensbroek - Pijpenkop;Herk-de-Stad;Schulen;Limburg;ObsMapp;J;Goedgekeurd op basis van bewijsmateriaal;2007-01-01;3;;3;Dagvlinders;Pieridae;2026-07-08;725;S;vrij algemeen
352759962;352759962;Gele luzernevlinder;Colias hyale;2025-05-27;5;2025-05-27;1;ter plaatse;onbekend;imago;onbekend;195941.1544438048;210487.71935338157;5.026075399722222;51.2025249;FS4174;  ;Geel;Geel;Antwerpen;ObsMapp;J;Goedgekeurd op basis van bewijsmateriaal;1980-01-01;3;;5;Dagvlinders;Pieridae;2026-07-08;725;S;vrij algemeen
287007756;287007756;Gele luzernevlinder;Colias hyale;2023-09-05;9;2023-09-05;1;ter plaatse;onbekend;imago;Man;184877.64307514203;180317.21330853645;4.86489777;50.93210696;FS3143;Sint-Joris-Winge - Walenbos;Tielt-Winge;Houwaart;Vlaams-Brabant;Site;J;Goedgekeurd op basis van bewijsmateriaal;1980-01-01;3;;10;Dagvlinders;Pieridae;2026-07-08;725;S;vrij algemeen
371982975;371982975;Gele luzernevlinder;Colias hyale;2025-09-07;9;2025-09-07;1;ter plaatse;onbekend;imago;Vrouw;227976.61348816127;186587.59828376304;5.479261666666667;50.984275;FS7451;Genk - Terril Winterslag;Genk;Genk;Limburg;ObsIdentify;J;Goedgekeurd op basis van bewijsmateriaal;1980-01-01;4;;10;Dagvlinders;Pieridae;2026-07-08;725;S;vrij algemeen
249945595;249945595;Gele luzernevlinder;Colias hyale;2022-07-22;7;2022-07-22;1;ter plaatse;gezien;imago;onbekend;178529.15165871856;196371.5832124297;4.7758448;51.076766;FS2459;Booischot - Grote Netevallei - Bruggeneindse Laak;Hulshout;Hulshout;Antwerpen;Site;J;Goedgekeurd op basis van bewijsmateriaal;1980-01-01;3;;15;Dagvlinders;Pieridae;2026-07-08;725;S;vrij algemeen
253277859;253277859;Gele luzernevlinder;Colias hyale;2022-08-25;8;2022-08-25;1;ter plaatse;onbekend;imago;onbekend;187218.27607442276;180320.3980348548;4.89819318;50.93199009;FS3343;Sint-Joris-Winge - Walenbos;Tielt-Winge;Tielt;Vlaams-Brabant;Site;J;Goedgekeurd op basis van bewijsmateriaal;1980-01-01;3;;10;Dagvlinders;Pieridae;2026-07-08;725;S;vrij algemeen
370179283;370179283;Gele luzernevlinder;Colias hyale;2025-08-24;8;2025-08-24;1;ter plaatse;gezien;imago;Man;219702.6706097222;179601.58584274258;5.360113620627089;50.9225357319216;FS6543;Hasselt - Singelbeekstraat eo;Hasselt;Hasselt;Limburg;iObs;J;Goedgekeurd op basis van bewijsmateriaal;1980-01-01;4;;25;Dagvlinders;Pieridae;2026-07-08;725;S;vrij algemeen
369178426;369178426;Gele luzernevlinder;Colias hyale;2025-08-18;8;2025-08-18;1;ter plaatse;onbekend;imago;onbekend;226251.26913954533;194814.8448347384;5.4564109;51.0584516;FS7259;Houthalen-Helchteren Meeuwen-Gruitrode en Peer - N2000;Peer;Peer;Limburg;ObsIdentify;J;Goedgekeurd op basis van bewijsmateriaal;1980-01-01;3;;4;Dagvlinders;Pieridae;2026-07-08;725;S;vrij algemeen
371117822;371117822;Gele luzernevlinder;Colias hyale;2025-08-30;8;2025-08-31;3;ter plaatse;onbekend;imago;onbekend;186884.4533828536;231607.465413942;4.89865779876709;51.39299690137164;FS3295;Merksplas - Merkske - Moer;Merksplas;Merksplas;Antwerpen;Site;J;Goedgekeurd op basis van bewijsmateriaal;1980-01-01;4;;25;Dagvlinders;Pieridae;2026-07-08;725;S;vrij algemeen
374299518;374299518;Gele luzernevlinder;Colias hyale;2025-09-28;9;2025-09-28;1;ter plaatse;gezien;imago;Man;206178.04443108093;183878.03171222936;5.1684291;50.9624424;FS5247;Schulensbroek - Binnenbekken Oost;Herk-de-Stad;Schulen;Limburg;ObsIdentify;J;Goedgekeurd op basis van bewijsmateriaal;1980-01-01;3;;999;Dagvlinders;Pieridae;2026-07-08;725;S;vrij algemeen
366958350;366958350;Gele luzernevlinder;Colias hyale;2025-08-05;8;2025-08-05;1;ter plaatse;gezien;imago;onbekend;185896.41338249648;186624.70509621224;4.880008220672607;50.98874282836914;FS3150;Langdorp - Achter Schoonhoven;Aarschot;Rillaar;Vlaams-Brabant;ObsMapp;J;Goedgekeurd op basis van bewijsmateriaal;1980-01-01;3;;3;Dagvlinders;Pieridae;2026-07-08;725;S;vrij algemeen
370327401;370327401;Gele luzernevlinder;Colias hyale;2025-08-24;8;2025-08-25;1;ter plaatse;onbekend;imago;onbekend;184661.51286283857;208339.9413962513;4.864488333333333;51.18400833333333;FS3071;Herentals - Langendonk;Herentals;Herentals;Antwerpen;ObsIdentify;J;Goedgekeurd op basis van bewijsmateriaal;1980-01-01;3;;1;Dagvlinders;Pieridae;2026-07-08;725;S;vrij algemeen
369434480;369434480;Gele luzernevlinder;Colias hyale;2025-08-19;8;2025-08-19;1;ter plaatse;gezien;imago;onbekend;227743.2309018936;186869.8326432044;5.475998401641846;50.98684310913086;FS7351;Genk - Terril Winterslag;Genk;Genk;Limburg;ObsMapp;J;Goedgekeurd op basis van kennisregels - nabijheid;1980-01-01;3;;3;Dagvlinders;Pieridae;2026-07-08;725;S;vrij algemeen
370178137;370178137;Gele luzernevlinder;Colias hyale;2025-08-24;8;2025-08-24;1;ter plaatse;onbekend;imago;onbekend;185352.6756253343;233957.07061309088;4.876883625984192;51.41421028368158;FS3097;Zondereigen - Merkske - Ruitervelden West;Baarle-Hertog;Baarle-Hertog;Antwerpen;Site;J;Goedgekeurd op basis van bewijsmateriaal;1980-01-01;4;;6;Dagvlinders;Pieridae;2026-07-08;725;S;vrij algemeen
371903032;371903032;Gele luzernevlinder;Colias hyale;2025-09-05;9;2025-09-06;1;ter plaatse;onbekend;imago;onbekend;183820.96237894945;208282.0998452846;4.852461666666667;51.18353833333333;FS2971;Herentals - Hellekens - Buiten Ring;Herentals;Herentals;Antwerpen;ObsIdentify;J;Goedgekeurd op basis van bewijsmateriaal;1980-01-01;3;;1;Dagvlinders;Pieridae;2026-07-08;725;S;vrij algemeen
372173624;372173624;Gele luzernevlinder;Colias hyale;2025-09-08;9;2025-09-08;3;foeragerend;gezien;imago;onbekend;211779.07801118644;207558.08290649392;5.252163999999993;51.174715;FS5771;Balen - De Most;Balen;Balen;Antwerpen;Site;J;Goedgekeurd op basis van bewijsmateriaal;2025-12-30;3;;15;Dagvlinders;Pieridae;2026-07-08;725;S;vrij algemeen
257845867;257845867;Gele luzernevlinder;Colias hyale;2022-07-23;7;2022-10-23;1;ter plaatse;onbekend;imago;Man;199095.3401275233;212803.2682854822;5.071516203563097;51.22307723453879;FS4476;Dessel - Steenhei/Terreinen Niras;Dessel;Dessel;Antwerpen;iObs;J;Goedgekeurd op basis van bewijsmateriaal;2026-12-26;3;;10;Dagvlinders;Pieridae;2026-07-08;725;S;vrij algemeen
283002637;283002637;Gele luzernevlinder;Colias hyale;2023-08-04;8;2023-08-04;1;ter plaatse;onbekend;onbekend;onbekend;221789.96251957637;199618.95359823108;5.393729209899902;51.10220151085637;FS6763;Hechtel-Eksel - Resterheide - Zuidoost;Hechtel-Eksel;Hechtel;Limburg;Site;J;Goedgekeurd op basis van expertoordeel;1980-01-01;3;;15;Dagvlinders;Pieridae;2026-07-08;725;S;vrij algemeen
254663110;254663110;Gele luzernevlinder;Colias hyale;2022-09-12;9;2022-09-12;1;ter plaatse;onbekend;imago;Man;159042.65612873674;210920.84264009076;4.498152;51.208178;FS0474;  ;Wommelgem;Wommelgem;Antwerpen;Site;J;Goedgekeurd op basis van bewijsmateriaal;1980-01-01;3;;7;Dagvlinders;Pieridae;2026-07-08;725;S;vrij algemeen
380173536;380173536;Gele luzernevlinder;Colias hyale;2025-11-09;11;2025-11-09;1;ter plaatse;gezien;imago;Vrouw;161790.2272678471;200118.50524213444;4.537116050720215;51.11103057861328;FS0763;Beneden Netevallei - Plas Sluis;Duffel;Duffel;Antwerpen;ObsMapp;J;Goedgekeurd op basis van bewijsmateriaal;1980-01-01;3;;2;Dagvlinders;Pieridae;2026-07-08;725;S;vrij algemeen
288140570;288140570;Gele luzernevlinder;Colias hyale;2023-09-16;9;2023-09-16;2;ter plaatse;gezien;imago;onbekend;179129.31788268988;184813.6534173824;4.783485889434815;50.972843170166016;FS2548;Betekom - Vorsdonkbos;Aarschot;Gelrode;Vlaams-Brabant;ObsMapp;J;Goedgekeurd op basis van bewijsmateriaal;1980-01-01;3;;3;Dagvlinders;Pieridae;2026-07-08;725;S;vrij algemeen
270158316;270158316;Gele luzernevlinder;Colias hyale;2023-05-03;5;2023-05-03;1;ter plaatse;onbekend;imago;onbekend;163129.18033749322;200725.62855336908;4.556257724761963;51.116458892822266;FS0863;Beneden Netevallei - Anderstad;Lier;Lier;Antwerpen;ObsMapp;J;Goedgekeurd op basis van bewijsmateriaal;1980-01-01;4;Nog 1 :) Zuidelijke uit te sluiten door locatie?;3;Dagvlinders;Pieridae;2026-07-08;725;S;vrij algemeen
361653049;361653049;Gele luzernevlinder;Colias hyale;2025-07-08;7;2025-07-08;1;ter plaatse;gezien;imago;onbekend;199795.3875240812;196575.63271713443;5.079311281442642;51.07715972765154;FS4560;Tessenderlo - Centrum;Tessenderlo;Tessenderlo;Limburg;Site;J;Goedgekeurd op basis van bewijsmateriaal;1980-01-01;3;;2;Dagvlinders;Pieridae;2026-07-08;725;S;vrij algemeen
286239535;286239535;Gele luzernevlinder;Colias hyale;2023-08-29;8;2023-08-29;1;ter plaatse;onbekend;imago;onbekend;212046.3755605037;207751.97332109415;5.2560190000000375;51.176429;FS5771;Balen - De Most;Balen;Balen;Antwerpen;Site;J;Goedgekeurd op basis van bewijsmateriaal;1980-01-01;3;;7;Dagvlinders;Pieridae;2026-07-08;725;S;vrij algemeen
251866937;251866937;Gele luzernevlinder;Colias hyale;2022-08-09;8;2022-08-09;1;foeragerend;gezien;imago;onbekend;185677.71104734327;186865.9642677484;4.876917;50.990925;FS3150;Langdorp - Achter Schoonhoven;Aarschot;Rillaar;Vlaams-Brabant;ObsMapp;J;Goedgekeurd op basis van bewijsmateriaal;2007-01-01;3;;4;Dagvlinders;Pieridae;2026-07-08;725;S;vrij algemeen
370156149;370156149;Gele luzernevlinder;Colias hyale;2025-08-24;8;2025-08-24;1;ter plaatse;gezien;imago;onbekend;189022.8549085356;208816.09756889197;4.926913599722223;51.1880096;FS3472;Geel - Mosselgoren;Geel;Geel;Antwerpen;ObsMapp;J;Goedgekeurd op basis van bewijsmateriaal;1980-01-01;3;;999;Dagvlinders;Pieridae;2026-07-08;725;S;vrij algemeen
289081884;289081884;Gele luzernevlinder;Colias hyale;2023-09-24;9;2023-09-27;1;ter plaatse;onbekend;imago;onbekend;140917.25780877314;225394.9713275852;4.2384270000000015;51.338275;ES8688;Doel - Prosperpolder Noord;Beveren;Doel;Oost-Vlaanderen;Site;J;Goedgekeurd op basis van bewijsmateriaal;1980-01-01;3;;30;Dagvlinders;Pieridae;2026-07-08;725;S;vrij algemeen
369079049;369079049;Gele luzernevlinder;Colias hyale;2025-08-17;8;2025-08-17;1;foeragerend;gezien;imago;Vrouw;168206.17807736827;206804.4886832051;4.629068535956208;51.170961380406894;FS1370;Kleine Netevallei - Treydbeemd;Ranst;Emblem;Antwerpen;Site;J;Goedgekeurd op basis van bewijsmateriaal;1980-01-01;3;;7;Dagvlinders;Pieridae;2026-07-08;725;S;vrij algemeen
360543106;360543106;Gele luzernevlinder;Colias hyale;2025-07-03;7;2025-07-03;1;ter plaatse;gezien;imago;onbekend;221192.08183770528;186399.28478958455;5.382615392010507;50.98345535026793;FS6750;  ;Zonhoven;Zonhoven;Limburg;Site;J;Goedgekeurd op basis van bewijsmateriaal;1980-01-01;3;;8;Dagvlinders;Pieridae;2026-07-08;725;S;vrij algemeen
374298988;374298988;Gele luzernevlinder;Colias hyale;2025-09-28;9;2025-09-28;1;ter plaatse;onbekend;imago;onbekend;206152.17868019847;183877.12995781004;5.1680608;50.9624368;FS5247;Schulensbroek - Binnenbekken Oost;Herk-de-Stad;Schulen;Limburg;ObsIdentify;J;Goedgekeurd op basis van bewijsmateriaal;1980-01-01;3;;967;Dagvlinders;Pieridae;2026-07-08;725;S;vrij algemeen
373577589;373577589;Gele luzernevlinder;Colias hyale;2025-08-31;8;2025-09-21;1;ter plaatse;onbekend;imago;onbekend;190288.00579402383;229181.02463419456;4.947280883789063;51.370960578400855;FS3592;Turnhouts Vennengebied - Kleine en Grote Klotteraard;Turnhout;Turnhout;Antwerpen;Site;J;Goedgekeurd op basis van bewijsmateriaal;1980-01-01;3;;15;Dagvlinders;Pieridae;2026-07-08;725;S;vrij algemeen
253939169;253939169;Gele luzernevlinder;Colias hyale;2022-09-02;9;2022-09-02;1;ter plaatse;gezien;imago;onbekend;211901.3718594188;207589.9146605879;5.253918;51.174988;FS5771;Balen - De Most;Balen;Balen;Antwerpen;Site;J;Goedgekeurd op basis van bewijsmateriaal;1980-01-01;3;Obsidentify zegt Gele luzernevlinder heb toch maar op onzeker gezet.;25;Dagvlinders;Pieridae;2026-07-08;725;S;vrij algemeen
378428907;378428907;Gele luzernevlinder;Colias hyale;2025-10-30;10;2025-11-01;1;ter plaatse;gezien;imago;onbekend;192846.3988426172;199512.5988504421;4.980503099722222;51.104115299722224;FS3863;Geel - Zammelsbroek - Zammelsbroek Oosterlo;Geel;Geel;Antwerpen;ObsMapp;J;Goedgekeurd op basis van bewijsmateriaal;1980-01-01;3;#inbo;999;Dagvlinders;Pieridae;2026-07-08;725;S;vrij algemeen
255213366;255213366;Gele luzernevlinder;Colias hyale;2022-09-21;9;2022-09-21;1;ter plaatse;gezien;imago;onbekend;196059.7868820165;209553.88161705717;5.027654;51.194122;FS4173;Mol - Europawijk;Geel;Geel;Antwerpen;ObsMapp;J;Goedgekeurd op basis van bewijsmateriaal;2007-01-01;3;;3;Dagvlinders;Pieridae;2026-07-08;725;S;vrij algemeen
286265517;286265517;Gele luzernevlinder;Colias hyale;2023-08-29;8;2023-08-29;1;ter plaatse;gezien;imago;onbekend;227443.46915040552;187140.3850989528;5.471786999999949;50.989315;FS7351;Genk - Terril Winterslag;Genk;Genk;Limburg;ObsMapp;J;Goedgekeurd op basis van bewijsmateriaal;1980-01-01;3;;3;Dagvlinders;Pieridae;2026-07-08;725;S;vrij algemeen
273336663;273336663;Gele luzernevlinder;Colias hyale;2023-05-23;5;2023-05-25;1;ter plaatse;onbekend;imago;onbekend;242731.64174418597;193869.99186333732;5.6912031173706055;51.04755401611328;FS8858;Dilsen - Rotem Industrie;Dilsen-Stokkem;Rotem;Limburg;ObsMapp;J;Goedgekeurd op basis van bewijsmateriaal;1980-01-01;3;;1;Dagvlinders;Pieridae;2026-07-08;725;S;vrij algemeen
253250718;253250718;Gele luzernevlinder;Colias hyale;2022-08-25;8;2022-08-25;1;ter plaatse;gezien;imago;onbekend;194465.8938558594;207131.02826584503;5.004557;51.17247;FS4070;  ;Geel;Geel;Antwerpen;ObsMapp;J;Goedgekeurd op basis van bewijsmateriaal;2007-01-01;3;;3;Dagvlinders;Pieridae;2026-07-08;725;S;vrij algemeen
286550587;286550587;Gele luzernevlinder;Colias hyale;2023-09-01;9;2023-09-01;1;ter plaatse;onbekend;imago;onbekend;185400.8521653356;209359.2289377665;4.875161647796631;51.19312508524684;FS3172;Olen - Olensbroek Centrum;Olen;Olen;Antwerpen;Site;J;Goedgekeurd op basis van bewijsmateriaal;1980-01-01;3;;7;Dagvlinders;Pieridae;2026-07-08;725;S;vrij algemeen
371323961;371323961;Gele luzernevlinder;Colias hyale;2025-08-30;8;2025-09-01;1;ter plaatse;onbekend;imago;onbekend;193965.62777395447;206466.79806611317;4.99732375147687;51.1665380654762;FS3970;Geel - Centrum;Geel;Geel;Antwerpen;Site;J;Goedgekeurd op basis van bewijsmateriaal;1980-01-01;3;;4;Dagvlinders;Pieridae;2026-07-08;725;S;vrij algemeen
369993605;369993605;Gele luzernevlinder;Colias hyale;2025-08-23;8;2025-08-23;1;ter plaatse;onbekend;imago;onbekend;211881.81550922772;207648.17493469827;5.253648315159631;51.175513734656256;FS5771;Balen - De Most;Balen;Balen;Antwerpen;iObs;J;Goedgekeurd op basis van kennisregels - nabijheid;1980-01-01;4;;13;Dagvlinders;Pieridae;2026-07-08;725;S;vrij algemeen
371873788;371873788;Gele luzernevlinder;Colias hyale;2025-09-06;9;2025-09-06;5;foeragerend;gezien;imago;onbekend;181003.913922647;188461.90088220316;4.8104845359921455;51.0055398610158;FS2752;  ;Aarschot;Aarschot;Vlaams-Brabant;Site;J;Goedgekeurd op basis van bewijsmateriaal;1980-01-01;3;;30;Dagvlinders;Pieridae;2026-07-08;725;S;vrij algemeen
350951641;350951641;Gele luzernevlinder;Colias hyale;2025-05-17;5;2025-05-17;2;foeragerend;onbekend;imago;onbekend;226306.4475146203;194838.72079295013;5.4572028521894245;51.0586589237697;FS7259;Houthalen-Helchteren Meeuwen-Gruitrode en Peer - N2000;Peer;Peer;Limburg;iObs;J;Goedgekeurd op basis van kennisregels - nabijheid;1980-01-01;3;;3;Dagvlinders;Pieridae;2026-07-08;725;S;vrij algemeen
369903525;369903525;Gele luzernevlinder;Colias hyale;2025-08-23;8;2025-08-23;1;ter plaatse;onbekend;imago;onbekend;205261.3161377849;182939.60811342575;5.155239162230231;50.95409527835974;FS5146;Schulensbroek - Noordkant Herk;Herk-de-Stad;Schulen;Limburg;ObsIdentify;J;Goedgekeurd op basis van bewijsmateriaal;1980-01-01;3;;12;Dagvlinders;Pieridae;2026-07-08;725;S;vrij algemeen
254619094;254619094;Gele luzernevlinder;Colias hyale;2022-09-11;9;2022-09-11;4;ter plaatse;gezien;imago;onbekend;183928.4372947104;233722.49572556;4.8563915;51.412188;FS2997;Zondereigen - Merkske - Heikant;Baarle-Hertog;Baarle-Hertog;Antwerpen;Site;J;Goedgekeurd op basis van bewijsmateriaal;1980-01-01;3;;7;Dagvlinders;Pieridae;2026-07-08;725;S;vrij algemeen
370336791;370336791;Gele luzernevlinder;Colias hyale;2025-08-25;8;2025-08-25;1;foeragerend;onbekend;imago;Man;190217.39519714276;219038.44227323867;4.945135116577148;51.279806710862175;FS3582;Turnhout - Winkelsbroek;Turnhout;Turnhout;Antwerpen;Site;J;Goedgekeurd op basis van bewijsmateriaal;1980-01-01;4;;6;Dagvlinders;Pieridae;2026-07-08;725;S;vrij algemeen
369993918;369993918;Gele luzernevlinder;Colias hyale;2025-08-23;8;2025-08-23;1;ter plaatse;onbekend;imago;onbekend;211929.0172948412;207726.9468036052;5.254336666666667;51.17621666666667;FS5771;Balen - De Most;Balen;Balen;Antwerpen;ObsIdentify;J;Goedgekeurd op basis van bewijsmateriaal;1980-01-01;4;;7;Dagvlinders;Pieridae;2026-07-08;725;S;vrij algemeen
374668203;374668203;Gele luzernevlinder;Colias hyale;2025-09-30;9;2025-10-01;1;ter plaatse;gezien;imago;onbekend;147016.9920315484;205833.8432277273;4.326113224029541;51.16251754760742;ES9268;Kruibeke - Schor (KRSC);Kruibeke;Kruibeke;Oost-Vlaanderen;ObsMapp;J;Goedgekeurd op basis van bewijsmateriaal;1980-01-01;3;;5;Dagvlinders;Pieridae;2026-07-08;725;S;vrij algemeen
254112323;254112323;Gele luzernevlinder;Colias hyale;2022-09-04;9;2022-09-04;4;ter plaatse;onbekend;imago;onbekend;162917.6650370884;189365.0042068204;4.552833333333333;51.01434445;FS0852;Bonheiden - Mispeldonk - Leege stukken;Bonheiden;Bonheiden;Antwerpen;iObs;J;Goedgekeurd op basis van bewijsmateriaal;2007-01-01;3;;5;Dagvlinders;Pieridae;2026-07-08;725;S;vrij algemeen
254768117;254768117;Gele luzernevlinder;Colias hyale;2022-09-13;9;2022-09-14;1;ter plaatse;gezien;imago;onbekend;158876.83743520797;220750.38967413732;4.496021596719041;51.29653113433312;FS0483;Brasschaat - Dorpskern;Brasschaat;Brasschaat;Antwerpen;iObs;J;Goedgekeurd op basis van expertoordeel;2007-01-01;4;Bleek citroengeel. Van ver een witje. ;4;Dagvlinders;Pieridae;2026-07-08;725;S;vrij algemeen
287488390;287488390;Gele luzernevlinder;Colias hyale;2023-09-10;9;2023-09-10;1;ter plaatse;onbekend;imago;onbekend;172611.90637276456;201478.5732727628;4.691728999722223;51.12293309972223;FS1864;Lier/Berlaar - Grote Netevallei;Heist-op-den-Berg;Itegem;Antwerpen;ObsIdentify;J;Goedgekeurd op basis van bewijsmateriaal;1980-01-01;3;;999;Dagvlinders;Pieridae;2026-07-08;725;S;vrij algemeen
270142568;270142568;Gele luzernevlinder;Colias hyale;2023-05-03;5;2023-05-03;1;foeragerend;onbekend;imago;onbekend;162798.50253733294;200520.66814691853;4.551527999999962;51.114624;FS0863;Beneden Netevallei - Anderstad;Lier;Lier;Antwerpen;ObsMapp;J;Goedgekeurd op basis van bewijsmateriaal;1980-01-01;4;Eerst foeragerend op paardenbloem_ dan de dijk volgend naar het Oosten.;3;Dagvlinders;Pieridae;2026-07-08;725;S;vrij algemeen
395543041;395543041;Gele luzernevlinder;Colias hyale;2026-04-30;4;2026-05-01;2;ter plaatse;onbekend;imago;onbekend;146805.6845929353;203263.93453672808;4.32311475276947;51.13941648510678;ES9266;Bazel - Bazelse polder - zuid (BAPO-Z);Kruibeke;Bazel;Oost-Vlaanderen;Site;J;Goedgekeurd op basis van bewijsmateriaal;1980-01-01;3;;50;Dagvlinders;Pieridae;2026-07-08;725;S;vrij algemeen
256162763;256162763;Gele luzernevlinder;Colias hyale;2022-10-04;10;2022-10-04;1;ter plaatse;onbekend;imago;onbekend;146980.13691477908;205145.1531101484;4.325592;51.156327;ES9268;Bazel - Bazelse polder - noord (BAPO-N);Kruibeke;Bazel;Oost-Vlaanderen;Site;J;Goedgekeurd op basis van bewijsmateriaal;1980-01-01;3;;15;Dagvlinders;Pieridae;2026-07-08;725;S;vrij algemeen
254654711;254654711;Gele luzernevlinder;Colias hyale;2022-09-12;9;2022-09-12;1;ter plaatse;onbekend;imago;Man;146969.49868194378;205259.9712089468;4.325439;51.157359;ES9268;Bazel - Bazelse polder - noord (BAPO-N);Kruibeke;Bazel;Oost-Vlaanderen;Site;J;Goedgekeurd op basis van bewijsmateriaal;1980-01-01;3;;5;Dagvlinders;Pieridae;2026-07-08;725;S;vrij algemeen
280743589;280743589;Gele luzernevlinder;Colias hyale;2023-07-16;7;2023-07-16;1;foeragerend;gezien;imago;Man;170265.73004359144;218263.5196594885;4.659157999999934;51.27389;FS1581;  ;Zoersel;Zoersel;Antwerpen;Site;J;Goedgekeurd op basis van bewijsmateriaal;1980-01-01;3;;25;Dagvlinders;Pieridae;2026-07-08;725;S;vrij algemeen
270260475;270260475;Gele luzernevlinder;Colias hyale;2023-05-04;5;2023-05-04;4;ter plaatse;gezien;imago;Man;205947.0848115677;183824.61992231663;5.16513356;50.96198463;FS5247;Schulensbroek - Buitenbekken Oost;Herk-de-Stad;Schulen;Limburg;Site;J;Goedgekeurd op basis van bewijsmateriaal;1980-01-01;3;;100;Dagvlinders;Pieridae;2026-07-08;725;S;vrij algemeen
287488779;287488779;Gele luzernevlinder;Colias hyale;2023-09-10;9;2023-09-10;1;ter plaatse;onbekend;imago;onbekend;172960.12950892217;201418.18015152492;4.6966989;51.1223765;FS1864;Lier/Berlaar - Grote Netevallei;Heist-op-den-Berg;Itegem;Antwerpen;ObsIdentify;J;Goedgekeurd op basis van bewijsmateriaal;1980-01-01;3;;999;Dagvlinders;Pieridae;2026-07-08;725;S;vrij algemeen
369994057;369994057;Gele luzernevlinder;Colias hyale;2025-08-23;8;2025-08-23;1;ter plaatse;onbekend;imago;onbekend;211926.94014287615;207715.4250752088;5.254305;51.17611333333333;FS5771;Balen - De Most;Balen;Balen;Antwerpen;ObsIdentify;J;Goedgekeurd op basis van bewijsmateriaal;1980-01-01;4;;5;Dagvlinders;Pieridae;2026-07-08;725;S;vrij algemeen
286972685;286972685;Gele luzernevlinder;Colias hyale;2023-09-05;9;2023-09-05;1;ter plaatse;onbekend;imago;onbekend;162726.34041305954;200698.5510518942;4.550503715872765;51.11622453727457;FS0863;Beneden Netevallei - Anderstad;Lier;Lier;Antwerpen;ObsMapp;J;Goedgekeurd op basis van bewijsmateriaal;1980-01-01;3;;5;Dagvlinders;Pieridae;2026-07-08;725;S;vrij algemeen
373228862;373228862;Gele luzernevlinder;Colias hyale;2025-09-19;9;2025-09-19;1;ter plaatse;onbekend;imago;onbekend;185156.3003160009;187083.98628068343;4.869511666666667;50.992916666666666;FS3150;Aarschot/Testelt - Demervallei;Aarschot;Langdorp;Vlaams-Brabant;ObsIdentify;J;Goedgekeurd op basis van bewijsmateriaal;1980-01-01;3;;5;Dagvlinders;Pieridae;2026-07-08;725;S;vrij algemeen
272365969;272365969;Gele luzernevlinder;Colias hyale;2023-05-19;5;2023-05-19;1;ter plaatse;gezien;imago;onbekend;195337.66250730044;183032.9323445689;5.014024000000063;50.955795;FS4146;Assent - Begijnbeekvallei;Bekkevoort;Assent;Vlaams-Brabant;ObsMapp;J;Goedgekeurd op basis van bewijsmateriaal;1980-01-01;3;;3;Dagvlinders;Pieridae;2026-07-08;725;S;vrij algemeen
253991548;253991548;Gele luzernevlinder;Colias hyale;2022-09-01;9;2022-09-03;1;ter plaatse;gezien;imago;onbekend;154205.64243064637;195411.09725011885;4.428756;51.068822;FS0058;Mechelen - GGG Battenbroek - Grote Vijver Noord;Mechelen;Walem;Antwerpen;Site;J;Goedgekeurd op basis van bewijsmateriaal;1980-01-01;3;;25;Dagvlinders;Pieridae;2026-07-08;725;S;vrij algemeen
370623646;370623646;Gele luzernevlinder;Colias hyale;2025-08-27;8;2025-08-27;1;ter plaatse;onbekend;imago;onbekend;185801.14503071344;203545.2720347829;4.880313873291016;51.14084243774414;FS3167;Olen - Teunenberg;Westerlo;Tongerlo;Antwerpen;ObsMapp;J;Goedgekeurd op basis van bewijsmateriaal;1980-01-01;3;;3;Dagvlinders;Pieridae;2026-07-08;725;S;vrij algemeen
369525650;369525650;Gele luzernevlinder;Colias hyale;2025-08-20;8;2025-08-20;1;ter plaatse;onbekend;imago;onbekend;196331.0394679276;226033.12337828148;5.0336471666666665;51.34221333333333;FS4189;Landschap De Liereman - Brakeleer;Oud-Turnhout;Oud-Turnhout;Antwerpen;ObsIdentify;J;Goedgekeurd op basis van bewijsmateriaal;1980-01-01;3;;4;Dagvlinders;Pieridae;2026-07-08;725;S;vrij algemeen
371367096;371367096;Gele luzernevlinder;Colias hyale;2025-08-31;8;2025-09-01;1;ter plaatse;onbekend;onbekend;onbekend;184106.6169972669;208711.9963467009;4.8565874099731445;51.18738555908203;FS2972;Herentals - Langendonk;Herentals;Herentals;Antwerpen;ObsMapp;J;Goedgekeurd op basis van kennisregels - nabijheid;1980-01-01;3;;3;Dagvlinders;Pieridae;2026-07-08;725;S;vrij algemeen
370880679;370880679;Gele luzernevlinder;Colias hyale;2025-08-28;8;2025-08-29;3;ter plaatse;gezien;imago;onbekend;149578.50178999142;205827.9597011814;4.36273099999994;51.162472;ES9568;Antwerpen - Schoonselhof;Antwerpen;Wilrijk;Antwerpen;Site;J;Goedgekeurd op basis van bewijsmateriaal;1980-01-01;4;;30;Dagvlinders;Pieridae;2026-07-08;725;S;vrij algemeen
271942556;271942556;Gele luzernevlinder;Colias hyale;2023-05-14;5;2023-05-16;1;ter plaatse;gezien;imago;Vrouw;206358.75713469548;184394.4185311515;5.1710807740565965;50.96706649549029;FS5248;Schulensbroek - Binnenbekken Oost;Herk-de-Stad;Schulen;Limburg;iObs;J;Goedgekeurd op basis van kennisregels - nabijheid;1980-01-01;4;;16;Dagvlinders;Pieridae;2026-07-08;725;S;vrij algemeen
368715715;368715715;Gele luzernevlinder;Colias hyale;2025-08-15;8;2025-08-15;1;ter plaatse;gezien;imago;Man;168390.92118649668;206965.77570976783;4.631718158721924;51.17240524291992;FS1470;Kleine Netevallei - Treydbeemd;Ranst;Broechem;Antwerpen;ObsMapp;J;Goedgekeurd op basis van bewijsmateriaal;1980-01-01;3;;6;Dagvlinders;Pieridae;2026-07-08;725;S;vrij algemeen
370180538;370180538;Gele luzernevlinder;Colias hyale;2025-08-24;8;2025-08-24;1;foeragerend;gezien;imago;Vrouw;168332.76396129176;206917.61262511;4.630884170532227;51.171974182128906;FS1470;Kleine Netevallei - Treydbeemd;Ranst;Broechem;Antwerpen;ObsMapp;J;Goedgekeurd op basis van bewijsmateriaal;1980-01-01;3;;4;Dagvlinders;Pieridae;2026-07-08;725;S;vrij algemeen
254322987;254322987;Gele luzernevlinder;Colias hyale;2022-09-07;9;2022-09-07;1;foeragerend;gezien;imago;Vrouw;201832.3554247706;223872.14627915437;5.1122797;51.322322;FS4787;Arendonk - Het Goorken;Arendonk;Arendonk;Antwerpen;Site;J;Goedgekeurd op basis van bewijsmateriaal;1980-01-01;4;;15;Dagvlinders;Pieridae;2026-07-08;725;S;vrij algemeen
360755982;360755982;Gele luzernevlinder;Colias hyale;2025-07-04;7;2025-07-04;1;ter plaatse;gezien;imago;onbekend;189353.64014712855;197967.6642662464;4.930469512939453;51.090476989746094;FS3561;  ;Westerlo;Westerlo;Antwerpen;ObsMapp;J;Goedgekeurd op basis van kennisregels - nabijheid;1980-01-01;3;;2;Dagvlinders;Pieridae;2026-07-08;725;S;vrij algemeen
394639123;394639123;Gele luzernevlinder;Colias hyale;2026-04-26;4;2026-04-26;1;ter plaatse;gezien;imago;Vrouw;166606.66286799402;205440.8338893708;4.606136322021484;51.15875244140625;FS1268;Kleine Netevallei - Leeuwerik;Ranst;Emblem;Antwerpen;ObsMapp;J;Goedgekeurd op basis van bewijsmateriaal;1980-01-01;3;;2;Dagvlinders;Pieridae;2026-07-08;725;S;vrij algemeen
370065318;370065318;Gele luzernevlinder;Colias hyale;2025-08-24;8;2025-08-24;1;ter plaatse;onbekend;imago;onbekend;226251.3420045416;194816.81346574984;5.456412350763992;51.05846928437339;FS7259;Houthalen-Helchteren Meeuwen-Gruitrode en Peer - N2000;Peer;Peer;Limburg;ObsIdentify;J;Goedgekeurd op basis van bewijsmateriaal;1980-01-01;3;;4;Dagvlinders;Pieridae;2026-07-08;725;S;vrij algemeen
408450812;408450812;Gele luzernevlinder;Colias hyale;2026-07-01;7;2026-07-01;1;ter plaatse;onbekend;imago;onbekend;204928.42558374009;183543.84232336748;5.150592399722223;50.959558199722224;FS5147;Schulensbroek - Oosten Strandje;Herk-de-Stad;Schulen;Limburg;ObsIdentify;J;Goedgekeurd op basis van bewijsmateriaal;1980-01-01;3;;999;Dagvlinders;Pieridae;2026-07-08;725;S;vrij algemeen
371932226;371932226;Gele luzernevlinder;Colias hyale;2025-09-06;9;2025-09-07;1;ter plaatse;gezien;imago;onbekend;169574.16491422936;201979.2340074992;4.648367404937744;51.12754440307617;FS1565;Kessel - Grote Netevallei - Bartstraat oost;Nijlen;Kessel;Antwerpen;ObsMapp;J;Goedgekeurd op basis van bewijsmateriaal;1980-01-01;3;;3;Dagvlinders;Pieridae;2026-07-08;725;S;vrij algemeen
370474750;370474750;Gele luzernevlinder;Colias hyale;2025-08-26;8;2025-08-26;1;ter plaatse;onbekend;imago;Vrouw;204620.030734728;182939.7154487362;5.146113000000014;50.954157;FS5046;Schulensbroek - Pijpenkop;Herk-de-Stad;Schulen;Limburg;Site;J;Goedgekeurd op basis van bewijsmateriaal;1980-01-01;3;;30;Dagvlinders;Pieridae;2026-07-08;725;S;vrij algemeen
363444901;363444901;Gele luzernevlinder;Colias hyale;2025-07-17;7;2025-07-17;1;ter plaatse;onbekend;imago;Man;175175.14131477854;198081.70705363527;4.728104710447951;51.0922937027754;FS2161;Hallaar - Averegten - Hallaarse Aard;Heist-op-den-Berg;Hallaar;Antwerpen;Site;J;Goedgekeurd op basis van bewijsmateriaal;1980-01-01;3;;4;Dagvlinders;Pieridae;2026-07-08;725;S;vrij algemeen
254708577;254708577;Gele luzernevlinder;Colias hyale;2022-09-12;9;2022-09-13;1;ter plaatse;gezien;imago;onbekend;204812.7786328137;182883.3717658827;5.14884757995605;50.9536323547363;FS5046;Schulensbroek - Oosten Strandje;Herk-de-Stad;Schulen;Limburg;ObsMapp;J;Goedgekeurd op basis van kennisregels - nabijheid;2007-01-01;3;;4;Dagvlinders;Pieridae;2026-07-08;725;S;vrij algemeen
367916452;367916452;Gele luzernevlinder;Colias hyale;2025-08-10;8;2025-08-10;1;ter plaatse;gezien;imago;Man;220152.60963019368;179527.3219551323;5.366497999999979;50.921814;FS6643;Hasselt - Singelbeekstraat eo;Hasselt;Hasselt;Limburg;Site;J;Goedgekeurd op basis van bewijsmateriaal;1980-01-01;4;;15;Dagvlinders;Pieridae;2026-07-08;725;S;vrij algemeen
254663022;254663022;Gele luzernevlinder;Colias hyale;2022-09-12;9;2022-09-12;1;ter plaatse;onbekend;imago;Vrouw;159190.12228937857;210640.29741959088;4.500255;51.205654;FS0473;  ;Wommelgem;Wommelgem;Antwerpen;Site;J;Goedgekeurd op basis van bewijsmateriaal;1980-01-01;3;;7;Dagvlinders;Pieridae;2026-07-08;725;S;vrij algemeen
253081404;253081404;Gele luzernevlinder;Colias hyale;2022-08-23;8;2022-08-23;1;ter plaatse;gezien;imago;onbekend;173861.71889213062;197726.0999257164;4.7093339;51.089153;FS1961;Hallaar - Averegten - Bos (Groendomein provincie Antwerpen - regio Kempen);Heist-op-den-Berg;Hallaar;Antwerpen;Site;J;Goedgekeurd op basis van bewijsmateriaal;1980-01-01;3;;5;Dagvlinders;Pieridae;2026-07-08;725;S;vrij algemeen
253603600;253603600;Gele luzernevlinder;Colias hyale;2022-08-29;8;2022-08-29;8;ter plaatse;onbekend;imago;onbekend;187258.1059004893;187412.9179822328;4.8994818;50.995742;FS3351;Rillaar - Broek onder Rommelaar;Aarschot;Langdorp;Vlaams-Brabant;Site;J;Goedgekeurd op basis van bewijsmateriaal;1980-01-01;3;;30;Dagvlinders;Pieridae;2026-07-08;725;S;vrij algemeen
285561419;285561419;Gele luzernevlinder;Colias hyale;2023-08-23;8;2023-08-23;1;ter plaatse;onbekend;imago;onbekend;162844.78729600852;200531.1453722734;4.55218934934237;51.11471714712745;FS0863;Beneden Netevallei - Anderstad;Lier;Lier;Antwerpen;Site;J;Goedgekeurd op basis van bewijsmateriaal;1980-01-01;3;;15;Dagvlinders;Pieridae;2026-07-08;725;S;vrij algemeen
371231967;371231967;Gele luzernevlinder;Colias hyale;2025-08-31;8;2025-08-31;1;ter plaatse;onbekend;onbekend;onbekend;227942.3580318256;186890.6332898615;5.478838443756104;50.987003326416016;FS7351;Genk - Terril Winterslag;Genk;Genk;Limburg;ObsMapp;J;Goedgekeurd op basis van kennisregels - nabijheid;1980-01-01;3;;1;Dagvlinders;Pieridae;2026-07-08;725;S;vrij algemeen
288248491;288248491;Gele luzernevlinder;Colias hyale;2023-09-17;9;2023-09-17;1;ter plaatse;gezien;imago;onbekend;221056.6859530163;180247.71224942055;5.379494190347032;50.92817923183672;FS6744;Diepenbeek - Sluisbemden;Diepenbeek;Diepenbeek;Limburg;Site;J;Goedgekeurd op basis van bewijsmateriaal;1980-01-01;4;;35;Dagvlinders;Pieridae;2026-07-08;725;S;vrij algemeen
254174955;254174955;Gele luzernevlinder;Colias hyale;2022-09-05;9;2022-09-05;1;ter plaatse;onbekend;imago;onbekend;162651.59603070354;200747.92595731743;4.549438;51.11667;FS0863;Beneden Netevallei - Anderstad;Lier;Lier;Antwerpen;Site;J;Goedgekeurd op basis van bewijsmateriaal;1980-01-01;3;op basis van https://forum.waarneming.nl/index.php?topic=241831.0;30;Dagvlinders;Pieridae;2026-07-08;725;S;vrij algemeen
286096833;286096833;Gele luzernevlinder;Colias hyale;2023-08-28;8;2023-08-29;1;ter plaatse;gezien;imago;onbekend;176534.4332081202;197260.6925983345;4.7474469999999656;51.084853;FS2260;Hallaar - Grote Netevallei - Moerbeemden;Heist-op-den-Berg;Hallaar;Antwerpen;Site;J;Goedgekeurd op basis van bewijsmateriaal;1980-01-01;3;;25;Dagvlinders;Pieridae;2026-07-08;725;S;vrij algemeen
367897978;367897978;Gele luzernevlinder;Colias hyale;2025-08-10;8;2025-08-10;6;foeragerend;onbekend;imago;onbekend;189111.854631632;188048.63294715717;4.925954818027094;51.001334128476586;FS3551;Langdorp - Demerdonken;Aarschot;Langdorp;Vlaams-Brabant;Site;J;Goedgekeurd op basis van bewijsmateriaal;1980-01-01;3;;15;Dagvlinders;Pieridae;2026-07-08;725;S;vrij algemeen
289503165;289503165;Gele luzernevlinder;Colias hyale;2023-10-02;10;2023-10-02;1;ter plaatse;gezien;imago;onbekend;205567.11765082684;183789.55705616344;5.159719999999993;50.961706;FS5147;Schulensbroek - Nieuwe Zandhoop;Herk-de-Stad;Schulen;Limburg;ObsMapp;J;Goedgekeurd op basis van kennisregels - automatische beeldherkenning (NIA);1980-01-01;3;;999;Dagvlinders;Pieridae;2026-07-08;725;S;vrij algemeen
370161528;370161528;Gele luzernevlinder;Colias hyale;2025-08-24;8;2025-08-24;2;ter plaatse;onbekend;imago;onbekend;189335.57225231268;188368.88316986896;4.929176329169422;51.00419765250086;FS3552;Langdorp - Demerdonken;Aarschot;Langdorp;Vlaams-Brabant;Site;J;Goedgekeurd op basis van bewijsmateriaal;1980-01-01;3;;30;Dagvlinders;Pieridae;2026-07-08;725;S;vrij algemeen
371170661;371170661;Gele luzernevlinder;Colias hyale;2025-08-31;8;2025-08-31;1;ter plaatse;onbekend;imago;onbekend;184359.95032724;232333.93974504527;4.8624603;51.3996827;FS2995;Merksplas - Merkske - Strikkeven;Merksplas;Merksplas;Antwerpen;ObsIdentify;J;Goedgekeurd op basis van bewijsmateriaal;1980-01-01;3;;17;Dagvlinders;Pieridae;2026-07-08;725;S;vrij algemeen
287705278;287705278;Gele luzernevlinder;Colias hyale;2023-09-12;9;2023-09-12;1;ter plaatse;onbekend;imago;onbekend;164926.1245630511;187543.76012728177;4.581379533148878;50.9979248046875;FS1050;Boortmeerbeek - Pikhakendonk - Meanders;Bonheiden;Rijmenam;Antwerpen;ObsIdentify;J;Goedgekeurd op basis van bewijsmateriaal;1980-01-01;4;;5;Dagvlinders;Pieridae;2026-07-08;725;S;vrij algemeen
254349305;254349305:2711159;Gele luzernevlinder;Colias hyale;2022-09-07;9;2022-09-07;1;ter plaatse;gezien;imago;Vrouw;166433.0682255922;206390.32952638905;4.603698;51.167292;FS1269;  ;Ranst;Emblem;Antwerpen;Site;J;Goedgekeurd op basis van bewijsmateriaal;1980-01-01;3;;5;Dagvlinders;Pieridae;2026-07-08;725;S;vrij algemeen
371087596;371087596;Gele luzernevlinder;Colias hyale;2025-08-26;8;2025-08-30;1;ter plaatse;onbekend;onbekend;onbekend;206329.64381827865;183927.1434924379;5.170594453593367;50.96286914168916;FS5247;Schulensbroek - Binnenbekken Oost;Herk-de-Stad;Schulen;Limburg;copied observation;J;Goedgekeurd op basis van kennisregels - nabijheid;1980-01-01;4;;4;Dagvlinders;Pieridae;2026-07-08;725;S;vrij algemeen
371599707;371599707;Gele luzernevlinder;Colias hyale;2025-09-04;9;2025-09-04;1;ter plaatse;onbekend;imago;onbekend;192180.18474668937;200706.79492217305;4.971129999722223;51.1148983;FS3764;  ;Geel;Geel;Antwerpen;ObsIdentify;J;Goedgekeurd op basis van bewijsmateriaal;1980-01-01;3;;999;Dagvlinders;Pieridae;2026-07-08;725;S;vrij algemeen
287822119;287822119;Gele luzernevlinder;Colias hyale;2023-09-12;9;2023-09-13;1;ter plaatse;onbekend;imago;onbekend;164926.1245630511;187543.76012728177;4.581379533148878;50.9979248046875;FS1050;Boortmeerbeek - Pikhakendonk - Meanders;Bonheiden;Rijmenam;Antwerpen;copied observation;J;Goedgekeurd op basis van kennisregels - nabijheid;1980-01-01;4;;5;Dagvlinders;Pieridae;2026-07-08;725;S;vrij algemeen
372377876;372377876;Gele luzernevlinder;Colias hyale;2025-09-10;9;2025-09-10;1;ter plaatse;onbekend;imago;onbekend;189147.8184148271;188100.07914148175;4.926472662482411;51.00179414013158;FS3551;Langdorp - Demerdonken;Aarschot;Langdorp;Vlaams-Brabant;Site;J;Goedgekeurd op basis van bewijsmateriaal;1980-01-01;3;;30;Dagvlinders;Pieridae;2026-07-08;725;S;vrij algemeen
255448612;255448612;Gele luzernevlinder;Colias hyale;2022-09-25;9;2022-09-25;1;ter plaatse;onbekend;imago;onbekend;203437.7437330148;184965.0364547437;5.129583333333333;50.97247222222222;FS4948;  ;Lummen;Linkhout;Limburg;ObsIdentify;J;Goedgekeurd op basis van bewijsmateriaal;1980-01-01;4;;999;Dagvlinders;Pieridae;2026-07-08;725;S;vrij algemeen
284664337;284664337;Gele luzernevlinder;Colias hyale;2023-08-17;8;2023-08-17;1;foeragerend;gezien;imago;onbekend;159552.3016289827;202229.14734378736;4.505215000000021;51.130044;FS0565;  ;Lint;Lint;Antwerpen;Site;J;Goedgekeurd op basis van bewijsmateriaal;1980-01-01;3;;25;Dagvlinders;Pieridae;2026-07-08;725;S;vrij algemeen
253310878;253310878;Gele luzernevlinder;Colias hyale;2022-08-25;8;2022-08-26;2;in copula;gezien;imago;onbekend;204816.86831349705;182864.7964970712;5.148903;50.953465;FS5046;Schulensbroek - Oosten Strandje;Herk-de-Stad;Schulen;Limburg;ObsMapp;J;Goedgekeurd op basis van kennisregels - automatische beeldherkenning (NIA);2007-01-01;3;;3;Dagvlinders;Pieridae;2026-07-08;725;S;vrij algemeen
361043232;361043232;Gele luzernevlinder;Colias hyale;2025-07-05;7;2025-07-05;3;ter plaatse;onbekend;imago;onbekend;163215.1040951815;201361.76825231317;4.557507999999984;51.122175;FS0864;Beneden Netevallei - GGG Pallieterpolder;Lier;Lier;Antwerpen;Site;J;Goedgekeurd op basis van bewijsmateriaal;1980-01-01;3;;999;Dagvlinders;Pieridae;2026-07-08;725;S;vrij algemeen
287705190;287705190;Gele luzernevlinder;Colias hyale;2023-09-12;9;2023-09-12;1;ter plaatse;onbekend;imago;onbekend;164935.23486359013;187550.57623660937;4.581509589446463;50.99798583984375;FS1050;Boortmeerbeek - Pikhakendonk - Meanders;Bonheiden;Rijmenam;Antwerpen;ObsIdentify;J;Goedgekeurd op basis van bewijsmateriaal;1980-01-01;4;;5;Dagvlinders;Pieridae;2026-07-08;725;S;vrij algemeen
368692590;368692590;Gele luzernevlinder;Colias hyale;2025-08-15;8;2025-08-15;4;ter plaatse;onbekend;imago;onbekend;189323.36484787567;188389.82090284675;4.929004667792469;51.0043866873096;FS3552;Langdorp - Demerdonken;Aarschot;Langdorp;Vlaams-Brabant;Site;J;Goedgekeurd op basis van bewijsmateriaal;1980-01-01;3;;30;Dagvlinders;Pieridae;2026-07-08;725;S;vrij algemeen
255448850;255448850;Gele luzernevlinder;Colias hyale;2022-09-25;9;2022-09-25;1;ter plaatse;onbekend;imago;onbekend;204117.40066037083;181875.2732735472;5.138802777777778;50.94463611111111;FS5045;  ;Herk-de-Stad;Donk;Limburg;ObsIdentify;J;Goedgekeurd op basis van bewijsmateriaal;1980-01-01;4;;999;Dagvlinders;Pieridae;2026-07-08;725;S;vrij algemeen
368695769;368695769;Gele luzernevlinder;Colias hyale;2025-08-15;8;2025-08-15;2;ter plaatse;onbekend;imago;onbekend;189338.65772979968;188356.9302350087;4.929218999999989;51.00409;FS3552;Langdorp - Demerdonken;Aarschot;Langdorp;Vlaams-Brabant;Site;J;Goedgekeurd op basis van bewijsmateriaal;1980-01-01;3;;30;Dagvlinders;Pieridae;2026-07-08;725;S;vrij algemeen
395074898;395074898;Gele luzernevlinder;Colias hyale;2026-04-28;4;2026-04-28;1;ter plaatse;onbekend;imago;onbekend;192241.9725576745;184491.22100982163;4.970134729519486;50.969137252189775;FS3848;  ;Scherpenheuvel-Zichem;Scherpenheuvel;Vlaams-Brabant;Site;J;Goedgekeurd op basis van bewijsmateriaal;1980-01-01;3;;120;Dagvlinders;Pieridae;2026-07-08;725;S;vrij algemeen
369527250;369527250;Gele luzernevlinder;Colias hyale;2025-08-20;8;2025-08-20;1;ter plaatse;onbekend;imago;onbekend;189338.725826578;188347.9195666453;4.929218999999989;51.004009;FS3552;Langdorp - Demerdonken;Aarschot;Langdorp;Vlaams-Brabant;Site;J;Goedgekeurd op basis van bewijsmateriaal;1980-01-01;3;;30;Dagvlinders;Pieridae;2026-07-08;725;S;vrij algemeen
367894881;367894881;Gele luzernevlinder;Colias hyale;2025-08-10;8;2025-08-10;6;ter plaatse;onbekend;imago;onbekend;189341.60229432705;188338.8188739484;4.929259000000002;51.003927;FS3552;Langdorp - Demerdonken;Aarschot;Langdorp;Vlaams-Brabant;Site;J;Goedgekeurd op basis van bewijsmateriaal;1980-01-01;3;;15;Dagvlinders;Pieridae;2026-07-08;725;S;vrij algemeen
372168115;372168115;Gele luzernevlinder;Colias hyale;2025-09-08;9;2025-09-08;3;ter plaatse;onbekend;imago;onbekend;204784.9734566728;183278.117931786;5.148510932922363;50.9571832489244;FS5047;Schulensbroek - Oosten Strandje;Herk-de-Stad;Schulen;Limburg;Site;J;Goedgekeurd op basis van bewijsmateriaal;1980-01-01;3;;30;Dagvlinders;Pieridae;2026-07-08;725;S;vrij algemeen
254349305;254349305:2711158;Gele luzernevlinder;Colias hyale;2022-09-07;9;2022-09-07;1;ter plaatse;gezien;imago;Man;166433.0682255922;206390.32952638905;4.603698;51.167292;FS1269;  ;Ranst;Emblem;Antwerpen;Site;J;Goedgekeurd op basis van bewijsmateriaal;1980-01-01;3;;5;Dagvlinders;Pieridae;2026-07-08;725;S;vrij algemeen
372564205;372564205;Gele luzernevlinder;Colias hyale;2025-09-12;9;2025-09-12;2;ter plaatse;onbekend;imago;onbekend;190023.1703868246;188265.9689901164;4.938961027655751;51.0032254612642;FS3651;Testelt - Kerkendijk-Melkbroek;Scherpenheuvel-Zichem;Testelt;Vlaams-Brabant;Site;J;Goedgekeurd op basis van expertoordeel;1980-01-01;3;;30;Dagvlinders;Pieridae;2026-07-08;725;S;vrij algemeen
326614420;326614420;Gele luzernevlinder;Colias hyale;2024-08-31;8;2024-09-01;1;ter plaatse;onbekend;imago;onbekend;210760.1633289099;207274.3836016525;5.237547914748234;51.172273275089154;FS5671;Balen - De Most;Balen;Balen;Antwerpen;Site;J;Goedgekeurd op basis van bewijsmateriaal;1980-01-01;4;;30;Dagvlinders;Pieridae;2026-07-08;725;S;vrij algemeen
252361842;252361842;Gele luzernevlinder;Colias hyale;2022-08-14;8;2022-08-15;1;dood;andere val;imago;onbekend;194847.05016666095;224797.64915327917;5.012198;51.331227;FS4088;Landschap De Liereman - Hoge Mierdse Heide;Oud-Turnhout;Oud-Turnhout;Antwerpen;Site;J;Goedgekeurd op basis van bewijsmateriaal;1980-01-01;3;op plakval__droog leefgebied met grassen en kruiden__Toelating in gebied!__onderzoek insecten i.v.m. inzaaien bioboer;25;Dagvlinders;Pieridae;2026-07-08;725;S;vrij algemeen
360699644;360699644;Gele luzernevlinder;Colias hyale;2025-07-04;7;2025-07-04;1;ter plaatse;onbekend;imago;onbekend;192935.1982032999;199120.27334627323;4.981724599722222;51.10058229972223;FS3862;Geel - Zammelsbroek - Zammelsbroek Oosterlo;Geel;Geel;Antwerpen;ObsIdentify;J;Goedgekeurd op basis van bewijsmateriaal;1980-01-01;4;;999;Dagvlinders;Pieridae;2026-07-08;725;S;vrij algemeen
287893501;287893501;Gele luzernevlinder;Colias hyale;2023-09-14;9;2023-09-14;1;ter plaatse;gezien;imago;onbekend;140510.09010268503;215040.10269816316;4.232854999722222;51.24519769972223;ES8677;Verrebroek - Haazop (HASO);Beveren;Kallo;Oost-Vlaanderen;ObsMapp;J;Goedgekeurd op basis van bewijsmateriaal;1980-01-01;3;;999;Dagvlinders;Pieridae;2026-07-08;725;S;vrij algemeen
288013906;288013906;Gele luzernevlinder;Colias hyale;2023-09-15;9;2023-09-15;1;langstrekkend west;gezien;imago;Vrouw;206067.05984970083;183863.89249335972;5.166847229003906;50.96232604980469;FS5247;Schulensbroek - Binnenbekken Oost;Herk-de-Stad;Schulen;Limburg;copied observation;J;Goedgekeurd op basis van kennisregels - nabijheid;1980-01-01;3;;3;Dagvlinders;Pieridae;2026-07-08;725;S;vrij algemeen
288013902;288013902;Gele luzernevlinder;Colias hyale;2023-09-15;9;2023-09-15;1;ter plaatse;gezien;imago;Man;206015.30980546217;183859.94091736805;5.166110038757324;50.96229553222656;FS5247;Schulensbroek - Binnenbekken Oost;Herk-de-Stad;Schulen;Limburg;copied observation;J;Goedgekeurd op basis van kennisregels - nabijheid;1980-01-01;3;;3;Dagvlinders;Pieridae;2026-07-08;725;S;vrij algemeen
288012537;288012537;Gele luzernevlinder;Colias hyale;2023-09-15;9;2023-09-15;1;foeragerend;gezien;imago;onbekend;206111.71353790903;183845.56611242425;5.167480000000069;50.962157;FS5247;Schulensbroek - Buitenbekken Oost;Herk-de-Stad;Schulen;Limburg;Site;J;Goedgekeurd op basis van kennisregels - automatische beeldherkenning (NIA);1980-01-01;3;;25;Dagvlinders;Pieridae;2026-07-08;725;S;vrij algemeen
288013900;288013900;Gele luzernevlinder;Colias hyale;2023-09-15;9;2023-09-15;2;langstrekkend oost;gezien;imago;Man;205968.2251451712;183864.52772740275;5.165440559387207;50.96234130859375;FS5247;Schulensbroek - Binnenbekken Oost;Herk-de-Stad;Schulen;Limburg;copied observation;J;Goedgekeurd op basis van kennisregels - nabijheid;1980-01-01;3;;3;Dagvlinders;Pieridae;2026-07-08;725;S;vrij algemeen
255466295;255466295;Gele luzernevlinder;Colias hyale;2022-09-25;9;2022-09-25;1;ter plaatse;onbekend;imago;onbekend;146847.8805977511;206969.99003541563;4.323686;51.172729;ES9269;Kruibeke - Kruibeke Polder (KRPO);Kruibeke;Kruibeke;Oost-Vlaanderen;ObsMapp;J;Goedgekeurd op basis van bewijsmateriaal;2007-01-01;3;;3;Dagvlinders;Pieridae;2026-07-08;725;S;vrij algemeen
288013586;288013586;Gele luzernevlinder;Colias hyale;2023-09-15;9;2023-09-15;1;langstrekkend noord;gezien;imago;Man;206182.02309427672;183886.77435723413;5.168487071990967;50.962520599365234;FS5247;Schulensbroek - Binnenbekken Oost;Herk-de-Stad;Schulen;Limburg;ObsMapp;J;Goedgekeurd op basis van kennisregels - nabijheid;1980-01-01;4;;3;Dagvlinders;Pieridae;2026-07-08;725;S;vrij algemeen
280516780;280516780;Gele luzernevlinder;Colias hyale;2023-07-15;7;2023-07-15;1;ter plaatse;onbekend;imago;onbekend;181645.27511822328;218187.6481744777;4.822212399722222;51.272694799722224;FS2781;Lille - Visbeekvallei - Lilse Zegge;Lille;Lille;Antwerpen;ObsIdentify;J;Goedgekeurd op basis van bewijsmateriaal;1980-01-01;3;;999;Dagvlinders;Pieridae;2026-07-08;725;S;vrij algemeen
370356844;370356844;Gele luzernevlinder;Colias hyale;2025-08-25;8;2025-08-25;1;foeragerend;gezien;imago;onbekend;201909.03259587396;211082.20919732004;5.111542582380935;51.20736197917838;FS4775;Mol - Achterbos;Mol;Mol;Antwerpen;Site;J;Goedgekeurd op basis van bewijsmateriaal;1980-01-01;3;;4;Dagvlinders;Pieridae;2026-07-08;725;S;vrij algemeen
288013575;288013575;Gele luzernevlinder;Colias hyale;2023-09-15;9;2023-09-15;1;ter plaatse;gezien;imago;Man;206015.30980546217;183859.94091736805;5.166110038757324;50.96229553222656;FS5247;Schulensbroek - Binnenbekken Oost;Herk-de-Stad;Schulen;Limburg;ObsMapp;J;Goedgekeurd op basis van kennisregels - nabijheid;1980-01-01;4;;3;Dagvlinders;Pieridae;2026-07-08;725;S;vrij algemeen
288013585;288013585;Gele luzernevlinder;Colias hyale;2023-09-15;9;2023-09-15;1;langstrekkend west;gezien;imago;Vrouw;206138.55481559396;183869.7547866553;5.167865753173828;50.96237182617188;FS5247;Schulensbroek - Binnenbekken Oost;Herk-de-Stad;Schulen;Limburg;ObsMapp;J;Goedgekeurd op basis van kennisregels - nabijheid;1980-01-01;4;;3;Dagvlinders;Pieridae;2026-07-08;725;S;vrij algemeen
288013567;288013567;Gele luzernevlinder;Colias hyale;2023-09-15;9;2023-09-15;1;langstrekkend oost;gezien;imago;Vrouw;206110.40817214845;183851.627349481;5.167462348937988;50.96221160888672;FS5247;Schulensbroek - Buitenbekken Oost;Herk-de-Stad;Schulen;Limburg;ObsMapp;J;Goedgekeurd op basis van kennisregels - nabijheid;1980-01-01;4;;3;Dagvlinders;Pieridae;2026-07-08;725;S;vrij algemeen
288013581;288013581;Gele luzernevlinder;Colias hyale;2023-09-15;9;2023-09-15;1;langstrekkend west;gezien;imago;Vrouw;206067.05984970083;183863.89249335972;5.166847229003906;50.96232604980469;FS5247;Schulensbroek - Binnenbekken Oost;Herk-de-Stad;Schulen;Limburg;ObsMapp;J;Goedgekeurd op basis van kennisregels - nabijheid;1980-01-01;4;;3;Dagvlinders;Pieridae;2026-07-08;725;S;vrij algemeen
288013571;288013571;Gele luzernevlinder;Colias hyale;2023-09-15;9;2023-09-15;2;langstrekkend oost;gezien;imago;Man;205968.2251451712;183864.52772740275;5.165440559387207;50.96234130859375;FS5247;Schulensbroek - Binnenbekken Oost;Herk-de-Stad;Schulen;Limburg;ObsMapp;J;Goedgekeurd op basis van kennisregels - nabijheid;1980-01-01;4;;3;Dagvlinders;Pieridae;2026-07-08;725;S;vrij algemeen
370348869;370348869;Gele luzernevlinder;Colias hyale;2025-08-25;8;2025-08-25;1;ter plaatse;onbekend;onbekend;onbekend;179881.30285213425;184582.40935185735;4.794173239788506;50.97072620523621;FS2548;Betekom - Vorsdonkbos;Aarschot;Gelrode;Vlaams-Brabant;Site;J;Goedgekeurd op basis van kennisregels - nabijheid;1980-01-01;3;;15;Dagvlinders;Pieridae;2026-07-08;725;S;vrij algemeen
288013554;288013554;Gele luzernevlinder;Colias hyale;2023-09-15;9;2023-09-15;1;ter plaatse;gezien;imago;Vrouw;206306.9977228372;183913.16203232016;5.170269966125488;50.96274566650391;FS5247;Schulensbroek - Binnenbekken Oost;Herk-de-Stad;Schulen;Limburg;ObsMapp;J;Goedgekeurd op basis van kennisregels - nabijheid;1980-01-01;4;;3;Dagvlinders;Pieridae;2026-07-08;725;S;vrij algemeen
374869355;374869355;Gele luzernevlinder;Colias hyale;2025-09-27;9;2025-10-03;1;ter plaatse;gezien;imago;onbekend;163162.8634481923;201332.5887454599;4.556760787963867;51.12191390991211;FS0864;Beneden Netevallei - GGG Pallieterpolder;Lier;Lier;Antwerpen;ObsMapp;J;Goedgekeurd op basis van kennisregels - nabijheid;1980-01-01;3;;3;Dagvlinders;Pieridae;2026-07-08;725;S;vrij algemeen
253088392;253088392;Gele luzernevlinder;Colias hyale;2022-08-23;8;2022-08-23;1;ter plaatse;onbekend;imago;onbekend;162839.03544940613;200694.76434718352;4.552113;51.116188;FS0863;Beneden Netevallei - Anderstad;Lier;Lier;Antwerpen;Site;J;Goedgekeurd op basis van kennisregels - automatische beeldherkenning (NIA);1980-01-01;3;;25;Dagvlinders;Pieridae;2026-07-08;725;S;vrij algemeen
288013892;288013892;Gele luzernevlinder;Colias hyale;2023-09-15;9;2023-09-15;1;ter plaatse;gezien;imago;Vrouw;206306.9977228372;183913.16203232016;5.170269966125488;50.96274566650391;FS5247;Schulensbroek - Binnenbekken Oost;Herk-de-Stad;Schulen;Limburg;copied observation;J;Goedgekeurd op basis van kennisregels - nabijheid;1980-01-01;3;;3;Dagvlinders;Pieridae;2026-07-08;725;S;vrij algemeen
371327587;371327587;Gele luzernevlinder;Colias hyale;2025-09-01;9;2025-09-01;1;ter plaatse;onbekend;imago;Man;179843.62076679815;184846.64084712972;4.793658333333333;50.97310333333333;FS2548;Betekom - Vorsdonkbos;Aarschot;Gelrode;Vlaams-Brabant;ObsIdentify;J;Goedgekeurd op basis van bewijsmateriaal;1980-01-01;3;;8;Dagvlinders;Pieridae;2026-07-08;725;S;vrij algemeen
254143019;254143019;Gele luzernevlinder;Colias hyale;2022-09-04;9;2022-09-04;1;ter plaatse;onbekend;imago;onbekend;155105.52503390927;194179.0572479507;4.441577;51.05774;FS0157;Mechelen - GGG Zennegat (voormalig 'Oude Dijlearm');Mechelen;Mechelen;Antwerpen;Site;J;Goedgekeurd op basis van bewijsmateriaal;1980-01-01;3;;15;Dagvlinders;Pieridae;2026-07-08;725;S;vrij algemeen
287562598;287562598;Gele luzernevlinder;Colias hyale;2023-09-10;9;2023-09-10;1;ter plaatse;onbekend;imago;onbekend;141413.9322601603;224403.1460405169;4.245577454566956;51.3293680934891;ES8687;Doel - Doelpolder Noord (Doelpolderweiden DOWE);Beveren;Doel;Oost-Vlaanderen;Site;J;Goedgekeurd op basis van bewijsmateriaal;1980-01-01;3;;5;Dagvlinders;Pieridae;2026-07-08;725;S;vrij algemeen
370651522;370651522;Gele luzernevlinder;Colias hyale;2025-08-25;8;2025-08-27;1;ter plaatse;gezien;imago;onbekend;178056.63954875615;179632.2604592666;4.767816666666667;50.92632;FS2443;Wezemaal/Holsbeek/Kortrijk-Dutsel - Hagelandse Vallei;Holsbeek;Holsbeek;Vlaams-Brabant;Observation;J;Goedgekeurd op basis van bewijsmateriaal;1980-01-01;4;;5;Dagvlinders;Pieridae;2026-07-08;725;S;vrij algemeen
287224795;287224795;Gele luzernevlinder;Colias hyale;2023-09-07;9;2023-09-08;1;ter plaatse;gezien;imago;onbekend;179850.61486715154;184852.5371897072;4.793758392333984;50.9731559753418;FS2548;Betekom - Vorsdonkbos;Aarschot;Gelrode;Vlaams-Brabant;ObsMapp;J;Goedgekeurd op basis van bewijsmateriaal;1980-01-01;3;;3;Dagvlinders;Pieridae;2026-07-08;725;S;vrij algemeen
288013908;288013908;Gele luzernevlinder;Colias hyale;2023-09-15;9;2023-09-15;1;langstrekkend west;gezien;imago;Vrouw;206138.55481559396;183869.7547866553;5.167865753173828;50.96237182617188;FS5247;Schulensbroek - Binnenbekken Oost;Herk-de-Stad;Schulen;Limburg;copied observation;J;Goedgekeurd op basis van kennisregels - nabijheid;1980-01-01;3;;3;Dagvlinders;Pieridae;2026-07-08;725;S;vrij algemeen
369588210;369588210;Gele luzernevlinder;Colias hyale;2025-08-20;8;2025-08-20;1;ter plaatse;onbekend;imago;onbekend;178250.91750126408;185152.65735532064;4.771005999999943;50.975934;FS2448;Rotselaar - Demermeanders;Rotselaar;Rotselaar;Vlaams-Brabant;Site;J;Goedgekeurd op basis van bewijsmateriaal;1980-01-01;3;;30;Dagvlinders;Pieridae;2026-07-08;725;S;vrij algemeen
288012570;288012570;Gele luzernevlinder;Colias hyale;2023-09-15;9;2023-09-15;1;foeragerend;gezien;imago;onbekend;206111.71353790903;183845.56611242425;5.167480000000069;50.962157;FS5247;Schulensbroek - Buitenbekken Oost;Herk-de-Stad;Schulen;Limburg;Site;J;Goedgekeurd op basis van bewijsmateriaal;1980-01-01;3;;25;Dagvlinders;Pieridae;2026-07-08;725;S;vrij algemeen
288850569;288850569;Gele luzernevlinder;Colias hyale;2023-09-24;9;2023-09-25;1;ter plaatse;gezien;imago;onbekend;210896.4564474841;206961.1957748765;5.239444000000049;51.169444;FS5671;Balen - De Most;Balen;Balen;Antwerpen;Site;J;Goedgekeurd op basis van bewijsmateriaal;1980-01-01;4;;25;Dagvlinders;Pieridae;2026-07-08;725;S;vrij algemeen
287491489;287491489;Gele luzernevlinder;Colias hyale;2023-09-10;9;2023-09-10;1;ter plaatse;onbekend;imago;onbekend;172729.43679037128;201474.76892740745;4.693407464748305;51.122894287109375;FS1864;Lier/Berlaar - Grote Netevallei;Heist-op-den-Berg;Itegem;Antwerpen;ObsIdentify;J;Goedgekeurd op basis van bewijsmateriaal;1980-01-01;3;;7;Dagvlinders;Pieridae;2026-07-08;725;S;vrij algemeen
288013909;288013909;Gele luzernevlinder;Colias hyale;2023-09-15;9;2023-09-15;1;langstrekkend noord;gezien;imago;Man;206182.02309427672;183886.77435723413;5.168487071990967;50.962520599365234;FS5247;Schulensbroek - Binnenbekken Oost;Herk-de-Stad;Schulen;Limburg;copied observation;J;Goedgekeurd op basis van kennisregels - nabijheid;1980-01-01;3;;3;Dagvlinders;Pieridae;2026-07-08;725;S;vrij algemeen
288013897;288013897;Gele luzernevlinder;Colias hyale;2023-09-15;9;2023-09-15;1;langstrekkend oost;gezien;imago;Vrouw;206110.40817214845;183851.627349481;5.167462348937988;50.96221160888672;FS5247;Schulensbroek - Buitenbekken Oost;Herk-de-Stad;Schulen;Limburg;copied observation;J;Goedgekeurd op basis van kennisregels - nabijheid;1980-01-01;3;;3;Dagvlinders;Pieridae;2026-07-08;725;S;vrij algemeen
371322950;371322950;Gele luzernevlinder;Colias hyale;2025-09-01;9;2025-09-01;1;ter plaatse;onbekend;imago;Vrouw;215102.3957620184;183701.31789521876;5.2954205;50.9599207;FS6147;Kuringen - Herkenrode;Hasselt;Kuringen;Limburg;ObsIdentify;J;Goedgekeurd op basis van bewijsmateriaal;1980-01-01;3;;2;Dagvlinders;Pieridae;2026-07-08;725;S;vrij algemeen
370611860;370611860;Gele luzernevlinder;Colias hyale;2025-08-25;8;2025-08-27;1;ter plaatse;gezien;imago;onbekend;149539.4807122691;205914.7608413631;4.362173080444336;51.16325219314624;ES9568;Antwerpen - Schoonselhof;Antwerpen;Wilrijk;Antwerpen;Site;J;Goedgekeurd op basis van bewijsmateriaal;1980-01-01;4;;15;Dagvlinders;Pieridae;2026-07-08;725;S;vrij algemeen
288012305;288012305;Gele luzernevlinder;Colias hyale;2023-09-15;9;2023-09-15;1;foeragerend;gezien;imago;onbekend;206111.71353790903;183845.56611242425;5.167480000000069;50.962157;FS5247;Schulensbroek - Buitenbekken Oost;Herk-de-Stad;Schulen;Limburg;Site;J;Goedgekeurd op basis van kennisregels - automatische beeldherkenning (NIA);1980-01-01;3;;25;Dagvlinders;Pieridae;2026-07-08;725;S;vrij algemeen
327611862;327611862;Gele luzernevlinder;Colias hyale;2024-08-25;8;2024-09-09;1;ter plaatse;gezien;imago;onbekend;206443.00984383505;183946.15443736225;5.172211000000061;50.963029;FS5247;Schulensbroek - Buitenbekken Oost;Herk-de-Stad;Schulen;Limburg;Site;J;Goedgekeurd op basis van bewijsmateriaal;1980-01-01;3;;4;Dagvlinders;Pieridae;2026-07-08;725;S;vrij algemeen
374660699;374660699;Gele luzernevlinder;Colias hyale;2025-09-29;9;2025-10-01;1;ter plaatse;onbekend;imago;onbekend;206188.2734578432;183878.778352052;5.168574810028076;50.96244812011719;FS5247;Schulensbroek - Binnenbekken Oost;Herk-de-Stad;Schulen;Limburg;ObsMapp;J;Goedgekeurd op basis van kennisregels - nabijheid;1980-01-01;3;;1;Dagvlinders;Pieridae;2026-07-08;725;S;vrij algemeen
289142893;289142893;Gele luzernevlinder;Colias hyale;2023-09-28;9;2023-09-28;1;ter plaatse;gezien;imago;Vrouw;174979.633759575;197846.20917920768;4.725297912955284;51.090185366658005;FS2061;Hallaar - Averegten - Hallaarse Aard;Heist-op-den-Berg;Hallaar;Antwerpen;ObsMapp;J;Goedgekeurd op basis van bewijsmateriaal;1980-01-01;3;;5;Dagvlinders;Pieridae;2026-07-08;725;S;vrij algemeen
323359453;323359453;Gele luzernevlinder;Colias hyale;2024-08-08;8;2024-08-08;1;eileggend;onbekend;imago;Vrouw;232316.1258333622;189164.47814723945;5.541633000000047;51.006836;FS7853;D73223 Terril Waterschei centraal;As;As;Limburg;ObsMapp;J;Goedgekeurd op basis van bewijsmateriaal;1980-01-01;3;;2;Dagvlinders;Pieridae;2026-07-08;725;S;vrij algemeen
396340456;396340456;Gele luzernevlinder;Colias hyale;2026-05-04;5;2026-05-04;1;ter plaatse;onbekend;imago;onbekend;157536.61877224114;205581.79173112847;4.476490020751953;51.16020965576172;FS0368;Hove - Frijthout - Inrichting Frijthout;Hove;Hove;Antwerpen;ObsMapp;J;Goedgekeurd op basis van bewijsmateriaal;1980-01-01;3;;3;Dagvlinders;Pieridae;2026-07-08;725;S;vrij algemeen
369821959;369821959;Gele luzernevlinder;Colias hyale;2025-08-22;8;2025-08-22;1;ter plaatse;onbekend;imago;onbekend;226552.61220843237;192284.7356287781;5.460177898406982;51.03567123413086;FS7256;Meeuwen/Helchteren - Militair Domein (Strikt ontoegankelijk);Houthalen-Helchteren;Houthalen;Limburg;ObsMapp;J;Goedgekeurd op basis van bewijsmateriaal;1980-01-01;4;;3;Dagvlinders;Pieridae;2026-07-08;725;S;vrij algemeen
361551674;361551674;Gele luzernevlinder;Colias hyale;2025-07-08;7;2025-07-08;1;ter plaatse;onbekend;imago;onbekend;201486.507301973;179469.75615256;5.1010318;50.9232528;FS4743;  ;Halen;Halen;Limburg;ObsIdentify;J;Goedgekeurd op basis van bewijsmateriaal;1980-01-01;3;;999;Dagvlinders;Pieridae;2026-07-08;725;S;vrij algemeen
323359451;323359451;Gele luzernevlinder;Colias hyale;2024-08-08;8;2024-08-08;2;ter plaatse;onbekend;ei;onbekend;232314.9539197593;189163.1245036861;5.541615999999976;51.006824;FS7853;D73223 Terril Waterschei centraal;As;As;Limburg;ObsMapp;J;Goedgekeurd op basis van bewijsmateriaal;1980-01-01;3;;1;Dagvlinders;Pieridae;2026-07-08;725;S;vrij algemeen
371177210;371177210;Gele luzernevlinder;Colias hyale;2025-08-31;8;2025-08-31;1;ter plaatse;onbekend;imago;onbekend;231896.3219276656;205006.51243578363;5.539212367655093;51.1492796656408;FS7769;Abeekvallei Grote Brogel;Peer;Grote-Brogel;Limburg;iObs;J;Goedgekeurd op basis van kennisregels - nabijheid;1980-01-01;3;;57;Dagvlinders;Pieridae;2026-07-08;725;S;vrij algemeen
370902633;370902633;Gele luzernevlinder;Colias hyale;2025-08-29;8;2025-08-29;1;ter plaatse;gezien;imago;onbekend;218716.59597689757;217550.73929722796;5.353251456690487;51.26374094053775;FS6481;Lommel - Vloeiweiden (kern);Lommel;Lommel;Limburg;Site;J;Goedgekeurd op basis van bewijsmateriaal;2025-12-30;3;;15;Dagvlinders;Pieridae;2026-07-08;725;S;vrij algemeen
285798325;285798325;Gele luzernevlinder;Colias hyale;2023-08-26;8;2023-08-26;1;ter plaatse;gezien;imago;onbekend;187035.0540071486;187826.8828443531;4.896346569061279;50.99947738647461;FS3351;Langdorp - Demerdonken;Aarschot;Langdorp;Vlaams-Brabant;ObsMapp;J;Goedgekeurd op basis van bewijsmateriaal;1980-01-01;3;;4;Dagvlinders;Pieridae;2026-07-08;725;S;vrij algemeen
397292972;397292972;Gele luzernevlinder;Colias hyale;2026-05-09;5;2026-05-09;2;ter plaatse;onbekend;imago;onbekend;153278.3497207451;196335.4534494318;4.415534973144531;51.0771369934082;ES9959;Heindonk - Bovenzanden;Willebroek;Heindonk;Antwerpen;ObsMapp;J;Goedgekeurd op basis van bewijsmateriaal;1980-01-01;3;;5;Dagvlinders;Pieridae;2026-07-08;725;S;vrij algemeen
371847971;371847971;Gele luzernevlinder;Colias hyale;2025-09-06;9;2025-09-06;1;ter plaatse;gezien;imago;onbekend;181496.991098698;176736.7712564245;4.816500662709586;50.90011525071059;FS2740;  ;Lubbeek;Lubbeek;Vlaams-Brabant;Site;J;Goedgekeurd op basis van bewijsmateriaal;1980-01-01;3;;30;Dagvlinders;Pieridae;2026-07-08;725;S;vrij algemeen
367590434;367590434;Gele luzernevlinder;Colias hyale;2025-08-07;8;2025-08-09;1;ter plaatse;gezien;imago;Man;210502.46595772728;196993.71657738928;5.232152938842773;51.0798966890988;FS5661;Beringen - spoor (midden);Beringen;Beverlo;Limburg;Site;J;Goedgekeurd op basis van bewijsmateriaal;1980-01-01;4;;3;Dagvlinders;Pieridae;2026-07-08;725;S;vrij algemeen
370180151;370180151;Gele luzernevlinder;Colias hyale;2025-08-24;8;2025-08-24;1;foeragerend;gezien;imago;Vrouw;168405.22774908945;206881.37142346703;4.631918430328369;51.17164611816406;FS1470;Kleine Netevallei - Treydbeemd;Ranst;Emblem;Antwerpen;ObsMapp;J;Goedgekeurd op basis van bewijsmateriaal;1980-01-01;3;;3;Dagvlinders;Pieridae;2026-07-08;725;S;vrij algemeen
371177238;371177238;Gele luzernevlinder;Colias hyale;2025-08-31;8;2025-08-31;1;ter plaatse;onbekend;imago;onbekend;232119.25528089184;205029.734317556;5.542403232053869;51.14945672492071;FS7769;Abeekvallei Grote Brogel;Peer;Grote-Brogel;Limburg;iObs;J;Goedgekeurd op basis van kennisregels - nabijheid;1980-01-01;3;;8;Dagvlinders;Pieridae;2026-07-08;725;S;vrij algemeen
287454594;287454594;Gele luzernevlinder;Colias hyale;2023-09-09;9;2023-09-09;1;ter plaatse;onbekend;imago;onbekend;167964.25524562312;187393.7549039051;4.62465057;50.99648999;FS1450;Keerbergen - Broekelei;Keerbergen;Keerbergen;Vlaams-Brabant;Site;J;Goedgekeurd op basis van bewijsmateriaal;1980-01-01;4;met de acht goed zichtbaar op de ondervleugel;10;Dagvlinders;Pieridae;2026-07-08;725;S;vrij algemeen
369576517;369576517;Gele luzernevlinder;Colias hyale;2025-08-20;8;2025-08-20;1;ter plaatse;gezien;imago;onbekend;210792.29888619305;207244.1197406063;5.238002299738582;51.1719978821329;FS5671;Balen - De Most;Balen;Balen;Antwerpen;Site;J;Goedgekeurd op basis van bewijsmateriaal;2025-12-30;3;één vlinder die het op kruiskruid gemunt had en van bloem tot bloem vloog.;15;Dagvlinders;Pieridae;2026-07-08;725;S;vrij algemeen
370180750;370180750;Gele luzernevlinder;Colias hyale;2025-08-24;8;2025-08-24;1;foeragerend;gezien;imago;Vrouw;167376.0304990586;206103.7169984784;4.617165565490723;51.16468811035156;FS1369;Kleine Netevallei - Treydbeemd;Ranst;Emblem;Antwerpen;ObsMapp;J;Goedgekeurd op basis van bewijsmateriaal;1980-01-01;3;;3;Dagvlinders;Pieridae;2026-07-08;725;S;vrij algemeen
395712547;395712547;Gele luzernevlinder;Colias hyale;2026-05-01;5;2026-05-01;1;foeragerend;gezien;imago;Man;227940.0212014247;186661.838737648;5.478756427764893;50.98494720458984;FS7351;Genk - Terril Winterslag;Genk;Genk;Limburg;ObsMapp;J;Goedgekeurd op basis van bewijsmateriaal;1980-01-01;3;;4;Dagvlinders;Pieridae;2026-07-08;725;S;vrij algemeen
372028962;372028962;Gele luzernevlinder;Colias hyale;2025-09-07;9;2025-09-07;2;ter plaatse;onbekend;imago;onbekend;232121.8078808313;205062.61235993635;5.542447138893648;51.14975185371425;FS7769;Abeekvallei Grote Brogel;Peer;Grote-Brogel;Limburg;iObs;J;Goedgekeurd op basis van bewijsmateriaal;1980-01-01;3;;26;Dagvlinders;Pieridae;2026-07-08;725;S;vrij algemeen
285944008;285944008;Gele luzernevlinder;Colias hyale;2023-08-27;8;2023-08-27;1;ter plaatse;onbekend;imago;onbekend;187433.15569956956;187798.5504746465;4.902014732651878;50.99919711433424;FS3351;Langdorp - Demerdonken;Aarschot;Langdorp;Vlaams-Brabant;Site;J;Goedgekeurd op basis van bewijsmateriaal;1980-01-01;3;;15;Dagvlinders;Pieridae;2026-07-08;725;S;vrij algemeen
371177258;371177258;Gele luzernevlinder;Colias hyale;2025-08-31;8;2025-08-31;1;ter plaatse;onbekend;imago;onbekend;232122.0287403065;205030.1801970806;5.542442964452566;51.14946033800364;FS7769;Abeekvallei Grote Brogel;Peer;Grote-Brogel;Limburg;iObs;J;Goedgekeurd op basis van kennisregels - nabijheid;1980-01-01;3;;12;Dagvlinders;Pieridae;2026-07-08;725;S;vrij algemeen
395714630;395714630:4378972;Gele luzernevlinder;Colias hyale;2026-05-01;5;2026-05-01;1;Balts gedrag;gezien;imago;Vrouw;228103.13639811205;186500.88169505636;5.481044769287109;50.98347854614258;FS7450;Genk - Terril Winterslag;Genk;Genk;Limburg;ObsMapp;J;Goedgekeurd op basis van bewijsmateriaal;1980-01-01;3;;3;Dagvlinders;Pieridae;2026-07-08;725;S;vrij algemeen
366284017;366284017;Gele luzernevlinder;Colias hyale;2025-07-13;7;2025-08-01;1;ter plaatse;onbekend;imago;onbekend;189450.46942101407;197922.1395804379;4.931846618652344;51.09006118774414;FS3561;  ;Herselt;Herselt;Antwerpen;ObsMapp;J;Goedgekeurd op basis van kennisregels - nabijheid;1980-01-01;3;;7;Dagvlinders;Pieridae;2026-07-08;725;S;vrij algemeen
253935685;253935685;Gele luzernevlinder;Colias hyale;2022-09-02;9;2022-09-02;1;ter plaatse;onbekend;imago;Vrouw;228119.6694427493;186552.4698846489;5.4812912;50.98394;FS7450;Genk - Terril Winterslag;Genk;Genk;Limburg;Site;J;Goedgekeurd op basis van bewijsmateriaal;1980-01-01;3;;15;Dagvlinders;Pieridae;2026-07-08;725;S;vrij algemeen
395714602;395714602;Gele luzernevlinder;Colias hyale;2026-05-01;5;2026-05-01;2;foeragerend;gezien;imago;onbekend;228105.6741869679;186492.43144393712;5.4810791015625;50.98340225219727;FS7450;Genk - Terril Winterslag;Genk;Genk;Limburg;ObsMapp;J;Goedgekeurd op basis van bewijsmateriaal;1980-01-01;3;;3;Dagvlinders;Pieridae;2026-07-08;725;S;vrij algemeen
367049451;367049451;Gele luzernevlinder;Colias hyale;2025-08-06;8;2025-08-06;1;ter plaatse;gezien;imago;onbekend;232753.41365016383;190031.7095919168;5.548058986663818;51.01456832885742;FS7854;D73221 - Terril Klaverberg eo;As;As;Limburg;ObsMapp;J;Goedgekeurd op basis van expertoordeel;1980-01-01;3;;1;Dagvlinders;Pieridae;2026-07-08;725;S;vrij algemeen
367246055;367246055;Gele luzernevlinder;Colias hyale;2025-08-07;8;2025-08-07;1;ter plaatse;gezien;imago;onbekend;210895.26637856947;206973.18114172667;5.239428997039795;51.169551849365234;FS5671;Balen - De Most;Balen;Balen;Antwerpen;ObsMapp;J;Goedgekeurd op basis van expertoordeel;1980-01-01;3;;2;Dagvlinders;Pieridae;2026-07-08;725;S;vrij algemeen
372593145;372593145;Gele luzernevlinder;Colias hyale;2025-09-12;9;2025-09-12;1;ter plaatse;onbekend;imago;onbekend;203764.2258299742;183163.8053144524;5.13396683789324;50.95625126476016;FS4947;Schulensbroek - Binnenbekken West;Herk-de-Stad;Schulen;Limburg;Site;J;Goedgekeurd op basis van bewijsmateriaal;1980-01-01;3;;30;Dagvlinders;Pieridae;2026-07-08;725;S;vrij algemeen
285944312;285944312;Gele luzernevlinder;Colias hyale;2023-08-27;8;2023-08-27;1;ter plaatse;onbekend;imago;onbekend;188161.4257036925;187974.12775840983;4.912407398078358;51.00072782200839;FS3451;Langdorp - Demerdonken;Aarschot;Langdorp;Vlaams-Brabant;Site;J;Goedgekeurd op basis van bewijsmateriaal;1980-01-01;3;;7;Dagvlinders;Pieridae;2026-07-08;725;S;vrij algemeen
286567857;286567857;Gele luzernevlinder;Colias hyale;2023-09-01;9;2023-09-01;1;ter plaatse;onbekend;imago;onbekend;185400.87685093892;209359.2196221277;4.875162000000046;51.193125;FS3172;Olen - Olensbroek Centrum;Olen;Olen;Antwerpen;copied observation;J;Goedgekeurd op basis van bewijsmateriaal;1980-01-01;3;;7;Dagvlinders;Pieridae;2026-07-08;725;S;vrij algemeen
286850032;286850032;Gele luzernevlinder;Colias hyale;2023-09-03;9;2023-09-04;1;ter plaatse;onbekend;imago;onbekend;198417.53843192727;217759.08747367372;5.062478000000056;51.267677;FS4381;  ;Retie;Retie;Antwerpen;copied observation;J;Goedgekeurd op basis van bewijsmateriaal;1980-01-01;3;;3;Dagvlinders;Pieridae;2026-07-08;725;S;vrij algemeen
