wn_id;unieke_id;naam_nl;naam_lat;datum;maand;invoerdatum;aantal;gedrag;methode;kleed;geslacht;x;y;lon;lat;utm1;gebied;gemeente;deelgemeente;provincie;typewaarneming;zeker;status;embargo_datum;toestemming_wnr;bijzonderheden;precisie;soortgroep;familie;aanleverdatum;id_species;id_species_type;zeldzaamheid
215159363;215159363;Speerwaterjuffer;Coenagrion hastulatum;2021-05-29;5;2021-05-29;1;ter plaatse;gezien;imago;onbekend;224308.47712333727;190823.6279476108;5.42789;51.022831;FS7055;Houthalen-Helchteren - Huttebeek;Houthalen-Helchteren;Houthalen;Limburg;ObsMapp;J;Goedgekeurd op basis van bewijsmateriaal;2007-01-01;3;;25;Libellen;Coenagrionidae;2026-07-08;591;S;zeer zeldzaam
215159362;215159362;Speerwaterjuffer;Coenagrion hastulatum;2021-05-29;5;2021-05-29;1;ter plaatse;gezien;imago;onbekend;224307.5524088248;190824.5048123412;5.427877;51.022839;FS7055;Houthalen-Helchteren - Huttebeek;Houthalen-Helchteren;Houthalen;Limburg;ObsMapp;J;Goedgekeurd op basis van bewijsmateriaal;2007-01-01;3;;25;Libellen;Coenagrionidae;2026-07-08;591;S;zeer zeldzaam
312209863;312209863;Speerwaterjuffer;Coenagrion hastulatum;2024-05-23;5;2024-05-30;2;in copula;gezien;imago;onbekend;224219.0294540681;190997.2070829235;5.426650524139404;51.0244026184082;FS7055;Houthalen-Helchteren - Huttebeek;Houthalen-Helchteren;Houthalen;Limburg;Observation;J;Goedgekeurd op basis van expertoordeel;1980-01-01;3;;5;Libellen;Coenagrionidae;2026-07-08;591;S;zeer zeldzaam
215603062;215603062;Speerwaterjuffer;Coenagrion hastulatum;2021-06-01;6;2021-06-01;1;ter plaatse;gezien;imago;Man;225338.3131596992;188364.50891333816;5.44205951690674;51.0005950927734;FS7152;Zonhoven - Teut;Zonhoven;Zonhoven;Limburg;ObsMapp;J;Goedgekeurd op basis van expertoordeel;2007-01-01;3;;3;Libellen;Coenagrionidae;2026-07-08;591;S;zeer zeldzaam
215603060;215603060;Speerwaterjuffer;Coenagrion hastulatum;2021-06-01;6;2021-06-01;1;in copula;gezien;imago;onbekend;225330.2611465516;188400.46761590336;5.44195222854614;51.000919342041;FS7152;Zonhoven - Teut;Zonhoven;Zonhoven;Limburg;ObsMapp;J;Goedgekeurd op basis van expertoordeel;2007-01-01;3;;3;Libellen;Coenagrionidae;2026-07-08;591;S;zeer zeldzaam
215603059;215603059;Speerwaterjuffer;Coenagrion hastulatum;2021-06-01;6;2021-06-01;2;ter plaatse;gezien;imago;Man;225329.7591269299;188400.4603549298;5.44194507598877;51.000919342041;FS7152;Zonhoven - Teut;Zonhoven;Zonhoven;Limburg;ObsMapp;J;Goedgekeurd op basis van expertoordeel;2007-01-01;3;;3;Libellen;Coenagrionidae;2026-07-08;591;S;zeer zeldzaam
215603058;215603058;Speerwaterjuffer;Coenagrion hastulatum;2021-06-01;6;2021-06-01;1;ter plaatse;gezien;imago;Man;225325.6693272635;188405.4941690685;5.44188785552979;51.0009651184082;FS7152;Zonhoven - Teut;Zonhoven;Zonhoven;Limburg;ObsMapp;J;Goedgekeurd op basis van expertoordeel;2007-01-01;3;;2;Libellen;Coenagrionidae;2026-07-08;591;S;zeer zeldzaam
215603055;215603055;Speerwaterjuffer;Coenagrion hastulatum;2021-06-01;6;2021-06-01;2;ter plaatse;gezien;imago;Man;225321.0022248063;188404.15343090985;5.44182109832764;51.0009536743164;FS7152;Zonhoven - Teut;Zonhoven;Zonhoven;Limburg;ObsMapp;J;Goedgekeurd op basis van expertoordeel;2007-01-01;3;;2;Libellen;Coenagrionidae;2026-07-08;591;S;zeer zeldzaam
215603052;215603052;Speerwaterjuffer;Coenagrion hastulatum;2021-06-01;6;2021-06-01;1;ter plaatse;gezien;imago;Man;225298.7983144055;188346.9609328816;5.44149303436279;51.0004425048828;FS7152;Zonhoven - Teut;Zonhoven;Zonhoven;Limburg;ObsMapp;J;Goedgekeurd op basis van expertoordeel;2007-01-01;3;;3;Libellen;Coenagrionidae;2026-07-08;591;S;zeer zeldzaam
192581637;192581637;Speerwaterjuffer;Coenagrion hastulatum;2020-05-27;5;2020-05-27;1;ter plaatse;gezien;imago;onbekend;223315.93174877687;188375.54227707532;5.41325378417969;51.0009536743164;FS6952;Zonhoven - Teut;Zonhoven;Zonhoven;Limburg;ObsMapp;J;Goedgekeurd op basis van expertoordeel;2007-01-01;3;;25;Libellen;Coenagrionidae;2026-07-08;591;S;zeer zeldzaam
192581638;192581638;Speerwaterjuffer;Coenagrion hastulatum;2020-05-27;5;2020-05-27;1;in copula;gezien;imago;onbekend;223315.8648125072;188375.5413348144;5.41325283050537;51.0009536743164;FS6952;Zonhoven - Teut;Zonhoven;Zonhoven;Limburg;ObsMapp;J;Goedgekeurd op basis van expertoordeel;2007-01-01;3;;25;Libellen;Coenagrionidae;2026-07-08;591;S;zeer zeldzaam
312209910;312209910;Speerwaterjuffer;Coenagrion hastulatum;2024-05-23;5;2024-05-30;1;ter plaatse;gezien;imago;Man;224228.05421534955;190983.75445561763;5.42677640914917;51.0242805480957;FS7055;Houthalen-Helchteren - Huttebeek;Houthalen-Helchteren;Houthalen;Limburg;Observation;J;Goedgekeurd op basis van expertoordeel;1980-01-01;3;;5;Libellen;Coenagrionidae;2026-07-08;591;S;zeer zeldzaam
312209859;312209859;Speerwaterjuffer;Coenagrion hastulatum;2024-05-23;5;2024-05-30;1;ter plaatse;gezien;imago;Man;224216.57896910363;191004.8116300348;5.42661714553833;51.02447128295898;FS7055;Houthalen-Helchteren - Huttebeek;Houthalen-Helchteren;Houthalen;Limburg;Observation;J;Goedgekeurd op basis van expertoordeel;1980-01-01;3;;5;Libellen;Coenagrionidae;2026-07-08;591;S;zeer zeldzaam
312209949;312209949;Speerwaterjuffer;Coenagrion hastulatum;2024-05-23;5;2024-05-30;2;in copula;gezien;imago;Man;224223.81263983628;190992.60670749005;5.426717758178711;51.02436065673828;FS7055;Houthalen-Helchteren - Huttebeek;Houthalen-Helchteren;Houthalen;Limburg;Observation;J;Goedgekeurd op basis van expertoordeel;1980-01-01;3;Meetnet speerwaterjuffer. Zonnig maar de dag was bewolkt en speertjes nog vooral in de kant ipv boven het water.;5;Libellen;Coenagrionidae;2026-07-08;591;S;zeer zeldzaam
192581677;192581677;Speerwaterjuffer;Coenagrion hastulatum;2020-05-27;5;2020-05-27;1;in copula;gezien;imago;onbekend;223420.039416909;188541.6805639658;5.41477012634277;51.0024337768555;FS6952;Zonhoven - Teut;Zonhoven;Zonhoven;Limburg;ObsMapp;J;Goedgekeurd op basis van expertoordeel;2007-01-01;3;;25;Libellen;Coenagrionidae;2026-07-08;591;S;zeer zeldzaam
192581678;192581678;Speerwaterjuffer;Coenagrion hastulatum;2020-05-27;5;2020-05-27;51;ter plaatse;gezien;imago;onbekend;224362.07285191776;190804.44161676243;5.42864990234375;51.0226516723633;FS7055;Houthalen-Helchteren - Huttebeek;Houthalen-Helchteren;Houthalen;Limburg;ObsMapp;J;Goedgekeurd op basis van expertoordeel;2007-01-01;3;;25;Libellen;Coenagrionidae;2026-07-08;591;S;zeer zeldzaam
192581679;192581679;Speerwaterjuffer;Coenagrion hastulatum;2020-05-27;5;2020-05-27;13;in copula;gezien;imago;onbekend;224362.07285191776;190804.44161676243;5.42864990234375;51.0226516723633;FS7055;Houthalen-Helchteren - Huttebeek;Houthalen-Helchteren;Houthalen;Limburg;ObsMapp;J;Goedgekeurd op basis van expertoordeel;2007-01-01;3;;25;Libellen;Coenagrionidae;2026-07-08;591;S;zeer zeldzaam
192581683;192581683;Speerwaterjuffer;Coenagrion hastulatum;2020-05-27;5;2020-05-27;1;ter plaatse;gezien;imago;Man;224313.17473816825;190810.10960138217;5.42795419692993;51.0227088928223;FS7055;Houthalen-Helchteren - Huttebeek;Houthalen-Helchteren;Houthalen;Limburg;ObsMapp;J;Goedgekeurd op basis van expertoordeel;2007-01-01;3;;25;Libellen;Coenagrionidae;2026-07-08;591;S;zeer zeldzaam
192581690;192581690;Speerwaterjuffer;Coenagrion hastulatum;2020-05-27;5;2020-05-27;2;ter plaatse;gezien;imago;Man;224334.33489476217;190809.1384589495;5.42825555801392;51.0226974487305;FS7055;Houthalen-Helchteren - Huttebeek;Houthalen-Helchteren;Houthalen;Limburg;ObsMapp;J;Goedgekeurd op basis van expertoordeel;2007-01-01;3;;25;Libellen;Coenagrionidae;2026-07-08;591;S;zeer zeldzaam
192581695;192581695;Speerwaterjuffer;Coenagrion hastulatum;2020-05-27;5;2020-05-27;1;in copula;gezien;imago;onbekend;224346.9489081333;190797.43495148327;5.42843294143677;51.022590637207;FS7055;Houthalen-Helchteren - Huttebeek;Houthalen-Helchteren;Houthalen;Limburg;ObsMapp;J;Goedgekeurd op basis van expertoordeel;2007-01-01;3;;25;Libellen;Coenagrionidae;2026-07-08;591;S;zeer zeldzaam
312209952;312209952;Speerwaterjuffer;Coenagrion hastulatum;2024-05-23;5;2024-05-30;1;in copula;gezien;imago;Man;224225.0535385664;190994.74647977485;5.426735877990723;51.02437973022461;FS7055;Houthalen-Helchteren - Huttebeek;Houthalen-Helchteren;Houthalen;Limburg;Observation;J;Goedgekeurd op basis van expertoordeel;1980-01-01;3;;5;Libellen;Coenagrionidae;2026-07-08;591;S;zeer zeldzaam
312209975;312209975;Speerwaterjuffer;Coenagrion hastulatum;2024-05-23;5;2024-05-30;3;in copula;gezien;imago;Man;224225.33644927896;190996.02376107316;5.4267401695251465;51.024391174316406;FS7055;Houthalen-Helchteren - Huttebeek;Houthalen-Helchteren;Houthalen;Limburg;Observation;J;Goedgekeurd op basis van expertoordeel;1980-01-01;3;;5;Libellen;Coenagrionidae;2026-07-08;591;S;zeer zeldzaam
192581696;192581696;Speerwaterjuffer;Coenagrion hastulatum;2020-05-27;5;2020-05-27;2;ter plaatse;gezien;imago;Man;224346.9489081333;190797.43495148327;5.42843294143677;51.022590637207;FS7055;Houthalen-Helchteren - Huttebeek;Houthalen-Helchteren;Houthalen;Limburg;ObsMapp;J;Goedgekeurd op basis van expertoordeel;2007-01-01;3;;25;Libellen;Coenagrionidae;2026-07-08;591;S;zeer zeldzaam
312209843;312209843;Speerwaterjuffer;Coenagrion hastulatum;2024-05-23;5;2024-05-30;1;ter plaatse;gezien;imago;Man;224187.9870294936;191001.43316269663;5.426208972930908;51.024444580078125;FS7055;Houthalen-Helchteren - Huttebeek;Houthalen-Helchteren;Houthalen;Limburg;Observation;J;Goedgekeurd op basis van expertoordeel;1980-01-01;3;;5;Libellen;Coenagrionidae;2026-07-08;591;S;zeer zeldzaam
312209779;312209779;Speerwaterjuffer;Coenagrion hastulatum;2024-05-23;5;2024-05-30;3;ter plaatse;gezien;imago;onbekend;224168.90893920144;190980.7893513665;5.425932884216309;51.024261474609375;FS7055;Houthalen-Helchteren - Huttebeek;Houthalen-Helchteren;Houthalen;Limburg;Observation;J;Goedgekeurd op basis van expertoordeel;1980-01-01;3;;5;Libellen;Coenagrionidae;2026-07-08;591;S;zeer zeldzaam
312209765;312209765;Speerwaterjuffer;Coenagrion hastulatum;2024-05-23;5;2024-05-30;1;ter plaatse;gezien;imago;onbekend;224180.2985059556;190991.56203322392;5.426097393035889;51.024356842041016;FS7055;Houthalen-Helchteren - Huttebeek;Houthalen-Helchteren;Houthalen;Limburg;Observation;J;Goedgekeurd op basis van expertoordeel;1980-01-01;3;;5;Libellen;Coenagrionidae;2026-07-08;591;S;zeer zeldzaam
192581704;192581704;Speerwaterjuffer;Coenagrion hastulatum;2020-05-27;5;2020-05-27;3;ter plaatse;gezien;imago;Man;224333.82337796723;190798.0963475313;5.42824602127075;51.0225982666016;FS7055;Houthalen-Helchteren - Huttebeek;Houthalen-Helchteren;Houthalen;Limburg;ObsMapp;J;Goedgekeurd op basis van expertoordeel;2007-01-01;3;;25;Libellen;Coenagrionidae;2026-07-08;591;S;zeer zeldzaam
192581705;192581705;Speerwaterjuffer;Coenagrion hastulatum;2020-05-27;5;2020-05-27;2;in copula;gezien;imago;onbekend;224333.82337796723;190798.0963475313;5.42824602127075;51.0225982666016;FS7055;Houthalen-Helchteren - Huttebeek;Houthalen-Helchteren;Houthalen;Limburg;ObsMapp;J;Goedgekeurd op basis van expertoordeel;2007-01-01;3;;25;Libellen;Coenagrionidae;2026-07-08;591;S;zeer zeldzaam
192570030;192570030;Speerwaterjuffer;Coenagrion hastulatum;2020-05-27;5;2020-05-27;1;ter plaatse;onbekend;onbekend;Man;223564.1235919537;190291.4466352947;5.41717481613159;51.0181427001953;FS6954;Houthalen - Tenhaagdoornheide;Houthalen-Helchteren;Houthalen;Limburg;Meetnetten.be;J;Goedgekeurd op basis van expertoordeel;2021-05-26;3;meetnetten.be: levensfase: adult_ activiteit: ter plaatse;10;Libellen;Coenagrionidae;2026-07-08;591;S;zeer zeldzaam
244748713;244748713;Speerwaterjuffer;Coenagrion hastulatum;2022-06-02;6;2022-06-09;1;ter plaatse;onbekend;imago;Man;223420.88250539667;188417.76423707604;5.4147572517395;51.0013198852539;FS6952;Zonhoven - Teut;Zonhoven;Zonhoven;Limburg;Meetnetten.be;J;Goedgekeurd op basis van expertoordeel;2023-06-01;3;meetnetten.be: levensfase: imago_ activiteit: ter plaatse;10;Libellen;Coenagrionidae;2026-07-08;591;S;zeer zeldzaam
313818349;313818349;Speerwaterjuffer;Coenagrion hastulatum;2024-06-06;6;2024-06-09;1;ter plaatse;gezien;imago;onbekend;224226.6079462304;191000.71046485752;5.426759243011475;51.02443313598633;FS7055;Houthalen-Helchteren - Huttebeek;Houthalen-Helchteren;Houthalen;Limburg;ObsMapp;J;Goedgekeurd op basis van expertoordeel;2025-06-06;3;;3;Libellen;Coenagrionidae;2026-07-08;591;S;zeer zeldzaam
243930660;243930660;Speerwaterjuffer;Coenagrion hastulatum;2022-06-02;6;2022-06-02;1;ter plaatse;gezien;imago;Man;223598.9278901238;188621.87289989088;5.41733455657959;51.0031318664551;FS6952;Zonhoven - Teut;Zonhoven;Zonhoven;Limburg;ObsMapp;J;Goedgekeurd op basis van expertoordeel;2007-01-01;3;;3;Libellen;Coenagrionidae;2026-07-08;591;S;zeer zeldzaam
313818351;313818351;Speerwaterjuffer;Coenagrion hastulatum;2024-06-06;6;2024-06-09;1;ter plaatse;gezien;imago;Man;224226.4221909968;190997.312489802;5.426755905151367;51.0244026184082;FS7055;Houthalen-Helchteren - Huttebeek;Houthalen-Helchteren;Houthalen;Limburg;ObsMapp;J;Goedgekeurd op basis van expertoordeel;2025-06-06;3;;3;Libellen;Coenagrionidae;2026-07-08;591;S;zeer zeldzaam
192581709;192581709;Speerwaterjuffer;Coenagrion hastulatum;2020-05-27;5;2020-05-27;3;ter plaatse;gezien;imago;Man;223559.39839774533;190282.46717461105;5.41710567474365;51.0180625915527;FS6954;Houthalen - Tenhaagdoornheide;Houthalen-Helchteren;Houthalen;Limburg;ObsMapp;J;Goedgekeurd op basis van expertoordeel;2007-01-01;3;;25;Libellen;Coenagrionidae;2026-07-08;591;S;zeer zeldzaam
356016397;356016397;Speerwaterjuffer;Coenagrion hastulatum;2025-06-12;6;2025-06-12;1;ter plaatse;gezien;imago;Man;224224.6706228562;190998.1363462908;5.426731109619141;51.024410247802734;FS7055;Houthalen-Helchteren - Huttebeek;Houthalen-Helchteren;Houthalen;Limburg;ObsMapp;J;Goedgekeurd op basis van expertoordeel;2026-06-12;3;;2;Libellen;Coenagrionidae;2026-07-08;591;S;zeer zeldzaam
313818554;313818554;Speerwaterjuffer;Coenagrion hastulatum;2024-06-06;6;2024-06-09;1;ter plaatse;gezien;imago;Man;224160.91364684905;190976.00686958432;5.425817966461182;51.02421951293945;FS7055;Houthalen-Helchteren - Huttebeek;Houthalen-Helchteren;Houthalen;Limburg;ObsMapp;J;Goedgekeurd op basis van expertoordeel;2025-07-09;3;;3;Libellen;Coenagrionidae;2026-07-08;591;S;zeer zeldzaam
356016392;356016392;Speerwaterjuffer;Coenagrion hastulatum;2025-06-12;6;2025-06-12;1;ter plaatse;gezien;imago;Man;224225.4642041207;190996.44999848303;5.426742076873779;51.02439498901367;FS7055;Houthalen-Helchteren - Huttebeek;Houthalen-Helchteren;Houthalen;Limburg;ObsMapp;J;Goedgekeurd op basis van expertoordeel;2026-06-12;3;;2;Libellen;Coenagrionidae;2026-07-08;591;S;zeer zeldzaam
356016376;356016376;Speerwaterjuffer;Coenagrion hastulatum;2025-06-12;6;2025-06-12;1;ter plaatse;gezien;imago;Man;224225.8617241082;190984.99644034915;5.426745414733887;51.0242919921875;FS7055;Houthalen-Helchteren - Huttebeek;Houthalen-Helchteren;Houthalen;Limburg;ObsMapp;J;Goedgekeurd op basis van expertoordeel;2026-06-12;3;;7;Libellen;Coenagrionidae;2026-07-08;591;S;zeer zeldzaam
215976615;215976615;Speerwaterjuffer;Coenagrion hastulatum;2021-06-01;6;2021-06-05;1;ter plaatse;onbekend;imago;Man;223562.24550259145;188578.9134351248;5.41680335998535;51.0027503967285;FS6952;Zonhoven - Teut;Zonhoven;Zonhoven;Limburg;ObsMapp;J;Goedgekeurd op basis van expertoordeel;2007-01-01;4;;4;Libellen;Coenagrionidae;2026-07-08;591;S;zeer zeldzaam
215976614;215976614:2206954;Speerwaterjuffer;Coenagrion hastulatum;2021-06-01;6;2021-06-05;1;tandem;onbekend;imago;Vrouw;223562.34590307795;188578.91485326272;5.41680479049683;51.0027503967285;FS6952;Zonhoven - Teut;Zonhoven;Zonhoven;Limburg;ObsMapp;J;Goedgekeurd op basis van expertoordeel;2007-01-01;4;;4;Libellen;Coenagrionidae;2026-07-08;591;S;zeer zeldzaam
215976614;215976614:2206953;Speerwaterjuffer;Coenagrion hastulatum;2021-06-01;6;2021-06-05;1;tandem;onbekend;imago;Man;223562.34590307795;188578.91485326272;5.41680479049683;51.0027503967285;FS6952;Zonhoven - Teut;Zonhoven;Zonhoven;Limburg;ObsMapp;J;Goedgekeurd op basis van expertoordeel;2007-01-01;4;;4;Libellen;Coenagrionidae;2026-07-08;591;S;zeer zeldzaam
215976613;215976613;Speerwaterjuffer;Coenagrion hastulatum;2021-06-01;6;2021-06-05;1;ter plaatse;onbekend;imago;Man;223562.1176288075;188578.48721696995;5.41680145263672;51.0027465820313;FS6952;Zonhoven - Teut;Zonhoven;Zonhoven;Limburg;ObsMapp;J;Goedgekeurd op basis van expertoordeel;2007-01-01;4;;4;Libellen;Coenagrionidae;2026-07-08;591;S;zeer zeldzaam
312209742;312209742;Speerwaterjuffer;Coenagrion hastulatum;2024-05-23;5;2024-05-30;1;ter plaatse;gezien;imago;onbekend;224215.05231069704;191003.94103309236;5.426595211029053;51.02446365356445;FS7055;Houthalen-Helchteren - Huttebeek;Houthalen-Helchteren;Houthalen;Limburg;Observation;J;Goedgekeurd op basis van expertoordeel;1980-01-01;3;;5;Libellen;Coenagrionidae;2026-07-08;591;S;zeer zeldzaam
312209722;312209722;Speerwaterjuffer;Coenagrion hastulatum;2024-05-23;5;2024-05-30;2;ter plaatse;gezien;imago;Man;224219.9966933747;190999.76736812943;5.42666482925415;51.0244255065918;FS7055;Houthalen-Helchteren - Huttebeek;Houthalen-Helchteren;Houthalen;Limburg;Observation;J;Goedgekeurd op basis van expertoordeel;1980-01-01;3;;5;Libellen;Coenagrionidae;2026-07-08;591;S;zeer zeldzaam
215976611;215976611;Speerwaterjuffer;Coenagrion hastulatum;2021-06-01;6;2021-06-05;1;ter plaatse;onbekend;imago;Man;223562.26348321655;188577.64045318772;5.41680335998535;51.0027389526367;FS6952;Zonhoven - Teut;Zonhoven;Zonhoven;Limburg;ObsMapp;J;Goedgekeurd op basis van expertoordeel;2007-01-01;4;;4;Libellen;Coenagrionidae;2026-07-08;591;S;zeer zeldzaam
215976608;215976608:2206948;Speerwaterjuffer;Coenagrion hastulatum;2021-06-01;6;2021-06-05;1;tandem;onbekend;imago;Vrouw;223564.92884263885;188578.5269255117;5.41684150695801;51.0027465820313;FS6952;Zonhoven - Teut;Zonhoven;Zonhoven;Limburg;ObsMapp;J;Goedgekeurd op basis van expertoordeel;2007-01-01;4;;4;Libellen;Coenagrionidae;2026-07-08;591;S;zeer zeldzaam
215976608;215976608:2206947;Speerwaterjuffer;Coenagrion hastulatum;2021-06-01;6;2021-06-05;1;tandem;onbekend;imago;Man;223564.92884263885;188578.5269255117;5.41684150695801;51.0027465820313;FS6952;Zonhoven - Teut;Zonhoven;Zonhoven;Limburg;ObsMapp;J;Goedgekeurd op basis van expertoordeel;2007-01-01;4;;4;Libellen;Coenagrionidae;2026-07-08;591;S;zeer zeldzaam
215976601;215976601;Speerwaterjuffer;Coenagrion hastulatum;2021-06-01;6;2021-06-05;1;ter plaatse;onbekend;imago;Man;223564.92634689552;188581.07336209808;5.41684198379517;51.0027694702148;FS6952;Zonhoven - Teut;Zonhoven;Zonhoven;Limburg;ObsMapp;J;Goedgekeurd op basis van expertoordeel;2007-01-01;4;;4;Libellen;Coenagrionidae;2026-07-08;591;S;zeer zeldzaam
215976595;215976595;Speerwaterjuffer;Coenagrion hastulatum;2021-06-01;6;2021-06-05;1;ter plaatse;onbekend;imago;Man;223583.37703277115;188587.70019678585;5.41710615158081;51.0028266906738;FS6952;Zonhoven - Teut;Zonhoven;Zonhoven;Limburg;ObsMapp;J;Goedgekeurd op basis van expertoordeel;2007-01-01;4;;4;Libellen;Coenagrionidae;2026-07-08;591;S;zeer zeldzaam
215976594;215976594;Speerwaterjuffer;Coenagrion hastulatum;2021-06-01;6;2021-06-05;1;ter plaatse;onbekend;imago;Man;223584.8375799645;188588.5696569188;5.41712713241577;51.0028343200684;FS6952;Zonhoven - Teut;Zonhoven;Zonhoven;Limburg;ObsMapp;J;Goedgekeurd op basis van expertoordeel;2007-01-01;4;;4;Libellen;Coenagrionidae;2026-07-08;591;S;zeer zeldzaam
215976587;215976587;Speerwaterjuffer;Coenagrion hastulatum;2021-06-01;6;2021-06-05;1;ter plaatse;onbekend;imago;Man;223426.86694418135;188605.8630024111;5.41488027572632;51.0030097961426;FS6952;Zonhoven - Teut;Zonhoven;Zonhoven;Limburg;ObsMapp;J;Goedgekeurd op basis van expertoordeel;2007-01-01;4;;2;Libellen;Coenagrionidae;2026-07-08;591;S;zeer zeldzaam
243930658;243930658;Speerwaterjuffer;Coenagrion hastulatum;2022-06-02;6;2022-06-02;1;ter plaatse;gezien;imago;Man;223600.20213264995;188619.3444351964;5.41735219955444;51.0031089782715;FS6952;Zonhoven - Teut;Zonhoven;Zonhoven;Limburg;ObsMapp;J;Goedgekeurd op basis van expertoordeel;2007-01-01;3;;3;Libellen;Coenagrionidae;2026-07-08;591;S;zeer zeldzaam
243930657;243930657;Speerwaterjuffer;Coenagrion hastulatum;2022-06-02;6;2022-06-02;1;ter plaatse;gezien;imago;Man;223599.84599368772;188618.49057805815;5.4173469543457;51.003101348877;FS6952;Zonhoven - Teut;Zonhoven;Zonhoven;Limburg;ObsMapp;J;Goedgekeurd op basis van expertoordeel;2007-01-01;3;;3;Libellen;Coenagrionidae;2026-07-08;591;S;zeer zeldzaam
215976586;215976586;Speerwaterjuffer;Coenagrion hastulatum;2021-06-01;6;2021-06-05;2;ter plaatse;onbekend;imago;Man;223433.79380856408;188577.5250748368;5.41497325897217;51.0027542114258;FS6952;Zonhoven - Teut;Zonhoven;Zonhoven;Limburg;ObsMapp;J;Goedgekeurd op basis van expertoordeel;2007-01-01;4;;4;Libellen;Coenagrionidae;2026-07-08;591;S;zeer zeldzaam
215976583;215976583;Speerwaterjuffer;Coenagrion hastulatum;2021-06-01;6;2021-06-05;3;ter plaatse;onbekend;onbekend;Man;223429.00580241563;188568.12050553225;5.41490316390991;51.0026702880859;FS6952;Zonhoven - Teut;Zonhoven;Zonhoven;Limburg;ObsMapp;J;Goedgekeurd op basis van expertoordeel;2007-01-01;4;;4;Libellen;Coenagrionidae;2026-07-08;591;S;zeer zeldzaam
215976580;215976580:2206942;Speerwaterjuffer;Coenagrion hastulatum;2021-06-01;6;2021-06-05;1;tandem;onbekend;imago;Vrouw;223417.5614120365;188560.74416081797;5.41473865509033;51.0026054382324;FS6952;Zonhoven - Teut;Zonhoven;Zonhoven;Limburg;ObsMapp;J;Goedgekeurd op basis van expertoordeel;2007-01-01;4;;3;Libellen;Coenagrionidae;2026-07-08;591;S;zeer zeldzaam
215976580;215976580:2206941;Speerwaterjuffer;Coenagrion hastulatum;2021-06-01;6;2021-06-05;1;tandem;onbekend;imago;Man;223417.5614120365;188560.74416081797;5.41473865509033;51.0026054382324;FS6952;Zonhoven - Teut;Zonhoven;Zonhoven;Limburg;ObsMapp;J;Goedgekeurd op basis van expertoordeel;2007-01-01;4;;3;Libellen;Coenagrionidae;2026-07-08;591;S;zeer zeldzaam
215976579;215976579;Speerwaterjuffer;Coenagrion hastulatum;2021-06-01;6;2021-06-05;1;ter plaatse;onbekend;imago;Man;223417.46101120068;188560.7427454684;5.41473722457886;51.0026054382324;FS6952;Zonhoven - Teut;Zonhoven;Zonhoven;Limburg;ObsMapp;J;Goedgekeurd op basis van expertoordeel;2007-01-01;4;;3;Libellen;Coenagrionidae;2026-07-08;591;S;zeer zeldzaam
215976578;215976578;Speerwaterjuffer;Coenagrion hastulatum;2021-06-01;6;2021-06-05;2;ter plaatse;onbekend;imago;Man;223415.27013746023;188559.4386258917;5.41470575332642;51.0025939941406;FS6952;Zonhoven - Teut;Zonhoven;Zonhoven;Limburg;ObsMapp;J;Goedgekeurd op basis van expertoordeel;2007-01-01;4;;3;Libellen;Coenagrionidae;2026-07-08;591;S;zeer zeldzaam
215498399;215498399;Speerwaterjuffer;Coenagrion hastulatum;2021-05-30;5;2021-05-31;5;ter plaatse;gezien;imago;Man;223514.4892982724;188519.4759811731;5.41611111111111;51.0022222222222;FS6952;Zonhoven - Teut;Zonhoven;Zonhoven;Limburg;ObsMapp;J;Goedgekeurd op basis van bewijsmateriaal;2007-01-01;4;;999;Libellen;Coenagrionidae;2026-07-08;591;S;zeer zeldzaam
215976573;215976573;Speerwaterjuffer;Coenagrion hastulatum;2021-06-01;6;2021-06-05;3;ter plaatse;onbekend;imago;Man;225315.82696451823;188403.2297623353;5.44174718856812;51.0009460449219;FS7152;Zonhoven - Teut;Zonhoven;Zonhoven;Limburg;ObsMapp;J;Goedgekeurd op basis van expertoordeel;2007-01-01;4;;2;Libellen;Coenagrionidae;2026-07-08;591;S;zeer zeldzaam
215976571;215976571;Speerwaterjuffer;Coenagrion hastulatum;2021-06-01;6;2021-06-05;1;ter plaatse;onbekend;imago;Man;225333.07859390692;188400.08395325765;5.44199228286743;51.0009155273438;FS7152;Zonhoven - Teut;Zonhoven;Zonhoven;Limburg;ObsMapp;J;Goedgekeurd op basis van expertoordeel;2007-01-01;4;;4;Libellen;Coenagrionidae;2026-07-08;591;S;zeer zeldzaam
215976566;215976566;Speerwaterjuffer;Coenagrion hastulatum;2021-06-01;6;2021-06-05;1;ter plaatse;onbekend;imago;Man;225296.61340082268;188349.9002408879;5.44146251678467;51.0004692077637;FS7152;Zonhoven - Teut;Zonhoven;Zonhoven;Limburg;ObsMapp;J;Goedgekeurd op basis van expertoordeel;2007-01-01;4;;2;Libellen;Coenagrionidae;2026-07-08;591;S;zeer zeldzaam
215732282;215732282;Speerwaterjuffer;Coenagrion hastulatum;2021-05-29;5;2021-06-03;1;ter plaatse;gezien;imago;Man;224309.06642362004;190823.6363594057;5.4278984;51.022831;FS7055;Houthalen-Helchteren - Huttebeek;Houthalen-Helchteren;Houthalen;Limburg;Site;J;Goedgekeurd op basis van bewijsmateriaal;1980-01-01;4;;15;Libellen;Coenagrionidae;2026-07-08;591;S;zeer zeldzaam
215247569;215247569;Speerwaterjuffer;Coenagrion hastulatum;2021-05-29;5;2021-05-29;1;ter plaatse;gezien;imago;Man;224306.38229986915;190827.82585099436;5.427861;51.022869;FS7055;Houthalen-Helchteren - Huttebeek;Houthalen-Helchteren;Houthalen;Limburg;ObsMapp;J;Goedgekeurd op basis van bewijsmateriaal;2007-01-01;4;;3;Libellen;Coenagrionidae;2026-07-08;591;S;zeer zeldzaam
243930642;243930642;Speerwaterjuffer;Coenagrion hastulatum;2022-06-02;6;2022-06-02;1;ter plaatse;gezien;imago;Man;223445.56483088044;188628.19607375652;5.41515111923218;51.0032081604004;FS6952;Zonhoven - Teut;Zonhoven;Zonhoven;Limburg;ObsMapp;J;Goedgekeurd op basis van expertoordeel;2007-01-01;3;;3;Libellen;Coenagrionidae;2026-07-08;591;S;zeer zeldzaam
243930641;243930641;Speerwaterjuffer;Coenagrion hastulatum;2022-06-02;6;2022-06-02;1;ter plaatse;gezien;imago;onbekend;223423.60792527616;188578.23028587364;5.41482830047607;51.0027618408203;FS6952;Zonhoven - Teut;Zonhoven;Zonhoven;Limburg;ObsMapp;J;Goedgekeurd op basis van expertoordeel;2007-01-01;3;;3;Libellen;Coenagrionidae;2026-07-08;591;S;zeer zeldzaam
309825221;309825221;Speerwaterjuffer;Coenagrion hastulatum;2024-05-13;5;2024-05-16;1;ter plaatse;gezien;imago;Man;223432.1318478305;188460.3639987484;5.414926052093506;51.00170135498047;FS6952;Zonhoven - Teut;Zonhoven;Zonhoven;Limburg;ObsMapp;J;Goedgekeurd op basis van expertoordeel;2025-06-13;4;Meetnetten met Hannes_ Geert en Dirk;4;Libellen;Coenagrionidae;2026-07-08;591;S;zeer zeldzaam
309825204;309825204;Speerwaterjuffer;Coenagrion hastulatum;2024-05-13;5;2024-05-16;1;ter plaatse;gezien;imago;onbekend;223431.6143146927;188459.08346678503;5.414918422698975;51.00168991088867;FS6952;Zonhoven - Teut;Zonhoven;Zonhoven;Limburg;ObsMapp;J;Goedgekeurd op basis van expertoordeel;2025-06-13;4;Meetnetten met Hannes_ Geert en Dirk;4;Libellen;Coenagrionidae;2026-07-08;591;S;zeer zeldzaam
309825130;309825130;Speerwaterjuffer;Coenagrion hastulatum;2024-05-13;5;2024-05-16;1;ter plaatse;gezien;imago;Man;223421.7248738412;188441.11875153423;5.414773941040039;51.00152969360352;FS6952;Zonhoven - Teut;Zonhoven;Zonhoven;Limburg;ObsMapp;J;Goedgekeurd op basis van expertoordeel;2025-06-13;4;Meetnetten met Hannes_ Geert en Dirk;4;Libellen;Coenagrionidae;2026-07-08;591;S;zeer zeldzaam
309824968;309824968;Speerwaterjuffer;Coenagrion hastulatum;2024-05-13;5;2024-05-16;1;ter plaatse;gezien;imago;Man;223410.09032819423;188416.33887349628;5.414603233337402;51.00130844116211;FS6952;Zonhoven - Teut;Zonhoven;Zonhoven;Limburg;ObsMapp;J;Goedgekeurd op basis van expertoordeel;2025-06-13;4;Meetnetten met Hannes_ Geert en Dirk;4;Libellen;Coenagrionidae;2026-07-08;591;S;zeer zeldzaam
309824620;309824620;Speerwaterjuffer;Coenagrion hastulatum;2024-05-13;5;2024-05-16;1;ter plaatse;gezien;imago;Man;223394.24681699224;188413.61884538457;5.414377000000059;51.001286;FS6952;Zonhoven - Teut;Zonhoven;Zonhoven;Limburg;ObsMapp;J;Goedgekeurd op basis van expertoordeel;2025-06-13;4;Meetnetten met Hannes_ Geert en Dirk;4;Libellen;Coenagrionidae;2026-07-08;591;S;zeer zeldzaam
309824530;309824530;Speerwaterjuffer;Coenagrion hastulatum;2024-05-13;5;2024-05-16;1;ter plaatse;gezien;imago;Man;223365.0329848276;188425.88985452612;5.413963317871094;51.00139999389648;FS6952;Zonhoven - Teut;Zonhoven;Zonhoven;Limburg;ObsMapp;J;Goedgekeurd op basis van expertoordeel;2025-06-13;4;Meetnetten met Hannes_ Geert en Dirk;4;Libellen;Coenagrionidae;2026-07-08;591;S;zeer zeldzaam
309824457;309824457;Speerwaterjuffer;Coenagrion hastulatum;2024-05-13;5;2024-05-16;1;ter plaatse;gezien;imago;Man;223385.94649487812;188471.59653776232;5.414270401000977;51.00180816650391;FS6952;Zonhoven - Teut;Zonhoven;Zonhoven;Limburg;ObsMapp;J;Goedgekeurd op basis van expertoordeel;2025-06-11;4;Meetnetten met Hannes_ Geert en Dirk;4;Libellen;Coenagrionidae;2026-07-08;591;S;zeer zeldzaam
309823999;309823999;Speerwaterjuffer;Coenagrion hastulatum;2024-05-13;5;2024-05-16;2;ter plaatse;gezien;imago;Man;223500.83277679;188533.0586956991;5.415919303894043;51.00234603881836;FS6952;Zonhoven - Teut;Zonhoven;Zonhoven;Limburg;ObsMapp;J;Goedgekeurd op basis van expertoordeel;2025-06-11;4;Meetnetten met Hannes_ Geert en Dirk;4;Libellen;Coenagrionidae;2026-07-08;591;S;zeer zeldzaam
309066621;309066621;Speerwaterjuffer;Coenagrion hastulatum;2024-05-10;5;2024-05-11;1;ter plaatse;gezien;imago;Man;224226.14463522148;190986.2737216568;5.426749706268311;51.0243034362793;FS7055;Houthalen-Helchteren - Huttebeek;Houthalen-Helchteren;Houthalen;Limburg;ObsMapp;J;Goedgekeurd op basis van expertoordeel;2027-05-10;4;Meetnetten met Geert en Dirk;4;Libellen;Coenagrionidae;2026-07-08;591;S;zeer zeldzaam
309066550;309066550;Speerwaterjuffer;Coenagrion hastulatum;2024-05-10;5;2024-05-11;1;ter plaatse;gezien;imago;Man;224225.2232972012;190987.533831914;5.426736831665039;51.02431488037109;FS7055;Houthalen-Helchteren - Huttebeek;Houthalen-Helchteren;Houthalen;Limburg;ObsMapp;J;Goedgekeurd op basis van expertoordeel;2027-05-10;4;Meetnetten met Geert en Dirk;4;Libellen;Coenagrionidae;2026-07-08;591;S;zeer zeldzaam
309066498;309066498;Speerwaterjuffer;Coenagrion hastulatum;2024-05-10;5;2024-05-11;3;ter plaatse;gezien;imago;Man;224222.5507401168;190994.2863781676;5.426700115203857;51.024375915527344;FS7055;Houthalen-Helchteren - Huttebeek;Houthalen-Helchteren;Houthalen;Limburg;ObsMapp;J;Goedgekeurd op basis van expertoordeel;2027-05-10;4;Meetnetten met Geert en Dirk;4;Libellen;Coenagrionidae;2026-07-08;591;S;zeer zeldzaam
309066404;309066404;Speerwaterjuffer;Coenagrion hastulatum;2024-05-10;5;2024-05-11;1;ter plaatse;gezien;imago;Man;224222.6813448274;190992.1661614124;5.426701545715332;51.024356842041016;FS7055;Houthalen-Helchteren - Huttebeek;Houthalen-Helchteren;Houthalen;Limburg;ObsMapp;J;Goedgekeurd op basis van expertoordeel;2027-05-10;4;Meetnetten met Geert en Dirk;4;Libellen;Coenagrionidae;2026-07-08;591;S;zeer zeldzaam
309066352;309066352;Speerwaterjuffer;Coenagrion hastulatum;2024-05-10;5;2024-05-11;1;ter plaatse;gezien;imago;Man;224221.2009395326;190999.78453799055;5.426681995391846;51.0244255065918;FS7055;Houthalen-Helchteren - Huttebeek;Houthalen-Helchteren;Houthalen;Limburg;ObsMapp;J;Goedgekeurd op basis van expertoordeel;2027-05-10;4;Meetnetten met Geert en Dirk;4;Libellen;Coenagrionidae;2026-07-08;591;S;zeer zeldzaam
309066241;309066241;Speerwaterjuffer;Coenagrion hastulatum;2024-05-10;5;2024-05-11;1;ter plaatse;gezien;imago;Man;224216.57256324484;191000.56738078225;5.426616191864014;51.02443313598633;FS7055;Houthalen-Helchteren - Huttebeek;Houthalen-Helchteren;Houthalen;Limburg;ObsMapp;J;Goedgekeurd op basis van expertoordeel;2027-05-10;4;Meetnetten met Geert en Dirk;4;Libellen;Coenagrionidae;2026-07-08;591;S;zeer zeldzaam
309066179;309066179;Speerwaterjuffer;Coenagrion hastulatum;2024-05-10;5;2024-05-11;1;ter plaatse;gezien;imago;Man;224215.90353770263;191000.55784253404;5.42660665512085;51.02443313598633;FS7055;Houthalen-Helchteren - Huttebeek;Houthalen-Helchteren;Houthalen;Limburg;ObsMapp;J;Goedgekeurd op basis van expertoordeel;2027-05-10;4;Meetnetten met Geert en Dirk;4;Libellen;Coenagrionidae;2026-07-08;591;S;zeer zeldzaam
309030850;309030850:3430307;Speerwaterjuffer;Coenagrion hastulatum;2024-05-10;5;2024-05-11;1;in copula;gezien;imago;Vrouw;224216.1447481967;191000.1011196589;5.426609999999982;51.024429;FS7055;Houthalen-Helchteren - Huttebeek;Houthalen-Helchteren;Houthalen;Limburg;ObsMapp;J;Goedgekeurd op basis van bewijsmateriaal;2027-05-10;4;Meetnetten met Geert en Dirk;4;Libellen;Coenagrionidae;2026-07-08;591;S;zeer zeldzaam
309030850;309030850:3430306;Speerwaterjuffer;Coenagrion hastulatum;2024-05-10;5;2024-05-11;1;in copula;gezien;imago;Man;224216.1447481967;191000.1011196589;5.426609999999982;51.024429;FS7055;Houthalen-Helchteren - Huttebeek;Houthalen-Helchteren;Houthalen;Limburg;ObsMapp;J;Goedgekeurd op basis van bewijsmateriaal;2027-05-10;4;Meetnetten met Geert en Dirk;4;Libellen;Coenagrionidae;2026-07-08;591;S;zeer zeldzaam
309030558;309030558;Speerwaterjuffer;Coenagrion hastulatum;2024-05-10;5;2024-05-11;4;ter plaatse;gezien;imago;Man;224193.4637159065;191006.23077428248;5.426288;51.024487;FS7055;Houthalen-Helchteren - Huttebeek;Houthalen-Helchteren;Houthalen;Limburg;ObsMapp;J;Goedgekeurd op basis van bewijsmateriaal;2027-05-10;4;Meetnetten met Geert en Dirk;4;Libellen;Coenagrionidae;2026-07-08;591;S;zeer zeldzaam
309026631;309026631;Speerwaterjuffer;Coenagrion hastulatum;2024-05-10;5;2024-05-11;1;ter plaatse;gezien;imago;Man;224349.3368771701;190869.19531364087;5.428481578826904;51.02323532104492;FS7055;Houthalen-Helchteren - Huttebeek;Houthalen-Helchteren;Houthalen;Limburg;ObsMapp;J;Goedgekeurd op basis van expertoordeel;2027-05-10;4;Meetnetten met Geert en Dirk;4;Libellen;Coenagrionidae;2026-07-08;591;S;zeer zeldzaam
192569699;192569699;Speerwaterjuffer;Coenagrion hastulatum;2020-05-27;5;2020-05-27;1;ter plaatse;onbekend;onbekend;Man;224355.7994321249;190873.5317744864;5.42857456207275;51.0232734680176;FS7055;Houthalen-Helchteren - Huttebeek;Houthalen-Helchteren;Houthalen;Limburg;Meetnetten.be;J;Goedgekeurd op basis van expertoordeel;2021-05-26;3;meetnetten.be: levensfase: imago_ activiteit: ter plaatse;10;Libellen;Coenagrionidae;2026-07-08;591;S;zeer zeldzaam
309026385;309026385;Speerwaterjuffer;Coenagrion hastulatum;2024-05-10;5;2024-05-11;1;ter plaatse;gezien;imago;Man;224324.1434780417;190852.7077614898;5.42811918258667;51.02309036254883;FS7055;Houthalen-Helchteren - Huttebeek;Houthalen-Helchteren;Houthalen;Limburg;ObsMapp;J;Goedgekeurd op basis van expertoordeel;2027-05-10;4;Meetnetten met Geert en Dirk;4;Libellen;Coenagrionidae;2026-07-08;591;S;zeer zeldzaam
275214029;275214029;Speerwaterjuffer;Coenagrion hastulatum;2023-06-06;6;2023-06-07;1;ter plaatse;onbekend;imago;Man;223429.3529110434;188455.6562894592;5.41488552093506;51.0016593933105;FS6952;Zonhoven - Teut;Zonhoven;Zonhoven;Limburg;Meetnetten.be;J;Goedgekeurd op basis van expertoordeel;2024-06-04;3;meetnetten.be: life stage: imago_ activity: present;10;Libellen;Coenagrionidae;2026-07-08;591;S;zeer zeldzaam
309026073;309026073;Speerwaterjuffer;Coenagrion hastulatum;2024-05-10;5;2024-05-11;5;ter plaatse;gezien;imago;Man;224304.8412617105;190847.7636421965;5.42784309387207;51.023048400878906;FS7055;Houthalen-Helchteren - Huttebeek;Houthalen-Helchteren;Houthalen;Limburg;ObsMapp;J;Goedgekeurd op basis van expertoordeel;2027-05-10;4;Meetnetten met Geert en Dirk;4;Libellen;Coenagrionidae;2026-07-08;591;S;zeer zeldzaam
309025746;309025746;Speerwaterjuffer;Coenagrion hastulatum;2024-05-10;5;2024-05-11;2;ter plaatse;gezien;imago;Man;224316.38934281628;190812.27756921572;5.428000450134277;51.022727966308594;FS7055;Houthalen-Helchteren - Huttebeek;Houthalen-Helchteren;Houthalen;Limburg;ObsMapp;J;Goedgekeurd op basis van expertoordeel;2027-05-10;4;Meetnetten met Geert en Dirk;4;Libellen;Coenagrionidae;2026-07-08;591;S;zeer zeldzaam
278447602;278447602;Speerwaterjuffer;Coenagrion hastulatum;2023-06-15;6;2023-06-29;1;ter plaatse;gezien;imago;Man;223570.13167499317;188608.30925963636;5.416921615600586;51.00301361083984;FS6952;Zonhoven - Teut;Zonhoven;Zonhoven;Limburg;ObsMapp;J;Goedgekeurd op basis van expertoordeel;1980-01-01;4;;4;Libellen;Coenagrionidae;2026-07-08;591;S;zeer zeldzaam
278447435;278447435;Speerwaterjuffer;Coenagrion hastulatum;2023-06-15;6;2023-06-29;1;ter plaatse;gezien;imago;Man;223533.4055666102;188575.53527283948;5.416391849517822;51.002723693847656;FS6952;Zonhoven - Teut;Zonhoven;Zonhoven;Limburg;ObsMapp;J;Goedgekeurd op basis van expertoordeel;1980-01-01;4;;4;Libellen;Coenagrionidae;2026-07-08;591;S;zeer zeldzaam
245939546;245939546;Speerwaterjuffer;Coenagrion hastulatum;2022-06-16;6;2022-06-18;1;ter plaatse;gezien;imago;Man;223533.43201163155;188571.29152691175;5.41639137268066;51.002685546875;FS6952;Zonhoven - Teut;Zonhoven;Zonhoven;Limburg;ObsMapp;J;Goedgekeurd op basis van expertoordeel;2007-01-01;4;;4;Libellen;Coenagrionidae;2026-07-08;591;S;zeer zeldzaam
245939536;245939536:2624714;Speerwaterjuffer;Coenagrion hastulatum;2022-06-16;6;2022-06-18;1;tandem;gezien;imago;Vrouw;223553.4013113244;188593.6429390721;5.41668033599854;51.0028839111328;FS6952;Zonhoven - Teut;Zonhoven;Zonhoven;Limburg;ObsMapp;J;Goedgekeurd op basis van expertoordeel;2007-01-01;4;;4;Libellen;Coenagrionidae;2026-07-08;591;S;zeer zeldzaam
192570027;192570027;Speerwaterjuffer;Coenagrion hastulatum;2020-05-27;5;2020-05-27;1;ter plaatse;onbekend;onbekend;Man;223563.6731972932;190290.1670289049;5.41716814041138;51.0181312561035;FS6954;Houthalen - Tenhaagdoornheide;Houthalen-Helchteren;Houthalen;Limburg;Meetnetten.be;J;Goedgekeurd op basis van expertoordeel;2021-05-26;3;meetnetten.be: levensfase: adult_ activiteit: ter plaatse;10;Libellen;Coenagrionidae;2026-07-08;591;S;zeer zeldzaam
193643307;193643307:1824301;Speerwaterjuffer;Coenagrion hastulatum;2020-05-27;5;2020-06-09;1;in copula;gezien;imago;Man;223607.26021222587;190308.77832733092;5.417793;51.018293;FS6954;Houthalen - Tenhaagdoornheide;Houthalen-Helchteren;Houthalen;Limburg;Site;J;Goedgekeurd op basis van bewijsmateriaal;1980-01-01;4;;25;Libellen;Coenagrionidae;2026-07-08;591;S;zeer zeldzaam
244748712;244748712;Speerwaterjuffer;Coenagrion hastulatum;2022-06-02;6;2022-06-09;1;ter plaatse;onbekend;imago;Man;223420.81556966985;188417.76329346743;5.41475629806519;51.0013198852539;FS6952;Zonhoven - Teut;Zonhoven;Zonhoven;Limburg;Meetnetten.be;J;Goedgekeurd op basis van expertoordeel;2023-06-01;3;meetnetten.be: levensfase: imago_ activiteit: ter plaatse;10;Libellen;Coenagrionidae;2026-07-08;591;S;zeer zeldzaam
405253245;405253245;Speerwaterjuffer;Coenagrion hastulatum;2026-06-15;6;2026-06-15;1;ter plaatse;gezien;imago;Man;223591.174958956;188627.2570127649;5.417225197333872;51.00318124462933;FS6952;Zonhoven - Teut;Zonhoven;Zonhoven;Limburg;Observation;J;Goedgekeurd op basis van expertoordeel;1980-01-01;3;;2;Libellen;Coenagrionidae;2026-07-08;591;S;zeer zeldzaam
193643307;193643307:1824302;Speerwaterjuffer;Coenagrion hastulatum;2020-05-27;5;2020-06-09;1;in copula;gezien;imago;Vrouw;223607.26021222587;190308.77832733092;5.417793;51.018293;FS6954;Houthalen - Tenhaagdoornheide;Houthalen-Helchteren;Houthalen;Limburg;Site;J;Goedgekeurd op basis van bewijsmateriaal;1980-01-01;4;;25;Libellen;Coenagrionidae;2026-07-08;591;S;zeer zeldzaam
245939536;245939536:2624713;Speerwaterjuffer;Coenagrion hastulatum;2022-06-16;6;2022-06-18;1;tandem;gezien;imago;Man;223553.4013113244;188593.6429390721;5.41668033599854;51.0028839111328;FS6952;Zonhoven - Teut;Zonhoven;Zonhoven;Limburg;ObsMapp;J;Goedgekeurd op basis van expertoordeel;2007-01-01;4;;4;Libellen;Coenagrionidae;2026-07-08;591;S;zeer zeldzaam
245939527;245939527;Speerwaterjuffer;Coenagrion hastulatum;2022-06-16;6;2022-06-18;1;ter plaatse;gezien;imago;Man;223572.43737851843;188606.21977134608;5.41695404052734;51.0029945373535;FS6952;Zonhoven - Teut;Zonhoven;Zonhoven;Limburg;ObsMapp;J;Goedgekeurd op basis van expertoordeel;2007-01-01;4;;4;Libellen;Coenagrionidae;2026-07-08;591;S;zeer zeldzaam
243930639;243930639;Speerwaterjuffer;Coenagrion hastulatum;2022-06-02;6;2022-06-02;1;ter plaatse;gezien;imago;Man;223427.34910244384;188574.0389129538;5.41488075256348;51.0027236938477;FS6952;Zonhoven - Teut;Zonhoven;Zonhoven;Limburg;ObsMapp;J;Goedgekeurd op basis van expertoordeel;2007-01-01;3;;3;Libellen;Coenagrionidae;2026-07-08;591;S;zeer zeldzaam
243930637;243930637;Speerwaterjuffer;Coenagrion hastulatum;2022-06-02;6;2022-06-02;2;ter plaatse;gezien;imago;Man;223430.975053816;188445.06886874695;5.41490650177002;51.0015640258789;FS6952;Zonhoven - Teut;Zonhoven;Zonhoven;Limburg;ObsMapp;J;Goedgekeurd op basis van expertoordeel;2007-01-01;3;;4;Libellen;Coenagrionidae;2026-07-08;591;S;zeer zeldzaam
243930636;243930636;Speerwaterjuffer;Coenagrion hastulatum;2022-06-02;6;2022-06-02;1;ter plaatse;gezien;imago;Man;223434.2487192673;188457.4229643205;5.41495561599731;51.0016746520996;FS6952;Zonhoven - Teut;Zonhoven;Zonhoven;Limburg;ObsMapp;J;Goedgekeurd op basis van expertoordeel;2007-01-01;3;;3;Libellen;Coenagrionidae;2026-07-08;591;S;zeer zeldzaam
243930632;243930632;Speerwaterjuffer;Coenagrion hastulatum;2022-06-02;6;2022-06-02;1;ter plaatse;gezien;imago;Man;223435.11644638475;188459.98166933004;5.41496849060059;51.0016975402832;FS6952;Zonhoven - Teut;Zonhoven;Zonhoven;Limburg;ObsMapp;J;Goedgekeurd op basis van expertoordeel;2007-01-01;3;;3;Libellen;Coenagrionidae;2026-07-08;591;S;zeer zeldzaam
243930631;243930631;Speerwaterjuffer;Coenagrion hastulatum;2022-06-02;6;2022-06-02;1;ter plaatse;gezien;imago;Vrouw;223434.72194019333;188464.2202235721;5.414963722229;51.0017356872559;FS6952;Zonhoven - Teut;Zonhoven;Zonhoven;Limburg;ObsMapp;J;Goedgekeurd op basis van expertoordeel;2007-01-01;3;;3;Libellen;Coenagrionidae;2026-07-08;591;S;zeer zeldzaam
350233955;350233955;Speerwaterjuffer;Coenagrion hastulatum;2025-05-13;5;2025-05-13;1;ter plaatse;gezien;imago;Man;223346.3098706045;188433.0424356693;5.4136980455592845;51.00146665303449;FS6952;Zonhoven - Teut;Zonhoven;Zonhoven;Limburg;Observation;J;Goedgekeurd op basis van expertoordeel;1980-01-01;3;;5;Libellen;Coenagrionidae;2026-07-08;591;S;zeer zeldzaam
405839992;405839992;Speerwaterjuffer;Coenagrion hastulatum;2026-06-15;6;2026-06-18;1;ter plaatse;onbekend;imago;Man;223429.99281210316;188486.2439113092;5.414900779505842;51.00193423989301;FS6952;Zonhoven - Teut;Zonhoven;Zonhoven;Limburg;Site;J;Goedgekeurd op basis van bewijsmateriaal;1980-01-01;3;;4;Libellen;Coenagrionidae;2026-07-08;591;S;zeer zeldzaam
243930621;243930621;Speerwaterjuffer;Coenagrion hastulatum;2022-06-02;6;2022-06-02;1;ter plaatse;gezien;imago;Man;223387.09992052207;188472.8860253673;5.41428709030151;51.0018196105957;FS6952;Zonhoven - Teut;Zonhoven;Zonhoven;Limburg;ObsMapp;J;Goedgekeurd op basis van expertoordeel;2007-01-01;3;;3;Libellen;Coenagrionidae;2026-07-08;591;S;zeer zeldzaam
243930620;243930620;Speerwaterjuffer;Coenagrion hastulatum;2022-06-02;6;2022-06-02;1;ter plaatse;gezien;imago;Man;223381.55867601477;188469.41265407857;5.41420745849609;51.0017890930176;FS6952;Zonhoven - Teut;Zonhoven;Zonhoven;Limburg;ObsMapp;J;Goedgekeurd op basis van expertoordeel;2007-01-01;3;;3;Libellen;Coenagrionidae;2026-07-08;591;S;zeer zeldzaam
243930613;243930613;Speerwaterjuffer;Coenagrion hastulatum;2022-06-02;6;2022-06-02;1;ter plaatse;gezien;imago;Man;223356.78076592015;188446.14537056812;5.41384983062744;51.0015830993652;FS6952;Zonhoven - Teut;Zonhoven;Zonhoven;Limburg;ObsMapp;J;Goedgekeurd op basis van expertoordeel;2007-01-01;3;;3;Libellen;Coenagrionidae;2026-07-08;591;S;zeer zeldzaam
350233952;350233952;Speerwaterjuffer;Coenagrion hastulatum;2025-05-13;5;2025-05-13;1;ter plaatse;gezien;imago;Man;223342.44178688503;188428.28493037727;5.413641991016332;51.001424381220346;FS6952;Zonhoven - Teut;Zonhoven;Zonhoven;Limburg;Observation;J;Goedgekeurd op basis van expertoordeel;1980-01-01;3;;5;Libellen;Coenagrionidae;2026-07-08;591;S;zeer zeldzaam
350233940;350233940;Speerwaterjuffer;Coenagrion hastulatum;2025-05-13;5;2025-05-13;1;ter plaatse;gezien;imago;Man;223340.4102948618;188426.64573824315;5.413612723974342;51.00140990495788;FS6952;Zonhoven - Teut;Zonhoven;Zonhoven;Limburg;Observation;J;Goedgekeurd op basis van expertoordeel;1980-01-01;3;;5;Libellen;Coenagrionidae;2026-07-08;591;S;zeer zeldzaam
243930608;243930608;Speerwaterjuffer;Coenagrion hastulatum;2022-06-02;6;2022-06-02;1;ter plaatse;gezien;imago;Man;223364.22615174548;188435.63995498695;5.41395378112793;51.0014877319336;FS6952;Zonhoven - Teut;Zonhoven;Zonhoven;Limburg;ObsMapp;J;Goedgekeurd op basis van expertoordeel;2007-01-01;3;;3;Libellen;Coenagrionidae;2026-07-08;591;S;zeer zeldzaam
243930606;243930606;Speerwaterjuffer;Coenagrion hastulatum;2022-06-02;6;2022-06-02;1;ter plaatse;gezien;imago;Man;223403.1888145854;188411.99748422112;5.4145040512085;51.0012702941895;FS6952;Zonhoven - Teut;Zonhoven;Zonhoven;Limburg;ObsMapp;J;Goedgekeurd op basis van expertoordeel;2007-01-01;3;;3;Libellen;Coenagrionidae;2026-07-08;591;S;zeer zeldzaam
350233821;350233821;Speerwaterjuffer;Coenagrion hastulatum;2025-05-13;5;2025-05-13;2;in copula;gezien;imago;onbekend;223380.1269718889;188469.9736602288;5.414187176573413;51.00179431676654;FS6952;Zonhoven - Teut;Zonhoven;Zonhoven;Limburg;Observation;J;Goedgekeurd op basis van expertoordeel;1980-01-01;3;;5;Libellen;Coenagrionidae;2026-07-08;591;S;zeer zeldzaam
192569629;192569629;Speerwaterjuffer;Coenagrion hastulatum;2020-05-27;5;2020-05-27;1;ter plaatse;onbekend;onbekend;Man;224323.23131289097;190855.6656484399;5.42810678482056;51.0231170654297;FS7055;Houthalen-Helchteren - Huttebeek;Houthalen-Helchteren;Houthalen;Limburg;Meetnetten.be;J;Goedgekeurd op basis van expertoordeel;2021-05-26;3;meetnetten.be: levensfase: imago_ activiteit: ter plaatse;10;Libellen;Coenagrionidae;2026-07-08;591;S;zeer zeldzaam
243930604;243930604;Speerwaterjuffer;Coenagrion hastulatum;2022-06-02;6;2022-06-02;2;in copula;gezien;imago;onbekend;223404.02551209988;188412.0092765652;5.41451597213745;51.0012702941895;FS6952;Zonhoven - Teut;Zonhoven;Zonhoven;Limburg;ObsMapp;J;Goedgekeurd op basis van expertoordeel;2007-01-01;3;;3;Libellen;Coenagrionidae;2026-07-08;591;S;zeer zeldzaam
192569627;192569627;Speerwaterjuffer;Coenagrion hastulatum;2020-05-27;5;2020-05-27;1;ter plaatse;onbekend;onbekend;Man;224320.97789897863;190856.48230821543;5.42807483673096;51.0231246948242;FS7055;Houthalen-Helchteren - Huttebeek;Houthalen-Helchteren;Houthalen;Limburg;Meetnetten.be;J;Goedgekeurd op basis van expertoordeel;2021-05-26;3;meetnetten.be: levensfase: imago_ activiteit: ter plaatse;10;Libellen;Coenagrionidae;2026-07-08;591;S;zeer zeldzaam
243930602;243930602;Speerwaterjuffer;Coenagrion hastulatum;2022-06-02;6;2022-06-02;1;ter plaatse;gezien;imago;Man;223406.45314292115;188410.77025739665;5.41455030441284;51.0012588500977;FS6952;Zonhoven - Teut;Zonhoven;Zonhoven;Limburg;ObsMapp;J;Goedgekeurd op basis van expertoordeel;2007-01-01;3;;3;Libellen;Coenagrionidae;2026-07-08;591;S;zeer zeldzaam
192569626;192569626;Speerwaterjuffer;Coenagrion hastulatum;2020-05-27;5;2020-05-27;1;in copula;onbekend;onbekend;onbekend;224319.8284082865;190857.31472892687;5.42805862426758;51.0231323242188;FS7055;Houthalen-Helchteren - Huttebeek;Houthalen-Helchteren;Houthalen;Limburg;Meetnetten.be;J;Goedgekeurd op basis van expertoordeel;2021-05-26;3;meetnetten.be: levensfase: imago_ activiteit: copula;10;Libellen;Coenagrionidae;2026-07-08;591;S;zeer zeldzaam
405253186;405253186;Speerwaterjuffer;Coenagrion hastulatum;2026-06-15;6;2026-06-15;1;ter plaatse;gezien;imago;Man;223421.25703802204;188406.29516815676;5.414760283739544;51.00121675148733;FS6952;Zonhoven - Teut;Zonhoven;Zonhoven;Limburg;Observation;J;Goedgekeurd op basis van bewijsmateriaal;1980-01-01;3;;5;Libellen;Coenagrionidae;2026-07-08;591;S;zeer zeldzaam
192569658;192569658;Speerwaterjuffer;Coenagrion hastulatum;2020-05-27;5;2020-05-27;1;in copula;onbekend;onbekend;onbekend;224336.7093964859;190853.7360147769;5.42829847335815;51.0230979919434;FS7055;Houthalen-Helchteren - Huttebeek;Houthalen-Helchteren;Houthalen;Limburg;Meetnetten.be;J;Goedgekeurd op basis van expertoordeel;2021-05-26;3;meetnetten.be: levensfase: imago_ activiteit: copula;10;Libellen;Coenagrionidae;2026-07-08;591;S;zeer zeldzaam
244387394;244387394:2607234;Speerwaterjuffer;Coenagrion hastulatum;2022-06-02;6;2022-06-06;1;in copula;gezien;imago;Man;223571.79551775285;188606.6351159448;5.41694498062134;51.0029983520508;FS6952;Zonhoven - Teut;Zonhoven;Zonhoven;Limburg;ObsMapp;J;Goedgekeurd op basis van expertoordeel;2007-01-01;3;;3;Libellen;Coenagrionidae;2026-07-08;591;S;zeer zeldzaam
195918050;195918050;Speerwaterjuffer;Coenagrion hastulatum;2020-05-27;5;2020-07-11;1;ter plaatse;onbekend;imago;Man;223529.40027459015;188541.52576997783;5.41632795333862;51.0024185180664;FS6952;Zonhoven - Teut;Zonhoven;Zonhoven;Limburg;ObsMapp;J;Goedgekeurd op basis van expertoordeel;2007-01-01;3;;25;Libellen;Coenagrionidae;2026-07-08;591;S;zeer zeldzaam
192569651;192569651;Speerwaterjuffer;Coenagrion hastulatum;2020-05-27;5;2020-05-27;1;ter plaatse;onbekend;onbekend;Man;224336.0068998649;190853.725983412;5.42828845977783;51.0230979919434;FS7055;Houthalen-Helchteren - Huttebeek;Houthalen-Helchteren;Houthalen;Limburg;Meetnetten.be;J;Goedgekeurd op basis van expertoordeel;2021-05-26;3;meetnetten.be: levensfase: imago_ activiteit: ter plaatse;10;Libellen;Coenagrionidae;2026-07-08;591;S;zeer zeldzaam
350233820;350233820;Speerwaterjuffer;Coenagrion hastulatum;2025-05-13;5;2025-05-13;2;ter plaatse;gezien;imago;Man;223379.34810344968;188469.50407655255;5.4141759874021576;51.00179019468906;FS6952;Zonhoven - Teut;Zonhoven;Zonhoven;Limburg;Observation;J;Goedgekeurd op basis van expertoordeel;1980-01-01;3;;5;Libellen;Coenagrionidae;2026-07-08;591;S;zeer zeldzaam
192569650;192569650;Speerwaterjuffer;Coenagrion hastulatum;2020-05-27;5;2020-05-27;1;ter plaatse;onbekend;onbekend;Man;224336.04035208508;190853.7264610957;5.42828893661499;51.0230979919434;FS7055;Houthalen-Helchteren - Huttebeek;Houthalen-Helchteren;Houthalen;Limburg;Meetnetten.be;J;Goedgekeurd op basis van expertoordeel;2021-05-26;3;meetnetten.be: levensfase: imago_ activiteit: ter plaatse;10;Libellen;Coenagrionidae;2026-07-08;591;S;zeer zeldzaam
244387393;244387393;Speerwaterjuffer;Coenagrion hastulatum;2022-06-02;6;2022-06-06;2;ter plaatse;gezien;imago;Man;223571.6496624691;188607.4818795193;5.41694307327271;51.0030059814453;FS6952;Zonhoven - Teut;Zonhoven;Zonhoven;Limburg;ObsMapp;J;Goedgekeurd op basis van expertoordeel;2007-01-01;3;;3;Libellen;Coenagrionidae;2026-07-08;591;S;zeer zeldzaam
195918051;195918051;Speerwaterjuffer;Coenagrion hastulatum;2020-05-27;5;2020-07-11;2;in copula;onbekend;imago;onbekend;223525.9796048249;188537.23335790727;5.41627836227417;51.0023803710938;FS6952;Zonhoven - Teut;Zonhoven;Zonhoven;Limburg;ObsMapp;J;Goedgekeurd op basis van expertoordeel;2007-01-01;3;;25;Libellen;Coenagrionidae;2026-07-08;591;S;zeer zeldzaam
244387391;244387391;Speerwaterjuffer;Coenagrion hastulatum;2022-06-02;6;2022-06-06;1;ter plaatse;gezien;imago;Man;223579.7755349176;188619.9046265306;5.41706132888794;51.003116607666;FS6952;Zonhoven - Teut;Zonhoven;Zonhoven;Limburg;ObsMapp;J;Goedgekeurd op basis van expertoordeel;2007-01-01;3;;6;Libellen;Coenagrionidae;2026-07-08;591;S;zeer zeldzaam
192570009;192570009;Speerwaterjuffer;Coenagrion hastulatum;2020-05-27;5;2020-05-27;1;ter plaatse;onbekend;onbekend;Man;223564.43033166075;190274.4744043015;5.41717576980591;51.0179901123047;FS6954;Houthalen - Tenhaagdoornheide;Houthalen-Helchteren;Houthalen;Limburg;Meetnetten.be;J;Goedgekeurd op basis van expertoordeel;2021-05-26;3;meetnetten.be: levensfase: adult_ activiteit: ter plaatse;10;Libellen;Coenagrionidae;2026-07-08;591;S;zeer zeldzaam
192569693;192569693;Speerwaterjuffer;Coenagrion hastulatum;2020-05-27;5;2020-05-27;1;ter plaatse;onbekend;onbekend;Man;224350.3254096616;190872.6047582813;5.42849636077881;51.023265838623;FS7055;Houthalen-Helchteren - Huttebeek;Houthalen-Helchteren;Houthalen;Limburg;Meetnetten.be;J;Goedgekeurd op basis van expertoordeel;2021-05-26;3;meetnetten.be: levensfase: imago_ activiteit: ter plaatse;10;Libellen;Coenagrionidae;2026-07-08;591;S;zeer zeldzaam
399762669;399762669;Speerwaterjuffer;Coenagrion hastulatum;2026-05-21;5;2026-05-21;2;ter plaatse;gezien;imago;Man;223531.14614105737;188553.00954029988;5.416355133056641;51.00252151489258;FS6952;Zonhoven - Teut;Zonhoven;Zonhoven;Limburg;ObsMapp;J;Goedgekeurd op basis van expertoordeel;1980-01-01;3;;1;Libellen;Coenagrionidae;2026-07-08;591;S;zeer zeldzaam
244387388;244387388;Speerwaterjuffer;Coenagrion hastulatum;2022-06-02;6;2022-06-06;1;ter plaatse;gezien;imago;Man;223583.37444333095;188618.682238034;5.41711235046387;51.0031051635742;FS6952;Zonhoven - Teut;Zonhoven;Zonhoven;Limburg;ObsMapp;J;Goedgekeurd op basis van expertoordeel;2007-01-01;3;;3;Libellen;Coenagrionidae;2026-07-08;591;S;zeer zeldzaam
192569992;192569992;Speerwaterjuffer;Coenagrion hastulatum;2020-05-27;5;2020-05-27;1;in copula;onbekend;onbekend;onbekend;224339.69335521583;190808.7905598888;5.42833185195923;51.0226936340332;FS7055;Houthalen-Helchteren - Huttebeek;Houthalen-Helchteren;Houthalen;Limburg;Meetnetten.be;J;Goedgekeurd op basis van expertoordeel;2021-05-26;3;meetnetten.be: levensfase: imago_ activiteit: copula;10;Libellen;Coenagrionidae;2026-07-08;591;S;zeer zeldzaam
243930600;243930600;Speerwaterjuffer;Coenagrion hastulatum;2022-06-02;6;2022-06-02;2;in copula;gezien;imago;onbekend;223406.45314292115;188410.77025739665;5.41455030441284;51.0012588500977;FS6952;Zonhoven - Teut;Zonhoven;Zonhoven;Limburg;ObsMapp;J;Goedgekeurd op basis van expertoordeel;2007-01-01;3;;3;Libellen;Coenagrionidae;2026-07-08;591;S;zeer zeldzaam
350233809;350233809;Speerwaterjuffer;Coenagrion hastulatum;2025-05-13;5;2025-05-13;1;ter plaatse;gezien;imago;Man;223385.3985847258;188472.143412428;5.4142627058266966;51.001813151316085;FS6952;Zonhoven - Teut;Zonhoven;Zonhoven;Limburg;Observation;J;Goedgekeurd op basis van expertoordeel;1980-01-01;3;;5;Libellen;Coenagrionidae;2026-07-08;591;S;zeer zeldzaam
243930597;243930597;Speerwaterjuffer;Coenagrion hastulatum;2022-06-02;6;2022-06-02;1;ter plaatse;gezien;imago;Man;223414.5105074344;188413.85470896307;5.41466569900513;51.0012855529785;FS6952;Zonhoven - Teut;Zonhoven;Zonhoven;Limburg;ObsMapp;J;Goedgekeurd op basis van expertoordeel;2007-01-01;3;;3;Libellen;Coenagrionidae;2026-07-08;591;S;zeer zeldzaam
195918053;195918053;Speerwaterjuffer;Coenagrion hastulatum;2020-05-27;5;2020-07-11;1;ter plaatse;onbekend;imago;Man;223499.47892838236;188519.88282230217;5.41589736938477;51.0022277832031;FS6952;Zonhoven - Teut;Zonhoven;Zonhoven;Limburg;ObsMapp;J;Goedgekeurd op basis van expertoordeel;2007-01-01;3;;25;Libellen;Coenagrionidae;2026-07-08;591;S;zeer zeldzaam
192569692;192569692;Speerwaterjuffer;Coenagrion hastulatum;2020-05-27;5;2020-05-27;1;in copula;onbekend;onbekend;onbekend;224349.99379883177;190870.0535274716;5.42849111557007;51.0232429504395;FS7055;Houthalen-Helchteren - Huttebeek;Houthalen-Helchteren;Houthalen;Limburg;Meetnetten.be;J;Goedgekeurd op basis van expertoordeel;2021-05-26;3;meetnetten.be: levensfase: imago_ activiteit: copula;10;Libellen;Coenagrionidae;2026-07-08;591;S;zeer zeldzaam
243930594;243930594;Speerwaterjuffer;Coenagrion hastulatum;2022-06-02;6;2022-06-02;3;ter plaatse;gezien;imago;Man;223418.06280136973;188420.69536903128;5.41471767425537;51.0013465881348;FS6952;Zonhoven - Teut;Zonhoven;Zonhoven;Limburg;ObsMapp;J;Goedgekeurd op basis van expertoordeel;2007-01-01;3;;3;Libellen;Coenagrionidae;2026-07-08;591;S;zeer zeldzaam
275214028;275214028;Speerwaterjuffer;Coenagrion hastulatum;2023-06-06;6;2023-06-07;1;ter plaatse;onbekend;imago;Man;223430.5098839486;188459.0678950753;5.41490268707275;51.0016899108887;FS6952;Zonhoven - Teut;Zonhoven;Zonhoven;Limburg;Meetnetten.be;J;Goedgekeurd op basis van expertoordeel;2024-06-04;3;meetnetten.be: life stage: imago_ activity: present;10;Libellen;Coenagrionidae;2026-07-08;591;S;zeer zeldzaam
195918055;195918055;Speerwaterjuffer;Coenagrion hastulatum;2020-05-27;5;2020-07-11;1;ter plaatse;onbekend;imago;Man;223492.97570578012;188513.4248717446;5.4158034324646;51.0021705627441;FS6952;Zonhoven - Teut;Zonhoven;Zonhoven;Limburg;ObsMapp;J;Goedgekeurd op basis van expertoordeel;2007-01-01;3;;25;Libellen;Coenagrionidae;2026-07-08;591;S;zeer zeldzaam
243930593;243930593;Speerwaterjuffer;Coenagrion hastulatum;2022-06-02;6;2022-06-02;2;ter plaatse;gezien;imago;Man;223420.24419307028;188420.30170832667;5.41474866867065;51.0013427734375;FS6952;Zonhoven - Teut;Zonhoven;Zonhoven;Limburg;ObsMapp;J;Goedgekeurd op basis van expertoordeel;2007-01-01;3;;3;Libellen;Coenagrionidae;2026-07-08;591;S;zeer zeldzaam
243930591;243930591;Speerwaterjuffer;Coenagrion hastulatum;2022-06-02;6;2022-06-02;1;ter plaatse;gezien;imago;Man;223423.98774235253;188425.4474223917;5.41480302810669;51.0013885498047;FS6952;Zonhoven - Teut;Zonhoven;Zonhoven;Limburg;ObsMapp;J;Goedgekeurd op basis van expertoordeel;2007-01-01;3;;3;Libellen;Coenagrionidae;2026-07-08;591;S;zeer zeldzaam
350210165;350210165;Speerwaterjuffer;Coenagrion hastulatum;2025-05-13;5;2025-05-13;1;ter plaatse;gezien;imago;Man;223425.3506328282;188480.93145761453;5.414833584911618;51.001887078763296;FS6952;Zonhoven - Teut;Zonhoven;Zonhoven;Limburg;Observation;J;Goedgekeurd op basis van expertoordeel;1980-01-01;3;;5;Libellen;Coenagrionidae;2026-07-08;591;S;zeer zeldzaam
192569991;192569991;Speerwaterjuffer;Coenagrion hastulatum;2020-05-27;5;2020-05-27;1;ter plaatse;onbekend;onbekend;Man;224339.69335521583;190808.7905598888;5.42833185195923;51.0226936340332;FS7055;Houthalen-Helchteren - Huttebeek;Houthalen-Helchteren;Houthalen;Limburg;Meetnetten.be;J;Goedgekeurd op basis van expertoordeel;2021-05-26;3;meetnetten.be: levensfase: imago_ activiteit: ter plaatse;10;Libellen;Coenagrionidae;2026-07-08;591;S;zeer zeldzaam
195918058;195918058;Speerwaterjuffer;Coenagrion hastulatum;2020-05-27;5;2020-07-11;2;in copula;onbekend;imago;onbekend;224333.83549591596;190797.24768922664;5.42824602127075;51.022590637207;FS7055;Houthalen-Helchteren - Huttebeek;Houthalen-Helchteren;Houthalen;Limburg;ObsMapp;J;Goedgekeurd op basis van expertoordeel;2007-01-01;3;;25;Libellen;Coenagrionidae;2026-07-08;591;S;zeer zeldzaam
350210010;350210010;Speerwaterjuffer;Coenagrion hastulatum;2025-05-13;5;2025-05-13;1;ter plaatse;gezien;imago;Man;223428.84770423148;188478.69220347985;5.4148829508036025;51.00186650874611;FS6952;Zonhoven - Teut;Zonhoven;Zonhoven;Limburg;Observation;J;Goedgekeurd op basis van expertoordeel;1980-01-01;3;;5;Libellen;Coenagrionidae;2026-07-08;591;S;zeer zeldzaam
192569990;192569990;Speerwaterjuffer;Coenagrion hastulatum;2020-05-27;5;2020-05-27;1;ter plaatse;onbekend;onbekend;Man;224339.69335521583;190808.7905598888;5.42833185195923;51.0226936340332;FS7055;Houthalen-Helchteren - Huttebeek;Houthalen-Helchteren;Houthalen;Limburg;Meetnetten.be;J;Goedgekeurd op basis van expertoordeel;2021-05-26;3;meetnetten.be: levensfase: imago_ activiteit: ter plaatse;10;Libellen;Coenagrionidae;2026-07-08;591;S;zeer zeldzaam
350210002;350210002;Speerwaterjuffer;Coenagrion hastulatum;2025-05-13;5;2025-05-13;2;ter plaatse;gezien;imago;Man;223435.51227243288;188470.584616418;5.414976258765142;51.001792791531365;FS6952;Zonhoven - Teut;Zonhoven;Zonhoven;Limburg;Observation;J;Goedgekeurd op basis van expertoordeel;1980-01-01;3;;5;Libellen;Coenagrionidae;2026-07-08;591;S;zeer zeldzaam
350210001;350210001;Speerwaterjuffer;Coenagrion hastulatum;2025-05-13;5;2025-05-13;1;ter plaatse;gezien;imago;Man;223435.96036976413;188468.52824100573;5.414982228839838;51.0017742516274;FS6952;Zonhoven - Teut;Zonhoven;Zonhoven;Limburg;Observation;J;Goedgekeurd op basis van expertoordeel;1980-01-01;3;;5;Libellen;Coenagrionidae;2026-07-08;591;S;zeer zeldzaam
350209996;350209996;Speerwaterjuffer;Coenagrion hastulatum;2025-05-13;5;2025-05-13;1;ter plaatse;gezien;imago;Man;223431.445856921;188464.7720634127;5.414917165558971;51.001741062484506;FS6952;Zonhoven - Teut;Zonhoven;Zonhoven;Limburg;Observation;J;Goedgekeurd op basis van expertoordeel;1980-01-01;3;;5;Libellen;Coenagrionidae;2026-07-08;591;S;zeer zeldzaam
350209994;350209994;Speerwaterjuffer;Coenagrion hastulatum;2025-05-13;5;2025-05-13;1;ter plaatse;gezien;imago;Vrouw;223431.445856921;188464.7720634127;5.414917165558971;51.001741062484506;FS6952;Zonhoven - Teut;Zonhoven;Zonhoven;Limburg;Observation;J;Goedgekeurd op basis van expertoordeel;1980-01-01;3;;5;Libellen;Coenagrionidae;2026-07-08;591;S;zeer zeldzaam
350209993;350209993;Speerwaterjuffer;Coenagrion hastulatum;2025-05-13;5;2025-05-13;2;ter plaatse;gezien;imago;Man;223431.445856921;188464.7720634127;5.414917165558971;51.001741062484506;FS6952;Zonhoven - Teut;Zonhoven;Zonhoven;Limburg;Observation;J;Goedgekeurd op basis van expertoordeel;1980-01-01;3;;5;Libellen;Coenagrionidae;2026-07-08;591;S;zeer zeldzaam
350209930;350209930;Speerwaterjuffer;Coenagrion hastulatum;2025-05-13;5;2025-05-13;2;in copula;gezien;imago;onbekend;223423.73964684055;188439.7894606432;5.414802374219548;51.001517490372166;FS6952;Zonhoven - Teut;Zonhoven;Zonhoven;Limburg;Observation;J;Goedgekeurd op basis van expertoordeel;1980-01-01;3;;5;Libellen;Coenagrionidae;2026-07-08;591;S;zeer zeldzaam
216236978;216236978;Speerwaterjuffer;Coenagrion hastulatum;2021-06-01;6;2021-06-07;1;ter plaatse;onbekend;onbekend;Man;223425.85336714657;188440.32813119888;5.4148325920105;51.001522064209;FS6952;Zonhoven - Teut;Zonhoven;Zonhoven;Limburg;Meetnetten.be;J;Goedgekeurd op basis van expertoordeel;2022-05-31;3;meetnetten.be: levensfase: imago_ activiteit: ter plaatse;10;Libellen;Coenagrionidae;2026-07-08;591;S;zeer zeldzaam
350209926;350209926;Speerwaterjuffer;Coenagrion hastulatum;2025-05-13;5;2025-05-13;1;ter plaatse;gezien;imago;Man;223424.79257818623;188440.09060921613;5.414817433537936;51.001520063733686;FS6952;Zonhoven - Teut;Zonhoven;Zonhoven;Limburg;Observation;J;Goedgekeurd op basis van expertoordeel;1980-01-01;3;;5;Libellen;Coenagrionidae;2026-07-08;591;S;zeer zeldzaam
350209908;350209908;Speerwaterjuffer;Coenagrion hastulatum;2025-05-13;5;2025-05-13;1;ter plaatse;gezien;imago;Man;223422.9440993815;188426.65799537487;5.414788404723997;51.00139956292258;FS6952;Zonhoven - Teut;Zonhoven;Zonhoven;Limburg;Observation;J;Goedgekeurd op basis van expertoordeel;1980-01-01;3;;5;Libellen;Coenagrionidae;2026-07-08;591;S;zeer zeldzaam
244748640;244748640;Speerwaterjuffer;Coenagrion hastulatum;2022-05-25;5;2022-06-09;1;ter plaatse;onbekend;imago;Man;224316.50768949924;190860.23823204264;5.42801189422607;51.0231590270996;FS7055;Houthalen-Helchteren - Huttebeek;Houthalen-Helchteren;Houthalen;Limburg;Meetnetten.be;J;Goedgekeurd op basis van expertoordeel;2023-05-24;3;meetnetten.be: levensfase: imago_ activiteit: ter plaatse;10;Libellen;Coenagrionidae;2026-07-08;591;S;zeer zeldzaam
216236983;216236983;Speerwaterjuffer;Coenagrion hastulatum;2021-06-01;6;2021-06-07;1;ter plaatse;onbekend;onbekend;Man;223422.54248728813;188437.7349847816;5.41478490829468;51.0014991760254;FS6952;Zonhoven - Teut;Zonhoven;Zonhoven;Limburg;Meetnetten.be;J;Goedgekeurd op basis van expertoordeel;2022-05-31;3;meetnetten.be: levensfase: imago_ activiteit: ter plaatse;10;Libellen;Coenagrionidae;2026-07-08;591;S;zeer zeldzaam
350209903;350209903;Speerwaterjuffer;Coenagrion hastulatum;2025-05-13;5;2025-05-13;2;in copula;gezien;imago;onbekend;223422.9440993815;188426.65799537487;5.414788404723997;51.00139956292258;FS6952;Zonhoven - Teut;Zonhoven;Zonhoven;Limburg;Observation;J;Goedgekeurd op basis van expertoordeel;1980-01-01;3;;5;Libellen;Coenagrionidae;2026-07-08;591;S;zeer zeldzaam
350209782;350209782;Speerwaterjuffer;Coenagrion hastulatum;2025-05-13;5;2025-05-13;1;ter plaatse;gezien;imago;Man;223400.82254657228;188412.11060899403;5.414470366981408;51.00127161072773;FS6952;Zonhoven - Teut;Zonhoven;Zonhoven;Limburg;Observation;J;Goedgekeurd op basis van expertoordeel;1980-01-01;3;;5;Libellen;Coenagrionidae;2026-07-08;591;S;zeer zeldzaam
350183512;350183512;Speerwaterjuffer;Coenagrion hastulatum;2025-05-13;5;2025-05-13;1;in copula;gezien;imago;onbekend;224320.58473567347;190812.8324957313;5.428060352662097;51.02273241572177;FS7055;Houthalen-Helchteren - Huttebeek;Houthalen-Helchteren;Houthalen;Limburg;Observation;J;Goedgekeurd op basis van expertoordeel;1980-01-01;3;;5;Libellen;Coenagrionidae;2026-07-08;591;S;zeer zeldzaam
216236992;216236992;Speerwaterjuffer;Coenagrion hastulatum;2021-06-01;6;2021-06-07;1;ter plaatse;onbekend;onbekend;Man;223423.2430439;188428.4078051373;5.41479301452637;51.0014152526855;FS6952;Zonhoven - Teut;Zonhoven;Zonhoven;Limburg;Meetnetten.be;J;Goedgekeurd op basis van expertoordeel;2022-05-31;3;meetnetten.be: levensfase: imago_ activiteit: ter plaatse;10;Libellen;Coenagrionidae;2026-07-08;591;S;zeer zeldzaam
350183395;350183395;Speerwaterjuffer;Coenagrion hastulatum;2025-05-13;5;2025-05-13;2;ter plaatse;gezien;imago;Man;224304.0652927844;190844.9893733431;5.427831470935586;51.02302356498011;FS7055;Houthalen-Helchteren - Huttebeek;Houthalen-Helchteren;Houthalen;Limburg;Observation;J;Goedgekeurd op basis van expertoordeel;1980-01-01;3;;5;Libellen;Coenagrionidae;2026-07-08;591;S;zeer zeldzaam
350183383;350183383;Speerwaterjuffer;Coenagrion hastulatum;2025-05-13;5;2025-05-13;1;ter plaatse;gezien;imago;Man;224304.49776510635;190840.48572243564;5.427836718135881;51.02298303016282;FS7055;Houthalen-Helchteren - Huttebeek;Houthalen-Helchteren;Houthalen;Limburg;Observation;J;Goedgekeurd op basis van expertoordeel;1980-01-01;3;;5;Libellen;Coenagrionidae;2026-07-08;591;S;zeer zeldzaam
192569980;192569980;Speerwaterjuffer;Coenagrion hastulatum;2020-05-27;5;2020-05-27;1;ter plaatse;onbekend;onbekend;Man;224337.4030568941;190802.81603519895;5.428297996521;51.0226402282715;FS7055;Houthalen-Helchteren - Huttebeek;Houthalen-Helchteren;Houthalen;Limburg;Meetnetten.be;J;Goedgekeurd op basis van expertoordeel;2021-05-26;3;meetnetten.be: levensfase: imago_ activiteit: ter plaatse;10;Libellen;Coenagrionidae;2026-07-08;591;S;zeer zeldzaam
350168702;350168702;Speerwaterjuffer;Coenagrion hastulatum;2025-05-13;5;2025-05-13;1;in copula;gezien;imago;Man;224224.61443954307;190992.8840067685;5.426729241583814;51.02436304637983;FS7055;Houthalen-Helchteren - Huttebeek;Houthalen-Helchteren;Houthalen;Limburg;Observation;J;Goedgekeurd op basis van expertoordeel;1980-01-01;3;;5;Libellen;Coenagrionidae;2026-07-08;591;S;zeer zeldzaam
192569979;192569979;Speerwaterjuffer;Coenagrion hastulatum;2020-05-27;5;2020-05-27;2;in copula;onbekend;onbekend;onbekend;224338.7714556742;190800.71349726152;5.42831707000732;51.0226211547852;FS7055;Houthalen-Helchteren - Huttebeek;Houthalen-Helchteren;Houthalen;Limburg;Meetnetten.be;J;Goedgekeurd op basis van expertoordeel;2021-05-26;3;meetnetten.be: levensfase: imago_ activiteit: copula;10;Libellen;Coenagrionidae;2026-07-08;591;S;zeer zeldzaam
195918060;195918060;Speerwaterjuffer;Coenagrion hastulatum;2020-05-27;5;2020-07-11;1;ter plaatse;onbekend;imago;Man;224326.7859570721;190794.1761244256;5.42814493179321;51.0225639343262;FS7055;Houthalen-Helchteren - Huttebeek;Houthalen-Helchteren;Houthalen;Limburg;ObsMapp;J;Goedgekeurd op basis van expertoordeel;2007-01-01;3;;25;Libellen;Coenagrionidae;2026-07-08;591;S;zeer zeldzaam
192569978;192569978;Speerwaterjuffer;Coenagrion hastulatum;2020-05-27;5;2020-05-27;3;ter plaatse;onbekend;onbekend;Man;224337.97465353616;190800.2777033877;5.42830562591553;51.0226173400879;FS7055;Houthalen-Helchteren - Huttebeek;Houthalen-Helchteren;Houthalen;Limburg;Meetnetten.be;J;Goedgekeurd op basis van expertoordeel;2021-05-26;3;meetnetten.be: levensfase: imago_ activiteit: ter plaatse;10;Libellen;Coenagrionidae;2026-07-08;591;S;zeer zeldzaam
243930590;243930590;Speerwaterjuffer;Coenagrion hastulatum;2022-06-02;6;2022-06-02;2;ter plaatse;gezien;imago;Man;223427.47550668177;188429.74070985612;5.41485357284546;51.0014266967773;FS6952;Zonhoven - Teut;Zonhoven;Zonhoven;Limburg;ObsMapp;J;Goedgekeurd op basis van expertoordeel;2007-01-01;3;;3;Libellen;Coenagrionidae;2026-07-08;591;S;zeer zeldzaam
350168670;350168670;Speerwaterjuffer;Coenagrion hastulatum;2025-05-13;5;2025-05-13;2;ter plaatse;gezien;imago;Man;224222.52660637532;190998.79620684215;5.426700687668601;51.02441645347178;FS7055;Houthalen-Helchteren - Huttebeek;Houthalen-Helchteren;Houthalen;Limburg;Observation;J;Goedgekeurd op basis van expertoordeel;1980-01-01;3;;5;Libellen;Coenagrionidae;2026-07-08;591;S;zeer zeldzaam
350168650;350168650;Speerwaterjuffer;Coenagrion hastulatum;2025-05-13;5;2025-05-13;1;ter plaatse;gezien;imago;Man;224220.9983058184;191001.80869310256;5.426679518808828;51.024443725895125;FS7055;Houthalen-Helchteren - Huttebeek;Houthalen-Helchteren;Houthalen;Limburg;Observation;J;Goedgekeurd op basis van expertoordeel;1980-01-01;3;;5;Libellen;Coenagrionidae;2026-07-08;591;S;zeer zeldzaam
350168633;350168633;Speerwaterjuffer;Coenagrion hastulatum;2025-05-13;5;2025-05-13;3;ter plaatse;gezien;imago;Man;224214.3982766824;191014.00946395655;5.426587935600397;51.02455423356972;FS7055;Houthalen-Helchteren - Huttebeek;Houthalen-Helchteren;Houthalen;Limburg;Observation;J;Goedgekeurd op basis van expertoordeel;1980-01-01;3;;5;Libellen;Coenagrionidae;2026-07-08;591;S;zeer zeldzaam
275214111;275214111;Speerwaterjuffer;Coenagrion hastulatum;2023-06-06;6;2023-06-07;1;ter plaatse;onbekend;imago;Man;223421.47992542025;188434.7491238704;5.41476917266846;51.0014724731445;FS6952;Zonhoven - Teut;Zonhoven;Zonhoven;Limburg;Meetnetten.be;J;Goedgekeurd op basis van expertoordeel;2024-06-04;3;meetnetten.be: life stage: imago_ activity: present;10;Libellen;Coenagrionidae;2026-07-08;591;S;zeer zeldzaam
350168631;350168631;Speerwaterjuffer;Coenagrion hastulatum;2025-05-13;5;2025-05-13;1;ter plaatse;gezien;imago, niet uitgekleurd;Man;224212.7343129876;191011.41111584197;5.426563693166462;51.02453109254072;FS7055;Houthalen-Helchteren - Huttebeek;Houthalen-Helchteren;Houthalen;Limburg;Observation;J;Goedgekeurd op basis van expertoordeel;1980-01-01;3;;5;Libellen;Coenagrionidae;2026-07-08;591;S;zeer zeldzaam
350168626;350168626;Speerwaterjuffer;Coenagrion hastulatum;2025-05-13;5;2025-05-13;1;ter plaatse;gezien;imago;Man;224214.8298278305;191007.4208524013;5.426592747290806;51.02449495908397;FS7055;Houthalen-Helchteren - Huttebeek;Houthalen-Helchteren;Houthalen;Limburg;Observation;J;Goedgekeurd op basis van expertoordeel;1980-01-01;3;;5;Libellen;Coenagrionidae;2026-07-08;591;S;zeer zeldzaam
350168619;350168619;Speerwaterjuffer;Coenagrion hastulatum;2025-05-13;5;2025-05-13;1;ter plaatse;gezien;imago;Man;224212.99993775223;190994.76198260207;5.426564096062889;51.02438141420557;FS7055;Houthalen-Helchteren - Huttebeek;Houthalen-Helchteren;Houthalen;Limburg;Observation;J;Goedgekeurd op basis van expertoordeel;1980-01-01;3;;5;Libellen;Coenagrionidae;2026-07-08;591;S;zeer zeldzaam
244748703;244748703;Speerwaterjuffer;Coenagrion hastulatum;2022-06-02;6;2022-06-09;1;in copula;onbekend;imago;onbekend;223408.89273662245;188408.68258478583;5.41458463668823;51.0012397766113;FS6952;Zonhoven - Teut;Zonhoven;Zonhoven;Limburg;Meetnetten.be;J;Goedgekeurd op basis van expertoordeel;2023-06-01;3;meetnetten.be: levensfase: imago_ activiteit: copula;10;Libellen;Coenagrionidae;2026-07-08;591;S;zeer zeldzaam
350168611;350168611;Speerwaterjuffer;Coenagrion hastulatum;2025-05-13;5;2025-05-13;1;ter plaatse;gezien;imago;Man;224212.80919571585;190989.1073058052;5.42656022875428;51.02433061376826;FS7055;Houthalen-Helchteren - Huttebeek;Houthalen-Helchteren;Houthalen;Limburg;Observation;J;Goedgekeurd op basis van expertoordeel;1980-01-01;3;;5;Libellen;Coenagrionidae;2026-07-08;591;S;zeer zeldzaam
350168570;350168570;Speerwaterjuffer;Coenagrion hastulatum;2025-05-13;5;2025-05-13;1;ter plaatse;gezien;imago;Man;224176.5012630447;190980.38317045383;5.426041005478;51.02425685147999;FS7055;Houthalen-Helchteren - Huttebeek;Houthalen-Helchteren;Houthalen;Limburg;Observation;J;Goedgekeurd op basis van expertoordeel;1980-01-01;3;;5;Libellen;Coenagrionidae;2026-07-08;591;S;zeer zeldzaam
192569624;192569624;Speerwaterjuffer;Coenagrion hastulatum;2020-05-27;5;2020-05-27;1;ter plaatse;onbekend;onbekend;Man;224317.21913690813;190857.2774785152;5.42802143096924;51.0231323242188;FS7055;Houthalen-Helchteren - Huttebeek;Houthalen-Helchteren;Houthalen;Limburg;Meetnetten.be;J;Goedgekeurd op basis van expertoordeel;2021-05-26;3;meetnetten.be: levensfase: imago_ activiteit: ter plaatse;10;Libellen;Coenagrionidae;2026-07-08;591;S;zeer zeldzaam
275214118;275214118;Speerwaterjuffer;Coenagrion hastulatum;2023-06-06;6;2023-06-07;1;ter plaatse;onbekend;imago;Man;224306.22090909752;190830.80670738965;5.42785930633545;51.0228958129883;FS7055;Houthalen-Helchteren - Huttebeek;Houthalen-Helchteren;Houthalen;Limburg;Meetnetten.be;J;Goedgekeurd op basis van expertoordeel;2024-06-04;3;meetnetten.be: life stage: imago_ activity: present;10;Libellen;Coenagrionidae;2026-07-08;591;S;zeer zeldzaam
275214026;275214026;Speerwaterjuffer;Coenagrion hastulatum;2023-06-06;6;2023-06-07;1;ter plaatse;onbekend;imago;Man;223424.39937600997;188479.3535058349;5.41481971740723;51.0018730163574;FS6952;Zonhoven - Teut;Zonhoven;Zonhoven;Limburg;Meetnetten.be;J;Goedgekeurd op basis van expertoordeel;2024-06-04;3;meetnetten.be: life stage: imago_ activity: present;10;Libellen;Coenagrionidae;2026-07-08;591;S;zeer zeldzaam
275214025;275214025;Speerwaterjuffer;Coenagrion hastulatum;2023-06-06;6;2023-06-07;1;ter plaatse;onbekend;imago;Man;223424.0981687968;188479.34925939888;5.4148154258728;51.0018730163574;FS6952;Zonhoven - Teut;Zonhoven;Zonhoven;Limburg;Meetnetten.be;J;Goedgekeurd op basis van expertoordeel;2024-06-04;3;meetnetten.be: life stage: imago_ activity: present;10;Libellen;Coenagrionidae;2026-07-08;591;S;zeer zeldzaam
192569622;192569622;Speerwaterjuffer;Coenagrion hastulatum;2020-05-27;5;2020-05-27;1;ter plaatse;onbekend;onbekend;Man;224313.05578427768;190855.94479732588;5.42796182632446;51.023120880127;FS7055;Houthalen-Helchteren - Huttebeek;Houthalen-Helchteren;Houthalen;Limburg;Meetnetten.be;J;Goedgekeurd op basis van expertoordeel;2021-05-26;3;meetnetten.be: levensfase: imago_ activiteit: ter plaatse;10;Libellen;Coenagrionidae;2026-07-08;591;S;zeer zeldzaam
244387387;244387387;Speerwaterjuffer;Coenagrion hastulatum;2022-06-02;6;2022-06-06;1;ter plaatse;gezien;imago;Man;223589.30304303652;188613.67306183465;5.41719579696655;51.003059387207;FS6952;Zonhoven - Teut;Zonhoven;Zonhoven;Limburg;ObsMapp;J;Goedgekeurd op basis van expertoordeel;2007-01-01;3;;3;Libellen;Coenagrionidae;2026-07-08;591;S;zeer zeldzaam
192569618;192569618;Speerwaterjuffer;Coenagrion hastulatum;2020-05-27;5;2020-05-27;1;ter plaatse;onbekend;onbekend;Man;224312.70914757132;190856.78868048263;5.42795705795288;51.0231285095215;FS7055;Houthalen-Helchteren - Huttebeek;Houthalen-Helchteren;Houthalen;Limburg;Meetnetten.be;J;Goedgekeurd op basis van expertoordeel;2021-05-26;3;meetnetten.be: levensfase: imago_ activiteit: ter plaatse;10;Libellen;Coenagrionidae;2026-07-08;591;S;zeer zeldzaam
192416483;192416483;Speerwaterjuffer;Coenagrion hastulatum;2020-05-25;5;2020-05-26;1;ter plaatse;gezien;imago;Man;223427.27651513356;188500.7535895193;5.414865;51.002065;FS6952;Zonhoven - Teut;Zonhoven;Zonhoven;Limburg;Site;J;Goedgekeurd op basis van bewijsmateriaal;1980-01-01;3;;25;Libellen;Coenagrionidae;2026-07-08;591;S;zeer zeldzaam
192416481;192416481;Speerwaterjuffer;Coenagrion hastulatum;2020-05-25;5;2020-05-26;1;ter plaatse;gezien;imago;Man;223427.27651513356;188500.7535895193;5.414865;51.002065;FS6952;Zonhoven - Teut;Zonhoven;Zonhoven;Limburg;Site;J;Goedgekeurd op basis van bewijsmateriaal;1980-01-01;3;;25;Libellen;Coenagrionidae;2026-07-08;591;S;zeer zeldzaam
192416479;192416479;Speerwaterjuffer;Coenagrion hastulatum;2020-05-25;5;2020-05-26;1;ter plaatse;gezien;imago;Man;223427.27651513356;188500.7535895193;5.414865;51.002065;FS6952;Zonhoven - Teut;Zonhoven;Zonhoven;Limburg;Site;J;Goedgekeurd op basis van bewijsmateriaal;1980-01-01;3;;25;Libellen;Coenagrionidae;2026-07-08;591;S;zeer zeldzaam
192416471;192416471;Speerwaterjuffer;Coenagrion hastulatum;2020-05-25;5;2020-05-26;1;ter plaatse;gezien;imago;Vrouw;223427.27651513356;188500.7535895193;5.414865;51.002065;FS6952;Zonhoven - Teut;Zonhoven;Zonhoven;Limburg;Site;J;Goedgekeurd op basis van bewijsmateriaal;1980-01-01;3;;25;Libellen;Coenagrionidae;2026-07-08;591;S;zeer zeldzaam
192416200;192416200;Speerwaterjuffer;Coenagrion hastulatum;2020-05-25;5;2020-05-26;1;ter plaatse;gezien;imago;Man;223427.27651513356;188500.7535895193;5.414865;51.002065;FS6952;Zonhoven - Teut;Zonhoven;Zonhoven;Limburg;Site;J;Goedgekeurd op basis van bewijsmateriaal;1980-01-01;3;;25;Libellen;Coenagrionidae;2026-07-08;591;S;zeer zeldzaam
243930587;243930587;Speerwaterjuffer;Coenagrion hastulatum;2022-06-02;6;2022-06-02;1;ter plaatse;gezien;imago;Man;223428.7901164628;188443.3404166084;5.41487503051758;51.0015487670898;FS6952;Zonhoven - Teut;Zonhoven;Zonhoven;Limburg;ObsMapp;J;Goedgekeurd op basis van expertoordeel;2007-01-01;3;;3;Libellen;Coenagrionidae;2026-07-08;591;S;zeer zeldzaam
243930586;243930586;Speerwaterjuffer;Coenagrion hastulatum;2022-06-02;6;2022-06-02;1;ter plaatse;gezien;imago;Man;223430.0869460354;188446.3295821268;5.41489410400391;51.0015754699707;FS6952;Zonhoven - Teut;Zonhoven;Zonhoven;Limburg;ObsMapp;J;Goedgekeurd op basis van expertoordeel;2007-01-01;3;;3;Libellen;Coenagrionidae;2026-07-08;591;S;zeer zeldzaam
216237015;216237015;Speerwaterjuffer;Coenagrion hastulatum;2021-06-01;6;2021-06-07;1;ter plaatse;onbekend;onbekend;Man;223419.13619478172;188418.1640308108;5.41473245620728;51.0013236999512;FS6952;Zonhoven - Teut;Zonhoven;Zonhoven;Limburg;Meetnetten.be;J;Goedgekeurd op basis van expertoordeel;2022-05-31;3;meetnetten.be: levensfase: imago_ activiteit: ter plaatse;10;Libellen;Coenagrionidae;2026-07-08;591;S;zeer zeldzaam
216237016;216237016;Speerwaterjuffer;Coenagrion hastulatum;2021-06-01;6;2021-06-07;1;in copula;onbekend;onbekend;onbekend;223418.25648905477;188416.45398332737;5.414719581604;51.0013084411621;FS6952;Zonhoven - Teut;Zonhoven;Zonhoven;Limburg;Meetnetten.be;J;Goedgekeurd op basis van expertoordeel;2022-05-31;3;meetnetten.be: levensfase: imago_ activiteit: copula;10;Libellen;Coenagrionidae;2026-07-08;591;S;zeer zeldzaam
401151380;401151380;Speerwaterjuffer;Coenagrion hastulatum;2026-05-21;5;2026-05-26;1;ter plaatse;gezien;imago;Man;224158.09673775325;190962.11367629372;5.425775;51.024095;FS7055;Houthalen-Helchteren - Huttebeek;Houthalen-Helchteren;Houthalen;Limburg;Observation;J;Goedgekeurd op basis van expertoordeel;1980-01-01;3;;5;Libellen;Coenagrionidae;2026-07-08;591;S;zeer zeldzaam
216237017;216237017;Speerwaterjuffer;Coenagrion hastulatum;2021-06-01;6;2021-06-07;1;ter plaatse;onbekend;onbekend;Man;223417.69351681427;188416.02163567956;5.41471147537231;51.0013046264648;FS6952;Zonhoven - Teut;Zonhoven;Zonhoven;Limburg;Meetnetten.be;J;Goedgekeurd op basis van expertoordeel;2022-05-31;3;meetnetten.be: levensfase: imago_ activiteit: ter plaatse;10;Libellen;Coenagrionidae;2026-07-08;591;S;zeer zeldzaam
216237019;216237019;Speerwaterjuffer;Coenagrion hastulatum;2021-06-01;6;2021-06-07;1;ter plaatse;onbekend;onbekend;Man;223365.60314908592;188418.68288983495;5.41396999359131;51.001335144043;FS6952;Zonhoven - Teut;Zonhoven;Zonhoven;Limburg;Meetnetten.be;J;Goedgekeurd op basis van expertoordeel;2022-05-31;3;meetnetten.be: levensfase: imago_ activiteit: ter plaatse;10;Libellen;Coenagrionidae;2026-07-08;591;S;zeer zeldzaam
192569617;192569617;Speerwaterjuffer;Coenagrion hastulatum;2020-05-27;5;2020-05-27;1;ter plaatse;onbekend;onbekend;Man;224311.53226332596;190857.19629624396;5.42794036865234;51.0231323242188;FS7055;Houthalen-Helchteren - Huttebeek;Houthalen-Helchteren;Houthalen;Limburg;Meetnetten.be;J;Goedgekeurd op basis van expertoordeel;2021-05-26;3;meetnetten.be: levensfase: imago_ activiteit: ter plaatse;10;Libellen;Coenagrionidae;2026-07-08;591;S;zeer zeldzaam
401151385;401151385;Speerwaterjuffer;Coenagrion hastulatum;2026-05-21;5;2026-05-26;1;ter plaatse;gezien;imago;Man;224174.7404166609;190961.1269648429;5.426012;51.024084;FS7055;Houthalen-Helchteren - Huttebeek;Houthalen-Helchteren;Houthalen;Limburg;Observation;J;Goedgekeurd op basis van expertoordeel;1980-01-01;3;;5;Libellen;Coenagrionidae;2026-07-08;591;S;zeer zeldzaam
216237040;216237040;Speerwaterjuffer;Coenagrion hastulatum;2021-06-01;6;2021-06-07;1;in copula;onbekend;onbekend;onbekend;223373.414337774;188410.72910962903;5.4140796661377;51.0012626647949;FS6952;Zonhoven - Teut;Zonhoven;Zonhoven;Limburg;Meetnetten.be;J;Goedgekeurd op basis van expertoordeel;2022-05-31;3;meetnetten.be: levensfase: imago_ activiteit: copula;10;Libellen;Coenagrionidae;2026-07-08;591;S;zeer zeldzaam
401151390;401151390;Speerwaterjuffer;Coenagrion hastulatum;2026-05-21;5;2026-05-26;2;ter plaatse;gezien;imago;Man;224179.3233680784;190969.4253628729;5.426079;51.024158;FS7055;Houthalen-Helchteren - Huttebeek;Houthalen-Helchteren;Houthalen;Limburg;Observation;J;Goedgekeurd op basis van expertoordeel;1980-01-01;3;;5;Libellen;Coenagrionidae;2026-07-08;591;S;zeer zeldzaam
243930571;243930571;Speerwaterjuffer;Coenagrion hastulatum;2022-06-02;6;2022-06-02;1;ter plaatse;gezien;imago;Man;223371.76245456;188411.55466106068;5.41405630111694;51.0012702941895;FS6952;Zonhoven - Teut;Zonhoven;Zonhoven;Limburg;ObsMapp;J;Goedgekeurd op basis van expertoordeel;2007-01-01;3;;3;Libellen;Coenagrionidae;2026-07-08;591;S;zeer zeldzaam
192569960;192569960;Speerwaterjuffer;Coenagrion hastulatum;2020-05-27;5;2020-05-27;1;ter plaatse;onbekend;onbekend;Man;223425.15765823997;188444.56243939415;5.41482353210449;51.0015602111816;FS6952;Zonhoven - Teut;Zonhoven;Zonhoven;Limburg;Meetnetten.be;J;Goedgekeurd op basis van expertoordeel;2021-05-26;3;meetnetten.be: levensfase: imago_ activiteit: ter plaatse;10;Libellen;Coenagrionidae;2026-07-08;591;S;zeer zeldzaam
401151403;401151403;Speerwaterjuffer;Coenagrion hastulatum;2026-05-21;5;2026-05-26;2;ter plaatse;gezien;imago;onbekend;224175.00641892417;190976.9293952901;5.426019;51.024226;FS7055;Houthalen-Helchteren - Huttebeek;Houthalen-Helchteren;Houthalen;Limburg;Observation;J;Goedgekeurd op basis van expertoordeel;1980-01-01;3;;5;Libellen;Coenagrionidae;2026-07-08;591;S;zeer zeldzaam
314152261;314152261;Speerwaterjuffer;Coenagrion hastulatum;2024-05-23;5;2024-06-12;1;ter plaatse;onbekend;imago;Man;223432.8705644313;188457.8279443104;5.41493606567383;51.0016784667969;FS6952;Zonhoven - Teut;Zonhoven;Zonhoven;Limburg;Meetnetten.be;J;Goedgekeurd op basis van expertoordeel;2025-05-22;3;meetnetten.be: life stage: imago_ activity: present;10;Libellen;Coenagrionidae;2026-07-08;591;S;zeer zeldzaam
401151406;401151406;Speerwaterjuffer;Coenagrion hastulatum;2026-05-21;5;2026-05-26;7;ter plaatse;gezien;imago;onbekend;224176.90570914277;190981.5180379087;5.426047;51.024267;FS7055;Houthalen-Helchteren - Huttebeek;Houthalen-Helchteren;Houthalen;Limburg;Observation;J;Goedgekeurd op basis van expertoordeel;1980-01-01;3;;5;Libellen;Coenagrionidae;2026-07-08;591;S;zeer zeldzaam
192569956;192569956;Speerwaterjuffer;Coenagrion hastulatum;2020-05-27;5;2020-05-27;1;ter plaatse;onbekend;onbekend;Man;223421.67717383232;188432.629846422;5.41477155685425;51.0014533996582;FS6952;Zonhoven - Teut;Zonhoven;Zonhoven;Limburg;Meetnetten.be;J;Goedgekeurd op basis van expertoordeel;2021-05-26;3;meetnetten.be: levensfase: imago_ activiteit: ter plaatse;10;Libellen;Coenagrionidae;2026-07-08;591;S;zeer zeldzaam
314152260;314152260;Speerwaterjuffer;Coenagrion hastulatum;2024-05-23;5;2024-06-12;1;ter plaatse;onbekend;imago;Man;223432.8705644313;188457.8279443104;5.41493606567383;51.0016784667969;FS6952;Zonhoven - Teut;Zonhoven;Zonhoven;Limburg;Meetnetten.be;J;Goedgekeurd op basis van expertoordeel;2025-05-22;3;meetnetten.be: life stage: imago_ activity: present;10;Libellen;Coenagrionidae;2026-07-08;591;S;zeer zeldzaam
192569686;192569686;Speerwaterjuffer;Coenagrion hastulatum;2020-05-27;5;2020-05-27;1;ter plaatse;onbekend;onbekend;Man;224345.27099056105;190870.41049304232;5.42842388153076;51.0232467651367;FS7055;Houthalen-Helchteren - Huttebeek;Houthalen-Helchteren;Houthalen;Limburg;Meetnetten.be;J;Goedgekeurd op basis van expertoordeel;2021-05-26;3;meetnetten.be: levensfase: imago_ activiteit: ter plaatse;10;Libellen;Coenagrionidae;2026-07-08;591;S;zeer zeldzaam
243930568;243930568;Speerwaterjuffer;Coenagrion hastulatum;2022-06-02;6;2022-06-02;1;ter plaatse;gezien;imago;Man;223369.45195270044;188418.73710797075;5.4140248298645;51.001335144043;FS6952;Zonhoven - Teut;Zonhoven;Zonhoven;Limburg;ObsMapp;J;Goedgekeurd op basis van expertoordeel;2007-01-01;3;;3;Libellen;Coenagrionidae;2026-07-08;591;S;zeer zeldzaam
401151407;401151407;Speerwaterjuffer;Coenagrion hastulatum;2026-05-21;5;2026-05-26;2;in copula;gezien;imago;onbekend;224178.6008783592;190985.6587405261;5.426072;51.024304;FS7055;Houthalen-Helchteren - Huttebeek;Houthalen-Helchteren;Houthalen;Limburg;Observation;J;Goedgekeurd op basis van expertoordeel;1980-01-01;3;;5;Libellen;Coenagrionidae;2026-07-08;591;S;zeer zeldzaam
314152259;314152259;Speerwaterjuffer;Coenagrion hastulatum;2024-05-23;5;2024-06-12;1;ter plaatse;onbekend;imago;onbekend;223432.7845568663;188454.4314382784;5.4149341583252;51.0016479492188;FS6952;Zonhoven - Teut;Zonhoven;Zonhoven;Limburg;Meetnetten.be;J;Goedgekeurd op basis van expertoordeel;2025-05-22;3;meetnetten.be: life stage: imago_ activity: present;10;Libellen;Coenagrionidae;2026-07-08;591;S;zeer zeldzaam
399762964;399762964;Speerwaterjuffer;Coenagrion hastulatum;2026-05-21;5;2026-05-21;1;ter plaatse;gezien;imago;Man;224168.93112330453;190955.7491415199;5.425928115844727;51.0240364074707;FS7055;Houthalen-Helchteren - Huttebeek;Houthalen-Helchteren;Houthalen;Limburg;ObsMapp;J;Goedgekeurd op basis van expertoordeel;1980-01-01;3;;1;Libellen;Coenagrionidae;2026-07-08;591;S;zeer zeldzaam
314152258;314152258;Speerwaterjuffer;Coenagrion hastulatum;2024-05-23;5;2024-06-12;1;ter plaatse;onbekend;imago;Man;223433.24955049597;188452.31593619287;5.41494035720825;51.0016288757324;FS6952;Zonhoven - Teut;Zonhoven;Zonhoven;Limburg;Meetnetten.be;J;Goedgekeurd op basis van expertoordeel;2025-05-22;3;meetnetten.be: life stage: imago_ activity: present;10;Libellen;Coenagrionidae;2026-07-08;591;S;zeer zeldzaam
192569804;192569804;Speerwaterjuffer;Coenagrion hastulatum;2020-05-27;5;2020-05-27;1;in copula;onbekend;onbekend;onbekend;224394.8646104284;190855.840023336;5.42912769317627;51.0231094360352;FS7055;Houthalen-Helchteren - Huttebeek;Houthalen-Helchteren;Houthalen;Limburg;Meetnetten.be;J;Goedgekeurd op basis van expertoordeel;2021-05-26;3;meetnetten.be: levensfase: imago_ activiteit: copula;10;Libellen;Coenagrionidae;2026-07-08;591;S;zeer zeldzaam
401275785;401275785;Speerwaterjuffer;Coenagrion hastulatum;2026-05-27;5;2026-05-27;1;ter plaatse;gezien;imago;Man;223364.97808365832;188423.21959360223;5.413962;51.001376;FS6952;Zonhoven - Teut;Zonhoven;Zonhoven;Limburg;Observation;J;Goedgekeurd op basis van expertoordeel;1980-01-01;3;;5;Libellen;Coenagrionidae;2026-07-08;591;S;zeer zeldzaam
192569769;192569769;Speerwaterjuffer;Coenagrion hastulatum;2020-05-27;5;2020-05-27;1;ter plaatse;onbekend;onbekend;Man;224386.82226819417;190887.13186843228;5.42901945114136;51.0233917236328;FS7055;Laambeekvallei - Hellebroekvijvers;Houthalen-Helchteren;Houthalen;Limburg;Meetnetten.be;J;Goedgekeurd op basis van expertoordeel;2021-05-26;3;meetnetten.be: levensfase: imago_ activiteit: ter plaatse;10;Libellen;Coenagrionidae;2026-07-08;591;S;zeer zeldzaam
314152256;314152256;Speerwaterjuffer;Coenagrion hastulatum;2024-05-23;5;2024-06-12;1;ter plaatse;onbekend;imago;Man;223433.2160828541;188452.31546430755;5.41493988037109;51.0016288757324;FS6952;Zonhoven - Teut;Zonhoven;Zonhoven;Limburg;Meetnetten.be;J;Goedgekeurd op basis van expertoordeel;2025-05-22;3;meetnetten.be: life stage: imago_ activity: present;10;Libellen;Coenagrionidae;2026-07-08;591;S;zeer zeldzaam
401151419;401151419;Speerwaterjuffer;Coenagrion hastulatum;2026-05-21;5;2026-05-26;3;ter plaatse;gezien;imago;Man;224179.406252746;190988.2291517537;5.426084;51.024327;FS7055;Houthalen-Helchteren - Huttebeek;Houthalen-Helchteren;Houthalen;Limburg;Observation;J;Goedgekeurd op basis van expertoordeel;1980-01-01;3;;5;Libellen;Coenagrionidae;2026-07-08;591;S;zeer zeldzaam
192569606;192569606;Speerwaterjuffer;Coenagrion hastulatum;2020-05-27;5;2020-05-27;1;ter plaatse;onbekend;onbekend;Man;224298.7379534593;190851.0718555851;5.42775678634644;51.023078918457;FS7055;Houthalen-Helchteren - Huttebeek;Houthalen-Helchteren;Houthalen;Limburg;Meetnetten.be;J;Goedgekeurd op basis van expertoordeel;2021-05-26;3;meetnetten.be: levensfase: imago_ activiteit: ter plaatse;10;Libellen;Coenagrionidae;2026-07-08;591;S;zeer zeldzaam
401151421;401151421;Speerwaterjuffer;Coenagrion hastulatum;2026-05-21;5;2026-05-26;1;ter plaatse;gezien;imago;onbekend;224178.40826599323;190989.32751108427;5.42607;51.024337;FS7055;Houthalen-Helchteren - Huttebeek;Houthalen-Helchteren;Houthalen;Limburg;Observation;J;Goedgekeurd op basis van expertoordeel;1980-01-01;3;;5;Libellen;Coenagrionidae;2026-07-08;591;S;zeer zeldzaam
314152254;314152254;Speerwaterjuffer;Coenagrion hastulatum;2024-05-23;5;2024-06-12;1;ter plaatse;onbekend;imago;Man;223432.43679075156;188450.60682993103;5.4149284362793;51.0016136169434;FS6952;Zonhoven - Teut;Zonhoven;Zonhoven;Limburg;Meetnetten.be;J;Goedgekeurd op basis van expertoordeel;2025-05-22;3;meetnetten.be: life stage: imago_ activity: present;10;Libellen;Coenagrionidae;2026-07-08;591;S;zeer zeldzaam
314152251;314152251;Speerwaterjuffer;Coenagrion hastulatum;2024-05-23;5;2024-06-12;1;ter plaatse;onbekend;imago;Man;223427.2782558337;188431.8599870764;5.41485118865967;51.0014457702637;FS6952;Zonhoven - Teut;Zonhoven;Zonhoven;Limburg;Meetnetten.be;J;Goedgekeurd op basis van expertoordeel;2025-05-22;3;meetnetten.be: life stage: imago_ activity: present;10;Libellen;Coenagrionidae;2026-07-08;591;S;zeer zeldzaam
314152212;314152212;Speerwaterjuffer;Coenagrion hastulatum;2024-05-23;5;2024-06-12;1;ter plaatse;onbekend;imago;Man;223400.3207389368;188477.74086376184;5.41447639465332;51.0018615722656;FS6952;Zonhoven - Teut;Zonhoven;Zonhoven;Limburg;Meetnetten.be;J;Goedgekeurd op basis van expertoordeel;2025-05-22;3;meetnetten.be: life stage: imago_ activity: present;10;Libellen;Coenagrionidae;2026-07-08;591;S;zeer zeldzaam
401151427;401151427;Speerwaterjuffer;Coenagrion hastulatum;2026-05-21;5;2026-05-26;1;ter plaatse;gezien;imago;Man;224192.65637008517;190998.8762365384;5.426275;51.024421;FS7055;Houthalen-Helchteren - Huttebeek;Houthalen-Helchteren;Houthalen;Limburg;Observation;J;Goedgekeurd op basis van expertoordeel;1980-01-01;3;;5;Libellen;Coenagrionidae;2026-07-08;591;S;zeer zeldzaam
192565729;192565729;Speerwaterjuffer;Coenagrion hastulatum;2020-05-27;5;2020-05-27;2;in copula;onbekend;imago;onbekend;223420.91683518537;188534.05352170672;5.41478109359741;51.0023651123047;FS6952;Zonhoven - Teut;Zonhoven;Zonhoven;Limburg;ObsMapp;J;Goedgekeurd op basis van expertoordeel;2007-01-01;3;;25;Libellen;Coenagrionidae;2026-07-08;591;S;zeer zeldzaam
192569603;192569603;Speerwaterjuffer;Coenagrion hastulatum;2020-05-27;5;2020-05-27;1;ter plaatse;onbekend;onbekend;Man;224299.3121254813;190841.3184896205;5.42776298522949;51.0229911804199;FS7055;Houthalen-Helchteren - Huttebeek;Houthalen-Helchteren;Houthalen;Limburg;Meetnetten.be;J;Goedgekeurd op basis van expertoordeel;2021-05-26;3;meetnetten.be: levensfase: imago_ activiteit: ter plaatse;10;Libellen;Coenagrionidae;2026-07-08;591;S;zeer zeldzaam
192569678;192569678;Speerwaterjuffer;Coenagrion hastulatum;2020-05-27;5;2020-05-27;1;in copula;onbekend;onbekend;onbekend;224342.5490030693;190866.55187823065;5.42838430404663;51.0232124328613;FS7055;Houthalen-Helchteren - Huttebeek;Houthalen-Helchteren;Houthalen;Limburg;Meetnetten.be;J;Goedgekeurd op basis van expertoordeel;2021-05-26;3;meetnetten.be: levensfase: imago_ activiteit: copula;10;Libellen;Coenagrionidae;2026-07-08;591;S;zeer zeldzaam
401151433;401151433;Speerwaterjuffer;Coenagrion hastulatum;2026-05-21;5;2026-05-26;1;ter plaatse;gezien;imago;Man;224193.90087859277;191010.0197786428;5.426295;51.024521;FS7055;Houthalen-Helchteren - Huttebeek;Houthalen-Helchteren;Houthalen;Limburg;Observation;J;Goedgekeurd op basis van expertoordeel;1980-01-01;3;;5;Libellen;Coenagrionidae;2026-07-08;591;S;zeer zeldzaam
401151437;401151437;Speerwaterjuffer;Coenagrion hastulatum;2026-05-21;5;2026-05-26;1;ter plaatse;gezien;imago;onbekend;224201.1079249554;191016.3529542014;5.426399;51.024577;FS7055;Houthalen-Helchteren - Huttebeek;Houthalen-Helchteren;Houthalen;Limburg;Observation;J;Goedgekeurd op basis van expertoordeel;1980-01-01;3;;5;Libellen;Coenagrionidae;2026-07-08;591;S;zeer zeldzaam
401151443;401151443;Speerwaterjuffer;Coenagrion hastulatum;2026-05-21;5;2026-05-26;1;ter plaatse;gezien;imago;onbekend;224209.4243219414;191018.6966644665;5.426518;51.024597;FS7055;Houthalen-Helchteren - Huttebeek;Houthalen-Helchteren;Houthalen;Limburg;Observation;J;Goedgekeurd op basis van expertoordeel;1980-01-01;3;;5;Libellen;Coenagrionidae;2026-07-08;591;S;zeer zeldzaam
192569764;192569764;Speerwaterjuffer;Coenagrion hastulatum;2020-05-27;5;2020-05-27;1;ter plaatse;onbekend;onbekend;Man;224384.1065925581;190887.5174796926;5.42898082733154;51.0233955383301;FS7055;Houthalen-Helchteren - Huttebeek;Houthalen-Helchteren;Houthalen;Limburg;Meetnetten.be;J;Goedgekeurd op basis van expertoordeel;2021-05-26;3;meetnetten.be: levensfase: imago_ activiteit: ter plaatse;10;Libellen;Coenagrionidae;2026-07-08;591;S;zeer zeldzaam
192569601;192569601;Speerwaterjuffer;Coenagrion hastulatum;2020-05-27;5;2020-05-27;1;ter plaatse;onbekend;onbekend;Man;224300.3915408667;190838.3629858764;5.4277777671814;51.0229644775391;FS7055;Houthalen-Helchteren - Huttebeek;Houthalen-Helchteren;Houthalen;Limburg;Meetnetten.be;J;Goedgekeurd op basis van expertoordeel;2021-05-26;3;meetnetten.be: levensfase: imago_ activiteit: ter plaatse;10;Libellen;Coenagrionidae;2026-07-08;591;S;zeer zeldzaam
405253156;405253156;Speerwaterjuffer;Coenagrion hastulatum;2026-06-15;6;2026-06-15;1;ter plaatse;gezien;imago;Man;224224.4155463953;190995.40135533176;5.426726918553298;51.02438569808383;FS7055;Houthalen-Helchteren - Huttebeek;Houthalen-Helchteren;Houthalen;Limburg;Observation;J;Goedgekeurd op basis van bewijsmateriaal;1980-01-01;3;;5;Libellen;Coenagrionidae;2026-07-08;591;S;zeer zeldzaam
192569600;192569600;Speerwaterjuffer;Coenagrion hastulatum;2020-05-27;5;2020-05-27;1;in copula;onbekend;onbekend;onbekend;224300.32463622905;190838.3620309709;5.42777681350708;51.0229644775391;FS7055;Houthalen-Helchteren - Huttebeek;Houthalen-Helchteren;Houthalen;Limburg;Meetnetten.be;J;Goedgekeurd op basis van expertoordeel;2021-05-26;3;meetnetten.be: levensfase: imago_ activiteit: copula;10;Libellen;Coenagrionidae;2026-07-08;591;S;zeer zeldzaam
401151450;401151450;Speerwaterjuffer;Coenagrion hastulatum;2026-05-21;5;2026-05-26;1;ter plaatse;gezien;imago;Man;224220.12160274788;191006.61078601703;5.426668;51.024487;FS7055;Houthalen-Helchteren - Huttebeek;Houthalen-Helchteren;Houthalen;Limburg;Observation;J;Goedgekeurd op basis van expertoordeel;1980-01-01;3;;5;Libellen;Coenagrionidae;2026-07-08;591;S;zeer zeldzaam
192569593;192569593;Speerwaterjuffer;Coenagrion hastulatum;2020-05-27;5;2020-05-27;1;ter plaatse;onbekend;onbekend;Man;224300.3794282685;190839.2116443496;5.4277777671814;51.0229721069336;FS7055;Houthalen-Helchteren - Huttebeek;Houthalen-Helchteren;Houthalen;Limburg;Meetnetten.be;J;Goedgekeurd op basis van expertoordeel;2021-05-26;3;meetnetten.be: levensfase: imago_ activiteit: ter plaatse;10;Libellen;Coenagrionidae;2026-07-08;591;S;zeer zeldzaam
311696379;311696379;Speerwaterjuffer;Coenagrion hastulatum;2024-05-23;5;2024-05-26;1;ter plaatse;onbekend;imago;Man;223413.9698945416;188526.3214780744;5.414680581125103;51.0022964953738;FS6952;Zonhoven - Teut;Zonhoven;Zonhoven;Limburg;iObs;J;Goedgekeurd op basis van expertoordeel;1980-01-01;4;;12;Libellen;Coenagrionidae;2026-07-08;591;S;zeer zeldzaam
192569572;192569572;Speerwaterjuffer;Coenagrion hastulatum;2020-05-27;5;2020-05-27;1;in copula;onbekend;onbekend;onbekend;224315.47111816896;190815.6597863566;5.42798805236816;51.0227584838867;FS7055;Houthalen-Helchteren - Huttebeek;Houthalen-Helchteren;Houthalen;Limburg;Meetnetten.be;J;Goedgekeurd op basis van expertoordeel;2021-05-26;3;meetnetten.be: levensfase: imago_ activiteit: copula;10;Libellen;Coenagrionidae;2026-07-08;591;S;zeer zeldzaam
192569740;192569740;Speerwaterjuffer;Coenagrion hastulatum;2020-05-27;5;2020-05-27;1;ter plaatse;onbekend;onbekend;Man;224369.1414229592;190888.152497801;5.42876768112183;51.0234031677246;FS7055;Houthalen-Helchteren - Huttebeek;Houthalen-Helchteren;Houthalen;Limburg;Meetnetten.be;J;Goedgekeurd op basis van expertoordeel;2021-05-26;3;meetnetten.be: levensfase: imago_ activiteit: ter plaatse;10;Libellen;Coenagrionidae;2026-07-08;591;S;zeer zeldzaam
314152209;314152209;Speerwaterjuffer;Coenagrion hastulatum;2024-05-23;5;2024-06-12;1;ter plaatse;onbekend;imago;Man;223421.5570655616;188476.7669653613;5.41477870941162;51.0018501281738;FS6952;Zonhoven - Teut;Zonhoven;Zonhoven;Limburg;Meetnetten.be;J;Goedgekeurd op basis van expertoordeel;2025-05-22;3;meetnetten.be: life stage: imago_ activity: present;10;Libellen;Coenagrionidae;2026-07-08;591;S;zeer zeldzaam
192569592;192569592;Speerwaterjuffer;Coenagrion hastulatum;2020-05-27;5;2020-05-27;1;ter plaatse;onbekend;onbekend;Man;224302.30437948412;190837.9658718044;5.42780494689941;51.0229606628418;FS7055;Houthalen-Helchteren - Huttebeek;Houthalen-Helchteren;Houthalen;Limburg;Meetnetten.be;J;Goedgekeurd op basis van expertoordeel;2021-05-26;3;meetnetten.be: levensfase: imago_ activiteit: ter plaatse;10;Libellen;Coenagrionidae;2026-07-08;591;S;zeer zeldzaam
311696257;311696257;Speerwaterjuffer;Coenagrion hastulatum;2024-05-23;5;2024-05-26;10;ter plaatse;onbekend;imago;Man;224198.91935300053;191002.5257603554;5.4263650000000325;51.024453;FS7055;Houthalen-Helchteren - Huttebeek;Houthalen-Helchteren;Houthalen;Limburg;iObs;J;Goedgekeurd op basis van bewijsmateriaal;1980-01-01;4;;25;Libellen;Coenagrionidae;2026-07-08;591;S;zeer zeldzaam
192569582;192569582;Speerwaterjuffer;Coenagrion hastulatum;2020-05-27;5;2020-05-27;1;in copula;onbekend;onbekend;onbekend;224305.0619081398;190825.2727605272;5.4278416633606;51.0228462219238;FS7055;Houthalen-Helchteren - Huttebeek;Houthalen-Helchteren;Houthalen;Limburg;Meetnetten.be;J;Goedgekeurd op basis van expertoordeel;2021-05-26;3;meetnetten.be: levensfase: imago_ activiteit: copula;10;Libellen;Coenagrionidae;2026-07-08;591;S;zeer zeldzaam
192569579;192569579;Speerwaterjuffer;Coenagrion hastulatum;2020-05-27;5;2020-05-27;1;ter plaatse;onbekend;onbekend;Man;224310.21619121067;190818.131266403;5.42791366577148;51.0227813720703;FS7055;Houthalen-Helchteren - Huttebeek;Houthalen-Helchteren;Houthalen;Limburg;Meetnetten.be;J;Goedgekeurd op basis van expertoordeel;2021-05-26;3;meetnetten.be: levensfase: imago_ activiteit: ter plaatse;10;Libellen;Coenagrionidae;2026-07-08;591;S;zeer zeldzaam
192569739;192569739;Speerwaterjuffer;Coenagrion hastulatum;2020-05-27;5;2020-05-27;1;ter plaatse;onbekend;onbekend;Man;224369.1414229592;190888.152497801;5.42876768112183;51.0234031677246;FS7055;Houthalen-Helchteren - Huttebeek;Houthalen-Helchteren;Houthalen;Limburg;Meetnetten.be;J;Goedgekeurd op basis van expertoordeel;2021-05-26;3;meetnetten.be: levensfase: imago_ activiteit: ter plaatse;10;Libellen;Coenagrionidae;2026-07-08;591;S;zeer zeldzaam
244748843;244748843;Speerwaterjuffer;Coenagrion hastulatum;2022-06-02;6;2022-06-09;1;ter plaatse;onbekend;imago;Man;223386.03136712377;188470.32449876424;5.41427135467529;51.0017967224121;FS6952;Zonhoven - Teut;Zonhoven;Zonhoven;Limburg;Meetnetten.be;J;Goedgekeurd op basis van expertoordeel;2023-06-01;3;meetnetten.be: levensfase: imago_ activiteit: ter plaatse;10;Libellen;Coenagrionidae;2026-07-08;591;S;zeer zeldzaam
244748844;244748844;Speerwaterjuffer;Coenagrion hastulatum;2022-06-02;6;2022-06-09;1;ter plaatse;onbekend;imago;Man;223381.8622886303;188466.87046217453;5.41421127319336;51.001766204834;FS6952;Zonhoven - Teut;Zonhoven;Zonhoven;Limburg;Meetnetten.be;J;Goedgekeurd op basis van expertoordeel;2023-06-01;3;meetnetten.be: levensfase: imago_ activiteit: ter plaatse;10;Libellen;Coenagrionidae;2026-07-08;591;S;zeer zeldzaam
314152208;314152208;Speerwaterjuffer;Coenagrion hastulatum;2024-05-23;5;2024-06-12;1;ter plaatse;onbekend;imago;Man;223430.65216554533;188456.09901944548;5.41490411758423;51.0016632080078;FS6952;Zonhoven - Teut;Zonhoven;Zonhoven;Limburg;Meetnetten.be;J;Goedgekeurd op basis van expertoordeel;2025-05-22;3;meetnetten.be: life stage: imago_ activity: present;10;Libellen;Coenagrionidae;2026-07-08;591;S;zeer zeldzaam
314152180;314152180;Speerwaterjuffer;Coenagrion hastulatum;2024-05-23;5;2024-06-12;1;ter plaatse;onbekend;imago;Man;223301.4844591636;188393.58861425985;5.41305160522461;51.0011177062988;FS6952;Zonhoven - Teut;Zonhoven;Zonhoven;Limburg;Meetnetten.be;J;Goedgekeurd op basis van expertoordeel;2025-05-22;3;meetnetten.be: life stage: imago_ activity: present;10;Libellen;Coenagrionidae;2026-07-08;591;S;zeer zeldzaam
314152177;314152177;Speerwaterjuffer;Coenagrion hastulatum;2024-05-23;5;2024-06-12;1;ter plaatse;onbekend;imago;Man;223300.6191421608;188400.3670187732;5.41304063796997;51.0011787414551;FS6952;Zonhoven - Teut;Zonhoven;Zonhoven;Limburg;Meetnetten.be;J;Goedgekeurd op basis van expertoordeel;2025-05-22;3;meetnetten.be: life stage: imago_ activity: present;10;Libellen;Coenagrionidae;2026-07-08;591;S;zeer zeldzaam
314152174;314152174;Speerwaterjuffer;Coenagrion hastulatum;2024-05-23;5;2024-06-12;1;ter plaatse;onbekend;imago;Man;223296.88030995;188402.01204511523;5.41298770904541;51.0011940002441;FS6952;Zonhoven - Teut;Zonhoven;Zonhoven;Limburg;Meetnetten.be;J;Goedgekeurd op basis van expertoordeel;2025-05-22;3;meetnetten.be: life stage: imago_ activity: present;10;Libellen;Coenagrionidae;2026-07-08;591;S;zeer zeldzaam
192569738;192569738;Speerwaterjuffer;Coenagrion hastulatum;2020-05-27;5;2020-05-27;1;ter plaatse;onbekend;onbekend;Man;224369.1414229592;190888.152497801;5.42876768112183;51.0234031677246;FS7055;Houthalen-Helchteren - Huttebeek;Houthalen-Helchteren;Houthalen;Limburg;Meetnetten.be;J;Goedgekeurd op basis van expertoordeel;2021-05-26;3;meetnetten.be: levensfase: imago_ activiteit: ter plaatse;10;Libellen;Coenagrionidae;2026-07-08;591;S;zeer zeldzaam
215964032;215964032;Speerwaterjuffer;Coenagrion hastulatum;2021-06-01;6;2021-06-05;1;ter plaatse;onbekend;imago;Man;225301.7106049512;188342.33448743727;5.44153356552124;51.0004005432129;FS7152;Zonhoven - Teut;Zonhoven;Zonhoven;Limburg;ObsMapp;J;Goedgekeurd op basis van expertoordeel;2007-01-01;3;;3;Libellen;Coenagrionidae;2026-07-08;591;S;zeer zeldzaam
275214191;275214191;Speerwaterjuffer;Coenagrion hastulatum;2023-06-06;6;2023-06-07;2;ter plaatse;onbekend;imago;Man;224311.693192288;190852.95443635716;5.42794179916382;51.0230941772461;FS7055;Houthalen-Helchteren - Huttebeek;Houthalen-Helchteren;Houthalen;Limburg;Meetnetten.be;J;Goedgekeurd op basis van expertoordeel;2024-06-04;3;meetnetten.be: life stage: imago_ activity: present;10;Libellen;Coenagrionidae;2026-07-08;591;S;zeer zeldzaam
401151451;401151451;Speerwaterjuffer;Coenagrion hastulatum;2026-05-21;5;2026-05-26;2;ter plaatse;gezien;imago;Man;224222.29595692983;191001.7464332953;5.426698;51.024443;FS7055;Houthalen-Helchteren - Huttebeek;Houthalen-Helchteren;Houthalen;Limburg;Observation;J;Goedgekeurd op basis van expertoordeel;1980-01-01;3;;5;Libellen;Coenagrionidae;2026-07-08;591;S;zeer zeldzaam
401151454;401151454;Speerwaterjuffer;Coenagrion hastulatum;2026-05-21;5;2026-05-26;1;ter plaatse;gezien;imago;Man;224223.82942667007;190997.54049180727;5.426719;51.024405;FS7055;Houthalen-Helchteren - Huttebeek;Houthalen-Helchteren;Houthalen;Limburg;Observation;J;Goedgekeurd op basis van expertoordeel;1980-01-01;3;;5;Libellen;Coenagrionidae;2026-07-08;591;S;zeer zeldzaam
401151456;401151456;Speerwaterjuffer;Coenagrion hastulatum;2026-05-21;5;2026-05-26;1;ter plaatse;gezien;imago;Man;224223.10691632167;190994.08119038583;5.426708;51.024374;FS7055;Houthalen-Helchteren - Huttebeek;Houthalen-Helchteren;Houthalen;Limburg;Observation;J;Goedgekeurd op basis van expertoordeel;1980-01-01;3;;5;Libellen;Coenagrionidae;2026-07-08;591;S;zeer zeldzaam
192569560;192569560;Speerwaterjuffer;Coenagrion hastulatum;2020-05-27;5;2020-05-27;1;in copula;onbekend;onbekend;onbekend;224316.5992798585;190813.9782288661;5.42800378799438;51.0227432250977;FS7055;Houthalen-Helchteren - Huttebeek;Houthalen-Helchteren;Houthalen;Limburg;Meetnetten.be;J;Goedgekeurd op basis van expertoordeel;2021-05-26;3;meetnetten.be: levensfase: imago_ activiteit: copula;10;Libellen;Coenagrionidae;2026-07-08;591;S;zeer zeldzaam
244748699;244748699;Speerwaterjuffer;Coenagrion hastulatum;2022-06-02;6;2022-06-09;1;in copula;onbekend;imago;onbekend;223400.1086134817;188407.28554595727;5.41445922851563;51.0012283325195;FS6952;Zonhoven - Teut;Zonhoven;Zonhoven;Limburg;Meetnetten.be;J;Goedgekeurd op basis van expertoordeel;2023-06-01;3;meetnetten.be: levensfase: imago_ activiteit: copula;10;Libellen;Coenagrionidae;2026-07-08;591;S;zeer zeldzaam
243930550;243930550;Speerwaterjuffer;Coenagrion hastulatum;2022-06-02;6;2022-06-02;1;ter plaatse;gezien;imago;Man;223313.4396527736;188386.1174824601;5.41322040557861;51.001049041748;FS6952;Zonhoven - Teut;Zonhoven;Zonhoven;Limburg;ObsMapp;J;Goedgekeurd op basis van expertoordeel;2007-01-01;3;;3;Libellen;Coenagrionidae;2026-07-08;591;S;zeer zeldzaam
192569646;192569646;Speerwaterjuffer;Coenagrion hastulatum;2020-05-27;5;2020-05-27;1;ter plaatse;onbekend;onbekend;Man;224335.90654320503;190853.7245503692;5.42828702926636;51.0230979919434;FS7055;Houthalen-Helchteren - Huttebeek;Houthalen-Helchteren;Houthalen;Limburg;Meetnetten.be;J;Goedgekeurd op basis van expertoordeel;2021-05-26;3;meetnetten.be: levensfase: imago_ activiteit: ter plaatse;10;Libellen;Coenagrionidae;2026-07-08;591;S;zeer zeldzaam
192569736;192569736;Speerwaterjuffer;Coenagrion hastulatum;2020-05-27;5;2020-05-27;1;ter plaatse;onbekend;onbekend;Man;224368.84933647743;190885.177414353;5.42876291275024;51.0233764648438;FS7055;Houthalen-Helchteren - Huttebeek;Houthalen-Helchteren;Houthalen;Limburg;Meetnetten.be;J;Goedgekeurd op basis van expertoordeel;2021-05-26;3;meetnetten.be: levensfase: imago_ activiteit: ter plaatse;10;Libellen;Coenagrionidae;2026-07-08;591;S;zeer zeldzaam
244748675;244748675;Speerwaterjuffer;Coenagrion hastulatum;2022-06-02;6;2022-06-09;1;ter plaatse;onbekend;imago;Man;223364.4317499257;188430.54991236888;5.41395568847656;51.0014419555664;FS6952;Zonhoven - Teut;Zonhoven;Zonhoven;Limburg;Meetnetten.be;J;Goedgekeurd op basis van expertoordeel;2023-06-01;3;meetnetten.be: levensfase: imago_ activiteit: ter plaatse;10;Libellen;Coenagrionidae;2026-07-08;591;S;zeer zeldzaam
244748708;244748708;Speerwaterjuffer;Coenagrion hastulatum;2022-06-02;6;2022-06-09;1;ter plaatse;onbekend;imago;Man;223413.447935734;188410.86884990332;5.41464996337891;51.0012588500977;FS6952;Zonhoven - Teut;Zonhoven;Zonhoven;Limburg;Meetnetten.be;J;Goedgekeurd op basis van expertoordeel;2023-06-01;3;meetnetten.be: levensfase: imago_ activiteit: ter plaatse;10;Libellen;Coenagrionidae;2026-07-08;591;S;zeer zeldzaam
357028926;357028926;Speerwaterjuffer;Coenagrion hastulatum;2025-06-12;6;2025-06-17;1;ter plaatse;gezien;imago;onbekend;224224.47708923696;190996.21413011383;5.426727960810449;51.02439299550859;FS7055;Houthalen-Helchteren - Huttebeek;Houthalen-Helchteren;Houthalen;Limburg;Observation;J;Goedgekeurd op basis van expertoordeel;1980-01-01;3;;5;Libellen;Coenagrionidae;2026-07-08;591;S;zeer zeldzaam
192569677;192569677;Speerwaterjuffer;Coenagrion hastulatum;2020-05-27;5;2020-05-27;1;in copula;onbekend;onbekend;onbekend;224342.5490030693;190866.55187823065;5.42838430404663;51.0232124328613;FS7055;Houthalen-Helchteren - Huttebeek;Houthalen-Helchteren;Houthalen;Limburg;Meetnetten.be;J;Goedgekeurd op basis van expertoordeel;2021-05-26;3;meetnetten.be: levensfase: imago_ activiteit: copula;10;Libellen;Coenagrionidae;2026-07-08;591;S;zeer zeldzaam
192569641;192569641;Speerwaterjuffer;Coenagrion hastulatum;2020-05-27;5;2020-05-27;1;ter plaatse;onbekend;onbekend;Man;224335.85491336384;190854.99706033804;5.4282865524292;51.0231094360352;FS7055;Houthalen-Helchteren - Huttebeek;Houthalen-Helchteren;Houthalen;Limburg;Meetnetten.be;J;Goedgekeurd op basis van expertoordeel;2021-05-26;3;meetnetten.be: levensfase: imago_ activiteit: ter plaatse;10;Libellen;Coenagrionidae;2026-07-08;591;S;zeer zeldzaam
275214186;275214186;Speerwaterjuffer;Coenagrion hastulatum;2023-06-06;6;2023-06-07;1;ter plaatse;onbekend;imago;Man;224319.85869780905;190855.19308272933;5.42805862426758;51.0231132507324;FS7055;Houthalen-Helchteren - Huttebeek;Houthalen-Helchteren;Houthalen;Limburg;Meetnetten.be;J;Goedgekeurd op basis van expertoordeel;2024-06-04;3;meetnetten.be: life stage: imago_ activity: present;10;Libellen;Coenagrionidae;2026-07-08;591;S;zeer zeldzaam
192569565;192569565;Speerwaterjuffer;Coenagrion hastulatum;2020-05-27;5;2020-05-27;1;ter plaatse;onbekend;onbekend;Man;224315.56831062768;190813.53909550796;5.42798900604248;51.0227394104004;FS7055;Houthalen-Helchteren - Huttebeek;Houthalen-Helchteren;Houthalen;Limburg;Meetnetten.be;J;Goedgekeurd op basis van expertoordeel;2021-05-26;3;meetnetten.be: levensfase: imago_ activiteit: ter plaatse;10;Libellen;Coenagrionidae;2026-07-08;591;S;zeer zeldzaam
275214108;275214108;Speerwaterjuffer;Coenagrion hastulatum;2023-06-06;6;2023-06-07;1;ter plaatse;onbekend;imago;Man;223403.73028143743;188411.5807040073;5.41451168060303;51.0012664794922;FS6952;Zonhoven - Teut;Zonhoven;Zonhoven;Limburg;Meetnetten.be;J;Goedgekeurd op basis van expertoordeel;2024-06-04;3;meetnetten.be: life stage: imago_ activity: present;10;Libellen;Coenagrionidae;2026-07-08;591;S;zeer zeldzaam
244387424;244387424;Speerwaterjuffer;Coenagrion hastulatum;2022-06-02;6;2022-06-06;1;ter plaatse;gezien;imago;Man;223524.80889800604;188553.76889386863;5.41626501083374;51.0025291442871;FS6952;Zonhoven - Teut;Zonhoven;Zonhoven;Limburg;ObsMapp;J;Goedgekeurd op basis van expertoordeel;2007-01-01;3;;7;Libellen;Coenagrionidae;2026-07-08;591;S;zeer zeldzaam
244387421;244387421;Speerwaterjuffer;Coenagrion hastulatum;2022-06-02;6;2022-06-06;5;ter plaatse;gezien;imago;Man;223529.09370769607;188558.49791761956;5.41632699966431;51.002571105957;FS6952;Zonhoven - Teut;Zonhoven;Zonhoven;Limburg;ObsMapp;J;Goedgekeurd op basis van expertoordeel;2007-01-01;3;;3;Libellen;Coenagrionidae;2026-07-08;591;S;zeer zeldzaam
244387420;244387420;Speerwaterjuffer;Coenagrion hastulatum;2022-06-02;6;2022-06-06;2;in copula;gezien;imago;onbekend;223529.03276458965;188558.07264530007;5.41632604598999;51.0025672912598;FS6952;Zonhoven - Teut;Zonhoven;Zonhoven;Limburg;ObsMapp;J;Goedgekeurd op basis van expertoordeel;2007-01-01;3;;3;Libellen;Coenagrionidae;2026-07-08;591;S;zeer zeldzaam
244748707;244748707;Speerwaterjuffer;Coenagrion hastulatum;2022-06-02;6;2022-06-09;1;in copula;onbekend;imago;onbekend;223413.2076791652;188411.28987488523;5.4146466255188;51.0012626647949;FS6952;Zonhoven - Teut;Zonhoven;Zonhoven;Limburg;Meetnetten.be;J;Goedgekeurd op basis van expertoordeel;2023-06-01;3;meetnetten.be: levensfase: imago_ activiteit: copula;10;Libellen;Coenagrionidae;2026-07-08;591;S;zeer zeldzaam
244387415;244387415;Speerwaterjuffer;Coenagrion hastulatum;2022-06-02;6;2022-06-06;1;ter plaatse;gezien;imago;Man;223534.03132441547;188557.29439542443;5.41639709472656;51.0025596618652;FS6952;Zonhoven - Teut;Zonhoven;Zonhoven;Limburg;ObsMapp;J;Goedgekeurd op basis van expertoordeel;2007-01-01;3;;3;Libellen;Coenagrionidae;2026-07-08;591;S;zeer zeldzaam
192569573;192569573;Speerwaterjuffer;Coenagrion hastulatum;2020-05-27;5;2020-05-27;1;ter plaatse;onbekend;onbekend;Man;224315.1913834957;190816.5046243593;5.4279842376709;51.0227661132813;FS7055;Houthalen-Helchteren - Huttebeek;Houthalen-Helchteren;Houthalen;Limburg;Meetnetten.be;J;Goedgekeurd op basis van expertoordeel;2021-05-26;3;meetnetten.be: levensfase: imago_ activiteit: ter plaatse;10;Libellen;Coenagrionidae;2026-07-08;591;S;zeer zeldzaam
399753548;399753548;Speerwaterjuffer;Coenagrion hastulatum;2026-05-21;5;2026-05-21;2;tandem;gezien;imago;onbekend;224309.4196671849;190822.3640531544;5.427903175354004;51.02281951904297;FS7055;Houthalen-Helchteren - Huttebeek;Houthalen-Helchteren;Houthalen;Limburg;ObsMapp;J;Goedgekeurd op basis van expertoordeel;1980-01-01;3;;3;Libellen;Coenagrionidae;2026-07-08;591;S;zeer zeldzaam
399753550;399753550;Speerwaterjuffer;Coenagrion hastulatum;2026-05-21;5;2026-05-21;2;ter plaatse;gezien;imago;Man;224318.26268204232;190812.30431267156;5.428027153015137;51.022727966308594;FS7055;Houthalen-Helchteren - Huttebeek;Houthalen-Helchteren;Houthalen;Limburg;ObsMapp;J;Goedgekeurd op basis van expertoordeel;1980-01-01;3;;5;Libellen;Coenagrionidae;2026-07-08;591;S;zeer zeldzaam
399753565;399753565;Speerwaterjuffer;Coenagrion hastulatum;2026-05-21;5;2026-05-21;1;ter plaatse;gezien;imago;Man;224167.0525933694;190965.48393775336;5.4259033203125;51.02412414550781;FS7055;Houthalen-Helchteren - Huttebeek;Houthalen-Helchteren;Houthalen;Limburg;ObsMapp;J;Goedgekeurd op basis van expertoordeel;1980-01-01;3;;3;Libellen;Coenagrionidae;2026-07-08;591;S;zeer zeldzaam
401151458;401151458;Speerwaterjuffer;Coenagrion hastulatum;2026-05-21;5;2026-05-26;1;dood;gezien;imago;onbekend;224223.94240216608;190994.53813521285;5.42672;51.024378;FS7055;Houthalen-Helchteren - Huttebeek;Houthalen-Helchteren;Houthalen;Limburg;Observation;J;Goedgekeurd op basis van expertoordeel;1980-01-01;3;;5;Libellen;Coenagrionidae;2026-07-08;591;S;zeer zeldzaam
215649386;215649386;Speerwaterjuffer;Coenagrion hastulatum;2021-06-01;6;2021-06-02;2;in copula;gezien;imago;onbekend;223368.75986709795;188425.0935316645;5.41401624679565;51.001392364502;FS6952;Zonhoven - Teut;Zonhoven;Zonhoven;Limburg;ObsMapp;J;Goedgekeurd op basis van bewijsmateriaal;2007-01-01;3;;4;Libellen;Coenagrionidae;2026-07-08;591;S;zeer zeldzaam
215649389;215649389;Speerwaterjuffer;Coenagrion hastulatum;2021-06-01;6;2021-06-02;1;ter plaatse;gezien;imago;Man;224297.38977220573;190835.34923386291;5.427734375;51.0229377746582;FS7055;Houthalen-Helchteren - Huttebeek;Houthalen-Helchteren;Houthalen;Limburg;ObsMapp;J;Goedgekeurd op basis van bewijsmateriaal;2007-01-01;3;;8;Libellen;Coenagrionidae;2026-07-08;591;S;zeer zeldzaam
275214098;275214098;Speerwaterjuffer;Coenagrion hastulatum;2023-06-06;6;2023-06-07;1;ter plaatse;onbekend;imago;Man;223378.63387182364;188465.5517402701;5.41416501998901;51.0017547607422;FS6952;Zonhoven - Teut;Zonhoven;Zonhoven;Limburg;Meetnetten.be;J;Goedgekeurd op basis van expertoordeel;2024-06-04;3;meetnetten.be: life stage: imago_ activity: present;10;Libellen;Coenagrionidae;2026-07-08;591;S;zeer zeldzaam
275214096;275214096;Speerwaterjuffer;Coenagrion hastulatum;2023-06-06;6;2023-06-07;1;in copula;onbekend;imago;onbekend;223387.81112521555;188469.9251654651;5.41429662704468;51.0017929077148;FS6952;Zonhoven - Teut;Zonhoven;Zonhoven;Limburg;Meetnetten.be;J;Goedgekeurd op basis van expertoordeel;2024-06-04;3;meetnetten.be: life stage: imago_ activity: copula;10;Libellen;Coenagrionidae;2026-07-08;591;S;zeer zeldzaam
275214095;275214095;Speerwaterjuffer;Coenagrion hastulatum;2023-06-06;6;2023-06-07;1;ter plaatse;onbekend;imago;Man;223404.0344799955;188473.1246762816;5.41452836990356;51.0018196105957;FS6952;Zonhoven - Teut;Zonhoven;Zonhoven;Limburg;Meetnetten.be;J;Goedgekeurd op basis van expertoordeel;2024-06-04;3;meetnetten.be: life stage: imago_ activity: present;10;Libellen;Coenagrionidae;2026-07-08;591;S;zeer zeldzaam
244748664;244748664;Speerwaterjuffer;Coenagrion hastulatum;2022-06-02;6;2022-06-09;1;ter plaatse;onbekend;imago;Man;223353.7471597317;188445.25381990988;5.41380643844604;51.0015754699707;FS6952;Zonhoven - Teut;Zonhoven;Zonhoven;Limburg;Meetnetten.be;J;Goedgekeurd op basis van expertoordeel;2023-06-01;3;meetnetten.be: levensfase: imago_ activiteit: ter plaatse;10;Libellen;Coenagrionidae;2026-07-08;591;S;zeer zeldzaam
275214094;275214094;Speerwaterjuffer;Coenagrion hastulatum;2023-06-06;6;2023-06-07;1;ter plaatse;onbekend;imago;Man;223406.93419163508;188474.01436941695;5.41456985473633;51.0018272399902;FS6952;Zonhoven - Teut;Zonhoven;Zonhoven;Limburg;Meetnetten.be;J;Goedgekeurd op basis van expertoordeel;2024-06-04;3;meetnetten.be: life stage: imago_ activity: present;10;Libellen;Coenagrionidae;2026-07-08;591;S;zeer zeldzaam
244387414;244387414;Speerwaterjuffer;Coenagrion hastulatum;2022-06-02;6;2022-06-06;1;ter plaatse;gezien;imago;Man;223534.48291820983;188563.2425384792;5.41640472412109;51.002613067627;FS6952;Zonhoven - Teut;Zonhoven;Zonhoven;Limburg;ObsMapp;J;Goedgekeurd op basis van expertoordeel;2007-01-01;3;;3;Libellen;Coenagrionidae;2026-07-08;591;S;zeer zeldzaam
244748700;244748700;Speerwaterjuffer;Coenagrion hastulatum;2022-06-02;6;2022-06-09;1;in copula;onbekend;imago;onbekend;223403.48645989288;188409.87962128408;5.41450786590576;51.0012512207031;FS6952;Zonhoven - Teut;Zonhoven;Zonhoven;Limburg;Meetnetten.be;J;Goedgekeurd op basis van expertoordeel;2023-06-01;3;meetnetten.be: levensfase: imago_ activiteit: copula;10;Libellen;Coenagrionidae;2026-07-08;591;S;zeer zeldzaam
314152091;314152091;Speerwaterjuffer;Coenagrion hastulatum;2024-05-13;5;2024-06-12;1;ter plaatse;onbekend;imago;Man;223491.11597393337;188510.00333432943;5.41577625274658;51.002140045166;FS6952;Zonhoven - Teut;Zonhoven;Zonhoven;Limburg;Meetnetten.be;J;Goedgekeurd op basis van expertoordeel;2025-05-12;3;meetnetten.be: life stage: imago_ activity: present;10;Libellen;Coenagrionidae;2026-07-08;591;S;zeer zeldzaam
314152083;314152083;Speerwaterjuffer;Coenagrion hastulatum;2024-05-13;5;2024-06-12;1;ter plaatse;onbekend;imago;Man;223495.36139563023;188515.1561848279;5.41583776473999;51.0021858215332;FS6952;Zonhoven - Teut;Zonhoven;Zonhoven;Limburg;Meetnetten.be;J;Goedgekeurd op basis van expertoordeel;2025-05-12;3;meetnetten.be: life stage: imago_ activity: present;10;Libellen;Coenagrionidae;2026-07-08;591;S;zeer zeldzaam
314152074;314152074;Speerwaterjuffer;Coenagrion hastulatum;2024-05-13;5;2024-06-12;1;ter plaatse;onbekend;imago;Man;223503.79232630276;188529.7051695995;5.41596078872681;51.0023155212402;FS6952;Zonhoven - Teut;Zonhoven;Zonhoven;Limburg;Meetnetten.be;J;Goedgekeurd op basis van expertoordeel;2025-05-12;3;meetnetten.be: life stage: imago_ activity: present;10;Libellen;Coenagrionidae;2026-07-08;591;S;zeer zeldzaam
242860853;242860853;Speerwaterjuffer;Coenagrion hastulatum;2022-05-25;5;2022-05-25;1;ter plaatse;gezien;imago;Man;224299.62905135436;190851.9334051255;5.42776966094971;51.0230865478516;FS7055;Houthalen-Helchteren - Huttebeek;Houthalen-Helchteren;Houthalen;Limburg;ObsMapp;J;Goedgekeurd op basis van expertoordeel;2007-01-01;3;;3;Libellen;Coenagrionidae;2026-07-08;591;S;zeer zeldzaam
314152072;314152072;Speerwaterjuffer;Coenagrion hastulatum;2024-05-13;5;2024-06-12;1;ter plaatse;onbekend;imago;Man;223504.94570990212;188530.99468349293;5.41597747802734;51.002326965332;FS6952;Zonhoven - Teut;Zonhoven;Zonhoven;Limburg;Meetnetten.be;J;Goedgekeurd op basis van expertoordeel;2025-05-12;3;meetnetten.be: life stage: imago_ activity: present;10;Libellen;Coenagrionidae;2026-07-08;591;S;zeer zeldzaam
314152062;314152062;Speerwaterjuffer;Coenagrion hastulatum;2024-05-13;5;2024-06-12;1;ter plaatse;onbekend;imago;Man;223508.3029884116;188537.4082459416;5.41602659225464;51.002384185791;FS6952;Zonhoven - Teut;Zonhoven;Zonhoven;Limburg;Meetnetten.be;J;Goedgekeurd op basis van expertoordeel;2025-05-12;3;meetnetten.be: life stage: imago_ activity: present;10;Libellen;Coenagrionidae;2026-07-08;591;S;zeer zeldzaam
314152055;314152055;Speerwaterjuffer;Coenagrion hastulatum;2024-05-13;5;2024-06-12;1;ter plaatse;onbekend;imago;Man;223509.6821813129;188541.6718311505;5.41604709625244;51.0024223327637;FS6952;Zonhoven - Teut;Zonhoven;Zonhoven;Limburg;Meetnetten.be;J;Goedgekeurd op basis van expertoordeel;2025-05-12;3;meetnetten.be: life stage: imago_ activity: present;10;Libellen;Coenagrionidae;2026-07-08;591;S;zeer zeldzaam
275214092;275214092;Speerwaterjuffer;Coenagrion hastulatum;2023-06-06;6;2023-06-07;1;ter plaatse;onbekend;imago;Man;223351.25859357667;188434.1840699641;5.41376876831055;51.0014762878418;FS6952;Zonhoven - Teut;Zonhoven;Zonhoven;Limburg;Meetnetten.be;J;Goedgekeurd op basis van expertoordeel;2024-06-04;3;meetnetten.be: life stage: imago_ activity: present;10;Libellen;Coenagrionidae;2026-07-08;591;S;zeer zeldzaam
275214091;275214091;Speerwaterjuffer;Coenagrion hastulatum;2023-06-06;6;2023-06-07;1;ter plaatse;onbekend;imago;Man;223350.81156039663;188435.02659709752;5.41376256942749;51.0014839172363;FS6952;Zonhoven - Teut;Zonhoven;Zonhoven;Limburg;Meetnetten.be;J;Goedgekeurd op basis van expertoordeel;2024-06-04;3;meetnetten.be: life stage: imago_ activity: present;10;Libellen;Coenagrionidae;2026-07-08;591;S;zeer zeldzaam
275214087;275214087;Speerwaterjuffer;Coenagrion hastulatum;2023-06-06;6;2023-06-07;1;ter plaatse;onbekend;imago;Man;223365.36050062563;188421.6503525721;5.41396713256836;51.0013618469238;FS6952;Zonhoven - Teut;Zonhoven;Zonhoven;Limburg;Meetnetten.be;J;Goedgekeurd op basis van expertoordeel;2024-06-04;3;meetnetten.be: life stage: imago_ activity: present;10;Libellen;Coenagrionidae;2026-07-08;591;S;zeer zeldzaam
275214086;275214086;Speerwaterjuffer;Coenagrion hastulatum;2023-06-06;6;2023-06-07;1;ter plaatse;onbekend;imago;Man;223366.23903838103;188418.6918474175;5.41397905349731;51.001335144043;FS6952;Zonhoven - Teut;Zonhoven;Zonhoven;Limburg;Meetnetten.be;J;Goedgekeurd op basis van expertoordeel;2024-06-04;3;meetnetten.be: life stage: imago_ activity: present;10;Libellen;Coenagrionidae;2026-07-08;591;S;zeer zeldzaam
275214082;275214082;Speerwaterjuffer;Coenagrion hastulatum;2023-06-06;6;2023-06-07;1;ter plaatse;onbekend;imago;Man;223341.03405691695;188380.56422871444;5.41361236572266;51.0009956359863;FS6952;Zonhoven - Teut;Zonhoven;Zonhoven;Limburg;Meetnetten.be;J;Goedgekeurd op basis van expertoordeel;2024-06-04;3;meetnetten.be: life stage: imago_ activity: present;10;Libellen;Coenagrionidae;2026-07-08;591;S;zeer zeldzaam
275214078;275214078;Speerwaterjuffer;Coenagrion hastulatum;2023-06-06;6;2023-06-07;1;ter plaatse;onbekend;imago;Man;223318.64635130376;188389.58606902976;5.41329526901245;51.0010795593262;FS6952;Zonhoven - Teut;Zonhoven;Zonhoven;Limburg;Meetnetten.be;J;Goedgekeurd op basis van expertoordeel;2024-06-04;3;meetnetten.be: life stage: imago_ activity: present;10;Libellen;Coenagrionidae;2026-07-08;591;S;zeer zeldzaam
275214077;275214077;Speerwaterjuffer;Coenagrion hastulatum;2023-06-06;6;2023-06-07;1;ter plaatse;onbekend;imago;Man;223314.5239001218;188401.83596898988;5.41323900222778;51.0011901855469;FS6952;Zonhoven - Teut;Zonhoven;Zonhoven;Limburg;Meetnetten.be;J;Goedgekeurd op basis van expertoordeel;2024-06-04;3;meetnetten.be: life stage: imago_ activity: present;10;Libellen;Coenagrionidae;2026-07-08;591;S;zeer zeldzaam
217258720;217258720;Speerwaterjuffer;Coenagrion hastulatum;2021-06-16;6;2021-06-16;2;ter plaatse;gezien;imago;Man;224309.03174079928;190844.85254688747;5.42790222167969;51.023021697998;FS7055;Houthalen-Helchteren - Huttebeek;Houthalen-Helchteren;Houthalen;Limburg;ObsMapp;J;Goedgekeurd op basis van expertoordeel;2007-01-01;3;;18;Libellen;Coenagrionidae;2026-07-08;591;S;zeer zeldzaam
272921262;272921262;Speerwaterjuffer;Coenagrion hastulatum;2023-05-22;5;2023-05-22;1;ter plaatse;onbekend;imago;Man;224521.2532727914;190866.56049049832;5.430931091308594;51.02318954467773;FS7055;Houthalen-Helchteren - Huttebeek;Houthalen-Helchteren;Houthalen;Limburg;ObsMapp;J;Goedgekeurd op basis van expertoordeel;1980-01-01;3;;3;Libellen;Coenagrionidae;2026-07-08;591;S;zeer zeldzaam
272921278;272921278;Speerwaterjuffer;Coenagrion hastulatum;2023-05-22;5;2023-05-22;2;ter plaatse;onbekend;imago;Man;224293.60706722247;190842.51031465363;5.427681922912598;51.02300262451172;FS7055;Houthalen-Helchteren - Huttebeek;Houthalen-Helchteren;Houthalen;Limburg;ObsMapp;J;Goedgekeurd op basis van bewijsmateriaal;1980-01-01;3;;5;Libellen;Coenagrionidae;2026-07-08;591;S;zeer zeldzaam
272921283;272921283;Speerwaterjuffer;Coenagrion hastulatum;2023-05-22;5;2023-05-22;1;ter plaatse;onbekend;imago;Man;224291.8038177009;190844.60665853132;5.427656650543213;51.02302169799805;FS7055;Houthalen-Helchteren - Huttebeek;Houthalen-Helchteren;Houthalen;Limburg;ObsMapp;J;Goedgekeurd op basis van expertoordeel;1980-01-01;3;;9;Libellen;Coenagrionidae;2026-07-08;591;S;zeer zeldzaam
401151465;401151465;Speerwaterjuffer;Coenagrion hastulatum;2026-05-21;5;2026-05-26;1;ter plaatse;gezien;imago;Man;224224.03158714116;190993.2043102169;5.426721;51.024366;FS7055;Houthalen-Helchteren - Huttebeek;Houthalen-Helchteren;Houthalen;Limburg;Observation;J;Goedgekeurd op basis van expertoordeel;1980-01-01;3;;5;Libellen;Coenagrionidae;2026-07-08;591;S;zeer zeldzaam
350215441;350215441;Speerwaterjuffer;Coenagrion hastulatum;2025-05-13;5;2025-05-13;1;ter plaatse;gezien;imago;Man;223433.8987085549;188444.26126761083;5.414947986602783;51.001556396484375;FS6952;Zonhoven - Teut;Zonhoven;Zonhoven;Limburg;ObsMapp;J;Goedgekeurd op basis van bewijsmateriaal;1980-01-01;3;;3;Libellen;Coenagrionidae;2026-07-08;591;S;zeer zeldzaam
350215465;350215465;Speerwaterjuffer;Coenagrion hastulatum;2025-05-13;5;2025-05-13;2;in copula;gezien;imago;onbekend;223433.8987085549;188444.26126761083;5.414947986602783;51.001556396484375;FS6952;Zonhoven - Teut;Zonhoven;Zonhoven;Limburg;ObsMapp;J;Goedgekeurd op basis van expertoordeel;1980-01-01;3;;3;Libellen;Coenagrionidae;2026-07-08;591;S;zeer zeldzaam
350215490;350215490;Speerwaterjuffer;Coenagrion hastulatum;2025-05-13;5;2025-05-13;1;ter plaatse;gezien;imago;Man;224302.00042231815;190840.5080275135;5.427801132202148;51.02298355102539;FS7055;Houthalen-Helchteren - Huttebeek;Houthalen-Helchteren;Houthalen;Limburg;ObsMapp;J;Goedgekeurd op basis van expertoordeel;1980-01-01;3;;3;Libellen;Coenagrionidae;2026-07-08;591;S;zeer zeldzaam
350215498;350215498;Speerwaterjuffer;Coenagrion hastulatum;2025-05-13;5;2025-05-13;1;ter plaatse;gezien;imago;Man;224175.60118577597;191004.22757067345;5.426033020019531;51.02447128295898;FS7055;Houthalen-Helchteren - Huttebeek;Houthalen-Helchteren;Houthalen;Limburg;ObsMapp;J;Goedgekeurd op basis van expertoordeel;1980-01-01;3;;3;Libellen;Coenagrionidae;2026-07-08;591;S;zeer zeldzaam
313299071;313299071;Speerwaterjuffer;Coenagrion hastulatum;2024-06-06;6;2024-06-06;1;ter plaatse;gezien;imago;Man;224160.6936768471;190976.836731432;5.425815000000057;51.024227;FS7055;Houthalen-Helchteren - Huttebeek;Houthalen-Helchteren;Houthalen;Limburg;ObsMapp;J;Goedgekeurd op basis van bewijsmateriaal;1980-01-01;3;;3;Libellen;Coenagrionidae;2026-07-08;591;S;zeer zeldzaam
192580736;192580736;Speerwaterjuffer;Coenagrion hastulatum;2020-05-27;5;2020-05-27;1;in copula;gezien;imago;onbekend;224356.07426701664;190830.69934823923;5.42856976;51.02288845;FS7055;Houthalen-Helchteren - Huttebeek;Houthalen-Helchteren;Houthalen;Limburg;Site;J;Goedgekeurd op basis van bewijsmateriaal;1980-01-01;3;;100;Libellen;Coenagrionidae;2026-07-08;591;S;zeer zeldzaam
242889280;242889280;Speerwaterjuffer;Coenagrion hastulatum;2022-05-25;5;2022-05-25;2;ter plaatse;gezien;imago;Man;224301.37223734055;190858.7486016564;5.42779589;51.02314758;FS7055;Houthalen-Helchteren - Huttebeek;Houthalen-Helchteren;Houthalen;Limburg;ObsMapp;J;Goedgekeurd op basis van bewijsmateriaal;2007-01-01;3;;8;Libellen;Coenagrionidae;2026-07-08;591;S;zeer zeldzaam
314152048;314152048;Speerwaterjuffer;Coenagrion hastulatum;2024-05-13;5;2024-06-12;1;ter plaatse;onbekend;imago;Man;223526.6066109189;188552.09662589617;5.41629028320313;51.002513885498;FS6952;Zonhoven - Teut;Zonhoven;Zonhoven;Limburg;Meetnetten.be;J;Goedgekeurd op basis van expertoordeel;2025-05-12;3;meetnetten.be: life stage: imago_ activity: present;10;Libellen;Coenagrionidae;2026-07-08;591;S;zeer zeldzaam
314152031;314152031;Speerwaterjuffer;Coenagrion hastulatum;2024-05-13;5;2024-06-12;1;ter plaatse;onbekend;imago;Man;223531.5892684236;188561.9284468256;5.41636323928833;51.0026016235352;FS6952;Zonhoven - Teut;Zonhoven;Zonhoven;Limburg;Meetnetten.be;J;Goedgekeurd op basis van expertoordeel;2025-05-12;3;meetnetten.be: life stage: imago_ activity: present;10;Libellen;Coenagrionidae;2026-07-08;591;S;zeer zeldzaam
314152019;314152019;Speerwaterjuffer;Coenagrion hastulatum;2024-05-13;5;2024-06-12;1;ter plaatse;onbekend;imago;Man;223533.160765546;188569.165637495;5.41638708114624;51.0026664733887;FS6952;Zonhoven - Teut;Zonhoven;Zonhoven;Limburg;Meetnetten.be;J;Goedgekeurd op basis van expertoordeel;2025-05-12;3;meetnetten.be: life stage: imago_ activity: present;10;Libellen;Coenagrionidae;2026-07-08;591;S;zeer zeldzaam
314152016;314152016;Speerwaterjuffer;Coenagrion hastulatum;2024-05-13;5;2024-06-12;1;ter plaatse;onbekend;imago;Man;223531.9080289399;188572.5432454133;5.41636991500854;51.0026969909668;FS6952;Zonhoven - Teut;Zonhoven;Zonhoven;Limburg;Meetnetten.be;J;Goedgekeurd op basis van expertoordeel;2025-05-12;3;meetnetten.be: life stage: imago_ activity: present;10;Libellen;Coenagrionidae;2026-07-08;591;S;zeer zeldzaam
314152010;314152010;Speerwaterjuffer;Coenagrion hastulatum;2024-05-13;5;2024-06-12;1;ter plaatse;onbekend;imago;Man;223536.247767188;188578.1218750337;5.41643285751343;51.0027465820313;FS6952;Zonhoven - Teut;Zonhoven;Zonhoven;Limburg;Meetnetten.be;J;Goedgekeurd op basis van expertoordeel;2025-05-12;3;meetnetten.be: life stage: imago_ activity: present;10;Libellen;Coenagrionidae;2026-07-08;591;S;zeer zeldzaam
314151991;314151991;Speerwaterjuffer;Coenagrion hastulatum;2024-05-13;5;2024-06-12;1;ter plaatse;onbekend;imago;Man;223556.02720414748;188594.9532615645;5.41671800613403;51.0028953552246;FS6952;Zonhoven - Teut;Zonhoven;Zonhoven;Limburg;Meetnetten.be;J;Goedgekeurd op basis van expertoordeel;2025-05-12;3;meetnetten.be: life stage: imago_ activity: present;10;Libellen;Coenagrionidae;2026-07-08;591;S;zeer zeldzaam
314151979;314151979;Speerwaterjuffer;Coenagrion hastulatum;2024-05-13;5;2024-06-12;1;ter plaatse;onbekend;imago;Man;223571.92838898016;188601.96846083456;5.41694593429565;51.0029563903809;FS6952;Zonhoven - Teut;Zonhoven;Zonhoven;Limburg;Meetnetten.be;J;Goedgekeurd op basis van expertoordeel;2025-05-12;3;meetnetten.be: life stage: imago_ activity: present;10;Libellen;Coenagrionidae;2026-07-08;591;S;zeer zeldzaam
314151976;314151976;Speerwaterjuffer;Coenagrion hastulatum;2024-05-13;5;2024-06-12;1;ter plaatse;onbekend;imago;Man;223574.68663167936;188610.4956668885;5.41698694229126;51.0030326843262;FS6952;Zonhoven - Teut;Zonhoven;Zonhoven;Limburg;Meetnetten.be;J;Goedgekeurd op basis van expertoordeel;2025-05-12;3;meetnetten.be: life stage: imago_ activity: present;10;Libellen;Coenagrionidae;2026-07-08;591;S;zeer zeldzaam
314151971;314151971;Speerwaterjuffer;Coenagrion hastulatum;2024-05-13;5;2024-06-12;1;ter plaatse;onbekend;imago;Man;223575.95935500803;188615.18217947983;5.41700601577759;51.0030746459961;FS6952;Zonhoven - Teut;Zonhoven;Zonhoven;Limburg;Meetnetten.be;J;Goedgekeurd op basis van expertoordeel;2025-05-12;3;meetnetten.be: life stage: imago_ activity: present;10;Libellen;Coenagrionidae;2026-07-08;591;S;zeer zeldzaam
314151928;314151928;Speerwaterjuffer;Coenagrion hastulatum;2024-05-13;5;2024-06-12;1;ter plaatse;onbekend;imago;Man;223434.078951016;188459.96704065427;5.41495370864868;51.0016975402832;FS6952;Zonhoven - Teut;Zonhoven;Zonhoven;Limburg;Meetnetten.be;J;Goedgekeurd op basis van expertoordeel;2025-05-12;3;meetnetten.be: life stage: imago_ activity: present;10;Libellen;Coenagrionidae;2026-07-08;591;S;zeer zeldzaam
276555208;276555208;Speerwaterjuffer;Coenagrion hastulatum;2023-06-15;6;2023-06-16;1;ter plaatse;gezien;imago;Man;223531.2541853786;188573.8072496429;5.416360855102539;51.002708435058594;FS6952;Zonhoven - Teut;Zonhoven;Zonhoven;Limburg;ObsMapp;J;Goedgekeurd op basis van expertoordeel;2024-07-16;3;;3;Libellen;Coenagrionidae;2026-07-08;591;S;zeer zeldzaam
401151466;401151466;Speerwaterjuffer;Coenagrion hastulatum;2026-05-21;5;2026-05-26;9;ter plaatse;gezien;imago;Man;224225.9507171856;190986.55619119012;5.426747;51.024306;FS7055;Houthalen-Helchteren - Huttebeek;Houthalen-Helchteren;Houthalen;Limburg;Observation;J;Goedgekeurd op basis van expertoordeel;1980-01-01;3;;5;Libellen;Coenagrionidae;2026-07-08;591;S;zeer zeldzaam
275214023;275214023;Speerwaterjuffer;Coenagrion hastulatum;2023-06-06;6;2023-06-07;1;ter plaatse;onbekend;imago;Man;223419.97114880808;188461.04137624707;5.41475296020508;51.001708984375;FS6952;Zonhoven - Teut;Zonhoven;Zonhoven;Limburg;Meetnetten.be;J;Goedgekeurd op basis van expertoordeel;2024-06-04;3;meetnetten.be: life stage: imago_ activity: present;10;Libellen;Coenagrionidae;2026-07-08;591;S;zeer zeldzaam
192569559;192569559;Speerwaterjuffer;Coenagrion hastulatum;2020-05-27;5;2020-05-27;1;ter plaatse;onbekend;onbekend;Man;224317.78223186533;190813.14628511292;5.42802047729492;51.0227355957031;FS7055;Houthalen-Helchteren - Huttebeek;Houthalen-Helchteren;Houthalen;Limburg;Meetnetten.be;J;Goedgekeurd op basis van expertoordeel;2021-05-26;3;meetnetten.be: levensfase: imago_ activiteit: ter plaatse;10;Libellen;Coenagrionidae;2026-07-08;591;S;zeer zeldzaam
401151467;401151467;Speerwaterjuffer;Coenagrion hastulatum;2026-05-21;5;2026-05-26;8;ter plaatse;gezien;imago;onbekend;224237.40180858164;190990.50225597716;5.426911;51.02434;FS7055;Houthalen-Helchteren - Huttebeek;Houthalen-Helchteren;Houthalen;Limburg;Observation;J;Goedgekeurd op basis van expertoordeel;1980-01-01;3;;5;Libellen;Coenagrionidae;2026-07-08;591;S;zeer zeldzaam
275214107;275214107;Speerwaterjuffer;Coenagrion hastulatum;2023-06-06;6;2023-06-07;1;in copula;onbekend;imago;onbekend;223400.93450480409;188412.81453599225;5.4144721031189;51.001277923584;FS6952;Zonhoven - Teut;Zonhoven;Zonhoven;Limburg;Meetnetten.be;J;Goedgekeurd op basis van expertoordeel;2024-06-04;3;meetnetten.be: life stage: imago_ activity: copula;10;Libellen;Coenagrionidae;2026-07-08;591;S;zeer zeldzaam
401151473;401151473;Speerwaterjuffer;Coenagrion hastulatum;2026-05-21;5;2026-05-26;2;ter plaatse;gezien;imago;onbekend;224238.2452255017;190990.40302592985;5.426923;51.024339;FS7055;Houthalen-Helchteren - Huttebeek;Houthalen-Helchteren;Houthalen;Limburg;Observation;J;Goedgekeurd op basis van expertoordeel;1980-01-01;3;;5;Libellen;Coenagrionidae;2026-07-08;591;S;zeer zeldzaam
192569553;192569553;Speerwaterjuffer;Coenagrion hastulatum;2020-05-27;5;2020-05-27;1;ter plaatse;onbekend;onbekend;Man;224330.4757390712;190809.93218654208;5.42820072174072;51.022705078125;FS7055;Houthalen-Helchteren - Huttebeek;Houthalen-Helchteren;Houthalen;Limburg;Meetnetten.be;J;Goedgekeurd op basis van expertoordeel;2021-05-26;3;meetnetten.be: levensfase: imago_ activiteit: ter plaatse;10;Libellen;Coenagrionidae;2026-07-08;591;S;zeer zeldzaam
244748916;244748916;Speerwaterjuffer;Coenagrion hastulatum;2022-06-02;6;2022-06-09;1;ter plaatse;onbekend;imago;Man;224393.4241440097;190809.13370263483;5.4290976524353;51.0226898193359;FS7055;Houthalen-Helchteren - Huttebeek;Houthalen-Helchteren;Houthalen;Limburg;Meetnetten.be;J;Goedgekeurd op basis van expertoordeel;2023-06-01;3;meetnetten.be: levensfase: imago_ activiteit: ter plaatse;10;Libellen;Coenagrionidae;2026-07-08;591;S;zeer zeldzaam
244748701;244748701;Speerwaterjuffer;Coenagrion hastulatum;2022-06-02;6;2022-06-09;1;ter plaatse;onbekend;imago;Man;223404.0219465201;188409.8871684;5.41451549530029;51.0012512207031;FS6952;Zonhoven - Teut;Zonhoven;Zonhoven;Limburg;Meetnetten.be;J;Goedgekeurd op basis van expertoordeel;2023-06-01;3;meetnetten.be: levensfase: imago_ activiteit: ter plaatse;10;Libellen;Coenagrionidae;2026-07-08;591;S;zeer zeldzaam
401151481;401151481;Speerwaterjuffer;Coenagrion hastulatum;2026-05-21;5;2026-05-26;4;ter plaatse;gezien;imago;Man;224227.893643662;190978.2395415176;5.426773;51.024231;FS7055;Houthalen-Helchteren - Huttebeek;Houthalen-Helchteren;Houthalen;Limburg;Observation;J;Goedgekeurd op basis van expertoordeel;1980-01-01;3;;5;Libellen;Coenagrionidae;2026-07-08;591;S;zeer zeldzaam
243937554;243937554;Speerwaterjuffer;Coenagrion hastulatum;2022-06-02;6;2022-06-02;1;in copula;gezien;imago;Vrouw;223502.4131430551;188568.79018558376;5.415949;51.002667;FS6952;Zonhoven - Teut;Zonhoven;Zonhoven;Limburg;Site;J;Goedgekeurd op basis van expertoordeel;1980-01-01;3;;25;Libellen;Coenagrionidae;2026-07-08;591;S;zeer zeldzaam
243937545;243937545;Speerwaterjuffer;Coenagrion hastulatum;2022-06-02;6;2022-06-02;6;in copula;gezien;imago;onbekend;223502.4131430551;188568.79018558376;5.415949;51.002667;FS6952;Zonhoven - Teut;Zonhoven;Zonhoven;Limburg;Site;J;Goedgekeurd op basis van expertoordeel;1980-01-01;3;;25;Libellen;Coenagrionidae;2026-07-08;591;S;zeer zeldzaam
243937532;243937532;Speerwaterjuffer;Coenagrion hastulatum;2022-06-02;6;2022-06-02;39;ter plaatse;gezien;imago;Man;223502.38506898985;188568.7897893684;5.4159486;51.002667;FS6952;Zonhoven - Teut;Zonhoven;Zonhoven;Limburg;Site;J;Goedgekeurd op basis van expertoordeel;1980-01-01;3;;15;Libellen;Coenagrionidae;2026-07-08;591;S;zeer zeldzaam
243937516;243937516;Speerwaterjuffer;Coenagrion hastulatum;2022-06-02;6;2022-06-02;2;eileggend;gezien;imago;onbekend;223395.9239797728;188429.1071965471;5.414404;51.001425;FS6952;Zonhoven - Teut;Zonhoven;Zonhoven;Limburg;Site;J;Goedgekeurd op basis van expertoordeel;1980-01-01;3;;25;Libellen;Coenagrionidae;2026-07-08;591;S;zeer zeldzaam
243937489;243937489;Speerwaterjuffer;Coenagrion hastulatum;2022-06-02;6;2022-06-02;20;ter plaatse;gezien;imago;Man;223395.90292365936;188429.10689981372;5.4144037;51.001425;FS6952;Zonhoven - Teut;Zonhoven;Zonhoven;Limburg;Site;J;Goedgekeurd op basis van expertoordeel;1980-01-01;3;;15;Libellen;Coenagrionidae;2026-07-08;591;S;zeer zeldzaam
242915591;242915591;Speerwaterjuffer;Coenagrion hastulatum;2022-05-25;5;2022-05-25;1;ter plaatse;gezien;imago;Man;224297.6216299139;190847.23618193995;5.4277400970459;51.0230445861816;FS7055;Houthalen-Helchteren - Huttebeek;Houthalen-Helchteren;Houthalen;Limburg;ObsMapp;J;Goedgekeurd op basis van expertoordeel;2007-01-01;3;;4;Libellen;Coenagrionidae;2026-07-08;591;S;zeer zeldzaam
241522291;241522291;Speerwaterjuffer;Coenagrion hastulatum;2022-05-14;5;2022-05-14;1;ter plaatse;gezien;imago;Man;224304.35997170015;190834.59988625903;5.42783355712891;51.0229301452637;FS7055;Houthalen-Helchteren - Huttebeek;Houthalen-Helchteren;Houthalen;Limburg;ObsMapp;J;Goedgekeurd op basis van bewijsmateriaal;2007-01-01;3;;2;Libellen;Coenagrionidae;2026-07-08;591;S;zeer zeldzaam
241522290;241522290;Speerwaterjuffer;Coenagrion hastulatum;2022-05-14;5;2022-05-14;10;ter plaatse;gezien;imago;Man;224302.11000576356;190842.20725433345;5.42780303955078;51.0229988098145;FS7055;Houthalen-Helchteren - Huttebeek;Houthalen-Helchteren;Houthalen;Limburg;ObsMapp;J;Goedgekeurd op basis van bewijsmateriaal;2007-01-01;3;;2;Libellen;Coenagrionidae;2026-07-08;591;S;zeer zeldzaam
241522288;241522288;Speerwaterjuffer;Coenagrion hastulatum;2022-05-14;5;2022-05-14;10;ter plaatse;gezien;imago;Man;224305.84370761891;190829.1036606301;5.42785358428955;51.0228805541992;FS7055;Houthalen-Helchteren - Huttebeek;Houthalen-Helchteren;Houthalen;Limburg;ObsMapp;J;Goedgekeurd op basis van bewijsmateriaal;2007-01-01;3;;2;Libellen;Coenagrionidae;2026-07-08;591;S;zeer zeldzaam
240639359;240639359;Speerwaterjuffer;Coenagrion hastulatum;2022-05-07;5;2022-05-07;1;ter plaatse;gezien;imago, niet uitgekleurd;Man;224334.92922168356;191001.83172006343;5.42830324172974;51.0244293212891;FS7055;Houthalen-Helchteren - Huttebeek;Houthalen-Helchteren;Houthalen;Limburg;ObsMapp;J;Goedgekeurd op basis van bewijsmateriaal;2007-01-01;3;;4;Libellen;Coenagrionidae;2026-07-08;591;S;zeer zeldzaam
240639357;240639357;Speerwaterjuffer;Coenagrion hastulatum;2022-05-07;5;2022-05-07;1;ter plaatse;gezien;imago, niet uitgekleurd;Man;224316.31557131017;191009.62985789124;5.42803955078125;51.0245018005371;FS7055;Houthalen-Helchteren - Huttebeek;Houthalen-Helchteren;Houthalen;Limburg;ObsMapp;J;Goedgekeurd op basis van bewijsmateriaal;2007-01-01;3;;3;Libellen;Coenagrionidae;2026-07-08;591;S;zeer zeldzaam
240639352;240639352;Speerwaterjuffer;Coenagrion hastulatum;2022-05-07;5;2022-05-07;1;ter plaatse;gezien;imago, niet uitgekleurd;Vrouw;224317.34650121088;191010.06899164617;5.42805433273315;51.0245056152344;FS7055;Houthalen-Helchteren - Huttebeek;Houthalen-Helchteren;Houthalen;Limburg;ObsMapp;J;Goedgekeurd op basis van bewijsmateriaal;2007-01-01;3;;2;Libellen;Coenagrionidae;2026-07-08;591;S;zeer zeldzaam
240639349;240639349;Speerwaterjuffer;Coenagrion hastulatum;2022-05-07;5;2022-05-07;1;ter plaatse;gezien;imago, niet uitgekleurd;Man;224317.34650121088;191010.06899164617;5.42805433273315;51.0245056152344;FS7055;Houthalen-Helchteren - Huttebeek;Houthalen-Helchteren;Houthalen;Limburg;ObsMapp;J;Goedgekeurd op basis van bewijsmateriaal;2007-01-01;3;;2;Libellen;Coenagrionidae;2026-07-08;591;S;zeer zeldzaam
240639342;240639342;Speerwaterjuffer;Coenagrion hastulatum;2022-05-07;5;2022-05-07;1;ter plaatse;gezien;imago, niet uitgekleurd;Man;224332.63976576045;191009.8629304236;5.42827224731445;51.0245018005371;FS7055;Houthalen-Helchteren - Huttebeek;Houthalen-Helchteren;Houthalen;Limburg;ObsMapp;J;Goedgekeurd op basis van bewijsmateriaal;2007-01-01;3;;2;Libellen;Coenagrionidae;2026-07-08;591;S;zeer zeldzaam
240639341;240639341;Speerwaterjuffer;Coenagrion hastulatum;2022-05-07;5;2022-05-07;1;ter plaatse;gezien;imago, niet uitgekleurd;Vrouw;224349.90956602988;191007.13864810392;5.42851781845093;51.0244750976563;FS7055;Houthalen-Helchteren - Huttebeek;Houthalen-Helchteren;Houthalen;Limburg;ObsMapp;J;Goedgekeurd op basis van bewijsmateriaal;2007-01-01;3;;3;Libellen;Coenagrionidae;2026-07-08;591;S;zeer zeldzaam
240639334;240639334;Speerwaterjuffer;Coenagrion hastulatum;2022-05-07;5;2022-05-07;1;ter plaatse;gezien;imago, niet uitgekleurd;Vrouw;224358.3814764829;190999.62016879304;5.42863702774048;51.0244064331055;FS7055;Houthalen-Helchteren - Huttebeek;Houthalen-Helchteren;Houthalen;Limburg;ObsMapp;J;Goedgekeurd op basis van bewijsmateriaal;2007-01-01;3;;2;Libellen;Coenagrionidae;2026-07-08;591;S;zeer zeldzaam
276503889;276503889;Speerwaterjuffer;Coenagrion hastulatum;2023-06-15;6;2023-06-15;1;ter plaatse;gezien;imago;Man;223454.0934438632;188476.80133795552;5.4152421951293945;51.00184631347656;FS6952;Zonhoven - Teut;Zonhoven;Zonhoven;Limburg;ObsMapp;J;Goedgekeurd op basis van expertoordeel;1980-01-01;3;;999;Libellen;Coenagrionidae;2026-07-08;591;S;zeer zeldzaam
401151488;401151488;Speerwaterjuffer;Coenagrion hastulatum;2026-05-21;5;2026-05-26;1;ter plaatse;gezien;imago;onbekend;224222.3396894173;190905.1750793131;5.426679;51.023575;FS7055;Houthalen-Helchteren - Huttebeek;Houthalen-Helchteren;Houthalen;Limburg;Observation;J;Goedgekeurd op basis van expertoordeel;1980-01-01;3;;10;Libellen;Coenagrionidae;2026-07-08;591;S;zeer zeldzaam
215964034;215964034;Speerwaterjuffer;Coenagrion hastulatum;2021-06-01;6;2021-06-05;2;ter plaatse;onbekend;imago;Man;225317.08368748327;188401.9746944364;5.44176483154297;51.0009346008301;FS7152;Zonhoven - Teut;Zonhoven;Zonhoven;Limburg;ObsMapp;J;Goedgekeurd op basis van expertoordeel;2007-01-01;3;;3;Libellen;Coenagrionidae;2026-07-08;591;S;zeer zeldzaam
272969731;272969731;Speerwaterjuffer;Coenagrion hastulatum;2023-05-22;5;2023-05-22;1;ter plaatse;gezien;imago;Man;224294.6166918177;190842.10030778215;5.427696228027344;51.02299880981445;FS7055;Houthalen-Helchteren - Huttebeek;Houthalen-Helchteren;Houthalen;Limburg;ObsMapp;J;Goedgekeurd op basis van bewijsmateriaal;1980-01-01;3;;7;Libellen;Coenagrionidae;2026-07-08;591;S;zeer zeldzaam
272969720;272969720;Speerwaterjuffer;Coenagrion hastulatum;2023-05-22;5;2023-05-22;1;ter plaatse;gezien;imago;Man;224283.8695726137;190844.9178505512;5.427543640136719;51.02302551269531;FS7055;Houthalen-Helchteren - Huttebeek;Houthalen-Helchteren;Houthalen;Limburg;ObsMapp;J;Goedgekeurd op basis van expertoordeel;1980-01-01;3;;8;Libellen;Coenagrionidae;2026-07-08;591;S;zeer zeldzaam
272969699;272969699;Speerwaterjuffer;Coenagrion hastulatum;2023-05-22;5;2023-05-22;1;ter plaatse;gezien;imago;Man;224371.7406348642;190804.57972411253;5.428787708282471;51.02265167236328;FS7055;Houthalen-Helchteren - Huttebeek;Houthalen-Helchteren;Houthalen;Limburg;ObsMapp;J;Goedgekeurd op basis van expertoordeel;1980-01-01;3;;10;Libellen;Coenagrionidae;2026-07-08;591;S;zeer zeldzaam
272969677;272969677;Speerwaterjuffer;Coenagrion hastulatum;2023-05-22;5;2023-05-22;1;ter plaatse;gezien;imago;Man;224458.321566438;190796.0557966353;5.430019855499268;51.02256393432617;FS7055;Houthalen-Helchteren - Huttebeek;Houthalen-Helchteren;Houthalen;Limburg;ObsMapp;J;Goedgekeurd op basis van bewijsmateriaal;1980-01-01;3;;4;Libellen;Coenagrionidae;2026-07-08;591;S;zeer zeldzaam
217259433;217259433;Speerwaterjuffer;Coenagrion hastulatum;2021-06-16;6;2021-06-16;1;ter plaatse;gezien;imago;Man;223564.9706636883;190269.3890697332;5.41718244552612;51.0179443359375;FS6954;Houthalen - Tenhaagdoornheide;Houthalen-Helchteren;Houthalen;Limburg;ObsMapp;J;Goedgekeurd op basis van expertoordeel;2022-06-16;3;;2;Libellen;Coenagrionidae;2026-07-08;591;S;zeer zeldzaam
215964036;215964036;Speerwaterjuffer;Coenagrion hastulatum;2021-06-01;6;2021-06-05;1;ter plaatse;onbekend;imago;Man;225324.3216887272;188403.7770236442;5.4418683052063;51.0009498596191;FS7152;Zonhoven - Teut;Zonhoven;Zonhoven;Limburg;ObsMapp;J;Goedgekeurd op basis van expertoordeel;2007-01-01;3;;3;Libellen;Coenagrionidae;2026-07-08;591;S;zeer zeldzaam
217259410;217259410;Speerwaterjuffer;Coenagrion hastulatum;2021-06-16;6;2021-06-16;2;ter plaatse;gezien;imago;Man;224313.45115336392;190856.37485698983;5.42796754837036;51.0231246948242;FS7055;Houthalen-Helchteren - Huttebeek;Houthalen-Helchteren;Houthalen;Limburg;ObsMapp;J;Goedgekeurd op basis van expertoordeel;2022-06-16;3;;2;Libellen;Coenagrionidae;2026-07-08;591;S;zeer zeldzaam
217259402;217259402;Speerwaterjuffer;Coenagrion hastulatum;2021-06-16;6;2021-06-16;1;ter plaatse;gezien;imago;Vrouw;224315.2454572628;190857.2493027868;5.4279932975769;51.0231323242188;FS7055;Houthalen-Helchteren - Huttebeek;Houthalen-Helchteren;Houthalen;Limburg;ObsMapp;J;Goedgekeurd op basis van expertoordeel;2022-06-16;3;;2;Libellen;Coenagrionidae;2026-07-08;591;S;zeer zeldzaam
217259400;217259400;Speerwaterjuffer;Coenagrion hastulatum;2021-06-16;6;2021-06-16;1;ter plaatse;gezien;imago;onbekend;224345.0884578105;190869.134638926;5.42842102050781;51.0232353210449;FS7055;Houthalen-Helchteren - Huttebeek;Houthalen-Helchteren;Houthalen;Limburg;ObsMapp;J;Goedgekeurd op basis van expertoordeel;2022-06-16;3;;2;Libellen;Coenagrionidae;2026-07-08;591;S;zeer zeldzaam
217259395;217259395;Speerwaterjuffer;Coenagrion hastulatum;2021-06-16;6;2021-06-16;2;ter plaatse;gezien;imago;Man;224349.4129922124;190870.8940638248;5.42848300933838;51.023250579834;FS7055;Houthalen-Helchteren - Huttebeek;Houthalen-Helchteren;Houthalen;Limburg;ObsMapp;J;Goedgekeurd op basis van expertoordeel;2022-06-16;3;;3;Libellen;Coenagrionidae;2026-07-08;591;S;zeer zeldzaam
217259393;217259393;Speerwaterjuffer;Coenagrion hastulatum;2021-06-16;6;2021-06-16;1;ter plaatse;gezien;imago;Man;224388.16327742176;190884.60453574453;5.42903804779053;51.0233688354492;FS7055;Houthalen-Helchteren - Huttebeek;Houthalen-Helchteren;Houthalen;Limburg;ObsMapp;J;Goedgekeurd op basis van expertoordeel;2022-06-16;3;;2;Libellen;Coenagrionidae;2026-07-08;591;S;zeer zeldzaam
217277089;217277089;Speerwaterjuffer;Coenagrion hastulatum;2021-06-16;6;2021-06-16;1;ter plaatse;gezien;imago;Man;223566.55760534032;190266.0161804305;5.4172043800354;51.0179138183594;FS6954;Houthalen - Tenhaagdoornheide;Houthalen-Helchteren;Houthalen;Limburg;ObsMapp;J;Goedgekeurd op basis van expertoordeel;2007-01-01;3;;2;Libellen;Coenagrionidae;2026-07-08;591;S;zeer zeldzaam
217259389;217259389;Speerwaterjuffer;Coenagrion hastulatum;2021-06-16;6;2021-06-16;1;ter plaatse;gezien;imago;Man;224367.66908263176;190815.5563671887;5.42873191833496;51.0227508544922;FS7055;Houthalen-Helchteren - Huttebeek;Houthalen-Helchteren;Houthalen;Limburg;ObsMapp;J;Goedgekeurd op basis van expertoordeel;2022-06-16;3;;1;Libellen;Coenagrionidae;2026-07-08;591;S;zeer zeldzaam
217259377;217259377;Speerwaterjuffer;Coenagrion hastulatum;2021-06-16;6;2021-06-16;1;ter plaatse;gezien;imago;Man;223393.4030680476;188408.03987060676;5.41436386108398;51.0012359619141;FS6952;Zonhoven - Teut;Zonhoven;Zonhoven;Limburg;ObsMapp;J;Goedgekeurd op basis van expertoordeel;2022-06-16;3;;1;Libellen;Coenagrionidae;2026-07-08;591;S;zeer zeldzaam
217259373;217259373;Speerwaterjuffer;Coenagrion hastulatum;2021-06-16;6;2021-06-16;1;ter plaatse;gezien;imago;Man;223370.34602791548;188417.05205701385;5.41403722763062;51.0013198852539;FS6952;Zonhoven - Teut;Zonhoven;Zonhoven;Limburg;ObsMapp;J;Goedgekeurd op basis van expertoordeel;2022-06-16;3;;2;Libellen;Coenagrionidae;2026-07-08;591;S;zeer zeldzaam
217259369;217259369;Speerwaterjuffer;Coenagrion hastulatum;2021-06-16;6;2021-06-16;1;ter plaatse;gezien;imago;Man;223321.29507512867;188384.5304197641;5.41333198547363;51.001033782959;FS6952;Zonhoven - Teut;Zonhoven;Zonhoven;Limburg;ObsMapp;J;Goedgekeurd op basis van expertoordeel;2022-06-16;3;;2;Libellen;Coenagrionidae;2026-07-08;591;S;zeer zeldzaam
217259354;217259354;Speerwaterjuffer;Coenagrion hastulatum;2021-06-16;6;2021-06-16;1;ter plaatse;gezien;imago;Man;223354.497792919;188441.86909968776;5.41381645202637;51.0015449523926;FS6952;Zonhoven - Teut;Zonhoven;Zonhoven;Limburg;ObsMapp;J;Goedgekeurd op basis van expertoordeel;2022-06-16;3;;3;Libellen;Coenagrionidae;2026-07-08;591;S;zeer zeldzaam
217259347;217259347;Speerwaterjuffer;Coenagrion hastulatum;2021-06-16;6;2021-06-16;2;tandem;gezien;imago;onbekend;223435.37689439263;188467.6247519618;5.41497373580933;51.001766204834;FS6952;Zonhoven - Teut;Zonhoven;Zonhoven;Limburg;ObsMapp;J;Goedgekeurd op basis van expertoordeel;2022-06-16;3;;2;Libellen;Coenagrionidae;2026-07-08;591;S;zeer zeldzaam
215964038;215964038;Speerwaterjuffer;Coenagrion hastulatum;2021-06-01;6;2021-06-05;1;ter plaatse;onbekend;imago;Man;225327.88770298072;188402.5553568257;5.44191884994507;51.0009384155273;FS7152;Zonhoven - Teut;Zonhoven;Zonhoven;Limburg;ObsMapp;J;Goedgekeurd op basis van expertoordeel;2007-01-01;3;;3;Libellen;Coenagrionidae;2026-07-08;591;S;zeer zeldzaam
244748748;244748748;Speerwaterjuffer;Coenagrion hastulatum;2022-06-02;6;2022-06-09;1;ter plaatse;onbekend;imago;Man;223365.78241593143;188429.72011551075;5.41397476196289;51.0014343261719;FS6952;Zonhoven - Teut;Zonhoven;Zonhoven;Limburg;Meetnetten.be;J;Goedgekeurd op basis van expertoordeel;2023-06-01;3;meetnetten.be: levensfase: imago_ activiteit: ter plaatse;10;Libellen;Coenagrionidae;2026-07-08;591;S;zeer zeldzaam
275214177;275214177;Speerwaterjuffer;Coenagrion hastulatum;2023-06-06;6;2023-06-07;1;ter plaatse;onbekend;imago;Man;224337.4002777464;190863.9318582695;5.42831039428711;51.0231895446777;FS7055;Houthalen-Helchteren - Huttebeek;Houthalen-Helchteren;Houthalen;Limburg;Meetnetten.be;J;Goedgekeurd op basis van expertoordeel;2024-06-04;3;meetnetten.be: life stage: imago_ activity: present;10;Libellen;Coenagrionidae;2026-07-08;591;S;zeer zeldzaam
244748721;244748721;Speerwaterjuffer;Coenagrion hastulatum;2022-06-02;6;2022-06-09;1;ter plaatse;onbekend;imago;Man;223422.6275259569;188424.5794231901;5.4147834777832;51.0013809204102;FS6952;Zonhoven - Teut;Zonhoven;Zonhoven;Limburg;Meetnetten.be;J;Goedgekeurd op basis van expertoordeel;2023-06-01;3;meetnetten.be: levensfase: imago_ activiteit: ter plaatse;10;Libellen;Coenagrionidae;2026-07-08;591;S;zeer zeldzaam
217277048;217277048;Speerwaterjuffer;Coenagrion hastulatum;2021-06-16;6;2021-06-16;1;ter plaatse;gezien;imago;Man;224312.2354526037;190817.3112593573;5.42794227600098;51.0227737426758;FS7055;Houthalen-Helchteren - Huttebeek;Houthalen-Helchteren;Houthalen;Limburg;ObsMapp;J;Goedgekeurd op basis van expertoordeel;2024-10-11;3;;2;Libellen;Coenagrionidae;2026-07-08;591;S;zeer zeldzaam
192569673;192569673;Speerwaterjuffer;Coenagrion hastulatum;2020-05-27;5;2020-05-27;1;ter plaatse;onbekend;onbekend;Man;224336.3601050804;190861.79492614977;5.42829513549805;51.0231704711914;FS7055;Houthalen-Helchteren - Huttebeek;Houthalen-Helchteren;Houthalen;Limburg;Meetnetten.be;J;Goedgekeurd op basis van expertoordeel;2021-05-26;3;meetnetten.be: levensfase: imago_ activiteit: ter plaatse;10;Libellen;Coenagrionidae;2026-07-08;591;S;zeer zeldzaam
244748720;244748720;Speerwaterjuffer;Coenagrion hastulatum;2022-06-02;6;2022-06-09;1;ter plaatse;onbekend;imago;Man;223423.15589577437;188420.34275579263;5.41479015350342;51.0013427734375;FS6952;Zonhoven - Teut;Zonhoven;Zonhoven;Limburg;Meetnetten.be;J;Goedgekeurd op basis van expertoordeel;2023-06-01;3;meetnetten.be: levensfase: imago_ activiteit: ter plaatse;10;Libellen;Coenagrionidae;2026-07-08;591;S;zeer zeldzaam
217259343;217259343;Speerwaterjuffer;Coenagrion hastulatum;2021-06-16;6;2021-06-16;3;ter plaatse;gezien;imago;Man;224095.74059590115;188539.3664699085;5.4243950843811;51.002326965332;FS7052;Zonhoven - Teut;Zonhoven;Zonhoven;Limburg;ObsMapp;J;Goedgekeurd op basis van expertoordeel;2022-06-16;3;;2;Libellen;Coenagrionidae;2026-07-08;591;S;zeer zeldzaam
346970171;346970171;Speerwaterjuffer;Coenagrion hastulatum;2025-04-27;4;2025-04-27;1;ter plaatse;gezien;imago;Man;224320.89544973464;190850.53931103277;5.428072452545166;51.0230712890625;FS7055;Houthalen-Helchteren - Huttebeek;Houthalen-Helchteren;Houthalen;Limburg;ObsMapp;J;Goedgekeurd op basis van expertoordeel;2026-04-27;3;;2;Libellen;Coenagrionidae;2026-07-08;591;S;zeer zeldzaam
346970175;346970175;Speerwaterjuffer;Coenagrion hastulatum;2025-04-27;4;2025-04-27;1;eileggend;gezien;imago;Vrouw;224320.89544973464;190850.53931103277;5.428072452545166;51.0230712890625;FS7055;Houthalen-Helchteren - Huttebeek;Houthalen-Helchteren;Houthalen;Limburg;ObsMapp;J;Goedgekeurd op basis van expertoordeel;2026-04-27;3;;2;Libellen;Coenagrionidae;2026-07-08;591;S;zeer zeldzaam
217277040;217277040;Speerwaterjuffer;Coenagrion hastulatum;2021-06-16;6;2021-06-16;1;ter plaatse;gezien;imago;Man;224301.81210530235;190844.325080839;5.42779922485352;51.0230178833008;FS7055;Houthalen-Helchteren - Huttebeek;Houthalen-Helchteren;Houthalen;Limburg;ObsMapp;J;Goedgekeurd op basis van expertoordeel;2024-10-11;3;;2;Libellen;Coenagrionidae;2026-07-08;591;S;zeer zeldzaam
346970213;346970213;Speerwaterjuffer;Coenagrion hastulatum;2025-04-27;4;2025-04-27;2;in copula;gezien;imago;onbekend;224217.39994830333;191003.55008742027;5.426628589630127;51.02445983886719;FS7055;Houthalen-Helchteren - Huttebeek;Houthalen-Helchteren;Houthalen;Limburg;ObsMapp;J;Goedgekeurd op basis van bewijsmateriaal;2026-04-27;3;;2;Libellen;Coenagrionidae;2026-07-08;591;S;zeer zeldzaam
346970215;346970215;Speerwaterjuffer;Coenagrion hastulatum;2025-04-27;4;2025-04-27;1;ter plaatse;gezien;imago, niet uitgekleurd;Man;224217.39994830333;191003.55008742027;5.426628589630127;51.02445983886719;FS7055;Houthalen-Helchteren - Huttebeek;Houthalen-Helchteren;Houthalen;Limburg;ObsMapp;J;Goedgekeurd op basis van bewijsmateriaal;2026-04-27;3;;2;Libellen;Coenagrionidae;2026-07-08;591;S;zeer zeldzaam
346970219;346970219;Speerwaterjuffer;Coenagrion hastulatum;2025-04-27;4;2025-04-27;1;ter plaatse;gezien;imago;Man;224227.16166495567;191004.1136867516;5.426767826080322;51.02446365356445;FS7055;Houthalen-Helchteren - Huttebeek;Houthalen-Helchteren;Houthalen;Limburg;ObsMapp;J;Goedgekeurd op basis van expertoordeel;2026-04-27;3;;2;Libellen;Coenagrionidae;2026-07-08;591;S;zeer zeldzaam
346970226;346970226;Speerwaterjuffer;Coenagrion hastulatum;2025-04-27;4;2025-04-27;2;in copula;gezien;imago;onbekend;224218.78105582547;191009.9360152772;5.426649570465088;51.02451705932617;FS7055;Houthalen-Helchteren - Huttebeek;Houthalen-Helchteren;Houthalen;Limburg;ObsMapp;J;Goedgekeurd op basis van bewijsmateriaal;2026-04-27;3;;3;Libellen;Coenagrionidae;2026-07-08;591;S;zeer zeldzaam
346970230;346970230;Speerwaterjuffer;Coenagrion hastulatum;2025-04-27;4;2025-04-27;1;ter plaatse;gezien;imago, niet uitgekleurd;Man;224218.78105582547;191009.9360152772;5.426649570465088;51.02451705932617;FS7055;Houthalen-Helchteren - Huttebeek;Houthalen-Helchteren;Houthalen;Limburg;ObsMapp;J;Goedgekeurd op basis van expertoordeel;2026-04-27;3;;3;Libellen;Coenagrionidae;2026-07-08;591;S;zeer zeldzaam
346970236;346970236;Speerwaterjuffer;Coenagrion hastulatum;2025-04-27;4;2025-04-27;2;ter plaatse;gezien;imago;Man;224226.6079462304;191000.71046485752;5.426759243011475;51.02443313598633;FS7055;Houthalen-Helchteren - Huttebeek;Houthalen-Helchteren;Houthalen;Limburg;ObsMapp;J;Goedgekeurd op basis van expertoordeel;2026-04-27;3;;3;Libellen;Coenagrionidae;2026-07-08;591;S;zeer zeldzaam
346970240;346970240;Speerwaterjuffer;Coenagrion hastulatum;2025-04-27;4;2025-04-27;1;ter plaatse;gezien;imago;Man;224224.75462883367;190982.8585757995;5.426729202270508;51.02427291870117;FS7055;Houthalen-Helchteren - Huttebeek;Houthalen-Helchteren;Houthalen;Limburg;ObsMapp;J;Goedgekeurd op basis van expertoordeel;2026-04-27;3;;1;Libellen;Coenagrionidae;2026-07-08;591;S;zeer zeldzaam
346970242;346970242;Speerwaterjuffer;Coenagrion hastulatum;2025-04-27;4;2025-04-27;2;eileggend;gezien;imago;onbekend;224224.75462883367;190982.8585757995;5.426729202270508;51.02427291870117;FS7055;Houthalen-Helchteren - Huttebeek;Houthalen-Helchteren;Houthalen;Limburg;ObsMapp;J;Goedgekeurd op basis van bewijsmateriaal;2026-04-27;3;;1;Libellen;Coenagrionidae;2026-07-08;591;S;zeer zeldzaam
346970245;346970245;Speerwaterjuffer;Coenagrion hastulatum;2025-04-27;4;2025-04-27;2;ter plaatse;gezien;imago;Man;224227.96881435649;190980.3579116436;5.426774501800537;51.02425003051758;FS7055;Houthalen-Helchteren - Huttebeek;Houthalen-Helchteren;Houthalen;Limburg;ObsMapp;J;Goedgekeurd op basis van bewijsmateriaal;2026-04-27;3;;2;Libellen;Coenagrionidae;2026-07-08;591;S;zeer zeldzaam
346970249;346970249;Speerwaterjuffer;Coenagrion hastulatum;2025-04-27;4;2025-04-27;1;ter plaatse;gezien;imago;Man;224228.16952279763;190980.3607735727;5.426777362823486;51.02425003051758;FS7055;Houthalen-Helchteren - Huttebeek;Houthalen-Helchteren;Houthalen;Limburg;ObsMapp;J;Goedgekeurd op basis van expertoordeel;2026-04-27;3;;2;Libellen;Coenagrionidae;2026-07-08;591;S;zeer zeldzaam
346970252;346970252;Speerwaterjuffer;Coenagrion hastulatum;2025-04-27;4;2025-04-27;2;eileggend;gezien;imago;onbekend;224228.16952279763;190980.3607735727;5.426777362823486;51.02425003051758;FS7055;Houthalen-Helchteren - Huttebeek;Houthalen-Helchteren;Houthalen;Limburg;ObsMapp;J;Goedgekeurd op basis van bewijsmateriaal;2026-04-27;3;;2;Libellen;Coenagrionidae;2026-07-08;591;S;zeer zeldzaam
192204710;192204710;Speerwaterjuffer;Coenagrion hastulatum;2020-05-23;5;2020-05-23;10;ter plaatse;gezien;imago;Man;224316.9471047652;190835.8759810906;5.4280132;51.02294;FS7055;Houthalen-Helchteren - Huttebeek;Houthalen-Helchteren;Houthalen;Limburg;Site;J;Goedgekeurd op basis van bewijsmateriaal;1980-01-01;3;;7;Libellen;Coenagrionidae;2026-07-08;591;S;zeer zeldzaam
192204966;192204966;Speerwaterjuffer;Coenagrion hastulatum;2020-05-23;5;2020-05-23;2;ter plaatse;gezien;imago;onbekend;224449.35144011525;190816.07252115945;5.4298961;51.022745;FS7055;Houthalen-Helchteren - Huttebeek;Houthalen-Helchteren;Houthalen;Limburg;Site;J;Goedgekeurd op basis van bewijsmateriaal;1980-01-01;3;;15;Libellen;Coenagrionidae;2026-07-08;591;S;zeer zeldzaam
213736000;213736000:2172796;Speerwaterjuffer;Coenagrion hastulatum;2021-05-14;5;2021-05-14;2;ter plaatse;gezien;imago, niet uitgekleurd;Vrouw;224309.2244218833;191031.80243759416;5.427943;51.024702;FS7055;Houthalen-Helchteren - Huttebeek;Houthalen-Helchteren;Houthalen;Limburg;Site;J;Goedgekeurd op basis van bewijsmateriaal;2021-12-31;3;;25;Libellen;Coenagrionidae;2026-07-08;591;S;zeer zeldzaam
213736000;213736000:2172795;Speerwaterjuffer;Coenagrion hastulatum;2021-05-14;5;2021-05-14;1;ter plaatse;gezien;imago, niet uitgekleurd;Man;224309.2244218833;191031.80243759416;5.427943;51.024702;FS7055;Houthalen-Helchteren - Huttebeek;Houthalen-Helchteren;Houthalen;Limburg;Site;J;Goedgekeurd op basis van bewijsmateriaal;2021-12-31;3;;25;Libellen;Coenagrionidae;2026-07-08;591;S;zeer zeldzaam
350263058;350263058;Speerwaterjuffer;Coenagrion hastulatum;2025-05-13;5;2025-05-13;3;ter plaatse;gezien;imago;Man;223608.61075634457;188616.49238983355;5.417471408843994;51.00308227539063;FS6952;Zonhoven - Teut;Zonhoven;Zonhoven;Limburg;ObsMapp;J;Goedgekeurd op basis van expertoordeel;2026-05-13;3;;1;Libellen;Coenagrionidae;2026-07-08;591;S;zeer zeldzaam
350263063;350263063;Speerwaterjuffer;Coenagrion hastulatum;2025-05-13;5;2025-05-13;2;tandem;gezien;imago;onbekend;223607.39144766587;188619.87045307364;5.417454719543457;51.00311279296875;FS6952;Zonhoven - Teut;Zonhoven;Zonhoven;Limburg;ObsMapp;J;Goedgekeurd op basis van expertoordeel;2026-05-13;3;;2;Libellen;Coenagrionidae;2026-07-08;591;S;zeer zeldzaam
350263119;350263119;Speerwaterjuffer;Coenagrion hastulatum;2025-05-13;5;2025-05-13;1;ter plaatse;gezien;imago;Man;224172.7687346044;190989.3326607449;5.425989627838135;51.02433776855469;FS7055;Houthalen-Helchteren - Huttebeek;Houthalen-Helchteren;Houthalen;Limburg;ObsMapp;J;Goedgekeurd op basis van expertoordeel;2026-05-13;3;;3;Libellen;Coenagrionidae;2026-07-08;591;S;zeer zeldzaam
311172397;311172397;Speerwaterjuffer;Coenagrion hastulatum;2024-05-23;5;2024-05-23;2;ter plaatse;gezien;imago;Man;224215.7120829332;191002.2527761497;5.426604270935059;51.02444839477539;FS7055;Houthalen-Helchteren - Huttebeek;Houthalen-Helchteren;Houthalen;Limburg;ObsMapp;J;Goedgekeurd op basis van expertoordeel;2024-06-23;3;;2;Libellen;Coenagrionidae;2026-07-08;591;S;zeer zeldzaam
311172389;311172389;Speerwaterjuffer;Coenagrion hastulatum;2024-05-23;5;2024-05-23;1;ter plaatse;gezien;imago;Man;224221.5361557589;191009.12646507565;5.4266886711120605;51.02450942993164;FS7055;Houthalen-Helchteren - Huttebeek;Houthalen-Helchteren;Houthalen;Limburg;ObsMapp;J;Goedgekeurd op basis van expertoordeel;2024-06-23;3;;3;Libellen;Coenagrionidae;2026-07-08;591;S;zeer zeldzaam
311172382;311172382;Speerwaterjuffer;Coenagrion hastulatum;2024-05-23;5;2024-05-23;1;ter plaatse;gezien;imago;Man;224175.21147003764;190998.70461291075;5.426026344299316;51.02442169189453;FS7055;Houthalen-Helchteren - Huttebeek;Houthalen-Helchteren;Houthalen;Limburg;ObsMapp;J;Goedgekeurd op basis van expertoordeel;2024-06-23;3;;2;Libellen;Coenagrionidae;2026-07-08;591;S;zeer zeldzaam
311172376;311172376;Speerwaterjuffer;Coenagrion hastulatum;2024-05-23;5;2024-05-23;1;dood;gezien;imago;Man;224167.1605982505;190983.7353516305;5.42590856552124;51.02428817749024;FS7055;Houthalen-Helchteren - Huttebeek;Houthalen-Helchteren;Houthalen;Limburg;ObsMapp;J;Goedgekeurd op basis van expertoordeel;2024-06-23;3;;2;Libellen;Coenagrionidae;2026-07-08;591;S;zeer zeldzaam
311172373;311172373;Speerwaterjuffer;Coenagrion hastulatum;2024-05-23;5;2024-05-23;1;ter plaatse;gezien;imago;Man;224168.9456131886;190982.9119524462;5.425933837890625;51.0242805480957;FS7055;Houthalen-Helchteren - Huttebeek;Houthalen-Helchteren;Houthalen;Limburg;ObsMapp;J;Goedgekeurd op basis van expertoordeel;2024-06-23;3;;2;Libellen;Coenagrionidae;2026-07-08;591;S;zeer zeldzaam
311172371;311172371;Speerwaterjuffer;Coenagrion hastulatum;2024-05-23;5;2024-05-23;1;ter plaatse;gezien;imago;Man;224168.9456131886;190982.9119524462;5.425933837890625;51.0242805480957;FS7055;Houthalen-Helchteren - Huttebeek;Houthalen-Helchteren;Houthalen;Limburg;ObsMapp;J;Goedgekeurd op basis van expertoordeel;2024-06-23;3;;2;Libellen;Coenagrionidae;2026-07-08;591;S;zeer zeldzaam
311172355;311172355;Speerwaterjuffer;Coenagrion hastulatum;2024-05-23;5;2024-05-23;6;ter plaatse;gezien;imago;onbekend;223312.33302912087;188412.41541581228;5.413209915161133;51.00128555297852;FS6952;Zonhoven - Teut;Zonhoven;Zonhoven;Limburg;ObsMapp;J;Goedgekeurd op basis van expertoordeel;2024-06-23;3;;2;Libellen;Coenagrionidae;2026-07-08;591;S;zeer zeldzaam
308831585;308831585;Speerwaterjuffer;Coenagrion hastulatum;2024-05-10;5;2024-05-10;5;ter plaatse;gezien;imago;Man;224191.065304376;191010.8141805539;5.426254749298096;51.02452850341797;FS7055;Houthalen-Helchteren - Huttebeek;Houthalen-Helchteren;Houthalen;Limburg;ObsMapp;J;Goedgekeurd op basis van expertoordeel;2024-06-10;3;;2;Libellen;Coenagrionidae;2026-07-08;591;S;zeer zeldzaam
308831575;308831575;Speerwaterjuffer;Coenagrion hastulatum;2024-05-10;5;2024-05-10;2;tandem;gezien;imago;onbekend;224210.94209437503;191020.01023685373;5.426539897918701;51.02460861206055;FS7055;Houthalen-Helchteren - Huttebeek;Houthalen-Helchteren;Houthalen;Limburg;ObsMapp;J;Goedgekeurd op basis van expertoordeel;2024-06-10;3;;2;Libellen;Coenagrionidae;2026-07-08;591;S;zeer zeldzaam
308831569;308831569;Speerwaterjuffer;Coenagrion hastulatum;2024-05-10;5;2024-05-10;1;ter plaatse;gezien;imago, niet uitgekleurd;Vrouw;224223.94429425945;191004.49222693872;5.426722049713135;51.02446746826172;FS7055;Houthalen-Helchteren - Huttebeek;Houthalen-Helchteren;Houthalen;Limburg;ObsMapp;J;Goedgekeurd op basis van expertoordeel;2024-06-10;3;;3;Libellen;Coenagrionidae;2026-07-08;591;S;zeer zeldzaam
307812781;307812781;Speerwaterjuffer;Coenagrion hastulatum;2024-05-04;5;2024-05-04;4;ter plaatse;gezien;imago;Man;224178.06307816965;190998.77952560785;5.426066999999989;51.024422;FS7055;Houthalen-Helchteren - Huttebeek;Houthalen-Helchteren;Houthalen;Limburg;ObsMapp;J;Goedgekeurd op basis van bewijsmateriaal;2024-06-04;3;;2;Libellen;Coenagrionidae;2026-07-08;591;S;zeer zeldzaam
307812769;307812769;Speerwaterjuffer;Coenagrion hastulatum;2024-05-04;5;2024-05-04;1;dood;gezien;imago;Man;224218.7248998437;191006.14584022108;5.426648;51.024483;FS7055;Houthalen-Helchteren - Huttebeek;Houthalen-Helchteren;Houthalen;Limburg;ObsMapp;J;Goedgekeurd op basis van bewijsmateriaal;2024-06-04;3;in spinweb;3;Libellen;Coenagrionidae;2026-07-08;591;S;zeer zeldzaam
307812766;307812766;Speerwaterjuffer;Coenagrion hastulatum;2024-05-04;5;2024-05-04;2;tandem;gezien;imago;onbekend;224218.7248998437;191006.14584022108;5.426648;51.024483;FS7055;Houthalen-Helchteren - Huttebeek;Houthalen-Helchteren;Houthalen;Limburg;ObsMapp;J;Goedgekeurd op basis van bewijsmateriaal;2024-06-04;3;;2;Libellen;Coenagrionidae;2026-07-08;591;S;zeer zeldzaam
307812763;307812763;Speerwaterjuffer;Coenagrion hastulatum;2024-05-04;5;2024-05-04;1;ter plaatse;gezien;imago;Man;224218.7248998437;191006.14584022108;5.426648;51.024483;FS7055;Houthalen-Helchteren - Huttebeek;Houthalen-Helchteren;Houthalen;Limburg;ObsMapp;J;Goedgekeurd op basis van bewijsmateriaal;2024-06-04;3;;2;Libellen;Coenagrionidae;2026-07-08;591;S;zeer zeldzaam
357168758;357168758;Speerwaterjuffer;Coenagrion hastulatum;2025-06-12;6;2025-06-17;1;ter plaatse;gezien;imago;Man;224227.41794485704;190974.40823594292;5.426765441894531;51.02419662475586;FS7055;Houthalen-Helchteren - Huttebeek;Houthalen-Helchteren;Houthalen;Limburg;ObsMapp;J;Goedgekeurd op basis van expertoordeel;2026-06-12;3;;2;Libellen;Coenagrionidae;2026-07-08;591;S;zeer zeldzaam
357168768;357168768;Speerwaterjuffer;Coenagrion hastulatum;2025-06-12;6;2025-06-17;1;ter plaatse;gezien;imago;onbekend;224224.19555529056;190989.2168409666;5.426722526550293;51.02433013916016;FS7055;Houthalen-Helchteren - Huttebeek;Houthalen-Helchteren;Houthalen;Limburg;ObsMapp;J;Goedgekeurd op basis van expertoordeel;2026-06-12;3;;2;Libellen;Coenagrionidae;2026-07-08;591;S;zeer zeldzaam
357168778;357168778;Speerwaterjuffer;Coenagrion hastulatum;2025-06-12;6;2025-06-17;1;ter plaatse;gezien;imago;Man;224223.50517736905;190988.3581657419;5.426712512969971;51.024322509765625;FS7055;Houthalen-Helchteren - Huttebeek;Houthalen-Helchteren;Houthalen;Limburg;ObsMapp;J;Goedgekeurd op basis van expertoordeel;2026-06-12;3;;2;Libellen;Coenagrionidae;2026-07-08;591;S;zeer zeldzaam
357168818;357168818;Speerwaterjuffer;Coenagrion hastulatum;2025-06-12;6;2025-06-17;1;ter plaatse;gezien;imago;Man;224222.07886927435;190987.48899766055;5.426692008972168;51.02431488037109;FS7055;Houthalen-Helchteren - Huttebeek;Houthalen-Helchteren;Houthalen;Limburg;ObsMapp;J;Goedgekeurd op basis van expertoordeel;2026-06-12;3;;2;Libellen;Coenagrionidae;2026-07-08;591;S;zeer zeldzaam
217277035;217277035;Speerwaterjuffer;Coenagrion hastulatum;2021-06-16;6;2021-06-16;2;ter plaatse;gezien;imago;Man;224304.6558304416;190849.03424252663;5.42784070968628;51.0230598449707;FS7055;Houthalen-Helchteren - Huttebeek;Houthalen-Helchteren;Houthalen;Limburg;ObsMapp;J;Goedgekeurd op basis van expertoordeel;2024-10-11;3;;3;Libellen;Coenagrionidae;2026-07-08;591;S;zeer zeldzaam
192569671;192569671;Speerwaterjuffer;Coenagrion hastulatum;2020-05-27;5;2020-05-27;1;in copula;onbekend;onbekend;onbekend;224339.01784994567;190858.4375523962;5.42833232879639;51.0231399536133;FS7055;Houthalen-Helchteren - Huttebeek;Houthalen-Helchteren;Houthalen;Limburg;Meetnetten.be;J;Goedgekeurd op basis van expertoordeel;2021-05-26;3;meetnetten.be: levensfase: imago_ activiteit: copula;10;Libellen;Coenagrionidae;2026-07-08;591;S;zeer zeldzaam
217277028;217277028;Speerwaterjuffer;Coenagrion hastulatum;2021-06-16;6;2021-06-16;1;ter plaatse;gezien;imago;Vrouw;224314.58481875068;190844.93181624915;5.42798137664795;51.023021697998;FS7055;Houthalen-Helchteren - Huttebeek;Houthalen-Helchteren;Houthalen;Limburg;ObsMapp;J;Goedgekeurd op basis van expertoordeel;2024-10-11;3;;4;Libellen;Coenagrionidae;2026-07-08;591;S;zeer zeldzaam
217277018;217277018;Speerwaterjuffer;Coenagrion hastulatum;2021-06-16;6;2021-06-16;1;ter plaatse;gezien;imago;Man;224343.76490794503;190856.3832643237;5.42839956283569;51.023120880127;FS7055;Houthalen-Helchteren - Huttebeek;Houthalen-Helchteren;Houthalen;Limburg;ObsMapp;J;Goedgekeurd op basis van expertoordeel;2024-10-11;3;;3;Libellen;Coenagrionidae;2026-07-08;591;S;zeer zeldzaam
217277013;217277013;Speerwaterjuffer;Coenagrion hastulatum;2021-06-16;6;2021-06-16;2;ter plaatse;gezien;imago;Man;224353.34798274728;190867.1305234032;5.42853832244873;51.0232162475586;FS7055;Houthalen-Helchteren - Huttebeek;Houthalen-Helchteren;Houthalen;Limburg;ObsMapp;J;Goedgekeurd op basis van expertoordeel;2024-10-11;3;;2;Libellen;Coenagrionidae;2026-07-08;591;S;zeer zeldzaam
275198965;275198965;Speerwaterjuffer;Coenagrion hastulatum;2023-06-06;6;2023-06-07;1;ter plaatse;gezien;imago;Man;224306.4703576752;190832.0835149847;5.427863121032715;51.02290725708008;FS7055;Houthalen-Helchteren - Huttebeek;Houthalen-Helchteren;Houthalen;Limburg;ObsMapp;J;Goedgekeurd op basis van expertoordeel;2024-06-06;3;;3;Libellen;Coenagrionidae;2026-07-08;591;S;zeer zeldzaam
275198959;275198959;Speerwaterjuffer;Coenagrion hastulatum;2023-06-06;6;2023-06-07;4;ter plaatse;gezien;imago;Man;224301.8790098628;190844.32603576037;5.427800178527832;51.02301788330078;FS7055;Houthalen-Helchteren - Huttebeek;Houthalen-Helchteren;Houthalen;Limburg;ObsMapp;J;Goedgekeurd op basis van expertoordeel;2024-06-06;3;;3;Libellen;Coenagrionidae;2026-07-08;591;S;zeer zeldzaam
217277003;217277003;Speerwaterjuffer;Coenagrion hastulatum;2021-06-16;6;2021-06-16;1;ter plaatse;gezien;imago;Man;224384.71458323207;190882.4331772067;5.42898845672607;51.0233497619629;FS7055;Houthalen-Helchteren - Huttebeek;Houthalen-Helchteren;Houthalen;Limburg;ObsMapp;J;Goedgekeurd op basis van expertoordeel;2024-10-11;3;;3;Libellen;Coenagrionidae;2026-07-08;591;S;zeer zeldzaam
275198957;275198957;Speerwaterjuffer;Coenagrion hastulatum;2023-06-06;6;2023-06-07;1;ter plaatse;gezien;imago;Man;224312.65064400955;190844.4797898261;5.427953720092773;51.02301788330078;FS7055;Houthalen-Helchteren - Huttebeek;Houthalen-Helchteren;Houthalen;Limburg;ObsMapp;J;Goedgekeurd op basis van expertoordeel;2024-06-06;3;;5;Libellen;Coenagrionidae;2026-07-08;591;S;zeer zeldzaam
244748624;244748624;Speerwaterjuffer;Coenagrion hastulatum;2022-05-25;5;2022-06-09;1;ter plaatse;onbekend;imago;Man;224297.48782086707;190847.2342722006;5.42773818969727;51.0230445861816;FS7055;Houthalen-Helchteren - Huttebeek;Houthalen-Helchteren;Houthalen;Limburg;Meetnetten.be;J;Goedgekeurd op basis van expertoordeel;2023-05-24;3;meetnetten.be: levensfase: imago_ activiteit: ter plaatse;10;Libellen;Coenagrionidae;2026-07-08;591;S;zeer zeldzaam
244387410;244387410;Speerwaterjuffer;Coenagrion hastulatum;2022-06-02;6;2022-06-06;3;ter plaatse;gezien;imago;Man;223537.12389636075;188577.709833947;5.41644525527954;51.002742767334;FS6952;Zonhoven - Teut;Zonhoven;Zonhoven;Limburg;ObsMapp;J;Goedgekeurd op basis van expertoordeel;2007-01-01;3;;3;Libellen;Coenagrionidae;2026-07-08;591;S;zeer zeldzaam
275198954;275198954;Speerwaterjuffer;Coenagrion hastulatum;2023-06-06;6;2023-06-07;1;ter plaatse;gezien;imago;Vrouw;224311.30966191695;190847.0071416609;5.427935123443604;51.023040771484375;FS7055;Houthalen-Helchteren - Huttebeek;Houthalen-Helchteren;Houthalen;Limburg;ObsMapp;J;Goedgekeurd op basis van expertoordeel;2024-06-06;3;;3;Libellen;Coenagrionidae;2026-07-08;591;S;zeer zeldzaam
314151926;314151926;Speerwaterjuffer;Coenagrion hastulatum;2024-05-13;5;2024-06-12;1;ter plaatse;onbekend;imago;Man;223429.7161987262;188460.7543514837;5.41489171981812;51.0017051696777;FS6952;Zonhoven - Teut;Zonhoven;Zonhoven;Limburg;Meetnetten.be;J;Goedgekeurd op basis van expertoordeel;2025-05-12;3;meetnetten.be: life stage: imago_ activity: present;10;Libellen;Coenagrionidae;2026-07-08;591;S;zeer zeldzaam
275198943;275198943;Speerwaterjuffer;Coenagrion hastulatum;2023-06-06;6;2023-06-07;1;ter plaatse;gezien;imago;Man;224318.36230056852;190852.2008097228;5.428036689758301;51.02308654785156;FS7055;Houthalen-Helchteren - Huttebeek;Houthalen-Helchteren;Houthalen;Limburg;ObsMapp;J;Goedgekeurd op basis van expertoordeel;2024-06-06;3;;3;Libellen;Coenagrionidae;2026-07-08;591;S;zeer zeldzaam
275198933;275198933;Speerwaterjuffer;Coenagrion hastulatum;2023-06-06;6;2023-06-07;1;ter plaatse;gezien;imago;Man;224337.5035381484;190861.3868383057;5.428311347961426;51.02316665649414;FS7055;Houthalen-Helchteren - Huttebeek;Houthalen-Helchteren;Houthalen;Limburg;ObsMapp;J;Goedgekeurd op basis van expertoordeel;2024-06-06;3;;3;Libellen;Coenagrionidae;2026-07-08;591;S;zeer zeldzaam
275198910;275198910;Speerwaterjuffer;Coenagrion hastulatum;2023-06-06;6;2023-06-07;1;ter plaatse;gezien;imago;Man;223427.54080553076;188460.72368094977;5.414860725402832;51.00170516967773;FS6952;Zonhoven - Teut;Zonhoven;Zonhoven;Limburg;ObsMapp;J;Goedgekeurd op basis van expertoordeel;2024-06-06;3;;5;Libellen;Coenagrionidae;2026-07-08;591;S;zeer zeldzaam
217276977;217276977;Speerwaterjuffer;Coenagrion hastulatum;2021-06-16;6;2021-06-16;1;ter plaatse;gezien;imago;Man;224362.87663281232;190823.12738992556;5.42866516113281;51.022819519043;FS7055;Houthalen-Helchteren - Huttebeek;Houthalen-Helchteren;Houthalen;Limburg;ObsMapp;J;Goedgekeurd op basis van expertoordeel;2024-10-11;3;;2;Libellen;Coenagrionidae;2026-07-08;591;S;zeer zeldzaam
275198900;275198900;Speerwaterjuffer;Coenagrion hastulatum;2023-06-06;6;2023-06-07;1;ter plaatse;gezien;imago;Man;223427.6197055929;188459.8759699948;5.414861679077148;51.0016975402832;FS6952;Zonhoven - Teut;Zonhoven;Zonhoven;Limburg;ObsMapp;J;Goedgekeurd op basis van expertoordeel;2024-06-06;3;;3;Libellen;Coenagrionidae;2026-07-08;591;S;zeer zeldzaam
192569735;192569735;Speerwaterjuffer;Coenagrion hastulatum;2020-05-27;5;2020-05-27;1;ter plaatse;onbekend;onbekend;Man;224369.0500485861;190885.1802817108;5.42876577377319;51.0233764648438;FS7055;Houthalen-Helchteren - Huttebeek;Houthalen-Helchteren;Houthalen;Limburg;Meetnetten.be;J;Goedgekeurd op basis van expertoordeel;2021-05-26;3;meetnetten.be: levensfase: imago_ activiteit: ter plaatse;10;Libellen;Coenagrionidae;2026-07-08;591;S;zeer zeldzaam
275198897;275198897;Speerwaterjuffer;Coenagrion hastulatum;2023-06-06;6;2023-06-07;1;ter plaatse;gezien;imago;Man;223429.7111664657;188477.73074785247;5.414895057678223;51.00185775756836;FS6952;Zonhoven - Teut;Zonhoven;Zonhoven;Limburg;ObsMapp;J;Goedgekeurd op basis van expertoordeel;2024-06-06;3;;3;Libellen;Coenagrionidae;2026-07-08;591;S;zeer zeldzaam
244748917;244748917;Speerwaterjuffer;Coenagrion hastulatum;2022-06-02;6;2022-06-09;1;ter plaatse;onbekend;imago;Man;224393.4180801684;190809.55803173129;5.4290976524353;51.0226936340332;FS7055;Houthalen-Helchteren - Huttebeek;Houthalen-Helchteren;Houthalen;Limburg;Meetnetten.be;J;Goedgekeurd op basis van expertoordeel;2023-06-01;3;meetnetten.be: levensfase: imago_ activiteit: ter plaatse;10;Libellen;Coenagrionidae;2026-07-08;591;S;zeer zeldzaam
275198894;275198894;Speerwaterjuffer;Coenagrion hastulatum;2023-06-06;6;2023-06-07;1;ter plaatse;gezien;imago;Man;223421.69222657388;188469.5538722649;5.414779186248779;51.00178527832031;FS6952;Zonhoven - Teut;Zonhoven;Zonhoven;Limburg;ObsMapp;J;Goedgekeurd op basis van expertoordeel;2024-06-06;3;;3;Libellen;Coenagrionidae;2026-07-08;591;S;zeer zeldzaam
275198892;275198892;Speerwaterjuffer;Coenagrion hastulatum;2023-06-06;6;2023-06-07;1;ter plaatse;gezien;imago;Man;223429.751142426;188441.65631944872;5.414888381958008;51.00153350830078;FS6952;Zonhoven - Teut;Zonhoven;Zonhoven;Limburg;ObsMapp;J;Goedgekeurd op basis van expertoordeel;2024-06-06;3;;3;Libellen;Coenagrionidae;2026-07-08;591;S;zeer zeldzaam
275198890;275198890;Speerwaterjuffer;Coenagrion hastulatum;2023-06-06;6;2023-06-07;1;ter plaatse;gezien;imago;Man;223425.51270770992;188440.74774014577;5.414827823638916;51.00152587890625;FS6952;Zonhoven - Teut;Zonhoven;Zonhoven;Limburg;ObsMapp;J;Goedgekeurd op basis van expertoordeel;2024-06-06;3;;3;Libellen;Coenagrionidae;2026-07-08;591;S;zeer zeldzaam
275198889;275198889;Speerwaterjuffer;Coenagrion hastulatum;2023-06-06;6;2023-06-07;2;ter plaatse;gezien;imago;Man;223422.7588153651;188439.0112694064;5.414788246154785;51.00151062011719;FS6952;Zonhoven - Teut;Zonhoven;Zonhoven;Limburg;ObsMapp;J;Goedgekeurd op basis van expertoordeel;2024-06-06;3;;3;Libellen;Coenagrionidae;2026-07-08;591;S;zeer zeldzaam
275198887;275198887;Speerwaterjuffer;Coenagrion hastulatum;2023-06-06;6;2023-06-07;1;ter plaatse;gezien;imago;Man;223408.01658986323;188409.09464722688;5.414572238922119;51.001243591308594;FS6952;Zonhoven - Teut;Zonhoven;Zonhoven;Limburg;ObsMapp;J;Goedgekeurd op basis van expertoordeel;2024-06-06;3;;8;Libellen;Coenagrionidae;2026-07-08;591;S;zeer zeldzaam
275198886;275198886;Speerwaterjuffer;Coenagrion hastulatum;2023-06-06;6;2023-06-07;2;in copula;gezien;imago;onbekend;223403.94063491432;188413.28131504825;5.414515018463135;51.00128173828125;FS6952;Zonhoven - Teut;Zonhoven;Zonhoven;Limburg;ObsMapp;J;Goedgekeurd op basis van expertoordeel;2024-06-06;3;;3;Libellen;Coenagrionidae;2026-07-08;591;S;zeer zeldzaam
401275412;401275412;Speerwaterjuffer;Coenagrion hastulatum;2026-05-27;5;2026-05-27;1;ter plaatse;gezien;imago;Man;223433.560711758;188458.34202565253;5.414946;51.001683;FS6952;Zonhoven - Teut;Zonhoven;Zonhoven;Limburg;Observation;J;Goedgekeurd op basis van expertoordeel;1980-01-01;3;;2;Libellen;Coenagrionidae;2026-07-08;591;S;zeer zeldzaam
401275560;401275560;Speerwaterjuffer;Coenagrion hastulatum;2026-05-27;5;2026-05-27;1;ter plaatse;gezien;imago;Man;223374.4348728767;188419.6813364057;5.414096;51.001343;FS6952;Zonhoven - Teut;Zonhoven;Zonhoven;Limburg;Observation;J;Goedgekeurd op basis van expertoordeel;1980-01-01;3;;5;Libellen;Coenagrionidae;2026-07-08;591;S;zeer zeldzaam
244748726;244748726;Speerwaterjuffer;Coenagrion hastulatum;2022-06-02;6;2022-06-09;1;ter plaatse;onbekend;imago;Man;223424.70123729808;188431.82365558852;5.41481447219849;51.0014457702637;FS6952;Zonhoven - Teut;Zonhoven;Zonhoven;Limburg;Meetnetten.be;J;Goedgekeurd op basis van expertoordeel;2023-06-01;3;meetnetten.be: levensfase: imago_ activiteit: ter plaatse;10;Libellen;Coenagrionidae;2026-07-08;591;S;zeer zeldzaam
275198885;275198885;Speerwaterjuffer;Coenagrion hastulatum;2023-06-06;6;2023-06-07;1;ter plaatse;gezien;imago;Man;223362.0053261688;188436.4574951008;5.413922309875488;51.001495361328125;FS6952;Zonhoven - Teut;Zonhoven;Zonhoven;Limburg;ObsMapp;J;Goedgekeurd op basis van expertoordeel;2024-06-06;3;;8;Libellen;Coenagrionidae;2026-07-08;591;S;zeer zeldzaam
275198884;275198884;Speerwaterjuffer;Coenagrion hastulatum;2023-06-06;6;2023-06-07;1;ter plaatse;gezien;imago;Man;223357.46925064188;188437.6668366054;5.413857936859131;51.00150680541992;FS6952;Zonhoven - Teut;Zonhoven;Zonhoven;Limburg;ObsMapp;J;Goedgekeurd op basis van expertoordeel;2024-06-06;3;;4;Libellen;Coenagrionidae;2026-07-08;591;S;zeer zeldzaam
217276974;217276974;Speerwaterjuffer;Coenagrion hastulatum;2021-06-16;6;2021-06-16;1;ter plaatse;gezien;imago;Man;223434.70642170036;188462.9467697153;5.41496324539185;51.0017242431641;FS6952;Zonhoven - Teut;Zonhoven;Zonhoven;Limburg;ObsMapp;J;Goedgekeurd op basis van expertoordeel;2024-10-11;3;;3;Libellen;Coenagrionidae;2026-07-08;591;S;zeer zeldzaam
275198883;275198883;Speerwaterjuffer;Coenagrion hastulatum;2023-06-06;6;2023-06-07;1;ter plaatse;gezien;imago;Man;223355.7910804072;188442.73613838013;5.413835048675537;51.00155258178711;FS6952;Zonhoven - Teut;Zonhoven;Zonhoven;Limburg;ObsMapp;J;Goedgekeurd op basis van expertoordeel;2024-06-06;3;;3;Libellen;Coenagrionidae;2026-07-08;591;S;zeer zeldzaam
217276944;217276944;Speerwaterjuffer;Coenagrion hastulatum;2021-06-16;6;2021-06-16;1;ter plaatse;gezien;imago;Man;223418.3950577636;188423.24652243036;5.41472291946411;51.0013694763184;FS6952;Zonhoven - Teut;Zonhoven;Zonhoven;Limburg;ObsMapp;J;Goedgekeurd op basis van expertoordeel;2024-10-11;3;;2;Libellen;Coenagrionidae;2026-07-08;591;S;zeer zeldzaam
217276926;217276926;Speerwaterjuffer;Coenagrion hastulatum;2021-06-16;6;2021-06-16;1;ter plaatse;gezien;imago;Man;223391.6531857759;188406.3175653992;5.4143385887146;51.001220703125;FS6952;Zonhoven - Teut;Zonhoven;Zonhoven;Limburg;ObsMapp;J;Goedgekeurd op basis van expertoordeel;2024-10-11;3;;2;Libellen;Coenagrionidae;2026-07-08;591;S;zeer zeldzaam
217276912;217276912;Speerwaterjuffer;Coenagrion hastulatum;2021-06-16;6;2021-06-16;1;ter plaatse;gezien;imago;Man;223362.1427988861;188426.6979656797;5.41392230987549;51.001407623291;FS6952;Zonhoven - Teut;Zonhoven;Zonhoven;Limburg;ObsMapp;J;Goedgekeurd op basis van expertoordeel;2024-10-11;3;;1;Libellen;Coenagrionidae;2026-07-08;591;S;zeer zeldzaam
217276911;217276911;Speerwaterjuffer;Coenagrion hastulatum;2021-06-16;6;2021-06-16;1;ter plaatse;gezien;imago;Man;223377.26672372295;188412.9054416865;5.41413497924805;51.0012817382813;FS6952;Zonhoven - Teut;Zonhoven;Zonhoven;Limburg;ObsMapp;J;Goedgekeurd op basis van expertoordeel;2024-10-11;3;;3;Libellen;Coenagrionidae;2026-07-08;591;S;zeer zeldzaam
217276880;217276880;Speerwaterjuffer;Coenagrion hastulatum;2021-06-16;6;2021-06-16;1;ter plaatse;gezien;imago;Man;223321.41340048533;188383.25885119385;5.41333341598511;51.0010223388672;FS6952;Zonhoven - Teut;Zonhoven;Zonhoven;Limburg;ObsMapp;J;Goedgekeurd op basis van expertoordeel;2024-10-11;3;;2;Libellen;Coenagrionidae;2026-07-08;591;S;zeer zeldzaam
217276852;217276852;Speerwaterjuffer;Coenagrion hastulatum;2021-06-16;6;2021-06-16;1;ter plaatse;gezien;imago;Man;223312.7299031953;188417.51394017693;5.41321659088135;51.0013313293457;FS6952;Zonhoven - Teut;Zonhoven;Zonhoven;Limburg;ObsMapp;J;Goedgekeurd op basis van expertoordeel;2024-10-11;3;;3;Libellen;Coenagrionidae;2026-07-08;591;S;zeer zeldzaam
217276831;217276831;Speerwaterjuffer;Coenagrion hastulatum;2021-06-16;6;2021-06-16;1;ter plaatse;gezien;imago;Man;223352.1741784371;188445.2316655908;5.41378402709961;51.0015754699707;FS6952;Zonhoven - Teut;Zonhoven;Zonhoven;Limburg;ObsMapp;J;Goedgekeurd op basis van expertoordeel;2024-10-11;3;;3;Libellen;Coenagrionidae;2026-07-08;591;S;zeer zeldzaam
217276793;217276793;Speerwaterjuffer;Coenagrion hastulatum;2021-06-16;6;2021-06-16;1;in copula;gezien;imago;onbekend;223433.5623566652;188475.23857742548;5.41494941711426;51.0018348693848;FS6952;Zonhoven - Teut;Zonhoven;Zonhoven;Limburg;ObsMapp;J;Goedgekeurd op basis van expertoordeel;2024-10-11;3;;2;Libellen;Coenagrionidae;2026-07-08;591;S;zeer zeldzaam
217276790;217276790;Speerwaterjuffer;Coenagrion hastulatum;2021-06-16;6;2021-06-16;1;ter plaatse;gezien;imago;Man;223496.91885302585;188513.90492814037;5.41585969924927;51.0021743774414;FS6952;Zonhoven - Teut;Zonhoven;Zonhoven;Limburg;ObsMapp;J;Goedgekeurd op basis van expertoordeel;2024-10-11;3;;3;Libellen;Coenagrionidae;2026-07-08;591;S;zeer zeldzaam
217276785;217276785;Speerwaterjuffer;Coenagrion hastulatum;2021-06-16;6;2021-06-16;1;ter plaatse;gezien;imago;Man;223496.6402038393;188519.4183494663;5.41585683822632;51.0022239685059;FS6952;Zonhoven - Teut;Zonhoven;Zonhoven;Limburg;ObsMapp;J;Goedgekeurd op basis van expertoordeel;2024-10-11;3;;2;Libellen;Coenagrionidae;2026-07-08;591;S;zeer zeldzaam
217276740;217276740;Speerwaterjuffer;Coenagrion hastulatum;2021-06-16;6;2021-06-16;1;ter plaatse;gezien;imago;Man;223576.48533291;188613.4919621488;5.41701316833496;51.003059387207;FS6952;Zonhoven - Teut;Zonhoven;Zonhoven;Limburg;ObsMapp;J;Goedgekeurd op basis van expertoordeel;2024-10-11;3;;2;Libellen;Coenagrionidae;2026-07-08;591;S;zeer zeldzaam
275198881;275198881;Speerwaterjuffer;Coenagrion hastulatum;2023-06-06;6;2023-06-07;1;ter plaatse;gezien;imago;onbekend;223369.19484016905;188460.7502320968;5.414029598236084;51.001712799072266;FS6952;Zonhoven - Teut;Zonhoven;Zonhoven;Limburg;ObsMapp;J;Goedgekeurd op basis van expertoordeel;2024-06-06;3;;3;Libellen;Coenagrionidae;2026-07-08;591;S;zeer zeldzaam
217276739;217276739;Speerwaterjuffer;Coenagrion hastulatum;2021-06-16;6;2021-06-16;1;ter plaatse;gezien;imago;Man;223598.4274331653;188614.65082243644;5.41732597351074;51.0030670166016;FS6952;Zonhoven - Teut;Zonhoven;Zonhoven;Limburg;ObsMapp;J;Goedgekeurd op basis van expertoordeel;2024-10-11;3;;3;Libellen;Coenagrionidae;2026-07-08;591;S;zeer zeldzaam
217276731;217276731;Speerwaterjuffer;Coenagrion hastulatum;2021-06-16;6;2021-06-16;2;ter plaatse;gezien;imago;Man;224089.3439472168;188553.70549425948;5.42430686950684;51.0024566650391;FS7052;Zonhoven - Teut;Zonhoven;Zonhoven;Limburg;ObsMapp;J;Goedgekeurd op basis van expertoordeel;2024-10-11;3;;3;Libellen;Coenagrionidae;2026-07-08;591;S;zeer zeldzaam
215587650;215587650;Speerwaterjuffer;Coenagrion hastulatum;2021-06-01;6;2021-06-01;2;ter plaatse;onbekend;imago;Man;223422.33002938743;188414.81376211904;5.41477727890015;51.001293182373;FS6952;Zonhoven - Teut;Zonhoven;Zonhoven;Limburg;ObsMapp;J;Goedgekeurd op basis van expertoordeel;2007-01-01;3;;25;Libellen;Coenagrionidae;2026-07-08;591;S;zeer zeldzaam
215587671;215587671;Speerwaterjuffer;Coenagrion hastulatum;2021-06-01;6;2021-06-01;1;ter plaatse;onbekend;imago;onbekend;223408.06483343669;188481.66971566807;5.41458749771118;51.001895904541;FS6952;Zonhoven - Teut;Zonhoven;Zonhoven;Limburg;ObsMapp;J;Goedgekeurd op basis van expertoordeel;2007-01-01;3;;25;Libellen;Coenagrionidae;2026-07-08;591;S;zeer zeldzaam
215587689;215587689;Speerwaterjuffer;Coenagrion hastulatum;2021-06-01;6;2021-06-01;1;ter plaatse;onbekend;imago;onbekend;224377.49835997616;190888.69630734625;5.42888689041138;51.0234069824219;FS7055;Houthalen-Helchteren - Huttebeek;Houthalen-Helchteren;Houthalen;Limburg;ObsMapp;J;Goedgekeurd op basis van expertoordeel;2007-01-01;3;;25;Libellen;Coenagrionidae;2026-07-08;591;S;zeer zeldzaam
217276705;217276705;Speerwaterjuffer;Coenagrion hastulatum;2021-06-16;6;2021-06-16;1;ter plaatse;gezien;imago;Man;224106.1974853038;188484.3416256439;5.42453289031982;51.0018310546875;FS7052;Zonhoven - Teut;Zonhoven;Zonhoven;Limburg;ObsMapp;J;Goedgekeurd op basis van expertoordeel;2024-10-11;3;;3;Libellen;Coenagrionidae;2026-07-08;591;S;zeer zeldzaam
215587643;215587643;Speerwaterjuffer;Coenagrion hastulatum;2021-06-01;6;2021-06-01;1;ter plaatse;onbekend;imago;onbekend;225332.1080225657;188400.06991489232;5.44197845458984;51.0009155273438;FS7152;Zonhoven - Teut;Zonhoven;Zonhoven;Limburg;ObsMapp;J;Goedgekeurd op basis van expertoordeel;2007-01-01;3;;25;Libellen;Coenagrionidae;2026-07-08;591;S;zeer zeldzaam
215587670;215587670;Speerwaterjuffer;Coenagrion hastulatum;2021-06-01;6;2021-06-01;1;tandem;onbekend;imago;onbekend;223402.16743063752;188477.34247871488;5.41450262069702;51.0018577575684;FS6952;Zonhoven - Teut;Zonhoven;Zonhoven;Limburg;ObsMapp;J;Goedgekeurd op basis van expertoordeel;2007-01-01;3;;25;Libellen;Coenagrionidae;2026-07-08;591;S;zeer zeldzaam
215587646;215587646;Speerwaterjuffer;Coenagrion hastulatum;2021-06-01;6;2021-06-01;1;ter plaatse;onbekend;imago;onbekend;225324.45556054107;188403.77895976044;5.44187021255493;51.0009498596191;FS7152;Zonhoven - Teut;Zonhoven;Zonhoven;Limburg;ObsMapp;J;Goedgekeurd op basis van expertoordeel;2007-01-01;3;;25;Libellen;Coenagrionidae;2026-07-08;591;S;zeer zeldzaam
242392373;242392373;Speerwaterjuffer;Coenagrion hastulatum;2022-05-21;5;2022-05-21;1;ter plaatse;onbekend;imago;Vrouw;224303.3669039301;190838.0185488863;5.4278201;51.022961;FS7055;Houthalen-Helchteren - Huttebeek;Houthalen-Helchteren;Houthalen;Limburg;Site;J;Goedgekeurd op basis van bewijsmateriaal;1980-01-01;3;;7;Libellen;Coenagrionidae;2026-07-08;591;S;zeer zeldzaam
191886422;191886422;Speerwaterjuffer;Coenagrion hastulatum;2020-05-20;5;2020-05-20;1;ter plaatse;gezien;imago;Man;224387.01694195133;190819.65253862087;5.42900848388672;51.0227851867676;FS7055;Houthalen-Helchteren - Huttebeek;Houthalen-Helchteren;Houthalen;Limburg;ObsMapp;J;Goedgekeurd op basis van expertoordeel;2007-01-01;3;;25;Libellen;Coenagrionidae;2026-07-08;591;S;zeer zeldzaam
215587704;215587704;Speerwaterjuffer;Coenagrion hastulatum;2021-06-01;6;2021-06-01;1;ter plaatse;onbekend;imago;Man;224303.2681574385;190833.73547112104;5.42781782150269;51.0229225158691;FS7055;Houthalen-Helchteren - Huttebeek;Houthalen-Helchteren;Houthalen;Limburg;ObsMapp;J;Goedgekeurd op basis van expertoordeel;2007-01-01;3;;25;Libellen;Coenagrionidae;2026-07-08;591;S;zeer zeldzaam
215587699;215587699;Speerwaterjuffer;Coenagrion hastulatum;2021-06-01;6;2021-06-01;1;ter plaatse;onbekend;imago;Man;224303.03195284345;190850.28431146685;5.42781782150269;51.0230712890625;FS7055;Houthalen-Helchteren - Huttebeek;Houthalen-Helchteren;Houthalen;Limburg;ObsMapp;J;Goedgekeurd op basis van expertoordeel;2007-01-01;3;;25;Libellen;Coenagrionidae;2026-07-08;591;S;zeer zeldzaam
215587691;215587691;Speerwaterjuffer;Coenagrion hastulatum;2021-06-01;6;2021-06-01;3;ter plaatse;onbekend;imago;onbekend;224362.63938390225;190884.2398715932;5.42867422103882;51.0233688354492;FS7055;Houthalen-Helchteren - Huttebeek;Houthalen-Helchteren;Houthalen;Limburg;ObsMapp;J;Goedgekeurd op basis van expertoordeel;2007-01-01;3;;25;Libellen;Coenagrionidae;2026-07-08;591;S;zeer zeldzaam
215587651;215587651;Speerwaterjuffer;Coenagrion hastulatum;2021-06-01;6;2021-06-01;1;in copula;onbekend;imago;onbekend;223426.1081792033;188424.6284932075;5.41483306884766;51.0013809204102;FS6952;Zonhoven - Teut;Zonhoven;Zonhoven;Limburg;ObsMapp;J;Goedgekeurd op basis van expertoordeel;2007-01-01;3;;25;Libellen;Coenagrionidae;2026-07-08;591;S;zeer zeldzaam
275198877;275198877;Speerwaterjuffer;Coenagrion hastulatum;2023-06-06;6;2023-06-07;1;ter plaatse;gezien;imago;Man;223378.6828715341;188466.82566550188;5.41416597366333;51.001766204833984;FS6952;Zonhoven - Teut;Zonhoven;Zonhoven;Limburg;ObsMapp;J;Goedgekeurd op basis van expertoordeel;2024-06-06;3;;3;Libellen;Coenagrionidae;2026-07-08;591;S;zeer zeldzaam
275198876;275198876;Speerwaterjuffer;Coenagrion hastulatum;2023-06-06;6;2023-06-07;2;in copula;gezien;imago;onbekend;223387.45494076924;188469.071323202;5.4142913818359375;51.00178527832031;FS6952;Zonhoven - Teut;Zonhoven;Zonhoven;Limburg;ObsMapp;J;Goedgekeurd op basis van expertoordeel;2024-06-06;3;;3;Libellen;Coenagrionidae;2026-07-08;591;S;zeer zeldzaam
191886434;191886434;Speerwaterjuffer;Coenagrion hastulatum;2020-05-20;5;2020-05-20;1;ter plaatse;gezien;imago;Man;224398.14704224945;190881.3518827334;5.42917966842651;51.0233383178711;FS7055;Houthalen-Helchteren - Huttebeek;Houthalen-Helchteren;Houthalen;Limburg;ObsMapp;J;Goedgekeurd op basis van expertoordeel;2007-01-01;3;;25;Libellen;Coenagrionidae;2026-07-08;591;S;zeer zeldzaam
215587642;215587642;Speerwaterjuffer;Coenagrion hastulatum;2021-06-01;6;2021-06-01;1;ter plaatse;onbekend;imago;Man;225345.59198623805;188356.55034570675;5.44216156005859;51.0005226135254;FS7152;Zonhoven - Teut;Zonhoven;Zonhoven;Limburg;ObsMapp;J;Goedgekeurd op basis van expertoordeel;2007-01-01;3;;25;Libellen;Coenagrionidae;2026-07-08;591;S;zeer zeldzaam
192569732;192569732;Speerwaterjuffer;Coenagrion hastulatum;2020-05-27;5;2020-05-27;1;ter plaatse;onbekend;onbekend;Man;224367.9582557;190884.31585288796;5.42875003814697;51.0233688354492;FS7055;Houthalen-Helchteren - Huttebeek;Houthalen-Helchteren;Houthalen;Limburg;Meetnetten.be;J;Goedgekeurd op basis van expertoordeel;2021-05-26;3;meetnetten.be: levensfase: imago_ activiteit: ter plaatse;10;Libellen;Coenagrionidae;2026-07-08;591;S;zeer zeldzaam
244387385;244387385;Speerwaterjuffer;Coenagrion hastulatum;2022-06-02;6;2022-06-06;1;ter plaatse;gezien;imago;Man;223593.8065321108;188617.131994932;5.41726064682007;51.0030899047852;FS6952;Zonhoven - Teut;Zonhoven;Zonhoven;Limburg;ObsMapp;J;Goedgekeurd op basis van expertoordeel;2007-01-01;3;;3;Libellen;Coenagrionidae;2026-07-08;591;S;zeer zeldzaam
191886439;191886439;Speerwaterjuffer;Coenagrion hastulatum;2020-05-20;5;2020-05-20;1;ter plaatse;gezien;imago;Man;224380.21089674515;190886.1885686526;5.42892503738403;51.0233840942383;FS7055;Houthalen-Helchteren - Huttebeek;Houthalen-Helchteren;Houthalen;Limburg;ObsMapp;J;Goedgekeurd op basis van expertoordeel;2007-01-01;3;;25;Libellen;Coenagrionidae;2026-07-08;591;S;zeer zeldzaam
191886441;191886441;Speerwaterjuffer;Coenagrion hastulatum;2020-05-20;5;2020-05-20;1;ter plaatse;gezien;imago;Man;224374.6908794449;190876.7725530388;5.4288444519043;51.0233001708984;FS7055;Houthalen-Helchteren - Huttebeek;Houthalen-Helchteren;Houthalen;Limburg;ObsMapp;J;Goedgekeurd op basis van expertoordeel;2007-01-01;3;;25;Libellen;Coenagrionidae;2026-07-08;591;S;zeer zeldzaam
191886447;191886447;Speerwaterjuffer;Coenagrion hastulatum;2020-05-20;5;2020-05-20;2;ter plaatse;gezien;imago;Man;224364.0867996743;190881.2896370729;5.42869424819946;51.0233421325684;FS7055;Houthalen-Helchteren - Huttebeek;Houthalen-Helchteren;Houthalen;Limburg;ObsMapp;J;Goedgekeurd op basis van expertoordeel;2007-01-01;3;;25;Libellen;Coenagrionidae;2026-07-08;591;S;zeer zeldzaam
244387384;244387384;Speerwaterjuffer;Coenagrion hastulatum;2022-06-02;6;2022-06-06;1;ter plaatse;gezien;imago;Man;223597.5522772206;188619.7313996451;5.41731452941895;51.0031127929688;FS6952;Zonhoven - Teut;Zonhoven;Zonhoven;Limburg;ObsMapp;J;Goedgekeurd op basis van expertoordeel;2007-01-01;3;;3;Libellen;Coenagrionidae;2026-07-08;591;S;zeer zeldzaam
191886449;191886449;Speerwaterjuffer;Coenagrion hastulatum;2020-05-20;5;2020-05-20;1;in copula;gezien;imago;onbekend;224364.58858032065;190881.29680502787;5.42870140075684;51.0233421325684;FS7055;Houthalen-Helchteren - Huttebeek;Houthalen-Helchteren;Houthalen;Limburg;ObsMapp;J;Goedgekeurd op basis van expertoordeel;2007-01-01;3;;25;Libellen;Coenagrionidae;2026-07-08;591;S;zeer zeldzaam
401275579;401275579;Speerwaterjuffer;Coenagrion hastulatum;2026-05-27;5;2026-05-27;1;ter plaatse;gezien;imago;Man;223375.56357057215;188404.34378010035;5.414109;51.001205;FS6952;Zonhoven - Teut;Zonhoven;Zonhoven;Limburg;Observation;J;Goedgekeurd op basis van expertoordeel;1980-01-01;3;;5;Libellen;Coenagrionidae;2026-07-08;591;S;zeer zeldzaam
357028936;357028936;Speerwaterjuffer;Coenagrion hastulatum;2025-06-12;6;2025-06-17;1;ter plaatse;gezien;imago;Man;224226.51097765216;190991.16736255767;5.426755921741024;51.02434737392886;FS7055;Houthalen-Helchteren - Huttebeek;Houthalen-Helchteren;Houthalen;Limburg;Observation;J;Goedgekeurd op basis van expertoordeel;1980-01-01;3;;5;Libellen;Coenagrionidae;2026-07-08;591;S;zeer zeldzaam
192569728;192569728;Speerwaterjuffer;Coenagrion hastulatum;2020-05-27;5;2020-05-27;1;ter plaatse;onbekend;onbekend;Man;224366.151846419;190884.29004731216;5.42872428894043;51.0233688354492;FS7055;Houthalen-Helchteren - Huttebeek;Houthalen-Helchteren;Houthalen;Limburg;Meetnetten.be;J;Goedgekeurd op basis van expertoordeel;2021-05-26;3;meetnetten.be: levensfase: imago_ activiteit: ter plaatse;10;Libellen;Coenagrionidae;2026-07-08;591;S;zeer zeldzaam
275198874;275198874;Speerwaterjuffer;Coenagrion hastulatum;2023-06-06;6;2023-06-07;1;ter plaatse;gezien;imago;Man;223387.45494076924;188469.071323202;5.4142913818359375;51.00178527832031;FS6952;Zonhoven - Teut;Zonhoven;Zonhoven;Limburg;ObsMapp;J;Goedgekeurd op basis van expertoordeel;2024-06-06;3;;3;Libellen;Coenagrionidae;2026-07-08;591;S;zeer zeldzaam
244387406;244387406;Speerwaterjuffer;Coenagrion hastulatum;2022-06-02;6;2022-06-06;1;ter plaatse;gezien;imago;Man;223537.31023210144;188581.1077605486;5.41644859313965;51.0027732849121;FS6952;Zonhoven - Teut;Zonhoven;Zonhoven;Limburg;ObsMapp;J;Goedgekeurd op basis van expertoordeel;2007-01-01;3;;3;Libellen;Coenagrionidae;2026-07-08;591;S;zeer zeldzaam
275198872;275198872;Speerwaterjuffer;Coenagrion hastulatum;2023-06-06;6;2023-06-07;1;ter plaatse;gezien;imago;Man;223401.75627481;188475.6390373325;5.414496421813965;51.0018424987793;FS6952;Zonhoven - Teut;Zonhoven;Zonhoven;Limburg;ObsMapp;J;Goedgekeurd op basis van expertoordeel;2024-06-06;3;;3;Libellen;Coenagrionidae;2026-07-08;591;S;zeer zeldzaam
244387402;244387402;Speerwaterjuffer;Coenagrion hastulatum;2022-06-02;6;2022-06-06;2;ter plaatse;gezien;imago;Man;223546.04608970063;188585.8996499721;5.41657400131226;51.002815246582;FS6952;Zonhoven - Teut;Zonhoven;Zonhoven;Limburg;ObsMapp;J;Goedgekeurd op basis van expertoordeel;2007-01-01;3;;3;Libellen;Coenagrionidae;2026-07-08;591;S;zeer zeldzaam
192569718;192569718;Speerwaterjuffer;Coenagrion hastulatum;2020-05-27;5;2020-05-27;1;ter plaatse;onbekend;onbekend;Man;224364.08702678932;190885.95821421035;5.42869520187378;51.0233840942383;FS7055;Houthalen-Helchteren - Huttebeek;Houthalen-Helchteren;Houthalen;Limburg;Meetnetten.be;J;Goedgekeurd op basis van expertoordeel;2021-05-26;3;meetnetten.be: levensfase: imago_ activiteit: ter plaatse;10;Libellen;Coenagrionidae;2026-07-08;591;S;zeer zeldzaam
244748725;244748725;Speerwaterjuffer;Coenagrion hastulatum;2022-06-02;6;2022-06-09;1;ter plaatse;onbekend;imago;Man;223424.4299380806;188429.697772664;5.41481018066406;51.0014266967773;FS6952;Zonhoven - Teut;Zonhoven;Zonhoven;Limburg;Meetnetten.be;J;Goedgekeurd op basis van expertoordeel;2023-06-01;3;meetnetten.be: levensfase: imago_ activiteit: ter plaatse;10;Libellen;Coenagrionidae;2026-07-08;591;S;zeer zeldzaam
275198870;275198870;Speerwaterjuffer;Coenagrion hastulatum;2023-06-06;6;2023-06-07;1;ter plaatse;gezien;imago;Man;223401.75627481;188475.6390373325;5.414496421813965;51.0018424987793;FS6952;Zonhoven - Teut;Zonhoven;Zonhoven;Limburg;ObsMapp;J;Goedgekeurd op basis van expertoordeel;2024-06-06;3;;3;Libellen;Coenagrionidae;2026-07-08;591;S;zeer zeldzaam
275198869;275198869;Speerwaterjuffer;Coenagrion hastulatum;2023-06-06;6;2023-06-07;1;ter plaatse;gezien;imago;Man;223352.45984657263;188432.0789307151;5.413785457611084;51.00145721435547;FS6952;Zonhoven - Teut;Zonhoven;Zonhoven;Limburg;ObsMapp;J;Goedgekeurd op basis van expertoordeel;2024-06-06;3;;10;Libellen;Coenagrionidae;2026-07-08;591;S;zeer zeldzaam
314151920;314151920;Speerwaterjuffer;Coenagrion hastulatum;2024-05-13;5;2024-06-12;1;ter plaatse;onbekend;imago;Man;223420.29530255732;188442.7962449463;5.41475391387939;51.0015449523926;FS6952;Zonhoven - Teut;Zonhoven;Zonhoven;Limburg;Meetnetten.be;J;Goedgekeurd op basis van expertoordeel;2025-05-12;3;meetnetten.be: life stage: imago_ activity: present;10;Libellen;Coenagrionidae;2026-07-08;591;S;zeer zeldzaam
314151905;314151905;Speerwaterjuffer;Coenagrion hastulatum;2024-05-13;5;2024-06-12;1;ter plaatse;onbekend;imago;Man;223409.86559716013;188418.03335226327;5.41460037231445;51.0013236999512;FS6952;Zonhoven - Teut;Zonhoven;Zonhoven;Limburg;Meetnetten.be;J;Goedgekeurd op basis van expertoordeel;2025-05-12;3;meetnetten.be: life stage: imago_ activity: present;10;Libellen;Coenagrionidae;2026-07-08;591;S;zeer zeldzaam
314151890;314151890;Speerwaterjuffer;Coenagrion hastulatum;2024-05-13;5;2024-06-12;1;ter plaatse;onbekend;imago;Man;223389.3091863829;188413.4995317757;5.414306640625;51.0012855529785;FS6952;Zonhoven - Teut;Zonhoven;Zonhoven;Limburg;Meetnetten.be;J;Goedgekeurd op basis van expertoordeel;2025-05-12;3;meetnetten.be: life stage: imago_ activity: present;10;Libellen;Coenagrionidae;2026-07-08;591;S;zeer zeldzaam
314151885;314151885;Speerwaterjuffer;Coenagrion hastulatum;2024-05-13;5;2024-06-12;1;ter plaatse;onbekend;imago;Man;223388.7796793537;188413.06765886585;5.41429901123047;51.0012817382813;FS6952;Zonhoven - Teut;Zonhoven;Zonhoven;Limburg;Meetnetten.be;J;Goedgekeurd op basis van expertoordeel;2025-05-12;3;meetnetten.be: life stage: imago_ activity: present;10;Libellen;Coenagrionidae;2026-07-08;591;S;zeer zeldzaam
275198862;275198862;Speerwaterjuffer;Coenagrion hastulatum;2023-06-06;6;2023-06-07;1;ter plaatse;gezien;imago;Man;223350.2234819744;188431.6230223421;5.413753509521484;51.0014533996582;FS6952;Zonhoven - Teut;Zonhoven;Zonhoven;Limburg;ObsMapp;J;Goedgekeurd op basis van expertoordeel;2024-06-06;3;;3;Libellen;Coenagrionidae;2026-07-08;591;S;zeer zeldzaam
275198855;275198855;Speerwaterjuffer;Coenagrion hastulatum;2023-06-06;6;2023-06-07;1;ter plaatse;gezien;imago;Man;223363.0129825032;188414.8266998529;5.4139323234558105;51.00130081176758;FS6952;Zonhoven - Teut;Zonhoven;Zonhoven;Limburg;ObsMapp;J;Goedgekeurd op basis van expertoordeel;2024-06-06;3;;7;Libellen;Coenagrionidae;2026-07-08;591;S;zeer zeldzaam
275198848;275198848;Speerwaterjuffer;Coenagrion hastulatum;2023-06-06;6;2023-06-07;1;ter plaatse;gezien;imago;Man;223327.67552934223;188385.46907092445;5.41342306137085;51.00104141235352;FS6952;Zonhoven - Teut;Zonhoven;Zonhoven;Limburg;ObsMapp;J;Goedgekeurd op basis van expertoordeel;2024-06-06;3;;9;Libellen;Coenagrionidae;2026-07-08;591;S;zeer zeldzaam
314151848;314151848;Speerwaterjuffer;Coenagrion hastulatum;2024-05-13;5;2024-06-12;1;ter plaatse;onbekend;imago;Man;223368.13711613097;188428.9044628758;5.41400814056396;51.0014266967773;FS6952;Zonhoven - Teut;Zonhoven;Zonhoven;Limburg;Meetnetten.be;J;Goedgekeurd op basis van expertoordeel;2025-05-12;3;meetnetten.be: life stage: imago_ activity: present;10;Libellen;Coenagrionidae;2026-07-08;591;S;zeer zeldzaam
244387398;244387398:2607237;Speerwaterjuffer;Coenagrion hastulatum;2022-06-02;6;2022-06-06;1;eileggend;gezien;imago;Vrouw;223567.83446489013;188607.42798480295;5.41688871383667;51.0030059814453;FS6952;Zonhoven - Teut;Zonhoven;Zonhoven;Limburg;ObsMapp;J;Goedgekeurd op basis van expertoordeel;2007-01-01;3;;3;Libellen;Coenagrionidae;2026-07-08;591;S;zeer zeldzaam
275198845;275198845;Speerwaterjuffer;Coenagrion hastulatum;2023-06-06;6;2023-06-07;1;ter plaatse;gezien;imago;Man;223312.6245691739;188398.83835259447;5.413211345672607;51.001163482666016;FS6952;Zonhoven - Teut;Zonhoven;Zonhoven;Limburg;ObsMapp;J;Goedgekeurd op basis van expertoordeel;2024-06-06;3;;3;Libellen;Coenagrionidae;2026-07-08;591;S;zeer zeldzaam
314151783;314151783;Speerwaterjuffer;Coenagrion hastulatum;2024-05-13;5;2024-06-12;1;ter plaatse;onbekend;imago;Man;223380.39569511177;188466.42538661044;5.4141902923584;51.0017623901367;FS6952;Zonhoven - Teut;Zonhoven;Zonhoven;Limburg;Meetnetten.be;J;Goedgekeurd op basis van expertoordeel;2025-05-12;3;meetnetten.be: life stage: imago_ activity: present;10;Libellen;Coenagrionidae;2026-07-08;591;S;zeer zeldzaam
272976653;272976653;Speerwaterjuffer;Coenagrion hastulatum;2023-05-22;5;2023-05-22;1;ter plaatse;gezien;imago;Man;224293.70742409877;190842.5117468825;5.427683353424072;51.02300262451172;FS7055;Houthalen-Helchteren - Huttebeek;Houthalen-Helchteren;Houthalen;Limburg;ObsMapp;J;Goedgekeurd op basis van expertoordeel;2024-05-22;3;;3;Libellen;Coenagrionidae;2026-07-08;591;S;zeer zeldzaam
314151778;314151778;Speerwaterjuffer;Coenagrion hastulatum;2024-05-13;5;2024-06-12;1;ter plaatse;onbekend;imago;Man;223387.838613527;188470.3499644464;5.41429710388184;51.0017967224121;FS6952;Zonhoven - Teut;Zonhoven;Zonhoven;Limburg;Meetnetten.be;J;Goedgekeurd op basis van expertoordeel;2025-05-12;3;meetnetten.be: life stage: imago_ activity: present;10;Libellen;Coenagrionidae;2026-07-08;591;S;zeer zeldzaam
192569717;192569717;Speerwaterjuffer;Coenagrion hastulatum;2020-05-27;5;2020-05-27;1;ter plaatse;onbekend;onbekend;Man;224361.58418713664;190885.4980459344;5.42865943908691;51.023380279541;FS7055;Houthalen-Helchteren - Huttebeek;Houthalen-Helchteren;Houthalen;Limburg;Meetnetten.be;J;Goedgekeurd op basis van expertoordeel;2021-05-26;3;meetnetten.be: levensfase: imago_ activiteit: ter plaatse;10;Libellen;Coenagrionidae;2026-07-08;591;S;zeer zeldzaam
192569571;192569571;Speerwaterjuffer;Coenagrion hastulatum;2020-05-27;5;2020-05-27;1;ter plaatse;onbekend;onbekend;Man;224316.73625421617;190816.1022626013;5.42800617218018;51.022762298584;FS7055;Houthalen-Helchteren - Huttebeek;Houthalen-Helchteren;Houthalen;Limburg;Meetnetten.be;J;Goedgekeurd op basis van expertoordeel;2021-05-26;3;meetnetten.be: levensfase: imago_ activiteit: ter plaatse;10;Libellen;Coenagrionidae;2026-07-08;591;S;zeer zeldzaam
272976641;272976641;Speerwaterjuffer;Coenagrion hastulatum;2023-05-22;5;2023-05-22;1;ter plaatse;gezien;imago;Man;224290.74833664083;190841.196270478;5.427640914916992;51.02299118041992;FS7055;Houthalen-Helchteren - Huttebeek;Houthalen-Helchteren;Houthalen;Limburg;ObsMapp;J;Goedgekeurd op basis van expertoordeel;2024-05-22;3;;3;Libellen;Coenagrionidae;2026-07-08;591;S;zeer zeldzaam
244387383;244387383;Speerwaterjuffer;Coenagrion hastulatum;2022-06-02;6;2022-06-06;1;ter plaatse;gezien;imago;Man;223593.6701554753;188619.67654013727;5.41725921630859;51.0031127929688;FS6952;Zonhoven - Teut;Zonhoven;Zonhoven;Limburg;ObsMapp;J;Goedgekeurd op basis van expertoordeel;2007-01-01;3;;3;Libellen;Coenagrionidae;2026-07-08;591;S;zeer zeldzaam
314151731;314151731;Speerwaterjuffer;Coenagrion hastulatum;2024-05-13;5;2024-06-12;1;ter plaatse;onbekend;imago;Man;223378.2672389098;188398.9139569104;5.41414642333984;51.0011558532715;FS6952;Zonhoven - Teut;Zonhoven;Zonhoven;Limburg;Meetnetten.be;J;Goedgekeurd op basis van expertoordeel;2025-05-12;3;meetnetten.be: life stage: imago_ activity: present;10;Libellen;Coenagrionidae;2026-07-08;591;S;zeer zeldzaam
191886450;191886450;Speerwaterjuffer;Coenagrion hastulatum;2020-05-20;5;2020-05-20;2;ter plaatse;gezien;imago;Man;224364.26932727164;190882.5654919008;5.42869710922241;51.0233535766602;FS7055;Houthalen-Helchteren - Huttebeek;Houthalen-Helchteren;Houthalen;Limburg;ObsMapp;J;Goedgekeurd op basis van expertoordeel;2007-01-01;3;;25;Libellen;Coenagrionidae;2026-07-08;591;S;zeer zeldzaam
191886452;191886452;Speerwaterjuffer;Coenagrion hastulatum;2020-05-20;5;2020-05-20;1;ter plaatse;gezien;imago;Man;224357.6579463331;190881.6222207444;5.42860269546509;51.0233459472656;FS7055;Houthalen-Helchteren - Huttebeek;Houthalen-Helchteren;Houthalen;Limburg;ObsMapp;J;Goedgekeurd op basis van expertoordeel;2007-01-01;3;;25;Libellen;Coenagrionidae;2026-07-08;591;S;zeer zeldzaam
272976623;272976623;Speerwaterjuffer;Coenagrion hastulatum;2023-05-22;5;2023-05-22;1;ter plaatse;gezien;imago;Man;224292.344817344;190839.5213910928;5.427663326263428;51.02297592163086;FS7055;Houthalen-Helchteren - Huttebeek;Houthalen-Helchteren;Houthalen;Limburg;ObsMapp;J;Goedgekeurd op basis van expertoordeel;2024-05-22;3;;3;Libellen;Coenagrionidae;2026-07-08;591;S;zeer zeldzaam
275214021;275214021;Speerwaterjuffer;Coenagrion hastulatum;2023-06-06;6;2023-06-07;1;ter plaatse;onbekend;imago;Man;223424.171573924;188443.2753025992;5.41480922698975;51.0015487670898;FS6952;Zonhoven - Teut;Zonhoven;Zonhoven;Limburg;Meetnetten.be;J;Goedgekeurd op basis van expertoordeel;2024-06-04;3;meetnetten.be: life stage: imago_ activity: present;10;Libellen;Coenagrionidae;2026-07-08;591;S;zeer zeldzaam
272976617;272976617;Speerwaterjuffer;Coenagrion hastulatum;2023-05-22;5;2023-05-22;1;ter plaatse;gezien;imago;Man;224290.64192423024;190841.61916755792;5.427639484405518;51.02299499511719;FS7055;Houthalen-Helchteren - Huttebeek;Houthalen-Helchteren;Houthalen;Limburg;ObsMapp;J;Goedgekeurd op basis van expertoordeel;2024-05-22;3;;3;Libellen;Coenagrionidae;2026-07-08;591;S;zeer zeldzaam
272976612;272976612;Speerwaterjuffer;Coenagrion hastulatum;2023-05-22;5;2023-05-22;1;ter plaatse;gezien;imago;Man;224298.5764617228;190845.97656246088;5.427753448486328;51.02303314208984;FS7055;Houthalen-Helchteren - Huttebeek;Houthalen-Helchteren;Houthalen;Limburg;ObsMapp;J;Goedgekeurd op basis van expertoordeel;2024-05-22;3;;3;Libellen;Coenagrionidae;2026-07-08;591;S;zeer zeldzaam
191886456;191886456;Speerwaterjuffer;Coenagrion hastulatum;2020-05-20;5;2020-05-20;1;ter plaatse;gezien;imago;Man;224352.3506206416;190876.02943231352;5.42852592;51.02329636;FS7055;Houthalen-Helchteren - Huttebeek;Houthalen-Helchteren;Houthalen;Limburg;ObsMapp;J;Goedgekeurd op basis van expertoordeel;2007-01-01;3;;25;Libellen;Coenagrionidae;2026-07-08;591;S;zeer zeldzaam
192569567;192569567;Speerwaterjuffer;Coenagrion hastulatum;2020-05-27;5;2020-05-27;1;ter plaatse;onbekend;onbekend;Man;224312.59709732223;190813.07226517424;5.4279465675354;51.0227355957031;FS7055;Houthalen-Helchteren - Huttebeek;Houthalen-Helchteren;Houthalen;Limburg;Meetnetten.be;J;Goedgekeurd op basis van expertoordeel;2021-05-26;3;meetnetten.be: levensfase: imago_ activiteit: ter plaatse;10;Libellen;Coenagrionidae;2026-07-08;591;S;zeer zeldzaam
357028934;357028934;Speerwaterjuffer;Coenagrion hastulatum;2025-06-12;6;2025-06-17;1;ter plaatse;gezien;imago;Man;224225.053041256;190993.6131388126;5.426735640596668;51.02436954369124;FS7055;Houthalen-Helchteren - Huttebeek;Houthalen-Helchteren;Houthalen;Limburg;Observation;J;Goedgekeurd op basis van expertoordeel;1980-01-01;3;;5;Libellen;Coenagrionidae;2026-07-08;591;S;zeer zeldzaam
192569640;192569640;Speerwaterjuffer;Coenagrion hastulatum;2020-05-27;5;2020-05-27;1;ter plaatse;onbekend;onbekend;Man;224335.07339419995;190855.83473217115;5.42827558517456;51.0231170654297;FS7055;Houthalen-Helchteren - Huttebeek;Houthalen-Helchteren;Houthalen;Limburg;Meetnetten.be;J;Goedgekeurd op basis van expertoordeel;2021-05-26;3;meetnetten.be: levensfase: imago_ activiteit: ter plaatse;10;Libellen;Coenagrionidae;2026-07-08;591;S;zeer zeldzaam
244387398;244387398:2607236;Speerwaterjuffer;Coenagrion hastulatum;2022-06-02;6;2022-06-06;1;eileggend;gezien;imago;Man;223567.83446489013;188607.42798480295;5.41688871383667;51.0030059814453;FS6952;Zonhoven - Teut;Zonhoven;Zonhoven;Limburg;ObsMapp;J;Goedgekeurd op basis van expertoordeel;2007-01-01;3;;3;Libellen;Coenagrionidae;2026-07-08;591;S;zeer zeldzaam
272976603;272976603;Speerwaterjuffer;Coenagrion hastulatum;2023-05-22;5;2023-05-22;1;ter plaatse;gezien;imago;Man;224310.48092064945;190820.68153927385;5.427917957305908;51.02280426025391;FS7055;Houthalen-Helchteren - Huttebeek;Houthalen-Helchteren;Houthalen;Limburg;ObsMapp;J;Goedgekeurd op basis van expertoordeel;2024-05-22;3;;3;Libellen;Coenagrionidae;2026-07-08;591;S;zeer zeldzaam
244387397;244387397;Speerwaterjuffer;Coenagrion hastulatum;2022-06-02;6;2022-06-06;2;ter plaatse;gezien;imago;Man;223567.700598308;188607.4260938112;5.41688680648804;51.0030059814453;FS6952;Zonhoven - Teut;Zonhoven;Zonhoven;Limburg;ObsMapp;J;Goedgekeurd op basis van expertoordeel;2007-01-01;3;;3;Libellen;Coenagrionidae;2026-07-08;591;S;zeer zeldzaam
191886457;191886457;Speerwaterjuffer;Coenagrion hastulatum;2020-05-20;5;2020-05-20;1;ter plaatse;gezien;imago;Man;224352.16842439747;190874.75316005663;5.42852306365967;51.0232849121094;FS7055;Houthalen-Helchteren - Huttebeek;Houthalen-Helchteren;Houthalen;Limburg;ObsMapp;J;Goedgekeurd op basis van expertoordeel;2007-01-01;3;;25;Libellen;Coenagrionidae;2026-07-08;591;S;zeer zeldzaam
244387394;244387394:2607235;Speerwaterjuffer;Coenagrion hastulatum;2022-06-02;6;2022-06-06;1;in copula;gezien;imago;Vrouw;223571.79551775285;188606.6351159448;5.41694498062134;51.0029983520508;FS6952;Zonhoven - Teut;Zonhoven;Zonhoven;Limburg;ObsMapp;J;Goedgekeurd op basis van expertoordeel;2007-01-01;3;;3;Libellen;Coenagrionidae;2026-07-08;591;S;zeer zeldzaam
192569639;192569639;Speerwaterjuffer;Coenagrion hastulatum;2020-05-27;5;2020-05-27;1;ter plaatse;onbekend;onbekend;Man;224331.09864041925;190855.35356105864;5.42821884155273;51.0231132507324;FS7055;Houthalen-Helchteren - Huttebeek;Houthalen-Helchteren;Houthalen;Limburg;Meetnetten.be;J;Goedgekeurd op basis van expertoordeel;2021-05-26;3;meetnetten.be: levensfase: imago_ activiteit: ter plaatse;10;Libellen;Coenagrionidae;2026-07-08;591;S;zeer zeldzaam
272976600;272976600;Speerwaterjuffer;Coenagrion hastulatum;2023-05-22;5;2023-05-22;2;ter plaatse;gezien;imago;Man;224309.80898214623;190823.21844171543;5.427908897399902;51.0228271484375;FS7055;Houthalen-Helchteren - Huttebeek;Houthalen-Helchteren;Houthalen;Limburg;ObsMapp;J;Goedgekeurd op basis van expertoordeel;2024-05-22;3;;3;Libellen;Coenagrionidae;2026-07-08;591;S;zeer zeldzaam
272976510;272976510;Speerwaterjuffer;Coenagrion hastulatum;2023-05-22;5;2023-05-22;1;ter plaatse;gezien;imago;Man;224379.65426652643;190817.4252582183;5.428903102874756;51.02276611328125;FS7055;Houthalen-Helchteren - Huttebeek;Houthalen-Helchteren;Houthalen;Limburg;ObsMapp;J;Goedgekeurd op basis van expertoordeel;2024-05-22;3;;3;Libellen;Coenagrionidae;2026-07-08;591;S;zeer zeldzaam
272976427;272976427;Speerwaterjuffer;Coenagrion hastulatum;2023-05-22;5;2023-05-22;1;ter plaatse;gezien;imago;Man;224473.9928813688;190806.89036032185;5.430245399475098;51.02265930175781;FS7055;Houthalen-Helchteren - Huttebeek;Houthalen-Helchteren;Houthalen;Limburg;ObsMapp;J;Goedgekeurd op basis van expertoordeel;2024-05-22;3;;9;Libellen;Coenagrionidae;2026-07-08;591;S;zeer zeldzaam
272976406;272976406;Speerwaterjuffer;Coenagrion hastulatum;2023-05-22;5;2023-05-22;1;ter plaatse;gezien;imago;Man;224458.30942821543;190796.90445463543;5.430019855499268;51.0225715637207;FS7055;Houthalen-Helchteren - Huttebeek;Houthalen-Helchteren;Houthalen;Limburg;ObsMapp;J;Goedgekeurd op basis van expertoordeel;2024-05-22;3;;3;Libellen;Coenagrionidae;2026-07-08;591;S;zeer zeldzaam
272976391;272976391;Speerwaterjuffer;Coenagrion hastulatum;2023-05-22;5;2023-05-22;1;ter plaatse;gezien;imago;Man;223435.69399782893;188445.13540448528;5.414973735809326;51.001564025878906;FS6952;Zonhoven - Teut;Zonhoven;Zonhoven;Limburg;ObsMapp;J;Goedgekeurd op basis van expertoordeel;2024-05-22;3;;6;Libellen;Coenagrionidae;2026-07-08;591;S;zeer zeldzaam
272976280;272976280;Speerwaterjuffer;Coenagrion hastulatum;2023-05-22;5;2023-05-22;2;ter plaatse;gezien;imago;Man;223416.62182249376;188475.42415791005;5.414708137512207;51.00183868408203;FS6952;Zonhoven - Teut;Zonhoven;Zonhoven;Limburg;ObsMapp;J;Goedgekeurd op basis van expertoordeel;2024-05-22;3;;3;Libellen;Coenagrionidae;2026-07-08;591;S;zeer zeldzaam
272976267;272976267;Speerwaterjuffer;Coenagrion hastulatum;2023-05-22;5;2023-05-22;1;ter plaatse;gezien;imago;Man;223408.5800801564;188473.61315635775;5.41459321975708;51.00182342529297;FS6952;Zonhoven - Teut;Zonhoven;Zonhoven;Limburg;ObsMapp;J;Goedgekeurd op basis van expertoordeel;2024-05-22;3;;3;Libellen;Coenagrionidae;2026-07-08;591;S;zeer zeldzaam
272976263;272976263;Speerwaterjuffer;Coenagrion hastulatum;2023-05-22;5;2023-05-22;1;ter plaatse;gezien;imago;Man;223397.96731364768;188471.34152158163;5.414441585540772;51.00180435180664;FS6952;Zonhoven - Teut;Zonhoven;Zonhoven;Limburg;ObsMapp;J;Goedgekeurd op basis van expertoordeel;2024-05-22;3;;3;Libellen;Coenagrionidae;2026-07-08;591;S;zeer zeldzaam
272976244;272976244;Speerwaterjuffer;Coenagrion hastulatum;2023-05-22;5;2023-05-22;2;ter plaatse;gezien;imago;Man;223396.24851034;188472.16612207703;5.414417266845703;51.00181198120117;FS6952;Zonhoven - Teut;Zonhoven;Zonhoven;Limburg;ObsMapp;J;Goedgekeurd op basis van expertoordeel;2024-05-22;3;;3;Libellen;Coenagrionidae;2026-07-08;591;S;zeer zeldzaam
272976226;272976226;Speerwaterjuffer;Coenagrion hastulatum;2023-05-22;5;2023-05-22;1;ter plaatse;gezien;imago;Man;223383.6360686826;188466.8954548426;5.414236545562744;51.001766204833984;FS6952;Zonhoven - Teut;Zonhoven;Zonhoven;Limburg;ObsMapp;J;Goedgekeurd op basis van expertoordeel;2024-05-22;3;;3;Libellen;Coenagrionidae;2026-07-08;591;S;zeer zeldzaam
272976224;272976224;Speerwaterjuffer;Coenagrion hastulatum;2023-05-22;5;2023-05-22;1;ter plaatse;gezien;imago;Vrouw;223383.6360686826;188466.8954548426;5.414236545562744;51.001766204833984;FS6952;Zonhoven - Teut;Zonhoven;Zonhoven;Limburg;ObsMapp;J;Goedgekeurd op basis van expertoordeel;2024-05-22;3;;3;Libellen;Coenagrionidae;2026-07-08;591;S;zeer zeldzaam
244748751;244748751;Speerwaterjuffer;Coenagrion hastulatum;2022-06-02;6;2022-06-09;1;ter plaatse;onbekend;imago;Man;223436.0621423951;188445.14059539605;5.41497898101807;51.0015640258789;FS6952;Zonhoven - Teut;Zonhoven;Zonhoven;Limburg;Meetnetten.be;J;Goedgekeurd op basis van expertoordeel;2023-06-01;3;meetnetten.be: levensfase: imago_ activiteit: ter plaatse;10;Libellen;Coenagrionidae;2026-07-08;591;S;zeer zeldzaam
244748715;244748715;Speerwaterjuffer;Coenagrion hastulatum;2022-06-02;6;2022-06-09;1;ter plaatse;onbekend;imago;Man;223420.9924494236;188419.4634334268;5.41475915908813;51.001335144043;FS6952;Zonhoven - Teut;Zonhoven;Zonhoven;Limburg;Meetnetten.be;J;Goedgekeurd op basis van expertoordeel;2023-06-01;3;meetnetten.be: levensfase: imago_ activiteit: ter plaatse;10;Libellen;Coenagrionidae;2026-07-08;591;S;zeer zeldzaam
272976187;272976187;Speerwaterjuffer;Coenagrion hastulatum;2023-05-22;5;2023-05-22;2;ter plaatse;gezien;imago;Man;223355.7396829837;188444.0086491555;5.413834571838379;51.001564025878906;FS6952;Zonhoven - Teut;Zonhoven;Zonhoven;Limburg;ObsMapp;J;Goedgekeurd op basis van expertoordeel;2024-05-22;3;;3;Libellen;Coenagrionidae;2026-07-08;591;S;zeer zeldzaam
272976181;272976181;Speerwaterjuffer;Coenagrion hastulatum;2023-05-22;5;2023-05-22;1;ter plaatse;gezien;imago;Man;223351.33031299192;188440.97566492856;5.413771152496338;51.00153732299805;FS6952;Zonhoven - Teut;Zonhoven;Zonhoven;Limburg;ObsMapp;J;Goedgekeurd op basis van expertoordeel;2024-05-22;3;;3;Libellen;Coenagrionidae;2026-07-08;591;S;zeer zeldzaam
272976133;272976133;Speerwaterjuffer;Coenagrion hastulatum;2023-05-22;5;2023-05-22;1;ter plaatse;gezien;imago;Man;223377.87987430865;188419.28025367577;5.414144992828369;51.00133895874024;FS6952;Zonhoven - Teut;Zonhoven;Zonhoven;Limburg;ObsMapp;J;Goedgekeurd op basis van expertoordeel;2024-05-22;3;;3;Libellen;Coenagrionidae;2026-07-08;591;S;zeer zeldzaam
272976128;272976128;Speerwaterjuffer;Coenagrion hastulatum;2023-05-22;5;2023-05-22;2;ter plaatse;gezien;imago;Man;223389.8470806164;188410.96064196996;5.414313793182373;51.00126266479492;FS6952;Zonhoven - Teut;Zonhoven;Zonhoven;Limburg;ObsMapp;J;Goedgekeurd op basis van expertoordeel;2024-05-22;3;;3;Libellen;Coenagrionidae;2026-07-08;591;S;zeer zeldzaam
272976124;272976124;Speerwaterjuffer;Coenagrion hastulatum;2023-05-22;5;2023-05-22;1;ter plaatse;gezien;imago;Man;223393.35407097213;188406.76594544572;5.414362907409668;51.001224517822266;FS6952;Zonhoven - Teut;Zonhoven;Zonhoven;Limburg;ObsMapp;J;Goedgekeurd op basis van expertoordeel;2024-05-22;3;;3;Libellen;Coenagrionidae;2026-07-08;591;S;zeer zeldzaam
244748716;244748716;Speerwaterjuffer;Coenagrion hastulatum;2022-06-02;6;2022-06-09;1;ter plaatse;onbekend;imago;Man;223420.9314955701;188419.03816253223;5.41475820541382;51.0013313293457;FS6952;Zonhoven - Teut;Zonhoven;Zonhoven;Limburg;Meetnetten.be;J;Goedgekeurd op basis van expertoordeel;2023-06-01;3;meetnetten.be: levensfase: imago_ activiteit: ter plaatse;10;Libellen;Coenagrionidae;2026-07-08;591;S;zeer zeldzaam
272976110;272976110;Speerwaterjuffer;Coenagrion hastulatum;2023-05-22;5;2023-05-22;1;ter plaatse;gezien;imago;Man;223378.04134336355;188395.9398935251;5.414142608642578;51.00112915039063;FS6952;Zonhoven - Teut;Zonhoven;Zonhoven;Limburg;ObsMapp;J;Goedgekeurd op basis van expertoordeel;2024-05-22;3;;3;Libellen;Coenagrionidae;2026-07-08;591;S;zeer zeldzaam
272976069;272976069;Speerwaterjuffer;Coenagrion hastulatum;2023-05-22;5;2023-05-22;1;ter plaatse;gezien;imago;Man;223333.87664327497;188375.37050667964;5.413509368896484;51.00094985961914;FS6952;Zonhoven - Teut;Zonhoven;Zonhoven;Limburg;ObsMapp;J;Goedgekeurd op basis van expertoordeel;2024-05-22;3;;3;Libellen;Coenagrionidae;2026-07-08;591;S;zeer zeldzaam
272976054;272976054;Speerwaterjuffer;Coenagrion hastulatum;2023-05-22;5;2023-05-22;1;ter plaatse;gezien;imago;Man;223317.4987777247;188375.98874780536;5.413276195526123;51.00095748901367;FS6952;Zonhoven - Teut;Zonhoven;Zonhoven;Limburg;ObsMapp;J;Goedgekeurd op basis van expertoordeel;2024-05-22;3;;3;Libellen;Coenagrionidae;2026-07-08;591;S;zeer zeldzaam
272976022;272976022;Speerwaterjuffer;Coenagrion hastulatum;2023-05-22;5;2023-05-22;2;ter plaatse;gezien;imago;Man;223306.1580368128;188394.50321645103;5.413118362426758;51.00112533569336;FS6952;Zonhoven - Teut;Zonhoven;Zonhoven;Limburg;ObsMapp;J;Goedgekeurd op basis van expertoordeel;2024-05-22;3;;3;Libellen;Coenagrionidae;2026-07-08;591;S;zeer zeldzaam
272976016;272976016;Speerwaterjuffer;Coenagrion hastulatum;2023-05-22;5;2023-05-22;1;ter plaatse;gezien;imago;Man;223296.96640785632;188405.40854841657;5.412989616394043;51.001224517822266;FS6952;Zonhoven - Teut;Zonhoven;Zonhoven;Limburg;ObsMapp;J;Goedgekeurd op basis van expertoordeel;2024-05-22;3;;3;Libellen;Coenagrionidae;2026-07-08;591;S;zeer zeldzaam
215964040;215964040;Speerwaterjuffer;Coenagrion hastulatum;2021-06-01;6;2021-06-05;2;ter plaatse;onbekend;imago;onbekend;225330.96397402103;188400.4777813498;5.44196224212646;51.000919342041;FS7152;Zonhoven - Teut;Zonhoven;Zonhoven;Limburg;ObsMapp;J;Goedgekeurd op basis van expertoordeel;2007-01-01;3;;3;Libellen;Coenagrionidae;2026-07-08;591;S;zeer zeldzaam
272975987;272975987;Speerwaterjuffer;Coenagrion hastulatum;2023-05-22;5;2023-05-22;1;ter plaatse;gezien;imago;Man;223311.125815244;188414.94489159997;5.413193225860596;51.00130844116211;FS6952;Zonhoven - Teut;Zonhoven;Zonhoven;Limburg;ObsMapp;J;Goedgekeurd op basis van expertoordeel;2024-05-22;3;;3;Libellen;Coenagrionidae;2026-07-08;591;S;zeer zeldzaam
272975960;272975960;Speerwaterjuffer;Coenagrion hastulatum;2023-05-22;5;2023-05-22;1;ter plaatse;gezien;imago;Man;223342.70279839128;188433.21475468483;5.413646697998047;51.00146865844727;FS6952;Zonhoven - Teut;Zonhoven;Zonhoven;Limburg;ObsMapp;J;Goedgekeurd op basis van expertoordeel;2024-05-22;3;;3;Libellen;Coenagrionidae;2026-07-08;591;S;zeer zeldzaam
244387361;244387361;Speerwaterjuffer;Coenagrion hastulatum;2022-06-02;6;2022-06-06;1;ter plaatse;gezien;imago;Man;223446.2113317405;188634.57136968896;5.41516160964966;51.0032653808594;FS6952;Zonhoven - Teut;Zonhoven;Zonhoven;Limburg;ObsMapp;J;Goedgekeurd op basis van expertoordeel;2007-01-01;3;;3;Libellen;Coenagrionidae;2026-07-08;591;S;zeer zeldzaam
272975954;272975954;Speerwaterjuffer;Coenagrion hastulatum;2023-05-22;5;2023-05-22;1;ter plaatse;gezien;imago;Man;223397.1778068202;188403.8489497192;5.414416790008545;51.001197814941406;FS6952;Zonhoven - Teut;Zonhoven;Zonhoven;Limburg;ObsMapp;J;Goedgekeurd op basis van expertoordeel;2024-05-22;3;;8;Libellen;Coenagrionidae;2026-07-08;591;S;zeer zeldzaam
272975949;272975949;Speerwaterjuffer;Coenagrion hastulatum;2023-05-22;5;2023-05-22;1;ter plaatse;gezien;imago;Man;223399.6830778708;188408.97719509527;5.414453506469727;51.001243591308594;FS6952;Zonhoven - Teut;Zonhoven;Zonhoven;Limburg;ObsMapp;J;Goedgekeurd op basis van expertoordeel;2024-05-22;3;;3;Libellen;Coenagrionidae;2026-07-08;591;S;zeer zeldzaam
272975927;272975927;Speerwaterjuffer;Coenagrion hastulatum;2023-05-22;5;2023-05-22;2;ter plaatse;gezien;imago;Man;223413.95707737756;188415.1201426275;5.414658069610596;51.00129699707031;FS6952;Zonhoven - Teut;Zonhoven;Zonhoven;Limburg;ObsMapp;J;Goedgekeurd op basis van expertoordeel;2024-05-22;3;;3;Libellen;Coenagrionidae;2026-07-08;591;S;zeer zeldzaam
215964045;215964045;Speerwaterjuffer;Coenagrion hastulatum;2021-06-01;6;2021-06-05;1;ter plaatse;onbekend;imago;Man;225341.283496928;188358.18567411508;5.44210052490234;51.0005378723145;FS7152;Zonhoven - Teut;Zonhoven;Zonhoven;Limburg;ObsMapp;J;Goedgekeurd op basis van expertoordeel;2007-01-01;3;;999;Libellen;Coenagrionidae;2026-07-08;591;S;zeer zeldzaam
272975912;272975912;Speerwaterjuffer;Coenagrion hastulatum;2023-05-22;5;2023-05-22;2;ter plaatse;gezien;imago;Man;223423.3806310575;188418.64827759095;5.414793014526367;51.00132751464844;FS6952;Zonhoven - Teut;Zonhoven;Zonhoven;Limburg;ObsMapp;J;Goedgekeurd op basis van expertoordeel;2024-05-22;3;;3;Libellen;Coenagrionidae;2026-07-08;591;S;zeer zeldzaam
272975895;272975895;Speerwaterjuffer;Coenagrion hastulatum;2023-05-22;5;2023-05-22;1;ter plaatse;gezien;imago;onbekend;223423.7343886884;188422.0485577006;5.414798736572266;51.00135803222656;FS6952;Zonhoven - Teut;Zonhoven;Zonhoven;Limburg;ObsMapp;J;Goedgekeurd op basis van expertoordeel;2024-05-22;3;;3;Libellen;Coenagrionidae;2026-07-08;591;S;zeer zeldzaam
272975891;272975891;Speerwaterjuffer;Coenagrion hastulatum;2023-05-22;5;2023-05-22;1;ter plaatse;gezien;imago;Man;223426.7177122549;188428.88120285887;5.41484260559082;51.00141906738281;FS6952;Zonhoven - Teut;Zonhoven;Zonhoven;Limburg;ObsMapp;J;Goedgekeurd op basis van expertoordeel;2024-05-22;3;;3;Libellen;Coenagrionidae;2026-07-08;591;S;zeer zeldzaam
215964046;215964046;Speerwaterjuffer;Coenagrion hastulatum;2021-06-01;6;2021-06-05;1;ter plaatse;onbekend;imago;Vrouw;225344.8194400075;188354.4171011373;5.4421501159668;51.0005035400391;FS7152;Zonhoven - Teut;Zonhoven;Zonhoven;Limburg;ObsMapp;J;Goedgekeurd op basis van expertoordeel;2007-01-01;3;;999;Libellen;Coenagrionidae;2026-07-08;591;S;zeer zeldzaam
272975875;272975875;Speerwaterjuffer;Coenagrion hastulatum;2023-05-22;5;2023-05-22;1;ter plaatse;gezien;imago;onbekend;223429.4654530229;188442.9255264644;5.414884567260742;51.00154495239258;FS6952;Zonhoven - Teut;Zonhoven;Zonhoven;Limburg;ObsMapp;J;Goedgekeurd op basis van expertoordeel;2024-05-22;3;;3;Libellen;Coenagrionidae;2026-07-08;591;S;zeer zeldzaam
244387357;244387357;Speerwaterjuffer;Coenagrion hastulatum;2022-06-02;6;2022-06-06;1;ter plaatse;gezien;imago;Man;223428.38378507385;188600.3670343766;5.41490077972412;51.0029602050781;FS6952;Zonhoven - Teut;Zonhoven;Zonhoven;Limburg;ObsMapp;J;Goedgekeurd op basis van expertoordeel;2007-01-01;3;;3;Libellen;Coenagrionidae;2026-07-08;591;S;zeer zeldzaam
272975867;272975867;Speerwaterjuffer;Coenagrion hastulatum;2023-05-22;5;2023-05-22;1;ter plaatse;gezien;imago;Man;223435.96042946447;188452.3541595135;5.414978981018066;51.00162887573242;FS6952;Zonhoven - Teut;Zonhoven;Zonhoven;Limburg;ObsMapp;J;Goedgekeurd op basis van expertoordeel;2024-05-22;3;;3;Libellen;Coenagrionidae;2026-07-08;591;S;zeer zeldzaam
314151658;314151658;Speerwaterjuffer;Coenagrion hastulatum;2024-05-13;5;2024-06-12;1;ter plaatse;onbekend;imago;Man;223306.1388805801;188391.10765524025;5.41311740875244;51.0010948181152;FS6952;Zonhoven - Teut;Zonhoven;Zonhoven;Limburg;Meetnetten.be;J;Goedgekeurd op basis van expertoordeel;2025-05-12;3;meetnetten.be: life stage: imago_ activity: present;10;Libellen;Coenagrionidae;2026-07-08;591;S;zeer zeldzaam
314151656;314151656;Speerwaterjuffer;Coenagrion hastulatum;2024-05-13;5;2024-06-12;1;ter plaatse;onbekend;imago;Man;223306.20581664995;188391.10859737545;5.41311836242676;51.0010948181152;FS6952;Zonhoven - Teut;Zonhoven;Zonhoven;Limburg;Meetnetten.be;J;Goedgekeurd op basis van expertoordeel;2025-05-12;3;meetnetten.be: life stage: imago_ activity: present;10;Libellen;Coenagrionidae;2026-07-08;591;S;zeer zeldzaam
314151652;314151652;Speerwaterjuffer;Coenagrion hastulatum;2024-05-13;5;2024-06-12;1;ter plaatse;onbekend;imago;Man;223306.27872520385;188390.68521214;5.41311931610107;51.001091003418;FS6952;Zonhoven - Teut;Zonhoven;Zonhoven;Limburg;Meetnetten.be;J;Goedgekeurd op basis van expertoordeel;2025-05-12;3;meetnetten.be: life stage: imago_ activity: present;10;Libellen;Coenagrionidae;2026-07-08;591;S;zeer zeldzaam
191886458;191886458;Speerwaterjuffer;Coenagrion hastulatum;2020-05-20;5;2020-05-20;2;ter plaatse;gezien;imago;Man;224352.16842439747;190874.75316005663;5.42852306365967;51.0232849121094;FS7055;Houthalen-Helchteren - Huttebeek;Houthalen-Helchteren;Houthalen;Limburg;ObsMapp;J;Goedgekeurd op basis van expertoordeel;2007-01-01;3;;25;Libellen;Coenagrionidae;2026-07-08;591;S;zeer zeldzaam
314151649;314151649;Speerwaterjuffer;Coenagrion hastulatum;2024-05-13;5;2024-06-12;1;ter plaatse;onbekend;imago;Man;223306.21178912936;188390.68427000195;5.41311836242676;51.001091003418;FS6952;Zonhoven - Teut;Zonhoven;Zonhoven;Limburg;Meetnetten.be;J;Goedgekeurd op basis van expertoordeel;2025-05-12;3;meetnetten.be: life stage: imago_ activity: present;10;Libellen;Coenagrionidae;2026-07-08;591;S;zeer zeldzaam
314151642;314151642;Speerwaterjuffer;Coenagrion hastulatum;2024-05-13;5;2024-06-12;1;ter plaatse;onbekend;imago;Man;223303.3824397046;188380.03416132275;5.41307592391968;51.0009956359863;FS6952;Zonhoven - Teut;Zonhoven;Zonhoven;Limburg;Meetnetten.be;J;Goedgekeurd op basis van expertoordeel;2025-05-12;3;meetnetten.be: life stage: imago_ activity: present;10;Libellen;Coenagrionidae;2026-07-08;591;S;zeer zeldzaam
191886464;191886464;Speerwaterjuffer;Coenagrion hastulatum;2020-05-20;5;2020-05-20;2;ter plaatse;gezien;imago;Man;224354.5704418021;190865.87473646272;5.42855548858643;51.0232048034668;FS7055;Houthalen-Helchteren - Huttebeek;Houthalen-Helchteren;Houthalen;Limburg;ObsMapp;J;Goedgekeurd op basis van expertoordeel;2007-01-01;3;;25;Libellen;Coenagrionidae;2026-07-08;591;S;zeer zeldzaam
191886465;191886465;Speerwaterjuffer;Coenagrion hastulatum;2020-05-20;5;2020-05-20;2;in copula;gezien;imago;onbekend;224354.5704418021;190865.87473646272;5.42855548858643;51.0232048034668;FS7055;Houthalen-Helchteren - Huttebeek;Houthalen-Helchteren;Houthalen;Limburg;ObsMapp;J;Goedgekeurd op basis van expertoordeel;2007-01-01;3;;25;Libellen;Coenagrionidae;2026-07-08;591;S;zeer zeldzaam
191886472;191886472;Speerwaterjuffer;Coenagrion hastulatum;2020-05-20;5;2020-05-20;2;ter plaatse;gezien;imago;Man;224338.99311142432;190850.79771575704;5.42833042144775;51.0230712890625;FS7055;Houthalen-Helchteren - Huttebeek;Houthalen-Helchteren;Houthalen;Limburg;ObsMapp;J;Goedgekeurd op basis van expertoordeel;2007-01-01;3;;25;Libellen;Coenagrionidae;2026-07-08;591;S;zeer zeldzaam
191886473;191886473;Speerwaterjuffer;Coenagrion hastulatum;2020-05-20;5;2020-05-20;1;ter plaatse;gezien;imago;Man;224335.2833229921;190857.5353927901;5.42827892303467;51.0231323242188;FS7055;Houthalen-Helchteren - Huttebeek;Houthalen-Helchteren;Houthalen;Limburg;ObsMapp;J;Goedgekeurd op basis van expertoordeel;2007-01-01;3;;25;Libellen;Coenagrionidae;2026-07-08;591;S;zeer zeldzaam
191886482;191886482;Speerwaterjuffer;Coenagrion hastulatum;2020-05-20;5;2020-05-20;1;ter plaatse;gezien;imago;Man;224327.30932253876;190853.6017934382;5.4281644821167;51.0230979919434;FS7055;Houthalen-Helchteren - Huttebeek;Houthalen-Helchteren;Houthalen;Limburg;ObsMapp;J;Goedgekeurd op basis van expertoordeel;2007-01-01;3;;25;Libellen;Coenagrionidae;2026-07-08;591;S;zeer zeldzaam
191886486;191886486;Speerwaterjuffer;Coenagrion hastulatum;2020-05-20;5;2020-05-20;1;ter plaatse;gezien;imago;Man;224320.5064057232;190854.3534982847;5.42806768417358;51.0231056213379;FS7055;Houthalen-Helchteren - Huttebeek;Houthalen-Helchteren;Houthalen;Limburg;ObsMapp;J;Goedgekeurd op basis van expertoordeel;2007-01-01;3;;25;Libellen;Coenagrionidae;2026-07-08;591;S;zeer zeldzaam
191886491;191886491;Speerwaterjuffer;Coenagrion hastulatum;2020-05-20;5;2020-05-20;1;ter plaatse;gezien;imago;Man;224302.9918784368;190841.37100998312;5.42781543731689;51.0229911804199;FS7055;Houthalen-Helchteren - Huttebeek;Houthalen-Helchteren;Houthalen;Limburg;ObsMapp;J;Goedgekeurd op basis van expertoordeel;2007-01-01;3;;25;Libellen;Coenagrionidae;2026-07-08;591;S;zeer zeldzaam
244387355;244387355;Speerwaterjuffer;Coenagrion hastulatum;2022-06-02;6;2022-06-06;1;ter plaatse;gezien;imago;Man;223434.472873006;188567.34876616392;5.4149808883667;51.0026626586914;FS6952;Zonhoven - Teut;Zonhoven;Zonhoven;Limburg;ObsMapp;J;Goedgekeurd op basis van expertoordeel;2007-01-01;3;;3;Libellen;Coenagrionidae;2026-07-08;591;S;zeer zeldzaam
191886496;191886496;Speerwaterjuffer;Coenagrion hastulatum;2020-05-20;5;2020-05-20;3;ter plaatse;gezien;imago;Man;224311.61940536255;190839.37208064552;5.42793798446655;51.0229721069336;FS7055;Houthalen-Helchteren - Huttebeek;Houthalen-Helchteren;Houthalen;Limburg;ObsMapp;J;Goedgekeurd op basis van expertoordeel;2007-01-01;3;;25;Libellen;Coenagrionidae;2026-07-08;591;S;zeer zeldzaam
191886500;191886500;Speerwaterjuffer;Coenagrion hastulatum;2020-05-20;5;2020-05-20;1;ter plaatse;gezien;imago;Man;224302.6178466583;190841.79008707497;5.42781019210815;51.0229949951172;FS7055;Houthalen-Helchteren - Huttebeek;Houthalen-Helchteren;Houthalen;Limburg;ObsMapp;J;Goedgekeurd op basis van expertoordeel;2007-01-01;3;;25;Libellen;Coenagrionidae;2026-07-08;591;S;zeer zeldzaam
191886510;191886510;Speerwaterjuffer;Coenagrion hastulatum;2020-05-20;5;2020-05-20;1;ter plaatse;gezien;imago;Man;224312.89266170468;190822.83804465175;5.42795276641846;51.0228233337402;FS7055;Houthalen-Helchteren - Huttebeek;Houthalen-Helchteren;Houthalen;Limburg;ObsMapp;J;Goedgekeurd op basis van expertoordeel;2007-01-01;3;;25;Libellen;Coenagrionidae;2026-07-08;591;S;zeer zeldzaam
192569440;192569440;Speerwaterjuffer;Coenagrion hastulatum;2020-05-27;5;2020-05-27;1;ter plaatse;onbekend;onbekend;Vrouw;223390.1060169692;188473.35279652104;5.41433000564575;51.001823425293;FS6952;Zonhoven - Teut;Zonhoven;Zonhoven;Limburg;Meetnetten.be;J;Goedgekeurd op basis van expertoordeel;2021-05-26;3;meetnetten.be: levensfase: imago_ activiteit: ter plaatse;10;Libellen;Coenagrionidae;2026-07-08;591;S;zeer zeldzaam
215964047;215964047;Speerwaterjuffer;Coenagrion hastulatum;2021-06-01;6;2021-06-05;4;ter plaatse;onbekend;imago;Man;225345.79001985048;188354.43114186823;5.44216394424438;51.0005035400391;FS7152;Zonhoven - Teut;Zonhoven;Zonhoven;Limburg;ObsMapp;J;Goedgekeurd op basis van expertoordeel;2007-01-01;3;;999;Libellen;Coenagrionidae;2026-07-08;591;S;zeer zeldzaam
275214019;275214019;Speerwaterjuffer;Coenagrion hastulatum;2023-06-06;6;2023-06-07;1;ter plaatse;onbekend;imago;Man;223424.6030972005;188441.1593279969;5.41481494903564;51.0015296936035;FS6952;Zonhoven - Teut;Zonhoven;Zonhoven;Limburg;Meetnetten.be;J;Goedgekeurd op basis van expertoordeel;2024-06-04;3;meetnetten.be: life stage: imago_ activity: present;10;Libellen;Coenagrionidae;2026-07-08;591;S;zeer zeldzaam
244387353;244387353:2607231;Speerwaterjuffer;Coenagrion hastulatum;2022-06-02;6;2022-06-06;1;in copula;gezien;imago;Vrouw;223423.2449771608;188549.3651669668;5.41481733322144;51.0025024414063;FS6952;Zonhoven - Teut;Zonhoven;Zonhoven;Limburg;ObsMapp;J;Goedgekeurd op basis van expertoordeel;2007-01-01;3;;3;Libellen;Coenagrionidae;2026-07-08;591;S;zeer zeldzaam
191886522;191886522;Speerwaterjuffer;Coenagrion hastulatum;2020-05-20;5;2020-05-20;1;ter plaatse;gezien;imago;Man;224320.1784263937;190809.36075253223;5.428053855896;51.0227012634277;FS7055;Houthalen-Helchteren - Huttebeek;Houthalen-Helchteren;Houthalen;Limburg;ObsMapp;J;Goedgekeurd op basis van expertoordeel;2007-01-01;3;;25;Libellen;Coenagrionidae;2026-07-08;591;S;zeer zeldzaam
191886528;191886528;Speerwaterjuffer;Coenagrion hastulatum;2020-05-20;5;2020-05-20;1;ter plaatse;gezien;imago;Man;224334.12129356683;190795.9785231352;5.42824983596802;51.0225791931152;FS7055;Houthalen-Helchteren - Huttebeek;Houthalen-Helchteren;Houthalen;Limburg;ObsMapp;J;Goedgekeurd op basis van expertoordeel;2007-01-01;3;;25;Libellen;Coenagrionidae;2026-07-08;591;S;zeer zeldzaam
244748772;244748772;Speerwaterjuffer;Coenagrion hastulatum;2022-06-02;6;2022-06-09;1;in copula;onbekend;imago;onbekend;223316.60594281985;188382.3423508173;5.41326475143433;51.0010147094727;FS6952;Zonhoven - Teut;Zonhoven;Zonhoven;Limburg;Meetnetten.be;J;Goedgekeurd op basis van expertoordeel;2023-06-01;3;meetnetten.be: levensfase: imago_ activiteit: copula;10;Libellen;Coenagrionidae;2026-07-08;591;S;zeer zeldzaam
244387353;244387353:2607230;Speerwaterjuffer;Coenagrion hastulatum;2022-06-02;6;2022-06-06;1;in copula;gezien;imago;Man;223423.2449771608;188549.3651669668;5.41481733322144;51.0025024414063;FS6952;Zonhoven - Teut;Zonhoven;Zonhoven;Limburg;ObsMapp;J;Goedgekeurd op basis van expertoordeel;2007-01-01;3;;3;Libellen;Coenagrionidae;2026-07-08;591;S;zeer zeldzaam
244748777;244748777;Speerwaterjuffer;Coenagrion hastulatum;2022-06-02;6;2022-06-09;1;ter plaatse;onbekend;imago;Man;223313.93351508465;188412.86235662643;5.41323280334473;51.0012893676758;FS6952;Zonhoven - Teut;Zonhoven;Zonhoven;Limburg;Meetnetten.be;J;Goedgekeurd op basis van expertoordeel;2023-06-01;3;meetnetten.be: levensfase: imago_ activiteit: ter plaatse;10;Libellen;Coenagrionidae;2026-07-08;591;S;zeer zeldzaam
275214018;275214018;Speerwaterjuffer;Coenagrion hastulatum;2023-06-06;6;2023-06-07;1;ter plaatse;onbekend;imago;Man;223421.47992542025;188434.7491238704;5.41476917266846;51.0014724731445;FS6952;Zonhoven - Teut;Zonhoven;Zonhoven;Limburg;Meetnetten.be;J;Goedgekeurd op basis van expertoordeel;2024-06-04;3;meetnetten.be: life stage: imago_ activity: present;10;Libellen;Coenagrionidae;2026-07-08;591;S;zeer zeldzaam
192569447;192569447;Speerwaterjuffer;Coenagrion hastulatum;2020-05-27;5;2020-05-27;1;ter plaatse;onbekend;onbekend;Man;223368.73227159336;188460.319304104;5.41402292251587;51.001708984375;FS6952;Zonhoven - Teut;Zonhoven;Zonhoven;Limburg;Meetnetten.be;J;Goedgekeurd op basis van expertoordeel;2021-05-26;3;meetnetten.be: levensfase: imago_ activiteit: ter plaatse;10;Libellen;Coenagrionidae;2026-07-08;591;S;zeer zeldzaam
244748745;244748745;Speerwaterjuffer;Coenagrion hastulatum;2022-06-02;6;2022-06-09;1;ter plaatse;onbekend;imago;Man;223373.40233769984;188423.46128718555;5.41408205032349;51.0013771057129;FS6952;Zonhoven - Teut;Zonhoven;Zonhoven;Limburg;Meetnetten.be;J;Goedgekeurd op basis van expertoordeel;2023-06-01;3;meetnetten.be: levensfase: imago_ activiteit: ter plaatse;10;Libellen;Coenagrionidae;2026-07-08;591;S;zeer zeldzaam
244748781;244748781;Speerwaterjuffer;Coenagrion hastulatum;2022-06-02;6;2022-06-09;1;ter plaatse;onbekend;imago;Man;223436.0621423951;188445.14059539605;5.41497898101807;51.0015640258789;FS6952;Zonhoven - Teut;Zonhoven;Zonhoven;Limburg;Meetnetten.be;J;Goedgekeurd op basis van expertoordeel;2023-06-01;3;meetnetten.be: levensfase: imago_ activiteit: ter plaatse;10;Libellen;Coenagrionidae;2026-07-08;591;S;zeer zeldzaam
191886532;191886532;Speerwaterjuffer;Coenagrion hastulatum;2020-05-20;5;2020-05-20;3;ter plaatse;gezien;imago;Man;224336.56017606743;190793.8912701961;5.42828416824341;51.0225601196289;FS7055;Houthalen-Helchteren - Huttebeek;Houthalen-Helchteren;Houthalen;Limburg;ObsMapp;J;Goedgekeurd op basis van expertoordeel;2007-01-01;3;;25;Libellen;Coenagrionidae;2026-07-08;591;S;zeer zeldzaam
245706739;245706739;Speerwaterjuffer;Coenagrion hastulatum;2022-06-16;6;2022-06-16;1;ter plaatse;gezien;imago;Man;223533.63777351927;188566.20148901452;5.4163932800293;51.0026397705078;FS6952;Zonhoven - Teut;Zonhoven;Zonhoven;Limburg;ObsMapp;J;Goedgekeurd op basis van expertoordeel;2022-12-16;3;;999;Libellen;Coenagrionidae;2026-07-08;591;S;zeer zeldzaam
245706738;245706738;Speerwaterjuffer;Coenagrion hastulatum;2022-06-16;6;2022-06-16;1;ter plaatse;gezien;imago;Man;223534.38953867453;188567.4853392281;5.41640424728394;51.0026512145996;FS6952;Zonhoven - Teut;Zonhoven;Zonhoven;Limburg;ObsMapp;J;Goedgekeurd op basis van expertoordeel;2022-12-16;3;;999;Libellen;Coenagrionidae;2026-07-08;591;S;zeer zeldzaam
245706737;245706737;Speerwaterjuffer;Coenagrion hastulatum;2022-06-16;6;2022-06-16;2;ter plaatse;gezien;imago;Man;223534.4719655738;188568.75973882712;5.41640567779541;51.0026626586914;FS6952;Zonhoven - Teut;Zonhoven;Zonhoven;Limburg;ObsMapp;J;Goedgekeurd op basis van expertoordeel;2022-12-16;3;;999;Libellen;Coenagrionidae;2026-07-08;591;S;zeer zeldzaam
244748734;244748734;Speerwaterjuffer;Coenagrion hastulatum;2022-06-02;6;2022-06-09;1;ter plaatse;onbekend;imago;Man;223426.17963590432;188443.30361253585;5.41483783721924;51.0015487670898;FS6952;Zonhoven - Teut;Zonhoven;Zonhoven;Limburg;Meetnetten.be;J;Goedgekeurd op basis van expertoordeel;2023-06-01;3;meetnetten.be: levensfase: imago_ activiteit: ter plaatse;10;Libellen;Coenagrionidae;2026-07-08;591;S;zeer zeldzaam
245706731;245706731;Speerwaterjuffer;Coenagrion hastulatum;2022-06-16;6;2022-06-16;2;in copula;gezien;imago;onbekend;223551.05513642053;188591.48774434623;5.4166464805603;51.0028648376465;FS6952;Zonhoven - Teut;Zonhoven;Zonhoven;Limburg;ObsMapp;J;Goedgekeurd op basis van expertoordeel;2022-12-16;3;;999;Libellen;Coenagrionidae;2026-07-08;591;S;zeer zeldzaam
192569506;192569506;Speerwaterjuffer;Coenagrion hastulatum;2020-05-27;5;2020-05-27;1;ter plaatse;onbekend;onbekend;Man;223316.11463777657;188376.81808592007;5.41325664520264;51.0009651184082;FS6952;Zonhoven - Teut;Zonhoven;Zonhoven;Limburg;Meetnetten.be;J;Goedgekeurd op basis van expertoordeel;2021-05-26;3;meetnetten.be: levensfase: imago_ activiteit: ter plaatse;10;Libellen;Coenagrionidae;2026-07-08;591;S;zeer zeldzaam
245706715;245706715;Speerwaterjuffer;Coenagrion hastulatum;2022-06-16;6;2022-06-16;1;ter plaatse;gezien;imago;Man;223570.7605505153;188604.07402327843;5.41692972183228;51.0029754638672;FS6952;Zonhoven - Teut;Zonhoven;Zonhoven;Limburg;ObsMapp;J;Goedgekeurd op basis van expertoordeel;2022-12-16;3;;999;Libellen;Coenagrionidae;2026-07-08;591;S;zeer zeldzaam
245706708;245706708;Speerwaterjuffer;Coenagrion hastulatum;2022-06-16;6;2022-06-16;1;ter plaatse;gezien;imago;Man;223578.4918156013;188620.7353140172;5.41704320907593;51.0031242370605;FS6952;Zonhoven - Teut;Zonhoven;Zonhoven;Limburg;ObsMapp;J;Goedgekeurd op basis van expertoordeel;2022-12-16;3;;999;Libellen;Coenagrionidae;2026-07-08;591;S;zeer zeldzaam
192569649;192569649;Speerwaterjuffer;Coenagrion hastulatum;2020-05-27;5;2020-05-27;1;ter plaatse;onbekend;onbekend;Man;224336.0068998649;190853.725983412;5.42828845977783;51.0230979919434;FS7055;Houthalen-Helchteren - Huttebeek;Houthalen-Helchteren;Houthalen;Limburg;Meetnetten.be;J;Goedgekeurd op basis van expertoordeel;2021-05-26;3;meetnetten.be: levensfase: imago_ activiteit: ter plaatse;10;Libellen;Coenagrionidae;2026-07-08;591;S;zeer zeldzaam
192569522;192569522;Speerwaterjuffer;Coenagrion hastulatum;2020-05-27;5;2020-05-27;1;in copula;onbekend;onbekend;onbekend;223322.4759563467;188374.36116961853;5.41334676742554;51.0009422302246;FS6952;Zonhoven - Teut;Zonhoven;Zonhoven;Limburg;Meetnetten.be;J;Goedgekeurd op basis van expertoordeel;2021-05-26;3;meetnetten.be: levensfase: imago_ activiteit: copula;10;Libellen;Coenagrionidae;2026-07-08;591;S;zeer zeldzaam
245706701;245706701;Speerwaterjuffer;Coenagrion hastulatum;2022-06-16;6;2022-06-16;1;ter plaatse;gezien;imago;Man;223584.5347662232;188624.21598897688;5.41712999343872;51.0031547546387;FS6952;Zonhoven - Teut;Zonhoven;Zonhoven;Limburg;ObsMapp;J;Goedgekeurd op basis van expertoordeel;2022-12-16;3;;999;Libellen;Coenagrionidae;2026-07-08;591;S;zeer zeldzaam
245706638;245706638;Speerwaterjuffer;Coenagrion hastulatum;2022-06-16;6;2022-06-16;1;ter plaatse;gezien;imago;Man;223370.1223760793;188459.06565237136;5.41404247283936;51.0016975402832;FS6952;Zonhoven - Teut;Zonhoven;Zonhoven;Limburg;ObsMapp;J;Goedgekeurd op basis van expertoordeel;2023-06-16;3;;3;Libellen;Coenagrionidae;2026-07-08;591;S;zeer zeldzaam
245706621;245706621;Speerwaterjuffer;Coenagrion hastulatum;2022-06-16;6;2022-06-16;1;ter plaatse;gezien;imago;Man;223376.54478795757;188409.49997807667;5.41412401199341;51.0012512207031;FS6952;Zonhoven - Teut;Zonhoven;Zonhoven;Limburg;ObsMapp;J;Goedgekeurd op basis van expertoordeel;2023-06-16;3;;3;Libellen;Coenagrionidae;2026-07-08;591;S;zeer zeldzaam
245706618;245706618;Speerwaterjuffer;Coenagrion hastulatum;2022-06-16;6;2022-06-16;1;ter plaatse;gezien;imago;Man;223373.7836624885;188415.4028397696;5.41408586502075;51.0013046264648;FS6952;Zonhoven - Teut;Zonhoven;Zonhoven;Limburg;ObsMapp;J;Goedgekeurd op basis van expertoordeel;2023-06-16;3;;4;Libellen;Coenagrionidae;2026-07-08;591;S;zeer zeldzaam
245706614;245706614;Speerwaterjuffer;Coenagrion hastulatum;2022-06-16;6;2022-06-16;1;ter plaatse;gezien;imago;Man;223365.37245528676;188420.80169787537;5.41396713256836;51.0013542175293;FS6952;Zonhoven - Teut;Zonhoven;Zonhoven;Limburg;ObsMapp;J;Goedgekeurd op basis van expertoordeel;2023-06-16;3;;3;Libellen;Coenagrionidae;2026-07-08;591;S;zeer zeldzaam
192052031;192052031;Speerwaterjuffer;Coenagrion hastulatum;2020-05-21;5;2020-05-22;1;ter plaatse;onbekend;imago, niet uitgekleurd;Man;223515.92473682304;190221.93072213695;5.416474;51.017524;FS6954;Houthalen - Tenhaagdoornheide;Houthalen-Helchteren;Houthalen;Limburg;Site;J;Goedgekeurd op basis van bewijsmateriaal;1980-01-01;4;;25;Libellen;Coenagrionidae;2026-07-08;591;S;zeer zeldzaam
309591042;309591042;Speerwaterjuffer;Coenagrion hastulatum;2024-05-13;5;2024-05-14;1;ter plaatse;gezien;imago;Man;223371.04881402836;188428.9454812324;5.4140496253967285;51.001426696777344;FS6952;Zonhoven - Teut;Zonhoven;Zonhoven;Limburg;ObsMapp;J;Goedgekeurd op basis van expertoordeel;1980-01-01;3;;3;Libellen;Coenagrionidae;2026-07-08;591;S;zeer zeldzaam
309591093;309591093;Speerwaterjuffer;Coenagrion hastulatum;2024-05-13;5;2024-05-14;1;ter plaatse;gezien;imago;Man;223393.07793842105;188409.73293516503;5.4143595695495605;51.001251220703125;FS6952;Zonhoven - Teut;Zonhoven;Zonhoven;Limburg;ObsMapp;J;Goedgekeurd op basis van expertoordeel;1980-01-01;3;;4;Libellen;Coenagrionidae;2026-07-08;591;S;zeer zeldzaam
245706611;245706611;Speerwaterjuffer;Coenagrion hastulatum;2022-06-16;6;2022-06-16;1;ter plaatse;gezien;imago;Man;223356.95050460607;188431.7177682212;5.41384935379028;51.0014533996582;FS6952;Zonhoven - Teut;Zonhoven;Zonhoven;Limburg;ObsMapp;J;Goedgekeurd op basis van expertoordeel;2023-06-16;3;;3;Libellen;Coenagrionidae;2026-07-08;591;S;zeer zeldzaam
244748783;244748783;Speerwaterjuffer;Coenagrion hastulatum;2022-06-02;6;2022-06-09;1;ter plaatse;onbekend;imago;Man;223429.3803960814;188456.08108863796;5.41488599777222;51.0016632080078;FS6952;Zonhoven - Teut;Zonhoven;Zonhoven;Limburg;Meetnetten.be;J;Goedgekeurd op basis van expertoordeel;2023-06-01;3;meetnetten.be: levensfase: imago_ activiteit: ter plaatse;10;Libellen;Coenagrionidae;2026-07-08;591;S;zeer zeldzaam
243930744;243930744;Speerwaterjuffer;Coenagrion hastulatum;2022-06-02;6;2022-06-02;1;ter plaatse;gezien;imago;Man;224382.5610674121;190806.0075659053;5.42894220352173;51.0226631164551;FS7055;Houthalen-Helchteren - Huttebeek;Houthalen-Helchteren;Houthalen;Limburg;ObsMapp;J;Goedgekeurd op basis van expertoordeel;2007-01-01;3;;3;Libellen;Coenagrionidae;2026-07-08;591;S;zeer zeldzaam
243930716;243930716;Speerwaterjuffer;Coenagrion hastulatum;2022-06-02;6;2022-06-02;1;ter plaatse;gezien;imago;Man;223524.42878024417;188554.6123513384;5.416259765625;51.0025367736816;FS6952;Zonhoven - Teut;Zonhoven;Zonhoven;Limburg;ObsMapp;J;Goedgekeurd op basis van expertoordeel;2007-01-01;3;;3;Libellen;Coenagrionidae;2026-07-08;591;S;zeer zeldzaam
243930712;243930712;Speerwaterjuffer;Coenagrion hastulatum;2022-06-02;6;2022-06-02;2;ter plaatse;gezien;imago;Man;223529.11767097225;188556.80060832296;5.41632699966431;51.002555847168;FS6952;Zonhoven - Teut;Zonhoven;Zonhoven;Limburg;ObsMapp;J;Goedgekeurd op basis van expertoordeel;2007-01-01;3;;3;Libellen;Coenagrionidae;2026-07-08;591;S;zeer zeldzaam
192569635;192569635;Speerwaterjuffer;Coenagrion hastulatum;2020-05-27;5;2020-05-27;1;ter plaatse;onbekend;onbekend;Man;224324.3808044933;190854.8332284931;5.42812299728394;51.0231094360352;FS7055;Houthalen-Helchteren - Huttebeek;Houthalen-Helchteren;Houthalen;Limburg;Meetnetten.be;J;Goedgekeurd op basis van expertoordeel;2021-05-26;3;meetnetten.be: levensfase: imago_ activiteit: ter plaatse;10;Libellen;Coenagrionidae;2026-07-08;591;S;zeer zeldzaam
243930709;243930709;Speerwaterjuffer;Coenagrion hastulatum;2022-06-02;6;2022-06-02;1;ter plaatse;gezien;imago;Man;223529.82646823276;188556.3862035377;5.41633701324463;51.0025520324707;FS6952;Zonhoven - Teut;Zonhoven;Zonhoven;Limburg;ObsMapp;J;Goedgekeurd op basis van expertoordeel;2007-01-01;3;;3;Libellen;Coenagrionidae;2026-07-08;591;S;zeer zeldzaam
243930708;243930708;Speerwaterjuffer;Coenagrion hastulatum;2022-06-02;6;2022-06-02;2;in copula;gezien;imago;onbekend;223529.4318900085;188560.62475177555;5.41633224487305;51.0025901794434;FS6952;Zonhoven - Teut;Zonhoven;Zonhoven;Limburg;ObsMapp;J;Goedgekeurd op basis van expertoordeel;2007-01-01;3;;3;Libellen;Coenagrionidae;2026-07-08;591;S;zeer zeldzaam
309591099;309591099;Speerwaterjuffer;Coenagrion hastulatum;2024-05-13;5;2024-05-14;1;ter plaatse;gezien;imago;Man;223391.7177128193;188408.86494406592;5.414340019226074;51.001243591308594;FS6952;Zonhoven - Teut;Zonhoven;Zonhoven;Limburg;ObsMapp;J;Goedgekeurd op basis van expertoordeel;1980-01-01;3;;3;Libellen;Coenagrionidae;2026-07-08;591;S;zeer zeldzaam
192569648;192569648;Speerwaterjuffer;Coenagrion hastulatum;2020-05-27;5;2020-05-27;1;ter plaatse;onbekend;onbekend;Man;224335.97344764476;190853.72550573107;5.42828798294067;51.0230979919434;FS7055;Houthalen-Helchteren - Huttebeek;Houthalen-Helchteren;Houthalen;Limburg;Meetnetten.be;J;Goedgekeurd op basis van expertoordeel;2021-05-26;3;meetnetten.be: levensfase: imago_ activiteit: ter plaatse;10;Libellen;Coenagrionidae;2026-07-08;591;S;zeer zeldzaam
244748732;244748732;Speerwaterjuffer;Coenagrion hastulatum;2022-06-02;6;2022-06-09;1;ter plaatse;onbekend;imago;Man;223425.42426904463;188439.8976700334;5.41482639312744;51.0015182495117;FS6952;Zonhoven - Teut;Zonhoven;Zonhoven;Limburg;Meetnetten.be;J;Goedgekeurd op basis van expertoordeel;2023-06-01;3;meetnetten.be: levensfase: imago_ activiteit: ter plaatse;10;Libellen;Coenagrionidae;2026-07-08;591;S;zeer zeldzaam
243930705;243930705;Speerwaterjuffer;Coenagrion hastulatum;2022-06-02;6;2022-06-02;1;ter plaatse;gezien;imago;Man;223534.896503954;188562.39955424704;5.41641044616699;51.0026054382324;FS6952;Zonhoven - Teut;Zonhoven;Zonhoven;Limburg;ObsMapp;J;Goedgekeurd op basis van expertoordeel;2007-01-01;3;;3;Libellen;Coenagrionidae;2026-07-08;591;S;zeer zeldzaam
243930702;243930702;Speerwaterjuffer;Coenagrion hastulatum;2022-06-02;6;2022-06-02;1;ter plaatse;gezien;imago;Man;223532.71867339325;188564.9152762983;5.41637992858887;51.002628326416;FS6952;Zonhoven - Teut;Zonhoven;Zonhoven;Limburg;ObsMapp;J;Goedgekeurd op basis van expertoordeel;2007-01-01;3;;3;Libellen;Coenagrionidae;2026-07-08;591;S;zeer zeldzaam
243930698;243930698;Speerwaterjuffer;Coenagrion hastulatum;2022-06-02;6;2022-06-02;2;ter plaatse;gezien;imago;Man;223537.56743909337;188574.74521320037;5.41645097732544;51.0027160644531;FS6952;Zonhoven - Teut;Zonhoven;Zonhoven;Limburg;ObsMapp;J;Goedgekeurd op basis van expertoordeel;2007-01-01;3;;3;Libellen;Coenagrionidae;2026-07-08;591;S;zeer zeldzaam
244748791;244748791;Speerwaterjuffer;Coenagrion hastulatum;2022-06-02;6;2022-06-09;1;ter plaatse;onbekend;imago;Man;223431.9430078804;188459.51251284775;5.41492319107056;51.0016937255859;FS6952;Zonhoven - Teut;Zonhoven;Zonhoven;Limburg;Meetnetten.be;J;Goedgekeurd op basis van expertoordeel;2023-06-01;3;meetnetten.be: levensfase: imago_ activiteit: ter plaatse;10;Libellen;Coenagrionidae;2026-07-08;591;S;zeer zeldzaam
243930697;243930697;Speerwaterjuffer;Coenagrion hastulatum;2022-06-02;6;2022-06-02;1;ter plaatse;gezien;imago;Man;223536.79872895023;188579.40289035533;5.41644096374512;51.002758026123;FS6952;Zonhoven - Teut;Zonhoven;Zonhoven;Limburg;ObsMapp;J;Goedgekeurd op basis van expertoordeel;2007-01-01;3;;3;Libellen;Coenagrionidae;2026-07-08;591;S;zeer zeldzaam
244748793;244748793;Speerwaterjuffer;Coenagrion hastulatum;2022-06-02;6;2022-06-09;1;ter plaatse;onbekend;imago;Vrouw;223433.21234669507;188462.0768800788;5.41494178771973;51.0017166137695;FS6952;Zonhoven - Teut;Zonhoven;Zonhoven;Limburg;Meetnetten.be;J;Goedgekeurd op basis van expertoordeel;2023-06-01;3;meetnetten.be: levensfase: imago_ activiteit: ter plaatse;10;Libellen;Coenagrionidae;2026-07-08;591;S;zeer zeldzaam
244748714;244748714;Speerwaterjuffer;Coenagrion hastulatum;2022-06-02;6;2022-06-09;1;ter plaatse;onbekend;imago;Man;223420.8095878294;188418.18762075345;5.41475629806519;51.0013236999512;FS6952;Zonhoven - Teut;Zonhoven;Zonhoven;Limburg;Meetnetten.be;J;Goedgekeurd op basis van expertoordeel;2023-06-01;3;meetnetten.be: levensfase: imago_ activiteit: ter plaatse;10;Libellen;Coenagrionidae;2026-07-08;591;S;zeer zeldzaam
309591148;309591148;Speerwaterjuffer;Coenagrion hastulatum;2024-05-13;5;2024-05-14;1;ter plaatse;gezien;imago;Man;223417.27395766223;188417.28895613924;5.414705753326416;51.00131607055664;FS6952;Zonhoven - Teut;Zonhoven;Zonhoven;Limburg;ObsMapp;J;Goedgekeurd op basis van expertoordeel;2025-06-14;3;;3;Libellen;Coenagrionidae;2026-07-08;591;S;zeer zeldzaam
313818262;313818262;Speerwaterjuffer;Coenagrion hastulatum;2024-06-06;6;2024-06-09;1;ter plaatse;gezien;imago;Man;224363.76440226397;190880.43620002732;5.428689479827881;51.02333450317383;FS7055;Houthalen-Helchteren - Huttebeek;Houthalen-Helchteren;Houthalen;Limburg;ObsMapp;J;Goedgekeurd op basis van expertoordeel;2025-06-06;3;;3;Libellen;Coenagrionidae;2026-07-08;591;S;zeer zeldzaam
243930696;243930696;Speerwaterjuffer;Coenagrion hastulatum;2022-06-02;6;2022-06-02;2;ter plaatse;gezien;imago;Man;223538.61295494373;188583.67262688745;5.41646766662598;51.0027961730957;FS6952;Zonhoven - Teut;Zonhoven;Zonhoven;Limburg;ObsMapp;J;Goedgekeurd op basis van expertoordeel;2007-01-01;3;;2;Libellen;Coenagrionidae;2026-07-08;591;S;zeer zeldzaam
192569662;192569662;Speerwaterjuffer;Coenagrion hastulatum;2020-05-27;5;2020-05-27;1;ter plaatse;onbekend;onbekend;Man;224336.32640030267;190857.1258716574;5.42829370498657;51.0231285095215;FS7055;Houthalen-Helchteren - Huttebeek;Houthalen-Helchteren;Houthalen;Limburg;Meetnetten.be;J;Goedgekeurd op basis van expertoordeel;2021-05-26;3;meetnetten.be: levensfase: imago_ activiteit: ter plaatse;10;Libellen;Coenagrionidae;2026-07-08;591;S;zeer zeldzaam
275214104;275214104;Speerwaterjuffer;Coenagrion hastulatum;2023-06-06;6;2023-06-07;1;ter plaatse;onbekend;imago;Man;223360.5972869025;188438.98413104005;5.413902759552;51.0015182495117;FS6952;Zonhoven - Teut;Zonhoven;Zonhoven;Limburg;Meetnetten.be;J;Goedgekeurd op basis van expertoordeel;2024-06-04;3;meetnetten.be: life stage: imago_ activity: present;10;Libellen;Coenagrionidae;2026-07-08;591;S;zeer zeldzaam
245939484;245939484;Speerwaterjuffer;Coenagrion hastulatum;2022-06-16;6;2022-06-18;1;ter plaatse;gezien;imago;Man;223369.74825476532;188459.484793514;5.41403722763062;51.0017013549805;FS6952;Zonhoven - Teut;Zonhoven;Zonhoven;Limburg;ObsMapp;J;Goedgekeurd op basis van expertoordeel;2007-01-01;4;;4;Libellen;Coenagrionidae;2026-07-08;591;S;zeer zeldzaam
192620778;192620778;Speerwaterjuffer;Coenagrion hastulatum;2020-05-27;5;2020-05-28;1;ter plaatse;gezien;imago;onbekend;224357.28016542247;190807.3440682683;5.42858219146729;51.0226783752441;FS7055;Houthalen-Helchteren - Huttebeek;Houthalen-Helchteren;Houthalen;Limburg;ObsMapp;J;Goedgekeurd op basis van expertoordeel;2007-01-01;4;;25;Libellen;Coenagrionidae;2026-07-08;591;S;zeer zeldzaam
245939477;245939477;Speerwaterjuffer;Coenagrion hastulatum;2022-06-16;6;2022-06-18;1;ter plaatse;gezien;imago;Man;223378.123758392;188409.0978124384;5.41414642333984;51.0012474060059;FS6952;Zonhoven - Teut;Zonhoven;Zonhoven;Limburg;ObsMapp;J;Goedgekeurd op basis van expertoordeel;2007-01-01;4;;6;Libellen;Coenagrionidae;2026-07-08;591;S;zeer zeldzaam
243930694;243930694;Speerwaterjuffer;Coenagrion hastulatum;2022-06-02;6;2022-06-02;1;ter plaatse;gezien;imago;Man;223552.0891024941;188589.38028697015;5.41666078567505;51.0028457641602;FS6952;Zonhoven - Teut;Zonhoven;Zonhoven;Limburg;ObsMapp;J;Goedgekeurd op basis van expertoordeel;2007-01-01;3;;3;Libellen;Coenagrionidae;2026-07-08;591;S;zeer zeldzaam
314240144;314240144;Speerwaterjuffer;Coenagrion hastulatum;2024-06-06;6;2024-06-12;1;ter plaatse;gezien;imago;Man;224171.4266648183;190977.85431402733;5.425968170166016;51.02423477172852;FS7055;Houthalen-Helchteren - Huttebeek;Houthalen-Helchteren;Houthalen;Limburg;ObsMapp;J;Goedgekeurd op basis van expertoordeel;2024-09-06;4;;4;Libellen;Coenagrionidae;2026-07-08;591;S;zeer zeldzaam
192620784;192620784;Speerwaterjuffer;Coenagrion hastulatum;2020-05-27;5;2020-05-28;2;ter plaatse;gezien;imago;Man;224337.80739071945;190800.27531491872;5.42830324172974;51.0226173400879;FS7055;Houthalen-Helchteren - Huttebeek;Houthalen-Helchteren;Houthalen;Limburg;ObsMapp;J;Goedgekeurd op basis van expertoordeel;2007-01-01;4;;25;Libellen;Coenagrionidae;2026-07-08;591;S;zeer zeldzaam
192620787;192620787:1805898;Speerwaterjuffer;Coenagrion hastulatum;2020-05-27;5;2020-05-28;1;in copula;gezien;imago;Man;224331.360004781;190797.212342402;5.42821073532104;51.022590637207;FS7055;Houthalen-Helchteren - Huttebeek;Houthalen-Helchteren;Houthalen;Limburg;ObsMapp;J;Goedgekeurd op basis van expertoordeel;2007-01-01;4;;25;Libellen;Coenagrionidae;2026-07-08;591;S;zeer zeldzaam
245939476;245939476;Speerwaterjuffer;Coenagrion hastulatum;2022-06-16;6;2022-06-18;1;ter plaatse;gezien;imago;Man;223374.2032111588;188414.1355158184;5.41409158706665;51.001293182373;FS6952;Zonhoven - Teut;Zonhoven;Zonhoven;Limburg;ObsMapp;J;Goedgekeurd op basis van expertoordeel;2007-01-01;4;;4;Libellen;Coenagrionidae;2026-07-08;591;S;zeer zeldzaam
245939473;245939473;Speerwaterjuffer;Coenagrion hastulatum;2022-06-16;6;2022-06-18;1;ter plaatse;onbekend;onbekend;Man;223367.09485075844;188422.09919551853;5.41399192810059;51.0013656616211;FS6952;Zonhoven - Teut;Zonhoven;Zonhoven;Limburg;ObsMapp;J;Goedgekeurd op basis van expertoordeel;2007-01-01;4;;4;Libellen;Coenagrionidae;2026-07-08;591;S;zeer zeldzaam
215976667;215976667;Speerwaterjuffer;Coenagrion hastulatum;2021-06-01;6;2021-06-05;1;ter plaatse;onbekend;imago;Man;223477.6828296916;188494.11056112964;5.41558170318604;51.0019989013672;FS6952;Zonhoven - Teut;Zonhoven;Zonhoven;Limburg;ObsMapp;J;Goedgekeurd op basis van expertoordeel;2007-01-01;4;;4;Libellen;Coenagrionidae;2026-07-08;591;S;zeer zeldzaam
192569659;192569659;Speerwaterjuffer;Coenagrion hastulatum;2020-05-27;5;2020-05-27;3;ter plaatse;onbekend;onbekend;Man;224337.43928599067;190854.1708531296;5.42830896377563;51.0231018066406;FS7055;Houthalen-Helchteren - Huttebeek;Houthalen-Helchteren;Houthalen;Limburg;Meetnetten.be;J;Goedgekeurd op basis van expertoordeel;2021-05-26;3;meetnetten.be: levensfase: imago_ activiteit: ter plaatse;10;Libellen;Coenagrionidae;2026-07-08;591;S;zeer zeldzaam
243930693;243930693;Speerwaterjuffer;Coenagrion hastulatum;2022-06-02;6;2022-06-02;1;ter plaatse;gezien;imago;Man;223550.6165649852;188589.35949069916;5.41663980484009;51.0028457641602;FS6952;Zonhoven - Teut;Zonhoven;Zonhoven;Limburg;ObsMapp;J;Goedgekeurd op basis van expertoordeel;2007-01-01;3;;3;Libellen;Coenagrionidae;2026-07-08;591;S;zeer zeldzaam
243930683;243930683;Speerwaterjuffer;Coenagrion hastulatum;2022-06-02;6;2022-06-02;1;ter plaatse;gezien;imago;Man;223574.557766824;188605.400902126;5.41698408126831;51.002986907959;FS6952;Zonhoven - Teut;Zonhoven;Zonhoven;Limburg;ObsMapp;J;Goedgekeurd op basis van expertoordeel;2007-01-01;3;;3;Libellen;Coenagrionidae;2026-07-08;591;S;zeer zeldzaam
215976664;215976664;Speerwaterjuffer;Coenagrion hastulatum;2021-06-01;6;2021-06-05;1;ter plaatse;onbekend;imago;Man;223480.06961390076;188500.5104118958;5.41561698913574;51.0020561218262;FS6952;Zonhoven - Teut;Zonhoven;Zonhoven;Limburg;ObsMapp;J;Goedgekeurd op basis van expertoordeel;2007-01-01;4;;4;Libellen;Coenagrionidae;2026-07-08;591;S;zeer zeldzaam
215976662;215976662:2207000;Speerwaterjuffer;Coenagrion hastulatum;2021-06-01;6;2021-06-05;1;tandem;onbekend;imago;Vrouw;223483.59320290052;188502.2577739237;5.41566753387451;51.0020713806152;FS6952;Zonhoven - Teut;Zonhoven;Zonhoven;Limburg;ObsMapp;J;Goedgekeurd op basis van expertoordeel;2007-01-01;4;;4;Libellen;Coenagrionidae;2026-07-08;591;S;zeer zeldzaam
309591174;309591174;Speerwaterjuffer;Coenagrion hastulatum;2024-05-13;5;2024-05-14;1;ter plaatse;gezien;imago;Man;223424.75733999815;188437.34179776348;5.414816379547119;51.001495361328125;FS6952;Zonhoven - Teut;Zonhoven;Zonhoven;Limburg;ObsMapp;J;Goedgekeurd op basis van expertoordeel;2026-06-14;3;;3;Libellen;Coenagrionidae;2026-07-08;591;S;zeer zeldzaam
309591185;309591185;Speerwaterjuffer;Coenagrion hastulatum;2024-05-13;5;2024-05-14;1;ter plaatse;gezien;imago;Man;223429.35759249915;188462.44694218133;5.414886951446533;51.0017204284668;FS6952;Zonhoven - Teut;Zonhoven;Zonhoven;Limburg;ObsMapp;J;Goedgekeurd op basis van expertoordeel;2026-06-13;3;;4;Libellen;Coenagrionidae;2026-07-08;591;S;zeer zeldzaam
243930682;243930682;Speerwaterjuffer;Coenagrion hastulatum;2022-06-02;6;2022-06-02;2;eileggend;gezien;imago;onbekend;223574.6247001415;188605.4018477099;5.41698503494263;51.002986907959;FS6952;Zonhoven - Teut;Zonhoven;Zonhoven;Limburg;ObsMapp;J;Goedgekeurd op basis van expertoordeel;2007-01-01;3;;3;Libellen;Coenagrionidae;2026-07-08;591;S;zeer zeldzaam
215976662;215976662:2206999;Speerwaterjuffer;Coenagrion hastulatum;2021-06-01;6;2021-06-05;1;tandem;onbekend;imago;Man;223483.59320290052;188502.2577739237;5.41566753387451;51.0020713806152;FS6952;Zonhoven - Teut;Zonhoven;Zonhoven;Limburg;ObsMapp;J;Goedgekeurd op basis van expertoordeel;2007-01-01;4;;4;Libellen;Coenagrionidae;2026-07-08;591;S;zeer zeldzaam
215976661;215976661:2206998;Speerwaterjuffer;Coenagrion hastulatum;2021-06-01;6;2021-06-05;2;tandem;onbekend;imago;Vrouw;223484.75258484384;188503.12295594253;5.41568422317505;51.0020790100098;FS6952;Zonhoven - Teut;Zonhoven;Zonhoven;Limburg;ObsMapp;J;Goedgekeurd op basis van expertoordeel;2007-01-01;4;;4;Libellen;Coenagrionidae;2026-07-08;591;S;zeer zeldzaam
215976661;215976661:2206997;Speerwaterjuffer;Coenagrion hastulatum;2021-06-01;6;2021-06-05;2;tandem;onbekend;imago;Man;223484.75258484384;188503.12295594253;5.41568422317505;51.0020790100098;FS6952;Zonhoven - Teut;Zonhoven;Zonhoven;Limburg;ObsMapp;J;Goedgekeurd op basis van expertoordeel;2007-01-01;4;;4;Libellen;Coenagrionidae;2026-07-08;591;S;zeer zeldzaam
243930678;243930678;Speerwaterjuffer;Coenagrion hastulatum;2022-06-02;6;2022-06-02;1;ter plaatse;gezien;imago;Man;223574.57924432735;188606.2500295769;5.41698455810547;51.0029945373535;FS6952;Zonhoven - Teut;Zonhoven;Zonhoven;Limburg;ObsMapp;J;Goedgekeurd op basis van expertoordeel;2007-01-01;3;;3;Libellen;Coenagrionidae;2026-07-08;591;S;zeer zeldzaam
215976658;215976658:2206992;Speerwaterjuffer;Coenagrion hastulatum;2021-06-01;6;2021-06-05;1;tandem;onbekend;imago;Vrouw;223485.37403355705;188506.52701877803;5.41569375991821;51.0021095275879;FS6952;Zonhoven - Teut;Zonhoven;Zonhoven;Limburg;ObsMapp;J;Goedgekeurd op basis van expertoordeel;2007-01-01;4;;4;Libellen;Coenagrionidae;2026-07-08;591;S;zeer zeldzaam
215976658;215976658:2206991;Speerwaterjuffer;Coenagrion hastulatum;2021-06-01;6;2021-06-05;1;tandem;onbekend;imago;Man;223485.37403355705;188506.52701877803;5.41569375991821;51.0021095275879;FS6952;Zonhoven - Teut;Zonhoven;Zonhoven;Limburg;ObsMapp;J;Goedgekeurd op basis van expertoordeel;2007-01-01;4;;4;Libellen;Coenagrionidae;2026-07-08;591;S;zeer zeldzaam
215976656;215976656;Speerwaterjuffer;Coenagrion hastulatum;2021-06-01;6;2021-06-05;1;ter plaatse;onbekend;imago;Man;223489.0099935461;188507.42714652792;5.41574573516846;51.0021171569824;FS6952;Zonhoven - Teut;Zonhoven;Zonhoven;Limburg;ObsMapp;J;Goedgekeurd op basis van expertoordeel;2007-01-01;4;;4;Libellen;Coenagrionidae;2026-07-08;591;S;zeer zeldzaam
243930676;243930676;Speerwaterjuffer;Coenagrion hastulatum;2022-06-02;6;2022-06-02;1;ter plaatse;gezien;imago;Man;223574.4513722817;188605.8238110887;5.41698265075684;51.0029907226563;FS6952;Zonhoven - Teut;Zonhoven;Zonhoven;Limburg;ObsMapp;J;Goedgekeurd op basis van expertoordeel;2007-01-01;3;;3;Libellen;Coenagrionidae;2026-07-08;591;S;zeer zeldzaam
215976647;215976647:2206984;Speerwaterjuffer;Coenagrion hastulatum;2021-06-01;6;2021-06-05;1;tandem;onbekend;imago;Vrouw;223495.14262818292;188516.4263330754;5.41583490371704;51.002197265625;FS6952;Zonhoven - Teut;Zonhoven;Zonhoven;Limburg;ObsMapp;J;Goedgekeurd op basis van expertoordeel;2007-01-01;4;;4;Libellen;Coenagrionidae;2026-07-08;591;S;zeer zeldzaam
243930674;243930674;Speerwaterjuffer;Coenagrion hastulatum;2022-06-02;6;2022-06-02;2;in copula;gezien;imago;onbekend;223571.81350080745;188605.36213393696;5.41694498062134;51.002986907959;FS6952;Zonhoven - Teut;Zonhoven;Zonhoven;Limburg;ObsMapp;J;Goedgekeurd op basis van expertoordeel;2007-01-01;3;;3;Libellen;Coenagrionidae;2026-07-08;591;S;zeer zeldzaam
215976647;215976647:2206983;Speerwaterjuffer;Coenagrion hastulatum;2021-06-01;6;2021-06-05;1;tandem;onbekend;imago;Man;223495.14262818292;188516.4263330754;5.41583490371704;51.002197265625;FS6952;Zonhoven - Teut;Zonhoven;Zonhoven;Limburg;ObsMapp;J;Goedgekeurd op basis van expertoordeel;2007-01-01;4;;4;Libellen;Coenagrionidae;2026-07-08;591;S;zeer zeldzaam
215976644;215976644:2206980;Speerwaterjuffer;Coenagrion hastulatum;2021-06-01;6;2021-06-05;1;tandem;onbekend;imago;Vrouw;223500.1613111448;188523.71215900127;5.41590785980225;51.0022621154785;FS6952;Zonhoven - Teut;Zonhoven;Zonhoven;Limburg;ObsMapp;J;Goedgekeurd op basis van expertoordeel;2007-01-01;4;;4;Libellen;Coenagrionidae;2026-07-08;591;S;zeer zeldzaam
215976644;215976644:2206979;Speerwaterjuffer;Coenagrion hastulatum;2021-06-01;6;2021-06-05;1;tandem;onbekend;imago;Man;223500.1613111448;188523.71215900127;5.41590785980225;51.0022621154785;FS6952;Zonhoven - Teut;Zonhoven;Zonhoven;Limburg;ObsMapp;J;Goedgekeurd op basis van expertoordeel;2007-01-01;4;;4;Libellen;Coenagrionidae;2026-07-08;591;S;zeer zeldzaam
309591187;309591187;Speerwaterjuffer;Coenagrion hastulatum;2024-05-13;5;2024-05-14;1;ter plaatse;gezien;imago;Man;223433.8267290172;188461.2367193885;5.414950370788574;51.001708984375;FS6952;Zonhoven - Teut;Zonhoven;Zonhoven;Limburg;ObsMapp;J;Goedgekeurd op basis van expertoordeel;2025-06-13;3;;3;Libellen;Coenagrionidae;2026-07-08;591;S;zeer zeldzaam
215976640;215976640;Speerwaterjuffer;Coenagrion hastulatum;2021-06-01;6;2021-06-05;1;ter plaatse;onbekend;imago;Man;223505.46674028103;188534.39733197168;5.41598558425903;51.0023574829102;FS6952;Zonhoven - Teut;Zonhoven;Zonhoven;Limburg;ObsMapp;J;Goedgekeurd op basis van expertoordeel;2007-01-01;4;;4;Libellen;Coenagrionidae;2026-07-08;591;S;zeer zeldzaam
243930673;243930673;Speerwaterjuffer;Coenagrion hastulatum;2022-06-02;6;2022-06-02;2;ter plaatse;gezien;imago;Man;223571.81350080745;188605.36213393696;5.41694498062134;51.002986907959;FS6952;Zonhoven - Teut;Zonhoven;Zonhoven;Limburg;ObsMapp;J;Goedgekeurd op basis van expertoordeel;2007-01-01;3;;3;Libellen;Coenagrionidae;2026-07-08;591;S;zeer zeldzaam
215976639;215976639:2206974;Speerwaterjuffer;Coenagrion hastulatum;2021-06-01;6;2021-06-05;1;in copula;onbekend;onbekend;Vrouw;223505.6220980916;188535.24834835995;5.41598796844482;51.0023651123047;FS6952;Zonhoven - Teut;Zonhoven;Zonhoven;Limburg;ObsMapp;J;Goedgekeurd op basis van expertoordeel;2007-01-01;4;;4;Libellen;Coenagrionidae;2026-07-08;591;S;zeer zeldzaam
215976639;215976639:2206973;Speerwaterjuffer;Coenagrion hastulatum;2021-06-01;6;2021-06-05;1;in copula;onbekend;onbekend;Man;223505.6220980916;188535.24834835995;5.41598796844482;51.0023651123047;FS6952;Zonhoven - Teut;Zonhoven;Zonhoven;Limburg;ObsMapp;J;Goedgekeurd op basis van expertoordeel;2007-01-01;4;;4;Libellen;Coenagrionidae;2026-07-08;591;S;zeer zeldzaam
192620777;192620777;Speerwaterjuffer;Coenagrion hastulatum;2020-05-27;5;2020-05-28;1;ter plaatse;gezien;imago;Man;223525.71186805336;188537.2295780778;5.4162745475769;51.0023803710938;FS6952;Zonhoven - Teut;Zonhoven;Zonhoven;Limburg;ObsMapp;J;Goedgekeurd op basis van expertoordeel;2007-01-01;4;;25;Libellen;Coenagrionidae;2026-07-08;591;S;zeer zeldzaam
215976632;215976632:2206968;Speerwaterjuffer;Coenagrion hastulatum;2021-06-01;6;2021-06-05;1;tandem;onbekend;imago;Vrouw;223516.77824594305;188546.4405248696;5.4161491394043;51.0024642944336;FS6952;Zonhoven - Teut;Zonhoven;Zonhoven;Limburg;ObsMapp;J;Goedgekeurd op basis van expertoordeel;2007-01-01;4;;4;Libellen;Coenagrionidae;2026-07-08;591;S;zeer zeldzaam
215976632;215976632:2206967;Speerwaterjuffer;Coenagrion hastulatum;2021-06-01;6;2021-06-05;1;tandem;onbekend;imago;Man;223516.77824594305;188546.4405248696;5.4161491394043;51.0024642944336;FS6952;Zonhoven - Teut;Zonhoven;Zonhoven;Limburg;ObsMapp;J;Goedgekeurd op basis van expertoordeel;2007-01-01;4;;4;Libellen;Coenagrionidae;2026-07-08;591;S;zeer zeldzaam
243930672;243930672;Speerwaterjuffer;Coenagrion hastulatum;2022-06-02;6;2022-06-02;1;ter plaatse;gezien;imago;Man;223586.6496968557;188611.93792232312;5.4171576499939;51.003044128418;FS6952;Zonhoven - Teut;Zonhoven;Zonhoven;Limburg;ObsMapp;J;Goedgekeurd op basis van expertoordeel;2007-01-01;3;;3;Libellen;Coenagrionidae;2026-07-08;591;S;zeer zeldzaam
243930663;243930663;Speerwaterjuffer;Coenagrion hastulatum;2022-06-02;6;2022-06-02;1;ter plaatse;gezien;imago;Man;223585.35845583785;188620.40791866183;5.41714096069336;51.0031204223633;FS6952;Zonhoven - Teut;Zonhoven;Zonhoven;Limburg;ObsMapp;J;Goedgekeurd op basis van expertoordeel;2007-01-01;3;;3;Libellen;Coenagrionidae;2026-07-08;591;S;zeer zeldzaam
243930662;243930662;Speerwaterjuffer;Coenagrion hastulatum;2022-06-02;6;2022-06-02;1;ter plaatse;gezien;imago;Man;223595.49533897027;188618.42909585405;5.41728496551514;51.003101348877;FS6952;Zonhoven - Teut;Zonhoven;Zonhoven;Limburg;ObsMapp;J;Goedgekeurd op basis van expertoordeel;2007-01-01;3;;3;Libellen;Coenagrionidae;2026-07-08;591;S;zeer zeldzaam
192620787;192620787:1805899;Speerwaterjuffer;Coenagrion hastulatum;2020-05-27;5;2020-05-28;1;in copula;gezien;imago;Vrouw;224331.360004781;190797.212342402;5.42821073532104;51.022590637207;FS7055;Houthalen-Helchteren - Huttebeek;Houthalen-Helchteren;Houthalen;Limburg;ObsMapp;J;Goedgekeurd op basis van expertoordeel;2007-01-01;4;;25;Libellen;Coenagrionidae;2026-07-08;591;S;zeer zeldzaam
275214192;275214192;Speerwaterjuffer;Coenagrion hastulatum;2023-06-06;6;2023-06-07;4;ter plaatse;onbekend;imago;Man;224298.4605341179;190840.03308836464;5.42775058746338;51.0229797363281;FS7055;Houthalen-Helchteren - Huttebeek;Houthalen-Helchteren;Houthalen;Limburg;Meetnetten.be;J;Goedgekeurd op basis van expertoordeel;2024-06-04;3;meetnetten.be: life stage: imago_ activity: present;10;Libellen;Coenagrionidae;2026-07-08;591;S;zeer zeldzaam
215976631;215976631:2206966;Speerwaterjuffer;Coenagrion hastulatum;2021-06-01;6;2021-06-05;1;tandem;onbekend;imago;Vrouw;223520.6639386744;188548.61743615568;5.41620492935181;51.0024833679199;FS6952;Zonhoven - Teut;Zonhoven;Zonhoven;Limburg;ObsMapp;J;Goedgekeurd op basis van expertoordeel;2007-01-01;4;;4;Libellen;Coenagrionidae;2026-07-08;591;S;zeer zeldzaam
192569711;192569711;Speerwaterjuffer;Coenagrion hastulatum;2020-05-27;5;2020-05-27;1;ter plaatse;onbekend;onbekend;Man;224355.9945528008;190883.2961247014;5.42857933044434;51.0233612060547;FS7055;Houthalen-Helchteren - Huttebeek;Houthalen-Helchteren;Houthalen;Limburg;Meetnetten.be;J;Goedgekeurd op basis van expertoordeel;2021-05-26;3;meetnetten.be: levensfase: imago_ activiteit: ter plaatse;10;Libellen;Coenagrionidae;2026-07-08;591;S;zeer zeldzaam
313818344;313818344;Speerwaterjuffer;Coenagrion hastulatum;2024-06-06;6;2024-06-09;1;ter plaatse;gezien;imago;Man;224234.2003639469;190986.81300864927;5.4268646240234375;51.02430725097656;FS7055;Houthalen-Helchteren - Huttebeek;Houthalen-Helchteren;Houthalen;Limburg;ObsMapp;J;Goedgekeurd op basis van expertoordeel;2025-06-06;3;;7;Libellen;Coenagrionidae;2026-07-08;591;S;zeer zeldzaam
215976631;215976631:2206965;Speerwaterjuffer;Coenagrion hastulatum;2021-06-01;6;2021-06-05;1;tandem;onbekend;imago;Man;223520.6639386744;188548.61743615568;5.41620492935181;51.0024833679199;FS6952;Zonhoven - Teut;Zonhoven;Zonhoven;Limburg;ObsMapp;J;Goedgekeurd op basis van expertoordeel;2007-01-01;4;;4;Libellen;Coenagrionidae;2026-07-08;591;S;zeer zeldzaam
215976630;215976630;Speerwaterjuffer;Coenagrion hastulatum;2021-06-01;6;2021-06-05;1;ter plaatse;onbekend;imago;Man;223520.79780676728;188548.6193259405;5.41620683670044;51.0024833679199;FS6952;Zonhoven - Teut;Zonhoven;Zonhoven;Limburg;ObsMapp;J;Goedgekeurd op basis van expertoordeel;2007-01-01;4;;4;Libellen;Coenagrionidae;2026-07-08;591;S;zeer zeldzaam
192569552;192569552;Speerwaterjuffer;Coenagrion hastulatum;2020-05-27;5;2020-05-27;1;ter plaatse;onbekend;onbekend;Man;224335.70329070627;190807.0359201571;5.42827463150024;51.0226783752441;FS7055;Houthalen-Helchteren - Huttebeek;Houthalen-Helchteren;Houthalen;Limburg;Meetnetten.be;J;Goedgekeurd op basis van expertoordeel;2021-05-26;3;meetnetten.be: levensfase: imago_ activiteit: ter plaatse;10;Libellen;Coenagrionidae;2026-07-08;591;S;zeer zeldzaam
215976629;215976629;Speerwaterjuffer;Coenagrion hastulatum;2021-06-01;6;2021-06-05;1;ter plaatse;onbekend;imago;Man;223520.93167486004;188548.62121572625;5.41620874404907;51.0024833679199;FS6952;Zonhoven - Teut;Zonhoven;Zonhoven;Limburg;ObsMapp;J;Goedgekeurd op basis van expertoordeel;2007-01-01;4;;4;Libellen;Coenagrionidae;2026-07-08;591;S;zeer zeldzaam
275214076;275214076;Speerwaterjuffer;Coenagrion hastulatum;2023-06-06;6;2023-06-07;1;ter plaatse;onbekend;imago;Man;223336.964267968;188431.8607116267;5.41356468200684;51.0014572143555;FS6952;Zonhoven - Teut;Zonhoven;Zonhoven;Limburg;Meetnetten.be;J;Goedgekeurd op basis van expertoordeel;2024-06-04;3;meetnetten.be: life stage: imago_ activity: present;10;Libellen;Coenagrionidae;2026-07-08;591;S;zeer zeldzaam
215976621;215976621:2206960;Speerwaterjuffer;Coenagrion hastulatum;2021-06-01;6;2021-06-05;1;tandem;onbekend;imago;Vrouw;223557.83636660015;188575.88027505204;5.41673994064331;51.0027236938477;FS6952;Zonhoven - Teut;Zonhoven;Zonhoven;Limburg;ObsMapp;J;Goedgekeurd op basis van expertoordeel;2007-01-01;4;;4;Libellen;Coenagrionidae;2026-07-08;591;S;zeer zeldzaam
215976621;215976621:2206959;Speerwaterjuffer;Coenagrion hastulatum;2021-06-01;6;2021-06-05;1;tandem;onbekend;imago;Man;223557.83636660015;188575.88027505204;5.41673994064331;51.0027236938477;FS6952;Zonhoven - Teut;Zonhoven;Zonhoven;Limburg;ObsMapp;J;Goedgekeurd op basis van expertoordeel;2007-01-01;4;;4;Libellen;Coenagrionidae;2026-07-08;591;S;zeer zeldzaam
191886536;191886536;Speerwaterjuffer;Coenagrion hastulatum;2020-05-20;5;2020-05-20;1;ter plaatse;gezien;imago;Man;224330.9272431219;190780.65395292733;5.42820119857788;51.0224418640137;FS7055;Houthalen-Helchteren - Huttebeek;Houthalen-Helchteren;Houthalen;Limburg;ObsMapp;J;Goedgekeurd op basis van expertoordeel;2007-01-01;3;;25;Libellen;Coenagrionidae;2026-07-08;591;S;zeer zeldzaam
191886540;191886540;Speerwaterjuffer;Coenagrion hastulatum;2020-05-20;5;2020-05-20;1;ter plaatse;gezien;imago;Man;224353.7339600796;190802.62484467588;5.4285306930542;51.0226364135742;FS7055;Houthalen-Helchteren - Huttebeek;Houthalen-Helchteren;Houthalen;Limburg;ObsMapp;J;Goedgekeurd op basis van expertoordeel;2007-01-01;3;;25;Libellen;Coenagrionidae;2026-07-08;591;S;zeer zeldzaam
192569701;192569701;Speerwaterjuffer;Coenagrion hastulatum;2020-05-27;5;2020-05-27;1;ter plaatse;onbekend;onbekend;Man;224356.93995063147;190875.6701440066;5.42859125137329;51.0232925415039;FS7055;Houthalen-Helchteren - Huttebeek;Houthalen-Helchteren;Houthalen;Limburg;Meetnetten.be;J;Goedgekeurd op basis van expertoordeel;2021-05-26;3;meetnetten.be: levensfase: imago_ activiteit: ter plaatse;10;Libellen;Coenagrionidae;2026-07-08;591;S;zeer zeldzaam
405209778;405209778;Speerwaterjuffer;Coenagrion hastulatum;2026-06-15;6;2026-06-15;1;ter plaatse;onbekend;imago;Man;223438.8809572645;188482.80457257945;5.4150267;51.0019022;FS6952;Zonhoven - Teut;Zonhoven;Zonhoven;Limburg;ObsIdentify;J;Goedgekeurd op basis van bewijsmateriaal;1980-01-01;4;;999;Libellen;Coenagrionidae;2026-07-08;591;S;zeer zeldzaam
246053598;246053598;Speerwaterjuffer;Coenagrion hastulatum;2022-06-18;6;2022-06-19;1;ter plaatse;onbekend;imago;Man;223795.93271900105;190558.4413998937;5.420532;51.020513;FS6954;Houthalen - Tenhaagdoornheide;Houthalen-Helchteren;Houthalen;Limburg;Site;J;Goedgekeurd op basis van bewijsmateriaal;1980-01-01;4;;25;Libellen;Coenagrionidae;2026-07-08;591;S;zeer zeldzaam
350994779;350994779;Speerwaterjuffer;Coenagrion hastulatum;2025-05-17;5;2025-05-17;1;ter plaatse;onbekend;imago;Man;224360.38567929395;190804.1622996386;5.428625801194679;51.02264937844199;FS7055;Houthalen-Helchteren - Huttebeek;Houthalen-Helchteren;Houthalen;Limburg;iObs;J;Goedgekeurd op basis van bewijsmateriaal;1980-01-01;4;;6;Libellen;Coenagrionidae;2026-07-08;591;S;zeer zeldzaam
214271646;214271646:2181627;Speerwaterjuffer;Coenagrion hastulatum;2021-05-20;5;2021-05-20;3;ter plaatse;gezien;imago, niet uitgekleurd;Vrouw;224299.82298170545;190830.1799054155;5.427768;51.022891;FS7055;Houthalen-Helchteren - Huttebeek;Houthalen-Helchteren;Houthalen;Limburg;Site;J;Goedgekeurd op basis van bewijsmateriaal;1980-01-01;3;;10;Libellen;Coenagrionidae;2026-07-08;591;S;zeer zeldzaam
241359256;241359256;Speerwaterjuffer;Coenagrion hastulatum;2022-05-13;5;2022-05-13;1;ter plaatse;gezien;imago;Man;223021.45813069644;188114.6608787468;5.409007;50.998646;FS6952;Zonhoven - Teut;Zonhoven;Zonhoven;Limburg;Site;J;Goedgekeurd op basis van bewijsmateriaal;1980-01-01;3;;25;Libellen;Coenagrionidae;2026-07-08;591;S;zeer zeldzaam
350269898;350269898;Speerwaterjuffer;Coenagrion hastulatum;2025-05-13;5;2025-05-13;1;ter plaatse;gezien;imago;Man;223423.0856948351;188479.33316573597;5.414801000000011;51.001873;FS6952;Zonhoven - Teut;Zonhoven;Zonhoven;Limburg;Site;J;Goedgekeurd op basis van bewijsmateriaal;2026-05-31;3;;60;Libellen;Coenagrionidae;2026-07-08;591;S;zeer zeldzaam
296502565;296502565;Speerwaterjuffer;Coenagrion hastulatum;2022-05-15;5;2024-01-14;1;ter plaatse;onbekend;imago;Man;224304.46350865345;190840.23892505743;5.427836179733276;51.02298081631423;FS7055;Houthalen-Helchteren - Huttebeek;Houthalen-Helchteren;Houthalen;Limburg;Site;J;Goedgekeurd op basis van bewijsmateriaal;1980-01-01;3;serieus? ging die dag noordse witsnuit zoeken__wat een verrassing :);7;Libellen;Coenagrionidae;2026-07-08;591;S;zeer zeldzaam
296502349;296502349;Speerwaterjuffer;Coenagrion hastulatum;2022-05-15;5;2024-01-14;1;ter plaatse;onbekend;imago;Man;224338.82707039645;190806.191310958;5.428318977355957;51.02267038287109;FS7055;Houthalen-Helchteren - Huttebeek;Houthalen-Helchteren;Houthalen;Limburg;Site;J;Goedgekeurd op basis van bewijsmateriaal;1980-01-01;3;;7;Libellen;Coenagrionidae;2026-07-08;591;S;zeer zeldzaam
215472597;215472597;Speerwaterjuffer;Coenagrion hastulatum;2021-05-29;5;2021-05-31;1;ter plaatse;onbekend;imago, niet uitgekleurd;Man;224307.6368535616;190823.50469551608;5.427878;51.02283;FS7055;Houthalen-Helchteren - Huttebeek;Houthalen-Helchteren;Houthalen;Limburg;Site;J;Goedgekeurd op basis van bewijsmateriaal;1980-01-01;3;;25;Libellen;Coenagrionidae;2026-07-08;591;S;zeer zeldzaam
242387148;242387148;Speerwaterjuffer;Coenagrion hastulatum;2022-05-21;5;2022-05-21;1;ter plaatse;onbekend;imago;Man;224224.60793502035;190982.3092390709;5.426727;51.024268;FS7055;Houthalen-Helchteren - Huttebeek;Houthalen-Helchteren;Houthalen;Limburg;Site;J;Goedgekeurd op basis van bewijsmateriaal;1980-01-01;3;;25;Libellen;Coenagrionidae;2026-07-08;591;S;zeer zeldzaam
350269584;350269584:3913799;Speerwaterjuffer;Coenagrion hastulatum;2025-05-13;5;2025-05-13;1;tandem;gezien;imago;Vrouw;223423.0856948351;188479.33316573597;5.414801000000011;51.001873;FS6952;Zonhoven - Teut;Zonhoven;Zonhoven;Limburg;Site;J;Goedgekeurd op basis van bewijsmateriaal;2026-05-31;3;;60;Libellen;Coenagrionidae;2026-07-08;591;S;zeer zeldzaam
216773626;216773626;Speerwaterjuffer;Coenagrion hastulatum;2021-06-12;6;2021-06-12;6;ter plaatse;gezien;imago;Man;224226.4826589528;190978.7757125683;5.426753;51.024236;FS7055;Houthalen-Helchteren - Huttebeek;Houthalen-Helchteren;Houthalen;Limburg;Site;J;Goedgekeurd op basis van bewijsmateriaal;1980-01-01;3;;7;Libellen;Coenagrionidae;2026-07-08;591;S;zeer zeldzaam
350265936;350265936;Speerwaterjuffer;Coenagrion hastulatum;2025-05-13;5;2025-05-13;1;ter plaatse;gezien;imago;Man;223682.073610062;190189.34456137568;5.418834999999945;51.01721;FS6954;Houthalen - Tenhaagdoornheide;Houthalen-Helchteren;Houthalen;Limburg;Site;J;Goedgekeurd op basis van bewijsmateriaal;2026-05-31;3;;120;Libellen;Coenagrionidae;2026-07-08;591;S;zeer zeldzaam
350266123;350266123;Speerwaterjuffer;Coenagrion hastulatum;2025-05-13;5;2025-05-13;1;ter plaatse;gezien;imago;Man;223682.073610062;190189.34456137568;5.418834999999945;51.01721;FS6954;Houthalen - Tenhaagdoornheide;Houthalen-Helchteren;Houthalen;Limburg;Site;J;Goedgekeurd op basis van bewijsmateriaal;2026-05-31;3;;120;Libellen;Coenagrionidae;2026-07-08;591;S;zeer zeldzaam
350268225;350268225;Speerwaterjuffer;Coenagrion hastulatum;2025-05-13;5;2025-05-13;1;ter plaatse;gezien;imago;Man;223423.0601412472;188479.3726555854;5.414800643920898;51.001873358180696;FS6952;Zonhoven - Teut;Zonhoven;Zonhoven;Limburg;Site;J;Goedgekeurd op basis van bewijsmateriaal;2026-05-31;3;;60;Libellen;Coenagrionidae;2026-07-08;591;S;zeer zeldzaam
350268391;350268391:3913765;Speerwaterjuffer;Coenagrion hastulatum;2025-05-13;5;2025-05-13;1;tandem;gezien;imago;Man;223423.0856948351;188479.33316573597;5.414801000000011;51.001873;FS6952;Zonhoven - Teut;Zonhoven;Zonhoven;Limburg;Site;J;Goedgekeurd op basis van bewijsmateriaal;2026-05-31;3;;60;Libellen;Coenagrionidae;2026-07-08;591;S;zeer zeldzaam
308582690;308582690;Speerwaterjuffer;Coenagrion hastulatum;2024-05-09;5;2024-05-09;1;ter plaatse;gezien;imago;Vrouw;222871.0241116379;188315.3754081028;5.406904220581055;51.00046900356811;FS6852;Zonhoven - Teut;Zonhoven;Zonhoven;Limburg;Site;J;Goedgekeurd op basis van bewijsmateriaal;1980-01-01;3;;30;Libellen;Coenagrionidae;2026-07-08;591;S;zeer zeldzaam
350268391;350268391:3913766;Speerwaterjuffer;Coenagrion hastulatum;2025-05-13;5;2025-05-13;1;tandem;gezien;imago;Vrouw;223423.0856948351;188479.33316573597;5.414801000000011;51.001873;FS6952;Zonhoven - Teut;Zonhoven;Zonhoven;Limburg;Site;J;Goedgekeurd op basis van bewijsmateriaal;2026-05-31;3;;60;Libellen;Coenagrionidae;2026-07-08;591;S;zeer zeldzaam
350268529;350268529:3913769;Speerwaterjuffer;Coenagrion hastulatum;2025-05-13;5;2025-05-13;1;tandem;gezien;imago;Man;223423.0856948351;188479.33316573597;5.414801000000011;51.001873;FS6952;Zonhoven - Teut;Zonhoven;Zonhoven;Limburg;Site;J;Goedgekeurd op basis van bewijsmateriaal;2026-05-31;3;;60;Libellen;Coenagrionidae;2026-07-08;591;S;zeer zeldzaam
351559693;351559693;Speerwaterjuffer;Coenagrion hastulatum;2025-05-20;5;2025-05-20;1;ter plaatse;onbekend;imago;Man;223820.14687222376;190751.50778315216;5.4209160804748535;51.022245220652;FS6955;Houthalen - Tenhaagdoornheide;Houthalen-Helchteren;Houthalen;Limburg;Site;J;Goedgekeurd op basis van bewijsmateriaal;1980-01-01;3;Vlak naast het pad;4;Libellen;Coenagrionidae;2026-07-08;591;S;zeer zeldzaam
350268529;350268529:3913770;Speerwaterjuffer;Coenagrion hastulatum;2025-05-13;5;2025-05-13;1;tandem;gezien;imago;Vrouw;223423.0856948351;188479.33316573597;5.414801000000011;51.001873;FS6952;Zonhoven - Teut;Zonhoven;Zonhoven;Limburg;Site;J;Goedgekeurd op basis van bewijsmateriaal;2026-05-31;3;;60;Libellen;Coenagrionidae;2026-07-08;591;S;zeer zeldzaam
309382182;309382182;Speerwaterjuffer;Coenagrion hastulatum;2024-05-13;5;2024-05-13;1;ter plaatse;gezien;imago;Man;223397.5793388066;188438.30032268632;5.414429425800336;51.0015074199957;FS6952;Zonhoven - Teut;Zonhoven;Zonhoven;Limburg;Site;J;Goedgekeurd op basis van bewijsmateriaal;1980-01-01;3;;7;Libellen;Coenagrionidae;2026-07-08;591;S;zeer zeldzaam
350268731;350268731:3913784;Speerwaterjuffer;Coenagrion hastulatum;2025-05-13;5;2025-05-13;1;tandem;gezien;imago;Man;223423.0856948351;188479.33316573597;5.414801000000011;51.001873;FS6952;Zonhoven - Teut;Zonhoven;Zonhoven;Limburg;Site;J;Goedgekeurd op basis van bewijsmateriaal;2026-05-31;3;;60;Libellen;Coenagrionidae;2026-07-08;591;S;zeer zeldzaam
214271646;214271646:2181626;Speerwaterjuffer;Coenagrion hastulatum;2021-05-20;5;2021-05-20;2;ter plaatse;gezien;imago, niet uitgekleurd;Man;224299.82298170545;190830.1799054155;5.427768;51.022891;FS7055;Houthalen-Helchteren - Huttebeek;Houthalen-Helchteren;Houthalen;Limburg;Site;J;Goedgekeurd op basis van bewijsmateriaal;1980-01-01;3;;10;Libellen;Coenagrionidae;2026-07-08;591;S;zeer zeldzaam
350268731;350268731:3913785;Speerwaterjuffer;Coenagrion hastulatum;2025-05-13;5;2025-05-13;1;tandem;gezien;imago;Vrouw;223423.0856948351;188479.33316573597;5.414801000000011;51.001873;FS6952;Zonhoven - Teut;Zonhoven;Zonhoven;Limburg;Site;J;Goedgekeurd op basis van bewijsmateriaal;2026-05-31;3;;60;Libellen;Coenagrionidae;2026-07-08;591;S;zeer zeldzaam
350994774;350994774;Speerwaterjuffer;Coenagrion hastulatum;2025-05-17;5;2025-05-17;1;ter plaatse;onbekend;imago;Man;224313.71858022883;190833.1520477077;5.427966635098564;51.022915931223416;FS7055;Houthalen-Helchteren - Huttebeek;Houthalen-Helchteren;Houthalen;Limburg;iObs;J;Goedgekeurd op basis van bewijsmateriaal;1980-01-01;4;;7;Libellen;Coenagrionidae;2026-07-08;591;S;zeer zeldzaam
350269584;350269584:3913798;Speerwaterjuffer;Coenagrion hastulatum;2025-05-13;5;2025-05-13;1;tandem;gezien;imago;Man;223423.0856948351;188479.33316573597;5.414801000000011;51.001873;FS6952;Zonhoven - Teut;Zonhoven;Zonhoven;Limburg;Site;J;Goedgekeurd op basis van bewijsmateriaal;2026-05-31;3;;60;Libellen;Coenagrionidae;2026-07-08;591;S;zeer zeldzaam
351615869;351615869;Speerwaterjuffer;Coenagrion hastulatum;2025-05-20;5;2025-05-20;1;ter plaatse;onbekend;imago;Vrouw;223404.39494721856;188521.17450222743;5.414543151855469;51.002251446390346;FS6952;Zonhoven - Teut;Zonhoven;Zonhoven;Limburg;Site;J;Goedgekeurd op basis van bewijsmateriaal;1980-01-01;3;Kan ook azuur of watersnuffel zijn. Kleine kans speerwaterjuffer 19% maar wel in zijn biotoop.;30;Libellen;Coenagrionidae;2026-07-08;591;S;zeer zeldzaam
215224091;215224091;Speerwaterjuffer;Coenagrion hastulatum;2021-05-29;5;2021-05-29;3;ter plaatse;onbekend;imago;Man;224308.57397855903;190816.84259093087;5.42789;51.02277;FS7055;Houthalen-Helchteren - Huttebeek;Houthalen-Helchteren;Houthalen;Limburg;Site;J;Goedgekeurd op basis van bewijsmateriaal;1980-01-01;4;;25;Libellen;Coenagrionidae;2026-07-08;591;S;zeer zeldzaam
215951097;215951097;Speerwaterjuffer;Coenagrion hastulatum;2021-05-30;5;2021-06-05;1;ter plaatse;onbekend;onbekend;Man;223512.66390047583;188479.15045347065;5.416077;51.00186;FS6952;Zonhoven - Teut;Zonhoven;Zonhoven;Limburg;Site;J;Goedgekeurd op basis van expertoordeel;1980-01-01;3;;15;Libellen;Coenagrionidae;2026-07-08;591;S;zeer zeldzaam
215159363;215159363;Speerwaterjuffer;Coenagrion hastulatum;2021-05-29;5;2021-05-29;1;ter plaatse;gezien;imago;onbekend;224308.47712333727;190823.6279476108;5.42789;51.022831;FS7055;Houthalen-Helchteren - Huttebeek;Houthalen-Helchteren;Houthalen;Limburg;ObsMapp;J;Goedgekeurd op basis van bewijsmateriaal;2007-01-01;3;;25;Libellen;Coenagrionidae;2026-07-08;591;S;zeer zeldzaam
215159362;215159362;Speerwaterjuffer;Coenagrion hastulatum;2021-05-29;5;2021-05-29;1;ter plaatse;gezien;imago;onbekend;224307.5524088248;190824.5048123412;5.427877;51.022839;FS7055;Houthalen-Helchteren - Huttebeek;Houthalen-Helchteren;Houthalen;Limburg;ObsMapp;J;Goedgekeurd op basis van bewijsmateriaal;2007-01-01;3;;25;Libellen;Coenagrionidae;2026-07-08;591;S;zeer zeldzaam
312209863;312209863;Speerwaterjuffer;Coenagrion hastulatum;2024-05-23;5;2024-05-30;2;in copula;gezien;imago;onbekend;224219.0294540681;190997.2070829235;5.426650524139404;51.0244026184082;FS7055;Houthalen-Helchteren - Huttebeek;Houthalen-Helchteren;Houthalen;Limburg;Observation;J;Goedgekeurd op basis van expertoordeel;1980-01-01;3;;5;Libellen;Coenagrionidae;2026-07-08;591;S;zeer zeldzaam
215603062;215603062;Speerwaterjuffer;Coenagrion hastulatum;2021-06-01;6;2021-06-01;1;ter plaatse;gezien;imago;Man;225338.3131596992;188364.50891333816;5.44205951690674;51.0005950927734;FS7152;Zonhoven - Teut;Zonhoven;Zonhoven;Limburg;ObsMapp;J;Goedgekeurd op basis van expertoordeel;2007-01-01;3;;3;Libellen;Coenagrionidae;2026-07-08;591;S;zeer zeldzaam
215603060;215603060;Speerwaterjuffer;Coenagrion hastulatum;2021-06-01;6;2021-06-01;1;in copula;gezien;imago;onbekend;225330.2611465516;188400.46761590336;5.44195222854614;51.000919342041;FS7152;Zonhoven - Teut;Zonhoven;Zonhoven;Limburg;ObsMapp;J;Goedgekeurd op basis van expertoordeel;2007-01-01;3;;3;Libellen;Coenagrionidae;2026-07-08;591;S;zeer zeldzaam
215603059;215603059;Speerwaterjuffer;Coenagrion hastulatum;2021-06-01;6;2021-06-01;2;ter plaatse;gezien;imago;Man;225329.7591269299;188400.4603549298;5.44194507598877;51.000919342041;FS7152;Zonhoven - Teut;Zonhoven;Zonhoven;Limburg;ObsMapp;J;Goedgekeurd op basis van expertoordeel;2007-01-01;3;;3;Libellen;Coenagrionidae;2026-07-08;591;S;zeer zeldzaam
215603058;215603058;Speerwaterjuffer;Coenagrion hastulatum;2021-06-01;6;2021-06-01;1;ter plaatse;gezien;imago;Man;225325.6693272635;188405.4941690685;5.44188785552979;51.0009651184082;FS7152;Zonhoven - Teut;Zonhoven;Zonhoven;Limburg;ObsMapp;J;Goedgekeurd op basis van expertoordeel;2007-01-01;3;;2;Libellen;Coenagrionidae;2026-07-08;591;S;zeer zeldzaam
215603055;215603055;Speerwaterjuffer;Coenagrion hastulatum;2021-06-01;6;2021-06-01;2;ter plaatse;gezien;imago;Man;225321.0022248063;188404.15343090985;5.44182109832764;51.0009536743164;FS7152;Zonhoven - Teut;Zonhoven;Zonhoven;Limburg;ObsMapp;J;Goedgekeurd op basis van expertoordeel;2007-01-01;3;;2;Libellen;Coenagrionidae;2026-07-08;591;S;zeer zeldzaam
215603052;215603052;Speerwaterjuffer;Coenagrion hastulatum;2021-06-01;6;2021-06-01;1;ter plaatse;gezien;imago;Man;225298.7983144055;188346.9609328816;5.44149303436279;51.0004425048828;FS7152;Zonhoven - Teut;Zonhoven;Zonhoven;Limburg;ObsMapp;J;Goedgekeurd op basis van expertoordeel;2007-01-01;3;;3;Libellen;Coenagrionidae;2026-07-08;591;S;zeer zeldzaam
192581637;192581637;Speerwaterjuffer;Coenagrion hastulatum;2020-05-27;5;2020-05-27;1;ter plaatse;gezien;imago;onbekend;223315.93174877687;188375.54227707532;5.41325378417969;51.0009536743164;FS6952;Zonhoven - Teut;Zonhoven;Zonhoven;Limburg;ObsMapp;J;Goedgekeurd op basis van expertoordeel;2007-01-01;3;;25;Libellen;Coenagrionidae;2026-07-08;591;S;zeer zeldzaam
192581638;192581638;Speerwaterjuffer;Coenagrion hastulatum;2020-05-27;5;2020-05-27;1;in copula;gezien;imago;onbekend;223315.8648125072;188375.5413348144;5.41325283050537;51.0009536743164;FS6952;Zonhoven - Teut;Zonhoven;Zonhoven;Limburg;ObsMapp;J;Goedgekeurd op basis van expertoordeel;2007-01-01;3;;25;Libellen;Coenagrionidae;2026-07-08;591;S;zeer zeldzaam
312209910;312209910;Speerwaterjuffer;Coenagrion hastulatum;2024-05-23;5;2024-05-30;1;ter plaatse;gezien;imago;Man;224228.05421534955;190983.75445561763;5.42677640914917;51.0242805480957;FS7055;Houthalen-Helchteren - Huttebeek;Houthalen-Helchteren;Houthalen;Limburg;Observation;J;Goedgekeurd op basis van expertoordeel;1980-01-01;3;;5;Libellen;Coenagrionidae;2026-07-08;591;S;zeer zeldzaam
312209859;312209859;Speerwaterjuffer;Coenagrion hastulatum;2024-05-23;5;2024-05-30;1;ter plaatse;gezien;imago;Man;224216.57896910363;191004.8116300348;5.42661714553833;51.02447128295898;FS7055;Houthalen-Helchteren - Huttebeek;Houthalen-Helchteren;Houthalen;Limburg;Observation;J;Goedgekeurd op basis van expertoordeel;1980-01-01;3;;5;Libellen;Coenagrionidae;2026-07-08;591;S;zeer zeldzaam
312209949;312209949;Speerwaterjuffer;Coenagrion hastulatum;2024-05-23;5;2024-05-30;2;in copula;gezien;imago;Man;224223.81263983628;190992.60670749005;5.426717758178711;51.02436065673828;FS7055;Houthalen-Helchteren - Huttebeek;Houthalen-Helchteren;Houthalen;Limburg;Observation;J;Goedgekeurd op basis van expertoordeel;1980-01-01;3;Meetnet speerwaterjuffer. Zonnig maar de dag was bewolkt en speertjes nog vooral in de kant ipv boven het water.;5;Libellen;Coenagrionidae;2026-07-08;591;S;zeer zeldzaam
192581677;192581677;Speerwaterjuffer;Coenagrion hastulatum;2020-05-27;5;2020-05-27;1;in copula;gezien;imago;onbekend;223420.039416909;188541.6805639658;5.41477012634277;51.0024337768555;FS6952;Zonhoven - Teut;Zonhoven;Zonhoven;Limburg;ObsMapp;J;Goedgekeurd op basis van expertoordeel;2007-01-01;3;;25;Libellen;Coenagrionidae;2026-07-08;591;S;zeer zeldzaam
192581678;192581678;Speerwaterjuffer;Coenagrion hastulatum;2020-05-27;5;2020-05-27;51;ter plaatse;gezien;imago;onbekend;224362.07285191776;190804.44161676243;5.42864990234375;51.0226516723633;FS7055;Houthalen-Helchteren - Huttebeek;Houthalen-Helchteren;Houthalen;Limburg;ObsMapp;J;Goedgekeurd op basis van expertoordeel;2007-01-01;3;;25;Libellen;Coenagrionidae;2026-07-08;591;S;zeer zeldzaam
192581679;192581679;Speerwaterjuffer;Coenagrion hastulatum;2020-05-27;5;2020-05-27;13;in copula;gezien;imago;onbekend;224362.07285191776;190804.44161676243;5.42864990234375;51.0226516723633;FS7055;Houthalen-Helchteren - Huttebeek;Houthalen-Helchteren;Houthalen;Limburg;ObsMapp;J;Goedgekeurd op basis van expertoordeel;2007-01-01;3;;25;Libellen;Coenagrionidae;2026-07-08;591;S;zeer zeldzaam
192581683;192581683;Speerwaterjuffer;Coenagrion hastulatum;2020-05-27;5;2020-05-27;1;ter plaatse;gezien;imago;Man;224313.17473816825;190810.10960138217;5.42795419692993;51.0227088928223;FS7055;Houthalen-Helchteren - Huttebeek;Houthalen-Helchteren;Houthalen;Limburg;ObsMapp;J;Goedgekeurd op basis van expertoordeel;2007-01-01;3;;25;Libellen;Coenagrionidae;2026-07-08;591;S;zeer zeldzaam
192581690;192581690;Speerwaterjuffer;Coenagrion hastulatum;2020-05-27;5;2020-05-27;2;ter plaatse;gezien;imago;Man;224334.33489476217;190809.1384589495;5.42825555801392;51.0226974487305;FS7055;Houthalen-Helchteren - Huttebeek;Houthalen-Helchteren;Houthalen;Limburg;ObsMapp;J;Goedgekeurd op basis van expertoordeel;2007-01-01;3;;25;Libellen;Coenagrionidae;2026-07-08;591;S;zeer zeldzaam
192581695;192581695;Speerwaterjuffer;Coenagrion hastulatum;2020-05-27;5;2020-05-27;1;in copula;gezien;imago;onbekend;224346.9489081333;190797.43495148327;5.42843294143677;51.022590637207;FS7055;Houthalen-Helchteren - Huttebeek;Houthalen-Helchteren;Houthalen;Limburg;ObsMapp;J;Goedgekeurd op basis van expertoordeel;2007-01-01;3;;25;Libellen;Coenagrionidae;2026-07-08;591;S;zeer zeldzaam
312209952;312209952;Speerwaterjuffer;Coenagrion hastulatum;2024-05-23;5;2024-05-30;1;in copula;gezien;imago;Man;224225.0535385664;190994.74647977485;5.426735877990723;51.02437973022461;FS7055;Houthalen-Helchteren - Huttebeek;Houthalen-Helchteren;Houthalen;Limburg;Observation;J;Goedgekeurd op basis van expertoordeel;1980-01-01;3;;5;Libellen;Coenagrionidae;2026-07-08;591;S;zeer zeldzaam
312209975;312209975;Speerwaterjuffer;Coenagrion hastulatum;2024-05-23;5;2024-05-30;3;in copula;gezien;imago;Man;224225.33644927896;190996.02376107316;5.4267401695251465;51.024391174316406;FS7055;Houthalen-Helchteren - Huttebeek;Houthalen-Helchteren;Houthalen;Limburg;Observation;J;Goedgekeurd op basis van expertoordeel;1980-01-01;3;;5;Libellen;Coenagrionidae;2026-07-08;591;S;zeer zeldzaam
192581696;192581696;Speerwaterjuffer;Coenagrion hastulatum;2020-05-27;5;2020-05-27;2;ter plaatse;gezien;imago;Man;224346.9489081333;190797.43495148327;5.42843294143677;51.022590637207;FS7055;Houthalen-Helchteren - Huttebeek;Houthalen-Helchteren;Houthalen;Limburg;ObsMapp;J;Goedgekeurd op basis van expertoordeel;2007-01-01;3;;25;Libellen;Coenagrionidae;2026-07-08;591;S;zeer zeldzaam
312209843;312209843;Speerwaterjuffer;Coenagrion hastulatum;2024-05-23;5;2024-05-30;1;ter plaatse;gezien;imago;Man;224187.9870294936;191001.43316269663;5.426208972930908;51.024444580078125;FS7055;Houthalen-Helchteren - Huttebeek;Houthalen-Helchteren;Houthalen;Limburg;Observation;J;Goedgekeurd op basis van expertoordeel;1980-01-01;3;;5;Libellen;Coenagrionidae;2026-07-08;591;S;zeer zeldzaam
312209779;312209779;Speerwaterjuffer;Coenagrion hastulatum;2024-05-23;5;2024-05-30;3;ter plaatse;gezien;imago;onbekend;224168.90893920144;190980.7893513665;5.425932884216309;51.024261474609375;FS7055;Houthalen-Helchteren - Huttebeek;Houthalen-Helchteren;Houthalen;Limburg;Observation;J;Goedgekeurd op basis van expertoordeel;1980-01-01;3;;5;Libellen;Coenagrionidae;2026-07-08;591;S;zeer zeldzaam
312209765;312209765;Speerwaterjuffer;Coenagrion hastulatum;2024-05-23;5;2024-05-30;1;ter plaatse;gezien;imago;onbekend;224180.2985059556;190991.56203322392;5.426097393035889;51.024356842041016;FS7055;Houthalen-Helchteren - Huttebeek;Houthalen-Helchteren;Houthalen;Limburg;Observation;J;Goedgekeurd op basis van expertoordeel;1980-01-01;3;;5;Libellen;Coenagrionidae;2026-07-08;591;S;zeer zeldzaam
192581704;192581704;Speerwaterjuffer;Coenagrion hastulatum;2020-05-27;5;2020-05-27;3;ter plaatse;gezien;imago;Man;224333.82337796723;190798.0963475313;5.42824602127075;51.0225982666016;FS7055;Houthalen-Helchteren - Huttebeek;Houthalen-Helchteren;Houthalen;Limburg;ObsMapp;J;Goedgekeurd op basis van expertoordeel;2007-01-01;3;;25;Libellen;Coenagrionidae;2026-07-08;591;S;zeer zeldzaam
192581705;192581705;Speerwaterjuffer;Coenagrion hastulatum;2020-05-27;5;2020-05-27;2;in copula;gezien;imago;onbekend;224333.82337796723;190798.0963475313;5.42824602127075;51.0225982666016;FS7055;Houthalen-Helchteren - Huttebeek;Houthalen-Helchteren;Houthalen;Limburg;ObsMapp;J;Goedgekeurd op basis van expertoordeel;2007-01-01;3;;25;Libellen;Coenagrionidae;2026-07-08;591;S;zeer zeldzaam
192570030;192570030;Speerwaterjuffer;Coenagrion hastulatum;2020-05-27;5;2020-05-27;1;ter plaatse;onbekend;onbekend;Man;223564.1235919537;190291.4466352947;5.41717481613159;51.0181427001953;FS6954;Houthalen - Tenhaagdoornheide;Houthalen-Helchteren;Houthalen;Limburg;Meetnetten.be;J;Goedgekeurd op basis van expertoordeel;2021-05-26;3;meetnetten.be: levensfase: adult_ activiteit: ter plaatse;10;Libellen;Coenagrionidae;2026-07-08;591;S;zeer zeldzaam
244748713;244748713;Speerwaterjuffer;Coenagrion hastulatum;2022-06-02;6;2022-06-09;1;ter plaatse;onbekend;imago;Man;223420.88250539667;188417.76423707604;5.4147572517395;51.0013198852539;FS6952;Zonhoven - Teut;Zonhoven;Zonhoven;Limburg;Meetnetten.be;J;Goedgekeurd op basis van expertoordeel;2023-06-01;3;meetnetten.be: levensfase: imago_ activiteit: ter plaatse;10;Libellen;Coenagrionidae;2026-07-08;591;S;zeer zeldzaam
313818349;313818349;Speerwaterjuffer;Coenagrion hastulatum;2024-06-06;6;2024-06-09;1;ter plaatse;gezien;imago;onbekend;224226.6079462304;191000.71046485752;5.426759243011475;51.02443313598633;FS7055;Houthalen-Helchteren - Huttebeek;Houthalen-Helchteren;Houthalen;Limburg;ObsMapp;J;Goedgekeurd op basis van expertoordeel;2025-06-06;3;;3;Libellen;Coenagrionidae;2026-07-08;591;S;zeer zeldzaam
243930660;243930660;Speerwaterjuffer;Coenagrion hastulatum;2022-06-02;6;2022-06-02;1;ter plaatse;gezien;imago;Man;223598.9278901238;188621.87289989088;5.41733455657959;51.0031318664551;FS6952;Zonhoven - Teut;Zonhoven;Zonhoven;Limburg;ObsMapp;J;Goedgekeurd op basis van expertoordeel;2007-01-01;3;;3;Libellen;Coenagrionidae;2026-07-08;591;S;zeer zeldzaam
313818351;313818351;Speerwaterjuffer;Coenagrion hastulatum;2024-06-06;6;2024-06-09;1;ter plaatse;gezien;imago;Man;224226.4221909968;190997.312489802;5.426755905151367;51.0244026184082;FS7055;Houthalen-Helchteren - Huttebeek;Houthalen-Helchteren;Houthalen;Limburg;ObsMapp;J;Goedgekeurd op basis van expertoordeel;2025-06-06;3;;3;Libellen;Coenagrionidae;2026-07-08;591;S;zeer zeldzaam
192581709;192581709;Speerwaterjuffer;Coenagrion hastulatum;2020-05-27;5;2020-05-27;3;ter plaatse;gezien;imago;Man;223559.39839774533;190282.46717461105;5.41710567474365;51.0180625915527;FS6954;Houthalen - Tenhaagdoornheide;Houthalen-Helchteren;Houthalen;Limburg;ObsMapp;J;Goedgekeurd op basis van expertoordeel;2007-01-01;3;;25;Libellen;Coenagrionidae;2026-07-08;591;S;zeer zeldzaam
356016397;356016397;Speerwaterjuffer;Coenagrion hastulatum;2025-06-12;6;2025-06-12;1;ter plaatse;gezien;imago;Man;224224.6706228562;190998.1363462908;5.426731109619141;51.024410247802734;FS7055;Houthalen-Helchteren - Huttebeek;Houthalen-Helchteren;Houthalen;Limburg;ObsMapp;J;Goedgekeurd op basis van expertoordeel;2026-06-12;3;;2;Libellen;Coenagrionidae;2026-07-08;591;S;zeer zeldzaam
313818554;313818554;Speerwaterjuffer;Coenagrion hastulatum;2024-06-06;6;2024-06-09;1;ter plaatse;gezien;imago;Man;224160.91364684905;190976.00686958432;5.425817966461182;51.02421951293945;FS7055;Houthalen-Helchteren - Huttebeek;Houthalen-Helchteren;Houthalen;Limburg;ObsMapp;J;Goedgekeurd op basis van expertoordeel;2025-07-09;3;;3;Libellen;Coenagrionidae;2026-07-08;591;S;zeer zeldzaam
356016392;356016392;Speerwaterjuffer;Coenagrion hastulatum;2025-06-12;6;2025-06-12;1;ter plaatse;gezien;imago;Man;224225.4642041207;190996.44999848303;5.426742076873779;51.02439498901367;FS7055;Houthalen-Helchteren - Huttebeek;Houthalen-Helchteren;Houthalen;Limburg;ObsMapp;J;Goedgekeurd op basis van expertoordeel;2026-06-12;3;;2;Libellen;Coenagrionidae;2026-07-08;591;S;zeer zeldzaam
356016376;356016376;Speerwaterjuffer;Coenagrion hastulatum;2025-06-12;6;2025-06-12;1;ter plaatse;gezien;imago;Man;224225.8617241082;190984.99644034915;5.426745414733887;51.0242919921875;FS7055;Houthalen-Helchteren - Huttebeek;Houthalen-Helchteren;Houthalen;Limburg;ObsMapp;J;Goedgekeurd op basis van expertoordeel;2026-06-12;3;;7;Libellen;Coenagrionidae;2026-07-08;591;S;zeer zeldzaam
215976615;215976615;Speerwaterjuffer;Coenagrion hastulatum;2021-06-01;6;2021-06-05;1;ter plaatse;onbekend;imago;Man;223562.24550259145;188578.9134351248;5.41680335998535;51.0027503967285;FS6952;Zonhoven - Teut;Zonhoven;Zonhoven;Limburg;ObsMapp;J;Goedgekeurd op basis van expertoordeel;2007-01-01;4;;4;Libellen;Coenagrionidae;2026-07-08;591;S;zeer zeldzaam
215976614;215976614:2206954;Speerwaterjuffer;Coenagrion hastulatum;2021-06-01;6;2021-06-05;1;tandem;onbekend;imago;Vrouw;223562.34590307795;188578.91485326272;5.41680479049683;51.0027503967285;FS6952;Zonhoven - Teut;Zonhoven;Zonhoven;Limburg;ObsMapp;J;Goedgekeurd op basis van expertoordeel;2007-01-01;4;;4;Libellen;Coenagrionidae;2026-07-08;591;S;zeer zeldzaam
215976614;215976614:2206953;Speerwaterjuffer;Coenagrion hastulatum;2021-06-01;6;2021-06-05;1;tandem;onbekend;imago;Man;223562.34590307795;188578.91485326272;5.41680479049683;51.0027503967285;FS6952;Zonhoven - Teut;Zonhoven;Zonhoven;Limburg;ObsMapp;J;Goedgekeurd op basis van expertoordeel;2007-01-01;4;;4;Libellen;Coenagrionidae;2026-07-08;591;S;zeer zeldzaam
215976613;215976613;Speerwaterjuffer;Coenagrion hastulatum;2021-06-01;6;2021-06-05;1;ter plaatse;onbekend;imago;Man;223562.1176288075;188578.48721696995;5.41680145263672;51.0027465820313;FS6952;Zonhoven - Teut;Zonhoven;Zonhoven;Limburg;ObsMapp;J;Goedgekeurd op basis van expertoordeel;2007-01-01;4;;4;Libellen;Coenagrionidae;2026-07-08;591;S;zeer zeldzaam
312209742;312209742;Speerwaterjuffer;Coenagrion hastulatum;2024-05-23;5;2024-05-30;1;ter plaatse;gezien;imago;onbekend;224215.05231069704;191003.94103309236;5.426595211029053;51.02446365356445;FS7055;Houthalen-Helchteren - Huttebeek;Houthalen-Helchteren;Houthalen;Limburg;Observation;J;Goedgekeurd op basis van expertoordeel;1980-01-01;3;;5;Libellen;Coenagrionidae;2026-07-08;591;S;zeer zeldzaam
312209722;312209722;Speerwaterjuffer;Coenagrion hastulatum;2024-05-23;5;2024-05-30;2;ter plaatse;gezien;imago;Man;224219.9966933747;190999.76736812943;5.42666482925415;51.0244255065918;FS7055;Houthalen-Helchteren - Huttebeek;Houthalen-Helchteren;Houthalen;Limburg;Observation;J;Goedgekeurd op basis van expertoordeel;1980-01-01;3;;5;Libellen;Coenagrionidae;2026-07-08;591;S;zeer zeldzaam
215976611;215976611;Speerwaterjuffer;Coenagrion hastulatum;2021-06-01;6;2021-06-05;1;ter plaatse;onbekend;imago;Man;223562.26348321655;188577.64045318772;5.41680335998535;51.0027389526367;FS6952;Zonhoven - Teut;Zonhoven;Zonhoven;Limburg;ObsMapp;J;Goedgekeurd op basis van expertoordeel;2007-01-01;4;;4;Libellen;Coenagrionidae;2026-07-08;591;S;zeer zeldzaam
215976608;215976608:2206948;Speerwaterjuffer;Coenagrion hastulatum;2021-06-01;6;2021-06-05;1;tandem;onbekend;imago;Vrouw;223564.92884263885;188578.5269255117;5.41684150695801;51.0027465820313;FS6952;Zonhoven - Teut;Zonhoven;Zonhoven;Limburg;ObsMapp;J;Goedgekeurd op basis van expertoordeel;2007-01-01;4;;4;Libellen;Coenagrionidae;2026-07-08;591;S;zeer zeldzaam
215976608;215976608:2206947;Speerwaterjuffer;Coenagrion hastulatum;2021-06-01;6;2021-06-05;1;tandem;onbekend;imago;Man;223564.92884263885;188578.5269255117;5.41684150695801;51.0027465820313;FS6952;Zonhoven - Teut;Zonhoven;Zonhoven;Limburg;ObsMapp;J;Goedgekeurd op basis van expertoordeel;2007-01-01;4;;4;Libellen;Coenagrionidae;2026-07-08;591;S;zeer zeldzaam
215976601;215976601;Speerwaterjuffer;Coenagrion hastulatum;2021-06-01;6;2021-06-05;1;ter plaatse;onbekend;imago;Man;223564.92634689552;188581.07336209808;5.41684198379517;51.0027694702148;FS6952;Zonhoven - Teut;Zonhoven;Zonhoven;Limburg;ObsMapp;J;Goedgekeurd op basis van expertoordeel;2007-01-01;4;;4;Libellen;Coenagrionidae;2026-07-08;591;S;zeer zeldzaam
215976595;215976595;Speerwaterjuffer;Coenagrion hastulatum;2021-06-01;6;2021-06-05;1;ter plaatse;onbekend;imago;Man;223583.37703277115;188587.70019678585;5.41710615158081;51.0028266906738;FS6952;Zonhoven - Teut;Zonhoven;Zonhoven;Limburg;ObsMapp;J;Goedgekeurd op basis van expertoordeel;2007-01-01;4;;4;Libellen;Coenagrionidae;2026-07-08;591;S;zeer zeldzaam
215976594;215976594;Speerwaterjuffer;Coenagrion hastulatum;2021-06-01;6;2021-06-05;1;ter plaatse;onbekend;imago;Man;223584.8375799645;188588.5696569188;5.41712713241577;51.0028343200684;FS6952;Zonhoven - Teut;Zonhoven;Zonhoven;Limburg;ObsMapp;J;Goedgekeurd op basis van expertoordeel;2007-01-01;4;;4;Libellen;Coenagrionidae;2026-07-08;591;S;zeer zeldzaam
215976587;215976587;Speerwaterjuffer;Coenagrion hastulatum;2021-06-01;6;2021-06-05;1;ter plaatse;onbekend;imago;Man;223426.86694418135;188605.8630024111;5.41488027572632;51.0030097961426;FS6952;Zonhoven - Teut;Zonhoven;Zonhoven;Limburg;ObsMapp;J;Goedgekeurd op basis van expertoordeel;2007-01-01;4;;2;Libellen;Coenagrionidae;2026-07-08;591;S;zeer zeldzaam
243930658;243930658;Speerwaterjuffer;Coenagrion hastulatum;2022-06-02;6;2022-06-02;1;ter plaatse;gezien;imago;Man;223600.20213264995;188619.3444351964;5.41735219955444;51.0031089782715;FS6952;Zonhoven - Teut;Zonhoven;Zonhoven;Limburg;ObsMapp;J;Goedgekeurd op basis van expertoordeel;2007-01-01;3;;3;Libellen;Coenagrionidae;2026-07-08;591;S;zeer zeldzaam
243930657;243930657;Speerwaterjuffer;Coenagrion hastulatum;2022-06-02;6;2022-06-02;1;ter plaatse;gezien;imago;Man;223599.84599368772;188618.49057805815;5.4173469543457;51.003101348877;FS6952;Zonhoven - Teut;Zonhoven;Zonhoven;Limburg;ObsMapp;J;Goedgekeurd op basis van expertoordeel;2007-01-01;3;;3;Libellen;Coenagrionidae;2026-07-08;591;S;zeer zeldzaam
215976586;215976586;Speerwaterjuffer;Coenagrion hastulatum;2021-06-01;6;2021-06-05;2;ter plaatse;onbekend;imago;Man;223433.79380856408;188577.5250748368;5.41497325897217;51.0027542114258;FS6952;Zonhoven - Teut;Zonhoven;Zonhoven;Limburg;ObsMapp;J;Goedgekeurd op basis van expertoordeel;2007-01-01;4;;4;Libellen;Coenagrionidae;2026-07-08;591;S;zeer zeldzaam
215976583;215976583;Speerwaterjuffer;Coenagrion hastulatum;2021-06-01;6;2021-06-05;3;ter plaatse;onbekend;onbekend;Man;223429.00580241563;188568.12050553225;5.41490316390991;51.0026702880859;FS6952;Zonhoven - Teut;Zonhoven;Zonhoven;Limburg;ObsMapp;J;Goedgekeurd op basis van expertoordeel;2007-01-01;4;;4;Libellen;Coenagrionidae;2026-07-08;591;S;zeer zeldzaam
215976580;215976580:2206942;Speerwaterjuffer;Coenagrion hastulatum;2021-06-01;6;2021-06-05;1;tandem;onbekend;imago;Vrouw;223417.5614120365;188560.74416081797;5.41473865509033;51.0026054382324;FS6952;Zonhoven - Teut;Zonhoven;Zonhoven;Limburg;ObsMapp;J;Goedgekeurd op basis van expertoordeel;2007-01-01;4;;3;Libellen;Coenagrionidae;2026-07-08;591;S;zeer zeldzaam
215976580;215976580:2206941;Speerwaterjuffer;Coenagrion hastulatum;2021-06-01;6;2021-06-05;1;tandem;onbekend;imago;Man;223417.5614120365;188560.74416081797;5.41473865509033;51.0026054382324;FS6952;Zonhoven - Teut;Zonhoven;Zonhoven;Limburg;ObsMapp;J;Goedgekeurd op basis van expertoordeel;2007-01-01;4;;3;Libellen;Coenagrionidae;2026-07-08;591;S;zeer zeldzaam
215976579;215976579;Speerwaterjuffer;Coenagrion hastulatum;2021-06-01;6;2021-06-05;1;ter plaatse;onbekend;imago;Man;223417.46101120068;188560.7427454684;5.41473722457886;51.0026054382324;FS6952;Zonhoven - Teut;Zonhoven;Zonhoven;Limburg;ObsMapp;J;Goedgekeurd op basis van expertoordeel;2007-01-01;4;;3;Libellen;Coenagrionidae;2026-07-08;591;S;zeer zeldzaam
215976578;215976578;Speerwaterjuffer;Coenagrion hastulatum;2021-06-01;6;2021-06-05;2;ter plaatse;onbekend;imago;Man;223415.27013746023;188559.4386258917;5.41470575332642;51.0025939941406;FS6952;Zonhoven - Teut;Zonhoven;Zonhoven;Limburg;ObsMapp;J;Goedgekeurd op basis van expertoordeel;2007-01-01;4;;3;Libellen;Coenagrionidae;2026-07-08;591;S;zeer zeldzaam
215498399;215498399;Speerwaterjuffer;Coenagrion hastulatum;2021-05-30;5;2021-05-31;5;ter plaatse;gezien;imago;Man;223514.4892982724;188519.4759811731;5.41611111111111;51.0022222222222;FS6952;Zonhoven - Teut;Zonhoven;Zonhoven;Limburg;ObsMapp;J;Goedgekeurd op basis van bewijsmateriaal;2007-01-01;4;;999;Libellen;Coenagrionidae;2026-07-08;591;S;zeer zeldzaam
215976573;215976573;Speerwaterjuffer;Coenagrion hastulatum;2021-06-01;6;2021-06-05;3;ter plaatse;onbekend;imago;Man;225315.82696451823;188403.2297623353;5.44174718856812;51.0009460449219;FS7152;Zonhoven - Teut;Zonhoven;Zonhoven;Limburg;ObsMapp;J;Goedgekeurd op basis van expertoordeel;2007-01-01;4;;2;Libellen;Coenagrionidae;2026-07-08;591;S;zeer zeldzaam
215976571;215976571;Speerwaterjuffer;Coenagrion hastulatum;2021-06-01;6;2021-06-05;1;ter plaatse;onbekend;imago;Man;225333.07859390692;188400.08395325765;5.44199228286743;51.0009155273438;FS7152;Zonhoven - Teut;Zonhoven;Zonhoven;Limburg;ObsMapp;J;Goedgekeurd op basis van expertoordeel;2007-01-01;4;;4;Libellen;Coenagrionidae;2026-07-08;591;S;zeer zeldzaam
215976566;215976566;Speerwaterjuffer;Coenagrion hastulatum;2021-06-01;6;2021-06-05;1;ter plaatse;onbekend;imago;Man;225296.61340082268;188349.9002408879;5.44146251678467;51.0004692077637;FS7152;Zonhoven - Teut;Zonhoven;Zonhoven;Limburg;ObsMapp;J;Goedgekeurd op basis van expertoordeel;2007-01-01;4;;2;Libellen;Coenagrionidae;2026-07-08;591;S;zeer zeldzaam
215732282;215732282;Speerwaterjuffer;Coenagrion hastulatum;2021-05-29;5;2021-06-03;1;ter plaatse;gezien;imago;Man;224309.06642362004;190823.6363594057;5.4278984;51.022831;FS7055;Houthalen-Helchteren - Huttebeek;Houthalen-Helchteren;Houthalen;Limburg;Site;J;Goedgekeurd op basis van bewijsmateriaal;1980-01-01;4;;15;Libellen;Coenagrionidae;2026-07-08;591;S;zeer zeldzaam
215247569;215247569;Speerwaterjuffer;Coenagrion hastulatum;2021-05-29;5;2021-05-29;1;ter plaatse;gezien;imago;Man;224306.38229986915;190827.82585099436;5.427861;51.022869;FS7055;Houthalen-Helchteren - Huttebeek;Houthalen-Helchteren;Houthalen;Limburg;ObsMapp;J;Goedgekeurd op basis van bewijsmateriaal;2007-01-01;4;;3;Libellen;Coenagrionidae;2026-07-08;591;S;zeer zeldzaam
243930642;243930642;Speerwaterjuffer;Coenagrion hastulatum;2022-06-02;6;2022-06-02;1;ter plaatse;gezien;imago;Man;223445.56483088044;188628.19607375652;5.41515111923218;51.0032081604004;FS6952;Zonhoven - Teut;Zonhoven;Zonhoven;Limburg;ObsMapp;J;Goedgekeurd op basis van expertoordeel;2007-01-01;3;;3;Libellen;Coenagrionidae;2026-07-08;591;S;zeer zeldzaam
243930641;243930641;Speerwaterjuffer;Coenagrion hastulatum;2022-06-02;6;2022-06-02;1;ter plaatse;gezien;imago;onbekend;223423.60792527616;188578.23028587364;5.41482830047607;51.0027618408203;FS6952;Zonhoven - Teut;Zonhoven;Zonhoven;Limburg;ObsMapp;J;Goedgekeurd op basis van expertoordeel;2007-01-01;3;;3;Libellen;Coenagrionidae;2026-07-08;591;S;zeer zeldzaam
309825221;309825221;Speerwaterjuffer;Coenagrion hastulatum;2024-05-13;5;2024-05-16;1;ter plaatse;gezien;imago;Man;223432.1318478305;188460.3639987484;5.414926052093506;51.00170135498047;FS6952;Zonhoven - Teut;Zonhoven;Zonhoven;Limburg;ObsMapp;J;Goedgekeurd op basis van expertoordeel;2025-06-13;4;Meetnetten met Hannes_ Geert en Dirk;4;Libellen;Coenagrionidae;2026-07-08;591;S;zeer zeldzaam
309825204;309825204;Speerwaterjuffer;Coenagrion hastulatum;2024-05-13;5;2024-05-16;1;ter plaatse;gezien;imago;onbekend;223431.6143146927;188459.08346678503;5.414918422698975;51.00168991088867;FS6952;Zonhoven - Teut;Zonhoven;Zonhoven;Limburg;ObsMapp;J;Goedgekeurd op basis van expertoordeel;2025-06-13;4;Meetnetten met Hannes_ Geert en Dirk;4;Libellen;Coenagrionidae;2026-07-08;591;S;zeer zeldzaam
309825130;309825130;Speerwaterjuffer;Coenagrion hastulatum;2024-05-13;5;2024-05-16;1;ter plaatse;gezien;imago;Man;223421.7248738412;188441.11875153423;5.414773941040039;51.00152969360352;FS6952;Zonhoven - Teut;Zonhoven;Zonhoven;Limburg;ObsMapp;J;Goedgekeurd op basis van expertoordeel;2025-06-13;4;Meetnetten met Hannes_ Geert en Dirk;4;Libellen;Coenagrionidae;2026-07-08;591;S;zeer zeldzaam
309824968;309824968;Speerwaterjuffer;Coenagrion hastulatum;2024-05-13;5;2024-05-16;1;ter plaatse;gezien;imago;Man;223410.09032819423;188416.33887349628;5.414603233337402;51.00130844116211;FS6952;Zonhoven - Teut;Zonhoven;Zonhoven;Limburg;ObsMapp;J;Goedgekeurd op basis van expertoordeel;2025-06-13;4;Meetnetten met Hannes_ Geert en Dirk;4;Libellen;Coenagrionidae;2026-07-08;591;S;zeer zeldzaam
309824620;309824620;Speerwaterjuffer;Coenagrion hastulatum;2024-05-13;5;2024-05-16;1;ter plaatse;gezien;imago;Man;223394.24681699224;188413.61884538457;5.414377000000059;51.001286;FS6952;Zonhoven - Teut;Zonhoven;Zonhoven;Limburg;ObsMapp;J;Goedgekeurd op basis van expertoordeel;2025-06-13;4;Meetnetten met Hannes_ Geert en Dirk;4;Libellen;Coenagrionidae;2026-07-08;591;S;zeer zeldzaam
309824530;309824530;Speerwaterjuffer;Coenagrion hastulatum;2024-05-13;5;2024-05-16;1;ter plaatse;gezien;imago;Man;223365.0329848276;188425.88985452612;5.413963317871094;51.00139999389648;FS6952;Zonhoven - Teut;Zonhoven;Zonhoven;Limburg;ObsMapp;J;Goedgekeurd op basis van expertoordeel;2025-06-13;4;Meetnetten met Hannes_ Geert en Dirk;4;Libellen;Coenagrionidae;2026-07-08;591;S;zeer zeldzaam
309824457;309824457;Speerwaterjuffer;Coenagrion hastulatum;2024-05-13;5;2024-05-16;1;ter plaatse;gezien;imago;Man;223385.94649487812;188471.59653776232;5.414270401000977;51.00180816650391;FS6952;Zonhoven - Teut;Zonhoven;Zonhoven;Limburg;ObsMapp;J;Goedgekeurd op basis van expertoordeel;2025-06-11;4;Meetnetten met Hannes_ Geert en Dirk;4;Libellen;Coenagrionidae;2026-07-08;591;S;zeer zeldzaam
309823999;309823999;Speerwaterjuffer;Coenagrion hastulatum;2024-05-13;5;2024-05-16;2;ter plaatse;gezien;imago;Man;223500.83277679;188533.0586956991;5.415919303894043;51.00234603881836;FS6952;Zonhoven - Teut;Zonhoven;Zonhoven;Limburg;ObsMapp;J;Goedgekeurd op basis van expertoordeel;2025-06-11;4;Meetnetten met Hannes_ Geert en Dirk;4;Libellen;Coenagrionidae;2026-07-08;591;S;zeer zeldzaam
309066621;309066621;Speerwaterjuffer;Coenagrion hastulatum;2024-05-10;5;2024-05-11;1;ter plaatse;gezien;imago;Man;224226.14463522148;190986.2737216568;5.426749706268311;51.0243034362793;FS7055;Houthalen-Helchteren - Huttebeek;Houthalen-Helchteren;Houthalen;Limburg;ObsMapp;J;Goedgekeurd op basis van expertoordeel;2027-05-10;4;Meetnetten met Geert en Dirk;4;Libellen;Coenagrionidae;2026-07-08;591;S;zeer zeldzaam
309066550;309066550;Speerwaterjuffer;Coenagrion hastulatum;2024-05-10;5;2024-05-11;1;ter plaatse;gezien;imago;Man;224225.2232972012;190987.533831914;5.426736831665039;51.02431488037109;FS7055;Houthalen-Helchteren - Huttebeek;Houthalen-Helchteren;Houthalen;Limburg;ObsMapp;J;Goedgekeurd op basis van expertoordeel;2027-05-10;4;Meetnetten met Geert en Dirk;4;Libellen;Coenagrionidae;2026-07-08;591;S;zeer zeldzaam
309066498;309066498;Speerwaterjuffer;Coenagrion hastulatum;2024-05-10;5;2024-05-11;3;ter plaatse;gezien;imago;Man;224222.5507401168;190994.2863781676;5.426700115203857;51.024375915527344;FS7055;Houthalen-Helchteren - Huttebeek;Houthalen-Helchteren;Houthalen;Limburg;ObsMapp;J;Goedgekeurd op basis van expertoordeel;2027-05-10;4;Meetnetten met Geert en Dirk;4;Libellen;Coenagrionidae;2026-07-08;591;S;zeer zeldzaam
309066404;309066404;Speerwaterjuffer;Coenagrion hastulatum;2024-05-10;5;2024-05-11;1;ter plaatse;gezien;imago;Man;224222.6813448274;190992.1661614124;5.426701545715332;51.024356842041016;FS7055;Houthalen-Helchteren - Huttebeek;Houthalen-Helchteren;Houthalen;Limburg;ObsMapp;J;Goedgekeurd op basis van expertoordeel;2027-05-10;4;Meetnetten met Geert en Dirk;4;Libellen;Coenagrionidae;2026-07-08;591;S;zeer zeldzaam
309066352;309066352;Speerwaterjuffer;Coenagrion hastulatum;2024-05-10;5;2024-05-11;1;ter plaatse;gezien;imago;Man;224221.2009395326;190999.78453799055;5.426681995391846;51.0244255065918;FS7055;Houthalen-Helchteren - Huttebeek;Houthalen-Helchteren;Houthalen;Limburg;ObsMapp;J;Goedgekeurd op basis van expertoordeel;2027-05-10;4;Meetnetten met Geert en Dirk;4;Libellen;Coenagrionidae;2026-07-08;591;S;zeer zeldzaam
309066241;309066241;Speerwaterjuffer;Coenagrion hastulatum;2024-05-10;5;2024-05-11;1;ter plaatse;gezien;imago;Man;224216.57256324484;191000.56738078225;5.426616191864014;51.02443313598633;FS7055;Houthalen-Helchteren - Huttebeek;Houthalen-Helchteren;Houthalen;Limburg;ObsMapp;J;Goedgekeurd op basis van expertoordeel;2027-05-10;4;Meetnetten met Geert en Dirk;4;Libellen;Coenagrionidae;2026-07-08;591;S;zeer zeldzaam
309066179;309066179;Speerwaterjuffer;Coenagrion hastulatum;2024-05-10;5;2024-05-11;1;ter plaatse;gezien;imago;Man;224215.90353770263;191000.55784253404;5.42660665512085;51.02443313598633;FS7055;Houthalen-Helchteren - Huttebeek;Houthalen-Helchteren;Houthalen;Limburg;ObsMapp;J;Goedgekeurd op basis van expertoordeel;2027-05-10;4;Meetnetten met Geert en Dirk;4;Libellen;Coenagrionidae;2026-07-08;591;S;zeer zeldzaam
309030850;309030850:3430307;Speerwaterjuffer;Coenagrion hastulatum;2024-05-10;5;2024-05-11;1;in copula;gezien;imago;Vrouw;224216.1447481967;191000.1011196589;5.426609999999982;51.024429;FS7055;Houthalen-Helchteren - Huttebeek;Houthalen-Helchteren;Houthalen;Limburg;ObsMapp;J;Goedgekeurd op basis van bewijsmateriaal;2027-05-10;4;Meetnetten met Geert en Dirk;4;Libellen;Coenagrionidae;2026-07-08;591;S;zeer zeldzaam
309030850;309030850:3430306;Speerwaterjuffer;Coenagrion hastulatum;2024-05-10;5;2024-05-11;1;in copula;gezien;imago;Man;224216.1447481967;191000.1011196589;5.426609999999982;51.024429;FS7055;Houthalen-Helchteren - Huttebeek;Houthalen-Helchteren;Houthalen;Limburg;ObsMapp;J;Goedgekeurd op basis van bewijsmateriaal;2027-05-10;4;Meetnetten met Geert en Dirk;4;Libellen;Coenagrionidae;2026-07-08;591;S;zeer zeldzaam
309030558;309030558;Speerwaterjuffer;Coenagrion hastulatum;2024-05-10;5;2024-05-11;4;ter plaatse;gezien;imago;Man;224193.4637159065;191006.23077428248;5.426288;51.024487;FS7055;Houthalen-Helchteren - Huttebeek;Houthalen-Helchteren;Houthalen;Limburg;ObsMapp;J;Goedgekeurd op basis van bewijsmateriaal;2027-05-10;4;Meetnetten met Geert en Dirk;4;Libellen;Coenagrionidae;2026-07-08;591;S;zeer zeldzaam
309026631;309026631;Speerwaterjuffer;Coenagrion hastulatum;2024-05-10;5;2024-05-11;1;ter plaatse;gezien;imago;Man;224349.3368771701;190869.19531364087;5.428481578826904;51.02323532104492;FS7055;Houthalen-Helchteren - Huttebeek;Houthalen-Helchteren;Houthalen;Limburg;ObsMapp;J;Goedgekeurd op basis van expertoordeel;2027-05-10;4;Meetnetten met Geert en Dirk;4;Libellen;Coenagrionidae;2026-07-08;591;S;zeer zeldzaam
192569699;192569699;Speerwaterjuffer;Coenagrion hastulatum;2020-05-27;5;2020-05-27;1;ter plaatse;onbekend;onbekend;Man;224355.7994321249;190873.5317744864;5.42857456207275;51.0232734680176;FS7055;Houthalen-Helchteren - Huttebeek;Houthalen-Helchteren;Houthalen;Limburg;Meetnetten.be;J;Goedgekeurd op basis van expertoordeel;2021-05-26;3;meetnetten.be: levensfase: imago_ activiteit: ter plaatse;10;Libellen;Coenagrionidae;2026-07-08;591;S;zeer zeldzaam
309026385;309026385;Speerwaterjuffer;Coenagrion hastulatum;2024-05-10;5;2024-05-11;1;ter plaatse;gezien;imago;Man;224324.1434780417;190852.7077614898;5.42811918258667;51.02309036254883;FS7055;Houthalen-Helchteren - Huttebeek;Houthalen-Helchteren;Houthalen;Limburg;ObsMapp;J;Goedgekeurd op basis van expertoordeel;2027-05-10;4;Meetnetten met Geert en Dirk;4;Libellen;Coenagrionidae;2026-07-08;591;S;zeer zeldzaam
275214029;275214029;Speerwaterjuffer;Coenagrion hastulatum;2023-06-06;6;2023-06-07;1;ter plaatse;onbekend;imago;Man;223429.3529110434;188455.6562894592;5.41488552093506;51.0016593933105;FS6952;Zonhoven - Teut;Zonhoven;Zonhoven;Limburg;Meetnetten.be;J;Goedgekeurd op basis van expertoordeel;2024-06-04;3;meetnetten.be: life stage: imago_ activity: present;10;Libellen;Coenagrionidae;2026-07-08;591;S;zeer zeldzaam
309026073;309026073;Speerwaterjuffer;Coenagrion hastulatum;2024-05-10;5;2024-05-11;5;ter plaatse;gezien;imago;Man;224304.8412617105;190847.7636421965;5.42784309387207;51.023048400878906;FS7055;Houthalen-Helchteren - Huttebeek;Houthalen-Helchteren;Houthalen;Limburg;ObsMapp;J;Goedgekeurd op basis van expertoordeel;2027-05-10;4;Meetnetten met Geert en Dirk;4;Libellen;Coenagrionidae;2026-07-08;591;S;zeer zeldzaam
309025746;309025746;Speerwaterjuffer;Coenagrion hastulatum;2024-05-10;5;2024-05-11;2;ter plaatse;gezien;imago;Man;224316.38934281628;190812.27756921572;5.428000450134277;51.022727966308594;FS7055;Houthalen-Helchteren - Huttebeek;Houthalen-Helchteren;Houthalen;Limburg;ObsMapp;J;Goedgekeurd op basis van expertoordeel;2027-05-10;4;Meetnetten met Geert en Dirk;4;Libellen;Coenagrionidae;2026-07-08;591;S;zeer zeldzaam
278447602;278447602;Speerwaterjuffer;Coenagrion hastulatum;2023-06-15;6;2023-06-29;1;ter plaatse;gezien;imago;Man;223570.13167499317;188608.30925963636;5.416921615600586;51.00301361083984;FS6952;Zonhoven - Teut;Zonhoven;Zonhoven;Limburg;ObsMapp;J;Goedgekeurd op basis van expertoordeel;1980-01-01;4;;4;Libellen;Coenagrionidae;2026-07-08;591;S;zeer zeldzaam
278447435;278447435;Speerwaterjuffer;Coenagrion hastulatum;2023-06-15;6;2023-06-29;1;ter plaatse;gezien;imago;Man;223533.4055666102;188575.53527283948;5.416391849517822;51.002723693847656;FS6952;Zonhoven - Teut;Zonhoven;Zonhoven;Limburg;ObsMapp;J;Goedgekeurd op basis van expertoordeel;1980-01-01;4;;4;Libellen;Coenagrionidae;2026-07-08;591;S;zeer zeldzaam
245939546;245939546;Speerwaterjuffer;Coenagrion hastulatum;2022-06-16;6;2022-06-18;1;ter plaatse;gezien;imago;Man;223533.43201163155;188571.29152691175;5.41639137268066;51.002685546875;FS6952;Zonhoven - Teut;Zonhoven;Zonhoven;Limburg;ObsMapp;J;Goedgekeurd op basis van expertoordeel;2007-01-01;4;;4;Libellen;Coenagrionidae;2026-07-08;591;S;zeer zeldzaam
245939536;245939536:2624714;Speerwaterjuffer;Coenagrion hastulatum;2022-06-16;6;2022-06-18;1;tandem;gezien;imago;Vrouw;223553.4013113244;188593.6429390721;5.41668033599854;51.0028839111328;FS6952;Zonhoven - Teut;Zonhoven;Zonhoven;Limburg;ObsMapp;J;Goedgekeurd op basis van expertoordeel;2007-01-01;4;;4;Libellen;Coenagrionidae;2026-07-08;591;S;zeer zeldzaam
192570027;192570027;Speerwaterjuffer;Coenagrion hastulatum;2020-05-27;5;2020-05-27;1;ter plaatse;onbekend;onbekend;Man;223563.6731972932;190290.1670289049;5.41716814041138;51.0181312561035;FS6954;Houthalen - Tenhaagdoornheide;Houthalen-Helchteren;Houthalen;Limburg;Meetnetten.be;J;Goedgekeurd op basis van expertoordeel;2021-05-26;3;meetnetten.be: levensfase: adult_ activiteit: ter plaatse;10;Libellen;Coenagrionidae;2026-07-08;591;S;zeer zeldzaam
193643307;193643307:1824301;Speerwaterjuffer;Coenagrion hastulatum;2020-05-27;5;2020-06-09;1;in copula;gezien;imago;Man;223607.26021222587;190308.77832733092;5.417793;51.018293;FS6954;Houthalen - Tenhaagdoornheide;Houthalen-Helchteren;Houthalen;Limburg;Site;J;Goedgekeurd op basis van bewijsmateriaal;1980-01-01;4;;25;Libellen;Coenagrionidae;2026-07-08;591;S;zeer zeldzaam
244748712;244748712;Speerwaterjuffer;Coenagrion hastulatum;2022-06-02;6;2022-06-09;1;ter plaatse;onbekend;imago;Man;223420.81556966985;188417.76329346743;5.41475629806519;51.0013198852539;FS6952;Zonhoven - Teut;Zonhoven;Zonhoven;Limburg;Meetnetten.be;J;Goedgekeurd op basis van expertoordeel;2023-06-01;3;meetnetten.be: levensfase: imago_ activiteit: ter plaatse;10;Libellen;Coenagrionidae;2026-07-08;591;S;zeer zeldzaam
405253245;405253245;Speerwaterjuffer;Coenagrion hastulatum;2026-06-15;6;2026-06-15;1;ter plaatse;gezien;imago;Man;223591.174958956;188627.2570127649;5.417225197333872;51.00318124462933;FS6952;Zonhoven - Teut;Zonhoven;Zonhoven;Limburg;Observation;J;Goedgekeurd op basis van expertoordeel;1980-01-01;3;;2;Libellen;Coenagrionidae;2026-07-08;591;S;zeer zeldzaam
193643307;193643307:1824302;Speerwaterjuffer;Coenagrion hastulatum;2020-05-27;5;2020-06-09;1;in copula;gezien;imago;Vrouw;223607.26021222587;190308.77832733092;5.417793;51.018293;FS6954;Houthalen - Tenhaagdoornheide;Houthalen-Helchteren;Houthalen;Limburg;Site;J;Goedgekeurd op basis van bewijsmateriaal;1980-01-01;4;;25;Libellen;Coenagrionidae;2026-07-08;591;S;zeer zeldzaam
245939536;245939536:2624713;Speerwaterjuffer;Coenagrion hastulatum;2022-06-16;6;2022-06-18;1;tandem;gezien;imago;Man;223553.4013113244;188593.6429390721;5.41668033599854;51.0028839111328;FS6952;Zonhoven - Teut;Zonhoven;Zonhoven;Limburg;ObsMapp;J;Goedgekeurd op basis van expertoordeel;2007-01-01;4;;4;Libellen;Coenagrionidae;2026-07-08;591;S;zeer zeldzaam
245939527;245939527;Speerwaterjuffer;Coenagrion hastulatum;2022-06-16;6;2022-06-18;1;ter plaatse;gezien;imago;Man;223572.43737851843;188606.21977134608;5.41695404052734;51.0029945373535;FS6952;Zonhoven - Teut;Zonhoven;Zonhoven;Limburg;ObsMapp;J;Goedgekeurd op basis van expertoordeel;2007-01-01;4;;4;Libellen;Coenagrionidae;2026-07-08;591;S;zeer zeldzaam
243930639;243930639;Speerwaterjuffer;Coenagrion hastulatum;2022-06-02;6;2022-06-02;1;ter plaatse;gezien;imago;Man;223427.34910244384;188574.0389129538;5.41488075256348;51.0027236938477;FS6952;Zonhoven - Teut;Zonhoven;Zonhoven;Limburg;ObsMapp;J;Goedgekeurd op basis van expertoordeel;2007-01-01;3;;3;Libellen;Coenagrionidae;2026-07-08;591;S;zeer zeldzaam
243930637;243930637;Speerwaterjuffer;Coenagrion hastulatum;2022-06-02;6;2022-06-02;2;ter plaatse;gezien;imago;Man;223430.975053816;188445.06886874695;5.41490650177002;51.0015640258789;FS6952;Zonhoven - Teut;Zonhoven;Zonhoven;Limburg;ObsMapp;J;Goedgekeurd op basis van expertoordeel;2007-01-01;3;;4;Libellen;Coenagrionidae;2026-07-08;591;S;zeer zeldzaam
243930636;243930636;Speerwaterjuffer;Coenagrion hastulatum;2022-06-02;6;2022-06-02;1;ter plaatse;gezien;imago;Man;223434.2487192673;188457.4229643205;5.41495561599731;51.0016746520996;FS6952;Zonhoven - Teut;Zonhoven;Zonhoven;Limburg;ObsMapp;J;Goedgekeurd op basis van expertoordeel;2007-01-01;3;;3;Libellen;Coenagrionidae;2026-07-08;591;S;zeer zeldzaam
243930632;243930632;Speerwaterjuffer;Coenagrion hastulatum;2022-06-02;6;2022-06-02;1;ter plaatse;gezien;imago;Man;223435.11644638475;188459.98166933004;5.41496849060059;51.0016975402832;FS6952;Zonhoven - Teut;Zonhoven;Zonhoven;Limburg;ObsMapp;J;Goedgekeurd op basis van expertoordeel;2007-01-01;3;;3;Libellen;Coenagrionidae;2026-07-08;591;S;zeer zeldzaam
243930631;243930631;Speerwaterjuffer;Coenagrion hastulatum;2022-06-02;6;2022-06-02;1;ter plaatse;gezien;imago;Vrouw;223434.72194019333;188464.2202235721;5.414963722229;51.0017356872559;FS6952;Zonhoven - Teut;Zonhoven;Zonhoven;Limburg;ObsMapp;J;Goedgekeurd op basis van expertoordeel;2007-01-01;3;;3;Libellen;Coenagrionidae;2026-07-08;591;S;zeer zeldzaam
350233955;350233955;Speerwaterjuffer;Coenagrion hastulatum;2025-05-13;5;2025-05-13;1;ter plaatse;gezien;imago;Man;223346.3098706045;188433.0424356693;5.4136980455592845;51.00146665303449;FS6952;Zonhoven - Teut;Zonhoven;Zonhoven;Limburg;Observation;J;Goedgekeurd op basis van expertoordeel;1980-01-01;3;;5;Libellen;Coenagrionidae;2026-07-08;591;S;zeer zeldzaam
405839992;405839992;Speerwaterjuffer;Coenagrion hastulatum;2026-06-15;6;2026-06-18;1;ter plaatse;onbekend;imago;Man;223429.99281210316;188486.2439113092;5.414900779505842;51.00193423989301;FS6952;Zonhoven - Teut;Zonhoven;Zonhoven;Limburg;Site;J;Goedgekeurd op basis van bewijsmateriaal;1980-01-01;3;;4;Libellen;Coenagrionidae;2026-07-08;591;S;zeer zeldzaam
243930621;243930621;Speerwaterjuffer;Coenagrion hastulatum;2022-06-02;6;2022-06-02;1;ter plaatse;gezien;imago;Man;223387.09992052207;188472.8860253673;5.41428709030151;51.0018196105957;FS6952;Zonhoven - Teut;Zonhoven;Zonhoven;Limburg;ObsMapp;J;Goedgekeurd op basis van expertoordeel;2007-01-01;3;;3;Libellen;Coenagrionidae;2026-07-08;591;S;zeer zeldzaam
243930620;243930620;Speerwaterjuffer;Coenagrion hastulatum;2022-06-02;6;2022-06-02;1;ter plaatse;gezien;imago;Man;223381.55867601477;188469.41265407857;5.41420745849609;51.0017890930176;FS6952;Zonhoven - Teut;Zonhoven;Zonhoven;Limburg;ObsMapp;J;Goedgekeurd op basis van expertoordeel;2007-01-01;3;;3;Libellen;Coenagrionidae;2026-07-08;591;S;zeer zeldzaam
243930613;243930613;Speerwaterjuffer;Coenagrion hastulatum;2022-06-02;6;2022-06-02;1;ter plaatse;gezien;imago;Man;223356.78076592015;188446.14537056812;5.41384983062744;51.0015830993652;FS6952;Zonhoven - Teut;Zonhoven;Zonhoven;Limburg;ObsMapp;J;Goedgekeurd op basis van expertoordeel;2007-01-01;3;;3;Libellen;Coenagrionidae;2026-07-08;591;S;zeer zeldzaam
350233952;350233952;Speerwaterjuffer;Coenagrion hastulatum;2025-05-13;5;2025-05-13;1;ter plaatse;gezien;imago;Man;223342.44178688503;188428.28493037727;5.413641991016332;51.001424381220346;FS6952;Zonhoven - Teut;Zonhoven;Zonhoven;Limburg;Observation;J;Goedgekeurd op basis van expertoordeel;1980-01-01;3;;5;Libellen;Coenagrionidae;2026-07-08;591;S;zeer zeldzaam
350233940;350233940;Speerwaterjuffer;Coenagrion hastulatum;2025-05-13;5;2025-05-13;1;ter plaatse;gezien;imago;Man;223340.4102948618;188426.64573824315;5.413612723974342;51.00140990495788;FS6952;Zonhoven - Teut;Zonhoven;Zonhoven;Limburg;Observation;J;Goedgekeurd op basis van expertoordeel;1980-01-01;3;;5;Libellen;Coenagrionidae;2026-07-08;591;S;zeer zeldzaam
243930608;243930608;Speerwaterjuffer;Coenagrion hastulatum;2022-06-02;6;2022-06-02;1;ter plaatse;gezien;imago;Man;223364.22615174548;188435.63995498695;5.41395378112793;51.0014877319336;FS6952;Zonhoven - Teut;Zonhoven;Zonhoven;Limburg;ObsMapp;J;Goedgekeurd op basis van expertoordeel;2007-01-01;3;;3;Libellen;Coenagrionidae;2026-07-08;591;S;zeer zeldzaam
243930606;243930606;Speerwaterjuffer;Coenagrion hastulatum;2022-06-02;6;2022-06-02;1;ter plaatse;gezien;imago;Man;223403.1888145854;188411.99748422112;5.4145040512085;51.0012702941895;FS6952;Zonhoven - Teut;Zonhoven;Zonhoven;Limburg;ObsMapp;J;Goedgekeurd op basis van expertoordeel;2007-01-01;3;;3;Libellen;Coenagrionidae;2026-07-08;591;S;zeer zeldzaam
350233821;350233821;Speerwaterjuffer;Coenagrion hastulatum;2025-05-13;5;2025-05-13;2;in copula;gezien;imago;onbekend;223380.1269718889;188469.9736602288;5.414187176573413;51.00179431676654;FS6952;Zonhoven - Teut;Zonhoven;Zonhoven;Limburg;Observation;J;Goedgekeurd op basis van expertoordeel;1980-01-01;3;;5;Libellen;Coenagrionidae;2026-07-08;591;S;zeer zeldzaam
192569629;192569629;Speerwaterjuffer;Coenagrion hastulatum;2020-05-27;5;2020-05-27;1;ter plaatse;onbekend;onbekend;Man;224323.23131289097;190855.6656484399;5.42810678482056;51.0231170654297;FS7055;Houthalen-Helchteren - Huttebeek;Houthalen-Helchteren;Houthalen;Limburg;Meetnetten.be;J;Goedgekeurd op basis van expertoordeel;2021-05-26;3;meetnetten.be: levensfase: imago_ activiteit: ter plaatse;10;Libellen;Coenagrionidae;2026-07-08;591;S;zeer zeldzaam
243930604;243930604;Speerwaterjuffer;Coenagrion hastulatum;2022-06-02;6;2022-06-02;2;in copula;gezien;imago;onbekend;223404.02551209988;188412.0092765652;5.41451597213745;51.0012702941895;FS6952;Zonhoven - Teut;Zonhoven;Zonhoven;Limburg;ObsMapp;J;Goedgekeurd op basis van expertoordeel;2007-01-01;3;;3;Libellen;Coenagrionidae;2026-07-08;591;S;zeer zeldzaam
192569627;192569627;Speerwaterjuffer;Coenagrion hastulatum;2020-05-27;5;2020-05-27;1;ter plaatse;onbekend;onbekend;Man;224320.97789897863;190856.48230821543;5.42807483673096;51.0231246948242;FS7055;Houthalen-Helchteren - Huttebeek;Houthalen-Helchteren;Houthalen;Limburg;Meetnetten.be;J;Goedgekeurd op basis van expertoordeel;2021-05-26;3;meetnetten.be: levensfase: imago_ activiteit: ter plaatse;10;Libellen;Coenagrionidae;2026-07-08;591;S;zeer zeldzaam
243930602;243930602;Speerwaterjuffer;Coenagrion hastulatum;2022-06-02;6;2022-06-02;1;ter plaatse;gezien;imago;Man;223406.45314292115;188410.77025739665;5.41455030441284;51.0012588500977;FS6952;Zonhoven - Teut;Zonhoven;Zonhoven;Limburg;ObsMapp;J;Goedgekeurd op basis van expertoordeel;2007-01-01;3;;3;Libellen;Coenagrionidae;2026-07-08;591;S;zeer zeldzaam
192569626;192569626;Speerwaterjuffer;Coenagrion hastulatum;2020-05-27;5;2020-05-27;1;in copula;onbekend;onbekend;onbekend;224319.8284082865;190857.31472892687;5.42805862426758;51.0231323242188;FS7055;Houthalen-Helchteren - Huttebeek;Houthalen-Helchteren;Houthalen;Limburg;Meetnetten.be;J;Goedgekeurd op basis van expertoordeel;2021-05-26;3;meetnetten.be: levensfase: imago_ activiteit: copula;10;Libellen;Coenagrionidae;2026-07-08;591;S;zeer zeldzaam
405253186;405253186;Speerwaterjuffer;Coenagrion hastulatum;2026-06-15;6;2026-06-15;1;ter plaatse;gezien;imago;Man;223421.25703802204;188406.29516815676;5.414760283739544;51.00121675148733;FS6952;Zonhoven - Teut;Zonhoven;Zonhoven;Limburg;Observation;J;Goedgekeurd op basis van bewijsmateriaal;1980-01-01;3;;5;Libellen;Coenagrionidae;2026-07-08;591;S;zeer zeldzaam
192569658;192569658;Speerwaterjuffer;Coenagrion hastulatum;2020-05-27;5;2020-05-27;1;in copula;onbekend;onbekend;onbekend;224336.7093964859;190853.7360147769;5.42829847335815;51.0230979919434;FS7055;Houthalen-Helchteren - Huttebeek;Houthalen-Helchteren;Houthalen;Limburg;Meetnetten.be;J;Goedgekeurd op basis van expertoordeel;2021-05-26;3;meetnetten.be: levensfase: imago_ activiteit: copula;10;Libellen;Coenagrionidae;2026-07-08;591;S;zeer zeldzaam
244387394;244387394:2607234;Speerwaterjuffer;Coenagrion hastulatum;2022-06-02;6;2022-06-06;1;in copula;gezien;imago;Man;223571.79551775285;188606.6351159448;5.41694498062134;51.0029983520508;FS6952;Zonhoven - Teut;Zonhoven;Zonhoven;Limburg;ObsMapp;J;Goedgekeurd op basis van expertoordeel;2007-01-01;3;;3;Libellen;Coenagrionidae;2026-07-08;591;S;zeer zeldzaam
195918050;195918050;Speerwaterjuffer;Coenagrion hastulatum;2020-05-27;5;2020-07-11;1;ter plaatse;onbekend;imago;Man;223529.40027459015;188541.52576997783;5.41632795333862;51.0024185180664;FS6952;Zonhoven - Teut;Zonhoven;Zonhoven;Limburg;ObsMapp;J;Goedgekeurd op basis van expertoordeel;2007-01-01;3;;25;Libellen;Coenagrionidae;2026-07-08;591;S;zeer zeldzaam
192569651;192569651;Speerwaterjuffer;Coenagrion hastulatum;2020-05-27;5;2020-05-27;1;ter plaatse;onbekend;onbekend;Man;224336.0068998649;190853.725983412;5.42828845977783;51.0230979919434;FS7055;Houthalen-Helchteren - Huttebeek;Houthalen-Helchteren;Houthalen;Limburg;Meetnetten.be;J;Goedgekeurd op basis van expertoordeel;2021-05-26;3;meetnetten.be: levensfase: imago_ activiteit: ter plaatse;10;Libellen;Coenagrionidae;2026-07-08;591;S;zeer zeldzaam
350233820;350233820;Speerwaterjuffer;Coenagrion hastulatum;2025-05-13;5;2025-05-13;2;ter plaatse;gezien;imago;Man;223379.34810344968;188469.50407655255;5.4141759874021576;51.00179019468906;FS6952;Zonhoven - Teut;Zonhoven;Zonhoven;Limburg;Observation;J;Goedgekeurd op basis van expertoordeel;1980-01-01;3;;5;Libellen;Coenagrionidae;2026-07-08;591;S;zeer zeldzaam
192569650;192569650;Speerwaterjuffer;Coenagrion hastulatum;2020-05-27;5;2020-05-27;1;ter plaatse;onbekend;onbekend;Man;224336.04035208508;190853.7264610957;5.42828893661499;51.0230979919434;FS7055;Houthalen-Helchteren - Huttebeek;Houthalen-Helchteren;Houthalen;Limburg;Meetnetten.be;J;Goedgekeurd op basis van expertoordeel;2021-05-26;3;meetnetten.be: levensfase: imago_ activiteit: ter plaatse;10;Libellen;Coenagrionidae;2026-07-08;591;S;zeer zeldzaam
244387393;244387393;Speerwaterjuffer;Coenagrion hastulatum;2022-06-02;6;2022-06-06;2;ter plaatse;gezien;imago;Man;223571.6496624691;188607.4818795193;5.41694307327271;51.0030059814453;FS6952;Zonhoven - Teut;Zonhoven;Zonhoven;Limburg;ObsMapp;J;Goedgekeurd op basis van expertoordeel;2007-01-01;3;;3;Libellen;Coenagrionidae;2026-07-08;591;S;zeer zeldzaam
195918051;195918051;Speerwaterjuffer;Coenagrion hastulatum;2020-05-27;5;2020-07-11;2;in copula;onbekend;imago;onbekend;223525.9796048249;188537.23335790727;5.41627836227417;51.0023803710938;FS6952;Zonhoven - Teut;Zonhoven;Zonhoven;Limburg;ObsMapp;J;Goedgekeurd op basis van expertoordeel;2007-01-01;3;;25;Libellen;Coenagrionidae;2026-07-08;591;S;zeer zeldzaam
244387391;244387391;Speerwaterjuffer;Coenagrion hastulatum;2022-06-02;6;2022-06-06;1;ter plaatse;gezien;imago;Man;223579.7755349176;188619.9046265306;5.41706132888794;51.003116607666;FS6952;Zonhoven - Teut;Zonhoven;Zonhoven;Limburg;ObsMapp;J;Goedgekeurd op basis van expertoordeel;2007-01-01;3;;6;Libellen;Coenagrionidae;2026-07-08;591;S;zeer zeldzaam
192570009;192570009;Speerwaterjuffer;Coenagrion hastulatum;2020-05-27;5;2020-05-27;1;ter plaatse;onbekend;onbekend;Man;223564.43033166075;190274.4744043015;5.41717576980591;51.0179901123047;FS6954;Houthalen - Tenhaagdoornheide;Houthalen-Helchteren;Houthalen;Limburg;Meetnetten.be;J;Goedgekeurd op basis van expertoordeel;2021-05-26;3;meetnetten.be: levensfase: adult_ activiteit: ter plaatse;10;Libellen;Coenagrionidae;2026-07-08;591;S;zeer zeldzaam
192569693;192569693;Speerwaterjuffer;Coenagrion hastulatum;2020-05-27;5;2020-05-27;1;ter plaatse;onbekend;onbekend;Man;224350.3254096616;190872.6047582813;5.42849636077881;51.023265838623;FS7055;Houthalen-Helchteren - Huttebeek;Houthalen-Helchteren;Houthalen;Limburg;Meetnetten.be;J;Goedgekeurd op basis van expertoordeel;2021-05-26;3;meetnetten.be: levensfase: imago_ activiteit: ter plaatse;10;Libellen;Coenagrionidae;2026-07-08;591;S;zeer zeldzaam
399762669;399762669;Speerwaterjuffer;Coenagrion hastulatum;2026-05-21;5;2026-05-21;2;ter plaatse;gezien;imago;Man;223531.14614105737;188553.00954029988;5.416355133056641;51.00252151489258;FS6952;Zonhoven - Teut;Zonhoven;Zonhoven;Limburg;ObsMapp;J;Goedgekeurd op basis van expertoordeel;1980-01-01;3;;1;Libellen;Coenagrionidae;2026-07-08;591;S;zeer zeldzaam
244387388;244387388;Speerwaterjuffer;Coenagrion hastulatum;2022-06-02;6;2022-06-06;1;ter plaatse;gezien;imago;Man;223583.37444333095;188618.682238034;5.41711235046387;51.0031051635742;FS6952;Zonhoven - Teut;Zonhoven;Zonhoven;Limburg;ObsMapp;J;Goedgekeurd op basis van expertoordeel;2007-01-01;3;;3;Libellen;Coenagrionidae;2026-07-08;591;S;zeer zeldzaam
192569992;192569992;Speerwaterjuffer;Coenagrion hastulatum;2020-05-27;5;2020-05-27;1;in copula;onbekend;onbekend;onbekend;224339.69335521583;190808.7905598888;5.42833185195923;51.0226936340332;FS7055;Houthalen-Helchteren - Huttebeek;Houthalen-Helchteren;Houthalen;Limburg;Meetnetten.be;J;Goedgekeurd op basis van expertoordeel;2021-05-26;3;meetnetten.be: levensfase: imago_ activiteit: copula;10;Libellen;Coenagrionidae;2026-07-08;591;S;zeer zeldzaam
243930600;243930600;Speerwaterjuffer;Coenagrion hastulatum;2022-06-02;6;2022-06-02;2;in copula;gezien;imago;onbekend;223406.45314292115;188410.77025739665;5.41455030441284;51.0012588500977;FS6952;Zonhoven - Teut;Zonhoven;Zonhoven;Limburg;ObsMapp;J;Goedgekeurd op basis van expertoordeel;2007-01-01;3;;3;Libellen;Coenagrionidae;2026-07-08;591;S;zeer zeldzaam
350233809;350233809;Speerwaterjuffer;Coenagrion hastulatum;2025-05-13;5;2025-05-13;1;ter plaatse;gezien;imago;Man;223385.3985847258;188472.143412428;5.4142627058266966;51.001813151316085;FS6952;Zonhoven - Teut;Zonhoven;Zonhoven;Limburg;Observation;J;Goedgekeurd op basis van expertoordeel;1980-01-01;3;;5;Libellen;Coenagrionidae;2026-07-08;591;S;zeer zeldzaam
243930597;243930597;Speerwaterjuffer;Coenagrion hastulatum;2022-06-02;6;2022-06-02;1;ter plaatse;gezien;imago;Man;223414.5105074344;188413.85470896307;5.41466569900513;51.0012855529785;FS6952;Zonhoven - Teut;Zonhoven;Zonhoven;Limburg;ObsMapp;J;Goedgekeurd op basis van expertoordeel;2007-01-01;3;;3;Libellen;Coenagrionidae;2026-07-08;591;S;zeer zeldzaam
195918053;195918053;Speerwaterjuffer;Coenagrion hastulatum;2020-05-27;5;2020-07-11;1;ter plaatse;onbekend;imago;Man;223499.47892838236;188519.88282230217;5.41589736938477;51.0022277832031;FS6952;Zonhoven - Teut;Zonhoven;Zonhoven;Limburg;ObsMapp;J;Goedgekeurd op basis van expertoordeel;2007-01-01;3;;25;Libellen;Coenagrionidae;2026-07-08;591;S;zeer zeldzaam
192569692;192569692;Speerwaterjuffer;Coenagrion hastulatum;2020-05-27;5;2020-05-27;1;in copula;onbekend;onbekend;onbekend;224349.99379883177;190870.0535274716;5.42849111557007;51.0232429504395;FS7055;Houthalen-Helchteren - Huttebeek;Houthalen-Helchteren;Houthalen;Limburg;Meetnetten.be;J;Goedgekeurd op basis van expertoordeel;2021-05-26;3;meetnetten.be: levensfase: imago_ activiteit: copula;10;Libellen;Coenagrionidae;2026-07-08;591;S;zeer zeldzaam
243930594;243930594;Speerwaterjuffer;Coenagrion hastulatum;2022-06-02;6;2022-06-02;3;ter plaatse;gezien;imago;Man;223418.06280136973;188420.69536903128;5.41471767425537;51.0013465881348;FS6952;Zonhoven - Teut;Zonhoven;Zonhoven;Limburg;ObsMapp;J;Goedgekeurd op basis van expertoordeel;2007-01-01;3;;3;Libellen;Coenagrionidae;2026-07-08;591;S;zeer zeldzaam
275214028;275214028;Speerwaterjuffer;Coenagrion hastulatum;2023-06-06;6;2023-06-07;1;ter plaatse;onbekend;imago;Man;223430.5098839486;188459.0678950753;5.41490268707275;51.0016899108887;FS6952;Zonhoven - Teut;Zonhoven;Zonhoven;Limburg;Meetnetten.be;J;Goedgekeurd op basis van expertoordeel;2024-06-04;3;meetnetten.be: life stage: imago_ activity: present;10;Libellen;Coenagrionidae;2026-07-08;591;S;zeer zeldzaam
195918055;195918055;Speerwaterjuffer;Coenagrion hastulatum;2020-05-27;5;2020-07-11;1;ter plaatse;onbekend;imago;Man;223492.97570578012;188513.4248717446;5.4158034324646;51.0021705627441;FS6952;Zonhoven - Teut;Zonhoven;Zonhoven;Limburg;ObsMapp;J;Goedgekeurd op basis van expertoordeel;2007-01-01;3;;25;Libellen;Coenagrionidae;2026-07-08;591;S;zeer zeldzaam
243930593;243930593;Speerwaterjuffer;Coenagrion hastulatum;2022-06-02;6;2022-06-02;2;ter plaatse;gezien;imago;Man;223420.24419307028;188420.30170832667;5.41474866867065;51.0013427734375;FS6952;Zonhoven - Teut;Zonhoven;Zonhoven;Limburg;ObsMapp;J;Goedgekeurd op basis van expertoordeel;2007-01-01;3;;3;Libellen;Coenagrionidae;2026-07-08;591;S;zeer zeldzaam
243930591;243930591;Speerwaterjuffer;Coenagrion hastulatum;2022-06-02;6;2022-06-02;1;ter plaatse;gezien;imago;Man;223423.98774235253;188425.4474223917;5.41480302810669;51.0013885498047;FS6952;Zonhoven - Teut;Zonhoven;Zonhoven;Limburg;ObsMapp;J;Goedgekeurd op basis van expertoordeel;2007-01-01;3;;3;Libellen;Coenagrionidae;2026-07-08;591;S;zeer zeldzaam
350210165;350210165;Speerwaterjuffer;Coenagrion hastulatum;2025-05-13;5;2025-05-13;1;ter plaatse;gezien;imago;Man;223425.3506328282;188480.93145761453;5.414833584911618;51.001887078763296;FS6952;Zonhoven - Teut;Zonhoven;Zonhoven;Limburg;Observation;J;Goedgekeurd op basis van expertoordeel;1980-01-01;3;;5;Libellen;Coenagrionidae;2026-07-08;591;S;zeer zeldzaam
192569991;192569991;Speerwaterjuffer;Coenagrion hastulatum;2020-05-27;5;2020-05-27;1;ter plaatse;onbekend;onbekend;Man;224339.69335521583;190808.7905598888;5.42833185195923;51.0226936340332;FS7055;Houthalen-Helchteren - Huttebeek;Houthalen-Helchteren;Houthalen;Limburg;Meetnetten.be;J;Goedgekeurd op basis van expertoordeel;2021-05-26;3;meetnetten.be: levensfase: imago_ activiteit: ter plaatse;10;Libellen;Coenagrionidae;2026-07-08;591;S;zeer zeldzaam
195918058;195918058;Speerwaterjuffer;Coenagrion hastulatum;2020-05-27;5;2020-07-11;2;in copula;onbekend;imago;onbekend;224333.83549591596;190797.24768922664;5.42824602127075;51.022590637207;FS7055;Houthalen-Helchteren - Huttebeek;Houthalen-Helchteren;Houthalen;Limburg;ObsMapp;J;Goedgekeurd op basis van expertoordeel;2007-01-01;3;;25;Libellen;Coenagrionidae;2026-07-08;591;S;zeer zeldzaam
350210010;350210010;Speerwaterjuffer;Coenagrion hastulatum;2025-05-13;5;2025-05-13;1;ter plaatse;gezien;imago;Man;223428.84770423148;188478.69220347985;5.4148829508036025;51.00186650874611;FS6952;Zonhoven - Teut;Zonhoven;Zonhoven;Limburg;Observation;J;Goedgekeurd op basis van expertoordeel;1980-01-01;3;;5;Libellen;Coenagrionidae;2026-07-08;591;S;zeer zeldzaam
192569990;192569990;Speerwaterjuffer;Coenagrion hastulatum;2020-05-27;5;2020-05-27;1;ter plaatse;onbekend;onbekend;Man;224339.69335521583;190808.7905598888;5.42833185195923;51.0226936340332;FS7055;Houthalen-Helchteren - Huttebeek;Houthalen-Helchteren;Houthalen;Limburg;Meetnetten.be;J;Goedgekeurd op basis van expertoordeel;2021-05-26;3;meetnetten.be: levensfase: imago_ activiteit: ter plaatse;10;Libellen;Coenagrionidae;2026-07-08;591;S;zeer zeldzaam
350210002;350210002;Speerwaterjuffer;Coenagrion hastulatum;2025-05-13;5;2025-05-13;2;ter plaatse;gezien;imago;Man;223435.51227243288;188470.584616418;5.414976258765142;51.001792791531365;FS6952;Zonhoven - Teut;Zonhoven;Zonhoven;Limburg;Observation;J;Goedgekeurd op basis van expertoordeel;1980-01-01;3;;5;Libellen;Coenagrionidae;2026-07-08;591;S;zeer zeldzaam
350210001;350210001;Speerwaterjuffer;Coenagrion hastulatum;2025-05-13;5;2025-05-13;1;ter plaatse;gezien;imago;Man;223435.96036976413;188468.52824100573;5.414982228839838;51.0017742516274;FS6952;Zonhoven - Teut;Zonhoven;Zonhoven;Limburg;Observation;J;Goedgekeurd op basis van expertoordeel;1980-01-01;3;;5;Libellen;Coenagrionidae;2026-07-08;591;S;zeer zeldzaam
350209996;350209996;Speerwaterjuffer;Coenagrion hastulatum;2025-05-13;5;2025-05-13;1;ter plaatse;gezien;imago;Man;223431.445856921;188464.7720634127;5.414917165558971;51.001741062484506;FS6952;Zonhoven - Teut;Zonhoven;Zonhoven;Limburg;Observation;J;Goedgekeurd op basis van expertoordeel;1980-01-01;3;;5;Libellen;Coenagrionidae;2026-07-08;591;S;zeer zeldzaam
350209994;350209994;Speerwaterjuffer;Coenagrion hastulatum;2025-05-13;5;2025-05-13;1;ter plaatse;gezien;imago;Vrouw;223431.445856921;188464.7720634127;5.414917165558971;51.001741062484506;FS6952;Zonhoven - Teut;Zonhoven;Zonhoven;Limburg;Observation;J;Goedgekeurd op basis van expertoordeel;1980-01-01;3;;5;Libellen;Coenagrionidae;2026-07-08;591;S;zeer zeldzaam
350209993;350209993;Speerwaterjuffer;Coenagrion hastulatum;2025-05-13;5;2025-05-13;2;ter plaatse;gezien;imago;Man;223431.445856921;188464.7720634127;5.414917165558971;51.001741062484506;FS6952;Zonhoven - Teut;Zonhoven;Zonhoven;Limburg;Observation;J;Goedgekeurd op basis van expertoordeel;1980-01-01;3;;5;Libellen;Coenagrionidae;2026-07-08;591;S;zeer zeldzaam
350209930;350209930;Speerwaterjuffer;Coenagrion hastulatum;2025-05-13;5;2025-05-13;2;in copula;gezien;imago;onbekend;223423.73964684055;188439.7894606432;5.414802374219548;51.001517490372166;FS6952;Zonhoven - Teut;Zonhoven;Zonhoven;Limburg;Observation;J;Goedgekeurd op basis van expertoordeel;1980-01-01;3;;5;Libellen;Coenagrionidae;2026-07-08;591;S;zeer zeldzaam
216236978;216236978;Speerwaterjuffer;Coenagrion hastulatum;2021-06-01;6;2021-06-07;1;ter plaatse;onbekend;onbekend;Man;223425.85336714657;188440.32813119888;5.4148325920105;51.001522064209;FS6952;Zonhoven - Teut;Zonhoven;Zonhoven;Limburg;Meetnetten.be;J;Goedgekeurd op basis van expertoordeel;2022-05-31;3;meetnetten.be: levensfase: imago_ activiteit: ter plaatse;10;Libellen;Coenagrionidae;2026-07-08;591;S;zeer zeldzaam
350209926;350209926;Speerwaterjuffer;Coenagrion hastulatum;2025-05-13;5;2025-05-13;1;ter plaatse;gezien;imago;Man;223424.79257818623;188440.09060921613;5.414817433537936;51.001520063733686;FS6952;Zonhoven - Teut;Zonhoven;Zonhoven;Limburg;Observation;J;Goedgekeurd op basis van expertoordeel;1980-01-01;3;;5;Libellen;Coenagrionidae;2026-07-08;591;S;zeer zeldzaam
350209908;350209908;Speerwaterjuffer;Coenagrion hastulatum;2025-05-13;5;2025-05-13;1;ter plaatse;gezien;imago;Man;223422.9440993815;188426.65799537487;5.414788404723997;51.00139956292258;FS6952;Zonhoven - Teut;Zonhoven;Zonhoven;Limburg;Observation;J;Goedgekeurd op basis van expertoordeel;1980-01-01;3;;5;Libellen;Coenagrionidae;2026-07-08;591;S;zeer zeldzaam
244748640;244748640;Speerwaterjuffer;Coenagrion hastulatum;2022-05-25;5;2022-06-09;1;ter plaatse;onbekend;imago;Man;224316.50768949924;190860.23823204264;5.42801189422607;51.0231590270996;FS7055;Houthalen-Helchteren - Huttebeek;Houthalen-Helchteren;Houthalen;Limburg;Meetnetten.be;J;Goedgekeurd op basis van expertoordeel;2023-05-24;3;meetnetten.be: levensfase: imago_ activiteit: ter plaatse;10;Libellen;Coenagrionidae;2026-07-08;591;S;zeer zeldzaam
216236983;216236983;Speerwaterjuffer;Coenagrion hastulatum;2021-06-01;6;2021-06-07;1;ter plaatse;onbekend;onbekend;Man;223422.54248728813;188437.7349847816;5.41478490829468;51.0014991760254;FS6952;Zonhoven - Teut;Zonhoven;Zonhoven;Limburg;Meetnetten.be;J;Goedgekeurd op basis van expertoordeel;2022-05-31;3;meetnetten.be: levensfase: imago_ activiteit: ter plaatse;10;Libellen;Coenagrionidae;2026-07-08;591;S;zeer zeldzaam
350209903;350209903;Speerwaterjuffer;Coenagrion hastulatum;2025-05-13;5;2025-05-13;2;in copula;gezien;imago;onbekend;223422.9440993815;188426.65799537487;5.414788404723997;51.00139956292258;FS6952;Zonhoven - Teut;Zonhoven;Zonhoven;Limburg;Observation;J;Goedgekeurd op basis van expertoordeel;1980-01-01;3;;5;Libellen;Coenagrionidae;2026-07-08;591;S;zeer zeldzaam
350209782;350209782;Speerwaterjuffer;Coenagrion hastulatum;2025-05-13;5;2025-05-13;1;ter plaatse;gezien;imago;Man;223400.82254657228;188412.11060899403;5.414470366981408;51.00127161072773;FS6952;Zonhoven - Teut;Zonhoven;Zonhoven;Limburg;Observation;J;Goedgekeurd op basis van expertoordeel;1980-01-01;3;;5;Libellen;Coenagrionidae;2026-07-08;591;S;zeer zeldzaam
350183512;350183512;Speerwaterjuffer;Coenagrion hastulatum;2025-05-13;5;2025-05-13;1;in copula;gezien;imago;onbekend;224320.58473567347;190812.8324957313;5.428060352662097;51.02273241572177;FS7055;Houthalen-Helchteren - Huttebeek;Houthalen-Helchteren;Houthalen;Limburg;Observation;J;Goedgekeurd op basis van expertoordeel;1980-01-01;3;;5;Libellen;Coenagrionidae;2026-07-08;591;S;zeer zeldzaam
216236992;216236992;Speerwaterjuffer;Coenagrion hastulatum;2021-06-01;6;2021-06-07;1;ter plaatse;onbekend;onbekend;Man;223423.2430439;188428.4078051373;5.41479301452637;51.0014152526855;FS6952;Zonhoven - Teut;Zonhoven;Zonhoven;Limburg;Meetnetten.be;J;Goedgekeurd op basis van expertoordeel;2022-05-31;3;meetnetten.be: levensfase: imago_ activiteit: ter plaatse;10;Libellen;Coenagrionidae;2026-07-08;591;S;zeer zeldzaam
350183395;350183395;Speerwaterjuffer;Coenagrion hastulatum;2025-05-13;5;2025-05-13;2;ter plaatse;gezien;imago;Man;224304.0652927844;190844.9893733431;5.427831470935586;51.02302356498011;FS7055;Houthalen-Helchteren - Huttebeek;Houthalen-Helchteren;Houthalen;Limburg;Observation;J;Goedgekeurd op basis van expertoordeel;1980-01-01;3;;5;Libellen;Coenagrionidae;2026-07-08;591;S;zeer zeldzaam
350183383;350183383;Speerwaterjuffer;Coenagrion hastulatum;2025-05-13;5;2025-05-13;1;ter plaatse;gezien;imago;Man;224304.49776510635;190840.48572243564;5.427836718135881;51.02298303016282;FS7055;Houthalen-Helchteren - Huttebeek;Houthalen-Helchteren;Houthalen;Limburg;Observation;J;Goedgekeurd op basis van expertoordeel;1980-01-01;3;;5;Libellen;Coenagrionidae;2026-07-08;591;S;zeer zeldzaam
192569980;192569980;Speerwaterjuffer;Coenagrion hastulatum;2020-05-27;5;2020-05-27;1;ter plaatse;onbekend;onbekend;Man;224337.4030568941;190802.81603519895;5.428297996521;51.0226402282715;FS7055;Houthalen-Helchteren - Huttebeek;Houthalen-Helchteren;Houthalen;Limburg;Meetnetten.be;J;Goedgekeurd op basis van expertoordeel;2021-05-26;3;meetnetten.be: levensfase: imago_ activiteit: ter plaatse;10;Libellen;Coenagrionidae;2026-07-08;591;S;zeer zeldzaam
350168702;350168702;Speerwaterjuffer;Coenagrion hastulatum;2025-05-13;5;2025-05-13;1;in copula;gezien;imago;Man;224224.61443954307;190992.8840067685;5.426729241583814;51.02436304637983;FS7055;Houthalen-Helchteren - Huttebeek;Houthalen-Helchteren;Houthalen;Limburg;Observation;J;Goedgekeurd op basis van expertoordeel;1980-01-01;3;;5;Libellen;Coenagrionidae;2026-07-08;591;S;zeer zeldzaam
192569979;192569979;Speerwaterjuffer;Coenagrion hastulatum;2020-05-27;5;2020-05-27;2;in copula;onbekend;onbekend;onbekend;224338.7714556742;190800.71349726152;5.42831707000732;51.0226211547852;FS7055;Houthalen-Helchteren - Huttebeek;Houthalen-Helchteren;Houthalen;Limburg;Meetnetten.be;J;Goedgekeurd op basis van expertoordeel;2021-05-26;3;meetnetten.be: levensfase: imago_ activiteit: copula;10;Libellen;Coenagrionidae;2026-07-08;591;S;zeer zeldzaam
195918060;195918060;Speerwaterjuffer;Coenagrion hastulatum;2020-05-27;5;2020-07-11;1;ter plaatse;onbekend;imago;Man;224326.7859570721;190794.1761244256;5.42814493179321;51.0225639343262;FS7055;Houthalen-Helchteren - Huttebeek;Houthalen-Helchteren;Houthalen;Limburg;ObsMapp;J;Goedgekeurd op basis van expertoordeel;2007-01-01;3;;25;Libellen;Coenagrionidae;2026-07-08;591;S;zeer zeldzaam
192569978;192569978;Speerwaterjuffer;Coenagrion hastulatum;2020-05-27;5;2020-05-27;3;ter plaatse;onbekend;onbekend;Man;224337.97465353616;190800.2777033877;5.42830562591553;51.0226173400879;FS7055;Houthalen-Helchteren - Huttebeek;Houthalen-Helchteren;Houthalen;Limburg;Meetnetten.be;J;Goedgekeurd op basis van expertoordeel;2021-05-26;3;meetnetten.be: levensfase: imago_ activiteit: ter plaatse;10;Libellen;Coenagrionidae;2026-07-08;591;S;zeer zeldzaam
243930590;243930590;Speerwaterjuffer;Coenagrion hastulatum;2022-06-02;6;2022-06-02;2;ter plaatse;gezien;imago;Man;223427.47550668177;188429.74070985612;5.41485357284546;51.0014266967773;FS6952;Zonhoven - Teut;Zonhoven;Zonhoven;Limburg;ObsMapp;J;Goedgekeurd op basis van expertoordeel;2007-01-01;3;;3;Libellen;Coenagrionidae;2026-07-08;591;S;zeer zeldzaam
350168670;350168670;Speerwaterjuffer;Coenagrion hastulatum;2025-05-13;5;2025-05-13;2;ter plaatse;gezien;imago;Man;224222.52660637532;190998.79620684215;5.426700687668601;51.02441645347178;FS7055;Houthalen-Helchteren - Huttebeek;Houthalen-Helchteren;Houthalen;Limburg;Observation;J;Goedgekeurd op basis van expertoordeel;1980-01-01;3;;5;Libellen;Coenagrionidae;2026-07-08;591;S;zeer zeldzaam
350168650;350168650;Speerwaterjuffer;Coenagrion hastulatum;2025-05-13;5;2025-05-13;1;ter plaatse;gezien;imago;Man;224220.9983058184;191001.80869310256;5.426679518808828;51.024443725895125;FS7055;Houthalen-Helchteren - Huttebeek;Houthalen-Helchteren;Houthalen;Limburg;Observation;J;Goedgekeurd op basis van expertoordeel;1980-01-01;3;;5;Libellen;Coenagrionidae;2026-07-08;591;S;zeer zeldzaam
350168633;350168633;Speerwaterjuffer;Coenagrion hastulatum;2025-05-13;5;2025-05-13;3;ter plaatse;gezien;imago;Man;224214.3982766824;191014.00946395655;5.426587935600397;51.02455423356972;FS7055;Houthalen-Helchteren - Huttebeek;Houthalen-Helchteren;Houthalen;Limburg;Observation;J;Goedgekeurd op basis van expertoordeel;1980-01-01;3;;5;Libellen;Coenagrionidae;2026-07-08;591;S;zeer zeldzaam
275214111;275214111;Speerwaterjuffer;Coenagrion hastulatum;2023-06-06;6;2023-06-07;1;ter plaatse;onbekend;imago;Man;223421.47992542025;188434.7491238704;5.41476917266846;51.0014724731445;FS6952;Zonhoven - Teut;Zonhoven;Zonhoven;Limburg;Meetnetten.be;J;Goedgekeurd op basis van expertoordeel;2024-06-04;3;meetnetten.be: life stage: imago_ activity: present;10;Libellen;Coenagrionidae;2026-07-08;591;S;zeer zeldzaam
350168631;350168631;Speerwaterjuffer;Coenagrion hastulatum;2025-05-13;5;2025-05-13;1;ter plaatse;gezien;imago, niet uitgekleurd;Man;224212.7343129876;191011.41111584197;5.426563693166462;51.02453109254072;FS7055;Houthalen-Helchteren - Huttebeek;Houthalen-Helchteren;Houthalen;Limburg;Observation;J;Goedgekeurd op basis van expertoordeel;1980-01-01;3;;5;Libellen;Coenagrionidae;2026-07-08;591;S;zeer zeldzaam
350168626;350168626;Speerwaterjuffer;Coenagrion hastulatum;2025-05-13;5;2025-05-13;1;ter plaatse;gezien;imago;Man;224214.8298278305;191007.4208524013;5.426592747290806;51.02449495908397;FS7055;Houthalen-Helchteren - Huttebeek;Houthalen-Helchteren;Houthalen;Limburg;Observation;J;Goedgekeurd op basis van expertoordeel;1980-01-01;3;;5;Libellen;Coenagrionidae;2026-07-08;591;S;zeer zeldzaam
350168619;350168619;Speerwaterjuffer;Coenagrion hastulatum;2025-05-13;5;2025-05-13;1;ter plaatse;gezien;imago;Man;224212.99993775223;190994.76198260207;5.426564096062889;51.02438141420557;FS7055;Houthalen-Helchteren - Huttebeek;Houthalen-Helchteren;Houthalen;Limburg;Observation;J;Goedgekeurd op basis van expertoordeel;1980-01-01;3;;5;Libellen;Coenagrionidae;2026-07-08;591;S;zeer zeldzaam
244748703;244748703;Speerwaterjuffer;Coenagrion hastulatum;2022-06-02;6;2022-06-09;1;in copula;onbekend;imago;onbekend;223408.89273662245;188408.68258478583;5.41458463668823;51.0012397766113;FS6952;Zonhoven - Teut;Zonhoven;Zonhoven;Limburg;Meetnetten.be;J;Goedgekeurd op basis van expertoordeel;2023-06-01;3;meetnetten.be: levensfase: imago_ activiteit: copula;10;Libellen;Coenagrionidae;2026-07-08;591;S;zeer zeldzaam
350168611;350168611;Speerwaterjuffer;Coenagrion hastulatum;2025-05-13;5;2025-05-13;1;ter plaatse;gezien;imago;Man;224212.80919571585;190989.1073058052;5.42656022875428;51.02433061376826;FS7055;Houthalen-Helchteren - Huttebeek;Houthalen-Helchteren;Houthalen;Limburg;Observation;J;Goedgekeurd op basis van expertoordeel;1980-01-01;3;;5;Libellen;Coenagrionidae;2026-07-08;591;S;zeer zeldzaam
350168570;350168570;Speerwaterjuffer;Coenagrion hastulatum;2025-05-13;5;2025-05-13;1;ter plaatse;gezien;imago;Man;224176.5012630447;190980.38317045383;5.426041005478;51.02425685147999;FS7055;Houthalen-Helchteren - Huttebeek;Houthalen-Helchteren;Houthalen;Limburg;Observation;J;Goedgekeurd op basis van expertoordeel;1980-01-01;3;;5;Libellen;Coenagrionidae;2026-07-08;591;S;zeer zeldzaam
192569624;192569624;Speerwaterjuffer;Coenagrion hastulatum;2020-05-27;5;2020-05-27;1;ter plaatse;onbekend;onbekend;Man;224317.21913690813;190857.2774785152;5.42802143096924;51.0231323242188;FS7055;Houthalen-Helchteren - Huttebeek;Houthalen-Helchteren;Houthalen;Limburg;Meetnetten.be;J;Goedgekeurd op basis van expertoordeel;2021-05-26;3;meetnetten.be: levensfase: imago_ activiteit: ter plaatse;10;Libellen;Coenagrionidae;2026-07-08;591;S;zeer zeldzaam
275214118;275214118;Speerwaterjuffer;Coenagrion hastulatum;2023-06-06;6;2023-06-07;1;ter plaatse;onbekend;imago;Man;224306.22090909752;190830.80670738965;5.42785930633545;51.0228958129883;FS7055;Houthalen-Helchteren - Huttebeek;Houthalen-Helchteren;Houthalen;Limburg;Meetnetten.be;J;Goedgekeurd op basis van expertoordeel;2024-06-04;3;meetnetten.be: life stage: imago_ activity: present;10;Libellen;Coenagrionidae;2026-07-08;591;S;zeer zeldzaam
275214026;275214026;Speerwaterjuffer;Coenagrion hastulatum;2023-06-06;6;2023-06-07;1;ter plaatse;onbekend;imago;Man;223424.39937600997;188479.3535058349;5.41481971740723;51.0018730163574;FS6952;Zonhoven - Teut;Zonhoven;Zonhoven;Limburg;Meetnetten.be;J;Goedgekeurd op basis van expertoordeel;2024-06-04;3;meetnetten.be: life stage: imago_ activity: present;10;Libellen;Coenagrionidae;2026-07-08;591;S;zeer zeldzaam
275214025;275214025;Speerwaterjuffer;Coenagrion hastulatum;2023-06-06;6;2023-06-07;1;ter plaatse;onbekend;imago;Man;223424.0981687968;188479.34925939888;5.4148154258728;51.0018730163574;FS6952;Zonhoven - Teut;Zonhoven;Zonhoven;Limburg;Meetnetten.be;J;Goedgekeurd op basis van expertoordeel;2024-06-04;3;meetnetten.be: life stage: imago_ activity: present;10;Libellen;Coenagrionidae;2026-07-08;591;S;zeer zeldzaam
192569622;192569622;Speerwaterjuffer;Coenagrion hastulatum;2020-05-27;5;2020-05-27;1;ter plaatse;onbekend;onbekend;Man;224313.05578427768;190855.94479732588;5.42796182632446;51.023120880127;FS7055;Houthalen-Helchteren - Huttebeek;Houthalen-Helchteren;Houthalen;Limburg;Meetnetten.be;J;Goedgekeurd op basis van expertoordeel;2021-05-26;3;meetnetten.be: levensfase: imago_ activiteit: ter plaatse;10;Libellen;Coenagrionidae;2026-07-08;591;S;zeer zeldzaam
244387387;244387387;Speerwaterjuffer;Coenagrion hastulatum;2022-06-02;6;2022-06-06;1;ter plaatse;gezien;imago;Man;223589.30304303652;188613.67306183465;5.41719579696655;51.003059387207;FS6952;Zonhoven - Teut;Zonhoven;Zonhoven;Limburg;ObsMapp;J;Goedgekeurd op basis van expertoordeel;2007-01-01;3;;3;Libellen;Coenagrionidae;2026-07-08;591;S;zeer zeldzaam
192569618;192569618;Speerwaterjuffer;Coenagrion hastulatum;2020-05-27;5;2020-05-27;1;ter plaatse;onbekend;onbekend;Man;224312.70914757132;190856.78868048263;5.42795705795288;51.0231285095215;FS7055;Houthalen-Helchteren - Huttebeek;Houthalen-Helchteren;Houthalen;Limburg;Meetnetten.be;J;Goedgekeurd op basis van expertoordeel;2021-05-26;3;meetnetten.be: levensfase: imago_ activiteit: ter plaatse;10;Libellen;Coenagrionidae;2026-07-08;591;S;zeer zeldzaam
192416483;192416483;Speerwaterjuffer;Coenagrion hastulatum;2020-05-25;5;2020-05-26;1;ter plaatse;gezien;imago;Man;223427.27651513356;188500.7535895193;5.414865;51.002065;FS6952;Zonhoven - Teut;Zonhoven;Zonhoven;Limburg;Site;J;Goedgekeurd op basis van bewijsmateriaal;1980-01-01;3;;25;Libellen;Coenagrionidae;2026-07-08;591;S;zeer zeldzaam
192416481;192416481;Speerwaterjuffer;Coenagrion hastulatum;2020-05-25;5;2020-05-26;1;ter plaatse;gezien;imago;Man;223427.27651513356;188500.7535895193;5.414865;51.002065;FS6952;Zonhoven - Teut;Zonhoven;Zonhoven;Limburg;Site;J;Goedgekeurd op basis van bewijsmateriaal;1980-01-01;3;;25;Libellen;Coenagrionidae;2026-07-08;591;S;zeer zeldzaam
192416479;192416479;Speerwaterjuffer;Coenagrion hastulatum;2020-05-25;5;2020-05-26;1;ter plaatse;gezien;imago;Man;223427.27651513356;188500.7535895193;5.414865;51.002065;FS6952;Zonhoven - Teut;Zonhoven;Zonhoven;Limburg;Site;J;Goedgekeurd op basis van bewijsmateriaal;1980-01-01;3;;25;Libellen;Coenagrionidae;2026-07-08;591;S;zeer zeldzaam
192416471;192416471;Speerwaterjuffer;Coenagrion hastulatum;2020-05-25;5;2020-05-26;1;ter plaatse;gezien;imago;Vrouw;223427.27651513356;188500.7535895193;5.414865;51.002065;FS6952;Zonhoven - Teut;Zonhoven;Zonhoven;Limburg;Site;J;Goedgekeurd op basis van bewijsmateriaal;1980-01-01;3;;25;Libellen;Coenagrionidae;2026-07-08;591;S;zeer zeldzaam
192416200;192416200;Speerwaterjuffer;Coenagrion hastulatum;2020-05-25;5;2020-05-26;1;ter plaatse;gezien;imago;Man;223427.27651513356;188500.7535895193;5.414865;51.002065;FS6952;Zonhoven - Teut;Zonhoven;Zonhoven;Limburg;Site;J;Goedgekeurd op basis van bewijsmateriaal;1980-01-01;3;;25;Libellen;Coenagrionidae;2026-07-08;591;S;zeer zeldzaam
243930587;243930587;Speerwaterjuffer;Coenagrion hastulatum;2022-06-02;6;2022-06-02;1;ter plaatse;gezien;imago;Man;223428.7901164628;188443.3404166084;5.41487503051758;51.0015487670898;FS6952;Zonhoven - Teut;Zonhoven;Zonhoven;Limburg;ObsMapp;J;Goedgekeurd op basis van expertoordeel;2007-01-01;3;;3;Libellen;Coenagrionidae;2026-07-08;591;S;zeer zeldzaam
243930586;243930586;Speerwaterjuffer;Coenagrion hastulatum;2022-06-02;6;2022-06-02;1;ter plaatse;gezien;imago;Man;223430.0869460354;188446.3295821268;5.41489410400391;51.0015754699707;FS6952;Zonhoven - Teut;Zonhoven;Zonhoven;Limburg;ObsMapp;J;Goedgekeurd op basis van expertoordeel;2007-01-01;3;;3;Libellen;Coenagrionidae;2026-07-08;591;S;zeer zeldzaam
216237015;216237015;Speerwaterjuffer;Coenagrion hastulatum;2021-06-01;6;2021-06-07;1;ter plaatse;onbekend;onbekend;Man;223419.13619478172;188418.1640308108;5.41473245620728;51.0013236999512;FS6952;Zonhoven - Teut;Zonhoven;Zonhoven;Limburg;Meetnetten.be;J;Goedgekeurd op basis van expertoordeel;2022-05-31;3;meetnetten.be: levensfase: imago_ activiteit: ter plaatse;10;Libellen;Coenagrionidae;2026-07-08;591;S;zeer zeldzaam
216237016;216237016;Speerwaterjuffer;Coenagrion hastulatum;2021-06-01;6;2021-06-07;1;in copula;onbekend;onbekend;onbekend;223418.25648905477;188416.45398332737;5.414719581604;51.0013084411621;FS6952;Zonhoven - Teut;Zonhoven;Zonhoven;Limburg;Meetnetten.be;J;Goedgekeurd op basis van expertoordeel;2022-05-31;3;meetnetten.be: levensfase: imago_ activiteit: copula;10;Libellen;Coenagrionidae;2026-07-08;591;S;zeer zeldzaam
401151380;401151380;Speerwaterjuffer;Coenagrion hastulatum;2026-05-21;5;2026-05-26;1;ter plaatse;gezien;imago;Man;224158.09673775325;190962.11367629372;5.425775;51.024095;FS7055;Houthalen-Helchteren - Huttebeek;Houthalen-Helchteren;Houthalen;Limburg;Observation;J;Goedgekeurd op basis van expertoordeel;1980-01-01;3;;5;Libellen;Coenagrionidae;2026-07-08;591;S;zeer zeldzaam
216237017;216237017;Speerwaterjuffer;Coenagrion hastulatum;2021-06-01;6;2021-06-07;1;ter plaatse;onbekend;onbekend;Man;223417.69351681427;188416.02163567956;5.41471147537231;51.0013046264648;FS6952;Zonhoven - Teut;Zonhoven;Zonhoven;Limburg;Meetnetten.be;J;Goedgekeurd op basis van expertoordeel;2022-05-31;3;meetnetten.be: levensfase: imago_ activiteit: ter plaatse;10;Libellen;Coenagrionidae;2026-07-08;591;S;zeer zeldzaam
216237019;216237019;Speerwaterjuffer;Coenagrion hastulatum;2021-06-01;6;2021-06-07;1;ter plaatse;onbekend;onbekend;Man;223365.60314908592;188418.68288983495;5.41396999359131;51.001335144043;FS6952;Zonhoven - Teut;Zonhoven;Zonhoven;Limburg;Meetnetten.be;J;Goedgekeurd op basis van expertoordeel;2022-05-31;3;meetnetten.be: levensfase: imago_ activiteit: ter plaatse;10;Libellen;Coenagrionidae;2026-07-08;591;S;zeer zeldzaam
192569617;192569617;Speerwaterjuffer;Coenagrion hastulatum;2020-05-27;5;2020-05-27;1;ter plaatse;onbekend;onbekend;Man;224311.53226332596;190857.19629624396;5.42794036865234;51.0231323242188;FS7055;Houthalen-Helchteren - Huttebeek;Houthalen-Helchteren;Houthalen;Limburg;Meetnetten.be;J;Goedgekeurd op basis van expertoordeel;2021-05-26;3;meetnetten.be: levensfase: imago_ activiteit: ter plaatse;10;Libellen;Coenagrionidae;2026-07-08;591;S;zeer zeldzaam
401151385;401151385;Speerwaterjuffer;Coenagrion hastulatum;2026-05-21;5;2026-05-26;1;ter plaatse;gezien;imago;Man;224174.7404166609;190961.1269648429;5.426012;51.024084;FS7055;Houthalen-Helchteren - Huttebeek;Houthalen-Helchteren;Houthalen;Limburg;Observation;J;Goedgekeurd op basis van expertoordeel;1980-01-01;3;;5;Libellen;Coenagrionidae;2026-07-08;591;S;zeer zeldzaam
216237040;216237040;Speerwaterjuffer;Coenagrion hastulatum;2021-06-01;6;2021-06-07;1;in copula;onbekend;onbekend;onbekend;223373.414337774;188410.72910962903;5.4140796661377;51.0012626647949;FS6952;Zonhoven - Teut;Zonhoven;Zonhoven;Limburg;Meetnetten.be;J;Goedgekeurd op basis van expertoordeel;2022-05-31;3;meetnetten.be: levensfase: imago_ activiteit: copula;10;Libellen;Coenagrionidae;2026-07-08;591;S;zeer zeldzaam
401151390;401151390;Speerwaterjuffer;Coenagrion hastulatum;2026-05-21;5;2026-05-26;2;ter plaatse;gezien;imago;Man;224179.3233680784;190969.4253628729;5.426079;51.024158;FS7055;Houthalen-Helchteren - Huttebeek;Houthalen-Helchteren;Houthalen;Limburg;Observation;J;Goedgekeurd op basis van expertoordeel;1980-01-01;3;;5;Libellen;Coenagrionidae;2026-07-08;591;S;zeer zeldzaam
243930571;243930571;Speerwaterjuffer;Coenagrion hastulatum;2022-06-02;6;2022-06-02;1;ter plaatse;gezien;imago;Man;223371.76245456;188411.55466106068;5.41405630111694;51.0012702941895;FS6952;Zonhoven - Teut;Zonhoven;Zonhoven;Limburg;ObsMapp;J;Goedgekeurd op basis van expertoordeel;2007-01-01;3;;3;Libellen;Coenagrionidae;2026-07-08;591;S;zeer zeldzaam
192569960;192569960;Speerwaterjuffer;Coenagrion hastulatum;2020-05-27;5;2020-05-27;1;ter plaatse;onbekend;onbekend;Man;223425.15765823997;188444.56243939415;5.41482353210449;51.0015602111816;FS6952;Zonhoven - Teut;Zonhoven;Zonhoven;Limburg;Meetnetten.be;J;Goedgekeurd op basis van expertoordeel;2021-05-26;3;meetnetten.be: levensfase: imago_ activiteit: ter plaatse;10;Libellen;Coenagrionidae;2026-07-08;591;S;zeer zeldzaam
401151403;401151403;Speerwaterjuffer;Coenagrion hastulatum;2026-05-21;5;2026-05-26;2;ter plaatse;gezien;imago;onbekend;224175.00641892417;190976.9293952901;5.426019;51.024226;FS7055;Houthalen-Helchteren - Huttebeek;Houthalen-Helchteren;Houthalen;Limburg;Observation;J;Goedgekeurd op basis van expertoordeel;1980-01-01;3;;5;Libellen;Coenagrionidae;2026-07-08;591;S;zeer zeldzaam
314152261;314152261;Speerwaterjuffer;Coenagrion hastulatum;2024-05-23;5;2024-06-12;1;ter plaatse;onbekend;imago;Man;223432.8705644313;188457.8279443104;5.41493606567383;51.0016784667969;FS6952;Zonhoven - Teut;Zonhoven;Zonhoven;Limburg;Meetnetten.be;J;Goedgekeurd op basis van expertoordeel;2025-05-22;3;meetnetten.be: life stage: imago_ activity: present;10;Libellen;Coenagrionidae;2026-07-08;591;S;zeer zeldzaam
401151406;401151406;Speerwaterjuffer;Coenagrion hastulatum;2026-05-21;5;2026-05-26;7;ter plaatse;gezien;imago;onbekend;224176.90570914277;190981.5180379087;5.426047;51.024267;FS7055;Houthalen-Helchteren - Huttebeek;Houthalen-Helchteren;Houthalen;Limburg;Observation;J;Goedgekeurd op basis van expertoordeel;1980-01-01;3;;5;Libellen;Coenagrionidae;2026-07-08;591;S;zeer zeldzaam
192569956;192569956;Speerwaterjuffer;Coenagrion hastulatum;2020-05-27;5;2020-05-27;1;ter plaatse;onbekend;onbekend;Man;223421.67717383232;188432.629846422;5.41477155685425;51.0014533996582;FS6952;Zonhoven - Teut;Zonhoven;Zonhoven;Limburg;Meetnetten.be;J;Goedgekeurd op basis van expertoordeel;2021-05-26;3;meetnetten.be: levensfase: imago_ activiteit: ter plaatse;10;Libellen;Coenagrionidae;2026-07-08;591;S;zeer zeldzaam
314152260;314152260;Speerwaterjuffer;Coenagrion hastulatum;2024-05-23;5;2024-06-12;1;ter plaatse;onbekend;imago;Man;223432.8705644313;188457.8279443104;5.41493606567383;51.0016784667969;FS6952;Zonhoven - Teut;Zonhoven;Zonhoven;Limburg;Meetnetten.be;J;Goedgekeurd op basis van expertoordeel;2025-05-22;3;meetnetten.be: life stage: imago_ activity: present;10;Libellen;Coenagrionidae;2026-07-08;591;S;zeer zeldzaam
192569686;192569686;Speerwaterjuffer;Coenagrion hastulatum;2020-05-27;5;2020-05-27;1;ter plaatse;onbekend;onbekend;Man;224345.27099056105;190870.41049304232;5.42842388153076;51.0232467651367;FS7055;Houthalen-Helchteren - Huttebeek;Houthalen-Helchteren;Houthalen;Limburg;Meetnetten.be;J;Goedgekeurd op basis van expertoordeel;2021-05-26;3;meetnetten.be: levensfase: imago_ activiteit: ter plaatse;10;Libellen;Coenagrionidae;2026-07-08;591;S;zeer zeldzaam
243930568;243930568;Speerwaterjuffer;Coenagrion hastulatum;2022-06-02;6;2022-06-02;1;ter plaatse;gezien;imago;Man;223369.45195270044;188418.73710797075;5.4140248298645;51.001335144043;FS6952;Zonhoven - Teut;Zonhoven;Zonhoven;Limburg;ObsMapp;J;Goedgekeurd op basis van expertoordeel;2007-01-01;3;;3;Libellen;Coenagrionidae;2026-07-08;591;S;zeer zeldzaam
401151407;401151407;Speerwaterjuffer;Coenagrion hastulatum;2026-05-21;5;2026-05-26;2;in copula;gezien;imago;onbekend;224178.6008783592;190985.6587405261;5.426072;51.024304;FS7055;Houthalen-Helchteren - Huttebeek;Houthalen-Helchteren;Houthalen;Limburg;Observation;J;Goedgekeurd op basis van expertoordeel;1980-01-01;3;;5;Libellen;Coenagrionidae;2026-07-08;591;S;zeer zeldzaam
314152259;314152259;Speerwaterjuffer;Coenagrion hastulatum;2024-05-23;5;2024-06-12;1;ter plaatse;onbekend;imago;onbekend;223432.7845568663;188454.4314382784;5.4149341583252;51.0016479492188;FS6952;Zonhoven - Teut;Zonhoven;Zonhoven;Limburg;Meetnetten.be;J;Goedgekeurd op basis van expertoordeel;2025-05-22;3;meetnetten.be: life stage: imago_ activity: present;10;Libellen;Coenagrionidae;2026-07-08;591;S;zeer zeldzaam
399762964;399762964;Speerwaterjuffer;Coenagrion hastulatum;2026-05-21;5;2026-05-21;1;ter plaatse;gezien;imago;Man;224168.93112330453;190955.7491415199;5.425928115844727;51.0240364074707;FS7055;Houthalen-Helchteren - Huttebeek;Houthalen-Helchteren;Houthalen;Limburg;ObsMapp;J;Goedgekeurd op basis van expertoordeel;1980-01-01;3;;1;Libellen;Coenagrionidae;2026-07-08;591;S;zeer zeldzaam
314152258;314152258;Speerwaterjuffer;Coenagrion hastulatum;2024-05-23;5;2024-06-12;1;ter plaatse;onbekend;imago;Man;223433.24955049597;188452.31593619287;5.41494035720825;51.0016288757324;FS6952;Zonhoven - Teut;Zonhoven;Zonhoven;Limburg;Meetnetten.be;J;Goedgekeurd op basis van expertoordeel;2025-05-22;3;meetnetten.be: life stage: imago_ activity: present;10;Libellen;Coenagrionidae;2026-07-08;591;S;zeer zeldzaam
192569804;192569804;Speerwaterjuffer;Coenagrion hastulatum;2020-05-27;5;2020-05-27;1;in copula;onbekend;onbekend;onbekend;224394.8646104284;190855.840023336;5.42912769317627;51.0231094360352;FS7055;Houthalen-Helchteren - Huttebeek;Houthalen-Helchteren;Houthalen;Limburg;Meetnetten.be;J;Goedgekeurd op basis van expertoordeel;2021-05-26;3;meetnetten.be: levensfase: imago_ activiteit: copula;10;Libellen;Coenagrionidae;2026-07-08;591;S;zeer zeldzaam
401275785;401275785;Speerwaterjuffer;Coenagrion hastulatum;2026-05-27;5;2026-05-27;1;ter plaatse;gezien;imago;Man;223364.97808365832;188423.21959360223;5.413962;51.001376;FS6952;Zonhoven - Teut;Zonhoven;Zonhoven;Limburg;Observation;J;Goedgekeurd op basis van expertoordeel;1980-01-01;3;;5;Libellen;Coenagrionidae;2026-07-08;591;S;zeer zeldzaam
192569769;192569769;Speerwaterjuffer;Coenagrion hastulatum;2020-05-27;5;2020-05-27;1;ter plaatse;onbekend;onbekend;Man;224386.82226819417;190887.13186843228;5.42901945114136;51.0233917236328;FS7055;Laambeekvallei - Hellebroekvijvers;Houthalen-Helchteren;Houthalen;Limburg;Meetnetten.be;J;Goedgekeurd op basis van expertoordeel;2021-05-26;3;meetnetten.be: levensfase: imago_ activiteit: ter plaatse;10;Libellen;Coenagrionidae;2026-07-08;591;S;zeer zeldzaam
314152256;314152256;Speerwaterjuffer;Coenagrion hastulatum;2024-05-23;5;2024-06-12;1;ter plaatse;onbekend;imago;Man;223433.2160828541;188452.31546430755;5.41493988037109;51.0016288757324;FS6952;Zonhoven - Teut;Zonhoven;Zonhoven;Limburg;Meetnetten.be;J;Goedgekeurd op basis van expertoordeel;2025-05-22;3;meetnetten.be: life stage: imago_ activity: present;10;Libellen;Coenagrionidae;2026-07-08;591;S;zeer zeldzaam
401151419;401151419;Speerwaterjuffer;Coenagrion hastulatum;2026-05-21;5;2026-05-26;3;ter plaatse;gezien;imago;Man;224179.406252746;190988.2291517537;5.426084;51.024327;FS7055;Houthalen-Helchteren - Huttebeek;Houthalen-Helchteren;Houthalen;Limburg;Observation;J;Goedgekeurd op basis van expertoordeel;1980-01-01;3;;5;Libellen;Coenagrionidae;2026-07-08;591;S;zeer zeldzaam
192569606;192569606;Speerwaterjuffer;Coenagrion hastulatum;2020-05-27;5;2020-05-27;1;ter plaatse;onbekend;onbekend;Man;224298.7379534593;190851.0718555851;5.42775678634644;51.023078918457;FS7055;Houthalen-Helchteren - Huttebeek;Houthalen-Helchteren;Houthalen;Limburg;Meetnetten.be;J;Goedgekeurd op basis van expertoordeel;2021-05-26;3;meetnetten.be: levensfase: imago_ activiteit: ter plaatse;10;Libellen;Coenagrionidae;2026-07-08;591;S;zeer zeldzaam
401151421;401151421;Speerwaterjuffer;Coenagrion hastulatum;2026-05-21;5;2026-05-26;1;ter plaatse;gezien;imago;onbekend;224178.40826599323;190989.32751108427;5.42607;51.024337;FS7055;Houthalen-Helchteren - Huttebeek;Houthalen-Helchteren;Houthalen;Limburg;Observation;J;Goedgekeurd op basis van expertoordeel;1980-01-01;3;;5;Libellen;Coenagrionidae;2026-07-08;591;S;zeer zeldzaam
314152254;314152254;Speerwaterjuffer;Coenagrion hastulatum;2024-05-23;5;2024-06-12;1;ter plaatse;onbekend;imago;Man;223432.43679075156;188450.60682993103;5.4149284362793;51.0016136169434;FS6952;Zonhoven - Teut;Zonhoven;Zonhoven;Limburg;Meetnetten.be;J;Goedgekeurd op basis van expertoordeel;2025-05-22;3;meetnetten.be: life stage: imago_ activity: present;10;Libellen;Coenagrionidae;2026-07-08;591;S;zeer zeldzaam
314152251;314152251;Speerwaterjuffer;Coenagrion hastulatum;2024-05-23;5;2024-06-12;1;ter plaatse;onbekend;imago;Man;223427.2782558337;188431.8599870764;5.41485118865967;51.0014457702637;FS6952;Zonhoven - Teut;Zonhoven;Zonhoven;Limburg;Meetnetten.be;J;Goedgekeurd op basis van expertoordeel;2025-05-22;3;meetnetten.be: life stage: imago_ activity: present;10;Libellen;Coenagrionidae;2026-07-08;591;S;zeer zeldzaam
314152212;314152212;Speerwaterjuffer;Coenagrion hastulatum;2024-05-23;5;2024-06-12;1;ter plaatse;onbekend;imago;Man;223400.3207389368;188477.74086376184;5.41447639465332;51.0018615722656;FS6952;Zonhoven - Teut;Zonhoven;Zonhoven;Limburg;Meetnetten.be;J;Goedgekeurd op basis van expertoordeel;2025-05-22;3;meetnetten.be: life stage: imago_ activity: present;10;Libellen;Coenagrionidae;2026-07-08;591;S;zeer zeldzaam
401151427;401151427;Speerwaterjuffer;Coenagrion hastulatum;2026-05-21;5;2026-05-26;1;ter plaatse;gezien;imago;Man;224192.65637008517;190998.8762365384;5.426275;51.024421;FS7055;Houthalen-Helchteren - Huttebeek;Houthalen-Helchteren;Houthalen;Limburg;Observation;J;Goedgekeurd op basis van expertoordeel;1980-01-01;3;;5;Libellen;Coenagrionidae;2026-07-08;591;S;zeer zeldzaam
192565729;192565729;Speerwaterjuffer;Coenagrion hastulatum;2020-05-27;5;2020-05-27;2;in copula;onbekend;imago;onbekend;223420.91683518537;188534.05352170672;5.41478109359741;51.0023651123047;FS6952;Zonhoven - Teut;Zonhoven;Zonhoven;Limburg;ObsMapp;J;Goedgekeurd op basis van expertoordeel;2007-01-01;3;;25;Libellen;Coenagrionidae;2026-07-08;591;S;zeer zeldzaam
192569603;192569603;Speerwaterjuffer;Coenagrion hastulatum;2020-05-27;5;2020-05-27;1;ter plaatse;onbekend;onbekend;Man;224299.3121254813;190841.3184896205;5.42776298522949;51.0229911804199;FS7055;Houthalen-Helchteren - Huttebeek;Houthalen-Helchteren;Houthalen;Limburg;Meetnetten.be;J;Goedgekeurd op basis van expertoordeel;2021-05-26;3;meetnetten.be: levensfase: imago_ activiteit: ter plaatse;10;Libellen;Coenagrionidae;2026-07-08;591;S;zeer zeldzaam
192569678;192569678;Speerwaterjuffer;Coenagrion hastulatum;2020-05-27;5;2020-05-27;1;in copula;onbekend;onbekend;onbekend;224342.5490030693;190866.55187823065;5.42838430404663;51.0232124328613;FS7055;Houthalen-Helchteren - Huttebeek;Houthalen-Helchteren;Houthalen;Limburg;Meetnetten.be;J;Goedgekeurd op basis van expertoordeel;2021-05-26;3;meetnetten.be: levensfase: imago_ activiteit: copula;10;Libellen;Coenagrionidae;2026-07-08;591;S;zeer zeldzaam
401151433;401151433;Speerwaterjuffer;Coenagrion hastulatum;2026-05-21;5;2026-05-26;1;ter plaatse;gezien;imago;Man;224193.90087859277;191010.0197786428;5.426295;51.024521;FS7055;Houthalen-Helchteren - Huttebeek;Houthalen-Helchteren;Houthalen;Limburg;Observation;J;Goedgekeurd op basis van expertoordeel;1980-01-01;3;;5;Libellen;Coenagrionidae;2026-07-08;591;S;zeer zeldzaam
401151437;401151437;Speerwaterjuffer;Coenagrion hastulatum;2026-05-21;5;2026-05-26;1;ter plaatse;gezien;imago;onbekend;224201.1079249554;191016.3529542014;5.426399;51.024577;FS7055;Houthalen-Helchteren - Huttebeek;Houthalen-Helchteren;Houthalen;Limburg;Observation;J;Goedgekeurd op basis van expertoordeel;1980-01-01;3;;5;Libellen;Coenagrionidae;2026-07-08;591;S;zeer zeldzaam
401151443;401151443;Speerwaterjuffer;Coenagrion hastulatum;2026-05-21;5;2026-05-26;1;ter plaatse;gezien;imago;onbekend;224209.4243219414;191018.6966644665;5.426518;51.024597;FS7055;Houthalen-Helchteren - Huttebeek;Houthalen-Helchteren;Houthalen;Limburg;Observation;J;Goedgekeurd op basis van expertoordeel;1980-01-01;3;;5;Libellen;Coenagrionidae;2026-07-08;591;S;zeer zeldzaam
192569764;192569764;Speerwaterjuffer;Coenagrion hastulatum;2020-05-27;5;2020-05-27;1;ter plaatse;onbekend;onbekend;Man;224384.1065925581;190887.5174796926;5.42898082733154;51.0233955383301;FS7055;Houthalen-Helchteren - Huttebeek;Houthalen-Helchteren;Houthalen;Limburg;Meetnetten.be;J;Goedgekeurd op basis van expertoordeel;2021-05-26;3;meetnetten.be: levensfase: imago_ activiteit: ter plaatse;10;Libellen;Coenagrionidae;2026-07-08;591;S;zeer zeldzaam
192569601;192569601;Speerwaterjuffer;Coenagrion hastulatum;2020-05-27;5;2020-05-27;1;ter plaatse;onbekend;onbekend;Man;224300.3915408667;190838.3629858764;5.4277777671814;51.0229644775391;FS7055;Houthalen-Helchteren - Huttebeek;Houthalen-Helchteren;Houthalen;Limburg;Meetnetten.be;J;Goedgekeurd op basis van expertoordeel;2021-05-26;3;meetnetten.be: levensfase: imago_ activiteit: ter plaatse;10;Libellen;Coenagrionidae;2026-07-08;591;S;zeer zeldzaam
405253156;405253156;Speerwaterjuffer;Coenagrion hastulatum;2026-06-15;6;2026-06-15;1;ter plaatse;gezien;imago;Man;224224.4155463953;190995.40135533176;5.426726918553298;51.02438569808383;FS7055;Houthalen-Helchteren - Huttebeek;Houthalen-Helchteren;Houthalen;Limburg;Observation;J;Goedgekeurd op basis van bewijsmateriaal;1980-01-01;3;;5;Libellen;Coenagrionidae;2026-07-08;591;S;zeer zeldzaam
192569600;192569600;Speerwaterjuffer;Coenagrion hastulatum;2020-05-27;5;2020-05-27;1;in copula;onbekend;onbekend;onbekend;224300.32463622905;190838.3620309709;5.42777681350708;51.0229644775391;FS7055;Houthalen-Helchteren - Huttebeek;Houthalen-Helchteren;Houthalen;Limburg;Meetnetten.be;J;Goedgekeurd op basis van expertoordeel;2021-05-26;3;meetnetten.be: levensfase: imago_ activiteit: copula;10;Libellen;Coenagrionidae;2026-07-08;591;S;zeer zeldzaam
401151450;401151450;Speerwaterjuffer;Coenagrion hastulatum;2026-05-21;5;2026-05-26;1;ter plaatse;gezien;imago;Man;224220.12160274788;191006.61078601703;5.426668;51.024487;FS7055;Houthalen-Helchteren - Huttebeek;Houthalen-Helchteren;Houthalen;Limburg;Observation;J;Goedgekeurd op basis van expertoordeel;1980-01-01;3;;5;Libellen;Coenagrionidae;2026-07-08;591;S;zeer zeldzaam
192569593;192569593;Speerwaterjuffer;Coenagrion hastulatum;2020-05-27;5;2020-05-27;1;ter plaatse;onbekend;onbekend;Man;224300.3794282685;190839.2116443496;5.4277777671814;51.0229721069336;FS7055;Houthalen-Helchteren - Huttebeek;Houthalen-Helchteren;Houthalen;Limburg;Meetnetten.be;J;Goedgekeurd op basis van expertoordeel;2021-05-26;3;meetnetten.be: levensfase: imago_ activiteit: ter plaatse;10;Libellen;Coenagrionidae;2026-07-08;591;S;zeer zeldzaam
311696379;311696379;Speerwaterjuffer;Coenagrion hastulatum;2024-05-23;5;2024-05-26;1;ter plaatse;onbekend;imago;Man;223413.9698945416;188526.3214780744;5.414680581125103;51.0022964953738;FS6952;Zonhoven - Teut;Zonhoven;Zonhoven;Limburg;iObs;J;Goedgekeurd op basis van expertoordeel;1980-01-01;4;;12;Libellen;Coenagrionidae;2026-07-08;591;S;zeer zeldzaam
192569572;192569572;Speerwaterjuffer;Coenagrion hastulatum;2020-05-27;5;2020-05-27;1;in copula;onbekend;onbekend;onbekend;224315.47111816896;190815.6597863566;5.42798805236816;51.0227584838867;FS7055;Houthalen-Helchteren - Huttebeek;Houthalen-Helchteren;Houthalen;Limburg;Meetnetten.be;J;Goedgekeurd op basis van expertoordeel;2021-05-26;3;meetnetten.be: levensfase: imago_ activiteit: copula;10;Libellen;Coenagrionidae;2026-07-08;591;S;zeer zeldzaam
192569740;192569740;Speerwaterjuffer;Coenagrion hastulatum;2020-05-27;5;2020-05-27;1;ter plaatse;onbekend;onbekend;Man;224369.1414229592;190888.152497801;5.42876768112183;51.0234031677246;FS7055;Houthalen-Helchteren - Huttebeek;Houthalen-Helchteren;Houthalen;Limburg;Meetnetten.be;J;Goedgekeurd op basis van expertoordeel;2021-05-26;3;meetnetten.be: levensfase: imago_ activiteit: ter plaatse;10;Libellen;Coenagrionidae;2026-07-08;591;S;zeer zeldzaam
314152209;314152209;Speerwaterjuffer;Coenagrion hastulatum;2024-05-23;5;2024-06-12;1;ter plaatse;onbekend;imago;Man;223421.5570655616;188476.7669653613;5.41477870941162;51.0018501281738;FS6952;Zonhoven - Teut;Zonhoven;Zonhoven;Limburg;Meetnetten.be;J;Goedgekeurd op basis van expertoordeel;2025-05-22;3;meetnetten.be: life stage: imago_ activity: present;10;Libellen;Coenagrionidae;2026-07-08;591;S;zeer zeldzaam
192569592;192569592;Speerwaterjuffer;Coenagrion hastulatum;2020-05-27;5;2020-05-27;1;ter plaatse;onbekend;onbekend;Man;224302.30437948412;190837.9658718044;5.42780494689941;51.0229606628418;FS7055;Houthalen-Helchteren - Huttebeek;Houthalen-Helchteren;Houthalen;Limburg;Meetnetten.be;J;Goedgekeurd op basis van expertoordeel;2021-05-26;3;meetnetten.be: levensfase: imago_ activiteit: ter plaatse;10;Libellen;Coenagrionidae;2026-07-08;591;S;zeer zeldzaam
311696257;311696257;Speerwaterjuffer;Coenagrion hastulatum;2024-05-23;5;2024-05-26;10;ter plaatse;onbekend;imago;Man;224198.91935300053;191002.5257603554;5.4263650000000325;51.024453;FS7055;Houthalen-Helchteren - Huttebeek;Houthalen-Helchteren;Houthalen;Limburg;iObs;J;Goedgekeurd op basis van bewijsmateriaal;1980-01-01;4;;25;Libellen;Coenagrionidae;2026-07-08;591;S;zeer zeldzaam
192569582;192569582;Speerwaterjuffer;Coenagrion hastulatum;2020-05-27;5;2020-05-27;1;in copula;onbekend;onbekend;onbekend;224305.0619081398;190825.2727605272;5.4278416633606;51.0228462219238;FS7055;Houthalen-Helchteren - Huttebeek;Houthalen-Helchteren;Houthalen;Limburg;Meetnetten.be;J;Goedgekeurd op basis van expertoordeel;2021-05-26;3;meetnetten.be: levensfase: imago_ activiteit: copula;10;Libellen;Coenagrionidae;2026-07-08;591;S;zeer zeldzaam
192569579;192569579;Speerwaterjuffer;Coenagrion hastulatum;2020-05-27;5;2020-05-27;1;ter plaatse;onbekend;onbekend;Man;224310.21619121067;190818.131266403;5.42791366577148;51.0227813720703;FS7055;Houthalen-Helchteren - Huttebeek;Houthalen-Helchteren;Houthalen;Limburg;Meetnetten.be;J;Goedgekeurd op basis van expertoordeel;2021-05-26;3;meetnetten.be: levensfase: imago_ activiteit: ter plaatse;10;Libellen;Coenagrionidae;2026-07-08;591;S;zeer zeldzaam
192569739;192569739;Speerwaterjuffer;Coenagrion hastulatum;2020-05-27;5;2020-05-27;1;ter plaatse;onbekend;onbekend;Man;224369.1414229592;190888.152497801;5.42876768112183;51.0234031677246;FS7055;Houthalen-Helchteren - Huttebeek;Houthalen-Helchteren;Houthalen;Limburg;Meetnetten.be;J;Goedgekeurd op basis van expertoordeel;2021-05-26;3;meetnetten.be: levensfase: imago_ activiteit: ter plaatse;10;Libellen;Coenagrionidae;2026-07-08;591;S;zeer zeldzaam
244748843;244748843;Speerwaterjuffer;Coenagrion hastulatum;2022-06-02;6;2022-06-09;1;ter plaatse;onbekend;imago;Man;223386.03136712377;188470.32449876424;5.41427135467529;51.0017967224121;FS6952;Zonhoven - Teut;Zonhoven;Zonhoven;Limburg;Meetnetten.be;J;Goedgekeurd op basis van expertoordeel;2023-06-01;3;meetnetten.be: levensfase: imago_ activiteit: ter plaatse;10;Libellen;Coenagrionidae;2026-07-08;591;S;zeer zeldzaam
244748844;244748844;Speerwaterjuffer;Coenagrion hastulatum;2022-06-02;6;2022-06-09;1;ter plaatse;onbekend;imago;Man;223381.8622886303;188466.87046217453;5.41421127319336;51.001766204834;FS6952;Zonhoven - Teut;Zonhoven;Zonhoven;Limburg;Meetnetten.be;J;Goedgekeurd op basis van expertoordeel;2023-06-01;3;meetnetten.be: levensfase: imago_ activiteit: ter plaatse;10;Libellen;Coenagrionidae;2026-07-08;591;S;zeer zeldzaam
314152208;314152208;Speerwaterjuffer;Coenagrion hastulatum;2024-05-23;5;2024-06-12;1;ter plaatse;onbekend;imago;Man;223430.65216554533;188456.09901944548;5.41490411758423;51.0016632080078;FS6952;Zonhoven - Teut;Zonhoven;Zonhoven;Limburg;Meetnetten.be;J;Goedgekeurd op basis van expertoordeel;2025-05-22;3;meetnetten.be: life stage: imago_ activity: present;10;Libellen;Coenagrionidae;2026-07-08;591;S;zeer zeldzaam
314152180;314152180;Speerwaterjuffer;Coenagrion hastulatum;2024-05-23;5;2024-06-12;1;ter plaatse;onbekend;imago;Man;223301.4844591636;188393.58861425985;5.41305160522461;51.0011177062988;FS6952;Zonhoven - Teut;Zonhoven;Zonhoven;Limburg;Meetnetten.be;J;Goedgekeurd op basis van expertoordeel;2025-05-22;3;meetnetten.be: life stage: imago_ activity: present;10;Libellen;Coenagrionidae;2026-07-08;591;S;zeer zeldzaam
314152177;314152177;Speerwaterjuffer;Coenagrion hastulatum;2024-05-23;5;2024-06-12;1;ter plaatse;onbekend;imago;Man;223300.6191421608;188400.3670187732;5.41304063796997;51.0011787414551;FS6952;Zonhoven - Teut;Zonhoven;Zonhoven;Limburg;Meetnetten.be;J;Goedgekeurd op basis van expertoordeel;2025-05-22;3;meetnetten.be: life stage: imago_ activity: present;10;Libellen;Coenagrionidae;2026-07-08;591;S;zeer zeldzaam
314152174;314152174;Speerwaterjuffer;Coenagrion hastulatum;2024-05-23;5;2024-06-12;1;ter plaatse;onbekend;imago;Man;223296.88030995;188402.01204511523;5.41298770904541;51.0011940002441;FS6952;Zonhoven - Teut;Zonhoven;Zonhoven;Limburg;Meetnetten.be;J;Goedgekeurd op basis van expertoordeel;2025-05-22;3;meetnetten.be: life stage: imago_ activity: present;10;Libellen;Coenagrionidae;2026-07-08;591;S;zeer zeldzaam
192569738;192569738;Speerwaterjuffer;Coenagrion hastulatum;2020-05-27;5;2020-05-27;1;ter plaatse;onbekend;onbekend;Man;224369.1414229592;190888.152497801;5.42876768112183;51.0234031677246;FS7055;Houthalen-Helchteren - Huttebeek;Houthalen-Helchteren;Houthalen;Limburg;Meetnetten.be;J;Goedgekeurd op basis van expertoordeel;2021-05-26;3;meetnetten.be: levensfase: imago_ activiteit: ter plaatse;10;Libellen;Coenagrionidae;2026-07-08;591;S;zeer zeldzaam
215964032;215964032;Speerwaterjuffer;Coenagrion hastulatum;2021-06-01;6;2021-06-05;1;ter plaatse;onbekend;imago;Man;225301.7106049512;188342.33448743727;5.44153356552124;51.0004005432129;FS7152;Zonhoven - Teut;Zonhoven;Zonhoven;Limburg;ObsMapp;J;Goedgekeurd op basis van expertoordeel;2007-01-01;3;;3;Libellen;Coenagrionidae;2026-07-08;591;S;zeer zeldzaam
275214191;275214191;Speerwaterjuffer;Coenagrion hastulatum;2023-06-06;6;2023-06-07;2;ter plaatse;onbekend;imago;Man;224311.693192288;190852.95443635716;5.42794179916382;51.0230941772461;FS7055;Houthalen-Helchteren - Huttebeek;Houthalen-Helchteren;Houthalen;Limburg;Meetnetten.be;J;Goedgekeurd op basis van expertoordeel;2024-06-04;3;meetnetten.be: life stage: imago_ activity: present;10;Libellen;Coenagrionidae;2026-07-08;591;S;zeer zeldzaam
401151451;401151451;Speerwaterjuffer;Coenagrion hastulatum;2026-05-21;5;2026-05-26;2;ter plaatse;gezien;imago;Man;224222.29595692983;191001.7464332953;5.426698;51.024443;FS7055;Houthalen-Helchteren - Huttebeek;Houthalen-Helchteren;Houthalen;Limburg;Observation;J;Goedgekeurd op basis van expertoordeel;1980-01-01;3;;5;Libellen;Coenagrionidae;2026-07-08;591;S;zeer zeldzaam
401151454;401151454;Speerwaterjuffer;Coenagrion hastulatum;2026-05-21;5;2026-05-26;1;ter plaatse;gezien;imago;Man;224223.82942667007;190997.54049180727;5.426719;51.024405;FS7055;Houthalen-Helchteren - Huttebeek;Houthalen-Helchteren;Houthalen;Limburg;Observation;J;Goedgekeurd op basis van expertoordeel;1980-01-01;3;;5;Libellen;Coenagrionidae;2026-07-08;591;S;zeer zeldzaam
401151456;401151456;Speerwaterjuffer;Coenagrion hastulatum;2026-05-21;5;2026-05-26;1;ter plaatse;gezien;imago;Man;224223.10691632167;190994.08119038583;5.426708;51.024374;FS7055;Houthalen-Helchteren - Huttebeek;Houthalen-Helchteren;Houthalen;Limburg;Observation;J;Goedgekeurd op basis van expertoordeel;1980-01-01;3;;5;Libellen;Coenagrionidae;2026-07-08;591;S;zeer zeldzaam
192569560;192569560;Speerwaterjuffer;Coenagrion hastulatum;2020-05-27;5;2020-05-27;1;in copula;onbekend;onbekend;onbekend;224316.5992798585;190813.9782288661;5.42800378799438;51.0227432250977;FS7055;Houthalen-Helchteren - Huttebeek;Houthalen-Helchteren;Houthalen;Limburg;Meetnetten.be;J;Goedgekeurd op basis van expertoordeel;2021-05-26;3;meetnetten.be: levensfase: imago_ activiteit: copula;10;Libellen;Coenagrionidae;2026-07-08;591;S;zeer zeldzaam
244748699;244748699;Speerwaterjuffer;Coenagrion hastulatum;2022-06-02;6;2022-06-09;1;in copula;onbekend;imago;onbekend;223400.1086134817;188407.28554595727;5.41445922851563;51.0012283325195;FS6952;Zonhoven - Teut;Zonhoven;Zonhoven;Limburg;Meetnetten.be;J;Goedgekeurd op basis van expertoordeel;2023-06-01;3;meetnetten.be: levensfase: imago_ activiteit: copula;10;Libellen;Coenagrionidae;2026-07-08;591;S;zeer zeldzaam
243930550;243930550;Speerwaterjuffer;Coenagrion hastulatum;2022-06-02;6;2022-06-02;1;ter plaatse;gezien;imago;Man;223313.4396527736;188386.1174824601;5.41322040557861;51.001049041748;FS6952;Zonhoven - Teut;Zonhoven;Zonhoven;Limburg;ObsMapp;J;Goedgekeurd op basis van expertoordeel;2007-01-01;3;;3;Libellen;Coenagrionidae;2026-07-08;591;S;zeer zeldzaam
192569646;192569646;Speerwaterjuffer;Coenagrion hastulatum;2020-05-27;5;2020-05-27;1;ter plaatse;onbekend;onbekend;Man;224335.90654320503;190853.7245503692;5.42828702926636;51.0230979919434;FS7055;Houthalen-Helchteren - Huttebeek;Houthalen-Helchteren;Houthalen;Limburg;Meetnetten.be;J;Goedgekeurd op basis van expertoordeel;2021-05-26;3;meetnetten.be: levensfase: imago_ activiteit: ter plaatse;10;Libellen;Coenagrionidae;2026-07-08;591;S;zeer zeldzaam
192569736;192569736;Speerwaterjuffer;Coenagrion hastulatum;2020-05-27;5;2020-05-27;1;ter plaatse;onbekend;onbekend;Man;224368.84933647743;190885.177414353;5.42876291275024;51.0233764648438;FS7055;Houthalen-Helchteren - Huttebeek;Houthalen-Helchteren;Houthalen;Limburg;Meetnetten.be;J;Goedgekeurd op basis van expertoordeel;2021-05-26;3;meetnetten.be: levensfase: imago_ activiteit: ter plaatse;10;Libellen;Coenagrionidae;2026-07-08;591;S;zeer zeldzaam
244748675;244748675;Speerwaterjuffer;Coenagrion hastulatum;2022-06-02;6;2022-06-09;1;ter plaatse;onbekend;imago;Man;223364.4317499257;188430.54991236888;5.41395568847656;51.0014419555664;FS6952;Zonhoven - Teut;Zonhoven;Zonhoven;Limburg;Meetnetten.be;J;Goedgekeurd op basis van expertoordeel;2023-06-01;3;meetnetten.be: levensfase: imago_ activiteit: ter plaatse;10;Libellen;Coenagrionidae;2026-07-08;591;S;zeer zeldzaam
244748708;244748708;Speerwaterjuffer;Coenagrion hastulatum;2022-06-02;6;2022-06-09;1;ter plaatse;onbekend;imago;Man;223413.447935734;188410.86884990332;5.41464996337891;51.0012588500977;FS6952;Zonhoven - Teut;Zonhoven;Zonhoven;Limburg;Meetnetten.be;J;Goedgekeurd op basis van expertoordeel;2023-06-01;3;meetnetten.be: levensfase: imago_ activiteit: ter plaatse;10;Libellen;Coenagrionidae;2026-07-08;591;S;zeer zeldzaam
357028926;357028926;Speerwaterjuffer;Coenagrion hastulatum;2025-06-12;6;2025-06-17;1;ter plaatse;gezien;imago;onbekend;224224.47708923696;190996.21413011383;5.426727960810449;51.02439299550859;FS7055;Houthalen-Helchteren - Huttebeek;Houthalen-Helchteren;Houthalen;Limburg;Observation;J;Goedgekeurd op basis van expertoordeel;1980-01-01;3;;5;Libellen;Coenagrionidae;2026-07-08;591;S;zeer zeldzaam
192569677;192569677;Speerwaterjuffer;Coenagrion hastulatum;2020-05-27;5;2020-05-27;1;in copula;onbekend;onbekend;onbekend;224342.5490030693;190866.55187823065;5.42838430404663;51.0232124328613;FS7055;Houthalen-Helchteren - Huttebeek;Houthalen-Helchteren;Houthalen;Limburg;Meetnetten.be;J;Goedgekeurd op basis van expertoordeel;2021-05-26;3;meetnetten.be: levensfase: imago_ activiteit: copula;10;Libellen;Coenagrionidae;2026-07-08;591;S;zeer zeldzaam
192569641;192569641;Speerwaterjuffer;Coenagrion hastulatum;2020-05-27;5;2020-05-27;1;ter plaatse;onbekend;onbekend;Man;224335.85491336384;190854.99706033804;5.4282865524292;51.0231094360352;FS7055;Houthalen-Helchteren - Huttebeek;Houthalen-Helchteren;Houthalen;Limburg;Meetnetten.be;J;Goedgekeurd op basis van expertoordeel;2021-05-26;3;meetnetten.be: levensfase: imago_ activiteit: ter plaatse;10;Libellen;Coenagrionidae;2026-07-08;591;S;zeer zeldzaam
275214186;275214186;Speerwaterjuffer;Coenagrion hastulatum;2023-06-06;6;2023-06-07;1;ter plaatse;onbekend;imago;Man;224319.85869780905;190855.19308272933;5.42805862426758;51.0231132507324;FS7055;Houthalen-Helchteren - Huttebeek;Houthalen-Helchteren;Houthalen;Limburg;Meetnetten.be;J;Goedgekeurd op basis van expertoordeel;2024-06-04;3;meetnetten.be: life stage: imago_ activity: present;10;Libellen;Coenagrionidae;2026-07-08;591;S;zeer zeldzaam
192569565;192569565;Speerwaterjuffer;Coenagrion hastulatum;2020-05-27;5;2020-05-27;1;ter plaatse;onbekend;onbekend;Man;224315.56831062768;190813.53909550796;5.42798900604248;51.0227394104004;FS7055;Houthalen-Helchteren - Huttebeek;Houthalen-Helchteren;Houthalen;Limburg;Meetnetten.be;J;Goedgekeurd op basis van expertoordeel;2021-05-26;3;meetnetten.be: levensfase: imago_ activiteit: ter plaatse;10;Libellen;Coenagrionidae;2026-07-08;591;S;zeer zeldzaam
275214108;275214108;Speerwaterjuffer;Coenagrion hastulatum;2023-06-06;6;2023-06-07;1;ter plaatse;onbekend;imago;Man;223403.73028143743;188411.5807040073;5.41451168060303;51.0012664794922;FS6952;Zonhoven - Teut;Zonhoven;Zonhoven;Limburg;Meetnetten.be;J;Goedgekeurd op basis van expertoordeel;2024-06-04;3;meetnetten.be: life stage: imago_ activity: present;10;Libellen;Coenagrionidae;2026-07-08;591;S;zeer zeldzaam
244387424;244387424;Speerwaterjuffer;Coenagrion hastulatum;2022-06-02;6;2022-06-06;1;ter plaatse;gezien;imago;Man;223524.80889800604;188553.76889386863;5.41626501083374;51.0025291442871;FS6952;Zonhoven - Teut;Zonhoven;Zonhoven;Limburg;ObsMapp;J;Goedgekeurd op basis van expertoordeel;2007-01-01;3;;7;Libellen;Coenagrionidae;2026-07-08;591;S;zeer zeldzaam
244387421;244387421;Speerwaterjuffer;Coenagrion hastulatum;2022-06-02;6;2022-06-06;5;ter plaatse;gezien;imago;Man;223529.09370769607;188558.49791761956;5.41632699966431;51.002571105957;FS6952;Zonhoven - Teut;Zonhoven;Zonhoven;Limburg;ObsMapp;J;Goedgekeurd op basis van expertoordeel;2007-01-01;3;;3;Libellen;Coenagrionidae;2026-07-08;591;S;zeer zeldzaam
244387420;244387420;Speerwaterjuffer;Coenagrion hastulatum;2022-06-02;6;2022-06-06;2;in copula;gezien;imago;onbekend;223529.03276458965;188558.07264530007;5.41632604598999;51.0025672912598;FS6952;Zonhoven - Teut;Zonhoven;Zonhoven;Limburg;ObsMapp;J;Goedgekeurd op basis van expertoordeel;2007-01-01;3;;3;Libellen;Coenagrionidae;2026-07-08;591;S;zeer zeldzaam
244748707;244748707;Speerwaterjuffer;Coenagrion hastulatum;2022-06-02;6;2022-06-09;1;in copula;onbekend;imago;onbekend;223413.2076791652;188411.28987488523;5.4146466255188;51.0012626647949;FS6952;Zonhoven - Teut;Zonhoven;Zonhoven;Limburg;Meetnetten.be;J;Goedgekeurd op basis van expertoordeel;2023-06-01;3;meetnetten.be: levensfase: imago_ activiteit: copula;10;Libellen;Coenagrionidae;2026-07-08;591;S;zeer zeldzaam
244387415;244387415;Speerwaterjuffer;Coenagrion hastulatum;2022-06-02;6;2022-06-06;1;ter plaatse;gezien;imago;Man;223534.03132441547;188557.29439542443;5.41639709472656;51.0025596618652;FS6952;Zonhoven - Teut;Zonhoven;Zonhoven;Limburg;ObsMapp;J;Goedgekeurd op basis van expertoordeel;2007-01-01;3;;3;Libellen;Coenagrionidae;2026-07-08;591;S;zeer zeldzaam
192569573;192569573;Speerwaterjuffer;Coenagrion hastulatum;2020-05-27;5;2020-05-27;1;ter plaatse;onbekend;onbekend;Man;224315.1913834957;190816.5046243593;5.4279842376709;51.0227661132813;FS7055;Houthalen-Helchteren - Huttebeek;Houthalen-Helchteren;Houthalen;Limburg;Meetnetten.be;J;Goedgekeurd op basis van expertoordeel;2021-05-26;3;meetnetten.be: levensfase: imago_ activiteit: ter plaatse;10;Libellen;Coenagrionidae;2026-07-08;591;S;zeer zeldzaam
399753548;399753548;Speerwaterjuffer;Coenagrion hastulatum;2026-05-21;5;2026-05-21;2;tandem;gezien;imago;onbekend;224309.4196671849;190822.3640531544;5.427903175354004;51.02281951904297;FS7055;Houthalen-Helchteren - Huttebeek;Houthalen-Helchteren;Houthalen;Limburg;ObsMapp;J;Goedgekeurd op basis van expertoordeel;1980-01-01;3;;3;Libellen;Coenagrionidae;2026-07-08;591;S;zeer zeldzaam
399753550;399753550;Speerwaterjuffer;Coenagrion hastulatum;2026-05-21;5;2026-05-21;2;ter plaatse;gezien;imago;Man;224318.26268204232;190812.30431267156;5.428027153015137;51.022727966308594;FS7055;Houthalen-Helchteren - Huttebeek;Houthalen-Helchteren;Houthalen;Limburg;ObsMapp;J;Goedgekeurd op basis van expertoordeel;1980-01-01;3;;5;Libellen;Coenagrionidae;2026-07-08;591;S;zeer zeldzaam
399753565;399753565;Speerwaterjuffer;Coenagrion hastulatum;2026-05-21;5;2026-05-21;1;ter plaatse;gezien;imago;Man;224167.0525933694;190965.48393775336;5.4259033203125;51.02412414550781;FS7055;Houthalen-Helchteren - Huttebeek;Houthalen-Helchteren;Houthalen;Limburg;ObsMapp;J;Goedgekeurd op basis van expertoordeel;1980-01-01;3;;3;Libellen;Coenagrionidae;2026-07-08;591;S;zeer zeldzaam
401151458;401151458;Speerwaterjuffer;Coenagrion hastulatum;2026-05-21;5;2026-05-26;1;dood;gezien;imago;onbekend;224223.94240216608;190994.53813521285;5.42672;51.024378;FS7055;Houthalen-Helchteren - Huttebeek;Houthalen-Helchteren;Houthalen;Limburg;Observation;J;Goedgekeurd op basis van expertoordeel;1980-01-01;3;;5;Libellen;Coenagrionidae;2026-07-08;591;S;zeer zeldzaam
215649386;215649386;Speerwaterjuffer;Coenagrion hastulatum;2021-06-01;6;2021-06-02;2;in copula;gezien;imago;onbekend;223368.75986709795;188425.0935316645;5.41401624679565;51.001392364502;FS6952;Zonhoven - Teut;Zonhoven;Zonhoven;Limburg;ObsMapp;J;Goedgekeurd op basis van bewijsmateriaal;2007-01-01;3;;4;Libellen;Coenagrionidae;2026-07-08;591;S;zeer zeldzaam
215649389;215649389;Speerwaterjuffer;Coenagrion hastulatum;2021-06-01;6;2021-06-02;1;ter plaatse;gezien;imago;Man;224297.38977220573;190835.34923386291;5.427734375;51.0229377746582;FS7055;Houthalen-Helchteren - Huttebeek;Houthalen-Helchteren;Houthalen;Limburg;ObsMapp;J;Goedgekeurd op basis van bewijsmateriaal;2007-01-01;3;;8;Libellen;Coenagrionidae;2026-07-08;591;S;zeer zeldzaam
275214098;275214098;Speerwaterjuffer;Coenagrion hastulatum;2023-06-06;6;2023-06-07;1;ter plaatse;onbekend;imago;Man;223378.63387182364;188465.5517402701;5.41416501998901;51.0017547607422;FS6952;Zonhoven - Teut;Zonhoven;Zonhoven;Limburg;Meetnetten.be;J;Goedgekeurd op basis van expertoordeel;2024-06-04;3;meetnetten.be: life stage: imago_ activity: present;10;Libellen;Coenagrionidae;2026-07-08;591;S;zeer zeldzaam
275214096;275214096;Speerwaterjuffer;Coenagrion hastulatum;2023-06-06;6;2023-06-07;1;in copula;onbekend;imago;onbekend;223387.81112521555;188469.9251654651;5.41429662704468;51.0017929077148;FS6952;Zonhoven - Teut;Zonhoven;Zonhoven;Limburg;Meetnetten.be;J;Goedgekeurd op basis van expertoordeel;2024-06-04;3;meetnetten.be: life stage: imago_ activity: copula;10;Libellen;Coenagrionidae;2026-07-08;591;S;zeer zeldzaam
275214095;275214095;Speerwaterjuffer;Coenagrion hastulatum;2023-06-06;6;2023-06-07;1;ter plaatse;onbekend;imago;Man;223404.0344799955;188473.1246762816;5.41452836990356;51.0018196105957;FS6952;Zonhoven - Teut;Zonhoven;Zonhoven;Limburg;Meetnetten.be;J;Goedgekeurd op basis van expertoordeel;2024-06-04;3;meetnetten.be: life stage: imago_ activity: present;10;Libellen;Coenagrionidae;2026-07-08;591;S;zeer zeldzaam
244748664;244748664;Speerwaterjuffer;Coenagrion hastulatum;2022-06-02;6;2022-06-09;1;ter plaatse;onbekend;imago;Man;223353.7471597317;188445.25381990988;5.41380643844604;51.0015754699707;FS6952;Zonhoven - Teut;Zonhoven;Zonhoven;Limburg;Meetnetten.be;J;Goedgekeurd op basis van expertoordeel;2023-06-01;3;meetnetten.be: levensfase: imago_ activiteit: ter plaatse;10;Libellen;Coenagrionidae;2026-07-08;591;S;zeer zeldzaam
275214094;275214094;Speerwaterjuffer;Coenagrion hastulatum;2023-06-06;6;2023-06-07;1;ter plaatse;onbekend;imago;Man;223406.93419163508;188474.01436941695;5.41456985473633;51.0018272399902;FS6952;Zonhoven - Teut;Zonhoven;Zonhoven;Limburg;Meetnetten.be;J;Goedgekeurd op basis van expertoordeel;2024-06-04;3;meetnetten.be: life stage: imago_ activity: present;10;Libellen;Coenagrionidae;2026-07-08;591;S;zeer zeldzaam
244387414;244387414;Speerwaterjuffer;Coenagrion hastulatum;2022-06-02;6;2022-06-06;1;ter plaatse;gezien;imago;Man;223534.48291820983;188563.2425384792;5.41640472412109;51.002613067627;FS6952;Zonhoven - Teut;Zonhoven;Zonhoven;Limburg;ObsMapp;J;Goedgekeurd op basis van expertoordeel;2007-01-01;3;;3;Libellen;Coenagrionidae;2026-07-08;591;S;zeer zeldzaam
244748700;244748700;Speerwaterjuffer;Coenagrion hastulatum;2022-06-02;6;2022-06-09;1;in copula;onbekend;imago;onbekend;223403.48645989288;188409.87962128408;5.41450786590576;51.0012512207031;FS6952;Zonhoven - Teut;Zonhoven;Zonhoven;Limburg;Meetnetten.be;J;Goedgekeurd op basis van expertoordeel;2023-06-01;3;meetnetten.be: levensfase: imago_ activiteit: copula;10;Libellen;Coenagrionidae;2026-07-08;591;S;zeer zeldzaam
314152091;314152091;Speerwaterjuffer;Coenagrion hastulatum;2024-05-13;5;2024-06-12;1;ter plaatse;onbekend;imago;Man;223491.11597393337;188510.00333432943;5.41577625274658;51.002140045166;FS6952;Zonhoven - Teut;Zonhoven;Zonhoven;Limburg;Meetnetten.be;J;Goedgekeurd op basis van expertoordeel;2025-05-12;3;meetnetten.be: life stage: imago_ activity: present;10;Libellen;Coenagrionidae;2026-07-08;591;S;zeer zeldzaam
314152083;314152083;Speerwaterjuffer;Coenagrion hastulatum;2024-05-13;5;2024-06-12;1;ter plaatse;onbekend;imago;Man;223495.36139563023;188515.1561848279;5.41583776473999;51.0021858215332;FS6952;Zonhoven - Teut;Zonhoven;Zonhoven;Limburg;Meetnetten.be;J;Goedgekeurd op basis van expertoordeel;2025-05-12;3;meetnetten.be: life stage: imago_ activity: present;10;Libellen;Coenagrionidae;2026-07-08;591;S;zeer zeldzaam
314152074;314152074;Speerwaterjuffer;Coenagrion hastulatum;2024-05-13;5;2024-06-12;1;ter plaatse;onbekend;imago;Man;223503.79232630276;188529.7051695995;5.41596078872681;51.0023155212402;FS6952;Zonhoven - Teut;Zonhoven;Zonhoven;Limburg;Meetnetten.be;J;Goedgekeurd op basis van expertoordeel;2025-05-12;3;meetnetten.be: life stage: imago_ activity: present;10;Libellen;Coenagrionidae;2026-07-08;591;S;zeer zeldzaam
242860853;242860853;Speerwaterjuffer;Coenagrion hastulatum;2022-05-25;5;2022-05-25;1;ter plaatse;gezien;imago;Man;224299.62905135436;190851.9334051255;5.42776966094971;51.0230865478516;FS7055;Houthalen-Helchteren - Huttebeek;Houthalen-Helchteren;Houthalen;Limburg;ObsMapp;J;Goedgekeurd op basis van expertoordeel;2007-01-01;3;;3;Libellen;Coenagrionidae;2026-07-08;591;S;zeer zeldzaam
314152072;314152072;Speerwaterjuffer;Coenagrion hastulatum;2024-05-13;5;2024-06-12;1;ter plaatse;onbekend;imago;Man;223504.94570990212;188530.99468349293;5.41597747802734;51.002326965332;FS6952;Zonhoven - Teut;Zonhoven;Zonhoven;Limburg;Meetnetten.be;J;Goedgekeurd op basis van expertoordeel;2025-05-12;3;meetnetten.be: life stage: imago_ activity: present;10;Libellen;Coenagrionidae;2026-07-08;591;S;zeer zeldzaam
314152062;314152062;Speerwaterjuffer;Coenagrion hastulatum;2024-05-13;5;2024-06-12;1;ter plaatse;onbekend;imago;Man;223508.3029884116;188537.4082459416;5.41602659225464;51.002384185791;FS6952;Zonhoven - Teut;Zonhoven;Zonhoven;Limburg;Meetnetten.be;J;Goedgekeurd op basis van expertoordeel;2025-05-12;3;meetnetten.be: life stage: imago_ activity: present;10;Libellen;Coenagrionidae;2026-07-08;591;S;zeer zeldzaam
314152055;314152055;Speerwaterjuffer;Coenagrion hastulatum;2024-05-13;5;2024-06-12;1;ter plaatse;onbekend;imago;Man;223509.6821813129;188541.6718311505;5.41604709625244;51.0024223327637;FS6952;Zonhoven - Teut;Zonhoven;Zonhoven;Limburg;Meetnetten.be;J;Goedgekeurd op basis van expertoordeel;2025-05-12;3;meetnetten.be: life stage: imago_ activity: present;10;Libellen;Coenagrionidae;2026-07-08;591;S;zeer zeldzaam
275214092;275214092;Speerwaterjuffer;Coenagrion hastulatum;2023-06-06;6;2023-06-07;1;ter plaatse;onbekend;imago;Man;223351.25859357667;188434.1840699641;5.41376876831055;51.0014762878418;FS6952;Zonhoven - Teut;Zonhoven;Zonhoven;Limburg;Meetnetten.be;J;Goedgekeurd op basis van expertoordeel;2024-06-04;3;meetnetten.be: life stage: imago_ activity: present;10;Libellen;Coenagrionidae;2026-07-08;591;S;zeer zeldzaam
275214091;275214091;Speerwaterjuffer;Coenagrion hastulatum;2023-06-06;6;2023-06-07;1;ter plaatse;onbekend;imago;Man;223350.81156039663;188435.02659709752;5.41376256942749;51.0014839172363;FS6952;Zonhoven - Teut;Zonhoven;Zonhoven;Limburg;Meetnetten.be;J;Goedgekeurd op basis van expertoordeel;2024-06-04;3;meetnetten.be: life stage: imago_ activity: present;10;Libellen;Coenagrionidae;2026-07-08;591;S;zeer zeldzaam
275214087;275214087;Speerwaterjuffer;Coenagrion hastulatum;2023-06-06;6;2023-06-07;1;ter plaatse;onbekend;imago;Man;223365.36050062563;188421.6503525721;5.41396713256836;51.0013618469238;FS6952;Zonhoven - Teut;Zonhoven;Zonhoven;Limburg;Meetnetten.be;J;Goedgekeurd op basis van expertoordeel;2024-06-04;3;meetnetten.be: life stage: imago_ activity: present;10;Libellen;Coenagrionidae;2026-07-08;591;S;zeer zeldzaam
275214086;275214086;Speerwaterjuffer;Coenagrion hastulatum;2023-06-06;6;2023-06-07;1;ter plaatse;onbekend;imago;Man;223366.23903838103;188418.6918474175;5.41397905349731;51.001335144043;FS6952;Zonhoven - Teut;Zonhoven;Zonhoven;Limburg;Meetnetten.be;J;Goedgekeurd op basis van expertoordeel;2024-06-04;3;meetnetten.be: life stage: imago_ activity: present;10;Libellen;Coenagrionidae;2026-07-08;591;S;zeer zeldzaam
275214082;275214082;Speerwaterjuffer;Coenagrion hastulatum;2023-06-06;6;2023-06-07;1;ter plaatse;onbekend;imago;Man;223341.03405691695;188380.56422871444;5.41361236572266;51.0009956359863;FS6952;Zonhoven - Teut;Zonhoven;Zonhoven;Limburg;Meetnetten.be;J;Goedgekeurd op basis van expertoordeel;2024-06-04;3;meetnetten.be: life stage: imago_ activity: present;10;Libellen;Coenagrionidae;2026-07-08;591;S;zeer zeldzaam
275214078;275214078;Speerwaterjuffer;Coenagrion hastulatum;2023-06-06;6;2023-06-07;1;ter plaatse;onbekend;imago;Man;223318.64635130376;188389.58606902976;5.41329526901245;51.0010795593262;FS6952;Zonhoven - Teut;Zonhoven;Zonhoven;Limburg;Meetnetten.be;J;Goedgekeurd op basis van expertoordeel;2024-06-04;3;meetnetten.be: life stage: imago_ activity: present;10;Libellen;Coenagrionidae;2026-07-08;591;S;zeer zeldzaam
275214077;275214077;Speerwaterjuffer;Coenagrion hastulatum;2023-06-06;6;2023-06-07;1;ter plaatse;onbekend;imago;Man;223314.5239001218;188401.83596898988;5.41323900222778;51.0011901855469;FS6952;Zonhoven - Teut;Zonhoven;Zonhoven;Limburg;Meetnetten.be;J;Goedgekeurd op basis van expertoordeel;2024-06-04;3;meetnetten.be: life stage: imago_ activity: present;10;Libellen;Coenagrionidae;2026-07-08;591;S;zeer zeldzaam
217258720;217258720;Speerwaterjuffer;Coenagrion hastulatum;2021-06-16;6;2021-06-16;2;ter plaatse;gezien;imago;Man;224309.03174079928;190844.85254688747;5.42790222167969;51.023021697998;FS7055;Houthalen-Helchteren - Huttebeek;Houthalen-Helchteren;Houthalen;Limburg;ObsMapp;J;Goedgekeurd op basis van expertoordeel;2007-01-01;3;;18;Libellen;Coenagrionidae;2026-07-08;591;S;zeer zeldzaam
272921262;272921262;Speerwaterjuffer;Coenagrion hastulatum;2023-05-22;5;2023-05-22;1;ter plaatse;onbekend;imago;Man;224521.2532727914;190866.56049049832;5.430931091308594;51.02318954467773;FS7055;Houthalen-Helchteren - Huttebeek;Houthalen-Helchteren;Houthalen;Limburg;ObsMapp;J;Goedgekeurd op basis van expertoordeel;1980-01-01;3;;3;Libellen;Coenagrionidae;2026-07-08;591;S;zeer zeldzaam
272921278;272921278;Speerwaterjuffer;Coenagrion hastulatum;2023-05-22;5;2023-05-22;2;ter plaatse;onbekend;imago;Man;224293.60706722247;190842.51031465363;5.427681922912598;51.02300262451172;FS7055;Houthalen-Helchteren - Huttebeek;Houthalen-Helchteren;Houthalen;Limburg;ObsMapp;J;Goedgekeurd op basis van bewijsmateriaal;1980-01-01;3;;5;Libellen;Coenagrionidae;2026-07-08;591;S;zeer zeldzaam
272921283;272921283;Speerwaterjuffer;Coenagrion hastulatum;2023-05-22;5;2023-05-22;1;ter plaatse;onbekend;imago;Man;224291.8038177009;190844.60665853132;5.427656650543213;51.02302169799805;FS7055;Houthalen-Helchteren - Huttebeek;Houthalen-Helchteren;Houthalen;Limburg;ObsMapp;J;Goedgekeurd op basis van expertoordeel;1980-01-01;3;;9;Libellen;Coenagrionidae;2026-07-08;591;S;zeer zeldzaam
401151465;401151465;Speerwaterjuffer;Coenagrion hastulatum;2026-05-21;5;2026-05-26;1;ter plaatse;gezien;imago;Man;224224.03158714116;190993.2043102169;5.426721;51.024366;FS7055;Houthalen-Helchteren - Huttebeek;Houthalen-Helchteren;Houthalen;Limburg;Observation;J;Goedgekeurd op basis van expertoordeel;1980-01-01;3;;5;Libellen;Coenagrionidae;2026-07-08;591;S;zeer zeldzaam
350215441;350215441;Speerwaterjuffer;Coenagrion hastulatum;2025-05-13;5;2025-05-13;1;ter plaatse;gezien;imago;Man;223433.8987085549;188444.26126761083;5.414947986602783;51.001556396484375;FS6952;Zonhoven - Teut;Zonhoven;Zonhoven;Limburg;ObsMapp;J;Goedgekeurd op basis van bewijsmateriaal;1980-01-01;3;;3;Libellen;Coenagrionidae;2026-07-08;591;S;zeer zeldzaam
350215465;350215465;Speerwaterjuffer;Coenagrion hastulatum;2025-05-13;5;2025-05-13;2;in copula;gezien;imago;onbekend;223433.8987085549;188444.26126761083;5.414947986602783;51.001556396484375;FS6952;Zonhoven - Teut;Zonhoven;Zonhoven;Limburg;ObsMapp;J;Goedgekeurd op basis van expertoordeel;1980-01-01;3;;3;Libellen;Coenagrionidae;2026-07-08;591;S;zeer zeldzaam
350215490;350215490;Speerwaterjuffer;Coenagrion hastulatum;2025-05-13;5;2025-05-13;1;ter plaatse;gezien;imago;Man;224302.00042231815;190840.5080275135;5.427801132202148;51.02298355102539;FS7055;Houthalen-Helchteren - Huttebeek;Houthalen-Helchteren;Houthalen;Limburg;ObsMapp;J;Goedgekeurd op basis van expertoordeel;1980-01-01;3;;3;Libellen;Coenagrionidae;2026-07-08;591;S;zeer zeldzaam
350215498;350215498;Speerwaterjuffer;Coenagrion hastulatum;2025-05-13;5;2025-05-13;1;ter plaatse;gezien;imago;Man;224175.60118577597;191004.22757067345;5.426033020019531;51.02447128295898;FS7055;Houthalen-Helchteren - Huttebeek;Houthalen-Helchteren;Houthalen;Limburg;ObsMapp;J;Goedgekeurd op basis van expertoordeel;1980-01-01;3;;3;Libellen;Coenagrionidae;2026-07-08;591;S;zeer zeldzaam
313299071;313299071;Speerwaterjuffer;Coenagrion hastulatum;2024-06-06;6;2024-06-06;1;ter plaatse;gezien;imago;Man;224160.6936768471;190976.836731432;5.425815000000057;51.024227;FS7055;Houthalen-Helchteren - Huttebeek;Houthalen-Helchteren;Houthalen;Limburg;ObsMapp;J;Goedgekeurd op basis van bewijsmateriaal;1980-01-01;3;;3;Libellen;Coenagrionidae;2026-07-08;591;S;zeer zeldzaam
192580736;192580736;Speerwaterjuffer;Coenagrion hastulatum;2020-05-27;5;2020-05-27;1;in copula;gezien;imago;onbekend;224356.07426701664;190830.69934823923;5.42856976;51.02288845;FS7055;Houthalen-Helchteren - Huttebeek;Houthalen-Helchteren;Houthalen;Limburg;Site;J;Goedgekeurd op basis van bewijsmateriaal;1980-01-01;3;;100;Libellen;Coenagrionidae;2026-07-08;591;S;zeer zeldzaam
242889280;242889280;Speerwaterjuffer;Coenagrion hastulatum;2022-05-25;5;2022-05-25;2;ter plaatse;gezien;imago;Man;224301.37223734055;190858.7486016564;5.42779589;51.02314758;FS7055;Houthalen-Helchteren - Huttebeek;Houthalen-Helchteren;Houthalen;Limburg;ObsMapp;J;Goedgekeurd op basis van bewijsmateriaal;2007-01-01;3;;8;Libellen;Coenagrionidae;2026-07-08;591;S;zeer zeldzaam
314152048;314152048;Speerwaterjuffer;Coenagrion hastulatum;2024-05-13;5;2024-06-12;1;ter plaatse;onbekend;imago;Man;223526.6066109189;188552.09662589617;5.41629028320313;51.002513885498;FS6952;Zonhoven - Teut;Zonhoven;Zonhoven;Limburg;Meetnetten.be;J;Goedgekeurd op basis van expertoordeel;2025-05-12;3;meetnetten.be: life stage: imago_ activity: present;10;Libellen;Coenagrionidae;2026-07-08;591;S;zeer zeldzaam
314152031;314152031;Speerwaterjuffer;Coenagrion hastulatum;2024-05-13;5;2024-06-12;1;ter plaatse;onbekend;imago;Man;223531.5892684236;188561.9284468256;5.41636323928833;51.0026016235352;FS6952;Zonhoven - Teut;Zonhoven;Zonhoven;Limburg;Meetnetten.be;J;Goedgekeurd op basis van expertoordeel;2025-05-12;3;meetnetten.be: life stage: imago_ activity: present;10;Libellen;Coenagrionidae;2026-07-08;591;S;zeer zeldzaam
314152019;314152019;Speerwaterjuffer;Coenagrion hastulatum;2024-05-13;5;2024-06-12;1;ter plaatse;onbekend;imago;Man;223533.160765546;188569.165637495;5.41638708114624;51.0026664733887;FS6952;Zonhoven - Teut;Zonhoven;Zonhoven;Limburg;Meetnetten.be;J;Goedgekeurd op basis van expertoordeel;2025-05-12;3;meetnetten.be: life stage: imago_ activity: present;10;Libellen;Coenagrionidae;2026-07-08;591;S;zeer zeldzaam
314152016;314152016;Speerwaterjuffer;Coenagrion hastulatum;2024-05-13;5;2024-06-12;1;ter plaatse;onbekend;imago;Man;223531.9080289399;188572.5432454133;5.41636991500854;51.0026969909668;FS6952;Zonhoven - Teut;Zonhoven;Zonhoven;Limburg;Meetnetten.be;J;Goedgekeurd op basis van expertoordeel;2025-05-12;3;meetnetten.be: life stage: imago_ activity: present;10;Libellen;Coenagrionidae;2026-07-08;591;S;zeer zeldzaam
314152010;314152010;Speerwaterjuffer;Coenagrion hastulatum;2024-05-13;5;2024-06-12;1;ter plaatse;onbekend;imago;Man;223536.247767188;188578.1218750337;5.41643285751343;51.0027465820313;FS6952;Zonhoven - Teut;Zonhoven;Zonhoven;Limburg;Meetnetten.be;J;Goedgekeurd op basis van expertoordeel;2025-05-12;3;meetnetten.be: life stage: imago_ activity: present;10;Libellen;Coenagrionidae;2026-07-08;591;S;zeer zeldzaam
314151991;314151991;Speerwaterjuffer;Coenagrion hastulatum;2024-05-13;5;2024-06-12;1;ter plaatse;onbekend;imago;Man;223556.02720414748;188594.9532615645;5.41671800613403;51.0028953552246;FS6952;Zonhoven - Teut;Zonhoven;Zonhoven;Limburg;Meetnetten.be;J;Goedgekeurd op basis van expertoordeel;2025-05-12;3;meetnetten.be: life stage: imago_ activity: present;10;Libellen;Coenagrionidae;2026-07-08;591;S;zeer zeldzaam
314151979;314151979;Speerwaterjuffer;Coenagrion hastulatum;2024-05-13;5;2024-06-12;1;ter plaatse;onbekend;imago;Man;223571.92838898016;188601.96846083456;5.41694593429565;51.0029563903809;FS6952;Zonhoven - Teut;Zonhoven;Zonhoven;Limburg;Meetnetten.be;J;Goedgekeurd op basis van expertoordeel;2025-05-12;3;meetnetten.be: life stage: imago_ activity: present;10;Libellen;Coenagrionidae;2026-07-08;591;S;zeer zeldzaam
314151976;314151976;Speerwaterjuffer;Coenagrion hastulatum;2024-05-13;5;2024-06-12;1;ter plaatse;onbekend;imago;Man;223574.68663167936;188610.4956668885;5.41698694229126;51.0030326843262;FS6952;Zonhoven - Teut;Zonhoven;Zonhoven;Limburg;Meetnetten.be;J;Goedgekeurd op basis van expertoordeel;2025-05-12;3;meetnetten.be: life stage: imago_ activity: present;10;Libellen;Coenagrionidae;2026-07-08;591;S;zeer zeldzaam
314151971;314151971;Speerwaterjuffer;Coenagrion hastulatum;2024-05-13;5;2024-06-12;1;ter plaatse;onbekend;imago;Man;223575.95935500803;188615.18217947983;5.41700601577759;51.0030746459961;FS6952;Zonhoven - Teut;Zonhoven;Zonhoven;Limburg;Meetnetten.be;J;Goedgekeurd op basis van expertoordeel;2025-05-12;3;meetnetten.be: life stage: imago_ activity: present;10;Libellen;Coenagrionidae;2026-07-08;591;S;zeer zeldzaam
314151928;314151928;Speerwaterjuffer;Coenagrion hastulatum;2024-05-13;5;2024-06-12;1;ter plaatse;onbekend;imago;Man;223434.078951016;188459.96704065427;5.41495370864868;51.0016975402832;FS6952;Zonhoven - Teut;Zonhoven;Zonhoven;Limburg;Meetnetten.be;J;Goedgekeurd op basis van expertoordeel;2025-05-12;3;meetnetten.be: life stage: imago_ activity: present;10;Libellen;Coenagrionidae;2026-07-08;591;S;zeer zeldzaam
276555208;276555208;Speerwaterjuffer;Coenagrion hastulatum;2023-06-15;6;2023-06-16;1;ter plaatse;gezien;imago;Man;223531.2541853786;188573.8072496429;5.416360855102539;51.002708435058594;FS6952;Zonhoven - Teut;Zonhoven;Zonhoven;Limburg;ObsMapp;J;Goedgekeurd op basis van expertoordeel;2024-07-16;3;;3;Libellen;Coenagrionidae;2026-07-08;591;S;zeer zeldzaam
401151466;401151466;Speerwaterjuffer;Coenagrion hastulatum;2026-05-21;5;2026-05-26;9;ter plaatse;gezien;imago;Man;224225.9507171856;190986.55619119012;5.426747;51.024306;FS7055;Houthalen-Helchteren - Huttebeek;Houthalen-Helchteren;Houthalen;Limburg;Observation;J;Goedgekeurd op basis van expertoordeel;1980-01-01;3;;5;Libellen;Coenagrionidae;2026-07-08;591;S;zeer zeldzaam
275214023;275214023;Speerwaterjuffer;Coenagrion hastulatum;2023-06-06;6;2023-06-07;1;ter plaatse;onbekend;imago;Man;223419.97114880808;188461.04137624707;5.41475296020508;51.001708984375;FS6952;Zonhoven - Teut;Zonhoven;Zonhoven;Limburg;Meetnetten.be;J;Goedgekeurd op basis van expertoordeel;2024-06-04;3;meetnetten.be: life stage: imago_ activity: present;10;Libellen;Coenagrionidae;2026-07-08;591;S;zeer zeldzaam
192569559;192569559;Speerwaterjuffer;Coenagrion hastulatum;2020-05-27;5;2020-05-27;1;ter plaatse;onbekend;onbekend;Man;224317.78223186533;190813.14628511292;5.42802047729492;51.0227355957031;FS7055;Houthalen-Helchteren - Huttebeek;Houthalen-Helchteren;Houthalen;Limburg;Meetnetten.be;J;Goedgekeurd op basis van expertoordeel;2021-05-26;3;meetnetten.be: levensfase: imago_ activiteit: ter plaatse;10;Libellen;Coenagrionidae;2026-07-08;591;S;zeer zeldzaam
401151467;401151467;Speerwaterjuffer;Coenagrion hastulatum;2026-05-21;5;2026-05-26;8;ter plaatse;gezien;imago;onbekend;224237.40180858164;190990.50225597716;5.426911;51.02434;FS7055;Houthalen-Helchteren - Huttebeek;Houthalen-Helchteren;Houthalen;Limburg;Observation;J;Goedgekeurd op basis van expertoordeel;1980-01-01;3;;5;Libellen;Coenagrionidae;2026-07-08;591;S;zeer zeldzaam
275214107;275214107;Speerwaterjuffer;Coenagrion hastulatum;2023-06-06;6;2023-06-07;1;in copula;onbekend;imago;onbekend;223400.93450480409;188412.81453599225;5.4144721031189;51.001277923584;FS6952;Zonhoven - Teut;Zonhoven;Zonhoven;Limburg;Meetnetten.be;J;Goedgekeurd op basis van expertoordeel;2024-06-04;3;meetnetten.be: life stage: imago_ activity: copula;10;Libellen;Coenagrionidae;2026-07-08;591;S;zeer zeldzaam
401151473;401151473;Speerwaterjuffer;Coenagrion hastulatum;2026-05-21;5;2026-05-26;2;ter plaatse;gezien;imago;onbekend;224238.2452255017;190990.40302592985;5.426923;51.024339;FS7055;Houthalen-Helchteren - Huttebeek;Houthalen-Helchteren;Houthalen;Limburg;Observation;J;Goedgekeurd op basis van expertoordeel;1980-01-01;3;;5;Libellen;Coenagrionidae;2026-07-08;591;S;zeer zeldzaam
192569553;192569553;Speerwaterjuffer;Coenagrion hastulatum;2020-05-27;5;2020-05-27;1;ter plaatse;onbekend;onbekend;Man;224330.4757390712;190809.93218654208;5.42820072174072;51.022705078125;FS7055;Houthalen-Helchteren - Huttebeek;Houthalen-Helchteren;Houthalen;Limburg;Meetnetten.be;J;Goedgekeurd op basis van expertoordeel;2021-05-26;3;meetnetten.be: levensfase: imago_ activiteit: ter plaatse;10;Libellen;Coenagrionidae;2026-07-08;591;S;zeer zeldzaam
244748916;244748916;Speerwaterjuffer;Coenagrion hastulatum;2022-06-02;6;2022-06-09;1;ter plaatse;onbekend;imago;Man;224393.4241440097;190809.13370263483;5.4290976524353;51.0226898193359;FS7055;Houthalen-Helchteren - Huttebeek;Houthalen-Helchteren;Houthalen;Limburg;Meetnetten.be;J;Goedgekeurd op basis van expertoordeel;2023-06-01;3;meetnetten.be: levensfase: imago_ activiteit: ter plaatse;10;Libellen;Coenagrionidae;2026-07-08;591;S;zeer zeldzaam
244748701;244748701;Speerwaterjuffer;Coenagrion hastulatum;2022-06-02;6;2022-06-09;1;ter plaatse;onbekend;imago;Man;223404.0219465201;188409.8871684;5.41451549530029;51.0012512207031;FS6952;Zonhoven - Teut;Zonhoven;Zonhoven;Limburg;Meetnetten.be;J;Goedgekeurd op basis van expertoordeel;2023-06-01;3;meetnetten.be: levensfase: imago_ activiteit: ter plaatse;10;Libellen;Coenagrionidae;2026-07-08;591;S;zeer zeldzaam
401151481;401151481;Speerwaterjuffer;Coenagrion hastulatum;2026-05-21;5;2026-05-26;4;ter plaatse;gezien;imago;Man;224227.893643662;190978.2395415176;5.426773;51.024231;FS7055;Houthalen-Helchteren - Huttebeek;Houthalen-Helchteren;Houthalen;Limburg;Observation;J;Goedgekeurd op basis van expertoordeel;1980-01-01;3;;5;Libellen;Coenagrionidae;2026-07-08;591;S;zeer zeldzaam
243937554;243937554;Speerwaterjuffer;Coenagrion hastulatum;2022-06-02;6;2022-06-02;1;in copula;gezien;imago;Vrouw;223502.4131430551;188568.79018558376;5.415949;51.002667;FS6952;Zonhoven - Teut;Zonhoven;Zonhoven;Limburg;Site;J;Goedgekeurd op basis van expertoordeel;1980-01-01;3;;25;Libellen;Coenagrionidae;2026-07-08;591;S;zeer zeldzaam
243937545;243937545;Speerwaterjuffer;Coenagrion hastulatum;2022-06-02;6;2022-06-02;6;in copula;gezien;imago;onbekend;223502.4131430551;188568.79018558376;5.415949;51.002667;FS6952;Zonhoven - Teut;Zonhoven;Zonhoven;Limburg;Site;J;Goedgekeurd op basis van expertoordeel;1980-01-01;3;;25;Libellen;Coenagrionidae;2026-07-08;591;S;zeer zeldzaam
243937532;243937532;Speerwaterjuffer;Coenagrion hastulatum;2022-06-02;6;2022-06-02;39;ter plaatse;gezien;imago;Man;223502.38506898985;188568.7897893684;5.4159486;51.002667;FS6952;Zonhoven - Teut;Zonhoven;Zonhoven;Limburg;Site;J;Goedgekeurd op basis van expertoordeel;1980-01-01;3;;15;Libellen;Coenagrionidae;2026-07-08;591;S;zeer zeldzaam
243937516;243937516;Speerwaterjuffer;Coenagrion hastulatum;2022-06-02;6;2022-06-02;2;eileggend;gezien;imago;onbekend;223395.9239797728;188429.1071965471;5.414404;51.001425;FS6952;Zonhoven - Teut;Zonhoven;Zonhoven;Limburg;Site;J;Goedgekeurd op basis van expertoordeel;1980-01-01;3;;25;Libellen;Coenagrionidae;2026-07-08;591;S;zeer zeldzaam
243937489;243937489;Speerwaterjuffer;Coenagrion hastulatum;2022-06-02;6;2022-06-02;20;ter plaatse;gezien;imago;Man;223395.90292365936;188429.10689981372;5.4144037;51.001425;FS6952;Zonhoven - Teut;Zonhoven;Zonhoven;Limburg;Site;J;Goedgekeurd op basis van expertoordeel;1980-01-01;3;;15;Libellen;Coenagrionidae;2026-07-08;591;S;zeer zeldzaam
242915591;242915591;Speerwaterjuffer;Coenagrion hastulatum;2022-05-25;5;2022-05-25;1;ter plaatse;gezien;imago;Man;224297.6216299139;190847.23618193995;5.4277400970459;51.0230445861816;FS7055;Houthalen-Helchteren - Huttebeek;Houthalen-Helchteren;Houthalen;Limburg;ObsMapp;J;Goedgekeurd op basis van expertoordeel;2007-01-01;3;;4;Libellen;Coenagrionidae;2026-07-08;591;S;zeer zeldzaam
241522291;241522291;Speerwaterjuffer;Coenagrion hastulatum;2022-05-14;5;2022-05-14;1;ter plaatse;gezien;imago;Man;224304.35997170015;190834.59988625903;5.42783355712891;51.0229301452637;FS7055;Houthalen-Helchteren - Huttebeek;Houthalen-Helchteren;Houthalen;Limburg;ObsMapp;J;Goedgekeurd op basis van bewijsmateriaal;2007-01-01;3;;2;Libellen;Coenagrionidae;2026-07-08;591;S;zeer zeldzaam
241522290;241522290;Speerwaterjuffer;Coenagrion hastulatum;2022-05-14;5;2022-05-14;10;ter plaatse;gezien;imago;Man;224302.11000576356;190842.20725433345;5.42780303955078;51.0229988098145;FS7055;Houthalen-Helchteren - Huttebeek;Houthalen-Helchteren;Houthalen;Limburg;ObsMapp;J;Goedgekeurd op basis van bewijsmateriaal;2007-01-01;3;;2;Libellen;Coenagrionidae;2026-07-08;591;S;zeer zeldzaam
241522288;241522288;Speerwaterjuffer;Coenagrion hastulatum;2022-05-14;5;2022-05-14;10;ter plaatse;gezien;imago;Man;224305.84370761891;190829.1036606301;5.42785358428955;51.0228805541992;FS7055;Houthalen-Helchteren - Huttebeek;Houthalen-Helchteren;Houthalen;Limburg;ObsMapp;J;Goedgekeurd op basis van bewijsmateriaal;2007-01-01;3;;2;Libellen;Coenagrionidae;2026-07-08;591;S;zeer zeldzaam
240639359;240639359;Speerwaterjuffer;Coenagrion hastulatum;2022-05-07;5;2022-05-07;1;ter plaatse;gezien;imago, niet uitgekleurd;Man;224334.92922168356;191001.83172006343;5.42830324172974;51.0244293212891;FS7055;Houthalen-Helchteren - Huttebeek;Houthalen-Helchteren;Houthalen;Limburg;ObsMapp;J;Goedgekeurd op basis van bewijsmateriaal;2007-01-01;3;;4;Libellen;Coenagrionidae;2026-07-08;591;S;zeer zeldzaam
240639357;240639357;Speerwaterjuffer;Coenagrion hastulatum;2022-05-07;5;2022-05-07;1;ter plaatse;gezien;imago, niet uitgekleurd;Man;224316.31557131017;191009.62985789124;5.42803955078125;51.0245018005371;FS7055;Houthalen-Helchteren - Huttebeek;Houthalen-Helchteren;Houthalen;Limburg;ObsMapp;J;Goedgekeurd op basis van bewijsmateriaal;2007-01-01;3;;3;Libellen;Coenagrionidae;2026-07-08;591;S;zeer zeldzaam
240639352;240639352;Speerwaterjuffer;Coenagrion hastulatum;2022-05-07;5;2022-05-07;1;ter plaatse;gezien;imago, niet uitgekleurd;Vrouw;224317.34650121088;191010.06899164617;5.42805433273315;51.0245056152344;FS7055;Houthalen-Helchteren - Huttebeek;Houthalen-Helchteren;Houthalen;Limburg;ObsMapp;J;Goedgekeurd op basis van bewijsmateriaal;2007-01-01;3;;2;Libellen;Coenagrionidae;2026-07-08;591;S;zeer zeldzaam
240639349;240639349;Speerwaterjuffer;Coenagrion hastulatum;2022-05-07;5;2022-05-07;1;ter plaatse;gezien;imago, niet uitgekleurd;Man;224317.34650121088;191010.06899164617;5.42805433273315;51.0245056152344;FS7055;Houthalen-Helchteren - Huttebeek;Houthalen-Helchteren;Houthalen;Limburg;ObsMapp;J;Goedgekeurd op basis van bewijsmateriaal;2007-01-01;3;;2;Libellen;Coenagrionidae;2026-07-08;591;S;zeer zeldzaam
240639342;240639342;Speerwaterjuffer;Coenagrion hastulatum;2022-05-07;5;2022-05-07;1;ter plaatse;gezien;imago, niet uitgekleurd;Man;224332.63976576045;191009.8629304236;5.42827224731445;51.0245018005371;FS7055;Houthalen-Helchteren - Huttebeek;Houthalen-Helchteren;Houthalen;Limburg;ObsMapp;J;Goedgekeurd op basis van bewijsmateriaal;2007-01-01;3;;2;Libellen;Coenagrionidae;2026-07-08;591;S;zeer zeldzaam
240639341;240639341;Speerwaterjuffer;Coenagrion hastulatum;2022-05-07;5;2022-05-07;1;ter plaatse;gezien;imago, niet uitgekleurd;Vrouw;224349.90956602988;191007.13864810392;5.42851781845093;51.0244750976563;FS7055;Houthalen-Helchteren - Huttebeek;Houthalen-Helchteren;Houthalen;Limburg;ObsMapp;J;Goedgekeurd op basis van bewijsmateriaal;2007-01-01;3;;3;Libellen;Coenagrionidae;2026-07-08;591;S;zeer zeldzaam
240639334;240639334;Speerwaterjuffer;Coenagrion hastulatum;2022-05-07;5;2022-05-07;1;ter plaatse;gezien;imago, niet uitgekleurd;Vrouw;224358.3814764829;190999.62016879304;5.42863702774048;51.0244064331055;FS7055;Houthalen-Helchteren - Huttebeek;Houthalen-Helchteren;Houthalen;Limburg;ObsMapp;J;Goedgekeurd op basis van bewijsmateriaal;2007-01-01;3;;2;Libellen;Coenagrionidae;2026-07-08;591;S;zeer zeldzaam
276503889;276503889;Speerwaterjuffer;Coenagrion hastulatum;2023-06-15;6;2023-06-15;1;ter plaatse;gezien;imago;Man;223454.0934438632;188476.80133795552;5.4152421951293945;51.00184631347656;FS6952;Zonhoven - Teut;Zonhoven;Zonhoven;Limburg;ObsMapp;J;Goedgekeurd op basis van expertoordeel;1980-01-01;3;;999;Libellen;Coenagrionidae;2026-07-08;591;S;zeer zeldzaam
401151488;401151488;Speerwaterjuffer;Coenagrion hastulatum;2026-05-21;5;2026-05-26;1;ter plaatse;gezien;imago;onbekend;224222.3396894173;190905.1750793131;5.426679;51.023575;FS7055;Houthalen-Helchteren - Huttebeek;Houthalen-Helchteren;Houthalen;Limburg;Observation;J;Goedgekeurd op basis van expertoordeel;1980-01-01;3;;10;Libellen;Coenagrionidae;2026-07-08;591;S;zeer zeldzaam
215964034;215964034;Speerwaterjuffer;Coenagrion hastulatum;2021-06-01;6;2021-06-05;2;ter plaatse;onbekend;imago;Man;225317.08368748327;188401.9746944364;5.44176483154297;51.0009346008301;FS7152;Zonhoven - Teut;Zonhoven;Zonhoven;Limburg;ObsMapp;J;Goedgekeurd op basis van expertoordeel;2007-01-01;3;;3;Libellen;Coenagrionidae;2026-07-08;591;S;zeer zeldzaam
272969731;272969731;Speerwaterjuffer;Coenagrion hastulatum;2023-05-22;5;2023-05-22;1;ter plaatse;gezien;imago;Man;224294.6166918177;190842.10030778215;5.427696228027344;51.02299880981445;FS7055;Houthalen-Helchteren - Huttebeek;Houthalen-Helchteren;Houthalen;Limburg;ObsMapp;J;Goedgekeurd op basis van bewijsmateriaal;1980-01-01;3;;7;Libellen;Coenagrionidae;2026-07-08;591;S;zeer zeldzaam
272969720;272969720;Speerwaterjuffer;Coenagrion hastulatum;2023-05-22;5;2023-05-22;1;ter plaatse;gezien;imago;Man;224283.8695726137;190844.9178505512;5.427543640136719;51.02302551269531;FS7055;Houthalen-Helchteren - Huttebeek;Houthalen-Helchteren;Houthalen;Limburg;ObsMapp;J;Goedgekeurd op basis van expertoordeel;1980-01-01;3;;8;Libellen;Coenagrionidae;2026-07-08;591;S;zeer zeldzaam
272969699;272969699;Speerwaterjuffer;Coenagrion hastulatum;2023-05-22;5;2023-05-22;1;ter plaatse;gezien;imago;Man;224371.7406348642;190804.57972411253;5.428787708282471;51.02265167236328;FS7055;Houthalen-Helchteren - Huttebeek;Houthalen-Helchteren;Houthalen;Limburg;ObsMapp;J;Goedgekeurd op basis van expertoordeel;1980-01-01;3;;10;Libellen;Coenagrionidae;2026-07-08;591;S;zeer zeldzaam
272969677;272969677;Speerwaterjuffer;Coenagrion hastulatum;2023-05-22;5;2023-05-22;1;ter plaatse;gezien;imago;Man;224458.321566438;190796.0557966353;5.430019855499268;51.02256393432617;FS7055;Houthalen-Helchteren - Huttebeek;Houthalen-Helchteren;Houthalen;Limburg;ObsMapp;J;Goedgekeurd op basis van bewijsmateriaal;1980-01-01;3;;4;Libellen;Coenagrionidae;2026-07-08;591;S;zeer zeldzaam
217259433;217259433;Speerwaterjuffer;Coenagrion hastulatum;2021-06-16;6;2021-06-16;1;ter plaatse;gezien;imago;Man;223564.9706636883;190269.3890697332;5.41718244552612;51.0179443359375;FS6954;Houthalen - Tenhaagdoornheide;Houthalen-Helchteren;Houthalen;Limburg;ObsMapp;J;Goedgekeurd op basis van expertoordeel;2022-06-16;3;;2;Libellen;Coenagrionidae;2026-07-08;591;S;zeer zeldzaam
215964036;215964036;Speerwaterjuffer;Coenagrion hastulatum;2021-06-01;6;2021-06-05;1;ter plaatse;onbekend;imago;Man;225324.3216887272;188403.7770236442;5.4418683052063;51.0009498596191;FS7152;Zonhoven - Teut;Zonhoven;Zonhoven;Limburg;ObsMapp;J;Goedgekeurd op basis van expertoordeel;2007-01-01;3;;3;Libellen;Coenagrionidae;2026-07-08;591;S;zeer zeldzaam
217259410;217259410;Speerwaterjuffer;Coenagrion hastulatum;2021-06-16;6;2021-06-16;2;ter plaatse;gezien;imago;Man;224313.45115336392;190856.37485698983;5.42796754837036;51.0231246948242;FS7055;Houthalen-Helchteren - Huttebeek;Houthalen-Helchteren;Houthalen;Limburg;ObsMapp;J;Goedgekeurd op basis van expertoordeel;2022-06-16;3;;2;Libellen;Coenagrionidae;2026-07-08;591;S;zeer zeldzaam
217259402;217259402;Speerwaterjuffer;Coenagrion hastulatum;2021-06-16;6;2021-06-16;1;ter plaatse;gezien;imago;Vrouw;224315.2454572628;190857.2493027868;5.4279932975769;51.0231323242188;FS7055;Houthalen-Helchteren - Huttebeek;Houthalen-Helchteren;Houthalen;Limburg;ObsMapp;J;Goedgekeurd op basis van expertoordeel;2022-06-16;3;;2;Libellen;Coenagrionidae;2026-07-08;591;S;zeer zeldzaam
217259400;217259400;Speerwaterjuffer;Coenagrion hastulatum;2021-06-16;6;2021-06-16;1;ter plaatse;gezien;imago;onbekend;224345.0884578105;190869.134638926;5.42842102050781;51.0232353210449;FS7055;Houthalen-Helchteren - Huttebeek;Houthalen-Helchteren;Houthalen;Limburg;ObsMapp;J;Goedgekeurd op basis van expertoordeel;2022-06-16;3;;2;Libellen;Coenagrionidae;2026-07-08;591;S;zeer zeldzaam
217259395;217259395;Speerwaterjuffer;Coenagrion hastulatum;2021-06-16;6;2021-06-16;2;ter plaatse;gezien;imago;Man;224349.4129922124;190870.8940638248;5.42848300933838;51.023250579834;FS7055;Houthalen-Helchteren - Huttebeek;Houthalen-Helchteren;Houthalen;Limburg;ObsMapp;J;Goedgekeurd op basis van expertoordeel;2022-06-16;3;;3;Libellen;Coenagrionidae;2026-07-08;591;S;zeer zeldzaam
217259393;217259393;Speerwaterjuffer;Coenagrion hastulatum;2021-06-16;6;2021-06-16;1;ter plaatse;gezien;imago;Man;224388.16327742176;190884.60453574453;5.42903804779053;51.0233688354492;FS7055;Houthalen-Helchteren - Huttebeek;Houthalen-Helchteren;Houthalen;Limburg;ObsMapp;J;Goedgekeurd op basis van expertoordeel;2022-06-16;3;;2;Libellen;Coenagrionidae;2026-07-08;591;S;zeer zeldzaam
217277089;217277089;Speerwaterjuffer;Coenagrion hastulatum;2021-06-16;6;2021-06-16;1;ter plaatse;gezien;imago;Man;223566.55760534032;190266.0161804305;5.4172043800354;51.0179138183594;FS6954;Houthalen - Tenhaagdoornheide;Houthalen-Helchteren;Houthalen;Limburg;ObsMapp;J;Goedgekeurd op basis van expertoordeel;2007-01-01;3;;2;Libellen;Coenagrionidae;2026-07-08;591;S;zeer zeldzaam
217259389;217259389;Speerwaterjuffer;Coenagrion hastulatum;2021-06-16;6;2021-06-16;1;ter plaatse;gezien;imago;Man;224367.66908263176;190815.5563671887;5.42873191833496;51.0227508544922;FS7055;Houthalen-Helchteren - Huttebeek;Houthalen-Helchteren;Houthalen;Limburg;ObsMapp;J;Goedgekeurd op basis van expertoordeel;2022-06-16;3;;1;Libellen;Coenagrionidae;2026-07-08;591;S;zeer zeldzaam
217259377;217259377;Speerwaterjuffer;Coenagrion hastulatum;2021-06-16;6;2021-06-16;1;ter plaatse;gezien;imago;Man;223393.4030680476;188408.03987060676;5.41436386108398;51.0012359619141;FS6952;Zonhoven - Teut;Zonhoven;Zonhoven;Limburg;ObsMapp;J;Goedgekeurd op basis van expertoordeel;2022-06-16;3;;1;Libellen;Coenagrionidae;2026-07-08;591;S;zeer zeldzaam
217259373;217259373;Speerwaterjuffer;Coenagrion hastulatum;2021-06-16;6;2021-06-16;1;ter plaatse;gezien;imago;Man;223370.34602791548;188417.05205701385;5.41403722763062;51.0013198852539;FS6952;Zonhoven - Teut;Zonhoven;Zonhoven;Limburg;ObsMapp;J;Goedgekeurd op basis van expertoordeel;2022-06-16;3;;2;Libellen;Coenagrionidae;2026-07-08;591;S;zeer zeldzaam
217259369;217259369;Speerwaterjuffer;Coenagrion hastulatum;2021-06-16;6;2021-06-16;1;ter plaatse;gezien;imago;Man;223321.29507512867;188384.5304197641;5.41333198547363;51.001033782959;FS6952;Zonhoven - Teut;Zonhoven;Zonhoven;Limburg;ObsMapp;J;Goedgekeurd op basis van expertoordeel;2022-06-16;3;;2;Libellen;Coenagrionidae;2026-07-08;591;S;zeer zeldzaam
217259354;217259354;Speerwaterjuffer;Coenagrion hastulatum;2021-06-16;6;2021-06-16;1;ter plaatse;gezien;imago;Man;223354.497792919;188441.86909968776;5.41381645202637;51.0015449523926;FS6952;Zonhoven - Teut;Zonhoven;Zonhoven;Limburg;ObsMapp;J;Goedgekeurd op basis van expertoordeel;2022-06-16;3;;3;Libellen;Coenagrionidae;2026-07-08;591;S;zeer zeldzaam
217259347;217259347;Speerwaterjuffer;Coenagrion hastulatum;2021-06-16;6;2021-06-16;2;tandem;gezien;imago;onbekend;223435.37689439263;188467.6247519618;5.41497373580933;51.001766204834;FS6952;Zonhoven - Teut;Zonhoven;Zonhoven;Limburg;ObsMapp;J;Goedgekeurd op basis van expertoordeel;2022-06-16;3;;2;Libellen;Coenagrionidae;2026-07-08;591;S;zeer zeldzaam
215964038;215964038;Speerwaterjuffer;Coenagrion hastulatum;2021-06-01;6;2021-06-05;1;ter plaatse;onbekend;imago;Man;225327.88770298072;188402.5553568257;5.44191884994507;51.0009384155273;FS7152;Zonhoven - Teut;Zonhoven;Zonhoven;Limburg;ObsMapp;J;Goedgekeurd op basis van expertoordeel;2007-01-01;3;;3;Libellen;Coenagrionidae;2026-07-08;591;S;zeer zeldzaam
244748748;244748748;Speerwaterjuffer;Coenagrion hastulatum;2022-06-02;6;2022-06-09;1;ter plaatse;onbekend;imago;Man;223365.78241593143;188429.72011551075;5.41397476196289;51.0014343261719;FS6952;Zonhoven - Teut;Zonhoven;Zonhoven;Limburg;Meetnetten.be;J;Goedgekeurd op basis van expertoordeel;2023-06-01;3;meetnetten.be: levensfase: imago_ activiteit: ter plaatse;10;Libellen;Coenagrionidae;2026-07-08;591;S;zeer zeldzaam
275214177;275214177;Speerwaterjuffer;Coenagrion hastulatum;2023-06-06;6;2023-06-07;1;ter plaatse;onbekend;imago;Man;224337.4002777464;190863.9318582695;5.42831039428711;51.0231895446777;FS7055;Houthalen-Helchteren - Huttebeek;Houthalen-Helchteren;Houthalen;Limburg;Meetnetten.be;J;Goedgekeurd op basis van expertoordeel;2024-06-04;3;meetnetten.be: life stage: imago_ activity: present;10;Libellen;Coenagrionidae;2026-07-08;591;S;zeer zeldzaam
244748721;244748721;Speerwaterjuffer;Coenagrion hastulatum;2022-06-02;6;2022-06-09;1;ter plaatse;onbekend;imago;Man;223422.6275259569;188424.5794231901;5.4147834777832;51.0013809204102;FS6952;Zonhoven - Teut;Zonhoven;Zonhoven;Limburg;Meetnetten.be;J;Goedgekeurd op basis van expertoordeel;2023-06-01;3;meetnetten.be: levensfase: imago_ activiteit: ter plaatse;10;Libellen;Coenagrionidae;2026-07-08;591;S;zeer zeldzaam
217277048;217277048;Speerwaterjuffer;Coenagrion hastulatum;2021-06-16;6;2021-06-16;1;ter plaatse;gezien;imago;Man;224312.2354526037;190817.3112593573;5.42794227600098;51.0227737426758;FS7055;Houthalen-Helchteren - Huttebeek;Houthalen-Helchteren;Houthalen;Limburg;ObsMapp;J;Goedgekeurd op basis van expertoordeel;2024-10-11;3;;2;Libellen;Coenagrionidae;2026-07-08;591;S;zeer zeldzaam
192569673;192569673;Speerwaterjuffer;Coenagrion hastulatum;2020-05-27;5;2020-05-27;1;ter plaatse;onbekend;onbekend;Man;224336.3601050804;190861.79492614977;5.42829513549805;51.0231704711914;FS7055;Houthalen-Helchteren - Huttebeek;Houthalen-Helchteren;Houthalen;Limburg;Meetnetten.be;J;Goedgekeurd op basis van expertoordeel;2021-05-26;3;meetnetten.be: levensfase: imago_ activiteit: ter plaatse;10;Libellen;Coenagrionidae;2026-07-08;591;S;zeer zeldzaam
244748720;244748720;Speerwaterjuffer;Coenagrion hastulatum;2022-06-02;6;2022-06-09;1;ter plaatse;onbekend;imago;Man;223423.15589577437;188420.34275579263;5.41479015350342;51.0013427734375;FS6952;Zonhoven - Teut;Zonhoven;Zonhoven;Limburg;Meetnetten.be;J;Goedgekeurd op basis van expertoordeel;2023-06-01;3;meetnetten.be: levensfase: imago_ activiteit: ter plaatse;10;Libellen;Coenagrionidae;2026-07-08;591;S;zeer zeldzaam
217259343;217259343;Speerwaterjuffer;Coenagrion hastulatum;2021-06-16;6;2021-06-16;3;ter plaatse;gezien;imago;Man;224095.74059590115;188539.3664699085;5.4243950843811;51.002326965332;FS7052;Zonhoven - Teut;Zonhoven;Zonhoven;Limburg;ObsMapp;J;Goedgekeurd op basis van expertoordeel;2022-06-16;3;;2;Libellen;Coenagrionidae;2026-07-08;591;S;zeer zeldzaam
346970171;346970171;Speerwaterjuffer;Coenagrion hastulatum;2025-04-27;4;2025-04-27;1;ter plaatse;gezien;imago;Man;224320.89544973464;190850.53931103277;5.428072452545166;51.0230712890625;FS7055;Houthalen-Helchteren - Huttebeek;Houthalen-Helchteren;Houthalen;Limburg;ObsMapp;J;Goedgekeurd op basis van expertoordeel;2026-04-27;3;;2;Libellen;Coenagrionidae;2026-07-08;591;S;zeer zeldzaam
346970175;346970175;Speerwaterjuffer;Coenagrion hastulatum;2025-04-27;4;2025-04-27;1;eileggend;gezien;imago;Vrouw;224320.89544973464;190850.53931103277;5.428072452545166;51.0230712890625;FS7055;Houthalen-Helchteren - Huttebeek;Houthalen-Helchteren;Houthalen;Limburg;ObsMapp;J;Goedgekeurd op basis van expertoordeel;2026-04-27;3;;2;Libellen;Coenagrionidae;2026-07-08;591;S;zeer zeldzaam
217277040;217277040;Speerwaterjuffer;Coenagrion hastulatum;2021-06-16;6;2021-06-16;1;ter plaatse;gezien;imago;Man;224301.81210530235;190844.325080839;5.42779922485352;51.0230178833008;FS7055;Houthalen-Helchteren - Huttebeek;Houthalen-Helchteren;Houthalen;Limburg;ObsMapp;J;Goedgekeurd op basis van expertoordeel;2024-10-11;3;;2;Libellen;Coenagrionidae;2026-07-08;591;S;zeer zeldzaam
346970213;346970213;Speerwaterjuffer;Coenagrion hastulatum;2025-04-27;4;2025-04-27;2;in copula;gezien;imago;onbekend;224217.39994830333;191003.55008742027;5.426628589630127;51.02445983886719;FS7055;Houthalen-Helchteren - Huttebeek;Houthalen-Helchteren;Houthalen;Limburg;ObsMapp;J;Goedgekeurd op basis van bewijsmateriaal;2026-04-27;3;;2;Libellen;Coenagrionidae;2026-07-08;591;S;zeer zeldzaam
346970215;346970215;Speerwaterjuffer;Coenagrion hastulatum;2025-04-27;4;2025-04-27;1;ter plaatse;gezien;imago, niet uitgekleurd;Man;224217.39994830333;191003.55008742027;5.426628589630127;51.02445983886719;FS7055;Houthalen-Helchteren - Huttebeek;Houthalen-Helchteren;Houthalen;Limburg;ObsMapp;J;Goedgekeurd op basis van bewijsmateriaal;2026-04-27;3;;2;Libellen;Coenagrionidae;2026-07-08;591;S;zeer zeldzaam
346970219;346970219;Speerwaterjuffer;Coenagrion hastulatum;2025-04-27;4;2025-04-27;1;ter plaatse;gezien;imago;Man;224227.16166495567;191004.1136867516;5.426767826080322;51.02446365356445;FS7055;Houthalen-Helchteren - Huttebeek;Houthalen-Helchteren;Houthalen;Limburg;ObsMapp;J;Goedgekeurd op basis van expertoordeel;2026-04-27;3;;2;Libellen;Coenagrionidae;2026-07-08;591;S;zeer zeldzaam
346970226;346970226;Speerwaterjuffer;Coenagrion hastulatum;2025-04-27;4;2025-04-27;2;in copula;gezien;imago;onbekend;224218.78105582547;191009.9360152772;5.426649570465088;51.02451705932617;FS7055;Houthalen-Helchteren - Huttebeek;Houthalen-Helchteren;Houthalen;Limburg;ObsMapp;J;Goedgekeurd op basis van bewijsmateriaal;2026-04-27;3;;3;Libellen;Coenagrionidae;2026-07-08;591;S;zeer zeldzaam
346970230;346970230;Speerwaterjuffer;Coenagrion hastulatum;2025-04-27;4;2025-04-27;1;ter plaatse;gezien;imago, niet uitgekleurd;Man;224218.78105582547;191009.9360152772;5.426649570465088;51.02451705932617;FS7055;Houthalen-Helchteren - Huttebeek;Houthalen-Helchteren;Houthalen;Limburg;ObsMapp;J;Goedgekeurd op basis van expertoordeel;2026-04-27;3;;3;Libellen;Coenagrionidae;2026-07-08;591;S;zeer zeldzaam
346970236;346970236;Speerwaterjuffer;Coenagrion hastulatum;2025-04-27;4;2025-04-27;2;ter plaatse;gezien;imago;Man;224226.6079462304;191000.71046485752;5.426759243011475;51.02443313598633;FS7055;Houthalen-Helchteren - Huttebeek;Houthalen-Helchteren;Houthalen;Limburg;ObsMapp;J;Goedgekeurd op basis van expertoordeel;2026-04-27;3;;3;Libellen;Coenagrionidae;2026-07-08;591;S;zeer zeldzaam
346970240;346970240;Speerwaterjuffer;Coenagrion hastulatum;2025-04-27;4;2025-04-27;1;ter plaatse;gezien;imago;Man;224224.75462883367;190982.8585757995;5.426729202270508;51.02427291870117;FS7055;Houthalen-Helchteren - Huttebeek;Houthalen-Helchteren;Houthalen;Limburg;ObsMapp;J;Goedgekeurd op basis van expertoordeel;2026-04-27;3;;1;Libellen;Coenagrionidae;2026-07-08;591;S;zeer zeldzaam
346970242;346970242;Speerwaterjuffer;Coenagrion hastulatum;2025-04-27;4;2025-04-27;2;eileggend;gezien;imago;onbekend;224224.75462883367;190982.8585757995;5.426729202270508;51.02427291870117;FS7055;Houthalen-Helchteren - Huttebeek;Houthalen-Helchteren;Houthalen;Limburg;ObsMapp;J;Goedgekeurd op basis van bewijsmateriaal;2026-04-27;3;;1;Libellen;Coenagrionidae;2026-07-08;591;S;zeer zeldzaam
346970245;346970245;Speerwaterjuffer;Coenagrion hastulatum;2025-04-27;4;2025-04-27;2;ter plaatse;gezien;imago;Man;224227.96881435649;190980.3579116436;5.426774501800537;51.02425003051758;FS7055;Houthalen-Helchteren - Huttebeek;Houthalen-Helchteren;Houthalen;Limburg;ObsMapp;J;Goedgekeurd op basis van bewijsmateriaal;2026-04-27;3;;2;Libellen;Coenagrionidae;2026-07-08;591;S;zeer zeldzaam
346970249;346970249;Speerwaterjuffer;Coenagrion hastulatum;2025-04-27;4;2025-04-27;1;ter plaatse;gezien;imago;Man;224228.16952279763;190980.3607735727;5.426777362823486;51.02425003051758;FS7055;Houthalen-Helchteren - Huttebeek;Houthalen-Helchteren;Houthalen;Limburg;ObsMapp;J;Goedgekeurd op basis van expertoordeel;2026-04-27;3;;2;Libellen;Coenagrionidae;2026-07-08;591;S;zeer zeldzaam
346970252;346970252;Speerwaterjuffer;Coenagrion hastulatum;2025-04-27;4;2025-04-27;2;eileggend;gezien;imago;onbekend;224228.16952279763;190980.3607735727;5.426777362823486;51.02425003051758;FS7055;Houthalen-Helchteren - Huttebeek;Houthalen-Helchteren;Houthalen;Limburg;ObsMapp;J;Goedgekeurd op basis van bewijsmateriaal;2026-04-27;3;;2;Libellen;Coenagrionidae;2026-07-08;591;S;zeer zeldzaam
192204710;192204710;Speerwaterjuffer;Coenagrion hastulatum;2020-05-23;5;2020-05-23;10;ter plaatse;gezien;imago;Man;224316.9471047652;190835.8759810906;5.4280132;51.02294;FS7055;Houthalen-Helchteren - Huttebeek;Houthalen-Helchteren;Houthalen;Limburg;Site;J;Goedgekeurd op basis van bewijsmateriaal;1980-01-01;3;;7;Libellen;Coenagrionidae;2026-07-08;591;S;zeer zeldzaam
192204966;192204966;Speerwaterjuffer;Coenagrion hastulatum;2020-05-23;5;2020-05-23;2;ter plaatse;gezien;imago;onbekend;224449.35144011525;190816.07252115945;5.4298961;51.022745;FS7055;Houthalen-Helchteren - Huttebeek;Houthalen-Helchteren;Houthalen;Limburg;Site;J;Goedgekeurd op basis van bewijsmateriaal;1980-01-01;3;;15;Libellen;Coenagrionidae;2026-07-08;591;S;zeer zeldzaam
213736000;213736000:2172796;Speerwaterjuffer;Coenagrion hastulatum;2021-05-14;5;2021-05-14;2;ter plaatse;gezien;imago, niet uitgekleurd;Vrouw;224309.2244218833;191031.80243759416;5.427943;51.024702;FS7055;Houthalen-Helchteren - Huttebeek;Houthalen-Helchteren;Houthalen;Limburg;Site;J;Goedgekeurd op basis van bewijsmateriaal;2021-12-31;3;;25;Libellen;Coenagrionidae;2026-07-08;591;S;zeer zeldzaam
213736000;213736000:2172795;Speerwaterjuffer;Coenagrion hastulatum;2021-05-14;5;2021-05-14;1;ter plaatse;gezien;imago, niet uitgekleurd;Man;224309.2244218833;191031.80243759416;5.427943;51.024702;FS7055;Houthalen-Helchteren - Huttebeek;Houthalen-Helchteren;Houthalen;Limburg;Site;J;Goedgekeurd op basis van bewijsmateriaal;2021-12-31;3;;25;Libellen;Coenagrionidae;2026-07-08;591;S;zeer zeldzaam
350263058;350263058;Speerwaterjuffer;Coenagrion hastulatum;2025-05-13;5;2025-05-13;3;ter plaatse;gezien;imago;Man;223608.61075634457;188616.49238983355;5.417471408843994;51.00308227539063;FS6952;Zonhoven - Teut;Zonhoven;Zonhoven;Limburg;ObsMapp;J;Goedgekeurd op basis van expertoordeel;2026-05-13;3;;1;Libellen;Coenagrionidae;2026-07-08;591;S;zeer zeldzaam
350263063;350263063;Speerwaterjuffer;Coenagrion hastulatum;2025-05-13;5;2025-05-13;2;tandem;gezien;imago;onbekend;223607.39144766587;188619.87045307364;5.417454719543457;51.00311279296875;FS6952;Zonhoven - Teut;Zonhoven;Zonhoven;Limburg;ObsMapp;J;Goedgekeurd op basis van expertoordeel;2026-05-13;3;;2;Libellen;Coenagrionidae;2026-07-08;591;S;zeer zeldzaam
350263119;350263119;Speerwaterjuffer;Coenagrion hastulatum;2025-05-13;5;2025-05-13;1;ter plaatse;gezien;imago;Man;224172.7687346044;190989.3326607449;5.425989627838135;51.02433776855469;FS7055;Houthalen-Helchteren - Huttebeek;Houthalen-Helchteren;Houthalen;Limburg;ObsMapp;J;Goedgekeurd op basis van expertoordeel;2026-05-13;3;;3;Libellen;Coenagrionidae;2026-07-08;591;S;zeer zeldzaam
311172397;311172397;Speerwaterjuffer;Coenagrion hastulatum;2024-05-23;5;2024-05-23;2;ter plaatse;gezien;imago;Man;224215.7120829332;191002.2527761497;5.426604270935059;51.02444839477539;FS7055;Houthalen-Helchteren - Huttebeek;Houthalen-Helchteren;Houthalen;Limburg;ObsMapp;J;Goedgekeurd op basis van expertoordeel;2024-06-23;3;;2;Libellen;Coenagrionidae;2026-07-08;591;S;zeer zeldzaam
311172389;311172389;Speerwaterjuffer;Coenagrion hastulatum;2024-05-23;5;2024-05-23;1;ter plaatse;gezien;imago;Man;224221.5361557589;191009.12646507565;5.4266886711120605;51.02450942993164;FS7055;Houthalen-Helchteren - Huttebeek;Houthalen-Helchteren;Houthalen;Limburg;ObsMapp;J;Goedgekeurd op basis van expertoordeel;2024-06-23;3;;3;Libellen;Coenagrionidae;2026-07-08;591;S;zeer zeldzaam
311172382;311172382;Speerwaterjuffer;Coenagrion hastulatum;2024-05-23;5;2024-05-23;1;ter plaatse;gezien;imago;Man;224175.21147003764;190998.70461291075;5.426026344299316;51.02442169189453;FS7055;Houthalen-Helchteren - Huttebeek;Houthalen-Helchteren;Houthalen;Limburg;ObsMapp;J;Goedgekeurd op basis van expertoordeel;2024-06-23;3;;2;Libellen;Coenagrionidae;2026-07-08;591;S;zeer zeldzaam
311172376;311172376;Speerwaterjuffer;Coenagrion hastulatum;2024-05-23;5;2024-05-23;1;dood;gezien;imago;Man;224167.1605982505;190983.7353516305;5.42590856552124;51.02428817749024;FS7055;Houthalen-Helchteren - Huttebeek;Houthalen-Helchteren;Houthalen;Limburg;ObsMapp;J;Goedgekeurd op basis van expertoordeel;2024-06-23;3;;2;Libellen;Coenagrionidae;2026-07-08;591;S;zeer zeldzaam
311172373;311172373;Speerwaterjuffer;Coenagrion hastulatum;2024-05-23;5;2024-05-23;1;ter plaatse;gezien;imago;Man;224168.9456131886;190982.9119524462;5.425933837890625;51.0242805480957;FS7055;Houthalen-Helchteren - Huttebeek;Houthalen-Helchteren;Houthalen;Limburg;ObsMapp;J;Goedgekeurd op basis van expertoordeel;2024-06-23;3;;2;Libellen;Coenagrionidae;2026-07-08;591;S;zeer zeldzaam
311172371;311172371;Speerwaterjuffer;Coenagrion hastulatum;2024-05-23;5;2024-05-23;1;ter plaatse;gezien;imago;Man;224168.9456131886;190982.9119524462;5.425933837890625;51.0242805480957;FS7055;Houthalen-Helchteren - Huttebeek;Houthalen-Helchteren;Houthalen;Limburg;ObsMapp;J;Goedgekeurd op basis van expertoordeel;2024-06-23;3;;2;Libellen;Coenagrionidae;2026-07-08;591;S;zeer zeldzaam
311172355;311172355;Speerwaterjuffer;Coenagrion hastulatum;2024-05-23;5;2024-05-23;6;ter plaatse;gezien;imago;onbekend;223312.33302912087;188412.41541581228;5.413209915161133;51.00128555297852;FS6952;Zonhoven - Teut;Zonhoven;Zonhoven;Limburg;ObsMapp;J;Goedgekeurd op basis van expertoordeel;2024-06-23;3;;2;Libellen;Coenagrionidae;2026-07-08;591;S;zeer zeldzaam
308831585;308831585;Speerwaterjuffer;Coenagrion hastulatum;2024-05-10;5;2024-05-10;5;ter plaatse;gezien;imago;Man;224191.065304376;191010.8141805539;5.426254749298096;51.02452850341797;FS7055;Houthalen-Helchteren - Huttebeek;Houthalen-Helchteren;Houthalen;Limburg;ObsMapp;J;Goedgekeurd op basis van expertoordeel;2024-06-10;3;;2;Libellen;Coenagrionidae;2026-07-08;591;S;zeer zeldzaam
308831575;308831575;Speerwaterjuffer;Coenagrion hastulatum;2024-05-10;5;2024-05-10;2;tandem;gezien;imago;onbekend;224210.94209437503;191020.01023685373;5.426539897918701;51.02460861206055;FS7055;Houthalen-Helchteren - Huttebeek;Houthalen-Helchteren;Houthalen;Limburg;ObsMapp;J;Goedgekeurd op basis van expertoordeel;2024-06-10;3;;2;Libellen;Coenagrionidae;2026-07-08;591;S;zeer zeldzaam
308831569;308831569;Speerwaterjuffer;Coenagrion hastulatum;2024-05-10;5;2024-05-10;1;ter plaatse;gezien;imago, niet uitgekleurd;Vrouw;224223.94429425945;191004.49222693872;5.426722049713135;51.02446746826172;FS7055;Houthalen-Helchteren - Huttebeek;Houthalen-Helchteren;Houthalen;Limburg;ObsMapp;J;Goedgekeurd op basis van expertoordeel;2024-06-10;3;;3;Libellen;Coenagrionidae;2026-07-08;591;S;zeer zeldzaam
307812781;307812781;Speerwaterjuffer;Coenagrion hastulatum;2024-05-04;5;2024-05-04;4;ter plaatse;gezien;imago;Man;224178.06307816965;190998.77952560785;5.426066999999989;51.024422;FS7055;Houthalen-Helchteren - Huttebeek;Houthalen-Helchteren;Houthalen;Limburg;ObsMapp;J;Goedgekeurd op basis van bewijsmateriaal;2024-06-04;3;;2;Libellen;Coenagrionidae;2026-07-08;591;S;zeer zeldzaam
307812769;307812769;Speerwaterjuffer;Coenagrion hastulatum;2024-05-04;5;2024-05-04;1;dood;gezien;imago;Man;224218.7248998437;191006.14584022108;5.426648;51.024483;FS7055;Houthalen-Helchteren - Huttebeek;Houthalen-Helchteren;Houthalen;Limburg;ObsMapp;J;Goedgekeurd op basis van bewijsmateriaal;2024-06-04;3;in spinweb;3;Libellen;Coenagrionidae;2026-07-08;591;S;zeer zeldzaam
307812766;307812766;Speerwaterjuffer;Coenagrion hastulatum;2024-05-04;5;2024-05-04;2;tandem;gezien;imago;onbekend;224218.7248998437;191006.14584022108;5.426648;51.024483;FS7055;Houthalen-Helchteren - Huttebeek;Houthalen-Helchteren;Houthalen;Limburg;ObsMapp;J;Goedgekeurd op basis van bewijsmateriaal;2024-06-04;3;;2;Libellen;Coenagrionidae;2026-07-08;591;S;zeer zeldzaam
307812763;307812763;Speerwaterjuffer;Coenagrion hastulatum;2024-05-04;5;2024-05-04;1;ter plaatse;gezien;imago;Man;224218.7248998437;191006.14584022108;5.426648;51.024483;FS7055;Houthalen-Helchteren - Huttebeek;Houthalen-Helchteren;Houthalen;Limburg;ObsMapp;J;Goedgekeurd op basis van bewijsmateriaal;2024-06-04;3;;2;Libellen;Coenagrionidae;2026-07-08;591;S;zeer zeldzaam
357168758;357168758;Speerwaterjuffer;Coenagrion hastulatum;2025-06-12;6;2025-06-17;1;ter plaatse;gezien;imago;Man;224227.41794485704;190974.40823594292;5.426765441894531;51.02419662475586;FS7055;Houthalen-Helchteren - Huttebeek;Houthalen-Helchteren;Houthalen;Limburg;ObsMapp;J;Goedgekeurd op basis van expertoordeel;2026-06-12;3;;2;Libellen;Coenagrionidae;2026-07-08;591;S;zeer zeldzaam
357168768;357168768;Speerwaterjuffer;Coenagrion hastulatum;2025-06-12;6;2025-06-17;1;ter plaatse;gezien;imago;onbekend;224224.19555529056;190989.2168409666;5.426722526550293;51.02433013916016;FS7055;Houthalen-Helchteren - Huttebeek;Houthalen-Helchteren;Houthalen;Limburg;ObsMapp;J;Goedgekeurd op basis van expertoordeel;2026-06-12;3;;2;Libellen;Coenagrionidae;2026-07-08;591;S;zeer zeldzaam
357168778;357168778;Speerwaterjuffer;Coenagrion hastulatum;2025-06-12;6;2025-06-17;1;ter plaatse;gezien;imago;Man;224223.50517736905;190988.3581657419;5.426712512969971;51.024322509765625;FS7055;Houthalen-Helchteren - Huttebeek;Houthalen-Helchteren;Houthalen;Limburg;ObsMapp;J;Goedgekeurd op basis van expertoordeel;2026-06-12;3;;2;Libellen;Coenagrionidae;2026-07-08;591;S;zeer zeldzaam
357168818;357168818;Speerwaterjuffer;Coenagrion hastulatum;2025-06-12;6;2025-06-17;1;ter plaatse;gezien;imago;Man;224222.07886927435;190987.48899766055;5.426692008972168;51.02431488037109;FS7055;Houthalen-Helchteren - Huttebeek;Houthalen-Helchteren;Houthalen;Limburg;ObsMapp;J;Goedgekeurd op basis van expertoordeel;2026-06-12;3;;2;Libellen;Coenagrionidae;2026-07-08;591;S;zeer zeldzaam
217277035;217277035;Speerwaterjuffer;Coenagrion hastulatum;2021-06-16;6;2021-06-16;2;ter plaatse;gezien;imago;Man;224304.6558304416;190849.03424252663;5.42784070968628;51.0230598449707;FS7055;Houthalen-Helchteren - Huttebeek;Houthalen-Helchteren;Houthalen;Limburg;ObsMapp;J;Goedgekeurd op basis van expertoordeel;2024-10-11;3;;3;Libellen;Coenagrionidae;2026-07-08;591;S;zeer zeldzaam
192569671;192569671;Speerwaterjuffer;Coenagrion hastulatum;2020-05-27;5;2020-05-27;1;in copula;onbekend;onbekend;onbekend;224339.01784994567;190858.4375523962;5.42833232879639;51.0231399536133;FS7055;Houthalen-Helchteren - Huttebeek;Houthalen-Helchteren;Houthalen;Limburg;Meetnetten.be;J;Goedgekeurd op basis van expertoordeel;2021-05-26;3;meetnetten.be: levensfase: imago_ activiteit: copula;10;Libellen;Coenagrionidae;2026-07-08;591;S;zeer zeldzaam
217277028;217277028;Speerwaterjuffer;Coenagrion hastulatum;2021-06-16;6;2021-06-16;1;ter plaatse;gezien;imago;Vrouw;224314.58481875068;190844.93181624915;5.42798137664795;51.023021697998;FS7055;Houthalen-Helchteren - Huttebeek;Houthalen-Helchteren;Houthalen;Limburg;ObsMapp;J;Goedgekeurd op basis van expertoordeel;2024-10-11;3;;4;Libellen;Coenagrionidae;2026-07-08;591;S;zeer zeldzaam
217277018;217277018;Speerwaterjuffer;Coenagrion hastulatum;2021-06-16;6;2021-06-16;1;ter plaatse;gezien;imago;Man;224343.76490794503;190856.3832643237;5.42839956283569;51.023120880127;FS7055;Houthalen-Helchteren - Huttebeek;Houthalen-Helchteren;Houthalen;Limburg;ObsMapp;J;Goedgekeurd op basis van expertoordeel;2024-10-11;3;;3;Libellen;Coenagrionidae;2026-07-08;591;S;zeer zeldzaam
217277013;217277013;Speerwaterjuffer;Coenagrion hastulatum;2021-06-16;6;2021-06-16;2;ter plaatse;gezien;imago;Man;224353.34798274728;190867.1305234032;5.42853832244873;51.0232162475586;FS7055;Houthalen-Helchteren - Huttebeek;Houthalen-Helchteren;Houthalen;Limburg;ObsMapp;J;Goedgekeurd op basis van expertoordeel;2024-10-11;3;;2;Libellen;Coenagrionidae;2026-07-08;591;S;zeer zeldzaam
275198965;275198965;Speerwaterjuffer;Coenagrion hastulatum;2023-06-06;6;2023-06-07;1;ter plaatse;gezien;imago;Man;224306.4703576752;190832.0835149847;5.427863121032715;51.02290725708008;FS7055;Houthalen-Helchteren - Huttebeek;Houthalen-Helchteren;Houthalen;Limburg;ObsMapp;J;Goedgekeurd op basis van expertoordeel;2024-06-06;3;;3;Libellen;Coenagrionidae;2026-07-08;591;S;zeer zeldzaam
275198959;275198959;Speerwaterjuffer;Coenagrion hastulatum;2023-06-06;6;2023-06-07;4;ter plaatse;gezien;imago;Man;224301.8790098628;190844.32603576037;5.427800178527832;51.02301788330078;FS7055;Houthalen-Helchteren - Huttebeek;Houthalen-Helchteren;Houthalen;Limburg;ObsMapp;J;Goedgekeurd op basis van expertoordeel;2024-06-06;3;;3;Libellen;Coenagrionidae;2026-07-08;591;S;zeer zeldzaam
217277003;217277003;Speerwaterjuffer;Coenagrion hastulatum;2021-06-16;6;2021-06-16;1;ter plaatse;gezien;imago;Man;224384.71458323207;190882.4331772067;5.42898845672607;51.0233497619629;FS7055;Houthalen-Helchteren - Huttebeek;Houthalen-Helchteren;Houthalen;Limburg;ObsMapp;J;Goedgekeurd op basis van expertoordeel;2024-10-11;3;;3;Libellen;Coenagrionidae;2026-07-08;591;S;zeer zeldzaam
275198957;275198957;Speerwaterjuffer;Coenagrion hastulatum;2023-06-06;6;2023-06-07;1;ter plaatse;gezien;imago;Man;224312.65064400955;190844.4797898261;5.427953720092773;51.02301788330078;FS7055;Houthalen-Helchteren - Huttebeek;Houthalen-Helchteren;Houthalen;Limburg;ObsMapp;J;Goedgekeurd op basis van expertoordeel;2024-06-06;3;;5;Libellen;Coenagrionidae;2026-07-08;591;S;zeer zeldzaam
244748624;244748624;Speerwaterjuffer;Coenagrion hastulatum;2022-05-25;5;2022-06-09;1;ter plaatse;onbekend;imago;Man;224297.48782086707;190847.2342722006;5.42773818969727;51.0230445861816;FS7055;Houthalen-Helchteren - Huttebeek;Houthalen-Helchteren;Houthalen;Limburg;Meetnetten.be;J;Goedgekeurd op basis van expertoordeel;2023-05-24;3;meetnetten.be: levensfase: imago_ activiteit: ter plaatse;10;Libellen;Coenagrionidae;2026-07-08;591;S;zeer zeldzaam
244387410;244387410;Speerwaterjuffer;Coenagrion hastulatum;2022-06-02;6;2022-06-06;3;ter plaatse;gezien;imago;Man;223537.12389636075;188577.709833947;5.41644525527954;51.002742767334;FS6952;Zonhoven - Teut;Zonhoven;Zonhoven;Limburg;ObsMapp;J;Goedgekeurd op basis van expertoordeel;2007-01-01;3;;3;Libellen;Coenagrionidae;2026-07-08;591;S;zeer zeldzaam
275198954;275198954;Speerwaterjuffer;Coenagrion hastulatum;2023-06-06;6;2023-06-07;1;ter plaatse;gezien;imago;Vrouw;224311.30966191695;190847.0071416609;5.427935123443604;51.023040771484375;FS7055;Houthalen-Helchteren - Huttebeek;Houthalen-Helchteren;Houthalen;Limburg;ObsMapp;J;Goedgekeurd op basis van expertoordeel;2024-06-06;3;;3;Libellen;Coenagrionidae;2026-07-08;591;S;zeer zeldzaam
314151926;314151926;Speerwaterjuffer;Coenagrion hastulatum;2024-05-13;5;2024-06-12;1;ter plaatse;onbekend;imago;Man;223429.7161987262;188460.7543514837;5.41489171981812;51.0017051696777;FS6952;Zonhoven - Teut;Zonhoven;Zonhoven;Limburg;Meetnetten.be;J;Goedgekeurd op basis van expertoordeel;2025-05-12;3;meetnetten.be: life stage: imago_ activity: present;10;Libellen;Coenagrionidae;2026-07-08;591;S;zeer zeldzaam
275198943;275198943;Speerwaterjuffer;Coenagrion hastulatum;2023-06-06;6;2023-06-07;1;ter plaatse;gezien;imago;Man;224318.36230056852;190852.2008097228;5.428036689758301;51.02308654785156;FS7055;Houthalen-Helchteren - Huttebeek;Houthalen-Helchteren;Houthalen;Limburg;ObsMapp;J;Goedgekeurd op basis van expertoordeel;2024-06-06;3;;3;Libellen;Coenagrionidae;2026-07-08;591;S;zeer zeldzaam
275198933;275198933;Speerwaterjuffer;Coenagrion hastulatum;2023-06-06;6;2023-06-07;1;ter plaatse;gezien;imago;Man;224337.5035381484;190861.3868383057;5.428311347961426;51.02316665649414;FS7055;Houthalen-Helchteren - Huttebeek;Houthalen-Helchteren;Houthalen;Limburg;ObsMapp;J;Goedgekeurd op basis van expertoordeel;2024-06-06;3;;3;Libellen;Coenagrionidae;2026-07-08;591;S;zeer zeldzaam
275198910;275198910;Speerwaterjuffer;Coenagrion hastulatum;2023-06-06;6;2023-06-07;1;ter plaatse;gezien;imago;Man;223427.54080553076;188460.72368094977;5.414860725402832;51.00170516967773;FS6952;Zonhoven - Teut;Zonhoven;Zonhoven;Limburg;ObsMapp;J;Goedgekeurd op basis van expertoordeel;2024-06-06;3;;5;Libellen;Coenagrionidae;2026-07-08;591;S;zeer zeldzaam
217276977;217276977;Speerwaterjuffer;Coenagrion hastulatum;2021-06-16;6;2021-06-16;1;ter plaatse;gezien;imago;Man;224362.87663281232;190823.12738992556;5.42866516113281;51.022819519043;FS7055;Houthalen-Helchteren - Huttebeek;Houthalen-Helchteren;Houthalen;Limburg;ObsMapp;J;Goedgekeurd op basis van expertoordeel;2024-10-11;3;;2;Libellen;Coenagrionidae;2026-07-08;591;S;zeer zeldzaam
275198900;275198900;Speerwaterjuffer;Coenagrion hastulatum;2023-06-06;6;2023-06-07;1;ter plaatse;gezien;imago;Man;223427.6197055929;188459.8759699948;5.414861679077148;51.0016975402832;FS6952;Zonhoven - Teut;Zonhoven;Zonhoven;Limburg;ObsMapp;J;Goedgekeurd op basis van expertoordeel;2024-06-06;3;;3;Libellen;Coenagrionidae;2026-07-08;591;S;zeer zeldzaam
192569735;192569735;Speerwaterjuffer;Coenagrion hastulatum;2020-05-27;5;2020-05-27;1;ter plaatse;onbekend;onbekend;Man;224369.0500485861;190885.1802817108;5.42876577377319;51.0233764648438;FS7055;Houthalen-Helchteren - Huttebeek;Houthalen-Helchteren;Houthalen;Limburg;Meetnetten.be;J;Goedgekeurd op basis van expertoordeel;2021-05-26;3;meetnetten.be: levensfase: imago_ activiteit: ter plaatse;10;Libellen;Coenagrionidae;2026-07-08;591;S;zeer zeldzaam
275198897;275198897;Speerwaterjuffer;Coenagrion hastulatum;2023-06-06;6;2023-06-07;1;ter plaatse;gezien;imago;Man;223429.7111664657;188477.73074785247;5.414895057678223;51.00185775756836;FS6952;Zonhoven - Teut;Zonhoven;Zonhoven;Limburg;ObsMapp;J;Goedgekeurd op basis van expertoordeel;2024-06-06;3;;3;Libellen;Coenagrionidae;2026-07-08;591;S;zeer zeldzaam
244748917;244748917;Speerwaterjuffer;Coenagrion hastulatum;2022-06-02;6;2022-06-09;1;ter plaatse;onbekend;imago;Man;224393.4180801684;190809.55803173129;5.4290976524353;51.0226936340332;FS7055;Houthalen-Helchteren - Huttebeek;Houthalen-Helchteren;Houthalen;Limburg;Meetnetten.be;J;Goedgekeurd op basis van expertoordeel;2023-06-01;3;meetnetten.be: levensfase: imago_ activiteit: ter plaatse;10;Libellen;Coenagrionidae;2026-07-08;591;S;zeer zeldzaam
275198894;275198894;Speerwaterjuffer;Coenagrion hastulatum;2023-06-06;6;2023-06-07;1;ter plaatse;gezien;imago;Man;223421.69222657388;188469.5538722649;5.414779186248779;51.00178527832031;FS6952;Zonhoven - Teut;Zonhoven;Zonhoven;Limburg;ObsMapp;J;Goedgekeurd op basis van expertoordeel;2024-06-06;3;;3;Libellen;Coenagrionidae;2026-07-08;591;S;zeer zeldzaam
275198892;275198892;Speerwaterjuffer;Coenagrion hastulatum;2023-06-06;6;2023-06-07;1;ter plaatse;gezien;imago;Man;223429.751142426;188441.65631944872;5.414888381958008;51.00153350830078;FS6952;Zonhoven - Teut;Zonhoven;Zonhoven;Limburg;ObsMapp;J;Goedgekeurd op basis van expertoordeel;2024-06-06;3;;3;Libellen;Coenagrionidae;2026-07-08;591;S;zeer zeldzaam
275198890;275198890;Speerwaterjuffer;Coenagrion hastulatum;2023-06-06;6;2023-06-07;1;ter plaatse;gezien;imago;Man;223425.51270770992;188440.74774014577;5.414827823638916;51.00152587890625;FS6952;Zonhoven - Teut;Zonhoven;Zonhoven;Limburg;ObsMapp;J;Goedgekeurd op basis van expertoordeel;2024-06-06;3;;3;Libellen;Coenagrionidae;2026-07-08;591;S;zeer zeldzaam
275198889;275198889;Speerwaterjuffer;Coenagrion hastulatum;2023-06-06;6;2023-06-07;2;ter plaatse;gezien;imago;Man;223422.7588153651;188439.0112694064;5.414788246154785;51.00151062011719;FS6952;Zonhoven - Teut;Zonhoven;Zonhoven;Limburg;ObsMapp;J;Goedgekeurd op basis van expertoordeel;2024-06-06;3;;3;Libellen;Coenagrionidae;2026-07-08;591;S;zeer zeldzaam
275198887;275198887;Speerwaterjuffer;Coenagrion hastulatum;2023-06-06;6;2023-06-07;1;ter plaatse;gezien;imago;Man;223408.01658986323;188409.09464722688;5.414572238922119;51.001243591308594;FS6952;Zonhoven - Teut;Zonhoven;Zonhoven;Limburg;ObsMapp;J;Goedgekeurd op basis van expertoordeel;2024-06-06;3;;8;Libellen;Coenagrionidae;2026-07-08;591;S;zeer zeldzaam
275198886;275198886;Speerwaterjuffer;Coenagrion hastulatum;2023-06-06;6;2023-06-07;2;in copula;gezien;imago;onbekend;223403.94063491432;188413.28131504825;5.414515018463135;51.00128173828125;FS6952;Zonhoven - Teut;Zonhoven;Zonhoven;Limburg;ObsMapp;J;Goedgekeurd op basis van expertoordeel;2024-06-06;3;;3;Libellen;Coenagrionidae;2026-07-08;591;S;zeer zeldzaam
401275412;401275412;Speerwaterjuffer;Coenagrion hastulatum;2026-05-27;5;2026-05-27;1;ter plaatse;gezien;imago;Man;223433.560711758;188458.34202565253;5.414946;51.001683;FS6952;Zonhoven - Teut;Zonhoven;Zonhoven;Limburg;Observation;J;Goedgekeurd op basis van expertoordeel;1980-01-01;3;;2;Libellen;Coenagrionidae;2026-07-08;591;S;zeer zeldzaam
401275560;401275560;Speerwaterjuffer;Coenagrion hastulatum;2026-05-27;5;2026-05-27;1;ter plaatse;gezien;imago;Man;223374.4348728767;188419.6813364057;5.414096;51.001343;FS6952;Zonhoven - Teut;Zonhoven;Zonhoven;Limburg;Observation;J;Goedgekeurd op basis van expertoordeel;1980-01-01;3;;5;Libellen;Coenagrionidae;2026-07-08;591;S;zeer zeldzaam
244748726;244748726;Speerwaterjuffer;Coenagrion hastulatum;2022-06-02;6;2022-06-09;1;ter plaatse;onbekend;imago;Man;223424.70123729808;188431.82365558852;5.41481447219849;51.0014457702637;FS6952;Zonhoven - Teut;Zonhoven;Zonhoven;Limburg;Meetnetten.be;J;Goedgekeurd op basis van expertoordeel;2023-06-01;3;meetnetten.be: levensfase: imago_ activiteit: ter plaatse;10;Libellen;Coenagrionidae;2026-07-08;591;S;zeer zeldzaam
275198885;275198885;Speerwaterjuffer;Coenagrion hastulatum;2023-06-06;6;2023-06-07;1;ter plaatse;gezien;imago;Man;223362.0053261688;188436.4574951008;5.413922309875488;51.001495361328125;FS6952;Zonhoven - Teut;Zonhoven;Zonhoven;Limburg;ObsMapp;J;Goedgekeurd op basis van expertoordeel;2024-06-06;3;;8;Libellen;Coenagrionidae;2026-07-08;591;S;zeer zeldzaam
275198884;275198884;Speerwaterjuffer;Coenagrion hastulatum;2023-06-06;6;2023-06-07;1;ter plaatse;gezien;imago;Man;223357.46925064188;188437.6668366054;5.413857936859131;51.00150680541992;FS6952;Zonhoven - Teut;Zonhoven;Zonhoven;Limburg;ObsMapp;J;Goedgekeurd op basis van expertoordeel;2024-06-06;3;;4;Libellen;Coenagrionidae;2026-07-08;591;S;zeer zeldzaam
217276974;217276974;Speerwaterjuffer;Coenagrion hastulatum;2021-06-16;6;2021-06-16;1;ter plaatse;gezien;imago;Man;223434.70642170036;188462.9467697153;5.41496324539185;51.0017242431641;FS6952;Zonhoven - Teut;Zonhoven;Zonhoven;Limburg;ObsMapp;J;Goedgekeurd op basis van expertoordeel;2024-10-11;3;;3;Libellen;Coenagrionidae;2026-07-08;591;S;zeer zeldzaam
275198883;275198883;Speerwaterjuffer;Coenagrion hastulatum;2023-06-06;6;2023-06-07;1;ter plaatse;gezien;imago;Man;223355.7910804072;188442.73613838013;5.413835048675537;51.00155258178711;FS6952;Zonhoven - Teut;Zonhoven;Zonhoven;Limburg;ObsMapp;J;Goedgekeurd op basis van expertoordeel;2024-06-06;3;;3;Libellen;Coenagrionidae;2026-07-08;591;S;zeer zeldzaam
217276944;217276944;Speerwaterjuffer;Coenagrion hastulatum;2021-06-16;6;2021-06-16;1;ter plaatse;gezien;imago;Man;223418.3950577636;188423.24652243036;5.41472291946411;51.0013694763184;FS6952;Zonhoven - Teut;Zonhoven;Zonhoven;Limburg;ObsMapp;J;Goedgekeurd op basis van expertoordeel;2024-10-11;3;;2;Libellen;Coenagrionidae;2026-07-08;591;S;zeer zeldzaam
217276926;217276926;Speerwaterjuffer;Coenagrion hastulatum;2021-06-16;6;2021-06-16;1;ter plaatse;gezien;imago;Man;223391.6531857759;188406.3175653992;5.4143385887146;51.001220703125;FS6952;Zonhoven - Teut;Zonhoven;Zonhoven;Limburg;ObsMapp;J;Goedgekeurd op basis van expertoordeel;2024-10-11;3;;2;Libellen;Coenagrionidae;2026-07-08;591;S;zeer zeldzaam
217276912;217276912;Speerwaterjuffer;Coenagrion hastulatum;2021-06-16;6;2021-06-16;1;ter plaatse;gezien;imago;Man;223362.1427988861;188426.6979656797;5.41392230987549;51.001407623291;FS6952;Zonhoven - Teut;Zonhoven;Zonhoven;Limburg;ObsMapp;J;Goedgekeurd op basis van expertoordeel;2024-10-11;3;;1;Libellen;Coenagrionidae;2026-07-08;591;S;zeer zeldzaam
217276911;217276911;Speerwaterjuffer;Coenagrion hastulatum;2021-06-16;6;2021-06-16;1;ter plaatse;gezien;imago;Man;223377.26672372295;188412.9054416865;5.41413497924805;51.0012817382813;FS6952;Zonhoven - Teut;Zonhoven;Zonhoven;Limburg;ObsMapp;J;Goedgekeurd op basis van expertoordeel;2024-10-11;3;;3;Libellen;Coenagrionidae;2026-07-08;591;S;zeer zeldzaam
217276880;217276880;Speerwaterjuffer;Coenagrion hastulatum;2021-06-16;6;2021-06-16;1;ter plaatse;gezien;imago;Man;223321.41340048533;188383.25885119385;5.41333341598511;51.0010223388672;FS6952;Zonhoven - Teut;Zonhoven;Zonhoven;Limburg;ObsMapp;J;Goedgekeurd op basis van expertoordeel;2024-10-11;3;;2;Libellen;Coenagrionidae;2026-07-08;591;S;zeer zeldzaam
217276852;217276852;Speerwaterjuffer;Coenagrion hastulatum;2021-06-16;6;2021-06-16;1;ter plaatse;gezien;imago;Man;223312.7299031953;188417.51394017693;5.41321659088135;51.0013313293457;FS6952;Zonhoven - Teut;Zonhoven;Zonhoven;Limburg;ObsMapp;J;Goedgekeurd op basis van expertoordeel;2024-10-11;3;;3;Libellen;Coenagrionidae;2026-07-08;591;S;zeer zeldzaam
217276831;217276831;Speerwaterjuffer;Coenagrion hastulatum;2021-06-16;6;2021-06-16;1;ter plaatse;gezien;imago;Man;223352.1741784371;188445.2316655908;5.41378402709961;51.0015754699707;FS6952;Zonhoven - Teut;Zonhoven;Zonhoven;Limburg;ObsMapp;J;Goedgekeurd op basis van expertoordeel;2024-10-11;3;;3;Libellen;Coenagrionidae;2026-07-08;591;S;zeer zeldzaam
217276793;217276793;Speerwaterjuffer;Coenagrion hastulatum;2021-06-16;6;2021-06-16;1;in copula;gezien;imago;onbekend;223433.5623566652;188475.23857742548;5.41494941711426;51.0018348693848;FS6952;Zonhoven - Teut;Zonhoven;Zonhoven;Limburg;ObsMapp;J;Goedgekeurd op basis van expertoordeel;2024-10-11;3;;2;Libellen;Coenagrionidae;2026-07-08;591;S;zeer zeldzaam
217276790;217276790;Speerwaterjuffer;Coenagrion hastulatum;2021-06-16;6;2021-06-16;1;ter plaatse;gezien;imago;Man;223496.91885302585;188513.90492814037;5.41585969924927;51.0021743774414;FS6952;Zonhoven - Teut;Zonhoven;Zonhoven;Limburg;ObsMapp;J;Goedgekeurd op basis van expertoordeel;2024-10-11;3;;3;Libellen;Coenagrionidae;2026-07-08;591;S;zeer zeldzaam
217276785;217276785;Speerwaterjuffer;Coenagrion hastulatum;2021-06-16;6;2021-06-16;1;ter plaatse;gezien;imago;Man;223496.6402038393;188519.4183494663;5.41585683822632;51.0022239685059;FS6952;Zonhoven - Teut;Zonhoven;Zonhoven;Limburg;ObsMapp;J;Goedgekeurd op basis van expertoordeel;2024-10-11;3;;2;Libellen;Coenagrionidae;2026-07-08;591;S;zeer zeldzaam
217276740;217276740;Speerwaterjuffer;Coenagrion hastulatum;2021-06-16;6;2021-06-16;1;ter plaatse;gezien;imago;Man;223576.48533291;188613.4919621488;5.41701316833496;51.003059387207;FS6952;Zonhoven - Teut;Zonhoven;Zonhoven;Limburg;ObsMapp;J;Goedgekeurd op basis van expertoordeel;2024-10-11;3;;2;Libellen;Coenagrionidae;2026-07-08;591;S;zeer zeldzaam
275198881;275198881;Speerwaterjuffer;Coenagrion hastulatum;2023-06-06;6;2023-06-07;1;ter plaatse;gezien;imago;onbekend;223369.19484016905;188460.7502320968;5.414029598236084;51.001712799072266;FS6952;Zonhoven - Teut;Zonhoven;Zonhoven;Limburg;ObsMapp;J;Goedgekeurd op basis van expertoordeel;2024-06-06;3;;3;Libellen;Coenagrionidae;2026-07-08;591;S;zeer zeldzaam
217276739;217276739;Speerwaterjuffer;Coenagrion hastulatum;2021-06-16;6;2021-06-16;1;ter plaatse;gezien;imago;Man;223598.4274331653;188614.65082243644;5.41732597351074;51.0030670166016;FS6952;Zonhoven - Teut;Zonhoven;Zonhoven;Limburg;ObsMapp;J;Goedgekeurd op basis van expertoordeel;2024-10-11;3;;3;Libellen;Coenagrionidae;2026-07-08;591;S;zeer zeldzaam
217276731;217276731;Speerwaterjuffer;Coenagrion hastulatum;2021-06-16;6;2021-06-16;2;ter plaatse;gezien;imago;Man;224089.3439472168;188553.70549425948;5.42430686950684;51.0024566650391;FS7052;Zonhoven - Teut;Zonhoven;Zonhoven;Limburg;ObsMapp;J;Goedgekeurd op basis van expertoordeel;2024-10-11;3;;3;Libellen;Coenagrionidae;2026-07-08;591;S;zeer zeldzaam
215587650;215587650;Speerwaterjuffer;Coenagrion hastulatum;2021-06-01;6;2021-06-01;2;ter plaatse;onbekend;imago;Man;223422.33002938743;188414.81376211904;5.41477727890015;51.001293182373;FS6952;Zonhoven - Teut;Zonhoven;Zonhoven;Limburg;ObsMapp;J;Goedgekeurd op basis van expertoordeel;2007-01-01;3;;25;Libellen;Coenagrionidae;2026-07-08;591;S;zeer zeldzaam
215587671;215587671;Speerwaterjuffer;Coenagrion hastulatum;2021-06-01;6;2021-06-01;1;ter plaatse;onbekend;imago;onbekend;223408.06483343669;188481.66971566807;5.41458749771118;51.001895904541;FS6952;Zonhoven - Teut;Zonhoven;Zonhoven;Limburg;ObsMapp;J;Goedgekeurd op basis van expertoordeel;2007-01-01;3;;25;Libellen;Coenagrionidae;2026-07-08;591;S;zeer zeldzaam
215587689;215587689;Speerwaterjuffer;Coenagrion hastulatum;2021-06-01;6;2021-06-01;1;ter plaatse;onbekend;imago;onbekend;224377.49835997616;190888.69630734625;5.42888689041138;51.0234069824219;FS7055;Houthalen-Helchteren - Huttebeek;Houthalen-Helchteren;Houthalen;Limburg;ObsMapp;J;Goedgekeurd op basis van expertoordeel;2007-01-01;3;;25;Libellen;Coenagrionidae;2026-07-08;591;S;zeer zeldzaam
217276705;217276705;Speerwaterjuffer;Coenagrion hastulatum;2021-06-16;6;2021-06-16;1;ter plaatse;gezien;imago;Man;224106.1974853038;188484.3416256439;5.42453289031982;51.0018310546875;FS7052;Zonhoven - Teut;Zonhoven;Zonhoven;Limburg;ObsMapp;J;Goedgekeurd op basis van expertoordeel;2024-10-11;3;;3;Libellen;Coenagrionidae;2026-07-08;591;S;zeer zeldzaam
215587643;215587643;Speerwaterjuffer;Coenagrion hastulatum;2021-06-01;6;2021-06-01;1;ter plaatse;onbekend;imago;onbekend;225332.1080225657;188400.06991489232;5.44197845458984;51.0009155273438;FS7152;Zonhoven - Teut;Zonhoven;Zonhoven;Limburg;ObsMapp;J;Goedgekeurd op basis van expertoordeel;2007-01-01;3;;25;Libellen;Coenagrionidae;2026-07-08;591;S;zeer zeldzaam
215587670;215587670;Speerwaterjuffer;Coenagrion hastulatum;2021-06-01;6;2021-06-01;1;tandem;onbekend;imago;onbekend;223402.16743063752;188477.34247871488;5.41450262069702;51.0018577575684;FS6952;Zonhoven - Teut;Zonhoven;Zonhoven;Limburg;ObsMapp;J;Goedgekeurd op basis van expertoordeel;2007-01-01;3;;25;Libellen;Coenagrionidae;2026-07-08;591;S;zeer zeldzaam
215587646;215587646;Speerwaterjuffer;Coenagrion hastulatum;2021-06-01;6;2021-06-01;1;ter plaatse;onbekend;imago;onbekend;225324.45556054107;188403.77895976044;5.44187021255493;51.0009498596191;FS7152;Zonhoven - Teut;Zonhoven;Zonhoven;Limburg;ObsMapp;J;Goedgekeurd op basis van expertoordeel;2007-01-01;3;;25;Libellen;Coenagrionidae;2026-07-08;591;S;zeer zeldzaam
242392373;242392373;Speerwaterjuffer;Coenagrion hastulatum;2022-05-21;5;2022-05-21;1;ter plaatse;onbekend;imago;Vrouw;224303.3669039301;190838.0185488863;5.4278201;51.022961;FS7055;Houthalen-Helchteren - Huttebeek;Houthalen-Helchteren;Houthalen;Limburg;Site;J;Goedgekeurd op basis van bewijsmateriaal;1980-01-01;3;;7;Libellen;Coenagrionidae;2026-07-08;591;S;zeer zeldzaam
191886422;191886422;Speerwaterjuffer;Coenagrion hastulatum;2020-05-20;5;2020-05-20;1;ter plaatse;gezien;imago;Man;224387.01694195133;190819.65253862087;5.42900848388672;51.0227851867676;FS7055;Houthalen-Helchteren - Huttebeek;Houthalen-Helchteren;Houthalen;Limburg;ObsMapp;J;Goedgekeurd op basis van expertoordeel;2007-01-01;3;;25;Libellen;Coenagrionidae;2026-07-08;591;S;zeer zeldzaam
215587704;215587704;Speerwaterjuffer;Coenagrion hastulatum;2021-06-01;6;2021-06-01;1;ter plaatse;onbekend;imago;Man;224303.2681574385;190833.73547112104;5.42781782150269;51.0229225158691;FS7055;Houthalen-Helchteren - Huttebeek;Houthalen-Helchteren;Houthalen;Limburg;ObsMapp;J;Goedgekeurd op basis van expertoordeel;2007-01-01;3;;25;Libellen;Coenagrionidae;2026-07-08;591;S;zeer zeldzaam
215587699;215587699;Speerwaterjuffer;Coenagrion hastulatum;2021-06-01;6;2021-06-01;1;ter plaatse;onbekend;imago;Man;224303.03195284345;190850.28431146685;5.42781782150269;51.0230712890625;FS7055;Houthalen-Helchteren - Huttebeek;Houthalen-Helchteren;Houthalen;Limburg;ObsMapp;J;Goedgekeurd op basis van expertoordeel;2007-01-01;3;;25;Libellen;Coenagrionidae;2026-07-08;591;S;zeer zeldzaam
215587691;215587691;Speerwaterjuffer;Coenagrion hastulatum;2021-06-01;6;2021-06-01;3;ter plaatse;onbekend;imago;onbekend;224362.63938390225;190884.2398715932;5.42867422103882;51.0233688354492;FS7055;Houthalen-Helchteren - Huttebeek;Houthalen-Helchteren;Houthalen;Limburg;ObsMapp;J;Goedgekeurd op basis van expertoordeel;2007-01-01;3;;25;Libellen;Coenagrionidae;2026-07-08;591;S;zeer zeldzaam
215587651;215587651;Speerwaterjuffer;Coenagrion hastulatum;2021-06-01;6;2021-06-01;1;in copula;onbekend;imago;onbekend;223426.1081792033;188424.6284932075;5.41483306884766;51.0013809204102;FS6952;Zonhoven - Teut;Zonhoven;Zonhoven;Limburg;ObsMapp;J;Goedgekeurd op basis van expertoordeel;2007-01-01;3;;25;Libellen;Coenagrionidae;2026-07-08;591;S;zeer zeldzaam
275198877;275198877;Speerwaterjuffer;Coenagrion hastulatum;2023-06-06;6;2023-06-07;1;ter plaatse;gezien;imago;Man;223378.6828715341;188466.82566550188;5.41416597366333;51.001766204833984;FS6952;Zonhoven - Teut;Zonhoven;Zonhoven;Limburg;ObsMapp;J;Goedgekeurd op basis van expertoordeel;2024-06-06;3;;3;Libellen;Coenagrionidae;2026-07-08;591;S;zeer zeldzaam
275198876;275198876;Speerwaterjuffer;Coenagrion hastulatum;2023-06-06;6;2023-06-07;2;in copula;gezien;imago;onbekend;223387.45494076924;188469.071323202;5.4142913818359375;51.00178527832031;FS6952;Zonhoven - Teut;Zonhoven;Zonhoven;Limburg;ObsMapp;J;Goedgekeurd op basis van expertoordeel;2024-06-06;3;;3;Libellen;Coenagrionidae;2026-07-08;591;S;zeer zeldzaam
191886434;191886434;Speerwaterjuffer;Coenagrion hastulatum;2020-05-20;5;2020-05-20;1;ter plaatse;gezien;imago;Man;224398.14704224945;190881.3518827334;5.42917966842651;51.0233383178711;FS7055;Houthalen-Helchteren - Huttebeek;Houthalen-Helchteren;Houthalen;Limburg;ObsMapp;J;Goedgekeurd op basis van expertoordeel;2007-01-01;3;;25;Libellen;Coenagrionidae;2026-07-08;591;S;zeer zeldzaam
215587642;215587642;Speerwaterjuffer;Coenagrion hastulatum;2021-06-01;6;2021-06-01;1;ter plaatse;onbekend;imago;Man;225345.59198623805;188356.55034570675;5.44216156005859;51.0005226135254;FS7152;Zonhoven - Teut;Zonhoven;Zonhoven;Limburg;ObsMapp;J;Goedgekeurd op basis van expertoordeel;2007-01-01;3;;25;Libellen;Coenagrionidae;2026-07-08;591;S;zeer zeldzaam
192569732;192569732;Speerwaterjuffer;Coenagrion hastulatum;2020-05-27;5;2020-05-27;1;ter plaatse;onbekend;onbekend;Man;224367.9582557;190884.31585288796;5.42875003814697;51.0233688354492;FS7055;Houthalen-Helchteren - Huttebeek;Houthalen-Helchteren;Houthalen;Limburg;Meetnetten.be;J;Goedgekeurd op basis van expertoordeel;2021-05-26;3;meetnetten.be: levensfase: imago_ activiteit: ter plaatse;10;Libellen;Coenagrionidae;2026-07-08;591;S;zeer zeldzaam
244387385;244387385;Speerwaterjuffer;Coenagrion hastulatum;2022-06-02;6;2022-06-06;1;ter plaatse;gezien;imago;Man;223593.8065321108;188617.131994932;5.41726064682007;51.0030899047852;FS6952;Zonhoven - Teut;Zonhoven;Zonhoven;Limburg;ObsMapp;J;Goedgekeurd op basis van expertoordeel;2007-01-01;3;;3;Libellen;Coenagrionidae;2026-07-08;591;S;zeer zeldzaam
191886439;191886439;Speerwaterjuffer;Coenagrion hastulatum;2020-05-20;5;2020-05-20;1;ter plaatse;gezien;imago;Man;224380.21089674515;190886.1885686526;5.42892503738403;51.0233840942383;FS7055;Houthalen-Helchteren - Huttebeek;Houthalen-Helchteren;Houthalen;Limburg;ObsMapp;J;Goedgekeurd op basis van expertoordeel;2007-01-01;3;;25;Libellen;Coenagrionidae;2026-07-08;591;S;zeer zeldzaam
191886441;191886441;Speerwaterjuffer;Coenagrion hastulatum;2020-05-20;5;2020-05-20;1;ter plaatse;gezien;imago;Man;224374.6908794449;190876.7725530388;5.4288444519043;51.0233001708984;FS7055;Houthalen-Helchteren - Huttebeek;Houthalen-Helchteren;Houthalen;Limburg;ObsMapp;J;Goedgekeurd op basis van expertoordeel;2007-01-01;3;;25;Libellen;Coenagrionidae;2026-07-08;591;S;zeer zeldzaam
191886447;191886447;Speerwaterjuffer;Coenagrion hastulatum;2020-05-20;5;2020-05-20;2;ter plaatse;gezien;imago;Man;224364.0867996743;190881.2896370729;5.42869424819946;51.0233421325684;FS7055;Houthalen-Helchteren - Huttebeek;Houthalen-Helchteren;Houthalen;Limburg;ObsMapp;J;Goedgekeurd op basis van expertoordeel;2007-01-01;3;;25;Libellen;Coenagrionidae;2026-07-08;591;S;zeer zeldzaam
244387384;244387384;Speerwaterjuffer;Coenagrion hastulatum;2022-06-02;6;2022-06-06;1;ter plaatse;gezien;imago;Man;223597.5522772206;188619.7313996451;5.41731452941895;51.0031127929688;FS6952;Zonhoven - Teut;Zonhoven;Zonhoven;Limburg;ObsMapp;J;Goedgekeurd op basis van expertoordeel;2007-01-01;3;;3;Libellen;Coenagrionidae;2026-07-08;591;S;zeer zeldzaam
191886449;191886449;Speerwaterjuffer;Coenagrion hastulatum;2020-05-20;5;2020-05-20;1;in copula;gezien;imago;onbekend;224364.58858032065;190881.29680502787;5.42870140075684;51.0233421325684;FS7055;Houthalen-Helchteren - Huttebeek;Houthalen-Helchteren;Houthalen;Limburg;ObsMapp;J;Goedgekeurd op basis van expertoordeel;2007-01-01;3;;25;Libellen;Coenagrionidae;2026-07-08;591;S;zeer zeldzaam
401275579;401275579;Speerwaterjuffer;Coenagrion hastulatum;2026-05-27;5;2026-05-27;1;ter plaatse;gezien;imago;Man;223375.56357057215;188404.34378010035;5.414109;51.001205;FS6952;Zonhoven - Teut;Zonhoven;Zonhoven;Limburg;Observation;J;Goedgekeurd op basis van expertoordeel;1980-01-01;3;;5;Libellen;Coenagrionidae;2026-07-08;591;S;zeer zeldzaam
357028936;357028936;Speerwaterjuffer;Coenagrion hastulatum;2025-06-12;6;2025-06-17;1;ter plaatse;gezien;imago;Man;224226.51097765216;190991.16736255767;5.426755921741024;51.02434737392886;FS7055;Houthalen-Helchteren - Huttebeek;Houthalen-Helchteren;Houthalen;Limburg;Observation;J;Goedgekeurd op basis van expertoordeel;1980-01-01;3;;5;Libellen;Coenagrionidae;2026-07-08;591;S;zeer zeldzaam
192569728;192569728;Speerwaterjuffer;Coenagrion hastulatum;2020-05-27;5;2020-05-27;1;ter plaatse;onbekend;onbekend;Man;224366.151846419;190884.29004731216;5.42872428894043;51.0233688354492;FS7055;Houthalen-Helchteren - Huttebeek;Houthalen-Helchteren;Houthalen;Limburg;Meetnetten.be;J;Goedgekeurd op basis van expertoordeel;2021-05-26;3;meetnetten.be: levensfase: imago_ activiteit: ter plaatse;10;Libellen;Coenagrionidae;2026-07-08;591;S;zeer zeldzaam
275198874;275198874;Speerwaterjuffer;Coenagrion hastulatum;2023-06-06;6;2023-06-07;1;ter plaatse;gezien;imago;Man;223387.45494076924;188469.071323202;5.4142913818359375;51.00178527832031;FS6952;Zonhoven - Teut;Zonhoven;Zonhoven;Limburg;ObsMapp;J;Goedgekeurd op basis van expertoordeel;2024-06-06;3;;3;Libellen;Coenagrionidae;2026-07-08;591;S;zeer zeldzaam
244387406;244387406;Speerwaterjuffer;Coenagrion hastulatum;2022-06-02;6;2022-06-06;1;ter plaatse;gezien;imago;Man;223537.31023210144;188581.1077605486;5.41644859313965;51.0027732849121;FS6952;Zonhoven - Teut;Zonhoven;Zonhoven;Limburg;ObsMapp;J;Goedgekeurd op basis van expertoordeel;2007-01-01;3;;3;Libellen;Coenagrionidae;2026-07-08;591;S;zeer zeldzaam
275198872;275198872;Speerwaterjuffer;Coenagrion hastulatum;2023-06-06;6;2023-06-07;1;ter plaatse;gezien;imago;Man;223401.75627481;188475.6390373325;5.414496421813965;51.0018424987793;FS6952;Zonhoven - Teut;Zonhoven;Zonhoven;Limburg;ObsMapp;J;Goedgekeurd op basis van expertoordeel;2024-06-06;3;;3;Libellen;Coenagrionidae;2026-07-08;591;S;zeer zeldzaam
244387402;244387402;Speerwaterjuffer;Coenagrion hastulatum;2022-06-02;6;2022-06-06;2;ter plaatse;gezien;imago;Man;223546.04608970063;188585.8996499721;5.41657400131226;51.002815246582;FS6952;Zonhoven - Teut;Zonhoven;Zonhoven;Limburg;ObsMapp;J;Goedgekeurd op basis van expertoordeel;2007-01-01;3;;3;Libellen;Coenagrionidae;2026-07-08;591;S;zeer zeldzaam
192569718;192569718;Speerwaterjuffer;Coenagrion hastulatum;2020-05-27;5;2020-05-27;1;ter plaatse;onbekend;onbekend;Man;224364.08702678932;190885.95821421035;5.42869520187378;51.0233840942383;FS7055;Houthalen-Helchteren - Huttebeek;Houthalen-Helchteren;Houthalen;Limburg;Meetnetten.be;J;Goedgekeurd op basis van expertoordeel;2021-05-26;3;meetnetten.be: levensfase: imago_ activiteit: ter plaatse;10;Libellen;Coenagrionidae;2026-07-08;591;S;zeer zeldzaam
244748725;244748725;Speerwaterjuffer;Coenagrion hastulatum;2022-06-02;6;2022-06-09;1;ter plaatse;onbekend;imago;Man;223424.4299380806;188429.697772664;5.41481018066406;51.0014266967773;FS6952;Zonhoven - Teut;Zonhoven;Zonhoven;Limburg;Meetnetten.be;J;Goedgekeurd op basis van expertoordeel;2023-06-01;3;meetnetten.be: levensfase: imago_ activiteit: ter plaatse;10;Libellen;Coenagrionidae;2026-07-08;591;S;zeer zeldzaam
275198870;275198870;Speerwaterjuffer;Coenagrion hastulatum;2023-06-06;6;2023-06-07;1;ter plaatse;gezien;imago;Man;223401.75627481;188475.6390373325;5.414496421813965;51.0018424987793;FS6952;Zonhoven - Teut;Zonhoven;Zonhoven;Limburg;ObsMapp;J;Goedgekeurd op basis van expertoordeel;2024-06-06;3;;3;Libellen;Coenagrionidae;2026-07-08;591;S;zeer zeldzaam
275198869;275198869;Speerwaterjuffer;Coenagrion hastulatum;2023-06-06;6;2023-06-07;1;ter plaatse;gezien;imago;Man;223352.45984657263;188432.0789307151;5.413785457611084;51.00145721435547;FS6952;Zonhoven - Teut;Zonhoven;Zonhoven;Limburg;ObsMapp;J;Goedgekeurd op basis van expertoordeel;2024-06-06;3;;10;Libellen;Coenagrionidae;2026-07-08;591;S;zeer zeldzaam
314151920;314151920;Speerwaterjuffer;Coenagrion hastulatum;2024-05-13;5;2024-06-12;1;ter plaatse;onbekend;imago;Man;223420.29530255732;188442.7962449463;5.41475391387939;51.0015449523926;FS6952;Zonhoven - Teut;Zonhoven;Zonhoven;Limburg;Meetnetten.be;J;Goedgekeurd op basis van expertoordeel;2025-05-12;3;meetnetten.be: life stage: imago_ activity: present;10;Libellen;Coenagrionidae;2026-07-08;591;S;zeer zeldzaam
314151905;314151905;Speerwaterjuffer;Coenagrion hastulatum;2024-05-13;5;2024-06-12;1;ter plaatse;onbekend;imago;Man;223409.86559716013;188418.03335226327;5.41460037231445;51.0013236999512;FS6952;Zonhoven - Teut;Zonhoven;Zonhoven;Limburg;Meetnetten.be;J;Goedgekeurd op basis van expertoordeel;2025-05-12;3;meetnetten.be: life stage: imago_ activity: present;10;Libellen;Coenagrionidae;2026-07-08;591;S;zeer zeldzaam
314151890;314151890;Speerwaterjuffer;Coenagrion hastulatum;2024-05-13;5;2024-06-12;1;ter plaatse;onbekend;imago;Man;223389.3091863829;188413.4995317757;5.414306640625;51.0012855529785;FS6952;Zonhoven - Teut;Zonhoven;Zonhoven;Limburg;Meetnetten.be;J;Goedgekeurd op basis van expertoordeel;2025-05-12;3;meetnetten.be: life stage: imago_ activity: present;10;Libellen;Coenagrionidae;2026-07-08;591;S;zeer zeldzaam
314151885;314151885;Speerwaterjuffer;Coenagrion hastulatum;2024-05-13;5;2024-06-12;1;ter plaatse;onbekend;imago;Man;223388.7796793537;188413.06765886585;5.41429901123047;51.0012817382813;FS6952;Zonhoven - Teut;Zonhoven;Zonhoven;Limburg;Meetnetten.be;J;Goedgekeurd op basis van expertoordeel;2025-05-12;3;meetnetten.be: life stage: imago_ activity: present;10;Libellen;Coenagrionidae;2026-07-08;591;S;zeer zeldzaam
275198862;275198862;Speerwaterjuffer;Coenagrion hastulatum;2023-06-06;6;2023-06-07;1;ter plaatse;gezien;imago;Man;223350.2234819744;188431.6230223421;5.413753509521484;51.0014533996582;FS6952;Zonhoven - Teut;Zonhoven;Zonhoven;Limburg;ObsMapp;J;Goedgekeurd op basis van expertoordeel;2024-06-06;3;;3;Libellen;Coenagrionidae;2026-07-08;591;S;zeer zeldzaam
275198855;275198855;Speerwaterjuffer;Coenagrion hastulatum;2023-06-06;6;2023-06-07;1;ter plaatse;gezien;imago;Man;223363.0129825032;188414.8266998529;5.4139323234558105;51.00130081176758;FS6952;Zonhoven - Teut;Zonhoven;Zonhoven;Limburg;ObsMapp;J;Goedgekeurd op basis van expertoordeel;2024-06-06;3;;7;Libellen;Coenagrionidae;2026-07-08;591;S;zeer zeldzaam
275198848;275198848;Speerwaterjuffer;Coenagrion hastulatum;2023-06-06;6;2023-06-07;1;ter plaatse;gezien;imago;Man;223327.67552934223;188385.46907092445;5.41342306137085;51.00104141235352;FS6952;Zonhoven - Teut;Zonhoven;Zonhoven;Limburg;ObsMapp;J;Goedgekeurd op basis van expertoordeel;2024-06-06;3;;9;Libellen;Coenagrionidae;2026-07-08;591;S;zeer zeldzaam
314151848;314151848;Speerwaterjuffer;Coenagrion hastulatum;2024-05-13;5;2024-06-12;1;ter plaatse;onbekend;imago;Man;223368.13711613097;188428.9044628758;5.41400814056396;51.0014266967773;FS6952;Zonhoven - Teut;Zonhoven;Zonhoven;Limburg;Meetnetten.be;J;Goedgekeurd op basis van expertoordeel;2025-05-12;3;meetnetten.be: life stage: imago_ activity: present;10;Libellen;Coenagrionidae;2026-07-08;591;S;zeer zeldzaam
244387398;244387398:2607237;Speerwaterjuffer;Coenagrion hastulatum;2022-06-02;6;2022-06-06;1;eileggend;gezien;imago;Vrouw;223567.83446489013;188607.42798480295;5.41688871383667;51.0030059814453;FS6952;Zonhoven - Teut;Zonhoven;Zonhoven;Limburg;ObsMapp;J;Goedgekeurd op basis van expertoordeel;2007-01-01;3;;3;Libellen;Coenagrionidae;2026-07-08;591;S;zeer zeldzaam
275198845;275198845;Speerwaterjuffer;Coenagrion hastulatum;2023-06-06;6;2023-06-07;1;ter plaatse;gezien;imago;Man;223312.6245691739;188398.83835259447;5.413211345672607;51.001163482666016;FS6952;Zonhoven - Teut;Zonhoven;Zonhoven;Limburg;ObsMapp;J;Goedgekeurd op basis van expertoordeel;2024-06-06;3;;3;Libellen;Coenagrionidae;2026-07-08;591;S;zeer zeldzaam
314151783;314151783;Speerwaterjuffer;Coenagrion hastulatum;2024-05-13;5;2024-06-12;1;ter plaatse;onbekend;imago;Man;223380.39569511177;188466.42538661044;5.4141902923584;51.0017623901367;FS6952;Zonhoven - Teut;Zonhoven;Zonhoven;Limburg;Meetnetten.be;J;Goedgekeurd op basis van expertoordeel;2025-05-12;3;meetnetten.be: life stage: imago_ activity: present;10;Libellen;Coenagrionidae;2026-07-08;591;S;zeer zeldzaam
272976653;272976653;Speerwaterjuffer;Coenagrion hastulatum;2023-05-22;5;2023-05-22;1;ter plaatse;gezien;imago;Man;224293.70742409877;190842.5117468825;5.427683353424072;51.02300262451172;FS7055;Houthalen-Helchteren - Huttebeek;Houthalen-Helchteren;Houthalen;Limburg;ObsMapp;J;Goedgekeurd op basis van expertoordeel;2024-05-22;3;;3;Libellen;Coenagrionidae;2026-07-08;591;S;zeer zeldzaam
314151778;314151778;Speerwaterjuffer;Coenagrion hastulatum;2024-05-13;5;2024-06-12;1;ter plaatse;onbekend;imago;Man;223387.838613527;188470.3499644464;5.41429710388184;51.0017967224121;FS6952;Zonhoven - Teut;Zonhoven;Zonhoven;Limburg;Meetnetten.be;J;Goedgekeurd op basis van expertoordeel;2025-05-12;3;meetnetten.be: life stage: imago_ activity: present;10;Libellen;Coenagrionidae;2026-07-08;591;S;zeer zeldzaam
192569717;192569717;Speerwaterjuffer;Coenagrion hastulatum;2020-05-27;5;2020-05-27;1;ter plaatse;onbekend;onbekend;Man;224361.58418713664;190885.4980459344;5.42865943908691;51.023380279541;FS7055;Houthalen-Helchteren - Huttebeek;Houthalen-Helchteren;Houthalen;Limburg;Meetnetten.be;J;Goedgekeurd op basis van expertoordeel;2021-05-26;3;meetnetten.be: levensfase: imago_ activiteit: ter plaatse;10;Libellen;Coenagrionidae;2026-07-08;591;S;zeer zeldzaam
192569571;192569571;Speerwaterjuffer;Coenagrion hastulatum;2020-05-27;5;2020-05-27;1;ter plaatse;onbekend;onbekend;Man;224316.73625421617;190816.1022626013;5.42800617218018;51.022762298584;FS7055;Houthalen-Helchteren - Huttebeek;Houthalen-Helchteren;Houthalen;Limburg;Meetnetten.be;J;Goedgekeurd op basis van expertoordeel;2021-05-26;3;meetnetten.be: levensfase: imago_ activiteit: ter plaatse;10;Libellen;Coenagrionidae;2026-07-08;591;S;zeer zeldzaam
272976641;272976641;Speerwaterjuffer;Coenagrion hastulatum;2023-05-22;5;2023-05-22;1;ter plaatse;gezien;imago;Man;224290.74833664083;190841.196270478;5.427640914916992;51.02299118041992;FS7055;Houthalen-Helchteren - Huttebeek;Houthalen-Helchteren;Houthalen;Limburg;ObsMapp;J;Goedgekeurd op basis van expertoordeel;2024-05-22;3;;3;Libellen;Coenagrionidae;2026-07-08;591;S;zeer zeldzaam
244387383;244387383;Speerwaterjuffer;Coenagrion hastulatum;2022-06-02;6;2022-06-06;1;ter plaatse;gezien;imago;Man;223593.6701554753;188619.67654013727;5.41725921630859;51.0031127929688;FS6952;Zonhoven - Teut;Zonhoven;Zonhoven;Limburg;ObsMapp;J;Goedgekeurd op basis van expertoordeel;2007-01-01;3;;3;Libellen;Coenagrionidae;2026-07-08;591;S;zeer zeldzaam
314151731;314151731;Speerwaterjuffer;Coenagrion hastulatum;2024-05-13;5;2024-06-12;1;ter plaatse;onbekend;imago;Man;223378.2672389098;188398.9139569104;5.41414642333984;51.0011558532715;FS6952;Zonhoven - Teut;Zonhoven;Zonhoven;Limburg;Meetnetten.be;J;Goedgekeurd op basis van expertoordeel;2025-05-12;3;meetnetten.be: life stage: imago_ activity: present;10;Libellen;Coenagrionidae;2026-07-08;591;S;zeer zeldzaam
191886450;191886450;Speerwaterjuffer;Coenagrion hastulatum;2020-05-20;5;2020-05-20;2;ter plaatse;gezien;imago;Man;224364.26932727164;190882.5654919008;5.42869710922241;51.0233535766602;FS7055;Houthalen-Helchteren - Huttebeek;Houthalen-Helchteren;Houthalen;Limburg;ObsMapp;J;Goedgekeurd op basis van expertoordeel;2007-01-01;3;;25;Libellen;Coenagrionidae;2026-07-08;591;S;zeer zeldzaam
191886452;191886452;Speerwaterjuffer;Coenagrion hastulatum;2020-05-20;5;2020-05-20;1;ter plaatse;gezien;imago;Man;224357.6579463331;190881.6222207444;5.42860269546509;51.0233459472656;FS7055;Houthalen-Helchteren - Huttebeek;Houthalen-Helchteren;Houthalen;Limburg;ObsMapp;J;Goedgekeurd op basis van expertoordeel;2007-01-01;3;;25;Libellen;Coenagrionidae;2026-07-08;591;S;zeer zeldzaam
272976623;272976623;Speerwaterjuffer;Coenagrion hastulatum;2023-05-22;5;2023-05-22;1;ter plaatse;gezien;imago;Man;224292.344817344;190839.5213910928;5.427663326263428;51.02297592163086;FS7055;Houthalen-Helchteren - Huttebeek;Houthalen-Helchteren;Houthalen;Limburg;ObsMapp;J;Goedgekeurd op basis van expertoordeel;2024-05-22;3;;3;Libellen;Coenagrionidae;2026-07-08;591;S;zeer zeldzaam
275214021;275214021;Speerwaterjuffer;Coenagrion hastulatum;2023-06-06;6;2023-06-07;1;ter plaatse;onbekend;imago;Man;223424.171573924;188443.2753025992;5.41480922698975;51.0015487670898;FS6952;Zonhoven - Teut;Zonhoven;Zonhoven;Limburg;Meetnetten.be;J;Goedgekeurd op basis van expertoordeel;2024-06-04;3;meetnetten.be: life stage: imago_ activity: present;10;Libellen;Coenagrionidae;2026-07-08;591;S;zeer zeldzaam
272976617;272976617;Speerwaterjuffer;Coenagrion hastulatum;2023-05-22;5;2023-05-22;1;ter plaatse;gezien;imago;Man;224290.64192423024;190841.61916755792;5.427639484405518;51.02299499511719;FS7055;Houthalen-Helchteren - Huttebeek;Houthalen-Helchteren;Houthalen;Limburg;ObsMapp;J;Goedgekeurd op basis van expertoordeel;2024-05-22;3;;3;Libellen;Coenagrionidae;2026-07-08;591;S;zeer zeldzaam
272976612;272976612;Speerwaterjuffer;Coenagrion hastulatum;2023-05-22;5;2023-05-22;1;ter plaatse;gezien;imago;Man;224298.5764617228;190845.97656246088;5.427753448486328;51.02303314208984;FS7055;Houthalen-Helchteren - Huttebeek;Houthalen-Helchteren;Houthalen;Limburg;ObsMapp;J;Goedgekeurd op basis van expertoordeel;2024-05-22;3;;3;Libellen;Coenagrionidae;2026-07-08;591;S;zeer zeldzaam
191886456;191886456;Speerwaterjuffer;Coenagrion hastulatum;2020-05-20;5;2020-05-20;1;ter plaatse;gezien;imago;Man;224352.3506206416;190876.02943231352;5.42852592;51.02329636;FS7055;Houthalen-Helchteren - Huttebeek;Houthalen-Helchteren;Houthalen;Limburg;ObsMapp;J;Goedgekeurd op basis van expertoordeel;2007-01-01;3;;25;Libellen;Coenagrionidae;2026-07-08;591;S;zeer zeldzaam
192569567;192569567;Speerwaterjuffer;Coenagrion hastulatum;2020-05-27;5;2020-05-27;1;ter plaatse;onbekend;onbekend;Man;224312.59709732223;190813.07226517424;5.4279465675354;51.0227355957031;FS7055;Houthalen-Helchteren - Huttebeek;Houthalen-Helchteren;Houthalen;Limburg;Meetnetten.be;J;Goedgekeurd op basis van expertoordeel;2021-05-26;3;meetnetten.be: levensfase: imago_ activiteit: ter plaatse;10;Libellen;Coenagrionidae;2026-07-08;591;S;zeer zeldzaam
357028934;357028934;Speerwaterjuffer;Coenagrion hastulatum;2025-06-12;6;2025-06-17;1;ter plaatse;gezien;imago;Man;224225.053041256;190993.6131388126;5.426735640596668;51.02436954369124;FS7055;Houthalen-Helchteren - Huttebeek;Houthalen-Helchteren;Houthalen;Limburg;Observation;J;Goedgekeurd op basis van expertoordeel;1980-01-01;3;;5;Libellen;Coenagrionidae;2026-07-08;591;S;zeer zeldzaam
192569640;192569640;Speerwaterjuffer;Coenagrion hastulatum;2020-05-27;5;2020-05-27;1;ter plaatse;onbekend;onbekend;Man;224335.07339419995;190855.83473217115;5.42827558517456;51.0231170654297;FS7055;Houthalen-Helchteren - Huttebeek;Houthalen-Helchteren;Houthalen;Limburg;Meetnetten.be;J;Goedgekeurd op basis van expertoordeel;2021-05-26;3;meetnetten.be: levensfase: imago_ activiteit: ter plaatse;10;Libellen;Coenagrionidae;2026-07-08;591;S;zeer zeldzaam
244387398;244387398:2607236;Speerwaterjuffer;Coenagrion hastulatum;2022-06-02;6;2022-06-06;1;eileggend;gezien;imago;Man;223567.83446489013;188607.42798480295;5.41688871383667;51.0030059814453;FS6952;Zonhoven - Teut;Zonhoven;Zonhoven;Limburg;ObsMapp;J;Goedgekeurd op basis van expertoordeel;2007-01-01;3;;3;Libellen;Coenagrionidae;2026-07-08;591;S;zeer zeldzaam
272976603;272976603;Speerwaterjuffer;Coenagrion hastulatum;2023-05-22;5;2023-05-22;1;ter plaatse;gezien;imago;Man;224310.48092064945;190820.68153927385;5.427917957305908;51.02280426025391;FS7055;Houthalen-Helchteren - Huttebeek;Houthalen-Helchteren;Houthalen;Limburg;ObsMapp;J;Goedgekeurd op basis van expertoordeel;2024-05-22;3;;3;Libellen;Coenagrionidae;2026-07-08;591;S;zeer zeldzaam
244387397;244387397;Speerwaterjuffer;Coenagrion hastulatum;2022-06-02;6;2022-06-06;2;ter plaatse;gezien;imago;Man;223567.700598308;188607.4260938112;5.41688680648804;51.0030059814453;FS6952;Zonhoven - Teut;Zonhoven;Zonhoven;Limburg;ObsMapp;J;Goedgekeurd op basis van expertoordeel;2007-01-01;3;;3;Libellen;Coenagrionidae;2026-07-08;591;S;zeer zeldzaam
191886457;191886457;Speerwaterjuffer;Coenagrion hastulatum;2020-05-20;5;2020-05-20;1;ter plaatse;gezien;imago;Man;224352.16842439747;190874.75316005663;5.42852306365967;51.0232849121094;FS7055;Houthalen-Helchteren - Huttebeek;Houthalen-Helchteren;Houthalen;Limburg;ObsMapp;J;Goedgekeurd op basis van expertoordeel;2007-01-01;3;;25;Libellen;Coenagrionidae;2026-07-08;591;S;zeer zeldzaam
244387394;244387394:2607235;Speerwaterjuffer;Coenagrion hastulatum;2022-06-02;6;2022-06-06;1;in copula;gezien;imago;Vrouw;223571.79551775285;188606.6351159448;5.41694498062134;51.0029983520508;FS6952;Zonhoven - Teut;Zonhoven;Zonhoven;Limburg;ObsMapp;J;Goedgekeurd op basis van expertoordeel;2007-01-01;3;;3;Libellen;Coenagrionidae;2026-07-08;591;S;zeer zeldzaam
192569639;192569639;Speerwaterjuffer;Coenagrion hastulatum;2020-05-27;5;2020-05-27;1;ter plaatse;onbekend;onbekend;Man;224331.09864041925;190855.35356105864;5.42821884155273;51.0231132507324;FS7055;Houthalen-Helchteren - Huttebeek;Houthalen-Helchteren;Houthalen;Limburg;Meetnetten.be;J;Goedgekeurd op basis van expertoordeel;2021-05-26;3;meetnetten.be: levensfase: imago_ activiteit: ter plaatse;10;Libellen;Coenagrionidae;2026-07-08;591;S;zeer zeldzaam
272976600;272976600;Speerwaterjuffer;Coenagrion hastulatum;2023-05-22;5;2023-05-22;2;ter plaatse;gezien;imago;Man;224309.80898214623;190823.21844171543;5.427908897399902;51.0228271484375;FS7055;Houthalen-Helchteren - Huttebeek;Houthalen-Helchteren;Houthalen;Limburg;ObsMapp;J;Goedgekeurd op basis van expertoordeel;2024-05-22;3;;3;Libellen;Coenagrionidae;2026-07-08;591;S;zeer zeldzaam
272976510;272976510;Speerwaterjuffer;Coenagrion hastulatum;2023-05-22;5;2023-05-22;1;ter plaatse;gezien;imago;Man;224379.65426652643;190817.4252582183;5.428903102874756;51.02276611328125;FS7055;Houthalen-Helchteren - Huttebeek;Houthalen-Helchteren;Houthalen;Limburg;ObsMapp;J;Goedgekeurd op basis van expertoordeel;2024-05-22;3;;3;Libellen;Coenagrionidae;2026-07-08;591;S;zeer zeldzaam
272976427;272976427;Speerwaterjuffer;Coenagrion hastulatum;2023-05-22;5;2023-05-22;1;ter plaatse;gezien;imago;Man;224473.9928813688;190806.89036032185;5.430245399475098;51.02265930175781;FS7055;Houthalen-Helchteren - Huttebeek;Houthalen-Helchteren;Houthalen;Limburg;ObsMapp;J;Goedgekeurd op basis van expertoordeel;2024-05-22;3;;9;Libellen;Coenagrionidae;2026-07-08;591;S;zeer zeldzaam
272976406;272976406;Speerwaterjuffer;Coenagrion hastulatum;2023-05-22;5;2023-05-22;1;ter plaatse;gezien;imago;Man;224458.30942821543;190796.90445463543;5.430019855499268;51.0225715637207;FS7055;Houthalen-Helchteren - Huttebeek;Houthalen-Helchteren;Houthalen;Limburg;ObsMapp;J;Goedgekeurd op basis van expertoordeel;2024-05-22;3;;3;Libellen;Coenagrionidae;2026-07-08;591;S;zeer zeldzaam
272976391;272976391;Speerwaterjuffer;Coenagrion hastulatum;2023-05-22;5;2023-05-22;1;ter plaatse;gezien;imago;Man;223435.69399782893;188445.13540448528;5.414973735809326;51.001564025878906;FS6952;Zonhoven - Teut;Zonhoven;Zonhoven;Limburg;ObsMapp;J;Goedgekeurd op basis van expertoordeel;2024-05-22;3;;6;Libellen;Coenagrionidae;2026-07-08;591;S;zeer zeldzaam
272976280;272976280;Speerwaterjuffer;Coenagrion hastulatum;2023-05-22;5;2023-05-22;2;ter plaatse;gezien;imago;Man;223416.62182249376;188475.42415791005;5.414708137512207;51.00183868408203;FS6952;Zonhoven - Teut;Zonhoven;Zonhoven;Limburg;ObsMapp;J;Goedgekeurd op basis van expertoordeel;2024-05-22;3;;3;Libellen;Coenagrionidae;2026-07-08;591;S;zeer zeldzaam
272976267;272976267;Speerwaterjuffer;Coenagrion hastulatum;2023-05-22;5;2023-05-22;1;ter plaatse;gezien;imago;Man;223408.5800801564;188473.61315635775;5.41459321975708;51.00182342529297;FS6952;Zonhoven - Teut;Zonhoven;Zonhoven;Limburg;ObsMapp;J;Goedgekeurd op basis van expertoordeel;2024-05-22;3;;3;Libellen;Coenagrionidae;2026-07-08;591;S;zeer zeldzaam
272976263;272976263;Speerwaterjuffer;Coenagrion hastulatum;2023-05-22;5;2023-05-22;1;ter plaatse;gezien;imago;Man;223397.96731364768;188471.34152158163;5.414441585540772;51.00180435180664;FS6952;Zonhoven - Teut;Zonhoven;Zonhoven;Limburg;ObsMapp;J;Goedgekeurd op basis van expertoordeel;2024-05-22;3;;3;Libellen;Coenagrionidae;2026-07-08;591;S;zeer zeldzaam
272976244;272976244;Speerwaterjuffer;Coenagrion hastulatum;2023-05-22;5;2023-05-22;2;ter plaatse;gezien;imago;Man;223396.24851034;188472.16612207703;5.414417266845703;51.00181198120117;FS6952;Zonhoven - Teut;Zonhoven;Zonhoven;Limburg;ObsMapp;J;Goedgekeurd op basis van expertoordeel;2024-05-22;3;;3;Libellen;Coenagrionidae;2026-07-08;591;S;zeer zeldzaam
272976226;272976226;Speerwaterjuffer;Coenagrion hastulatum;2023-05-22;5;2023-05-22;1;ter plaatse;gezien;imago;Man;223383.6360686826;188466.8954548426;5.414236545562744;51.001766204833984;FS6952;Zonhoven - Teut;Zonhoven;Zonhoven;Limburg;ObsMapp;J;Goedgekeurd op basis van expertoordeel;2024-05-22;3;;3;Libellen;Coenagrionidae;2026-07-08;591;S;zeer zeldzaam
272976224;272976224;Speerwaterjuffer;Coenagrion hastulatum;2023-05-22;5;2023-05-22;1;ter plaatse;gezien;imago;Vrouw;223383.6360686826;188466.8954548426;5.414236545562744;51.001766204833984;FS6952;Zonhoven - Teut;Zonhoven;Zonhoven;Limburg;ObsMapp;J;Goedgekeurd op basis van expertoordeel;2024-05-22;3;;3;Libellen;Coenagrionidae;2026-07-08;591;S;zeer zeldzaam
244748751;244748751;Speerwaterjuffer;Coenagrion hastulatum;2022-06-02;6;2022-06-09;1;ter plaatse;onbekend;imago;Man;223436.0621423951;188445.14059539605;5.41497898101807;51.0015640258789;FS6952;Zonhoven - Teut;Zonhoven;Zonhoven;Limburg;Meetnetten.be;J;Goedgekeurd op basis van expertoordeel;2023-06-01;3;meetnetten.be: levensfase: imago_ activiteit: ter plaatse;10;Libellen;Coenagrionidae;2026-07-08;591;S;zeer zeldzaam
244748715;244748715;Speerwaterjuffer;Coenagrion hastulatum;2022-06-02;6;2022-06-09;1;ter plaatse;onbekend;imago;Man;223420.9924494236;188419.4634334268;5.41475915908813;51.001335144043;FS6952;Zonhoven - Teut;Zonhoven;Zonhoven;Limburg;Meetnetten.be;J;Goedgekeurd op basis van expertoordeel;2023-06-01;3;meetnetten.be: levensfase: imago_ activiteit: ter plaatse;10;Libellen;Coenagrionidae;2026-07-08;591;S;zeer zeldzaam
272976187;272976187;Speerwaterjuffer;Coenagrion hastulatum;2023-05-22;5;2023-05-22;2;ter plaatse;gezien;imago;Man;223355.7396829837;188444.0086491555;5.413834571838379;51.001564025878906;FS6952;Zonhoven - Teut;Zonhoven;Zonhoven;Limburg;ObsMapp;J;Goedgekeurd op basis van expertoordeel;2024-05-22;3;;3;Libellen;Coenagrionidae;2026-07-08;591;S;zeer zeldzaam
272976181;272976181;Speerwaterjuffer;Coenagrion hastulatum;2023-05-22;5;2023-05-22;1;ter plaatse;gezien;imago;Man;223351.33031299192;188440.97566492856;5.413771152496338;51.00153732299805;FS6952;Zonhoven - Teut;Zonhoven;Zonhoven;Limburg;ObsMapp;J;Goedgekeurd op basis van expertoordeel;2024-05-22;3;;3;Libellen;Coenagrionidae;2026-07-08;591;S;zeer zeldzaam
272976133;272976133;Speerwaterjuffer;Coenagrion hastulatum;2023-05-22;5;2023-05-22;1;ter plaatse;gezien;imago;Man;223377.87987430865;188419.28025367577;5.414144992828369;51.00133895874024;FS6952;Zonhoven - Teut;Zonhoven;Zonhoven;Limburg;ObsMapp;J;Goedgekeurd op basis van expertoordeel;2024-05-22;3;;3;Libellen;Coenagrionidae;2026-07-08;591;S;zeer zeldzaam
272976128;272976128;Speerwaterjuffer;Coenagrion hastulatum;2023-05-22;5;2023-05-22;2;ter plaatse;gezien;imago;Man;223389.8470806164;188410.96064196996;5.414313793182373;51.00126266479492;FS6952;Zonhoven - Teut;Zonhoven;Zonhoven;Limburg;ObsMapp;J;Goedgekeurd op basis van expertoordeel;2024-05-22;3;;3;Libellen;Coenagrionidae;2026-07-08;591;S;zeer zeldzaam
272976124;272976124;Speerwaterjuffer;Coenagrion hastulatum;2023-05-22;5;2023-05-22;1;ter plaatse;gezien;imago;Man;223393.35407097213;188406.76594544572;5.414362907409668;51.001224517822266;FS6952;Zonhoven - Teut;Zonhoven;Zonhoven;Limburg;ObsMapp;J;Goedgekeurd op basis van expertoordeel;2024-05-22;3;;3;Libellen;Coenagrionidae;2026-07-08;591;S;zeer zeldzaam
244748716;244748716;Speerwaterjuffer;Coenagrion hastulatum;2022-06-02;6;2022-06-09;1;ter plaatse;onbekend;imago;Man;223420.9314955701;188419.03816253223;5.41475820541382;51.0013313293457;FS6952;Zonhoven - Teut;Zonhoven;Zonhoven;Limburg;Meetnetten.be;J;Goedgekeurd op basis van expertoordeel;2023-06-01;3;meetnetten.be: levensfase: imago_ activiteit: ter plaatse;10;Libellen;Coenagrionidae;2026-07-08;591;S;zeer zeldzaam
272976110;272976110;Speerwaterjuffer;Coenagrion hastulatum;2023-05-22;5;2023-05-22;1;ter plaatse;gezien;imago;Man;223378.04134336355;188395.9398935251;5.414142608642578;51.00112915039063;FS6952;Zonhoven - Teut;Zonhoven;Zonhoven;Limburg;ObsMapp;J;Goedgekeurd op basis van expertoordeel;2024-05-22;3;;3;Libellen;Coenagrionidae;2026-07-08;591;S;zeer zeldzaam
272976069;272976069;Speerwaterjuffer;Coenagrion hastulatum;2023-05-22;5;2023-05-22;1;ter plaatse;gezien;imago;Man;223333.87664327497;188375.37050667964;5.413509368896484;51.00094985961914;FS6952;Zonhoven - Teut;Zonhoven;Zonhoven;Limburg;ObsMapp;J;Goedgekeurd op basis van expertoordeel;2024-05-22;3;;3;Libellen;Coenagrionidae;2026-07-08;591;S;zeer zeldzaam
272976054;272976054;Speerwaterjuffer;Coenagrion hastulatum;2023-05-22;5;2023-05-22;1;ter plaatse;gezien;imago;Man;223317.4987777247;188375.98874780536;5.413276195526123;51.00095748901367;FS6952;Zonhoven - Teut;Zonhoven;Zonhoven;Limburg;ObsMapp;J;Goedgekeurd op basis van expertoordeel;2024-05-22;3;;3;Libellen;Coenagrionidae;2026-07-08;591;S;zeer zeldzaam
272976022;272976022;Speerwaterjuffer;Coenagrion hastulatum;2023-05-22;5;2023-05-22;2;ter plaatse;gezien;imago;Man;223306.1580368128;188394.50321645103;5.413118362426758;51.00112533569336;FS6952;Zonhoven - Teut;Zonhoven;Zonhoven;Limburg;ObsMapp;J;Goedgekeurd op basis van expertoordeel;2024-05-22;3;;3;Libellen;Coenagrionidae;2026-07-08;591;S;zeer zeldzaam
272976016;272976016;Speerwaterjuffer;Coenagrion hastulatum;2023-05-22;5;2023-05-22;1;ter plaatse;gezien;imago;Man;223296.96640785632;188405.40854841657;5.412989616394043;51.001224517822266;FS6952;Zonhoven - Teut;Zonhoven;Zonhoven;Limburg;ObsMapp;J;Goedgekeurd op basis van expertoordeel;2024-05-22;3;;3;Libellen;Coenagrionidae;2026-07-08;591;S;zeer zeldzaam
215964040;215964040;Speerwaterjuffer;Coenagrion hastulatum;2021-06-01;6;2021-06-05;2;ter plaatse;onbekend;imago;onbekend;225330.96397402103;188400.4777813498;5.44196224212646;51.000919342041;FS7152;Zonhoven - Teut;Zonhoven;Zonhoven;Limburg;ObsMapp;J;Goedgekeurd op basis van expertoordeel;2007-01-01;3;;3;Libellen;Coenagrionidae;2026-07-08;591;S;zeer zeldzaam
272975987;272975987;Speerwaterjuffer;Coenagrion hastulatum;2023-05-22;5;2023-05-22;1;ter plaatse;gezien;imago;Man;223311.125815244;188414.94489159997;5.413193225860596;51.00130844116211;FS6952;Zonhoven - Teut;Zonhoven;Zonhoven;Limburg;ObsMapp;J;Goedgekeurd op basis van expertoordeel;2024-05-22;3;;3;Libellen;Coenagrionidae;2026-07-08;591;S;zeer zeldzaam
272975960;272975960;Speerwaterjuffer;Coenagrion hastulatum;2023-05-22;5;2023-05-22;1;ter plaatse;gezien;imago;Man;223342.70279839128;188433.21475468483;5.413646697998047;51.00146865844727;FS6952;Zonhoven - Teut;Zonhoven;Zonhoven;Limburg;ObsMapp;J;Goedgekeurd op basis van expertoordeel;2024-05-22;3;;3;Libellen;Coenagrionidae;2026-07-08;591;S;zeer zeldzaam
244387361;244387361;Speerwaterjuffer;Coenagrion hastulatum;2022-06-02;6;2022-06-06;1;ter plaatse;gezien;imago;Man;223446.2113317405;188634.57136968896;5.41516160964966;51.0032653808594;FS6952;Zonhoven - Teut;Zonhoven;Zonhoven;Limburg;ObsMapp;J;Goedgekeurd op basis van expertoordeel;2007-01-01;3;;3;Libellen;Coenagrionidae;2026-07-08;591;S;zeer zeldzaam
272975954;272975954;Speerwaterjuffer;Coenagrion hastulatum;2023-05-22;5;2023-05-22;1;ter plaatse;gezien;imago;Man;223397.1778068202;188403.8489497192;5.414416790008545;51.001197814941406;FS6952;Zonhoven - Teut;Zonhoven;Zonhoven;Limburg;ObsMapp;J;Goedgekeurd op basis van expertoordeel;2024-05-22;3;;8;Libellen;Coenagrionidae;2026-07-08;591;S;zeer zeldzaam
272975949;272975949;Speerwaterjuffer;Coenagrion hastulatum;2023-05-22;5;2023-05-22;1;ter plaatse;gezien;imago;Man;223399.6830778708;188408.97719509527;5.414453506469727;51.001243591308594;FS6952;Zonhoven - Teut;Zonhoven;Zonhoven;Limburg;ObsMapp;J;Goedgekeurd op basis van expertoordeel;2024-05-22;3;;3;Libellen;Coenagrionidae;2026-07-08;591;S;zeer zeldzaam
272975927;272975927;Speerwaterjuffer;Coenagrion hastulatum;2023-05-22;5;2023-05-22;2;ter plaatse;gezien;imago;Man;223413.95707737756;188415.1201426275;5.414658069610596;51.00129699707031;FS6952;Zonhoven - Teut;Zonhoven;Zonhoven;Limburg;ObsMapp;J;Goedgekeurd op basis van expertoordeel;2024-05-22;3;;3;Libellen;Coenagrionidae;2026-07-08;591;S;zeer zeldzaam
215964045;215964045;Speerwaterjuffer;Coenagrion hastulatum;2021-06-01;6;2021-06-05;1;ter plaatse;onbekend;imago;Man;225341.283496928;188358.18567411508;5.44210052490234;51.0005378723145;FS7152;Zonhoven - Teut;Zonhoven;Zonhoven;Limburg;ObsMapp;J;Goedgekeurd op basis van expertoordeel;2007-01-01;3;;999;Libellen;Coenagrionidae;2026-07-08;591;S;zeer zeldzaam
272975912;272975912;Speerwaterjuffer;Coenagrion hastulatum;2023-05-22;5;2023-05-22;2;ter plaatse;gezien;imago;Man;223423.3806310575;188418.64827759095;5.414793014526367;51.00132751464844;FS6952;Zonhoven - Teut;Zonhoven;Zonhoven;Limburg;ObsMapp;J;Goedgekeurd op basis van expertoordeel;2024-05-22;3;;3;Libellen;Coenagrionidae;2026-07-08;591;S;zeer zeldzaam
272975895;272975895;Speerwaterjuffer;Coenagrion hastulatum;2023-05-22;5;2023-05-22;1;ter plaatse;gezien;imago;onbekend;223423.7343886884;188422.0485577006;5.414798736572266;51.00135803222656;FS6952;Zonhoven - Teut;Zonhoven;Zonhoven;Limburg;ObsMapp;J;Goedgekeurd op basis van expertoordeel;2024-05-22;3;;3;Libellen;Coenagrionidae;2026-07-08;591;S;zeer zeldzaam
272975891;272975891;Speerwaterjuffer;Coenagrion hastulatum;2023-05-22;5;2023-05-22;1;ter plaatse;gezien;imago;Man;223426.7177122549;188428.88120285887;5.41484260559082;51.00141906738281;FS6952;Zonhoven - Teut;Zonhoven;Zonhoven;Limburg;ObsMapp;J;Goedgekeurd op basis van expertoordeel;2024-05-22;3;;3;Libellen;Coenagrionidae;2026-07-08;591;S;zeer zeldzaam
215964046;215964046;Speerwaterjuffer;Coenagrion hastulatum;2021-06-01;6;2021-06-05;1;ter plaatse;onbekend;imago;Vrouw;225344.8194400075;188354.4171011373;5.4421501159668;51.0005035400391;FS7152;Zonhoven - Teut;Zonhoven;Zonhoven;Limburg;ObsMapp;J;Goedgekeurd op basis van expertoordeel;2007-01-01;3;;999;Libellen;Coenagrionidae;2026-07-08;591;S;zeer zeldzaam
272975875;272975875;Speerwaterjuffer;Coenagrion hastulatum;2023-05-22;5;2023-05-22;1;ter plaatse;gezien;imago;onbekend;223429.4654530229;188442.9255264644;5.414884567260742;51.00154495239258;FS6952;Zonhoven - Teut;Zonhoven;Zonhoven;Limburg;ObsMapp;J;Goedgekeurd op basis van expertoordeel;2024-05-22;3;;3;Libellen;Coenagrionidae;2026-07-08;591;S;zeer zeldzaam
244387357;244387357;Speerwaterjuffer;Coenagrion hastulatum;2022-06-02;6;2022-06-06;1;ter plaatse;gezien;imago;Man;223428.38378507385;188600.3670343766;5.41490077972412;51.0029602050781;FS6952;Zonhoven - Teut;Zonhoven;Zonhoven;Limburg;ObsMapp;J;Goedgekeurd op basis van expertoordeel;2007-01-01;3;;3;Libellen;Coenagrionidae;2026-07-08;591;S;zeer zeldzaam
272975867;272975867;Speerwaterjuffer;Coenagrion hastulatum;2023-05-22;5;2023-05-22;1;ter plaatse;gezien;imago;Man;223435.96042946447;188452.3541595135;5.414978981018066;51.00162887573242;FS6952;Zonhoven - Teut;Zonhoven;Zonhoven;Limburg;ObsMapp;J;Goedgekeurd op basis van expertoordeel;2024-05-22;3;;3;Libellen;Coenagrionidae;2026-07-08;591;S;zeer zeldzaam
314151658;314151658;Speerwaterjuffer;Coenagrion hastulatum;2024-05-13;5;2024-06-12;1;ter plaatse;onbekend;imago;Man;223306.1388805801;188391.10765524025;5.41311740875244;51.0010948181152;FS6952;Zonhoven - Teut;Zonhoven;Zonhoven;Limburg;Meetnetten.be;J;Goedgekeurd op basis van expertoordeel;2025-05-12;3;meetnetten.be: life stage: imago_ activity: present;10;Libellen;Coenagrionidae;2026-07-08;591;S;zeer zeldzaam
314151656;314151656;Speerwaterjuffer;Coenagrion hastulatum;2024-05-13;5;2024-06-12;1;ter plaatse;onbekend;imago;Man;223306.20581664995;188391.10859737545;5.41311836242676;51.0010948181152;FS6952;Zonhoven - Teut;Zonhoven;Zonhoven;Limburg;Meetnetten.be;J;Goedgekeurd op basis van expertoordeel;2025-05-12;3;meetnetten.be: life stage: imago_ activity: present;10;Libellen;Coenagrionidae;2026-07-08;591;S;zeer zeldzaam
314151652;314151652;Speerwaterjuffer;Coenagrion hastulatum;2024-05-13;5;2024-06-12;1;ter plaatse;onbekend;imago;Man;223306.27872520385;188390.68521214;5.41311931610107;51.001091003418;FS6952;Zonhoven - Teut;Zonhoven;Zonhoven;Limburg;Meetnetten.be;J;Goedgekeurd op basis van expertoordeel;2025-05-12;3;meetnetten.be: life stage: imago_ activity: present;10;Libellen;Coenagrionidae;2026-07-08;591;S;zeer zeldzaam
191886458;191886458;Speerwaterjuffer;Coenagrion hastulatum;2020-05-20;5;2020-05-20;2;ter plaatse;gezien;imago;Man;224352.16842439747;190874.75316005663;5.42852306365967;51.0232849121094;FS7055;Houthalen-Helchteren - Huttebeek;Houthalen-Helchteren;Houthalen;Limburg;ObsMapp;J;Goedgekeurd op basis van expertoordeel;2007-01-01;3;;25;Libellen;Coenagrionidae;2026-07-08;591;S;zeer zeldzaam
314151649;314151649;Speerwaterjuffer;Coenagrion hastulatum;2024-05-13;5;2024-06-12;1;ter plaatse;onbekend;imago;Man;223306.21178912936;188390.68427000195;5.41311836242676;51.001091003418;FS6952;Zonhoven - Teut;Zonhoven;Zonhoven;Limburg;Meetnetten.be;J;Goedgekeurd op basis van expertoordeel;2025-05-12;3;meetnetten.be: life stage: imago_ activity: present;10;Libellen;Coenagrionidae;2026-07-08;591;S;zeer zeldzaam
314151642;314151642;Speerwaterjuffer;Coenagrion hastulatum;2024-05-13;5;2024-06-12;1;ter plaatse;onbekend;imago;Man;223303.3824397046;188380.03416132275;5.41307592391968;51.0009956359863;FS6952;Zonhoven - Teut;Zonhoven;Zonhoven;Limburg;Meetnetten.be;J;Goedgekeurd op basis van expertoordeel;2025-05-12;3;meetnetten.be: life stage: imago_ activity: present;10;Libellen;Coenagrionidae;2026-07-08;591;S;zeer zeldzaam
191886464;191886464;Speerwaterjuffer;Coenagrion hastulatum;2020-05-20;5;2020-05-20;2;ter plaatse;gezien;imago;Man;224354.5704418021;190865.87473646272;5.42855548858643;51.0232048034668;FS7055;Houthalen-Helchteren - Huttebeek;Houthalen-Helchteren;Houthalen;Limburg;ObsMapp;J;Goedgekeurd op basis van expertoordeel;2007-01-01;3;;25;Libellen;Coenagrionidae;2026-07-08;591;S;zeer zeldzaam
191886465;191886465;Speerwaterjuffer;Coenagrion hastulatum;2020-05-20;5;2020-05-20;2;in copula;gezien;imago;onbekend;224354.5704418021;190865.87473646272;5.42855548858643;51.0232048034668;FS7055;Houthalen-Helchteren - Huttebeek;Houthalen-Helchteren;Houthalen;Limburg;ObsMapp;J;Goedgekeurd op basis van expertoordeel;2007-01-01;3;;25;Libellen;Coenagrionidae;2026-07-08;591;S;zeer zeldzaam
191886472;191886472;Speerwaterjuffer;Coenagrion hastulatum;2020-05-20;5;2020-05-20;2;ter plaatse;gezien;imago;Man;224338.99311142432;190850.79771575704;5.42833042144775;51.0230712890625;FS7055;Houthalen-Helchteren - Huttebeek;Houthalen-Helchteren;Houthalen;Limburg;ObsMapp;J;Goedgekeurd op basis van expertoordeel;2007-01-01;3;;25;Libellen;Coenagrionidae;2026-07-08;591;S;zeer zeldzaam
191886473;191886473;Speerwaterjuffer;Coenagrion hastulatum;2020-05-20;5;2020-05-20;1;ter plaatse;gezien;imago;Man;224335.2833229921;190857.5353927901;5.42827892303467;51.0231323242188;FS7055;Houthalen-Helchteren - Huttebeek;Houthalen-Helchteren;Houthalen;Limburg;ObsMapp;J;Goedgekeurd op basis van expertoordeel;2007-01-01;3;;25;Libellen;Coenagrionidae;2026-07-08;591;S;zeer zeldzaam
191886482;191886482;Speerwaterjuffer;Coenagrion hastulatum;2020-05-20;5;2020-05-20;1;ter plaatse;gezien;imago;Man;224327.30932253876;190853.6017934382;5.4281644821167;51.0230979919434;FS7055;Houthalen-Helchteren - Huttebeek;Houthalen-Helchteren;Houthalen;Limburg;ObsMapp;J;Goedgekeurd op basis van expertoordeel;2007-01-01;3;;25;Libellen;Coenagrionidae;2026-07-08;591;S;zeer zeldzaam
191886486;191886486;Speerwaterjuffer;Coenagrion hastulatum;2020-05-20;5;2020-05-20;1;ter plaatse;gezien;imago;Man;224320.5064057232;190854.3534982847;5.42806768417358;51.0231056213379;FS7055;Houthalen-Helchteren - Huttebeek;Houthalen-Helchteren;Houthalen;Limburg;ObsMapp;J;Goedgekeurd op basis van expertoordeel;2007-01-01;3;;25;Libellen;Coenagrionidae;2026-07-08;591;S;zeer zeldzaam
191886491;191886491;Speerwaterjuffer;Coenagrion hastulatum;2020-05-20;5;2020-05-20;1;ter plaatse;gezien;imago;Man;224302.9918784368;190841.37100998312;5.42781543731689;51.0229911804199;FS7055;Houthalen-Helchteren - Huttebeek;Houthalen-Helchteren;Houthalen;Limburg;ObsMapp;J;Goedgekeurd op basis van expertoordeel;2007-01-01;3;;25;Libellen;Coenagrionidae;2026-07-08;591;S;zeer zeldzaam
244387355;244387355;Speerwaterjuffer;Coenagrion hastulatum;2022-06-02;6;2022-06-06;1;ter plaatse;gezien;imago;Man;223434.472873006;188567.34876616392;5.4149808883667;51.0026626586914;FS6952;Zonhoven - Teut;Zonhoven;Zonhoven;Limburg;ObsMapp;J;Goedgekeurd op basis van expertoordeel;2007-01-01;3;;3;Libellen;Coenagrionidae;2026-07-08;591;S;zeer zeldzaam
191886496;191886496;Speerwaterjuffer;Coenagrion hastulatum;2020-05-20;5;2020-05-20;3;ter plaatse;gezien;imago;Man;224311.61940536255;190839.37208064552;5.42793798446655;51.0229721069336;FS7055;Houthalen-Helchteren - Huttebeek;Houthalen-Helchteren;Houthalen;Limburg;ObsMapp;J;Goedgekeurd op basis van expertoordeel;2007-01-01;3;;25;Libellen;Coenagrionidae;2026-07-08;591;S;zeer zeldzaam
191886500;191886500;Speerwaterjuffer;Coenagrion hastulatum;2020-05-20;5;2020-05-20;1;ter plaatse;gezien;imago;Man;224302.6178466583;190841.79008707497;5.42781019210815;51.0229949951172;FS7055;Houthalen-Helchteren - Huttebeek;Houthalen-Helchteren;Houthalen;Limburg;ObsMapp;J;Goedgekeurd op basis van expertoordeel;2007-01-01;3;;25;Libellen;Coenagrionidae;2026-07-08;591;S;zeer zeldzaam
191886510;191886510;Speerwaterjuffer;Coenagrion hastulatum;2020-05-20;5;2020-05-20;1;ter plaatse;gezien;imago;Man;224312.89266170468;190822.83804465175;5.42795276641846;51.0228233337402;FS7055;Houthalen-Helchteren - Huttebeek;Houthalen-Helchteren;Houthalen;Limburg;ObsMapp;J;Goedgekeurd op basis van expertoordeel;2007-01-01;3;;25;Libellen;Coenagrionidae;2026-07-08;591;S;zeer zeldzaam
192569440;192569440;Speerwaterjuffer;Coenagrion hastulatum;2020-05-27;5;2020-05-27;1;ter plaatse;onbekend;onbekend;Vrouw;223390.1060169692;188473.35279652104;5.41433000564575;51.001823425293;FS6952;Zonhoven - Teut;Zonhoven;Zonhoven;Limburg;Meetnetten.be;J;Goedgekeurd op basis van expertoordeel;2021-05-26;3;meetnetten.be: levensfase: imago_ activiteit: ter plaatse;10;Libellen;Coenagrionidae;2026-07-08;591;S;zeer zeldzaam
215964047;215964047;Speerwaterjuffer;Coenagrion hastulatum;2021-06-01;6;2021-06-05;4;ter plaatse;onbekend;imago;Man;225345.79001985048;188354.43114186823;5.44216394424438;51.0005035400391;FS7152;Zonhoven - Teut;Zonhoven;Zonhoven;Limburg;ObsMapp;J;Goedgekeurd op basis van expertoordeel;2007-01-01;3;;999;Libellen;Coenagrionidae;2026-07-08;591;S;zeer zeldzaam
275214019;275214019;Speerwaterjuffer;Coenagrion hastulatum;2023-06-06;6;2023-06-07;1;ter plaatse;onbekend;imago;Man;223424.6030972005;188441.1593279969;5.41481494903564;51.0015296936035;FS6952;Zonhoven - Teut;Zonhoven;Zonhoven;Limburg;Meetnetten.be;J;Goedgekeurd op basis van expertoordeel;2024-06-04;3;meetnetten.be: life stage: imago_ activity: present;10;Libellen;Coenagrionidae;2026-07-08;591;S;zeer zeldzaam
244387353;244387353:2607231;Speerwaterjuffer;Coenagrion hastulatum;2022-06-02;6;2022-06-06;1;in copula;gezien;imago;Vrouw;223423.2449771608;188549.3651669668;5.41481733322144;51.0025024414063;FS6952;Zonhoven - Teut;Zonhoven;Zonhoven;Limburg;ObsMapp;J;Goedgekeurd op basis van expertoordeel;2007-01-01;3;;3;Libellen;Coenagrionidae;2026-07-08;591;S;zeer zeldzaam
191886522;191886522;Speerwaterjuffer;Coenagrion hastulatum;2020-05-20;5;2020-05-20;1;ter plaatse;gezien;imago;Man;224320.1784263937;190809.36075253223;5.428053855896;51.0227012634277;FS7055;Houthalen-Helchteren - Huttebeek;Houthalen-Helchteren;Houthalen;Limburg;ObsMapp;J;Goedgekeurd op basis van expertoordeel;2007-01-01;3;;25;Libellen;Coenagrionidae;2026-07-08;591;S;zeer zeldzaam
191886528;191886528;Speerwaterjuffer;Coenagrion hastulatum;2020-05-20;5;2020-05-20;1;ter plaatse;gezien;imago;Man;224334.12129356683;190795.9785231352;5.42824983596802;51.0225791931152;FS7055;Houthalen-Helchteren - Huttebeek;Houthalen-Helchteren;Houthalen;Limburg;ObsMapp;J;Goedgekeurd op basis van expertoordeel;2007-01-01;3;;25;Libellen;Coenagrionidae;2026-07-08;591;S;zeer zeldzaam
244748772;244748772;Speerwaterjuffer;Coenagrion hastulatum;2022-06-02;6;2022-06-09;1;in copula;onbekend;imago;onbekend;223316.60594281985;188382.3423508173;5.41326475143433;51.0010147094727;FS6952;Zonhoven - Teut;Zonhoven;Zonhoven;Limburg;Meetnetten.be;J;Goedgekeurd op basis van expertoordeel;2023-06-01;3;meetnetten.be: levensfase: imago_ activiteit: copula;10;Libellen;Coenagrionidae;2026-07-08;591;S;zeer zeldzaam
244387353;244387353:2607230;Speerwaterjuffer;Coenagrion hastulatum;2022-06-02;6;2022-06-06;1;in copula;gezien;imago;Man;223423.2449771608;188549.3651669668;5.41481733322144;51.0025024414063;FS6952;Zonhoven - Teut;Zonhoven;Zonhoven;Limburg;ObsMapp;J;Goedgekeurd op basis van expertoordeel;2007-01-01;3;;3;Libellen;Coenagrionidae;2026-07-08;591;S;zeer zeldzaam
244748777;244748777;Speerwaterjuffer;Coenagrion hastulatum;2022-06-02;6;2022-06-09;1;ter plaatse;onbekend;imago;Man;223313.93351508465;188412.86235662643;5.41323280334473;51.0012893676758;FS6952;Zonhoven - Teut;Zonhoven;Zonhoven;Limburg;Meetnetten.be;J;Goedgekeurd op basis van expertoordeel;2023-06-01;3;meetnetten.be: levensfase: imago_ activiteit: ter plaatse;10;Libellen;Coenagrionidae;2026-07-08;591;S;zeer zeldzaam
275214018;275214018;Speerwaterjuffer;Coenagrion hastulatum;2023-06-06;6;2023-06-07;1;ter plaatse;onbekend;imago;Man;223421.47992542025;188434.7491238704;5.41476917266846;51.0014724731445;FS6952;Zonhoven - Teut;Zonhoven;Zonhoven;Limburg;Meetnetten.be;J;Goedgekeurd op basis van expertoordeel;2024-06-04;3;meetnetten.be: life stage: imago_ activity: present;10;Libellen;Coenagrionidae;2026-07-08;591;S;zeer zeldzaam
192569447;192569447;Speerwaterjuffer;Coenagrion hastulatum;2020-05-27;5;2020-05-27;1;ter plaatse;onbekend;onbekend;Man;223368.73227159336;188460.319304104;5.41402292251587;51.001708984375;FS6952;Zonhoven - Teut;Zonhoven;Zonhoven;Limburg;Meetnetten.be;J;Goedgekeurd op basis van expertoordeel;2021-05-26;3;meetnetten.be: levensfase: imago_ activiteit: ter plaatse;10;Libellen;Coenagrionidae;2026-07-08;591;S;zeer zeldzaam
244748745;244748745;Speerwaterjuffer;Coenagrion hastulatum;2022-06-02;6;2022-06-09;1;ter plaatse;onbekend;imago;Man;223373.40233769984;188423.46128718555;5.41408205032349;51.0013771057129;FS6952;Zonhoven - Teut;Zonhoven;Zonhoven;Limburg;Meetnetten.be;J;Goedgekeurd op basis van expertoordeel;2023-06-01;3;meetnetten.be: levensfase: imago_ activiteit: ter plaatse;10;Libellen;Coenagrionidae;2026-07-08;591;S;zeer zeldzaam
244748781;244748781;Speerwaterjuffer;Coenagrion hastulatum;2022-06-02;6;2022-06-09;1;ter plaatse;onbekend;imago;Man;223436.0621423951;188445.14059539605;5.41497898101807;51.0015640258789;FS6952;Zonhoven - Teut;Zonhoven;Zonhoven;Limburg;Meetnetten.be;J;Goedgekeurd op basis van expertoordeel;2023-06-01;3;meetnetten.be: levensfase: imago_ activiteit: ter plaatse;10;Libellen;Coenagrionidae;2026-07-08;591;S;zeer zeldzaam
191886532;191886532;Speerwaterjuffer;Coenagrion hastulatum;2020-05-20;5;2020-05-20;3;ter plaatse;gezien;imago;Man;224336.56017606743;190793.8912701961;5.42828416824341;51.0225601196289;FS7055;Houthalen-Helchteren - Huttebeek;Houthalen-Helchteren;Houthalen;Limburg;ObsMapp;J;Goedgekeurd op basis van expertoordeel;2007-01-01;3;;25;Libellen;Coenagrionidae;2026-07-08;591;S;zeer zeldzaam
245706739;245706739;Speerwaterjuffer;Coenagrion hastulatum;2022-06-16;6;2022-06-16;1;ter plaatse;gezien;imago;Man;223533.63777351927;188566.20148901452;5.4163932800293;51.0026397705078;FS6952;Zonhoven - Teut;Zonhoven;Zonhoven;Limburg;ObsMapp;J;Goedgekeurd op basis van expertoordeel;2022-12-16;3;;999;Libellen;Coenagrionidae;2026-07-08;591;S;zeer zeldzaam
245706738;245706738;Speerwaterjuffer;Coenagrion hastulatum;2022-06-16;6;2022-06-16;1;ter plaatse;gezien;imago;Man;223534.38953867453;188567.4853392281;5.41640424728394;51.0026512145996;FS6952;Zonhoven - Teut;Zonhoven;Zonhoven;Limburg;ObsMapp;J;Goedgekeurd op basis van expertoordeel;2022-12-16;3;;999;Libellen;Coenagrionidae;2026-07-08;591;S;zeer zeldzaam
245706737;245706737;Speerwaterjuffer;Coenagrion hastulatum;2022-06-16;6;2022-06-16;2;ter plaatse;gezien;imago;Man;223534.4719655738;188568.75973882712;5.41640567779541;51.0026626586914;FS6952;Zonhoven - Teut;Zonhoven;Zonhoven;Limburg;ObsMapp;J;Goedgekeurd op basis van expertoordeel;2022-12-16;3;;999;Libellen;Coenagrionidae;2026-07-08;591;S;zeer zeldzaam
244748734;244748734;Speerwaterjuffer;Coenagrion hastulatum;2022-06-02;6;2022-06-09;1;ter plaatse;onbekend;imago;Man;223426.17963590432;188443.30361253585;5.41483783721924;51.0015487670898;FS6952;Zonhoven - Teut;Zonhoven;Zonhoven;Limburg;Meetnetten.be;J;Goedgekeurd op basis van expertoordeel;2023-06-01;3;meetnetten.be: levensfase: imago_ activiteit: ter plaatse;10;Libellen;Coenagrionidae;2026-07-08;591;S;zeer zeldzaam
245706731;245706731;Speerwaterjuffer;Coenagrion hastulatum;2022-06-16;6;2022-06-16;2;in copula;gezien;imago;onbekend;223551.05513642053;188591.48774434623;5.4166464805603;51.0028648376465;FS6952;Zonhoven - Teut;Zonhoven;Zonhoven;Limburg;ObsMapp;J;Goedgekeurd op basis van expertoordeel;2022-12-16;3;;999;Libellen;Coenagrionidae;2026-07-08;591;S;zeer zeldzaam
192569506;192569506;Speerwaterjuffer;Coenagrion hastulatum;2020-05-27;5;2020-05-27;1;ter plaatse;onbekend;onbekend;Man;223316.11463777657;188376.81808592007;5.41325664520264;51.0009651184082;FS6952;Zonhoven - Teut;Zonhoven;Zonhoven;Limburg;Meetnetten.be;J;Goedgekeurd op basis van expertoordeel;2021-05-26;3;meetnetten.be: levensfase: imago_ activiteit: ter plaatse;10;Libellen;Coenagrionidae;2026-07-08;591;S;zeer zeldzaam
245706715;245706715;Speerwaterjuffer;Coenagrion hastulatum;2022-06-16;6;2022-06-16;1;ter plaatse;gezien;imago;Man;223570.7605505153;188604.07402327843;5.41692972183228;51.0029754638672;FS6952;Zonhoven - Teut;Zonhoven;Zonhoven;Limburg;ObsMapp;J;Goedgekeurd op basis van expertoordeel;2022-12-16;3;;999;Libellen;Coenagrionidae;2026-07-08;591;S;zeer zeldzaam
245706708;245706708;Speerwaterjuffer;Coenagrion hastulatum;2022-06-16;6;2022-06-16;1;ter plaatse;gezien;imago;Man;223578.4918156013;188620.7353140172;5.41704320907593;51.0031242370605;FS6952;Zonhoven - Teut;Zonhoven;Zonhoven;Limburg;ObsMapp;J;Goedgekeurd op basis van expertoordeel;2022-12-16;3;;999;Libellen;Coenagrionidae;2026-07-08;591;S;zeer zeldzaam
192569649;192569649;Speerwaterjuffer;Coenagrion hastulatum;2020-05-27;5;2020-05-27;1;ter plaatse;onbekend;onbekend;Man;224336.0068998649;190853.725983412;5.42828845977783;51.0230979919434;FS7055;Houthalen-Helchteren - Huttebeek;Houthalen-Helchteren;Houthalen;Limburg;Meetnetten.be;J;Goedgekeurd op basis van expertoordeel;2021-05-26;3;meetnetten.be: levensfase: imago_ activiteit: ter plaatse;10;Libellen;Coenagrionidae;2026-07-08;591;S;zeer zeldzaam
192569522;192569522;Speerwaterjuffer;Coenagrion hastulatum;2020-05-27;5;2020-05-27;1;in copula;onbekend;onbekend;onbekend;223322.4759563467;188374.36116961853;5.41334676742554;51.0009422302246;FS6952;Zonhoven - Teut;Zonhoven;Zonhoven;Limburg;Meetnetten.be;J;Goedgekeurd op basis van expertoordeel;2021-05-26;3;meetnetten.be: levensfase: imago_ activiteit: copula;10;Libellen;Coenagrionidae;2026-07-08;591;S;zeer zeldzaam
245706701;245706701;Speerwaterjuffer;Coenagrion hastulatum;2022-06-16;6;2022-06-16;1;ter plaatse;gezien;imago;Man;223584.5347662232;188624.21598897688;5.41712999343872;51.0031547546387;FS6952;Zonhoven - Teut;Zonhoven;Zonhoven;Limburg;ObsMapp;J;Goedgekeurd op basis van expertoordeel;2022-12-16;3;;999;Libellen;Coenagrionidae;2026-07-08;591;S;zeer zeldzaam
245706638;245706638;Speerwaterjuffer;Coenagrion hastulatum;2022-06-16;6;2022-06-16;1;ter plaatse;gezien;imago;Man;223370.1223760793;188459.06565237136;5.41404247283936;51.0016975402832;FS6952;Zonhoven - Teut;Zonhoven;Zonhoven;Limburg;ObsMapp;J;Goedgekeurd op basis van expertoordeel;2023-06-16;3;;3;Libellen;Coenagrionidae;2026-07-08;591;S;zeer zeldzaam
245706621;245706621;Speerwaterjuffer;Coenagrion hastulatum;2022-06-16;6;2022-06-16;1;ter plaatse;gezien;imago;Man;223376.54478795757;188409.49997807667;5.41412401199341;51.0012512207031;FS6952;Zonhoven - Teut;Zonhoven;Zonhoven;Limburg;ObsMapp;J;Goedgekeurd op basis van expertoordeel;2023-06-16;3;;3;Libellen;Coenagrionidae;2026-07-08;591;S;zeer zeldzaam
245706618;245706618;Speerwaterjuffer;Coenagrion hastulatum;2022-06-16;6;2022-06-16;1;ter plaatse;gezien;imago;Man;223373.7836624885;188415.4028397696;5.41408586502075;51.0013046264648;FS6952;Zonhoven - Teut;Zonhoven;Zonhoven;Limburg;ObsMapp;J;Goedgekeurd op basis van expertoordeel;2023-06-16;3;;4;Libellen;Coenagrionidae;2026-07-08;591;S;zeer zeldzaam
245706614;245706614;Speerwaterjuffer;Coenagrion hastulatum;2022-06-16;6;2022-06-16;1;ter plaatse;gezien;imago;Man;223365.37245528676;188420.80169787537;5.41396713256836;51.0013542175293;FS6952;Zonhoven - Teut;Zonhoven;Zonhoven;Limburg;ObsMapp;J;Goedgekeurd op basis van expertoordeel;2023-06-16;3;;3;Libellen;Coenagrionidae;2026-07-08;591;S;zeer zeldzaam
192052031;192052031;Speerwaterjuffer;Coenagrion hastulatum;2020-05-21;5;2020-05-22;1;ter plaatse;onbekend;imago, niet uitgekleurd;Man;223515.92473682304;190221.93072213695;5.416474;51.017524;FS6954;Houthalen - Tenhaagdoornheide;Houthalen-Helchteren;Houthalen;Limburg;Site;J;Goedgekeurd op basis van bewijsmateriaal;1980-01-01;4;;25;Libellen;Coenagrionidae;2026-07-08;591;S;zeer zeldzaam
309591042;309591042;Speerwaterjuffer;Coenagrion hastulatum;2024-05-13;5;2024-05-14;1;ter plaatse;gezien;imago;Man;223371.04881402836;188428.9454812324;5.4140496253967285;51.001426696777344;FS6952;Zonhoven - Teut;Zonhoven;Zonhoven;Limburg;ObsMapp;J;Goedgekeurd op basis van expertoordeel;1980-01-01;3;;3;Libellen;Coenagrionidae;2026-07-08;591;S;zeer zeldzaam
309591093;309591093;Speerwaterjuffer;Coenagrion hastulatum;2024-05-13;5;2024-05-14;1;ter plaatse;gezien;imago;Man;223393.07793842105;188409.73293516503;5.4143595695495605;51.001251220703125;FS6952;Zonhoven - Teut;Zonhoven;Zonhoven;Limburg;ObsMapp;J;Goedgekeurd op basis van expertoordeel;1980-01-01;3;;4;Libellen;Coenagrionidae;2026-07-08;591;S;zeer zeldzaam
245706611;245706611;Speerwaterjuffer;Coenagrion hastulatum;2022-06-16;6;2022-06-16;1;ter plaatse;gezien;imago;Man;223356.95050460607;188431.7177682212;5.41384935379028;51.0014533996582;FS6952;Zonhoven - Teut;Zonhoven;Zonhoven;Limburg;ObsMapp;J;Goedgekeurd op basis van expertoordeel;2023-06-16;3;;3;Libellen;Coenagrionidae;2026-07-08;591;S;zeer zeldzaam
244748783;244748783;Speerwaterjuffer;Coenagrion hastulatum;2022-06-02;6;2022-06-09;1;ter plaatse;onbekend;imago;Man;223429.3803960814;188456.08108863796;5.41488599777222;51.0016632080078;FS6952;Zonhoven - Teut;Zonhoven;Zonhoven;Limburg;Meetnetten.be;J;Goedgekeurd op basis van expertoordeel;2023-06-01;3;meetnetten.be: levensfase: imago_ activiteit: ter plaatse;10;Libellen;Coenagrionidae;2026-07-08;591;S;zeer zeldzaam
243930744;243930744;Speerwaterjuffer;Coenagrion hastulatum;2022-06-02;6;2022-06-02;1;ter plaatse;gezien;imago;Man;224382.5610674121;190806.0075659053;5.42894220352173;51.0226631164551;FS7055;Houthalen-Helchteren - Huttebeek;Houthalen-Helchteren;Houthalen;Limburg;ObsMapp;J;Goedgekeurd op basis van expertoordeel;2007-01-01;3;;3;Libellen;Coenagrionidae;2026-07-08;591;S;zeer zeldzaam
243930716;243930716;Speerwaterjuffer;Coenagrion hastulatum;2022-06-02;6;2022-06-02;1;ter plaatse;gezien;imago;Man;223524.42878024417;188554.6123513384;5.416259765625;51.0025367736816;FS6952;Zonhoven - Teut;Zonhoven;Zonhoven;Limburg;ObsMapp;J;Goedgekeurd op basis van expertoordeel;2007-01-01;3;;3;Libellen;Coenagrionidae;2026-07-08;591;S;zeer zeldzaam
243930712;243930712;Speerwaterjuffer;Coenagrion hastulatum;2022-06-02;6;2022-06-02;2;ter plaatse;gezien;imago;Man;223529.11767097225;188556.80060832296;5.41632699966431;51.002555847168;FS6952;Zonhoven - Teut;Zonhoven;Zonhoven;Limburg;ObsMapp;J;Goedgekeurd op basis van expertoordeel;2007-01-01;3;;3;Libellen;Coenagrionidae;2026-07-08;591;S;zeer zeldzaam
192569635;192569635;Speerwaterjuffer;Coenagrion hastulatum;2020-05-27;5;2020-05-27;1;ter plaatse;onbekend;onbekend;Man;224324.3808044933;190854.8332284931;5.42812299728394;51.0231094360352;FS7055;Houthalen-Helchteren - Huttebeek;Houthalen-Helchteren;Houthalen;Limburg;Meetnetten.be;J;Goedgekeurd op basis van expertoordeel;2021-05-26;3;meetnetten.be: levensfase: imago_ activiteit: ter plaatse;10;Libellen;Coenagrionidae;2026-07-08;591;S;zeer zeldzaam
243930709;243930709;Speerwaterjuffer;Coenagrion hastulatum;2022-06-02;6;2022-06-02;1;ter plaatse;gezien;imago;Man;223529.82646823276;188556.3862035377;5.41633701324463;51.0025520324707;FS6952;Zonhoven - Teut;Zonhoven;Zonhoven;Limburg;ObsMapp;J;Goedgekeurd op basis van expertoordeel;2007-01-01;3;;3;Libellen;Coenagrionidae;2026-07-08;591;S;zeer zeldzaam
243930708;243930708;Speerwaterjuffer;Coenagrion hastulatum;2022-06-02;6;2022-06-02;2;in copula;gezien;imago;onbekend;223529.4318900085;188560.62475177555;5.41633224487305;51.0025901794434;FS6952;Zonhoven - Teut;Zonhoven;Zonhoven;Limburg;ObsMapp;J;Goedgekeurd op basis van expertoordeel;2007-01-01;3;;3;Libellen;Coenagrionidae;2026-07-08;591;S;zeer zeldzaam
309591099;309591099;Speerwaterjuffer;Coenagrion hastulatum;2024-05-13;5;2024-05-14;1;ter plaatse;gezien;imago;Man;223391.7177128193;188408.86494406592;5.414340019226074;51.001243591308594;FS6952;Zonhoven - Teut;Zonhoven;Zonhoven;Limburg;ObsMapp;J;Goedgekeurd op basis van expertoordeel;1980-01-01;3;;3;Libellen;Coenagrionidae;2026-07-08;591;S;zeer zeldzaam
192569648;192569648;Speerwaterjuffer;Coenagrion hastulatum;2020-05-27;5;2020-05-27;1;ter plaatse;onbekend;onbekend;Man;224335.97344764476;190853.72550573107;5.42828798294067;51.0230979919434;FS7055;Houthalen-Helchteren - Huttebeek;Houthalen-Helchteren;Houthalen;Limburg;Meetnetten.be;J;Goedgekeurd op basis van expertoordeel;2021-05-26;3;meetnetten.be: levensfase: imago_ activiteit: ter plaatse;10;Libellen;Coenagrionidae;2026-07-08;591;S;zeer zeldzaam
244748732;244748732;Speerwaterjuffer;Coenagrion hastulatum;2022-06-02;6;2022-06-09;1;ter plaatse;onbekend;imago;Man;223425.42426904463;188439.8976700334;5.41482639312744;51.0015182495117;FS6952;Zonhoven - Teut;Zonhoven;Zonhoven;Limburg;Meetnetten.be;J;Goedgekeurd op basis van expertoordeel;2023-06-01;3;meetnetten.be: levensfase: imago_ activiteit: ter plaatse;10;Libellen;Coenagrionidae;2026-07-08;591;S;zeer zeldzaam
243930705;243930705;Speerwaterjuffer;Coenagrion hastulatum;2022-06-02;6;2022-06-02;1;ter plaatse;gezien;imago;Man;223534.896503954;188562.39955424704;5.41641044616699;51.0026054382324;FS6952;Zonhoven - Teut;Zonhoven;Zonhoven;Limburg;ObsMapp;J;Goedgekeurd op basis van expertoordeel;2007-01-01;3;;3;Libellen;Coenagrionidae;2026-07-08;591;S;zeer zeldzaam
243930702;243930702;Speerwaterjuffer;Coenagrion hastulatum;2022-06-02;6;2022-06-02;1;ter plaatse;gezien;imago;Man;223532.71867339325;188564.9152762983;5.41637992858887;51.002628326416;FS6952;Zonhoven - Teut;Zonhoven;Zonhoven;Limburg;ObsMapp;J;Goedgekeurd op basis van expertoordeel;2007-01-01;3;;3;Libellen;Coenagrionidae;2026-07-08;591;S;zeer zeldzaam
243930698;243930698;Speerwaterjuffer;Coenagrion hastulatum;2022-06-02;6;2022-06-02;2;ter plaatse;gezien;imago;Man;223537.56743909337;188574.74521320037;5.41645097732544;51.0027160644531;FS6952;Zonhoven - Teut;Zonhoven;Zonhoven;Limburg;ObsMapp;J;Goedgekeurd op basis van expertoordeel;2007-01-01;3;;3;Libellen;Coenagrionidae;2026-07-08;591;S;zeer zeldzaam
244748791;244748791;Speerwaterjuffer;Coenagrion hastulatum;2022-06-02;6;2022-06-09;1;ter plaatse;onbekend;imago;Man;223431.9430078804;188459.51251284775;5.41492319107056;51.0016937255859;FS6952;Zonhoven - Teut;Zonhoven;Zonhoven;Limburg;Meetnetten.be;J;Goedgekeurd op basis van expertoordeel;2023-06-01;3;meetnetten.be: levensfase: imago_ activiteit: ter plaatse;10;Libellen;Coenagrionidae;2026-07-08;591;S;zeer zeldzaam
243930697;243930697;Speerwaterjuffer;Coenagrion hastulatum;2022-06-02;6;2022-06-02;1;ter plaatse;gezien;imago;Man;223536.79872895023;188579.40289035533;5.41644096374512;51.002758026123;FS6952;Zonhoven - Teut;Zonhoven;Zonhoven;Limburg;ObsMapp;J;Goedgekeurd op basis van expertoordeel;2007-01-01;3;;3;Libellen;Coenagrionidae;2026-07-08;591;S;zeer zeldzaam
244748793;244748793;Speerwaterjuffer;Coenagrion hastulatum;2022-06-02;6;2022-06-09;1;ter plaatse;onbekend;imago;Vrouw;223433.21234669507;188462.0768800788;5.41494178771973;51.0017166137695;FS6952;Zonhoven - Teut;Zonhoven;Zonhoven;Limburg;Meetnetten.be;J;Goedgekeurd op basis van expertoordeel;2023-06-01;3;meetnetten.be: levensfase: imago_ activiteit: ter plaatse;10;Libellen;Coenagrionidae;2026-07-08;591;S;zeer zeldzaam
244748714;244748714;Speerwaterjuffer;Coenagrion hastulatum;2022-06-02;6;2022-06-09;1;ter plaatse;onbekend;imago;Man;223420.8095878294;188418.18762075345;5.41475629806519;51.0013236999512;FS6952;Zonhoven - Teut;Zonhoven;Zonhoven;Limburg;Meetnetten.be;J;Goedgekeurd op basis van expertoordeel;2023-06-01;3;meetnetten.be: levensfase: imago_ activiteit: ter plaatse;10;Libellen;Coenagrionidae;2026-07-08;591;S;zeer zeldzaam
309591148;309591148;Speerwaterjuffer;Coenagrion hastulatum;2024-05-13;5;2024-05-14;1;ter plaatse;gezien;imago;Man;223417.27395766223;188417.28895613924;5.414705753326416;51.00131607055664;FS6952;Zonhoven - Teut;Zonhoven;Zonhoven;Limburg;ObsMapp;J;Goedgekeurd op basis van expertoordeel;2025-06-14;3;;3;Libellen;Coenagrionidae;2026-07-08;591;S;zeer zeldzaam
313818262;313818262;Speerwaterjuffer;Coenagrion hastulatum;2024-06-06;6;2024-06-09;1;ter plaatse;gezien;imago;Man;224363.76440226397;190880.43620002732;5.428689479827881;51.02333450317383;FS7055;Houthalen-Helchteren - Huttebeek;Houthalen-Helchteren;Houthalen;Limburg;ObsMapp;J;Goedgekeurd op basis van expertoordeel;2025-06-06;3;;3;Libellen;Coenagrionidae;2026-07-08;591;S;zeer zeldzaam
243930696;243930696;Speerwaterjuffer;Coenagrion hastulatum;2022-06-02;6;2022-06-02;2;ter plaatse;gezien;imago;Man;223538.61295494373;188583.67262688745;5.41646766662598;51.0027961730957;FS6952;Zonhoven - Teut;Zonhoven;Zonhoven;Limburg;ObsMapp;J;Goedgekeurd op basis van expertoordeel;2007-01-01;3;;2;Libellen;Coenagrionidae;2026-07-08;591;S;zeer zeldzaam
192569662;192569662;Speerwaterjuffer;Coenagrion hastulatum;2020-05-27;5;2020-05-27;1;ter plaatse;onbekend;onbekend;Man;224336.32640030267;190857.1258716574;5.42829370498657;51.0231285095215;FS7055;Houthalen-Helchteren - Huttebeek;Houthalen-Helchteren;Houthalen;Limburg;Meetnetten.be;J;Goedgekeurd op basis van expertoordeel;2021-05-26;3;meetnetten.be: levensfase: imago_ activiteit: ter plaatse;10;Libellen;Coenagrionidae;2026-07-08;591;S;zeer zeldzaam
275214104;275214104;Speerwaterjuffer;Coenagrion hastulatum;2023-06-06;6;2023-06-07;1;ter plaatse;onbekend;imago;Man;223360.5972869025;188438.98413104005;5.413902759552;51.0015182495117;FS6952;Zonhoven - Teut;Zonhoven;Zonhoven;Limburg;Meetnetten.be;J;Goedgekeurd op basis van expertoordeel;2024-06-04;3;meetnetten.be: life stage: imago_ activity: present;10;Libellen;Coenagrionidae;2026-07-08;591;S;zeer zeldzaam
245939484;245939484;Speerwaterjuffer;Coenagrion hastulatum;2022-06-16;6;2022-06-18;1;ter plaatse;gezien;imago;Man;223369.74825476532;188459.484793514;5.41403722763062;51.0017013549805;FS6952;Zonhoven - Teut;Zonhoven;Zonhoven;Limburg;ObsMapp;J;Goedgekeurd op basis van expertoordeel;2007-01-01;4;;4;Libellen;Coenagrionidae;2026-07-08;591;S;zeer zeldzaam
192620778;192620778;Speerwaterjuffer;Coenagrion hastulatum;2020-05-27;5;2020-05-28;1;ter plaatse;gezien;imago;onbekend;224357.28016542247;190807.3440682683;5.42858219146729;51.0226783752441;FS7055;Houthalen-Helchteren - Huttebeek;Houthalen-Helchteren;Houthalen;Limburg;ObsMapp;J;Goedgekeurd op basis van expertoordeel;2007-01-01;4;;25;Libellen;Coenagrionidae;2026-07-08;591;S;zeer zeldzaam
245939477;245939477;Speerwaterjuffer;Coenagrion hastulatum;2022-06-16;6;2022-06-18;1;ter plaatse;gezien;imago;Man;223378.123758392;188409.0978124384;5.41414642333984;51.0012474060059;FS6952;Zonhoven - Teut;Zonhoven;Zonhoven;Limburg;ObsMapp;J;Goedgekeurd op basis van expertoordeel;2007-01-01;4;;6;Libellen;Coenagrionidae;2026-07-08;591;S;zeer zeldzaam
243930694;243930694;Speerwaterjuffer;Coenagrion hastulatum;2022-06-02;6;2022-06-02;1;ter plaatse;gezien;imago;Man;223552.0891024941;188589.38028697015;5.41666078567505;51.0028457641602;FS6952;Zonhoven - Teut;Zonhoven;Zonhoven;Limburg;ObsMapp;J;Goedgekeurd op basis van expertoordeel;2007-01-01;3;;3;Libellen;Coenagrionidae;2026-07-08;591;S;zeer zeldzaam
314240144;314240144;Speerwaterjuffer;Coenagrion hastulatum;2024-06-06;6;2024-06-12;1;ter plaatse;gezien;imago;Man;224171.4266648183;190977.85431402733;5.425968170166016;51.02423477172852;FS7055;Houthalen-Helchteren - Huttebeek;Houthalen-Helchteren;Houthalen;Limburg;ObsMapp;J;Goedgekeurd op basis van expertoordeel;2024-09-06;4;;4;Libellen;Coenagrionidae;2026-07-08;591;S;zeer zeldzaam
192620784;192620784;Speerwaterjuffer;Coenagrion hastulatum;2020-05-27;5;2020-05-28;2;ter plaatse;gezien;imago;Man;224337.80739071945;190800.27531491872;5.42830324172974;51.0226173400879;FS7055;Houthalen-Helchteren - Huttebeek;Houthalen-Helchteren;Houthalen;Limburg;ObsMapp;J;Goedgekeurd op basis van expertoordeel;2007-01-01;4;;25;Libellen;Coenagrionidae;2026-07-08;591;S;zeer zeldzaam
192620787;192620787:1805898;Speerwaterjuffer;Coenagrion hastulatum;2020-05-27;5;2020-05-28;1;in copula;gezien;imago;Man;224331.360004781;190797.212342402;5.42821073532104;51.022590637207;FS7055;Houthalen-Helchteren - Huttebeek;Houthalen-Helchteren;Houthalen;Limburg;ObsMapp;J;Goedgekeurd op basis van expertoordeel;2007-01-01;4;;25;Libellen;Coenagrionidae;2026-07-08;591;S;zeer zeldzaam
245939476;245939476;Speerwaterjuffer;Coenagrion hastulatum;2022-06-16;6;2022-06-18;1;ter plaatse;gezien;imago;Man;223374.2032111588;188414.1355158184;5.41409158706665;51.001293182373;FS6952;Zonhoven - Teut;Zonhoven;Zonhoven;Limburg;ObsMapp;J;Goedgekeurd op basis van expertoordeel;2007-01-01;4;;4;Libellen;Coenagrionidae;2026-07-08;591;S;zeer zeldzaam
245939473;245939473;Speerwaterjuffer;Coenagrion hastulatum;2022-06-16;6;2022-06-18;1;ter plaatse;onbekend;onbekend;Man;223367.09485075844;188422.09919551853;5.41399192810059;51.0013656616211;FS6952;Zonhoven - Teut;Zonhoven;Zonhoven;Limburg;ObsMapp;J;Goedgekeurd op basis van expertoordeel;2007-01-01;4;;4;Libellen;Coenagrionidae;2026-07-08;591;S;zeer zeldzaam
215976667;215976667;Speerwaterjuffer;Coenagrion hastulatum;2021-06-01;6;2021-06-05;1;ter plaatse;onbekend;imago;Man;223477.6828296916;188494.11056112964;5.41558170318604;51.0019989013672;FS6952;Zonhoven - Teut;Zonhoven;Zonhoven;Limburg;ObsMapp;J;Goedgekeurd op basis van expertoordeel;2007-01-01;4;;4;Libellen;Coenagrionidae;2026-07-08;591;S;zeer zeldzaam
192569659;192569659;Speerwaterjuffer;Coenagrion hastulatum;2020-05-27;5;2020-05-27;3;ter plaatse;onbekend;onbekend;Man;224337.43928599067;190854.1708531296;5.42830896377563;51.0231018066406;FS7055;Houthalen-Helchteren - Huttebeek;Houthalen-Helchteren;Houthalen;Limburg;Meetnetten.be;J;Goedgekeurd op basis van expertoordeel;2021-05-26;3;meetnetten.be: levensfase: imago_ activiteit: ter plaatse;10;Libellen;Coenagrionidae;2026-07-08;591;S;zeer zeldzaam
243930693;243930693;Speerwaterjuffer;Coenagrion hastulatum;2022-06-02;6;2022-06-02;1;ter plaatse;gezien;imago;Man;223550.6165649852;188589.35949069916;5.41663980484009;51.0028457641602;FS6952;Zonhoven - Teut;Zonhoven;Zonhoven;Limburg;ObsMapp;J;Goedgekeurd op basis van expertoordeel;2007-01-01;3;;3;Libellen;Coenagrionidae;2026-07-08;591;S;zeer zeldzaam
243930683;243930683;Speerwaterjuffer;Coenagrion hastulatum;2022-06-02;6;2022-06-02;1;ter plaatse;gezien;imago;Man;223574.557766824;188605.400902126;5.41698408126831;51.002986907959;FS6952;Zonhoven - Teut;Zonhoven;Zonhoven;Limburg;ObsMapp;J;Goedgekeurd op basis van expertoordeel;2007-01-01;3;;3;Libellen;Coenagrionidae;2026-07-08;591;S;zeer zeldzaam
215976664;215976664;Speerwaterjuffer;Coenagrion hastulatum;2021-06-01;6;2021-06-05;1;ter plaatse;onbekend;imago;Man;223480.06961390076;188500.5104118958;5.41561698913574;51.0020561218262;FS6952;Zonhoven - Teut;Zonhoven;Zonhoven;Limburg;ObsMapp;J;Goedgekeurd op basis van expertoordeel;2007-01-01;4;;4;Libellen;Coenagrionidae;2026-07-08;591;S;zeer zeldzaam
215976662;215976662:2207000;Speerwaterjuffer;Coenagrion hastulatum;2021-06-01;6;2021-06-05;1;tandem;onbekend;imago;Vrouw;223483.59320290052;188502.2577739237;5.41566753387451;51.0020713806152;FS6952;Zonhoven - Teut;Zonhoven;Zonhoven;Limburg;ObsMapp;J;Goedgekeurd op basis van expertoordeel;2007-01-01;4;;4;Libellen;Coenagrionidae;2026-07-08;591;S;zeer zeldzaam
309591174;309591174;Speerwaterjuffer;Coenagrion hastulatum;2024-05-13;5;2024-05-14;1;ter plaatse;gezien;imago;Man;223424.75733999815;188437.34179776348;5.414816379547119;51.001495361328125;FS6952;Zonhoven - Teut;Zonhoven;Zonhoven;Limburg;ObsMapp;J;Goedgekeurd op basis van expertoordeel;2026-06-14;3;;3;Libellen;Coenagrionidae;2026-07-08;591;S;zeer zeldzaam
309591185;309591185;Speerwaterjuffer;Coenagrion hastulatum;2024-05-13;5;2024-05-14;1;ter plaatse;gezien;imago;Man;223429.35759249915;188462.44694218133;5.414886951446533;51.0017204284668;FS6952;Zonhoven - Teut;Zonhoven;Zonhoven;Limburg;ObsMapp;J;Goedgekeurd op basis van expertoordeel;2026-06-13;3;;4;Libellen;Coenagrionidae;2026-07-08;591;S;zeer zeldzaam
243930682;243930682;Speerwaterjuffer;Coenagrion hastulatum;2022-06-02;6;2022-06-02;2;eileggend;gezien;imago;onbekend;223574.6247001415;188605.4018477099;5.41698503494263;51.002986907959;FS6952;Zonhoven - Teut;Zonhoven;Zonhoven;Limburg;ObsMapp;J;Goedgekeurd op basis van expertoordeel;2007-01-01;3;;3;Libellen;Coenagrionidae;2026-07-08;591;S;zeer zeldzaam
215976662;215976662:2206999;Speerwaterjuffer;Coenagrion hastulatum;2021-06-01;6;2021-06-05;1;tandem;onbekend;imago;Man;223483.59320290052;188502.2577739237;5.41566753387451;51.0020713806152;FS6952;Zonhoven - Teut;Zonhoven;Zonhoven;Limburg;ObsMapp;J;Goedgekeurd op basis van expertoordeel;2007-01-01;4;;4;Libellen;Coenagrionidae;2026-07-08;591;S;zeer zeldzaam
215976661;215976661:2206998;Speerwaterjuffer;Coenagrion hastulatum;2021-06-01;6;2021-06-05;2;tandem;onbekend;imago;Vrouw;223484.75258484384;188503.12295594253;5.41568422317505;51.0020790100098;FS6952;Zonhoven - Teut;Zonhoven;Zonhoven;Limburg;ObsMapp;J;Goedgekeurd op basis van expertoordeel;2007-01-01;4;;4;Libellen;Coenagrionidae;2026-07-08;591;S;zeer zeldzaam
215976661;215976661:2206997;Speerwaterjuffer;Coenagrion hastulatum;2021-06-01;6;2021-06-05;2;tandem;onbekend;imago;Man;223484.75258484384;188503.12295594253;5.41568422317505;51.0020790100098;FS6952;Zonhoven - Teut;Zonhoven;Zonhoven;Limburg;ObsMapp;J;Goedgekeurd op basis van expertoordeel;2007-01-01;4;;4;Libellen;Coenagrionidae;2026-07-08;591;S;zeer zeldzaam
243930678;243930678;Speerwaterjuffer;Coenagrion hastulatum;2022-06-02;6;2022-06-02;1;ter plaatse;gezien;imago;Man;223574.57924432735;188606.2500295769;5.41698455810547;51.0029945373535;FS6952;Zonhoven - Teut;Zonhoven;Zonhoven;Limburg;ObsMapp;J;Goedgekeurd op basis van expertoordeel;2007-01-01;3;;3;Libellen;Coenagrionidae;2026-07-08;591;S;zeer zeldzaam
215976658;215976658:2206992;Speerwaterjuffer;Coenagrion hastulatum;2021-06-01;6;2021-06-05;1;tandem;onbekend;imago;Vrouw;223485.37403355705;188506.52701877803;5.41569375991821;51.0021095275879;FS6952;Zonhoven - Teut;Zonhoven;Zonhoven;Limburg;ObsMapp;J;Goedgekeurd op basis van expertoordeel;2007-01-01;4;;4;Libellen;Coenagrionidae;2026-07-08;591;S;zeer zeldzaam
215976658;215976658:2206991;Speerwaterjuffer;Coenagrion hastulatum;2021-06-01;6;2021-06-05;1;tandem;onbekend;imago;Man;223485.37403355705;188506.52701877803;5.41569375991821;51.0021095275879;FS6952;Zonhoven - Teut;Zonhoven;Zonhoven;Limburg;ObsMapp;J;Goedgekeurd op basis van expertoordeel;2007-01-01;4;;4;Libellen;Coenagrionidae;2026-07-08;591;S;zeer zeldzaam
215976656;215976656;Speerwaterjuffer;Coenagrion hastulatum;2021-06-01;6;2021-06-05;1;ter plaatse;onbekend;imago;Man;223489.0099935461;188507.42714652792;5.41574573516846;51.0021171569824;FS6952;Zonhoven - Teut;Zonhoven;Zonhoven;Limburg;ObsMapp;J;Goedgekeurd op basis van expertoordeel;2007-01-01;4;;4;Libellen;Coenagrionidae;2026-07-08;591;S;zeer zeldzaam
243930676;243930676;Speerwaterjuffer;Coenagrion hastulatum;2022-06-02;6;2022-06-02;1;ter plaatse;gezien;imago;Man;223574.4513722817;188605.8238110887;5.41698265075684;51.0029907226563;FS6952;Zonhoven - Teut;Zonhoven;Zonhoven;Limburg;ObsMapp;J;Goedgekeurd op basis van expertoordeel;2007-01-01;3;;3;Libellen;Coenagrionidae;2026-07-08;591;S;zeer zeldzaam
215976647;215976647:2206984;Speerwaterjuffer;Coenagrion hastulatum;2021-06-01;6;2021-06-05;1;tandem;onbekend;imago;Vrouw;223495.14262818292;188516.4263330754;5.41583490371704;51.002197265625;FS6952;Zonhoven - Teut;Zonhoven;Zonhoven;Limburg;ObsMapp;J;Goedgekeurd op basis van expertoordeel;2007-01-01;4;;4;Libellen;Coenagrionidae;2026-07-08;591;S;zeer zeldzaam
243930674;243930674;Speerwaterjuffer;Coenagrion hastulatum;2022-06-02;6;2022-06-02;2;in copula;gezien;imago;onbekend;223571.81350080745;188605.36213393696;5.41694498062134;51.002986907959;FS6952;Zonhoven - Teut;Zonhoven;Zonhoven;Limburg;ObsMapp;J;Goedgekeurd op basis van expertoordeel;2007-01-01;3;;3;Libellen;Coenagrionidae;2026-07-08;591;S;zeer zeldzaam
215976647;215976647:2206983;Speerwaterjuffer;Coenagrion hastulatum;2021-06-01;6;2021-06-05;1;tandem;onbekend;imago;Man;223495.14262818292;188516.4263330754;5.41583490371704;51.002197265625;FS6952;Zonhoven - Teut;Zonhoven;Zonhoven;Limburg;ObsMapp;J;Goedgekeurd op basis van expertoordeel;2007-01-01;4;;4;Libellen;Coenagrionidae;2026-07-08;591;S;zeer zeldzaam
215976644;215976644:2206980;Speerwaterjuffer;Coenagrion hastulatum;2021-06-01;6;2021-06-05;1;tandem;onbekend;imago;Vrouw;223500.1613111448;188523.71215900127;5.41590785980225;51.0022621154785;FS6952;Zonhoven - Teut;Zonhoven;Zonhoven;Limburg;ObsMapp;J;Goedgekeurd op basis van expertoordeel;2007-01-01;4;;4;Libellen;Coenagrionidae;2026-07-08;591;S;zeer zeldzaam
215976644;215976644:2206979;Speerwaterjuffer;Coenagrion hastulatum;2021-06-01;6;2021-06-05;1;tandem;onbekend;imago;Man;223500.1613111448;188523.71215900127;5.41590785980225;51.0022621154785;FS6952;Zonhoven - Teut;Zonhoven;Zonhoven;Limburg;ObsMapp;J;Goedgekeurd op basis van expertoordeel;2007-01-01;4;;4;Libellen;Coenagrionidae;2026-07-08;591;S;zeer zeldzaam
309591187;309591187;Speerwaterjuffer;Coenagrion hastulatum;2024-05-13;5;2024-05-14;1;ter plaatse;gezien;imago;Man;223433.8267290172;188461.2367193885;5.414950370788574;51.001708984375;FS6952;Zonhoven - Teut;Zonhoven;Zonhoven;Limburg;ObsMapp;J;Goedgekeurd op basis van expertoordeel;2025-06-13;3;;3;Libellen;Coenagrionidae;2026-07-08;591;S;zeer zeldzaam
215976640;215976640;Speerwaterjuffer;Coenagrion hastulatum;2021-06-01;6;2021-06-05;1;ter plaatse;onbekend;imago;Man;223505.46674028103;188534.39733197168;5.41598558425903;51.0023574829102;FS6952;Zonhoven - Teut;Zonhoven;Zonhoven;Limburg;ObsMapp;J;Goedgekeurd op basis van expertoordeel;2007-01-01;4;;4;Libellen;Coenagrionidae;2026-07-08;591;S;zeer zeldzaam
243930673;243930673;Speerwaterjuffer;Coenagrion hastulatum;2022-06-02;6;2022-06-02;2;ter plaatse;gezien;imago;Man;223571.81350080745;188605.36213393696;5.41694498062134;51.002986907959;FS6952;Zonhoven - Teut;Zonhoven;Zonhoven;Limburg;ObsMapp;J;Goedgekeurd op basis van expertoordeel;2007-01-01;3;;3;Libellen;Coenagrionidae;2026-07-08;591;S;zeer zeldzaam
215976639;215976639:2206974;Speerwaterjuffer;Coenagrion hastulatum;2021-06-01;6;2021-06-05;1;in copula;onbekend;onbekend;Vrouw;223505.6220980916;188535.24834835995;5.41598796844482;51.0023651123047;FS6952;Zonhoven - Teut;Zonhoven;Zonhoven;Limburg;ObsMapp;J;Goedgekeurd op basis van expertoordeel;2007-01-01;4;;4;Libellen;Coenagrionidae;2026-07-08;591;S;zeer zeldzaam
215976639;215976639:2206973;Speerwaterjuffer;Coenagrion hastulatum;2021-06-01;6;2021-06-05;1;in copula;onbekend;onbekend;Man;223505.6220980916;188535.24834835995;5.41598796844482;51.0023651123047;FS6952;Zonhoven - Teut;Zonhoven;Zonhoven;Limburg;ObsMapp;J;Goedgekeurd op basis van expertoordeel;2007-01-01;4;;4;Libellen;Coenagrionidae;2026-07-08;591;S;zeer zeldzaam
192620777;192620777;Speerwaterjuffer;Coenagrion hastulatum;2020-05-27;5;2020-05-28;1;ter plaatse;gezien;imago;Man;223525.71186805336;188537.2295780778;5.4162745475769;51.0023803710938;FS6952;Zonhoven - Teut;Zonhoven;Zonhoven;Limburg;ObsMapp;J;Goedgekeurd op basis van expertoordeel;2007-01-01;4;;25;Libellen;Coenagrionidae;2026-07-08;591;S;zeer zeldzaam
215976632;215976632:2206968;Speerwaterjuffer;Coenagrion hastulatum;2021-06-01;6;2021-06-05;1;tandem;onbekend;imago;Vrouw;223516.77824594305;188546.4405248696;5.4161491394043;51.0024642944336;FS6952;Zonhoven - Teut;Zonhoven;Zonhoven;Limburg;ObsMapp;J;Goedgekeurd op basis van expertoordeel;2007-01-01;4;;4;Libellen;Coenagrionidae;2026-07-08;591;S;zeer zeldzaam
215976632;215976632:2206967;Speerwaterjuffer;Coenagrion hastulatum;2021-06-01;6;2021-06-05;1;tandem;onbekend;imago;Man;223516.77824594305;188546.4405248696;5.4161491394043;51.0024642944336;FS6952;Zonhoven - Teut;Zonhoven;Zonhoven;Limburg;ObsMapp;J;Goedgekeurd op basis van expertoordeel;2007-01-01;4;;4;Libellen;Coenagrionidae;2026-07-08;591;S;zeer zeldzaam
243930672;243930672;Speerwaterjuffer;Coenagrion hastulatum;2022-06-02;6;2022-06-02;1;ter plaatse;gezien;imago;Man;223586.6496968557;188611.93792232312;5.4171576499939;51.003044128418;FS6952;Zonhoven - Teut;Zonhoven;Zonhoven;Limburg;ObsMapp;J;Goedgekeurd op basis van expertoordeel;2007-01-01;3;;3;Libellen;Coenagrionidae;2026-07-08;591;S;zeer zeldzaam
243930663;243930663;Speerwaterjuffer;Coenagrion hastulatum;2022-06-02;6;2022-06-02;1;ter plaatse;gezien;imago;Man;223585.35845583785;188620.40791866183;5.41714096069336;51.0031204223633;FS6952;Zonhoven - Teut;Zonhoven;Zonhoven;Limburg;ObsMapp;J;Goedgekeurd op basis van expertoordeel;2007-01-01;3;;3;Libellen;Coenagrionidae;2026-07-08;591;S;zeer zeldzaam
243930662;243930662;Speerwaterjuffer;Coenagrion hastulatum;2022-06-02;6;2022-06-02;1;ter plaatse;gezien;imago;Man;223595.49533897027;188618.42909585405;5.41728496551514;51.003101348877;FS6952;Zonhoven - Teut;Zonhoven;Zonhoven;Limburg;ObsMapp;J;Goedgekeurd op basis van expertoordeel;2007-01-01;3;;3;Libellen;Coenagrionidae;2026-07-08;591;S;zeer zeldzaam
192620787;192620787:1805899;Speerwaterjuffer;Coenagrion hastulatum;2020-05-27;5;2020-05-28;1;in copula;gezien;imago;Vrouw;224331.360004781;190797.212342402;5.42821073532104;51.022590637207;FS7055;Houthalen-Helchteren - Huttebeek;Houthalen-Helchteren;Houthalen;Limburg;ObsMapp;J;Goedgekeurd op basis van expertoordeel;2007-01-01;4;;25;Libellen;Coenagrionidae;2026-07-08;591;S;zeer zeldzaam
275214192;275214192;Speerwaterjuffer;Coenagrion hastulatum;2023-06-06;6;2023-06-07;4;ter plaatse;onbekend;imago;Man;224298.4605341179;190840.03308836464;5.42775058746338;51.0229797363281;FS7055;Houthalen-Helchteren - Huttebeek;Houthalen-Helchteren;Houthalen;Limburg;Meetnetten.be;J;Goedgekeurd op basis van expertoordeel;2024-06-04;3;meetnetten.be: life stage: imago_ activity: present;10;Libellen;Coenagrionidae;2026-07-08;591;S;zeer zeldzaam
215976631;215976631:2206966;Speerwaterjuffer;Coenagrion hastulatum;2021-06-01;6;2021-06-05;1;tandem;onbekend;imago;Vrouw;223520.6639386744;188548.61743615568;5.41620492935181;51.0024833679199;FS6952;Zonhoven - Teut;Zonhoven;Zonhoven;Limburg;ObsMapp;J;Goedgekeurd op basis van expertoordeel;2007-01-01;4;;4;Libellen;Coenagrionidae;2026-07-08;591;S;zeer zeldzaam
192569711;192569711;Speerwaterjuffer;Coenagrion hastulatum;2020-05-27;5;2020-05-27;1;ter plaatse;onbekend;onbekend;Man;224355.9945528008;190883.2961247014;5.42857933044434;51.0233612060547;FS7055;Houthalen-Helchteren - Huttebeek;Houthalen-Helchteren;Houthalen;Limburg;Meetnetten.be;J;Goedgekeurd op basis van expertoordeel;2021-05-26;3;meetnetten.be: levensfase: imago_ activiteit: ter plaatse;10;Libellen;Coenagrionidae;2026-07-08;591;S;zeer zeldzaam
313818344;313818344;Speerwaterjuffer;Coenagrion hastulatum;2024-06-06;6;2024-06-09;1;ter plaatse;gezien;imago;Man;224234.2003639469;190986.81300864927;5.4268646240234375;51.02430725097656;FS7055;Houthalen-Helchteren - Huttebeek;Houthalen-Helchteren;Houthalen;Limburg;ObsMapp;J;Goedgekeurd op basis van expertoordeel;2025-06-06;3;;7;Libellen;Coenagrionidae;2026-07-08;591;S;zeer zeldzaam
215976631;215976631:2206965;Speerwaterjuffer;Coenagrion hastulatum;2021-06-01;6;2021-06-05;1;tandem;onbekend;imago;Man;223520.6639386744;188548.61743615568;5.41620492935181;51.0024833679199;FS6952;Zonhoven - Teut;Zonhoven;Zonhoven;Limburg;ObsMapp;J;Goedgekeurd op basis van expertoordeel;2007-01-01;4;;4;Libellen;Coenagrionidae;2026-07-08;591;S;zeer zeldzaam
215976630;215976630;Speerwaterjuffer;Coenagrion hastulatum;2021-06-01;6;2021-06-05;1;ter plaatse;onbekend;imago;Man;223520.79780676728;188548.6193259405;5.41620683670044;51.0024833679199;FS6952;Zonhoven - Teut;Zonhoven;Zonhoven;Limburg;ObsMapp;J;Goedgekeurd op basis van expertoordeel;2007-01-01;4;;4;Libellen;Coenagrionidae;2026-07-08;591;S;zeer zeldzaam
192569552;192569552;Speerwaterjuffer;Coenagrion hastulatum;2020-05-27;5;2020-05-27;1;ter plaatse;onbekend;onbekend;Man;224335.70329070627;190807.0359201571;5.42827463150024;51.0226783752441;FS7055;Houthalen-Helchteren - Huttebeek;Houthalen-Helchteren;Houthalen;Limburg;Meetnetten.be;J;Goedgekeurd op basis van expertoordeel;2021-05-26;3;meetnetten.be: levensfase: imago_ activiteit: ter plaatse;10;Libellen;Coenagrionidae;2026-07-08;591;S;zeer zeldzaam
215976629;215976629;Speerwaterjuffer;Coenagrion hastulatum;2021-06-01;6;2021-06-05;1;ter plaatse;onbekend;imago;Man;223520.93167486004;188548.62121572625;5.41620874404907;51.0024833679199;FS6952;Zonhoven - Teut;Zonhoven;Zonhoven;Limburg;ObsMapp;J;Goedgekeurd op basis van expertoordeel;2007-01-01;4;;4;Libellen;Coenagrionidae;2026-07-08;591;S;zeer zeldzaam
275214076;275214076;Speerwaterjuffer;Coenagrion hastulatum;2023-06-06;6;2023-06-07;1;ter plaatse;onbekend;imago;Man;223336.964267968;188431.8607116267;5.41356468200684;51.0014572143555;FS6952;Zonhoven - Teut;Zonhoven;Zonhoven;Limburg;Meetnetten.be;J;Goedgekeurd op basis van expertoordeel;2024-06-04;3;meetnetten.be: life stage: imago_ activity: present;10;Libellen;Coenagrionidae;2026-07-08;591;S;zeer zeldzaam
215976621;215976621:2206960;Speerwaterjuffer;Coenagrion hastulatum;2021-06-01;6;2021-06-05;1;tandem;onbekend;imago;Vrouw;223557.83636660015;188575.88027505204;5.41673994064331;51.0027236938477;FS6952;Zonhoven - Teut;Zonhoven;Zonhoven;Limburg;ObsMapp;J;Goedgekeurd op basis van expertoordeel;2007-01-01;4;;4;Libellen;Coenagrionidae;2026-07-08;591;S;zeer zeldzaam
215976621;215976621:2206959;Speerwaterjuffer;Coenagrion hastulatum;2021-06-01;6;2021-06-05;1;tandem;onbekend;imago;Man;223557.83636660015;188575.88027505204;5.41673994064331;51.0027236938477;FS6952;Zonhoven - Teut;Zonhoven;Zonhoven;Limburg;ObsMapp;J;Goedgekeurd op basis van expertoordeel;2007-01-01;4;;4;Libellen;Coenagrionidae;2026-07-08;591;S;zeer zeldzaam
191886536;191886536;Speerwaterjuffer;Coenagrion hastulatum;2020-05-20;5;2020-05-20;1;ter plaatse;gezien;imago;Man;224330.9272431219;190780.65395292733;5.42820119857788;51.0224418640137;FS7055;Houthalen-Helchteren - Huttebeek;Houthalen-Helchteren;Houthalen;Limburg;ObsMapp;J;Goedgekeurd op basis van expertoordeel;2007-01-01;3;;25;Libellen;Coenagrionidae;2026-07-08;591;S;zeer zeldzaam
191886540;191886540;Speerwaterjuffer;Coenagrion hastulatum;2020-05-20;5;2020-05-20;1;ter plaatse;gezien;imago;Man;224353.7339600796;190802.62484467588;5.4285306930542;51.0226364135742;FS7055;Houthalen-Helchteren - Huttebeek;Houthalen-Helchteren;Houthalen;Limburg;ObsMapp;J;Goedgekeurd op basis van expertoordeel;2007-01-01;3;;25;Libellen;Coenagrionidae;2026-07-08;591;S;zeer zeldzaam
192569701;192569701;Speerwaterjuffer;Coenagrion hastulatum;2020-05-27;5;2020-05-27;1;ter plaatse;onbekend;onbekend;Man;224356.93995063147;190875.6701440066;5.42859125137329;51.0232925415039;FS7055;Houthalen-Helchteren - Huttebeek;Houthalen-Helchteren;Houthalen;Limburg;Meetnetten.be;J;Goedgekeurd op basis van expertoordeel;2021-05-26;3;meetnetten.be: levensfase: imago_ activiteit: ter plaatse;10;Libellen;Coenagrionidae;2026-07-08;591;S;zeer zeldzaam
405209778;405209778;Speerwaterjuffer;Coenagrion hastulatum;2026-06-15;6;2026-06-15;1;ter plaatse;onbekend;imago;Man;223438.8809572645;188482.80457257945;5.4150267;51.0019022;FS6952;Zonhoven - Teut;Zonhoven;Zonhoven;Limburg;ObsIdentify;J;Goedgekeurd op basis van bewijsmateriaal;1980-01-01;4;;999;Libellen;Coenagrionidae;2026-07-08;591;S;zeer zeldzaam
246053598;246053598;Speerwaterjuffer;Coenagrion hastulatum;2022-06-18;6;2022-06-19;1;ter plaatse;onbekend;imago;Man;223795.93271900105;190558.4413998937;5.420532;51.020513;FS6954;Houthalen - Tenhaagdoornheide;Houthalen-Helchteren;Houthalen;Limburg;Site;J;Goedgekeurd op basis van bewijsmateriaal;1980-01-01;4;;25;Libellen;Coenagrionidae;2026-07-08;591;S;zeer zeldzaam
350994779;350994779;Speerwaterjuffer;Coenagrion hastulatum;2025-05-17;5;2025-05-17;1;ter plaatse;onbekend;imago;Man;224360.38567929395;190804.1622996386;5.428625801194679;51.02264937844199;FS7055;Houthalen-Helchteren - Huttebeek;Houthalen-Helchteren;Houthalen;Limburg;iObs;J;Goedgekeurd op basis van bewijsmateriaal;1980-01-01;4;;6;Libellen;Coenagrionidae;2026-07-08;591;S;zeer zeldzaam
214271646;214271646:2181627;Speerwaterjuffer;Coenagrion hastulatum;2021-05-20;5;2021-05-20;3;ter plaatse;gezien;imago, niet uitgekleurd;Vrouw;224299.82298170545;190830.1799054155;5.427768;51.022891;FS7055;Houthalen-Helchteren - Huttebeek;Houthalen-Helchteren;Houthalen;Limburg;Site;J;Goedgekeurd op basis van bewijsmateriaal;1980-01-01;3;;10;Libellen;Coenagrionidae;2026-07-08;591;S;zeer zeldzaam
241359256;241359256;Speerwaterjuffer;Coenagrion hastulatum;2022-05-13;5;2022-05-13;1;ter plaatse;gezien;imago;Man;223021.45813069644;188114.6608787468;5.409007;50.998646;FS6952;Zonhoven - Teut;Zonhoven;Zonhoven;Limburg;Site;J;Goedgekeurd op basis van bewijsmateriaal;1980-01-01;3;;25;Libellen;Coenagrionidae;2026-07-08;591;S;zeer zeldzaam
350269898;350269898;Speerwaterjuffer;Coenagrion hastulatum;2025-05-13;5;2025-05-13;1;ter plaatse;gezien;imago;Man;223423.0856948351;188479.33316573597;5.414801000000011;51.001873;FS6952;Zonhoven - Teut;Zonhoven;Zonhoven;Limburg;Site;J;Goedgekeurd op basis van bewijsmateriaal;2026-05-31;3;;60;Libellen;Coenagrionidae;2026-07-08;591;S;zeer zeldzaam
296502565;296502565;Speerwaterjuffer;Coenagrion hastulatum;2022-05-15;5;2024-01-14;1;ter plaatse;onbekend;imago;Man;224304.46350865345;190840.23892505743;5.427836179733276;51.02298081631423;FS7055;Houthalen-Helchteren - Huttebeek;Houthalen-Helchteren;Houthalen;Limburg;Site;J;Goedgekeurd op basis van bewijsmateriaal;1980-01-01;3;serieus? ging die dag noordse witsnuit zoeken__wat een verrassing :);7;Libellen;Coenagrionidae;2026-07-08;591;S;zeer zeldzaam
296502349;296502349;Speerwaterjuffer;Coenagrion hastulatum;2022-05-15;5;2024-01-14;1;ter plaatse;onbekend;imago;Man;224338.82707039645;190806.191310958;5.428318977355957;51.02267038287109;FS7055;Houthalen-Helchteren - Huttebeek;Houthalen-Helchteren;Houthalen;Limburg;Site;J;Goedgekeurd op basis van bewijsmateriaal;1980-01-01;3;;7;Libellen;Coenagrionidae;2026-07-08;591;S;zeer zeldzaam
215472597;215472597;Speerwaterjuffer;Coenagrion hastulatum;2021-05-29;5;2021-05-31;1;ter plaatse;onbekend;imago, niet uitgekleurd;Man;224307.6368535616;190823.50469551608;5.427878;51.02283;FS7055;Houthalen-Helchteren - Huttebeek;Houthalen-Helchteren;Houthalen;Limburg;Site;J;Goedgekeurd op basis van bewijsmateriaal;1980-01-01;3;;25;Libellen;Coenagrionidae;2026-07-08;591;S;zeer zeldzaam
242387148;242387148;Speerwaterjuffer;Coenagrion hastulatum;2022-05-21;5;2022-05-21;1;ter plaatse;onbekend;imago;Man;224224.60793502035;190982.3092390709;5.426727;51.024268;FS7055;Houthalen-Helchteren - Huttebeek;Houthalen-Helchteren;Houthalen;Limburg;Site;J;Goedgekeurd op basis van bewijsmateriaal;1980-01-01;3;;25;Libellen;Coenagrionidae;2026-07-08;591;S;zeer zeldzaam
350269584;350269584:3913799;Speerwaterjuffer;Coenagrion hastulatum;2025-05-13;5;2025-05-13;1;tandem;gezien;imago;Vrouw;223423.0856948351;188479.33316573597;5.414801000000011;51.001873;FS6952;Zonhoven - Teut;Zonhoven;Zonhoven;Limburg;Site;J;Goedgekeurd op basis van bewijsmateriaal;2026-05-31;3;;60;Libellen;Coenagrionidae;2026-07-08;591;S;zeer zeldzaam
216773626;216773626;Speerwaterjuffer;Coenagrion hastulatum;2021-06-12;6;2021-06-12;6;ter plaatse;gezien;imago;Man;224226.4826589528;190978.7757125683;5.426753;51.024236;FS7055;Houthalen-Helchteren - Huttebeek;Houthalen-Helchteren;Houthalen;Limburg;Site;J;Goedgekeurd op basis van bewijsmateriaal;1980-01-01;3;;7;Libellen;Coenagrionidae;2026-07-08;591;S;zeer zeldzaam
350265936;350265936;Speerwaterjuffer;Coenagrion hastulatum;2025-05-13;5;2025-05-13;1;ter plaatse;gezien;imago;Man;223682.073610062;190189.34456137568;5.418834999999945;51.01721;FS6954;Houthalen - Tenhaagdoornheide;Houthalen-Helchteren;Houthalen;Limburg;Site;J;Goedgekeurd op basis van bewijsmateriaal;2026-05-31;3;;120;Libellen;Coenagrionidae;2026-07-08;591;S;zeer zeldzaam
350266123;350266123;Speerwaterjuffer;Coenagrion hastulatum;2025-05-13;5;2025-05-13;1;ter plaatse;gezien;imago;Man;223682.073610062;190189.34456137568;5.418834999999945;51.01721;FS6954;Houthalen - Tenhaagdoornheide;Houthalen-Helchteren;Houthalen;Limburg;Site;J;Goedgekeurd op basis van bewijsmateriaal;2026-05-31;3;;120;Libellen;Coenagrionidae;2026-07-08;591;S;zeer zeldzaam
350268225;350268225;Speerwaterjuffer;Coenagrion hastulatum;2025-05-13;5;2025-05-13;1;ter plaatse;gezien;imago;Man;223423.0601412472;188479.3726555854;5.414800643920898;51.001873358180696;FS6952;Zonhoven - Teut;Zonhoven;Zonhoven;Limburg;Site;J;Goedgekeurd op basis van bewijsmateriaal;2026-05-31;3;;60;Libellen;Coenagrionidae;2026-07-08;591;S;zeer zeldzaam
350268391;350268391:3913765;Speerwaterjuffer;Coenagrion hastulatum;2025-05-13;5;2025-05-13;1;tandem;gezien;imago;Man;223423.0856948351;188479.33316573597;5.414801000000011;51.001873;FS6952;Zonhoven - Teut;Zonhoven;Zonhoven;Limburg;Site;J;Goedgekeurd op basis van bewijsmateriaal;2026-05-31;3;;60;Libellen;Coenagrionidae;2026-07-08;591;S;zeer zeldzaam
308582690;308582690;Speerwaterjuffer;Coenagrion hastulatum;2024-05-09;5;2024-05-09;1;ter plaatse;gezien;imago;Vrouw;222871.0241116379;188315.3754081028;5.406904220581055;51.00046900356811;FS6852;Zonhoven - Teut;Zonhoven;Zonhoven;Limburg;Site;J;Goedgekeurd op basis van bewijsmateriaal;1980-01-01;3;;30;Libellen;Coenagrionidae;2026-07-08;591;S;zeer zeldzaam
350268391;350268391:3913766;Speerwaterjuffer;Coenagrion hastulatum;2025-05-13;5;2025-05-13;1;tandem;gezien;imago;Vrouw;223423.0856948351;188479.33316573597;5.414801000000011;51.001873;FS6952;Zonhoven - Teut;Zonhoven;Zonhoven;Limburg;Site;J;Goedgekeurd op basis van bewijsmateriaal;2026-05-31;3;;60;Libellen;Coenagrionidae;2026-07-08;591;S;zeer zeldzaam
350268529;350268529:3913769;Speerwaterjuffer;Coenagrion hastulatum;2025-05-13;5;2025-05-13;1;tandem;gezien;imago;Man;223423.0856948351;188479.33316573597;5.414801000000011;51.001873;FS6952;Zonhoven - Teut;Zonhoven;Zonhoven;Limburg;Site;J;Goedgekeurd op basis van bewijsmateriaal;2026-05-31;3;;60;Libellen;Coenagrionidae;2026-07-08;591;S;zeer zeldzaam
351559693;351559693;Speerwaterjuffer;Coenagrion hastulatum;2025-05-20;5;2025-05-20;1;ter plaatse;onbekend;imago;Man;223820.14687222376;190751.50778315216;5.4209160804748535;51.022245220652;FS6955;Houthalen - Tenhaagdoornheide;Houthalen-Helchteren;Houthalen;Limburg;Site;J;Goedgekeurd op basis van bewijsmateriaal;1980-01-01;3;Vlak naast het pad;4;Libellen;Coenagrionidae;2026-07-08;591;S;zeer zeldzaam
350268529;350268529:3913770;Speerwaterjuffer;Coenagrion hastulatum;2025-05-13;5;2025-05-13;1;tandem;gezien;imago;Vrouw;223423.0856948351;188479.33316573597;5.414801000000011;51.001873;FS6952;Zonhoven - Teut;Zonhoven;Zonhoven;Limburg;Site;J;Goedgekeurd op basis van bewijsmateriaal;2026-05-31;3;;60;Libellen;Coenagrionidae;2026-07-08;591;S;zeer zeldzaam
309382182;309382182;Speerwaterjuffer;Coenagrion hastulatum;2024-05-13;5;2024-05-13;1;ter plaatse;gezien;imago;Man;223397.5793388066;188438.30032268632;5.414429425800336;51.0015074199957;FS6952;Zonhoven - Teut;Zonhoven;Zonhoven;Limburg;Site;J;Goedgekeurd op basis van bewijsmateriaal;1980-01-01;3;;7;Libellen;Coenagrionidae;2026-07-08;591;S;zeer zeldzaam
350268731;350268731:3913784;Speerwaterjuffer;Coenagrion hastulatum;2025-05-13;5;2025-05-13;1;tandem;gezien;imago;Man;223423.0856948351;188479.33316573597;5.414801000000011;51.001873;FS6952;Zonhoven - Teut;Zonhoven;Zonhoven;Limburg;Site;J;Goedgekeurd op basis van bewijsmateriaal;2026-05-31;3;;60;Libellen;Coenagrionidae;2026-07-08;591;S;zeer zeldzaam
214271646;214271646:2181626;Speerwaterjuffer;Coenagrion hastulatum;2021-05-20;5;2021-05-20;2;ter plaatse;gezien;imago, niet uitgekleurd;Man;224299.82298170545;190830.1799054155;5.427768;51.022891;FS7055;Houthalen-Helchteren - Huttebeek;Houthalen-Helchteren;Houthalen;Limburg;Site;J;Goedgekeurd op basis van bewijsmateriaal;1980-01-01;3;;10;Libellen;Coenagrionidae;2026-07-08;591;S;zeer zeldzaam
350268731;350268731:3913785;Speerwaterjuffer;Coenagrion hastulatum;2025-05-13;5;2025-05-13;1;tandem;gezien;imago;Vrouw;223423.0856948351;188479.33316573597;5.414801000000011;51.001873;FS6952;Zonhoven - Teut;Zonhoven;Zonhoven;Limburg;Site;J;Goedgekeurd op basis van bewijsmateriaal;2026-05-31;3;;60;Libellen;Coenagrionidae;2026-07-08;591;S;zeer zeldzaam
350994774;350994774;Speerwaterjuffer;Coenagrion hastulatum;2025-05-17;5;2025-05-17;1;ter plaatse;onbekend;imago;Man;224313.71858022883;190833.1520477077;5.427966635098564;51.022915931223416;FS7055;Houthalen-Helchteren - Huttebeek;Houthalen-Helchteren;Houthalen;Limburg;iObs;J;Goedgekeurd op basis van bewijsmateriaal;1980-01-01;4;;7;Libellen;Coenagrionidae;2026-07-08;591;S;zeer zeldzaam
350269584;350269584:3913798;Speerwaterjuffer;Coenagrion hastulatum;2025-05-13;5;2025-05-13;1;tandem;gezien;imago;Man;223423.0856948351;188479.33316573597;5.414801000000011;51.001873;FS6952;Zonhoven - Teut;Zonhoven;Zonhoven;Limburg;Site;J;Goedgekeurd op basis van bewijsmateriaal;2026-05-31;3;;60;Libellen;Coenagrionidae;2026-07-08;591;S;zeer zeldzaam
351615869;351615869;Speerwaterjuffer;Coenagrion hastulatum;2025-05-20;5;2025-05-20;1;ter plaatse;onbekend;imago;Vrouw;223404.39494721856;188521.17450222743;5.414543151855469;51.002251446390346;FS6952;Zonhoven - Teut;Zonhoven;Zonhoven;Limburg;Site;J;Goedgekeurd op basis van bewijsmateriaal;1980-01-01;3;Kan ook azuur of watersnuffel zijn. Kleine kans speerwaterjuffer 19% maar wel in zijn biotoop.;30;Libellen;Coenagrionidae;2026-07-08;591;S;zeer zeldzaam
215224091;215224091;Speerwaterjuffer;Coenagrion hastulatum;2021-05-29;5;2021-05-29;3;ter plaatse;onbekend;imago;Man;224308.57397855903;190816.84259093087;5.42789;51.02277;FS7055;Houthalen-Helchteren - Huttebeek;Houthalen-Helchteren;Houthalen;Limburg;Site;J;Goedgekeurd op basis van bewijsmateriaal;1980-01-01;4;;25;Libellen;Coenagrionidae;2026-07-08;591;S;zeer zeldzaam
215951097;215951097;Speerwaterjuffer;Coenagrion hastulatum;2021-05-30;5;2021-06-05;1;ter plaatse;onbekend;onbekend;Man;223512.66390047583;188479.15045347065;5.416077;51.00186;FS6952;Zonhoven - Teut;Zonhoven;Zonhoven;Limburg;Site;J;Goedgekeurd op basis van expertoordeel;1980-01-01;3;;15;Libellen;Coenagrionidae;2026-07-08;591;S;zeer zeldzaam
