wn_id;unieke_id;naam_nl;naam_lat;datum;maand;invoerdatum;aantal;gedrag;methode;kleed;geslacht;x;y;lon;lat;utm1;gebied;gemeente;deelgemeente;provincie;typewaarneming;zeker;status;embargo_datum;toestemming_wnr;bijzonderheden;precisie;soortgroep;familie;aanleverdatum;id_species;id_species_type;zeldzaamheid
353535220;353535220;Sierlijke witsnuitlibel;Leucorrhinia caudalis;2025-05-31;5;2025-05-31;4;ter plaatse;onbekend;imago;Man;207792.2022264487;214910.97107965592;5.19633150100708;51.24121475219727;FS5378;Mol - Den Diel;Mol;Mol;Antwerpen;ObsMapp;J;Goedgekeurd op basis van expertoordeel;1980-01-01;3;;2;Libellen;Libellulidae;2026-07-08;643;S;zeldzaam
353535215;353535215;Sierlijke witsnuitlibel;Leucorrhinia caudalis;2025-05-31;5;2025-05-31;4;ter plaatse;onbekend;imago;Man;207790.6424488225;214919.44233317956;5.196310520172119;51.24129104614258;FS5378;Mol - Den Diel;Mol;Mol;Antwerpen;ObsMapp;J;Goedgekeurd op basis van expertoordeel;1980-01-01;3;;7;Libellen;Libellulidae;2026-07-08;643;S;zeldzaam
353535212;353535212;Sierlijke witsnuitlibel;Leucorrhinia caudalis;2025-05-31;5;2025-05-31;2;ter plaatse;onbekend;imago;Man;207800.4897089539;214932.28516698163;5.19645357131958;51.24140548706055;FS5378;Mol - Den Diel;Mol;Mol;Antwerpen;ObsMapp;J;Goedgekeurd op basis van expertoordeel;1980-01-01;3;;2;Libellen;Libellulidae;2026-07-08;643;S;zeldzaam
400861195;400861195;Sierlijke witsnuitlibel;Leucorrhinia caudalis;2026-05-23;5;2026-05-25;1;ter plaatse;onbekend;imago;Man;207714.189934124;214862.8758433908;5.1952068;51.2407903;FS5378;Mol - Den Diel;Mol;Mol;Antwerpen;Observation;J;Goedgekeurd op basis van bewijsmateriaal;1980-01-01;3;;3;Libellen;Libellulidae;2026-07-08;643;S;zeldzaam
347384979;347384979;Sierlijke witsnuitlibel;Leucorrhinia caudalis;2025-04-29;4;2025-04-29;1;ter plaatse;gezien;imago, niet uitgekleurd;Man;207998.59362953203;214868.9113374269;5.199280000000044;51.240816;FS5378;Mol - Den Diel;Mol;Mol;Antwerpen;Site;J;Goedgekeurd op basis van bewijsmateriaal;1980-01-01;3;;15;Libellen;Libellulidae;2026-07-08;643;S;zeldzaam
243906717;243906717;Sierlijke witsnuitlibel;Leucorrhinia caudalis;2022-06-02;6;2022-06-02;2;ter plaatse;onbekend;imago;Man;207874.6572061439;214919.9557515951;5.19751358032227;51.2412872314453;FS5378;Mol - Den Diel;Mol;Mol;Antwerpen;ObsMapp;J;Goedgekeurd op basis van expertoordeel;2007-01-01;3;;5;Libellen;Libellulidae;2026-07-08;643;S;zeldzaam
351984236;351984236;Sierlijke witsnuitlibel;Leucorrhinia caudalis;2025-05-22;5;2025-05-22;4;ter plaatse;gezien;imago;Man;207814.99383474124;214945.6044199085;5.1966633796691895;51.24152374267578;FS5378;Mol - Den Diel;Mol;Mol;Antwerpen;ObsMapp;J;Goedgekeurd op basis van expertoordeel;1980-01-01;3;;2;Libellen;Libellulidae;2026-07-08;643;S;zeldzaam
217238086;217238086;Sierlijke witsnuitlibel;Leucorrhinia caudalis;2021-06-13;6;2021-06-16;1;ter plaatse;onbekend;imago;Man;207899.5595101365;214932.54254578333;5.19787216186523;51.241397857666;FS5378;Mol - Den Diel;Mol;Mol;Antwerpen;ObsMapp;J;Goedgekeurd op basis van expertoordeel;2007-01-01;3;;17;Libellen;Libellulidae;2026-07-08;643;S;zeldzaam
277766681;277766681;Sierlijke witsnuitlibel;Leucorrhinia caudalis;2023-06-24;6;2023-06-24;1;ter plaatse;gezien;imago;Man;207810.3926530397;214886.1675437307;5.19658800000002;51.24099;FS5378;Mol - Den Diel;Mol;Mol;Antwerpen;ObsMapp;J;Goedgekeurd op basis van bewijsmateriaal;1980-01-01;3;;5;Libellen;Libellulidae;2026-07-08;643;S;zeldzaam
311512951;311512951:3461471;Sierlijke witsnuitlibel;Leucorrhinia caudalis;2024-05-25;5;2024-05-25;6;ter plaatse;onbekend;imago;Man;207817.3393710592;214933.3090902576;5.196694999999977;51.241413;FS5378;Mol - Den Diel;Mol;Mol;Antwerpen;ObsMapp;J;Goedgekeurd op basis van bewijsmateriaal;1980-01-01;3;;5;Libellen;Libellulidae;2026-07-08;643;S;zeldzaam
352113441;352113441;Sierlijke witsnuitlibel;Leucorrhinia caudalis;2025-05-23;5;2025-05-23;1;ter plaatse;onbekend;imago;Man;207806.9828896154;214935.32864266727;5.196547031402588;51.241432189941406;FS5378;Mol - Den Diel;Mol;Mol;Antwerpen;ObsMapp;J;Goedgekeurd op basis van expertoordeel;1980-01-01;3;;2;Libellen;Libellulidae;2026-07-08;643;S;zeldzaam
313873436;313873436;Sierlijke witsnuitlibel;Leucorrhinia caudalis;2024-06-09;6;2024-06-09;1;ter plaatse;onbekend;imago;Man;207809.3486315453;214926.35027962364;5.196579471230507;51.24135125735269;FS5378;Mol - Den Diel;Mol;Mol;Antwerpen;ObsMapp;J;Goedgekeurd op basis van expertoordeel;1980-01-01;3;;5;Libellen;Libellulidae;2026-07-08;643;S;zeldzaam
351984230;351984230;Sierlijke witsnuitlibel;Leucorrhinia caudalis;2025-05-22;5;2025-05-22;1;ter plaatse;gezien;imago;Man;207825.29288844133;214858.2862373684;5.196796894073486;51.24073791503906;FS5378;Mol - Den Diel;Mol;Mol;Antwerpen;ObsMapp;J;Goedgekeurd op basis van bewijsmateriaal;1980-01-01;3;;4;Libellen;Libellulidae;2026-07-08;643;S;zeldzaam
353535204;353535204;Sierlijke witsnuitlibel;Leucorrhinia caudalis;2025-05-31;5;2025-05-31;1;ter plaatse;onbekend;imago;Man;207815.32251164693;214954.94560754392;5.196669578552246;51.241607666015625;FS5378;Mol - Den Diel;Mol;Mol;Antwerpen;ObsMapp;J;Goedgekeurd op basis van expertoordeel;1980-01-01;3;;3;Libellen;Libellulidae;2026-07-08;643;S;zeldzaam
278159913;278159913;Sierlijke witsnuitlibel;Leucorrhinia caudalis;2023-06-25;6;2023-06-27;5;ter plaatse;onbekend;imago;onbekend;207816.30601164224;214902.99834245443;5.196675360202789;51.241140678041816;FS5378;Mol - Den Diel;Mol;Mol;Antwerpen;Site;J;Goedgekeurd op basis van expertoordeel;1980-01-01;4;;5;Libellen;Libellulidae;2026-07-08;643;S;zeldzaam
278206032;278206032;Sierlijke witsnuitlibel;Leucorrhinia caudalis;2023-06-24;6;2023-06-27;1;ter plaatse;gezien;imago;Man;207901.17962132217;214911.54787639808;5.197892000000024;51.241209;FS5378;Mol - Den Diel;Mol;Mol;Antwerpen;Site;J;Goedgekeurd op basis van bewijsmateriaal;1980-01-01;3;;25;Libellen;Libellulidae;2026-07-08;643;S;zeldzaam
351606858;351606858;Sierlijke witsnuitlibel;Leucorrhinia caudalis;2025-05-20;5;2025-05-20;2;ter plaatse;gezien;imago;Man;207793.48237792915;214921.59617613532;5.196351528167725;51.241310119628906;FS5378;Mol - Den Diel;Mol;Mol;Antwerpen;ObsMapp;J;Goedgekeurd op basis van bewijsmateriaal;1980-01-01;3;;3;Libellen;Libellulidae;2026-07-08;643;S;zeldzaam
216958618;216958618;Sierlijke witsnuitlibel;Leucorrhinia caudalis;2021-06-13;6;2021-06-13;1;ter plaatse;onbekend;onbekend;Man;207902.3516680692;214930.0271547316;5.19791173934937;51.2413749694824;FS5378;Mol - Den Diel;Mol;Mol;Antwerpen;ObsMapp;J;Goedgekeurd op basis van expertoordeel;2007-01-01;3;;7;Libellen;Libellulidae;2026-07-08;643;S;zeldzaam
243185452;243185452;Sierlijke witsnuitlibel;Leucorrhinia caudalis;2022-05-27;5;2022-05-27;1;ter plaatse;onbekend;imago;Man;207829.97590025043;214930.69072532092;5.19687552005053;51.2413881991509;FS5378;Mol - Den Diel;Mol;Mol;Antwerpen;ObsMapp;J;Goedgekeurd op basis van expertoordeel;2007-01-01;3;;5;Libellen;Libellulidae;2026-07-08;643;S;zeldzaam
400167595;400167595;Sierlijke witsnuitlibel;Leucorrhinia caudalis;2026-05-23;5;2026-05-23;1;ter plaatse;gezien;imago;Man;207571.55152425432;214846.9693487305;5.1931619;51.2406616;FS5378;Mol - Den Diel;Mol;Mol;Antwerpen;Observation;J;Goedgekeurd op basis van bewijsmateriaal;1980-01-01;3;;4;Libellen;Libellulidae;2026-07-08;643;S;zeldzaam
347384470;347384470;Sierlijke witsnuitlibel;Leucorrhinia caudalis;2025-04-29;4;2025-04-29;2;ter plaatse;gezien;imago;Vrouw;207998.59362953203;214868.9113374269;5.199280000000044;51.240816;FS5378;Mol - Den Diel;Mol;Mol;Antwerpen;Site;J;Goedgekeurd op basis van bewijsmateriaal;1980-01-01;3;;15;Libellen;Libellulidae;2026-07-08;643;S;zeldzaam
312736079;312736079;Sierlijke witsnuitlibel;Leucorrhinia caudalis;2024-06-02;6;2024-06-02;1;ter plaatse;gezien;imago;onbekend;207801.7886226776;214938.241716329;5.196473121643066;51.241458892822266;FS5378;Mol - Den Diel;Mol;Mol;Antwerpen;ObsMapp;J;Goedgekeurd op basis van expertoordeel;1980-01-01;4;foto toevoegen;3;Libellen;Libellulidae;2026-07-08;643;S;zeldzaam
351984225;351984225;Sierlijke witsnuitlibel;Leucorrhinia caudalis;2025-05-22;5;2025-05-22;1;ter plaatse;gezien;imago;Man;207874.15525404137;214854.58751289823;5.197495937347412;51.240699768066406;FS5378;Mol - Den Diel - Ten zuiden van Sprietputten;Mol;Mol;Antwerpen;ObsMapp;J;Goedgekeurd op basis van expertoordeel;1980-01-01;3;;4;Libellen;Libellulidae;2026-07-08;643;S;zeldzaam
216923727;216923727;Sierlijke witsnuitlibel;Leucorrhinia caudalis;2021-06-13;6;2021-06-13;1;ter plaatse;gezien;imago;onbekend;207898.37455030123;214877.58146882523;5.1978464;51.240904;FS5378;Mol - Den Diel;Mol;Mol;Antwerpen;ObsMapp;J;Goedgekeurd op basis van expertoordeel;2007-01-01;3;;30;Libellen;Libellulidae;2026-07-08;643;S;zeldzaam
400167609;400167609;Sierlijke witsnuitlibel;Leucorrhinia caudalis;2026-05-23;5;2026-05-23;1;ter plaatse;gezien;imago;Man;207786.67117911455;214909.06774484925;5.196252;51.2411982;FS5378;Mol - Den Diel;Mol;Mol;Antwerpen;Observation;J;Goedgekeurd op basis van bewijsmateriaal;1980-01-01;3;;4;Libellen;Libellulidae;2026-07-08;643;S;zeldzaam
245037303;245037303;Sierlijke witsnuitlibel;Leucorrhinia caudalis;2022-06-11;6;2022-06-11;1;ter plaatse;onbekend;imago;Man;207786.3183415153;215005.1914661648;5.19626230001449;51.2420621718624;FS5379;Mol - Den Diel;Mol;Mol;Antwerpen;ObsMapp;J;Goedgekeurd op basis van expertoordeel;2007-01-01;3;;5;Libellen;Libellulidae;2026-07-08;643;S;zeldzaam
353535245;353535245;Sierlijke witsnuitlibel;Leucorrhinia caudalis;2025-05-31;5;2025-05-31;3;ter plaatse;onbekend;imago;Man;207813.29124920728;214886.14422658455;5.1966295;51.24098949972223;FS5378;Mol - Den Diel;Mol;Mol;Antwerpen;ObsMapp;J;Goedgekeurd op basis van bewijsmateriaal;1980-01-01;3;;999;Libellen;Libellulidae;2026-07-08;643;S;zeldzaam
311512951;311512951:3461472;Sierlijke witsnuitlibel;Leucorrhinia caudalis;2024-05-25;5;2024-05-25;2;in copula;onbekend;imago;Vrouw;207817.3393710592;214933.3090902576;5.196694999999977;51.241413;FS5378;Mol - Den Diel;Mol;Mol;Antwerpen;ObsMapp;J;Goedgekeurd op basis van bewijsmateriaal;1980-01-01;3;;5;Libellen;Libellulidae;2026-07-08;643;S;zeldzaam
353535222;353535222;Sierlijke witsnuitlibel;Leucorrhinia caudalis;2025-05-31;5;2025-05-31;1;ter plaatse;onbekend;imago;onbekend;207828.84588906547;214850.26167595663;5.19684648513794;51.240665435791016;FS5378;Mol - Den Diel - Ten zuiden van Sprietputten;Mol;Mol;Antwerpen;ObsMapp;J;Goedgekeurd op basis van expertoordeel;1980-01-01;3;;7;Libellen;Libellulidae;2026-07-08;643;S;zeldzaam
352113448;352113448;Sierlijke witsnuitlibel;Leucorrhinia caudalis;2025-05-23;5;2025-05-23;1;ter plaatse;onbekend;imago;Man;207798.90337285987;214920.24267111253;5.196428933333333;51.24129741111111;FS5378;Mol - Den Diel;Mol;Mol;Antwerpen;ObsMapp;J;Goedgekeurd op basis van bewijsmateriaal;1980-01-01;3;;999;Libellen;Libellulidae;2026-07-08;643;S;zeldzaam
401791266;401791266;Sierlijke witsnuitlibel;Leucorrhinia caudalis;2026-05-29;5;2026-05-29;1;ter plaatse;gezien;imago;Man;207793.50604852717;214919.4742769394;5.196351528167725;51.24129104614258;FS5378;Mol - Den Diel;Mol;Mol;Antwerpen;ObsMapp;J;Goedgekeurd op basis van bewijsmateriaal;1980-01-01;3;;2;Libellen;Libellulidae;2026-07-08;643;S;zeldzaam
313587992;313587992;Sierlijke witsnuitlibel;Leucorrhinia caudalis;2024-06-07;6;2024-06-08;1;ter plaatse;onbekend;imago;Man;207804.55238355545;214941.7411758406;5.196513254200291;51.24149006796185;FS5378;Mol - Den Diel;Mol;Mol;Antwerpen;iObs;J;Goedgekeurd op basis van bewijsmateriaal;1980-01-01;3;;6;Libellen;Libellulidae;2026-07-08;643;S;zeldzaam
194551640;194551640;Sierlijke witsnuitlibel;Leucorrhinia caudalis;2020-06-20;6;2020-06-21;1;ter plaatse;onbekend;imago;Man;207806.9986273609;214939.9807091868;5.196548;51.241474;FS5378;Mol - Den Diel;Mol;Mol;Antwerpen;ObsMapp;J;Goedgekeurd op basis van bewijsmateriaal;2007-01-01;4;;25;Libellen;Libellulidae;2026-07-08;643;S;zeldzaam
351606848;351606848;Sierlijke witsnuitlibel;Leucorrhinia caudalis;2025-05-20;5;2025-05-20;2;in copula;gezien;imago;onbekend;207793.0971673407;214923.2896095868;5.196346282958984;51.24132537841797;FS5378;Mol - Den Diel;Mol;Mol;Antwerpen;ObsMapp;J;Goedgekeurd op basis van bewijsmateriaal;1980-01-01;3;;5;Libellen;Libellulidae;2026-07-08;643;S;zeldzaam
313696603;313696603;Sierlijke witsnuitlibel;Leucorrhinia caudalis;2024-06-08;6;2024-06-08;1;ter plaatse;gezien;imago;Man;207830.3537567512;214956.1518954169;5.196885000000066;51.241617;FS5378;Mol - Den Diel;Mol;Mol;Antwerpen;iObs;J;Goedgekeurd op basis van bewijsmateriaal;1980-01-01;3;;9;Libellen;Libellulidae;2026-07-08;643;S;zeldzaam
397384256;397384256;Sierlijke witsnuitlibel;Leucorrhinia caudalis;2026-05-09;5;2026-05-09;1;ter plaatse;gezien;imago;Man;207798.2392083828;214922.0736752376;5.196419715881348;51.24131393432617;FS5378;Mol - Den Diel;Mol;Mol;Antwerpen;ObsMapp;J;Goedgekeurd op basis van bewijsmateriaal;1980-01-01;3;;4;Libellen;Libellulidae;2026-07-08;643;S;zeldzaam
351606860;351606860;Sierlijke witsnuitlibel;Leucorrhinia caudalis;2025-05-20;5;2025-05-20;2;ter plaatse;gezien;imago;Man;207793.53886958025;214910.5615575993;5.196350574493408;51.2412109375;FS5378;Mol - Den Diel;Mol;Mol;Antwerpen;ObsMapp;J;Goedgekeurd op basis van bewijsmateriaal;1980-01-01;3;;3;Libellen;Libellulidae;2026-07-08;643;S;zeldzaam
401791254;401791254;Sierlijke witsnuitlibel;Leucorrhinia caudalis;2026-05-29;5;2026-05-29;2;in copula;gezien;imago;onbekend;207805.6703822385;214942.5293535674;5.196529388427734;51.24149703979492;FS5378;Mol - Den Diel;Mol;Mol;Antwerpen;ObsMapp;J;Goedgekeurd op basis van bewijsmateriaal;1980-01-01;3;;3;Libellen;Libellulidae;2026-07-08;643;S;zeldzaam
351868366;351868366;Sierlijke witsnuitlibel;Leucorrhinia caudalis;2025-05-21;5;2025-05-21;3;ter plaatse;onbekend;imago;Man;207795.0082293948;214901.240431224;5.196370124816895;51.24112701416016;FS5378;Mol - Den Diel;Mol;Mol;Antwerpen;ObsMapp;J;Goedgekeurd op basis van expertoordeel;1980-01-01;3;;1;Libellen;Libellulidae;2026-07-08;643;S;zeldzaam
313651913;313651913;Sierlijke witsnuitlibel;Leucorrhinia caudalis;2024-06-08;6;2024-06-08;1;ter plaatse;gezien;imago;onbekend;207803.2298872049;214937.4089313764;5.196493625640869;51.24145126342773;FS5378;Mol - Den Diel;Mol;Mol;Antwerpen;ObsMapp;J;Goedgekeurd op basis van expertoordeel;1980-01-01;3;;3;Libellen;Libellulidae;2026-07-08;643;S;zeldzaam
194534147;194534147;Sierlijke witsnuitlibel;Leucorrhinia caudalis;2020-06-20;6;2020-06-20;1;ter plaatse;gezien;imago;Man;207817.2473553028;214928.41251413897;5.1966929;51.241369;FS5378;Mol - Den Diel;Mol;Mol;Antwerpen;ObsMapp;J;Goedgekeurd op basis van expertoordeel;2007-01-01;3;;25;Libellen;Libellulidae;2026-07-08;643;S;zeldzaam
274766377;274766377;Sierlijke witsnuitlibel;Leucorrhinia caudalis;2023-06-03;6;2023-06-04;2;ter plaatse;onbekend;imago;Man;207884.87031972336;214926.86077649143;5.19766092300415;51.24134826660156;FS5378;Mol - Den Diel;Mol;Mol;Antwerpen;ObsMapp;J;Goedgekeurd op basis van expertoordeel;1980-01-01;3;;6;Libellen;Libellulidae;2026-07-08;643;S;zeldzaam
401791256;401791256;Sierlijke witsnuitlibel;Leucorrhinia caudalis;2026-05-29;5;2026-05-29;1;ter plaatse;gezien;imago;Man;207816.24493183848;214946.89167991;5.196681499481201;51.24153518676758;FS5378;Mol - Den Diel;Mol;Mol;Antwerpen;ObsMapp;J;Goedgekeurd op basis van bewijsmateriaal;1980-01-01;3;;3;Libellen;Libellulidae;2026-07-08;643;S;zeldzaam
397384235;397384235;Sierlijke witsnuitlibel;Leucorrhinia caudalis;2026-05-09;5;2026-05-09;2;ter plaatse;gezien;imago;Man;207802.16879289935;214931.03060236108;5.19647741317749;51.24139404296875;FS5378;Mol - Den Diel;Mol;Mol;Antwerpen;ObsMapp;J;Goedgekeurd op basis van bewijsmateriaal;1980-01-01;3;;3;Libellen;Libellulidae;2026-07-08;643;S;zeldzaam
245948219;245948219;Sierlijke witsnuitlibel;Leucorrhinia caudalis;2022-06-18;6;2022-06-18;1;ter plaatse;onbekend;imago;Man;207893.21665574503;214909.78994997684;5.1977777;51.241194;FS5378;Mol - Den Diel;Mol;Mol;Antwerpen;Site;J;Goedgekeurd op basis van expertoordeel;1980-01-01;3;;15;Libellen;Libellulidae;2026-07-08;643;S;zeldzaam
278227970;278227970;Sierlijke witsnuitlibel;Leucorrhinia caudalis;2023-06-24;6;2023-06-27;1;ter plaatse;onbekend;imago;Man;207815.73608200732;214886.9257554263;5.19666463136673;51.24099627870263;FS5378;Mol - Den Diel;Mol;Mol;Antwerpen;Site;J;Goedgekeurd op basis van bewijsmateriaal;1980-01-01;3;;5;Libellen;Libellulidae;2026-07-08;643;S;zeldzaam
244205900;244205900;Sierlijke witsnuitlibel;Leucorrhinia caudalis;2022-06-04;6;2022-06-04;1;ter plaatse;onbekend;imago;Man;207807.67239493373;214923.4101175731;5.196555;51.241325;FS5378;Mol - Den Diel;Mol;Mol;Antwerpen;Site;J;Goedgekeurd op basis van bewijsmateriaal;1980-01-01;4;;25;Libellen;Libellulidae;2026-07-08;643;S;zeldzaam
216938489;216938489;Sierlijke witsnuitlibel;Leucorrhinia caudalis;2021-06-13;6;2021-06-13;1;ter plaatse;gezien;imago;Man;207900.39630263456;214920.24334784225;5.19788217544556;51.2412872314453;FS5378;Mol - Den Diel;Mol;Mol;Antwerpen;ObsMapp;J;Goedgekeurd op basis van expertoordeel;2007-01-01;3;;7;Libellen;Libellulidae;2026-07-08;643;S;zeldzaam
401582695;401582695;Sierlijke witsnuitlibel;Leucorrhinia caudalis;2026-05-28;5;2026-05-28;2;ter plaatse;onbekend;imago;Man;180617.4537373073;216938.17092608105;4.807378873229027;51.261520002485184;FS2680;Lille - Visbeekvallei - De Schaaf;Lille;Wechelderzande;Antwerpen;ObsMapp;J;Goedgekeurd op basis van bewijsmateriaal;1980-01-01;3;biotoop vergelijkbaar met wat de soort op den Diel als biotoop heeft;5;Libellen;Libellulidae;2026-07-08;643;S;zeldzaam
397384230;397384230;Sierlijke witsnuitlibel;Leucorrhinia caudalis;2026-05-09;5;2026-05-09;1;ter plaatse;gezien;imago;Man;207814.3231488313;214946.02136808168;5.196653842926025;51.24152755737305;FS5378;Mol - Den Diel;Mol;Mol;Antwerpen;ObsMapp;J;Goedgekeurd op basis van expertoordeel;1980-01-01;3;;3;Libellen;Libellulidae;2026-07-08;643;S;zeldzaam
351984241;351984241;Sierlijke witsnuitlibel;Leucorrhinia caudalis;2025-05-22;5;2025-05-22;3;ter plaatse;gezien;imago;Man;207791.6459529966;214916.0580660421;5.196324348449707;51.24126052856445;FS5378;Mol - Den Diel;Mol;Mol;Antwerpen;ObsMapp;J;Goedgekeurd op basis van expertoordeel;1980-01-01;3;;6;Libellen;Libellulidae;2026-07-08;643;S;zeldzaam
309561375;309561375;Sierlijke witsnuitlibel;Leucorrhinia caudalis;2024-05-14;5;2024-05-14;3;ter plaatse;gezien;imago;Man;207807.9501355253;214892.2597247949;5.196553999999992;51.241045;FS5378;Mol - Den Diel;Mol;Mol;Antwerpen;iObs;J;Goedgekeurd op basis van bewijsmateriaal;1980-01-01;3;Zeker drie verschillende mannetjes.;61;Libellen;Libellulidae;2026-07-08;643;S;zeldzaam
245037296;245037296;Sierlijke witsnuitlibel;Leucorrhinia caudalis;2022-06-11;6;2022-06-11;1;ter plaatse;onbekend;imago;Man;207891.14891898865;214927.49722591692;5.19775092601776;51.2413533563193;FS5378;Mol - Den Diel;Mol;Mol;Antwerpen;ObsMapp;J;Goedgekeurd op basis van expertoordeel;2007-01-01;3;;5;Libellen;Libellulidae;2026-07-08;643;S;zeldzaam
276764830;276764830;Sierlijke witsnuitlibel;Leucorrhinia caudalis;2023-06-17;6;2023-06-17;1;foeragerend;onbekend;imago;Man;207793.97979798136;214930.0443629464;5.196360000000027;51.241386;FS5378;Mol - Den Diel;Mol;Mol;Antwerpen;ObsMapp;J;Goedgekeurd op basis van bewijsmateriaal;1980-01-01;4;;4;Libellen;Libellulidae;2026-07-08;643;S;zeldzaam
353420205;353420205;Sierlijke witsnuitlibel;Leucorrhinia caudalis;2025-05-30;5;2025-05-30;1;ter plaatse;onbekend;imago;Man;207872.04676817305;214849.9167418871;5.197464999999966;51.240658;FS5378;Mol - Den Diel - Ten zuiden van Sprietputten;Mol;Mol;Antwerpen;Site;J;Goedgekeurd op basis van bewijsmateriaal;1980-01-01;4;;1;Libellen;Libellulidae;2026-07-08;643;S;zeldzaam
217644652;217644652;Sierlijke witsnuitlibel;Leucorrhinia caudalis;2021-06-13;6;2021-06-20;1;ter plaatse;onbekend;imago;Man;207892.4007328337;214938.40460385475;5.19777059555054;51.2414512634277;FS5378;Mol - Den Diel;Mol;Mol;Antwerpen;copied observation;J;Goedgekeurd op basis van expertoordeel;2007-01-01;3;;6;Libellen;Libellulidae;2026-07-08;643;S;zeldzaam
351626401;351626401;Sierlijke witsnuitlibel;Leucorrhinia caudalis;2025-05-20;5;2025-05-20;1;ter plaatse;onbekend;imago;Man;182465.03595425904;233780.73077959288;4.835364818572998;51.41279602050781;FS2797;Wortel-Kolonie - Zone Noordoost;Hoogstraten;Wortel;Antwerpen;ObsMapp;J;Goedgekeurd op basis van expertoordeel;2029-06-20;3;;1;Libellen;Libellulidae;2026-07-08;643;S;zeldzaam
349425409;349425409;Sierlijke witsnuitlibel;Leucorrhinia caudalis;2025-05-09;5;2025-05-09;1;ter plaatse;gezien;imago;Man;207791.3655296956;214920.29926436767;5.1963210105896;51.24129867553711;FS5378;Mol - Den Diel;Mol;Mol;Antwerpen;ObsMapp;J;Goedgekeurd op basis van bewijsmateriaal;1980-01-01;3;;3;Libellen;Libellulidae;2026-07-08;643;S;zeldzaam
313522030;313522030;Sierlijke witsnuitlibel;Leucorrhinia caudalis;2024-06-07;6;2024-06-07;1;ter plaatse;onbekend;imago;Man;207807.3119352945;214934.18067279272;5.196551559497785;51.24142183927003;FS5378;Mol - Den Diel;Mol;Mol;Antwerpen;iObs;J;Goedgekeurd op basis van expertoordeel;1980-01-01;3;;3;Libellen;Libellulidae;2026-07-08;643;S;zeldzaam
200509926;200509926;Sierlijke witsnuitlibel;Leucorrhinia caudalis;2020-05-27;5;2020-09-22;1;ter plaatse;gezien;imago;Man;223552.320062684;190283.41393185317;5.417005;51.018072;FS6954;Houthalen - Tenhaagdoornheide;Houthalen-Helchteren;Houthalen;Limburg;Site;J;Goedgekeurd op basis van bewijsmateriaal;1980-01-01;3;;25;Libellen;Libellulidae;2026-07-08;643;S;zeer zeldzaam
351806149;351806149;Sierlijke witsnuitlibel;Leucorrhinia caudalis;2025-05-21;5;2025-05-21;5;ter plaatse;onbekend;imago;Man;207805.05189607057;214921.10615278877;5.196517109870911;51.24130455532109;FS5378;Mol - Den Diel;Mol;Mol;Antwerpen;Site;J;Goedgekeurd op basis van bewijsmateriaal;1980-01-01;3;;7;Libellen;Libellulidae;2026-07-08;643;S;zeldzaam
247388173;247388173;Sierlijke witsnuitlibel;Leucorrhinia caudalis;2022-06-11;6;2022-06-30;1;ter plaatse;gezien;imago;Man;207885.2443687512;214919.49196831972;5.1976651;51.241282;FS5378;Mol - Den Diel;Mol;Mol;Antwerpen;Site;J;Goedgekeurd op basis van bewijsmateriaal;1980-01-01;3;;5;Libellen;Libellulidae;2026-07-08;643;S;zeldzaam
396832119;396832119;Sierlijke witsnuitlibel;Leucorrhinia caudalis;2026-05-07;5;2026-05-07;1;ter plaatse;gezien;imago;Man;207789.5096832022;214907.5455836989;5.196292400360107;51.24118423461914;FS5378;Mol - Den Diel;Mol;Mol;Antwerpen;ObsMapp;J;Goedgekeurd op basis van bewijsmateriaal;1980-01-01;3;;3;Libellen;Libellulidae;2026-07-08;643;S;zeldzaam
396832046;396832046;Sierlijke witsnuitlibel;Leucorrhinia caudalis;2026-05-07;5;2026-05-07;3;ter plaatse;gezien;imago;Man;207798.60595004223;214930.99085266795;5.1964263916015625;51.24139404296875;FS5378;Mol - Den Diel;Mol;Mol;Antwerpen;ObsMapp;J;Goedgekeurd op basis van expertoordeel;1980-01-01;3;;3;Libellen;Libellulidae;2026-07-08;643;S;zeldzaam
396832038;396832038;Sierlijke witsnuitlibel;Leucorrhinia caudalis;2026-05-07;5;2026-05-07;1;ter plaatse;gezien;imago;Man;207812.144604288;214947.2703552898;5.196622848510742;51.24153900146485;FS5378;Mol - Den Diel;Mol;Mol;Antwerpen;ObsMapp;J;Goedgekeurd op basis van expertoordeel;1980-01-01;3;;5;Libellen;Libellulidae;2026-07-08;643;S;zeldzaam
355760537;355760537;Sierlijke witsnuitlibel;Leucorrhinia caudalis;2025-06-11;6;2025-06-11;1;ter plaatse;gezien;imago;Man;207887.35331107263;214925.19078862667;5.197696208953857;51.2413330078125;FS5378;Mol - Den Diel;Mol;Mol;Antwerpen;ObsMapp;J;Goedgekeurd op basis van expertoordeel;1980-01-01;3;;3;Libellen;Libellulidae;2026-07-08;643;S;zeldzaam
349380065;349380065;Sierlijke witsnuitlibel;Leucorrhinia caudalis;2025-05-09;5;2025-05-09;1;ter plaatse;gezien;imago;Man;207791.574783612;214919.4527333016;5.196323871612549;51.24129104614258;FS5378;Mol - Den Diel;Mol;Mol;Antwerpen;ObsMapp;J;Goedgekeurd op basis van bewijsmateriaal;1980-01-01;3;;3;Libellen;Libellulidae;2026-07-08;643;S;zeldzaam
396832029;396832029;Sierlijke witsnuitlibel;Leucorrhinia caudalis;2026-05-07;5;2026-05-07;1;ter plaatse;gezien;imago;Man;207833.5500184256;214944.9626669493;5.196928977966309;51.24151611328125;FS5378;Mol - Den Diel;Mol;Mol;Antwerpen;ObsMapp;J;Goedgekeurd op basis van expertoordeel;1980-01-01;3;;3;Libellen;Libellulidae;2026-07-08;643;S;zeldzaam
192580695;192580695;Sierlijke witsnuitlibel;Leucorrhinia caudalis;2020-05-27;5;2020-05-27;1;ter plaatse;gezien;imago;Man;223565.04825480963;190303.850440396;5.41719049;51.01825407;FS6954;Houthalen - Tenhaagdoornheide;Houthalen-Helchteren;Houthalen;Limburg;Site;J;Goedgekeurd op basis van bewijsmateriaal;1980-01-01;3;;100;Libellen;Libellulidae;2026-07-08;643;S;zeer zeldzaam
311500502;311500502;Sierlijke witsnuitlibel;Leucorrhinia caudalis;2024-05-25;5;2024-05-25;1;ter plaatse;gezien;imago;Man;207576.41382316925;214912.82396944985;5.193242000000055;51.241253;FS5378;Mol - Den Diel;Mol;Mol;Antwerpen;ObsMapp;J;Goedgekeurd op basis van bewijsmateriaal;1980-01-01;3;;7;Libellen;Libellulidae;2026-07-08;643;S;zeldzaam
354384827;354384827;Sierlijke witsnuitlibel;Leucorrhinia caudalis;2025-06-03;6;2025-06-03;1;ter plaatse;onbekend;imago;Man;207804.194316193;214930.81169207397;5.196506381034851;51.24139187233938;FS5378;Mol - Den Diel;Mol;Mol;Antwerpen;Site;J;Goedgekeurd op basis van bewijsmateriaal;1980-01-01;3;;7;Libellen;Libellulidae;2026-07-08;643;S;zeldzaam
350074750;350074750;Sierlijke witsnuitlibel;Leucorrhinia caudalis;2025-05-11;5;2025-05-12;1;ter plaatse;gezien;imago;onbekend;208201.7874412109;214791.6373278592;5.202177000000006;51.240101;FS5378;Mol - Den Diel - Van Sprietputten tot Sas 2;Mol;Mol;Antwerpen;Site;J;Goedgekeurd op basis van expertoordeel;1980-01-01;3;Observation en compagnie de Patrick Heivers et Steven Van Garsse.;15;Libellen;Libellulidae;2026-07-08;643;S;zeldzaam
348369212;348369212;Sierlijke witsnuitlibel;Leucorrhinia caudalis;2025-05-03;5;2025-05-04;1;ter plaatse;gezien;imago;Man;207802.97408274005;214922.65350223143;5.196487605571747;51.24131867088396;FS5378;Mol - Den Diel;Mol;Mol;Antwerpen;ObsMapp;J;Goedgekeurd op basis van bewijsmateriaal;1980-01-01;3;locatie nog aanpassen;4;Libellen;Libellulidae;2026-07-08;643;S;zeldzaam
242287351;242287351;Sierlijke witsnuitlibel;Leucorrhinia caudalis;2022-05-18;5;2022-05-20;1;ter plaatse;gezien;imago;Man;207807.55338115327;214932.19852542784;5.1965547;51.241404;FS5378;Mol - Den Diel;Mol;Mol;Antwerpen;Site;J;Goedgekeurd op basis van bewijsmateriaal;1980-01-01;3;;15;Libellen;Libellulidae;2026-07-08;643;S;zeldzaam
311696883;311696883;Sierlijke witsnuitlibel;Leucorrhinia caudalis;2024-05-25;5;2024-05-26;4;ter plaatse;onbekend;imago;Man;207814.94747192707;214903.57531589363;5.196655999999962;51.241146;FS5378;Mol - Den Diel;Mol;Mol;Antwerpen;iObs;J;Goedgekeurd op basis van bewijsmateriaal;1980-01-01;4;;10;Libellen;Libellulidae;2026-07-08;643;S;zeldzaam
217199190;217199190;Sierlijke witsnuitlibel;Leucorrhinia caudalis;2021-06-13;6;2021-06-16;1;ter plaatse;gezien;imago;Man;207882.8639246412;214920.02168445103;5.1976311;51.241287;FS5378;Mol - Den Diel;Mol;Mol;Antwerpen;iObs;J;Goedgekeurd op basis van bewijsmateriaal;2007-01-01;4;;15;Libellen;Libellulidae;2026-07-08;643;S;zeldzaam
247387860;247387860;Sierlijke witsnuitlibel;Leucorrhinia caudalis;2022-06-11;6;2022-06-30;1;ter plaatse;gezien;imago;Man;207794.272788774;214980.78332536947;5.1963723;51.241842;FS5379;Mol - Den Diel;Mol;Mol;Antwerpen;Site;J;Goedgekeurd op basis van bewijsmateriaal;1980-01-01;3;;7;Libellen;Libellulidae;2026-07-08;643;S;zeldzaam
247388285;247388285;Sierlijke witsnuitlibel;Leucorrhinia caudalis;2022-06-11;6;2022-06-30;1;ter plaatse;gezien;imago;Man;207888.10678846383;214930.2051508138;5.1977078;51.241378;FS5378;Mol - Den Diel;Mol;Mol;Antwerpen;Site;J;Goedgekeurd op basis van bewijsmateriaal;1980-01-01;3;;7;Libellen;Libellulidae;2026-07-08;643;S;zeldzaam
355760532;355760532;Sierlijke witsnuitlibel;Leucorrhinia caudalis;2025-06-11;6;2025-06-11;1;ter plaatse;gezien;imago;Man;207882.6819440124;214920.04540243745;5.197628498077393;51.24128723144531;FS5378;Mol - Den Diel;Mol;Mol;Antwerpen;ObsMapp;J;Goedgekeurd op basis van expertoordeel;1980-01-01;3;;3;Libellen;Libellulidae;2026-07-08;643;S;zeldzaam
400180094;400180094;Sierlijke witsnuitlibel;Leucorrhinia caudalis;2026-05-23;5;2026-05-23;2;ter plaatse;gezien;imago;Man;207566.5088261139;214845.64236454107;5.193089485168457;51.24065017700195;FS5378;Mol - Den Diel;Mol;Mol;Antwerpen;ObsMapp;J;Goedgekeurd op basis van bewijsmateriaal;1980-01-01;3;;3;Libellen;Libellulidae;2026-07-08;643;S;zeldzaam
400180072;400180072;Sierlijke witsnuitlibel;Leucorrhinia caudalis;2026-05-23;5;2026-05-23;1;ter plaatse;gezien;imago;Man;207622.56899642237;214850.5099010067;5.193892955780029;51.24068832397461;FS5378;Mol - Den Diel;Mol;Mol;Antwerpen;ObsMapp;J;Goedgekeurd op basis van expertoordeel;1980-01-01;3;;3;Libellen;Libellulidae;2026-07-08;643;S;zeldzaam
277867670;277867670;Sierlijke witsnuitlibel;Leucorrhinia caudalis;2023-06-23;6;2023-06-25;1;ter plaatse;gezien;imago;Man;207821.66173729431;214935.87074923888;5.1967573;51.24143559;FS5378;Mol - Den Diel;Mol;Mol;Antwerpen;Site;J;Goedgekeurd op basis van bewijsmateriaal;2023-09-01;3;;30;Libellen;Libellulidae;2026-07-08;643;S;zeldzaam
311102437;311102437;Sierlijke witsnuitlibel;Leucorrhinia caudalis;2024-05-23;5;2024-05-23;1;ter plaatse;onbekend;imago;Man;207802.45640930007;214918.68344472532;5.196479558944702;51.24128304088608;FS5378;Mol - Den Diel;Mol;Mol;Antwerpen;Site;J;Goedgekeurd op basis van bewijsmateriaal;1980-01-01;3;;15;Libellen;Libellulidae;2026-07-08;643;S;zeldzaam
313351115;313351115;Sierlijke witsnuitlibel;Leucorrhinia caudalis;2024-06-06;6;2024-06-06;1;ter plaatse;onbekend;imago;Man;207784.937595374;214876.64878047723;5.196222000000034;51.240907;FS5378;Mol - Den Diel;Mol;Mol;Antwerpen;Site;J;Goedgekeurd op basis van bewijsmateriaal;1980-01-01;3;;15;Libellen;Libellulidae;2026-07-08;643;S;zeldzaam
400275429;400275429;Sierlijke witsnuitlibel;Leucorrhinia caudalis;2026-05-23;5;2026-05-23;1;ter plaatse;onbekend;imago;Man;207711.95227001372;214845.57186148968;5.195171999999957;51.240635;FS5378;Mol - Den Diel - Ten zuiden van Sprietputten;Mol;Mol;Antwerpen;Site;J;Goedgekeurd op basis van bewijsmateriaal;1980-01-01;3;;30;Libellen;Libellulidae;2026-07-08;643;S;zeldzaam
347353978;347353978;Sierlijke witsnuitlibel;Leucorrhinia caudalis;2025-04-29;4;2025-04-29;1;ter plaatse;onbekend;imago, niet uitgekleurd;Man;207579.63301195647;214843.1164223496;5.19327700138092;51.24062616360956;FS5378;Mol - Den Diel;Mol;Mol;Antwerpen;Site;J;Goedgekeurd op basis van bewijsmateriaal;1980-01-01;3;;7;Libellen;Libellulidae;2026-07-08;643;S;zeldzaam
242499127;242499127;Sierlijke witsnuitlibel;Leucorrhinia caudalis;2022-05-22;5;2022-05-22;1;ter plaatse;gezien;imago;Man;207796.17759809084;214885.9739024071;5.19638442993164;51.2409896850586;FS5378;Mol - Den Diel;Mol;Mol;Antwerpen;ObsMapp;J;Goedgekeurd op basis van bewijsmateriaal;2007-01-01;3;;7;Libellen;Libellulidae;2026-07-08;643;S;zeldzaam
312752689;312752689;Sierlijke witsnuitlibel;Leucorrhinia caudalis;2024-06-02;6;2024-06-02;1;ter plaatse;gezien;imago;onbekend;207805.8176262536;214938.28666957;5.196530818939209;51.241458892822266;FS5378;Mol - Den Diel;Mol;Mol;Antwerpen;ObsMapp;J;Goedgekeurd op basis van expertoordeel;1980-01-01;3;;4;Libellen;Libellulidae;2026-07-08;643;S;zeldzaam
312752692;312752692;Sierlijke witsnuitlibel;Leucorrhinia caudalis;2024-06-02;6;2024-06-02;1;ter plaatse;gezien;imago;Man;207805.8176262536;214938.28666957;5.196530818939209;51.241458892822266;FS5378;Mol - Den Diel;Mol;Mol;Antwerpen;ObsMapp;J;Goedgekeurd op basis van expertoordeel;1980-01-01;3;;4;Libellen;Libellulidae;2026-07-08;643;S;zeldzaam
242499125;242499125;Sierlijke witsnuitlibel;Leucorrhinia caudalis;2022-05-22;5;2022-05-22;3;ter plaatse;gezien;imago;Man;207822.923801728;214954.1815755274;5.19677829742432;51.2416000366211;FS5378;Mol - Den Diel;Mol;Mol;Antwerpen;ObsMapp;J;Goedgekeurd op basis van bewijsmateriaal;2007-01-01;3;;10;Libellen;Libellulidae;2026-07-08;643;S;zeldzaam
400444045;400444045;Sierlijke witsnuitlibel;Leucorrhinia caudalis;2026-05-23;5;2026-05-24;2;ter plaatse;gezien;imago;Man;207575.7229797327;214846.5936199753;5.193221569061279;51.24065780639648;FS5378;Mol - Den Diel;Mol;Mol;Antwerpen;ObsMapp;J;Goedgekeurd op basis van bewijsmateriaal;1980-01-01;3;;5;Libellen;Libellulidae;2026-07-08;643;S;zeldzaam
355760524;355760524;Sierlijke witsnuitlibel;Leucorrhinia caudalis;2025-06-11;6;2025-06-11;2;in copula;gezien;imago;onbekend;207878.4718841161;214912.3585779518;5.197566986083984;51.24121856689453;FS5378;Mol - Den Diel;Mol;Mol;Antwerpen;ObsMapp;J;Goedgekeurd op basis van expertoordeel;1980-01-01;3;;3;Libellen;Libellulidae;2026-07-08;643;S;zeldzaam
241894036;241894036;Sierlijke witsnuitlibel;Leucorrhinia caudalis;2022-05-17;5;2022-05-17;2;ter plaatse;gezien;imago;Man;207823.25175686588;214948.66761047207;5.19678211212158;51.2415504455566;FS5378;Mol - Den Diel;Mol;Mol;Antwerpen;ObsMapp;J;Goedgekeurd op basis van bewijsmateriaal;2007-01-01;3;;8;Libellen;Libellulidae;2026-07-08;643;S;zeldzaam
241894035;241894035;Sierlijke witsnuitlibel;Leucorrhinia caudalis;2022-05-17;5;2022-05-17;2;in copula;gezien;imago;onbekend;207822.98537699896;214948.66463736535;5.19677829742432;51.2415504455566;FS5378;Mol - Den Diel;Mol;Mol;Antwerpen;ObsMapp;J;Goedgekeurd op basis van bewijsmateriaal;2007-01-01;3;;6;Libellen;Libellulidae;2026-07-08;643;S;zeldzaam
245081724;245081724;Sierlijke witsnuitlibel;Leucorrhinia caudalis;2022-06-11;6;2022-06-11;1;ter plaatse;gezien;imago;Man;207879.30387403417;214927.9928101655;5.1975814;51.241359;FS5378;Mol - Den Diel;Mol;Mol;Antwerpen;Site;J;Goedgekeurd op basis van expertoordeel;1980-01-01;3;;5;Libellen;Libellulidae;2026-07-08;643;S;zeldzaam
397675063;397675063;Sierlijke witsnuitlibel;Leucorrhinia caudalis;2026-05-10;5;2026-05-10;1;ter plaatse;onbekend;imago;Vrouw;207989.6290562039;214798.21364795417;5.199140310287476;51.24018148836672;FS5378;Mol - Den Diel - Van Sprietputten tot Sas 2;Mol;Mol;Antwerpen;Site;J;Goedgekeurd op basis van bewijsmateriaal;1980-01-01;3;;15;Libellen;Libellulidae;2026-07-08;643;S;zeldzaam
241894034;241894034;Sierlijke witsnuitlibel;Leucorrhinia caudalis;2022-05-17;5;2022-05-17;1;eileggend;gezien;imago;Vrouw;207816.06882681733;214944.76755107197;5.19667863845825;51.2415161132813;FS5378;Mol - Den Diel;Mol;Mol;Antwerpen;ObsMapp;J;Goedgekeurd op basis van bewijsmateriaal;2007-01-01;3;;9;Libellen;Libellulidae;2026-07-08;643;S;zeldzaam
241894033;241894033;Sierlijke witsnuitlibel;Leucorrhinia caudalis;2022-05-17;5;2022-05-17;2;tandem;gezien;imago;Man;207811.6497959668;214943.8689396456;5.19661522;51.24150848;FS5378;Mol - Den Diel;Mol;Mol;Antwerpen;ObsMapp;J;Goedgekeurd op basis van bewijsmateriaal;2007-01-01;3;;3;Libellen;Libellulidae;2026-07-08;643;S;zeldzaam
350573532;350573532;Sierlijke witsnuitlibel;Leucorrhinia caudalis;2025-05-15;5;2025-05-15;1;ter plaatse;gezien;imago;Man;207636.24484753303;214905.4138108045;5.194097518920898;51.24118041992188;FS5378;Mol - Den Diel;Mol;Mol;Antwerpen;ObsMapp;J;Goedgekeurd op basis van expertoordeel;1980-01-01;3;;9;Libellen;Libellulidae;2026-07-08;643;S;zeldzaam
350573534;350573534;Sierlijke witsnuitlibel;Leucorrhinia caudalis;2025-05-15;5;2025-05-15;2;ter plaatse;gezien;imago;Man;207806.13181238307;214942.95893481743;5.196536064147949;51.24150085449219;FS5378;Mol - Den Diel;Mol;Mol;Antwerpen;ObsMapp;J;Goedgekeurd op basis van expertoordeel;1980-01-01;3;;3;Libellen;Libellulidae;2026-07-08;643;S;zeldzaam
355760519;355760519;Sierlijke witsnuitlibel;Leucorrhinia caudalis;2025-06-11;6;2025-06-11;1;ter plaatse;gezien;imago;Man;207873.0327143033;214856.6971364664;5.197480201721191;51.240718841552734;FS5378;Mol - Den Diel - Ten zuiden van Sprietputten;Mol;Mol;Antwerpen;ObsMapp;J;Goedgekeurd op basis van bewijsmateriaal;1980-01-01;3;;3;Libellen;Libellulidae;2026-07-08;643;S;zeldzaam
277856880;277856880;Sierlijke witsnuitlibel;Leucorrhinia caudalis;2023-06-24;6;2023-06-25;1;ter plaatse;gezien;imago;onbekend;207811.8966523856;214889.0771504836;5.196609999999964;51.241016;FS5378;Mol - Den Diel;Mol;Mol;Antwerpen;ObsMapp;J;Goedgekeurd op basis van bewijsmateriaal;1980-01-01;3;;4;Libellen;Libellulidae;2026-07-08;643;S;zeldzaam
357168337;357168337;Sierlijke witsnuitlibel;Leucorrhinia caudalis;2025-06-13;6;2025-06-17;1;ter plaatse;gezien;imago;Man;207831.63297479093;214943.6679688748;5.196901321411133;51.24150466918945;FS5378;Mol - Den Diel;Mol;Mol;Antwerpen;ObsMapp;J;Goedgekeurd op basis van bewijsmateriaal;2026-06-13;3;;2;Libellen;Libellulidae;2026-07-08;643;S;zeldzaam
311095569;311095569;Sierlijke witsnuitlibel;Leucorrhinia caudalis;2024-05-23;5;2024-05-23;1;ter plaatse;gezien;imago;Man;207803.5223796072;214890.30017080624;5.196490287780762;51.24102783203125;FS5378;Mol - Den Diel;Mol;Mol;Antwerpen;ObsMapp;J;Goedgekeurd op basis van expertoordeel;1980-01-01;3;;3;Libellen;Libellulidae;2026-07-08;643;S;zeldzaam
311095566;311095566;Sierlijke witsnuitlibel;Leucorrhinia caudalis;2024-05-23;5;2024-05-23;1;ter plaatse;gezien;imago;Man;207790.86373424804;214908.86973305512;5.1963120000000345;51.241196;FS5378;Mol - Den Diel;Mol;Mol;Antwerpen;ObsMapp;J;Goedgekeurd op basis van bewijsmateriaal;1980-01-01;3;;3;Libellen;Libellulidae;2026-07-08;643;S;zeldzaam
357168331;357168331;Sierlijke witsnuitlibel;Leucorrhinia caudalis;2025-06-13;6;2025-06-17;1;ter plaatse;gezien;imago;Man;207829.5686666676;214946.61595489175;5.196872234344482;51.24153137207031;FS5378;Mol - Den Diel;Mol;Mol;Antwerpen;ObsMapp;J;Goedgekeurd op basis van expertoordeel;2026-06-13;3;;3;Libellen;Libellulidae;2026-07-08;643;S;zeldzaam
241890098;241890098:2575311;Sierlijke witsnuitlibel;Leucorrhinia caudalis;2022-05-17;5;2022-05-17;1;tandem;gezien;imago;Man;207813.5191259989;214943.46579946484;5.19664192199707;51.2415046691895;FS5378;Mol - Den Diel;Mol;Mol;Antwerpen;ObsMapp;J;Goedgekeurd op basis van bewijsmateriaal;2007-01-01;3;copula met eileg van vrouwtje en een tweede mannetje dat erna in tandem kwam vliegen.;9;Libellen;Libellulidae;2026-07-08;643;S;zeldzaam
313527466;313527466;Sierlijke witsnuitlibel;Leucorrhinia caudalis;2024-06-07;6;2024-06-07;1;ter plaatse;gezien;imago;Man;207802.72538227105;214931.88567765523;5.19648551940918;51.24140167236328;FS5378;Mol - Den Diel;Mol;Mol;Antwerpen;ObsMapp;J;Goedgekeurd op basis van expertoordeel;1980-01-01;3;;4;Libellen;Libellulidae;2026-07-08;643;S;zeldzaam
311476516;311476516:3460924;Sierlijke witsnuitlibel;Leucorrhinia caudalis;2024-05-25;5;2024-05-25;2;ter plaatse;gezien;imago;Vrouw;207808.2009939661;214942.55759019032;5.196565628051758;51.24149703979492;FS5378;Mol - Den Diel;Mol;Mol;Antwerpen;ObsMapp;J;Goedgekeurd op basis van bewijsmateriaal;1980-01-01;3;;5;Libellen;Libellulidae;2026-07-08;643;S;zeldzaam
311095555;311095555;Sierlijke witsnuitlibel;Leucorrhinia caudalis;2024-05-23;5;2024-05-23;2;ter plaatse;gezien;imago;Man;207835.4252503589;214958.545021235;5.196957999999995;51.241638;FS5378;Mol - Den Diel;Mol;Mol;Antwerpen;ObsMapp;J;Goedgekeurd op basis van bewijsmateriaal;1980-01-01;3;;3;Libellen;Libellulidae;2026-07-08;643;S;zeldzaam
311095549;311095549;Sierlijke witsnuitlibel;Leucorrhinia caudalis;2024-05-23;5;2024-05-23;1;ter plaatse;gezien;imago;Man;207606.46135083996;214905.03583274968;5.193670999999995;51.24118;FS5378;Mol - Den Diel;Mol;Mol;Antwerpen;ObsMapp;J;Goedgekeurd op basis van bewijsmateriaal;1980-01-01;3;;3;Libellen;Libellulidae;2026-07-08;643;S;zeldzaam
311476516;311476516:3460923;Sierlijke witsnuitlibel;Leucorrhinia caudalis;2024-05-25;5;2024-05-25;6;ter plaatse;gezien;imago;Man;207808.2009939661;214942.55759019032;5.196565628051758;51.24149703979492;FS5378;Mol - Den Diel;Mol;Mol;Antwerpen;ObsMapp;J;Goedgekeurd op basis van bewijsmateriaal;1980-01-01;3;;5;Libellen;Libellulidae;2026-07-08;643;S;zeldzaam
217879762;217879762;Sierlijke witsnuitlibel;Leucorrhinia caudalis;2021-06-13;6;2021-06-22;1;geparasiteerd;onbekend;imago;Man;207887.76911773544;214930.4239028087;5.197703;51.24138;FS5378;Mol - Den Diel;Mol;Mol;Antwerpen;Site;J;Goedgekeurd op basis van bewijsmateriaal;1980-01-01;4;one sure_ other 2 had red noses and those clowns could swim.;7;Libellen;Libellulidae;2026-07-08;643;S;zeldzaam
275428931;275428931;Sierlijke witsnuitlibel;Leucorrhinia caudalis;2023-06-08;6;2023-06-08;8;ter plaatse;onbekend;imago;Man;207765.75930670544;214986.91854148824;5.195965000000001;51.2419;FS5379;Mol - Den Diel;Mol;Mol;Antwerpen;Site;J;Goedgekeurd op basis van expertoordeel;1980-01-01;4;;7;Libellen;Libellulidae;2026-07-08;643;S;zeldzaam
309866707;309866707;Sierlijke witsnuitlibel;Leucorrhinia caudalis;2024-05-16;5;2024-05-16;2;ter plaatse;onbekend;imago;Vrouw;207819.7404729161;214954.4531578692;5.196732759541192;51.24160279685871;FS5378;Mol - Den Diel;Mol;Mol;Antwerpen;Site;J;Goedgekeurd op basis van expertoordeel;1980-01-01;4;;4;Libellen;Libellulidae;2026-07-08;643;S;zeldzaam
309866594;309866594;Sierlijke witsnuitlibel;Leucorrhinia caudalis;2024-05-16;5;2024-05-16;5;ter plaatse;onbekend;imago;Man;207690.45128100764;215026.5789343873;5.194892999999979;51.242264;FS5379;Mol - Den Diel;Mol;Mol;Antwerpen;Site;J;Goedgekeurd op basis van bewijsmateriaal;1980-01-01;4;;4;Libellen;Libellulidae;2026-07-08;643;S;zeldzaam
309866413;309866413;Sierlijke witsnuitlibel;Leucorrhinia caudalis;2024-05-16;5;2024-05-16;4;ter plaatse;onbekend;imago;Man;207876.5577698672;214933.7477813624;5.197542999999996;51.241411;FS5378;Mol - Den Diel;Mol;Mol;Antwerpen;Site;J;Goedgekeurd op basis van bewijsmateriaal;1980-01-01;4;;4;Libellen;Libellulidae;2026-07-08;643;S;zeldzaam
309866226;309866226;Sierlijke witsnuitlibel;Leucorrhinia caudalis;2024-05-16;5;2024-05-16;7;ter plaatse;onbekend;imago;Man;207817.2757720845;214907.7180105159;5.19668999999999;51.241183;FS5378;Mol - Den Diel;Mol;Mol;Antwerpen;Site;J;Goedgekeurd op basis van bewijsmateriaal;1980-01-01;4;;4;Libellen;Libellulidae;2026-07-08;643;S;zeldzaam
275428785;275428785;Sierlijke witsnuitlibel;Leucorrhinia caudalis;2023-06-08;6;2023-06-08;4;ter plaatse;onbekend;imago;Man;207827.24467984927;214926.5873822169;5.196835756760265;51.24135159331036;FS5378;Mol - Den Diel;Mol;Mol;Antwerpen;Site;J;Goedgekeurd op basis van expertoordeel;1980-01-01;4;;5;Libellen;Libellulidae;2026-07-08;643;S;zeldzaam
398959279;398959279;Sierlijke witsnuitlibel;Leucorrhinia caudalis;2026-05-17;5;2026-05-17;1;ter plaatse;gezien;imago;Man;207804.8003330397;214899.78748985752;5.1965101019416124;51.24111297359668;FS5378;Mol - Den Diel;Mol;Mol;Antwerpen;ObsMapp;J;Goedgekeurd op basis van expertoordeel;1980-01-01;3;;7;Libellen;Libellulidae;2026-07-08;643;S;zeldzaam
273631710;273631710;Sierlijke witsnuitlibel;Leucorrhinia caudalis;2023-05-27;5;2023-05-27;2;ter plaatse;onbekend;imago;Man;207818.82973310287;214892.01996763985;5.196709742049279;51.24104175394292;FS5378;Mol - Den Diel;Mol;Mol;Antwerpen;Site;J;Goedgekeurd op basis van bewijsmateriaal;1980-01-01;4;;5;Libellen;Libellulidae;2026-07-08;643;S;zeldzaam
311549240;311549240;Sierlijke witsnuitlibel;Leucorrhinia caudalis;2024-05-25;5;2024-05-26;6;ter plaatse;onbekend;imago;onbekend;207808.0637711134;214944.66561856028;5.196563999999967;51.241516;FS5378;Mol - Den Diel;Mol;Mol;Antwerpen;ObsMapp;J;Goedgekeurd op basis van bewijsmateriaal;1980-01-01;4;;3;Libellen;Libellulidae;2026-07-08;643;S;zeldzaam
350573535;350573535;Sierlijke witsnuitlibel;Leucorrhinia caudalis;2025-05-15;5;2025-05-15;2;ter plaatse;gezien;imago;Man;207803.17276194663;214936.5594286481;5.196492671966553;51.2414436340332;FS5378;Mol - Den Diel;Mol;Mol;Antwerpen;ObsMapp;J;Goedgekeurd op basis van bewijsmateriaal;1980-01-01;3;;3;Libellen;Libellulidae;2026-07-08;643;S;zeldzaam
277785955;277785955;Sierlijke witsnuitlibel;Leucorrhinia caudalis;2023-06-24;6;2023-06-24;5;ter plaatse;gezien;imago;Man;207812.07006756685;214885.3028375888;5.19661188;51.24098206;FS5378;Mol - Den Diel;Mol;Mol;Antwerpen;ObsMapp;J;Goedgekeurd op basis van expertoordeel;1980-01-01;3;;2;Libellen;Libellulidae;2026-07-08;643;S;zeldzaam
397676249;397676249;Sierlijke witsnuitlibel;Leucorrhinia caudalis;2026-05-10;5;2026-05-10;1;ter plaatse;onbekend;imago, niet uitgekleurd;Man;208214.4293636708;214797.78753687628;5.202359000000001;51.240155;FS5378;Mol - Den Diel - Van Sprietputten tot Sas 2;Mol;Mol;Antwerpen;Site;J;Goedgekeurd op basis van bewijsmateriaal;1980-01-01;3;;15;Libellen;Libellulidae;2026-07-08;643;S;zeldzaam
357168324;357168324;Sierlijke witsnuitlibel;Leucorrhinia caudalis;2025-06-13;6;2025-06-17;1;ter plaatse;gezien;imago;Man;207808.7528456808;214943.83704602343;5.196573734283447;51.24150848388672;FS5378;Mol - Den Diel;Mol;Mol;Antwerpen;ObsMapp;J;Goedgekeurd op basis van expertoordeel;2026-06-13;3;;3;Libellen;Libellulidae;2026-07-08;643;S;zeldzaam
400180065;400180065;Sierlijke witsnuitlibel;Leucorrhinia caudalis;2026-05-23;5;2026-05-23;3;ter plaatse;gezien;imago;Man;207822.75707036303;214849.76928326677;5.196759223937988;51.24066162109375;FS5378;Mol - Den Diel - Ten zuiden van Sprietputten;Mol;Mol;Antwerpen;ObsMapp;J;Goedgekeurd op basis van expertoordeel;1980-01-01;3;;3;Libellen;Libellulidae;2026-07-08;643;S;zeldzaam
357168317;357168317;Sierlijke witsnuitlibel;Leucorrhinia caudalis;2025-06-13;6;2025-06-17;1;ter plaatse;gezien;imago;Man;207808.8669444186;214942.56502108555;5.196575164794922;51.24149703979492;FS5378;Mol - Den Diel;Mol;Mol;Antwerpen;ObsMapp;J;Goedgekeurd op basis van expertoordeel;2026-06-13;3;;2;Libellen;Libellulidae;2026-07-08;643;S;zeldzaam
397769293;397769293;Sierlijke witsnuitlibel;Leucorrhinia caudalis;2026-05-10;5;2026-05-11;1;ter plaatse;onbekend;imago, niet uitgekleurd;Man;207991.71281661384;214812.88004422188;5.199172496795654;51.24031309673399;FS5378;Mol - Den Diel - Van Sprietputten tot Sas 2;Mol;Mol;Antwerpen;Site;J;Goedgekeurd op basis van bewijsmateriaal;1980-01-01;3;;30;Libellen;Libellulidae;2026-07-08;643;S;zeldzaam
400180060;400180060;Sierlijke witsnuitlibel;Leucorrhinia caudalis;2026-05-23;5;2026-05-23;2;in copula;gezien;imago;onbekend;207810.9335953747;214891.65616276677;5.196596622467041;51.24103927612305;FS5378;Mol - Den Diel;Mol;Mol;Antwerpen;ObsMapp;J;Goedgekeurd op basis van expertoordeel;1980-01-01;3;;2;Libellen;Libellulidae;2026-07-08;643;S;zeldzaam
311484662;311484662;Sierlijke witsnuitlibel;Leucorrhinia caudalis;2024-05-25;5;2024-05-25;3;ter plaatse;onbekend;imago;Man;207813.56947889115;214926.92505817208;5.196640000000002;51.241356;FS5378;Mol - Den Diel;Mol;Mol;Antwerpen;ObsMapp;J;Goedgekeurd op basis van bewijsmateriaal;1980-01-01;3;;3;Libellen;Libellulidae;2026-07-08;643;S;zeldzaam
350573537;350573537;Sierlijke witsnuitlibel;Leucorrhinia caudalis;2025-05-15;5;2025-05-15;1;ter plaatse;gezien;imago;Man;207797.40723655143;214930.97747948952;5.196409225463867;51.24139404296875;FS5378;Mol - Den Diel;Mol;Mol;Antwerpen;ObsMapp;J;Goedgekeurd op basis van expertoordeel;1980-01-01;3;;3;Libellen;Libellulidae;2026-07-08;643;S;zeldzaam
350573544;350573544;Sierlijke witsnuitlibel;Leucorrhinia caudalis;2025-05-15;5;2025-05-15;2;territoriaal;gezien;imago;Man;207792.54041607052;214919.4635050306;5.196337699890137;51.24129104614258;FS5378;Mol - Den Diel;Mol;Mol;Antwerpen;ObsMapp;J;Goedgekeurd op basis van expertoordeel;1980-01-01;3;;3;Libellen;Libellulidae;2026-07-08;643;S;zeldzaam
357168306;357168306;Sierlijke witsnuitlibel;Leucorrhinia caudalis;2025-06-13;6;2025-06-17;2;ter plaatse;gezien;imago;Man;207805.14663625145;214932.76155795995;5.1965203285217285;51.24140930175781;FS5378;Mol - Den Diel;Mol;Mol;Antwerpen;ObsMapp;J;Goedgekeurd op basis van bewijsmateriaal;2026-06-13;3;;2;Libellen;Libellulidae;2026-07-08;643;S;zeldzaam
400180057;400180057;Sierlijke witsnuitlibel;Leucorrhinia caudalis;2026-05-23;5;2026-05-23;2;ter plaatse;gezien;imago;Man;207810.96689322425;214891.65653432623;5.196597099304199;51.24103927612305;FS5378;Mol - Den Diel;Mol;Mol;Antwerpen;ObsMapp;J;Goedgekeurd op basis van expertoordeel;1980-01-01;3;;3;Libellen;Libellulidae;2026-07-08;643;S;zeldzaam
360289605;360289605;Sierlijke witsnuitlibel;Leucorrhinia caudalis;2025-06-03;6;2025-07-02;2;ter plaatse;onbekend;imago;Man;207801.9738959619;214933.5750239389;5.196475028991699;51.24141693115234;FS5378;Mol - Den Diel;Mol;Mol;Antwerpen;copied observation;J;Goedgekeurd op basis van expertoordeel;1980-01-01;3;;3;Libellen;Libellulidae;2026-07-08;643;S;zeldzaam
217140643;217140643;Sierlijke witsnuitlibel;Leucorrhinia caudalis;2021-06-13;6;2021-06-15;1;ter plaatse;onbekend;imago;Man;207892.4007328337;214938.40460385475;5.19777059555054;51.2414512634277;FS5378;Mol - Den Diel;Mol;Mol;Antwerpen;ObsMapp;J;Goedgekeurd op basis van bewijsmateriaal;2007-01-01;3;;6;Libellen;Libellulidae;2026-07-08;643;S;zeldzaam
273631624;273631624;Sierlijke witsnuitlibel;Leucorrhinia caudalis;2023-05-27;5;2023-05-27;3;ter plaatse;onbekend;imago;Man;207713.3757548128;215008.89402629528;5.195218433509581;51.24210275752508;FS5379;Mol - Den Diel;Mol;Mol;Antwerpen;Site;J;Goedgekeurd op basis van bewijsmateriaal;1980-01-01;4;;15;Libellen;Libellulidae;2026-07-08;643;S;zeldzaam
350573546;350573546;Sierlijke witsnuitlibel;Leucorrhinia caudalis;2025-05-15;5;2025-05-15;3;ter plaatse;gezien;imago;Man;207796.16402577556;214899.13116189;5.196386337280273;51.24110794067383;FS5378;Mol - Den Diel;Mol;Mol;Antwerpen;ObsMapp;J;Goedgekeurd op basis van expertoordeel;1980-01-01;3;;3;Libellen;Libellulidae;2026-07-08;643;S;zeldzaam
350573550;350573550;Sierlijke witsnuitlibel;Leucorrhinia caudalis;2025-05-15;5;2025-05-15;1;foeragerend;gezien;imago;Man;207797.45285745768;214894.0523486631;5.196403980255127;51.24106216430664;FS5378;Mol - Den Diel;Mol;Mol;Antwerpen;ObsMapp;J;Goedgekeurd op basis van expertoordeel;1980-01-01;3;;3;Libellen;Libellulidae;2026-07-08;643;S;zeldzaam
395409682;395409682;Sierlijke witsnuitlibel;Leucorrhinia caudalis;2026-04-30;4;2026-04-30;1;ter plaatse;onbekend;imago, niet uitgekleurd;Vrouw;207831.19149465475;214968.0663031852;5.196898899722222;51.24172399972223;FS5378;Mol - Den Diel;Mol;Mol;Antwerpen;ObsIdentify;J;Goedgekeurd op basis van bewijsmateriaal;1980-01-01;3;;999;Libellen;Libellulidae;2026-07-08;643;S;zeldzaam
309225108;309225108;Sierlijke witsnuitlibel;Leucorrhinia caudalis;2024-05-12;5;2024-05-12;1;ter plaatse;onbekend;imago;Man;207802.4730830193;214917.18899650683;5.196479558944702;51.24126960747768;FS5378;Mol - Den Diel;Mol;Mol;Antwerpen;Site;J;Goedgekeurd op basis van bewijsmateriaal;1980-01-01;3;;15;Libellen;Libellulidae;2026-07-08;643;S;zeldzaam
347354251;347354251;Sierlijke witsnuitlibel;Leucorrhinia caudalis;2025-04-29;4;2025-04-29;1;ter plaatse;onbekend;imago, niet uitgekleurd;Man;207985.10031276004;214801.15229861063;5.199075937271118;51.24020835581519;FS5378;Mol - Den Diel - Van Sprietputten tot Sas 2;Mol;Mol;Antwerpen;Site;J;Goedgekeurd op basis van bewijsmateriaal;1980-01-01;3;;15;Libellen;Libellulidae;2026-07-08;643;S;zeldzaam
275428865;275428865;Sierlijke witsnuitlibel;Leucorrhinia caudalis;2023-06-08;6;2023-06-08;4;ter plaatse;onbekend;imago;Man;207864.77164306008;214938.51167665797;5.197374999999965;51.241455;FS5378;Mol - Den Diel;Mol;Mol;Antwerpen;Site;J;Goedgekeurd op basis van expertoordeel;1980-01-01;4;;5;Libellen;Libellulidae;2026-07-08;643;S;zeldzaam
309221501;309221501;Sierlijke witsnuitlibel;Leucorrhinia caudalis;2024-05-12;5;2024-05-12;1;ter plaatse;onbekend;imago;Man;207752.84276346007;214933.07645469063;5.1957714557647705;51.241417374754576;FS5378;Mol - Den Diel;Mol;Mol;Antwerpen;Site;J;Goedgekeurd op basis van bewijsmateriaal;1980-01-01;3;;15;Libellen;Libellulidae;2026-07-08;643;S;zeldzaam
357168297;357168297;Sierlijke witsnuitlibel;Leucorrhinia caudalis;2025-06-13;6;2025-06-17;1;ter plaatse;gezien;imago;Vrouw;207823.781118848;214877.3688309919;5.196778297424316;51.240909576416016;FS5378;Mol - Den Diel;Mol;Mol;Antwerpen;ObsMapp;J;Goedgekeurd op basis van bewijsmateriaal;2026-06-13;3;;3;Libellen;Libellulidae;2026-07-08;643;S;zeldzaam
397651858;397651858;Sierlijke witsnuitlibel;Leucorrhinia caudalis;2026-05-10;5;2026-05-10;1;ter plaatse;gezien;imago, niet uitgekleurd;Man;207810.4939362697;214945.9786375705;5.196599006652832;51.24152755737305;FS5378;Mol - Den Diel;Mol;Mol;Antwerpen;ObsMapp;J;Goedgekeurd op basis van bewijsmateriaal;1980-01-01;3;;3;Libellen;Libellulidae;2026-07-08;643;S;zeldzaam
397651877;397651877;Sierlijke witsnuitlibel;Leucorrhinia caudalis;2026-05-10;5;2026-05-10;1;ter plaatse;gezien;imago;Man;207805.96975707583;214936.5906362701;5.196532726287842;51.2414436340332;FS5378;Mol - Den Diel;Mol;Mol;Antwerpen;ObsMapp;J;Goedgekeurd op basis van bewijsmateriaal;1980-01-01;3;;3;Libellen;Libellulidae;2026-07-08;643;S;zeldzaam
347413649;347413649;Sierlijke witsnuitlibel;Leucorrhinia caudalis;2025-04-29;4;2025-04-29;1;ter plaatse;gezien;imago;Vrouw;208001.70047278464;214804.2330743736;5.199314117431641;51.240234375;FS5378;Mol - Den Diel - Van Sprietputten tot Sas 2;Mol;Mol;Antwerpen;ObsMapp;J;Goedgekeurd op basis van bewijsmateriaal;2026-04-29;3;;2;Libellen;Libellulidae;2026-07-08;643;S;zeldzaam
347413647;347413647;Sierlijke witsnuitlibel;Leucorrhinia caudalis;2025-04-29;4;2025-04-29;2;ter plaatse;gezien;imago, niet uitgekleurd;Man;207988.0718737523;214801.95835298116;5.199118614196777;51.24021530151367;FS5378;Mol - Den Diel - Van Sprietputten tot Sas 2;Mol;Mol;Antwerpen;ObsMapp;J;Goedgekeurd op basis van bewijsmateriaal;2026-04-29;3;;2;Libellen;Libellulidae;2026-07-08;643;S;zeldzaam
347413645;347413645;Sierlijke witsnuitlibel;Leucorrhinia caudalis;2025-04-29;4;2025-04-29;1;ter plaatse;gezien;imago;Vrouw;207997.17672679125;214809.70005628187;5.199250221252441;51.24028396606445;FS5378;Mol - Den Diel - Van Sprietputten tot Sas 2;Mol;Mol;Antwerpen;ObsMapp;J;Goedgekeurd op basis van bewijsmateriaal;2026-04-29;3;;2;Libellen;Libellulidae;2026-07-08;643;S;zeldzaam
350573552;350573552;Sierlijke witsnuitlibel;Leucorrhinia caudalis;2025-05-15;5;2025-05-15;1;ter plaatse;gezien;imago;Man;207872.92807952;214857.12040025927;5.197478771209717;51.24072265625;FS5378;Mol - Den Diel - Ten zuiden van Sprietputten;Mol;Mol;Antwerpen;ObsMapp;J;Goedgekeurd op basis van expertoordeel;1980-01-01;3;;3;Libellen;Libellulidae;2026-07-08;643;S;zeldzaam
350805262;350805262;Sierlijke witsnuitlibel;Leucorrhinia caudalis;2025-05-16;5;2025-05-16;1;ter plaatse;onbekend;imago;Man;207759.17993177648;214875.4714532271;5.195852999999943;51.240899;FS5378;Mol - Den Diel;Mol;Mol;Antwerpen;Site;J;Goedgekeurd op basis van bewijsmateriaal;1980-01-01;3;;15;Libellen;Libellulidae;2026-07-08;643;S;zeldzaam
310396540;310396540;Sierlijke witsnuitlibel;Leucorrhinia caudalis;2024-05-19;5;2024-05-19;1;ter plaatse;onbekend;imago;Man;207510.92809280465;214879.27420048416;5.192299000000048;51.240958;FS5378;Mol - Den Diel;Mol;Mol;Antwerpen;Site;J;Goedgekeurd op basis van bewijsmateriaal;1980-01-01;3;;30;Libellen;Libellulidae;2026-07-08;643;S;zeldzaam
216915225;216915225;Sierlijke witsnuitlibel;Leucorrhinia caudalis;2021-06-13;6;2021-06-13;1;ter plaatse;gezien;imago;Man;207886.32097880324;214922.20822479852;5.1976809501648;51.2413063049316;FS5378;Mol - Den Diel;Mol;Mol;Antwerpen;ObsMapp;J;Goedgekeurd op basis van bewijsmateriaal;2007-01-01;3;;22;Libellen;Libellulidae;2026-07-08;643;S;zeldzaam
350573555;350573555;Sierlijke witsnuitlibel;Leucorrhinia caudalis;2025-05-15;5;2025-05-15;1;ter plaatse;gezien;imago;Man;207874.698409002;214877.5129429316;5.197507381439209;51.24090576171875;FS5378;Mol - Den Diel;Mol;Mol;Antwerpen;ObsMapp;J;Goedgekeurd op basis van expertoordeel;1980-01-01;3;;3;Libellen;Libellulidae;2026-07-08;643;S;zeldzaam
350573557;350573557;Sierlijke witsnuitlibel;Leucorrhinia caudalis;2025-05-15;5;2025-05-15;1;ter plaatse;gezien;imago;Man;207880.66435588937;214900.9233890837;5.197596549987793;51.24111557006836;FS5378;Mol - Den Diel;Mol;Mol;Antwerpen;ObsMapp;J;Goedgekeurd op basis van expertoordeel;1980-01-01;3;;3;Libellen;Libellulidae;2026-07-08;643;S;zeldzaam
349206248;349206248;Sierlijke witsnuitlibel;Leucorrhinia caudalis;2025-05-08;5;2025-05-08;2;in copula;gezien;imago;onbekend;207807.869740138;214882.7088902332;5.196551322937012;51.24095916748047;FS5378;Mol - Den Diel;Mol;Mol;Antwerpen;ObsMapp;J;Goedgekeurd op basis van bewijsmateriaal;1980-01-01;3;;3;Libellen;Libellulidae;2026-07-08;643;S;zeldzaam
355760568;355760568;Sierlijke witsnuitlibel;Leucorrhinia caudalis;2025-06-11;6;2025-06-11;1;ter plaatse;gezien;imago;Man;207803.8646747609;214886.48409640044;5.1964945793151855;51.24099349975586;FS5378;Mol - Den Diel;Mol;Mol;Antwerpen;ObsMapp;J;Goedgekeurd op basis van expertoordeel;1980-01-01;3;;8;Libellen;Libellulidae;2026-07-08;643;S;zeldzaam
400451067;400451067;Sierlijke witsnuitlibel;Leucorrhinia caudalis;2026-05-23;5;2026-05-24;1;ter plaatse;gezien;imago;onbekend;207790.284999082;214906.70536683037;5.196303367614746;51.24117660522461;FS5378;Mol - Den Diel;Mol;Mol;Antwerpen;ObsMapp;J;Goedgekeurd op basis van expertoordeel;1980-01-01;3;;3;Libellen;Libellulidae;2026-07-08;643;S;zeldzaam
312993233;312993233;Sierlijke witsnuitlibel;Leucorrhinia caudalis;2024-06-04;6;2024-06-04;1;ter plaatse;gezien;imago;Man;207833.3598787465;214949.62096513063;5.19692699999996;51.241558;FS5378;Mol - Den Diel;Mol;Mol;Antwerpen;ObsMapp;J;Goedgekeurd op basis van bewijsmateriaal;1980-01-01;3;;3;Libellen;Libellulidae;2026-07-08;643;S;zeldzaam
241890098;241890098:2575310;Sierlijke witsnuitlibel;Leucorrhinia caudalis;2022-05-17;5;2022-05-17;1;eileggend;gezien;imago;Vrouw;207813.5191259989;214943.46579946484;5.19664192199707;51.2415046691895;FS5378;Mol - Den Diel;Mol;Mol;Antwerpen;ObsMapp;J;Goedgekeurd op basis van bewijsmateriaal;2007-01-01;3;copula met eileg van vrouwtje en een tweede mannetje dat erna in tandem kwam vliegen.;9;Libellen;Libellulidae;2026-07-08;643;S;zeldzaam
274789149;274789149;Sierlijke witsnuitlibel;Leucorrhinia caudalis;2023-06-03;6;2023-06-04;2;ter plaatse;onbekend;imago;onbekend;207886.3404733906;214935.36585774276;5.197683334350586;51.24142456054688;FS5378;Mol - Den Diel;Mol;Mol;Antwerpen;ObsMapp;J;Goedgekeurd op basis van expertoordeel;1980-01-01;3;;5;Libellen;Libellulidae;2026-07-08;643;S;zeldzaam
397651895;397651895;Sierlijke witsnuitlibel;Leucorrhinia caudalis;2026-05-10;5;2026-05-10;1;ter plaatse;gezien;imago;Man;207800.03285708348;214928.46017597892;5.196446418762207;51.24137115478516;FS5378;Mol - Den Diel;Mol;Mol;Antwerpen;ObsMapp;J;Goedgekeurd op basis van bewijsmateriaal;1980-01-01;3;;3;Libellen;Libellulidae;2026-07-08;643;S;zeldzaam
349206260;349206260;Sierlijke witsnuitlibel;Leucorrhinia caudalis;2025-05-08;5;2025-05-08;3;ter plaatse;gezien;imago;Man;207885.59306601668;214918.80462981388;5.197669982910156;51.24127578735352;FS5378;Mol - Den Diel;Mol;Mol;Antwerpen;ObsMapp;J;Goedgekeurd op basis van expertoordeel;1980-01-01;3;;3;Libellen;Libellulidae;2026-07-08;643;S;zeldzaam
350573558;350573558;Sierlijke witsnuitlibel;Leucorrhinia caudalis;2025-05-15;5;2025-05-15;2;ter plaatse;gezien;imago;Man;207880.49334411495;214907.2879690621;5.197595119476318;51.241172790527344;FS5378;Mol - Den Diel;Mol;Mol;Antwerpen;ObsMapp;J;Goedgekeurd op basis van expertoordeel;1980-01-01;3;;3;Libellen;Libellulidae;2026-07-08;643;S;zeldzaam
350573561;350573561;Sierlijke witsnuitlibel;Leucorrhinia caudalis;2025-05-15;5;2025-05-15;1;ter plaatse;gezien;imago;Man;207881.9395879774;214911.9728867309;5.1976165771484375;51.24121475219727;FS5378;Mol - Den Diel;Mol;Mol;Antwerpen;ObsMapp;J;Goedgekeurd op basis van expertoordeel;1980-01-01;3;;3;Libellen;Libellulidae;2026-07-08;643;S;zeldzaam
311492544;311492544:3461128;Sierlijke witsnuitlibel;Leucorrhinia caudalis;2024-05-25;5;2024-05-25;6;ter plaatse;onbekend;imago;Man;207798.94381614224;214933.5412180824;5.196431636810303;51.24141693115234;FS5378;Mol - Den Diel;Mol;Mol;Antwerpen;ObsMapp;J;Goedgekeurd op basis van expertoordeel;2024-08-25;3;;3;Libellen;Libellulidae;2026-07-08;643;S;zeldzaam
349206269;349206269;Sierlijke witsnuitlibel;Leucorrhinia caudalis;2025-05-08;5;2025-05-08;8;ter plaatse;gezien;imago;Man;207787.7303770332;214902.85697774496;5.196266174316406;51.24114227294922;FS5378;Mol - Den Diel;Mol;Mol;Antwerpen;ObsMapp;J;Goedgekeurd op basis van bewijsmateriaal;1980-01-01;3;;3;Libellen;Libellulidae;2026-07-08;643;S;zeldzaam
350573564;350573564;Sierlijke witsnuitlibel;Leucorrhinia caudalis;2025-05-15;5;2025-05-15;1;ter plaatse;gezien;imago;Man;207885.53121231584;214918.37950598449;5.19766902923584;51.24127197265625;FS5378;Mol - Den Diel;Mol;Mol;Antwerpen;ObsMapp;J;Goedgekeurd op basis van expertoordeel;1980-01-01;3;;3;Libellen;Libellulidae;2026-07-08;643;S;zeldzaam
275432996;275432996;Sierlijke witsnuitlibel;Leucorrhinia caudalis;2023-06-08;6;2023-06-08;7;ter plaatse;gezien;imago;Man;207663.01405834925;215045.73105722293;5.19450318;51.24243888;FS5379;Mol - Den Diel;Mol;Mol;Antwerpen;Site;J;Goedgekeurd op basis van expertoordeel;1980-01-01;3;;10;Libellen;Libellulidae;2026-07-08;643;S;zeldzaam
311492544;311492544:3461127;Sierlijke witsnuitlibel;Leucorrhinia caudalis;2024-05-25;5;2024-05-25;2;ter plaatse;onbekend;imago;Vrouw;207798.94381614224;214933.5412180824;5.196431636810303;51.24141693115234;FS5378;Mol - Den Diel;Mol;Mol;Antwerpen;ObsMapp;J;Goedgekeurd op basis van expertoordeel;2024-08-25;3;;3;Libellen;Libellulidae;2026-07-08;643;S;zeldzaam
400396888;400396888;Sierlijke witsnuitlibel;Leucorrhinia caudalis;2026-05-23;5;2026-05-24;1;ter plaatse;gezien;imago;Man;207831.21446721756;214893.1518174373;5.196887254714966;51.24105068434682;FS5378;Mol - Den Diel;Mol;Mol;Antwerpen;Site;J;Goedgekeurd op basis van bewijsmateriaal;1980-01-01;3;;50;Libellen;Libellulidae;2026-07-08;643;S;zeldzaam
244813482;244813482;Sierlijke witsnuitlibel;Leucorrhinia caudalis;2022-06-09;6;2022-06-09;1;ter plaatse;onbekend;imago;Man;207778.7968077814;215020.22015405356;5.196157;51.242198;FS5379;Mol - Den Diel;Mol;Mol;Antwerpen;iObs;J;Goedgekeurd op basis van bewijsmateriaal;2007-01-01;3;;10;Libellen;Libellulidae;2026-07-08;643;S;zeldzaam
400391801;400391801;Sierlijke witsnuitlibel;Leucorrhinia caudalis;2026-05-23;5;2026-05-24;1;ter plaatse;gezien;imago;Man;207627.7010994245;214847.7493778495;5.193966000000046;51.240663;FS5378;Mol - Den Diel;Mol;Mol;Antwerpen;Site;J;Goedgekeurd op basis van bewijsmateriaal;1980-01-01;3;;50;Libellen;Libellulidae;2026-07-08;643;S;zeldzaam
350573566;350573566;Sierlijke witsnuitlibel;Leucorrhinia caudalis;2025-05-15;5;2025-05-15;2;ter plaatse;gezien;imago;Man;207891.01605081744;214925.2317155255;5.19774866104126;51.2413330078125;FS5378;Mol - Den Diel;Mol;Mol;Antwerpen;ObsMapp;J;Goedgekeurd op basis van expertoordeel;1980-01-01;3;;3;Libellen;Libellulidae;2026-07-08;643;S;zeldzaam
350573567;350573567;Sierlijke witsnuitlibel;Leucorrhinia caudalis;2025-05-15;5;2025-05-15;1;ter plaatse;gezien;imago;Man;207898.85057861372;214927.44142980315;5.197861194610596;51.24135208129883;FS5378;Mol - Den Diel;Mol;Mol;Antwerpen;ObsMapp;J;Goedgekeurd op basis van expertoordeel;1980-01-01;3;;3;Libellen;Libellulidae;2026-07-08;643;S;zeldzaam
350573570;350573570;Sierlijke witsnuitlibel;Leucorrhinia caudalis;2025-05-15;5;2025-05-15;1;ter plaatse;gezien;imago;Man;207909.23980526312;214939.44166493692;5.198011875152588;51.241458892822266;FS5378;Mol - Den Diel;Mol;Mol;Antwerpen;ObsMapp;J;Goedgekeurd op basis van expertoordeel;1980-01-01;3;;4;Libellen;Libellulidae;2026-07-08;643;S;zeldzaam
216934710;216934710;Sierlijke witsnuitlibel;Leucorrhinia caudalis;2021-06-13;6;2021-06-13;1;ter plaatse;onbekend;imago;Man;207829.1597996851;214944.4893849222;5.19686604;51.2415123;FS5378;Mol - Den Diel;Mol;Mol;Antwerpen;ObsMapp;J;Goedgekeurd op basis van expertoordeel;2007-01-01;4;duidelijk herkenbaar aan witte snuit en berijpt achterlijf met op einde wit. zittend op dorre rietstengel;3;Libellen;Libellulidae;2026-07-08;643;S;zeldzaam
353948818;353948818;Sierlijke witsnuitlibel;Leucorrhinia caudalis;2025-06-01;6;2025-06-01;1;ter plaatse;onbekend;imago;Man;207802.60647294545;214905.2333953157;5.196479558944702;51.241162140069015;FS5378;Mol - Den Diel;Mol;Mol;Antwerpen;Site;J;Goedgekeurd op basis van bewijsmateriaal;1980-01-01;3;;15;Libellen;Libellulidae;2026-07-08;643;S;zeldzaam
311867646;311867646;Sierlijke witsnuitlibel;Leucorrhinia caudalis;2024-05-26;5;2024-05-27;1;ter plaatse;onbekend;imago;Man;207801.42739283748;214919.78003963176;5.196464999999989;51.241293;FS5378;Mol - Den Diel;Mol;Mol;Antwerpen;Site;J;Goedgekeurd op basis van bewijsmateriaal;1980-01-01;3;;999;Libellen;Libellulidae;2026-07-08;643;S;zeldzaam
192565753;192565753;Sierlijke witsnuitlibel;Leucorrhinia caudalis;2020-05-27;5;2020-05-27;1;ter plaatse;onbekend;imago;Man;223551.75846570093;190283.20806474984;5.41699695587158;51.0180702209473;FS6954;Houthalen - Tenhaagdoornheide;Houthalen-Helchteren;Houthalen;Limburg;ObsMapp;J;Goedgekeurd op basis van expertoordeel;2007-01-01;3;;25;Libellen;Libellulidae;2026-07-08;643;S;zeer zeldzaam
242434256;242434256;Sierlijke witsnuitlibel;Leucorrhinia caudalis;2022-05-21;5;2022-05-21;1;ter plaatse;onbekend;imago;Man;207813.6432851985;214938.0750017129;5.19664283841848;51.2414562055653;FS5378;Mol - Den Diel;Mol;Mol;Antwerpen;ObsMapp;J;Goedgekeurd op basis van expertoordeel;2007-01-01;3;;5;Libellen;Libellulidae;2026-07-08;643;S;zeldzaam
400304280;400304280;Sierlijke witsnuitlibel;Leucorrhinia caudalis;2026-05-23;5;2026-05-23;3;ter plaatse;onbekend;imago;onbekend;207806.7820643709;214943.11589482613;5.1965454;51.2415022;FS5378;Mol - Den Diel;Mol;Mol;Antwerpen;Observation;J;Goedgekeurd op basis van expertoordeel;1980-01-01;3;;10;Libellen;Libellulidae;2026-07-08;643;S;zeldzaam
400577100;400577100;Sierlijke witsnuitlibel;Leucorrhinia caudalis;2026-05-24;5;2026-05-24;2;ter plaatse;onbekend;imago;Man;207577.0260396714;214843.21264261287;5.193239688873291;51.24062728881836;FS5378;Mol - Den Diel;Mol;Mol;Antwerpen;ObsMapp;J;Goedgekeurd op basis van expertoordeel;1980-01-01;4;;3;Libellen;Libellulidae;2026-07-08;643;S;zeldzaam
313515575;313515575;Sierlijke witsnuitlibel;Leucorrhinia caudalis;2024-06-02;6;2024-06-07;2;ter plaatse;onbekend;imago;Man;207800.87312235255;214931.90146564503;5.196459000000004;51.241402;FS5378;Mol - Den Diel;Mol;Mol;Antwerpen;ObsMapp;J;Goedgekeurd op basis van bewijsmateriaal;1980-01-01;3;;3;Libellen;Libellulidae;2026-07-08;643;S;zeldzaam
401223862;401223862;Sierlijke witsnuitlibel;Leucorrhinia caudalis;2026-05-23;5;2026-05-27;1;ter plaatse;gezien;imago;onbekend;207575.0761665607;214847.8597288616;5.193212509155273;51.24066925048828;FS5378;Mol - Den Diel;Mol;Mol;Antwerpen;ObsMapp;J;Goedgekeurd op basis van expertoordeel;1980-01-01;3;;3;Libellen;Libellulidae;2026-07-08;643;S;zeldzaam
216949290;216949290;Sierlijke witsnuitlibel;Leucorrhinia caudalis;2021-06-13;6;2021-06-13;1;ter plaatse;gezien;imago;Man;207826.4006740632;214944.03356471844;5.19682646;51.24150848;FS5378;Mol - Den Diel;Mol;Mol;Antwerpen;ObsMapp;J;Goedgekeurd op basis van bewijsmateriaal;1980-01-01;3;;3;Libellen;Libellulidae;2026-07-08;643;S;zeldzaam
216949291;216949291;Sierlijke witsnuitlibel;Leucorrhinia caudalis;2021-06-13;6;2021-06-13;1;ter plaatse;gezien;imago;Man;207879.1951913195;214913.215936929;5.19757748;51.2412262;FS5378;Mol - Den Diel;Mol;Mol;Antwerpen;ObsMapp;J;Goedgekeurd op basis van bewijsmateriaal;1980-01-01;3;;3;Libellen;Libellulidae;2026-07-08;643;S;zeldzaam
242420827;242420827;Sierlijke witsnuitlibel;Leucorrhinia caudalis;2022-05-21;5;2022-05-21;3;ter plaatse;gezien;imago;Man;207827.4423638035;214946.16778796632;5.19684171676636;51.241527557373;FS5378;Mol - Den Diel;Mol;Mol;Antwerpen;ObsMapp;J;Goedgekeurd op basis van bewijsmateriaal;2007-01-01;3;;2;Libellen;Libellulidae;2026-07-08;643;S;zeldzaam
216952119;216952119;Sierlijke witsnuitlibel;Leucorrhinia caudalis;2021-06-12;6;2021-06-13;1;ter plaatse;gezien;imago;Man;207827.12192395495;214940.984121996;5.1968363;51.241481;FS5378;Mol - Den Diel;Mol;Mol;Antwerpen;Site;J;Goedgekeurd op basis van bewijsmateriaal;1980-01-01;3;;5;Libellen;Libellulidae;2026-07-08;643;S;zeldzaam
242420826;242420826;Sierlijke witsnuitlibel;Leucorrhinia caudalis;2022-05-21;5;2022-05-21;1;ter plaatse;gezien;imago;Man;207817.85248318556;214844.62135539576;5.19668817520142;51.2406158447266;FS5378;Mol - Den Diel - Ten zuiden van Sprietputten;Mol;Mol;Antwerpen;ObsMapp;J;Goedgekeurd op basis van bewijsmateriaal;2007-01-01;3;;2;Libellen;Libellulidae;2026-07-08;643;S;zeldzaam
242420825;242420825;Sierlijke witsnuitlibel;Leucorrhinia caudalis;2022-05-21;5;2022-05-21;1;ter plaatse;gezien;imago;Man;207850.98799252283;214823.76962234173;5.19715929031372;51.2404251098633;FS5378;Mol - Den Diel - Ten zuiden van Sprietputten;Mol;Mol;Antwerpen;ObsMapp;J;Goedgekeurd op basis van bewijsmateriaal;2007-01-01;3;;4;Libellen;Libellulidae;2026-07-08;643;S;zeldzaam
400175726;400175726;Sierlijke witsnuitlibel;Leucorrhinia caudalis;2026-05-23;5;2026-05-23;1;ter plaatse;onbekend;imago;Man;207809.57209303547;214882.720377448;5.1965757;51.2409591;FS5378;Mol - Den Diel;Mol;Mol;Antwerpen;Observation;J;Goedgekeurd op basis van expertoordeel;1980-01-01;3;;8;Libellen;Libellulidae;2026-07-08;643;S;zeldzaam
400175576;400175576;Sierlijke witsnuitlibel;Leucorrhinia caudalis;2026-05-23;5;2026-05-23;2;ter plaatse;onbekend;imago;Man;207571.3378433607;214841.0589413252;5.1931579;51.2406085;FS5378;Mol - Den Diel - Ten zuiden van Sprietputten;Mol;Mol;Antwerpen;Observation;J;Goedgekeurd op basis van expertoordeel;1980-01-01;3;;9;Libellen;Libellulidae;2026-07-08;643;S;zeldzaam
194351235;194351235;Sierlijke witsnuitlibel;Leucorrhinia caudalis;2020-06-18;6;2020-06-18;1;ter plaatse;gezien;imago;Man;207810.76505183143;214945.55723017827;5.1966028213501;51.2415237426758;FS5378;Mol - Den Diel;Mol;Mol;Antwerpen;ObsMapp;J;Goedgekeurd op basis van bewijsmateriaal;2007-01-01;3;;25;Libellen;Libellulidae;2026-07-08;643;S;zeldzaam
402590135;402590135;Sierlijke witsnuitlibel;Leucorrhinia caudalis;2026-06-01;6;2026-06-01;1;ter plaatse;onbekend;imago;Man;207802.14806602735;214909.00631948747;5.196473597929526;51.241196096161055;FS5378;Mol - Den Diel;Mol;Mol;Antwerpen;Site;J;Goedgekeurd op basis van bewijsmateriaal;1980-01-01;3;;7;Libellen;Libellulidae;2026-07-08;643;S;zeldzaam
241925911;241925911;Sierlijke witsnuitlibel;Leucorrhinia caudalis;2022-05-17;5;2022-05-17;2;ter plaatse;gezien;imago;Man;207810.27062251547;214951.06933816988;5.19659662246704;51.2415733337402;FS5378;Mol - Den Diel;Mol;Mol;Antwerpen;ObsMapp;J;Goedgekeurd op basis van bewijsmateriaal;2007-01-01;3;;999;Libellen;Libellulidae;2026-07-08;643;S;zeldzaam
241925909;241925909;Sierlijke witsnuitlibel;Leucorrhinia caudalis;2022-05-17;5;2022-05-17;2;in copula;gezien;imago;onbekend;207812.6300070215;214951.52009905223;5.19663047790527;51.2415771484375;FS5378;Mol - Den Diel;Mol;Mol;Antwerpen;ObsMapp;J;Goedgekeurd op basis van bewijsmateriaal;2007-01-01;3;;999;Libellen;Libellulidae;2026-07-08;643;S;zeldzaam
241925907;241925907;Sierlijke witsnuitlibel;Leucorrhinia caudalis;2022-05-17;5;2022-05-17;1;eileggend;gezien;imago;Vrouw;207809.77086220312;214945.12170363404;5.19658851623535;51.2415199279785;FS5378;Mol - Den Diel;Mol;Mol;Antwerpen;ObsMapp;J;Goedgekeurd op basis van expertoordeel;2007-01-01;3;;2;Libellen;Libellulidae;2026-07-08;643;S;zeldzaam
241925906;241925906;Sierlijke witsnuitlibel;Leucorrhinia caudalis;2022-05-17;5;2022-05-17;2;tandem;gezien;imago;Man;207809.66623421863;214945.54496884343;5.19658708572388;51.2415237426758;FS5378;Mol - Den Diel;Mol;Mol;Antwerpen;ObsMapp;J;Goedgekeurd op basis van expertoordeel;2007-01-01;3;;2;Libellen;Libellulidae;2026-07-08;643;S;zeldzaam
272691106;272691106;Sierlijke witsnuitlibel;Leucorrhinia caudalis;2023-05-21;5;2023-05-21;3;ter plaatse;onbekend;imago;Man;207785.1526992375;215001.37641753908;5.196244999999976;51.242028;FS5379;Mol - Den Diel;Mol;Mol;Antwerpen;iObs;J;Goedgekeurd op basis van expertoordeel;1980-01-01;3;;47;Libellen;Libellulidae;2026-07-08;643;S;zeldzaam
241671051;241671051;Sierlijke witsnuitlibel;Leucorrhinia caudalis;2022-05-15;5;2022-05-15;1;ter plaatse;gezien;imago;Vrouw;207615.56772007432;214914.09690048173;5.19380283355713;51.2412605285645;FS5378;Mol - Den Diel;Mol;Mol;Antwerpen;ObsMapp;J;Goedgekeurd op basis van bewijsmateriaal;2007-01-01;3;;999;Libellen;Libellulidae;2026-07-08;643;S;zeldzaam
272691114;272691114;Sierlijke witsnuitlibel;Leucorrhinia caudalis;2023-05-21;5;2023-05-21;3;ter plaatse;onbekend;imago;Man;207466.5973810193;215066.59324341547;5.191693999999984;51.242646;FS5279;Mol - Den Diel;Mol;Mol;Antwerpen;iObs;J;Goedgekeurd op basis van bewijsmateriaal;1980-01-01;3;;35;Libellen;Libellulidae;2026-07-08;643;S;zeldzaam
313500919;313500919;Sierlijke witsnuitlibel;Leucorrhinia caudalis;2024-06-07;6;2024-06-07;1;ter plaatse;gezien;imago;onbekend;207802.81107036324;214933.1599317221;5.196486949920654;51.24141311645508;FS5378;Mol - Den Diel;Mol;Mol;Antwerpen;ObsMapp;J;Goedgekeurd op basis van expertoordeel;1980-01-01;3;;3;Libellen;Libellulidae;2026-07-08;643;S;zeldzaam
194532121;194532121;Sierlijke witsnuitlibel;Leucorrhinia caudalis;2020-06-20;6;2020-06-20;1;ter plaatse;gezien;imago;Man;207823.04839649776;214882.13109176792;5.19676856696606;51.2409524519609;FS5378;Mol - Den Diel;Mol;Mol;Antwerpen;ObsMapp;J;Goedgekeurd op basis van expertoordeel;2007-01-01;4;;25;Libellen;Libellulidae;2026-07-08;643;S;zeldzaam
402549041;402549041;Sierlijke witsnuitlibel;Leucorrhinia caudalis;2026-06-01;6;2026-06-01;1;ter plaatse;onbekend;imago;Man;207807.83758237824;214906.48280145787;5.196554660797119;51.24117284484171;FS5378;Mol - Den Diel;Mol;Mol;Antwerpen;Site;J;Goedgekeurd op basis van bewijsmateriaal;1980-01-01;3;;30;Libellen;Libellulidae;2026-07-08;643;S;zeldzaam
400304283;400304283;Sierlijke witsnuitlibel;Leucorrhinia caudalis;2026-05-23;5;2026-05-23;2;in copula;onbekend;imago;onbekend;207803.6217061149;214937.18372094168;5.1964992;51.2414492;FS5378;Mol - Den Diel;Mol;Mol;Antwerpen;Observation;J;Goedgekeurd op basis van expertoordeel;1980-01-01;3;;8;Libellen;Libellulidae;2026-07-08;643;S;zeldzaam
244215013;244215013;Sierlijke witsnuitlibel;Leucorrhinia caudalis;2022-06-04;6;2022-06-04;1;ter plaatse;gezien;imago;onbekend;207814.19608327813;214939.61597366724;5.196651;51.24147;FS5378;Mol - Den Diel;Mol;Mol;Antwerpen;ObsMapp;J;Goedgekeurd op basis van expertoordeel;2007-01-01;4;Witte pterostigma en witte achterlijf aanhangsels. Foto zie lieven Decrick en Robin Septor;5;Libellen;Libellulidae;2026-07-08;643;S;zeldzaam
354359752;354359752;Sierlijke witsnuitlibel;Leucorrhinia caudalis;2025-06-03;6;2025-06-03;2;ter plaatse;gezien;imago;Man;207801.31283329177;214936.11424454677;5.196465969085693;51.24143981933594;FS5378;Mol - Den Diel;Mol;Mol;Antwerpen;ObsMapp;J;Goedgekeurd op basis van expertoordeel;1980-01-01;3;;5;Libellen;Libellulidae;2026-07-08;643;S;zeldzaam
349761123;349761123;Sierlijke witsnuitlibel;Leucorrhinia caudalis;2025-05-11;5;2025-05-11;1;ter plaatse;onbekend;imago;Man;207804.93264553335;214934.03246837016;5.196517467498779;51.24142074584961;FS5378;Mol - Den Diel;Mol;Mol;Antwerpen;ObsMapp;J;Goedgekeurd op basis van bewijsmateriaal;1980-01-01;3;;2;Libellen;Libellulidae;2026-07-08;643;S;zeldzaam
349380701;349380701;Sierlijke witsnuitlibel;Leucorrhinia caudalis;2025-05-09;5;2025-05-09;6;ter plaatse;onbekend;imago;onbekend;207776.93327578212;214899.25705031207;5.1961109999999735;51.241111;FS5378;Mol - Den Diel;Mol;Mol;Antwerpen;Site;J;Goedgekeurd op basis van bewijsmateriaal;1980-01-01;4;;999;Libellen;Libellulidae;2026-07-08;643;S;zeldzaam
313356667;313356667;Sierlijke witsnuitlibel;Leucorrhinia caudalis;2024-06-06;6;2024-06-06;1;ter plaatse;onbekend;imago;Man;207811.4337173532;214904.532303839;5.196605840828852;51.24115495358912;FS5378;Mol - Den Diel;Mol;Mol;Antwerpen;Site;J;Goedgekeurd op basis van bewijsmateriaal;1980-01-01;3;;7;Libellen;Libellulidae;2026-07-08;643;S;zeldzaam
358000218;358000218;Sierlijke witsnuitlibel;Leucorrhinia caudalis;2025-06-21;6;2025-06-21;3;ter plaatse;onbekend;imago;onbekend;207796.3461680984;214899.4735820135;5.196388999999954;51.241111;FS5378;Mol - Den Diel;Mol;Mol;Antwerpen;Site;J;Goedgekeurd op basis van bewijsmateriaal;1980-01-01;4;;999;Libellen;Libellulidae;2026-07-08;643;S;zeldzaam
311449782;311449782;Sierlijke witsnuitlibel;Leucorrhinia caudalis;2024-05-25;5;2024-05-25;8;ter plaatse;gezien;imago;Man;207809.52616245256;214938.7850247901;5.19658400000003;51.241463;FS5378;Mol - Den Diel;Mol;Mol;Antwerpen;ObsMapp;J;Goedgekeurd op basis van bewijsmateriaal;1980-01-01;3;6 man_ 2 vrouw.;5;Libellen;Libellulidae;2026-07-08;643;S;zeldzaam
405858831;405858831;Sierlijke witsnuitlibel;Leucorrhinia caudalis;2026-06-18;6;2026-06-18;1;ter plaatse;onbekend;imago;Man;207776.93327578212;214899.25705031207;5.1961109999999735;51.241111;FS5378;Mol - Den Diel;Mol;Mol;Antwerpen;Site;J;Goedgekeurd op basis van bewijsmateriaal;1980-01-01;4;;999;Libellen;Libellulidae;2026-07-08;643;S;zeldzaam
347278687;347278687;Sierlijke witsnuitlibel;Leucorrhinia caudalis;2025-04-28;4;2025-04-29;1;ter plaatse;onbekend;imago;Man;207758.20871802705;214837.29760914852;5.195832999999993;51.240556;FS5378;Mol - Den Diel - Ten zuiden van Sprietputten;Mol;Mol;Antwerpen;Site;J;Goedgekeurd op basis van bewijsmateriaal;1980-01-01;4;;999;Libellen;Libellulidae;2026-07-08;643;S;zeldzaam
347277865;347277865;Sierlijke witsnuitlibel;Leucorrhinia caudalis;2025-04-28;4;2025-04-29;1;ter plaatse;onbekend;imago;Vrouw;207602.35686966215;214897.3130885316;5.193611000000033;51.241111;FS5378;Mol - Den Diel;Mol;Mol;Antwerpen;Site;J;Goedgekeurd op basis van bewijsmateriaal;1980-01-01;4;;999;Libellen;Libellulidae;2026-07-08;643;S;zeldzaam
401133371;401133371;Sierlijke witsnuitlibel;Leucorrhinia caudalis;2026-05-26;5;2026-05-26;5;ter plaatse;onbekend;imago;onbekend;207576.7325211784;214851.2697482435;5.193236768245697;51.24069973349139;FS5378;Mol - Den Diel;Mol;Mol;Antwerpen;ObsMapp;J;Goedgekeurd op basis van bewijsmateriaal;1980-01-01;4;;5;Libellen;Libellulidae;2026-07-08;643;S;zeldzaam
347277752;347277752;Sierlijke witsnuitlibel;Leucorrhinia caudalis;2025-04-28;4;2025-04-29;1;ter plaatse;onbekend;imago;Vrouw;207776.58837212305;214930.1841695337;5.1961109999999735;51.241389;FS5378;Mol - Den Diel;Mol;Mol;Antwerpen;Site;J;Goedgekeurd op basis van bewijsmateriaal;1980-01-01;4;;999;Libellen;Libellulidae;2026-07-08;643;S;zeldzaam
192620789;192620789;Sierlijke witsnuitlibel;Leucorrhinia caudalis;2020-05-27;5;2020-05-28;1;ter plaatse;gezien;imago;Man;223631.231938148;190236.3548055021;5.41812;51.017639;FS6954;Houthalen - Tenhaagdoornheide;Houthalen-Helchteren;Houthalen;Limburg;ObsMapp;J;Goedgekeurd op basis van bewijsmateriaal;2007-01-01;4;Foto van super ver genomen.;25;Libellen;Libellulidae;2026-07-08;643;S;zeer zeldzaam
351208100;351208100;Sierlijke witsnuitlibel;Leucorrhinia caudalis;2025-05-17;5;2025-05-18;2;ter plaatse;onbekend;imago;onbekend;207796.00114864708;214930.4006999433;5.196388999999954;51.241389;FS5378;Mol - Den Diel;Mol;Mol;Antwerpen;Site;J;Goedgekeurd op basis van bewijsmateriaal;1980-01-01;4;;999;Libellen;Libellulidae;2026-07-08;643;S;zeldzaam
192593086;192593086;Sierlijke witsnuitlibel;Leucorrhinia caudalis;2020-05-27;5;2020-05-28;1;ter plaatse;gezien;imago;Man;223540.13841255297;190268.44458765164;5.4168284;51.017939;FS6954;Houthalen - Tenhaagdoornheide;Houthalen-Helchteren;Houthalen;Limburg;Site;J;Goedgekeurd op basis van bewijsmateriaal;1980-01-01;3;;15;Libellen;Libellulidae;2026-07-08;643;S;zeer zeldzaam
351717114;351717114;Sierlijke witsnuitlibel;Leucorrhinia caudalis;2025-05-20;5;2025-05-21;10;ter plaatse;gezien;imago;Man;207606.04134478333;215090.9793632105;5.193694591522217;51.24285125732422;FS5379;Mol - Den Diel;Mol;Mol;Antwerpen;ObsMapp;J;Goedgekeurd op basis van expertoordeel;1980-01-01;3;;3;Libellen;Libellulidae;2026-07-08;643;S;zeldzaam
395614203;395614203;Sierlijke witsnuitlibel;Leucorrhinia caudalis;2026-05-01;5;2026-05-01;1;ter plaatse;onbekend;imago, niet uitgekleurd;Vrouw;207294.42130688927;214677.604546885;5.189166999999998;51.239167;FS5278;Mol - Kempisch kanaal - Kanaal thv Molse zandputten;Mol;Mol;Antwerpen;Site;J;Goedgekeurd op basis van bewijsmateriaal;1980-01-01;4;;999;Libellen;Libellulidae;2026-07-08;643;S;zeldzaam
245032958;245032958;Sierlijke witsnuitlibel;Leucorrhinia caudalis;2022-06-11;6;2022-06-11;1;ter plaatse;onbekend;imago;onbekend;207777.0092437955;214992.9056622153;5.196127042142816;51.24195268324832;FS5379;Mol - Den Diel;Mol;Mol;Antwerpen;iObs;J;Goedgekeurd op basis van expertoordeel;2007-01-01;3;;38;Libellen;Libellulidae;2026-07-08;643;S;zeldzaam
349775581;349775581;Sierlijke witsnuitlibel;Leucorrhinia caudalis;2025-05-11;5;2025-05-11;3;foeragerend;onbekend;imago;Man;207783.68388545315;214919.5281164544;5.196210896608966;51.24129251474382;FS5378;Mol - Den Diel;Mol;Mol;Antwerpen;iObs;J;Goedgekeurd op basis van bewijsmateriaal;1980-01-01;3;;8;Libellen;Libellulidae;2026-07-08;643;S;zeldzaam
216933012;216933012;Sierlijke witsnuitlibel;Leucorrhinia caudalis;2021-06-13;6;2021-06-13;1;ter plaatse;onbekend;imago;Man;207888.97561930632;214931.99983970448;5.19772052764893;51.2413940429688;FS5378;Mol - Den Diel;Mol;Mol;Antwerpen;ObsMapp;J;Goedgekeurd op basis van expertoordeel;2007-01-01;3;met LVV;6;Libellen;Libellulidae;2026-07-08;643;S;zeldzaam
192195264;192195264;Sierlijke witsnuitlibel;Leucorrhinia caudalis;2020-05-23;5;2020-05-23;1;overvliegend;gezien;imago;Man;207679.70838641727;214889.68771014176;5.19471735;51.24103473;FS5378;Mol - Den Diel;Mol;Mol;Antwerpen;Site;J;Goedgekeurd op basis van bewijsmateriaal;2020-07-01;3;maar efkes gezien op de boom int water _bruine korenbouten en viervlekken vonden het niet leuk_onmiddelijk weg;100;Libellen;Libellulidae;2026-07-08;643;S;zeldzaam
244987728;244987728;Sierlijke witsnuitlibel;Leucorrhinia caudalis;2022-06-09;6;2022-06-11;1;ter plaatse;onbekend;imago;Man;207776.50202794836;215013.07376097143;5.196123;51.242134;FS5379;Mol - Den Diel;Mol;Mol;Antwerpen;ObsMapp;J;Goedgekeurd op basis van bewijsmateriaal;2007-01-01;3;;3;Libellen;Libellulidae;2026-07-08;643;S;zeldzaam
275616730;275616730;Sierlijke witsnuitlibel;Leucorrhinia caudalis;2023-06-09;6;2023-06-09;1;ter plaatse;gezien;imago;Man;207807.96993582975;214888.65206475745;5.196553707122803;51.24101257324219;FS5378;Mol - Den Diel;Mol;Mol;Antwerpen;ObsMapp;J;Goedgekeurd op basis van bewijsmateriaal;1980-01-01;3;;7;Libellen;Libellulidae;2026-07-08;643;S;zeldzaam
275616725;275616725;Sierlijke witsnuitlibel;Leucorrhinia caudalis;2023-06-09;6;2023-06-09;2;ter plaatse;gezien;imago;Man;207833.26400976203;214931.8020600993;5.196922779083252;51.241397857666016;FS5378;Mol - Den Diel;Mol;Mol;Antwerpen;ObsMapp;J;Goedgekeurd op basis van bewijsmateriaal;1980-01-01;3;;10;Libellen;Libellulidae;2026-07-08;643;S;zeldzaam
314573669;314573669;Sierlijke witsnuitlibel;Leucorrhinia caudalis;2024-05-25;5;2024-06-15;2;ter plaatse;onbekend;imago;onbekend;207811.8060350689;214947.266414213;5.196617999999944;51.241539;FS5378;Mol - Den Diel;Mol;Mol;Antwerpen;ObsMapp;J;Goedgekeurd op basis van expertoordeel;1980-01-01;3;;3;Libellen;Libellulidae;2026-07-08;643;S;zeldzaam
400179991;400179991;Sierlijke witsnuitlibel;Leucorrhinia caudalis;2026-05-23;5;2026-05-23;1;eileggend;gezien;imago;Vrouw;207874.97088308173;214912.74389951865;5.197516918182373;51.2412223815918;FS5378;Mol - Den Diel;Mol;Mol;Antwerpen;ObsMapp;J;Goedgekeurd op basis van bewijsmateriaal;1980-01-01;3;;3;Libellen;Libellulidae;2026-07-08;643;S;zeldzaam
400179994;400179994;Sierlijke witsnuitlibel;Leucorrhinia caudalis;2026-05-23;5;2026-05-23;2;in copula;gezien;imago;onbekend;207874.87098993943;214912.74278360605;5.197515487670898;51.2412223815918;FS5378;Mol - Den Diel;Mol;Mol;Antwerpen;ObsMapp;J;Goedgekeurd op basis van bewijsmateriaal;1980-01-01;3;;4;Libellen;Libellulidae;2026-07-08;643;S;zeldzaam
400179998;400179998;Sierlijke witsnuitlibel;Leucorrhinia caudalis;2026-05-23;5;2026-05-23;2;in copula;gezien;imago;onbekend;207541.55482531164;214897.5703285681;5.192740440368652;51.241119384765625;FS5378;Mol - Den Diel;Mol;Mol;Antwerpen;ObsMapp;J;Goedgekeurd op basis van expertoordeel;1980-01-01;3;;3;Libellen;Libellulidae;2026-07-08;643;S;zeldzaam
276343551;276343551;Sierlijke witsnuitlibel;Leucorrhinia caudalis;2023-06-14;6;2023-06-14;1;ter plaatse;gezien;imago;Man;207884.18044589795;214923.03317391968;5.19765043258667;51.24131393432617;FS5378;Mol - Den Diel;Mol;Mol;Antwerpen;ObsMapp;J;Goedgekeurd op basis van expertoordeel;1980-01-01;3;;4;Libellen;Libellulidae;2026-07-08;643;S;zeldzaam
312993243;312993243;Sierlijke witsnuitlibel;Leucorrhinia caudalis;2024-06-04;6;2024-06-04;1;ter plaatse;gezien;imago;Man;207805.04750326724;214947.61559603084;5.196521282196045;51.24154281616211;FS5378;Mol - Den Diel;Mol;Mol;Antwerpen;ObsMapp;J;Goedgekeurd op basis van expertoordeel;1980-01-01;3;;3;Libellen;Libellulidae;2026-07-08;643;S;zeldzaam
276343548;276343548;Sierlijke witsnuitlibel;Leucorrhinia caudalis;2023-06-14;6;2023-06-14;2;ter plaatse;gezien;imago;Man;207827.6088513006;214946.16964630503;5.196844100952148;51.24152755737305;FS5378;Mol - Den Diel;Mol;Mol;Antwerpen;ObsMapp;J;Goedgekeurd op basis van expertoordeel;1980-01-01;3;;3;Libellen;Libellulidae;2026-07-08;643;S;zeldzaam
276343540;276343540;Sierlijke witsnuitlibel;Leucorrhinia caudalis;2023-06-14;6;2023-06-14;1;ter plaatse;gezien;imago;Man;207825.7584016758;214944.87569373287;5.196817398071289;51.24151611328125;FS5378;Mol - Den Diel;Mol;Mol;Antwerpen;ObsMapp;J;Goedgekeurd op basis van expertoordeel;1980-01-01;3;;2;Libellen;Libellulidae;2026-07-08;643;S;zeldzaam
276343539;276343539;Sierlijke witsnuitlibel;Leucorrhinia caudalis;2023-06-14;6;2023-06-14;2;ter plaatse;gezien;imago;Man;207789.00532166893;214904.9933620337;5.196284770965576;51.24116134643555;FS5378;Mol - Den Diel;Mol;Mol;Antwerpen;ObsMapp;J;Goedgekeurd op basis van expertoordeel;1980-01-01;3;;2;Libellen;Libellulidae;2026-07-08;643;S;zeldzaam
276343536;276343536;Sierlijke witsnuitlibel;Leucorrhinia caudalis;2023-06-14;6;2023-06-14;3;ter plaatse;gezien;imago;Man;207818.46754372783;214971.5335827777;5.196717262268066;51.24175643920898;FS5379;Mol - Den Diel;Mol;Mol;Antwerpen;ObsMapp;J;Goedgekeurd op basis van expertoordeel;1980-01-01;3;;3;Libellen;Libellulidae;2026-07-08;643;S;zeldzaam
400576376;400576376;Sierlijke witsnuitlibel;Leucorrhinia caudalis;2026-05-24;5;2026-05-24;2;in copula;onbekend;imago;onbekend;207806.6598374856;214943.3892591754;5.1965436935424805;51.24150466918945;FS5378;Mol - Den Diel;Mol;Mol;Antwerpen;ObsMapp;J;Goedgekeurd op basis van expertoordeel;1980-01-01;4;;3;Libellen;Libellulidae;2026-07-08;643;S;zeldzaam
275409383;275409383;Sierlijke witsnuitlibel;Leucorrhinia caudalis;2023-06-08;6;2023-06-08;5;ter plaatse;gezien;imago;Man;207816.3306162804;214948.1659342684;5.196682929992676;51.241546630859375;FS5378;Mol - Den Diel;Mol;Mol;Antwerpen;ObsMapp;J;Goedgekeurd op basis van bewijsmateriaal;1980-01-01;3;;5;Libellen;Libellulidae;2026-07-08;643;S;zeldzaam
275409381;275409381;Sierlijke witsnuitlibel;Leucorrhinia caudalis;2023-06-08;6;2023-06-08;1;ter plaatse;gezien;imago;onbekend;207879.2052017654;214933.16397422925;5.197580814361572;51.24140548706055;FS5378;Mol - Den Diel;Mol;Mol;Antwerpen;ObsMapp;J;Goedgekeurd op basis van bewijsmateriaal;1980-01-01;3;;3;Libellen;Libellulidae;2026-07-08;643;S;zeldzaam
401567639;401567639;Sierlijke witsnuitlibel;Leucorrhinia caudalis;2026-05-28;5;2026-05-28;2;ter plaatse;onbekend;imago;Man;180629.9197973757;216911.54905965552;4.807555198669434;51.26128005981445;FS2680;Lille - Visbeekvallei - De Schaaf;Lille;Wechelderzande;Antwerpen;ObsMapp;J;Goedgekeurd op basis van bewijsmateriaal;1980-01-01;3;gebeld naar Peter VDS die vervolgens komen kijken is_;4;Libellen;Libellulidae;2026-07-08;643;S;zeldzaam
245683389;245683389;Sierlijke witsnuitlibel;Leucorrhinia caudalis;2022-06-11;6;2022-06-16;1;ter plaatse;onbekend;imago;onbekend;207822.7259125189;214848.03089434467;5.1967585;51.240646;FS5378;Mol - Den Diel - Ten zuiden van Sprietputten;Mol;Mol;Antwerpen;Site;J;Goedgekeurd op basis van bewijsmateriaal;1980-01-01;3;;25;Libellen;Libellulidae;2026-07-08;643;S;zeldzaam
349841799;349841799;Sierlijke witsnuitlibel;Leucorrhinia caudalis;2025-05-11;5;2025-05-11;1;ter plaatse;onbekend;imago;onbekend;208205.34427623145;214795.4816709906;5.202228546142578;51.24013519287109;FS5378;Mol - Den Diel - Van Sprietputten tot Sas 2;Mol;Mol;Antwerpen;ObsMapp;J;Goedgekeurd op basis van expertoordeel;1980-01-01;3;;1;Libellen;Libellulidae;2026-07-08;643;S;zeldzaam
349841800;349841800;Sierlijke witsnuitlibel;Leucorrhinia caudalis;2025-05-11;5;2025-05-11;1;ter plaatse;onbekend;imago;onbekend;207998.51790577415;214791.04003356863;5.19926643371582;51.240116119384766;FS5378;Mol - Den Diel - Van Sprietputten tot Sas 2;Mol;Mol;Antwerpen;ObsMapp;J;Goedgekeurd op basis van expertoordeel;1980-01-01;3;;1;Libellen;Libellulidae;2026-07-08;643;S;zeldzaam
245683111;245683111;Sierlijke witsnuitlibel;Leucorrhinia caudalis;2022-06-11;6;2022-06-16;1;ter plaatse;gezien;imago;onbekend;207894.05975422155;214928.71399559733;5.1977928;51.241364;FS5378;Mol - Den Diel;Mol;Mol;Antwerpen;Site;J;Goedgekeurd op basis van bewijsmateriaal;1980-01-01;3;;7;Libellen;Libellulidae;2026-07-08;643;S;zeldzaam
276343533;276343533;Sierlijke witsnuitlibel;Leucorrhinia caudalis;2023-06-14;6;2023-06-14;2;in copula;gezien;imago;onbekend;207818.46754372783;214971.5335827777;5.196717262268066;51.24175643920898;FS5379;Mol - Den Diel;Mol;Mol;Antwerpen;ObsMapp;J;Goedgekeurd op basis van expertoordeel;1980-01-01;3;;3;Libellen;Libellulidae;2026-07-08;643;S;zeldzaam
276082326;276082326;Sierlijke witsnuitlibel;Leucorrhinia caudalis;2023-06-12;6;2023-06-12;1;ter plaatse;gezien;imago;Man;187777.08174105492;218021.53168159723;4.910056591033936;51.27083206176758;FS3381;Tielen - Tielenkamp (Ontoegankelijk);Kasterlee;Tielen;Antwerpen;ObsMapp;J;Goedgekeurd op basis van bewijsmateriaal;1980-01-01;3;;5;Libellen;Libellulidae;2026-07-08;643;S;zeldzaam
319264454;319264454;Sierlijke witsnuitlibel;Leucorrhinia caudalis;2024-05-25;5;2024-07-16;4;ter plaatse;gezien;imago;onbekend;207810.09805788225;214924.75258571748;5.196589946746826;51.241336822509766;FS5378;Mol - Den Diel;Mol;Mol;Antwerpen;ObsMapp;J;Goedgekeurd op basis van expertoordeel;1980-01-01;3;;9;Libellen;Libellulidae;2026-07-08;643;S;zeldzaam
400180007;400180007;Sierlijke witsnuitlibel;Leucorrhinia caudalis;2026-05-23;5;2026-05-23;2;ter plaatse;gezien;imago;Man;207576.20898028425;214904.74625802413;5.193237781524658;51.24118041992188;FS5378;Mol - Den Diel;Mol;Mol;Antwerpen;ObsMapp;J;Goedgekeurd op basis van expertoordeel;1980-01-01;3;;3;Libellen;Libellulidae;2026-07-08;643;S;zeldzaam
311594876;311594876;Sierlijke witsnuitlibel;Leucorrhinia caudalis;2024-05-25;5;2024-05-26;5;ter plaatse;gezien;imago;Man;207807.5799268655;214944.21516978927;5.196556999999984;51.241512;FS5378;Mol - Den Diel;Mol;Mol;Antwerpen;ObsMapp;J;Goedgekeurd op basis van bewijsmateriaal;1980-01-01;3;;3;Libellen;Libellulidae;2026-07-08;643;S;zeldzaam
244255850;244255850;Sierlijke witsnuitlibel;Leucorrhinia caudalis;2022-06-04;6;2022-06-05;1;ter plaatse;gezien;imago;Man;207809.9812493824;214938.93363150957;5.19659054;51.24146429;FS5378;Mol - Den Diel;Mol;Mol;Antwerpen;Site;J;Goedgekeurd op basis van bewijsmateriaal;1980-01-01;3;;10;Libellen;Libellulidae;2026-07-08;643;S;zeldzaam
397673970;397673970;Sierlijke witsnuitlibel;Leucorrhinia caudalis;2026-05-10;5;2026-05-10;1;ter plaatse;onbekend;imago;Man;207793.54939239172;214911.1109004384;5.196350812911987;51.24121587380474;FS5378;Mol - Den Diel;Mol;Mol;Antwerpen;Site;J;Goedgekeurd op basis van bewijsmateriaal;1980-01-01;3;;15;Libellen;Libellulidae;2026-07-08;643;S;zeldzaam
311444205;311444205:3460482;Sierlijke witsnuitlibel;Leucorrhinia caudalis;2024-05-25;5;2024-05-25;6;ter plaatse;onbekend;imago;Man;207806.88803399712;214940.84520922136;5.19654655456543;51.24148178100586;FS5378;Mol - Den Diel;Mol;Mol;Antwerpen;ObsMapp;J;Goedgekeurd op basis van expertoordeel;1980-01-01;3;;1;Libellen;Libellulidae;2026-07-08;643;S;zeldzaam
311444205;311444205:3460483;Sierlijke witsnuitlibel;Leucorrhinia caudalis;2024-05-25;5;2024-05-25;2;ter plaatse;onbekend;imago;Vrouw;207806.88803399712;214940.84520922136;5.19654655456543;51.24148178100586;FS5378;Mol - Den Diel;Mol;Mol;Antwerpen;ObsMapp;J;Goedgekeurd op basis van expertoordeel;1980-01-01;3;;1;Libellen;Libellulidae;2026-07-08;643;S;zeldzaam
400180012;400180012;Sierlijke witsnuitlibel;Leucorrhinia caudalis;2026-05-23;5;2026-05-23;2;ter plaatse;gezien;imago;Man;207607.84684066675;214907.64455487952;5.193691253662109;51.24120330810547;FS5378;Mol - Den Diel;Mol;Mol;Antwerpen;ObsMapp;J;Goedgekeurd op basis van expertoordeel;1980-01-01;3;;3;Libellen;Libellulidae;2026-07-08;643;S;zeldzaam
400180019;400180019;Sierlijke witsnuitlibel;Leucorrhinia caudalis;2026-05-23;5;2026-05-23;1;ter plaatse;gezien;imago;Man;207731.1045036185;215038.4685559161;5.19547700881958;51.24236679077149;FS5379;Mol - Den Diel;Mol;Mol;Antwerpen;ObsMapp;J;Goedgekeurd op basis van expertoordeel;1980-01-01;3;;3;Libellen;Libellulidae;2026-07-08;643;S;zeldzaam
272806988;272806988;Sierlijke witsnuitlibel;Leucorrhinia caudalis;2023-05-21;5;2023-05-21;1;ter plaatse;gezien;imago;Man;208016.1186845068;214804.3945104452;5.199520587921143;51.240234375;FS5378;Mol - Den Diel - Van Sprietputten tot Sas 2;Mol;Mol;Antwerpen;ObsMapp;J;Goedgekeurd op basis van expertoordeel;1980-01-01;3;;3;Libellen;Libellulidae;2026-07-08;643;S;zeldzaam
400180026;400180026;Sierlijke witsnuitlibel;Leucorrhinia caudalis;2026-05-23;5;2026-05-23;2;in copula;gezien;imago;onbekend;207798.7489208552;214936.0856398046;5.196429252624512;51.24143981933594;FS5378;Mol - Den Diel;Mol;Mol;Antwerpen;ObsMapp;J;Goedgekeurd op basis van bewijsmateriaal;1980-01-01;3;;3;Libellen;Libellulidae;2026-07-08;643;S;zeldzaam
400180042;400180042;Sierlijke witsnuitlibel;Leucorrhinia caudalis;2026-05-23;5;2026-05-23;3;ter plaatse;gezien;imago;Man;207835.73344109464;214946.26033948731;5.19696044921875;51.24152755737305;FS5378;Mol - Den Diel;Mol;Mol;Antwerpen;ObsMapp;J;Goedgekeurd op basis van expertoordeel;1980-01-01;3;;3;Libellen;Libellulidae;2026-07-08;643;S;zeldzaam
272806979;272806979;Sierlijke witsnuitlibel;Leucorrhinia caudalis;2023-05-21;5;2023-05-21;2;ter plaatse;gezien;imago, niet uitgekleurd;Man;207994.96939829044;214801.6111265244;5.199217319488525;51.240211486816406;FS5378;Mol - Den Diel - Van Sprietputten tot Sas 2;Mol;Mol;Antwerpen;ObsMapp;J;Goedgekeurd op basis van bewijsmateriaal;1980-01-01;3;;8;Libellen;Libellulidae;2026-07-08;643;S;zeldzaam
354369753;354369753;Sierlijke witsnuitlibel;Leucorrhinia caudalis;2025-06-03;6;2025-06-03;2;ter plaatse;onbekend;imago;Man;207801.9738959619;214933.5750239389;5.196475028991699;51.24141693115234;FS5378;Mol - Den Diel;Mol;Mol;Antwerpen;ObsMapp;J;Goedgekeurd op basis van expertoordeel;1980-01-01;3;;3;Libellen;Libellulidae;2026-07-08;643;S;zeldzaam
401960088;401960088;Sierlijke witsnuitlibel;Leucorrhinia caudalis;2026-05-30;5;2026-05-30;1;ter plaatse;onbekend;imago;Man;180633.53088890816;216920.05877560563;4.807607650756836;51.261356353759766;FS2680;Lille - Visbeekvallei - De Schaaf;Lille;Wechelderzande;Antwerpen;ObsMapp;J;Goedgekeurd op basis van expertoordeel;2026-06-30;3;;3;Libellen;Libellulidae;2026-07-08;643;S;zeldzaam
244316305;244316305;Sierlijke witsnuitlibel;Leucorrhinia caudalis;2022-06-02;6;2022-06-05;2;ter plaatse;onbekend;imago;Man;207874.6867999849;214919.9303310076;5.197514;51.241287;FS5378;Mol - Den Diel;Mol;Mol;Antwerpen;copied observation;J;Goedgekeurd op basis van bewijsmateriaal;2007-01-01;3;;5;Libellen;Libellulidae;2026-07-08;643;S;zeldzaam
397651915;397651915;Sierlijke witsnuitlibel;Leucorrhinia caudalis;2026-05-10;5;2026-05-10;1;ter plaatse;gezien;imago;onbekend;207791.3457932416;214907.1416324433;5.196318626403809;51.24118041992188;FS5378;Mol - Den Diel;Mol;Mol;Antwerpen;ObsMapp;J;Goedgekeurd op basis van expertoordeel;1980-01-01;3;;3;Libellen;Libellulidae;2026-07-08;643;S;zeldzaam
398970424;398970424;Sierlijke witsnuitlibel;Leucorrhinia caudalis;2026-05-09;5;2026-05-17;8;ter plaatse;gezien;imago;Man;207790.93739395257;214919.8700558972;5.196314811706543;51.24129486083984;FS5378;Mol - Den Diel;Mol;Mol;Antwerpen;ObsMapp;J;Goedgekeurd op basis van expertoordeel;1980-01-01;4;;2;Libellen;Libellulidae;2026-07-08;643;S;zeldzaam
311519426;311519426;Sierlijke witsnuitlibel;Leucorrhinia caudalis;2024-05-25;5;2024-05-26;4;in copula;gezien;imago;onbekend;207801.91685038077;214932.2468978865;5.196473999999967;51.241405;FS5378;Mol - Den Diel;Mol;Mol;Antwerpen;ObsMapp;J;Goedgekeurd op basis van bewijsmateriaal;1980-01-01;3;;3;Libellen;Libellulidae;2026-07-08;643;S;zeldzaam
350619904;350619904;Sierlijke witsnuitlibel;Leucorrhinia caudalis;2025-05-11;5;2025-05-15;1;ter plaatse;gezien;imago;Man;207792.25493907987;214918.18702254724;5.196333408355713;51.24127960205078;FS5378;Mol - Den Diel;Mol;Mol;Antwerpen;ObsMapp;J;Goedgekeurd op basis van bewijsmateriaal;2025-05-17;3;;3;Libellen;Libellulidae;2026-07-08;643;S;zeldzaam
397673548;397673548;Sierlijke witsnuitlibel;Leucorrhinia caudalis;2026-05-10;5;2026-05-10;1;ter plaatse;onbekend;imago;Man;207801.04138036416;214911.19448177423;5.196458101272583;51.24121587380474;FS5378;Mol - Den Diel;Mol;Mol;Antwerpen;Site;J;Goedgekeurd op basis van bewijsmateriaal;1980-01-01;3;;15;Libellen;Libellulidae;2026-07-08;643;S;zeldzaam
310193008;310193008;Sierlijke witsnuitlibel;Leucorrhinia caudalis;2024-05-18;5;2024-05-18;1;ter plaatse;gezien;imago;Man;207794.99183820168;214920.7096049674;5.196372999999994;51.241302;FS5378;Mol - Den Diel;Mol;Mol;Antwerpen;ObsMapp;J;Goedgekeurd op basis van bewijsmateriaal;1980-01-01;3;;3;Libellen;Libellulidae;2026-07-08;643;S;zeldzaam
312993247;312993247;Sierlijke witsnuitlibel;Leucorrhinia caudalis;2024-06-04;6;2024-06-04;1;ter plaatse;gezien;imago;Man;207796.73670702556;214934.3654603697;5.196400165557861;51.24142456054688;FS5378;Mol - Den Diel;Mol;Mol;Antwerpen;ObsMapp;J;Goedgekeurd op basis van expertoordeel;1980-01-01;3;;3;Libellen;Libellulidae;2026-07-08;643;S;zeldzaam
277750355;277750355;Sierlijke witsnuitlibel;Leucorrhinia caudalis;2023-06-24;6;2023-06-24;4;ter plaatse;gezien;imago;Man;207815.64582344345;214946.88535364624;5.19667292;51.24153519;FS5378;Mol - Den Diel;Mol;Mol;Antwerpen;ObsMapp;J;Goedgekeurd op basis van bewijsmateriaal;1980-01-01;3;;9;Libellen;Libellulidae;2026-07-08;643;S;zeldzaam
312993252;312993252;Sierlijke witsnuitlibel;Leucorrhinia caudalis;2024-06-04;6;2024-06-04;1;ter plaatse;gezien;imago;Man;207789.0586845916;214924.09342592585;5.196288585662842;51.2413330078125;FS5378;Mol - Den Diel;Mol;Mol;Antwerpen;ObsMapp;J;Goedgekeurd op basis van expertoordeel;1980-01-01;3;;3;Libellen;Libellulidae;2026-07-08;643;S;zeldzaam
397651941;397651941;Sierlijke witsnuitlibel;Leucorrhinia caudalis;2026-05-10;5;2026-05-10;1;ter plaatse;gezien;imago;Man;207877.73733601047;214858.87185512765;5.197547912597656;51.24073791503906;FS5378;Mol - Den Diel;Mol;Mol;Antwerpen;ObsMapp;J;Goedgekeurd op basis van bewijsmateriaal;1980-01-01;3;;3;Libellen;Libellulidae;2026-07-08;643;S;zeldzaam
310192524;310192524;Sierlijke witsnuitlibel;Leucorrhinia caudalis;2024-05-18;5;2024-05-18;3;ter plaatse;gezien;imago;Man;207861.9533300191;214903.2099902593;5.197328999999968;51.241138;FS5378;Mol - Den Diel;Mol;Mol;Antwerpen;ObsMapp;J;Goedgekeurd op basis van bewijsmateriaal;1980-01-01;3;;8;Libellen;Libellulidae;2026-07-08;643;S;zeldzaam
276304644;276304644;Sierlijke witsnuitlibel;Leucorrhinia caudalis;2023-06-14;6;2023-06-14;2;in copula;gezien;imago;onbekend;207821.05066904708;214975.80673945788;5.1967549324035645;51.24179458618164;FS5379;Mol - Den Diel;Mol;Mol;Antwerpen;ObsMapp;J;Goedgekeurd op basis van expertoordeel;1980-01-01;3;;8;Libellen;Libellulidae;2026-07-08;643;S;zeldzaam
276304645;276304645;Sierlijke witsnuitlibel;Leucorrhinia caudalis;2023-06-14;6;2023-06-14;3;ter plaatse;gezien;imago;Man;207818.36277158075;214968.9858169993;5.196715354919434;51.24173355102539;FS5378;Mol - Den Diel;Mol;Mol;Antwerpen;ObsMapp;J;Goedgekeurd op basis van expertoordeel;1980-01-01;3;;10;Libellen;Libellulidae;2026-07-08;643;S;zeldzaam
310192467;310192467;Sierlijke witsnuitlibel;Leucorrhinia caudalis;2024-05-18;5;2024-05-18;1;ter plaatse;gezien;imago;Man;207877.89891913917;214851.2060030531;5.197548999999981;51.240669;FS5378;Mol - Den Diel - Van Sprietputten tot Sas 2;Mol;Mol;Antwerpen;ObsMapp;J;Goedgekeurd op basis van bewijsmateriaal;1980-01-01;3;;3;Libellen;Libellulidae;2026-07-08;643;S;zeldzaam
191822793;191822793;Sierlijke witsnuitlibel;Leucorrhinia caudalis;2020-05-19;5;2020-05-19;1;ter plaatse;gezien;imago;Man;207792.4552764736;214916.4533346184;5.196336;51.241264;FS5378;Mol - Den Diel;Mol;Mol;Antwerpen;Site;J;Goedgekeurd op basis van bewijsmateriaal;2020-07-01;3;vervagen werkt niet : gisteren is bv een gevlekte witsnuit doorgegeven op natuurpunt meanderland_ omdat ze als onzeker doorgegeven werd_ kon ik niet meteen zien wie de dader was_ maar na goedkeuring kon ik vanmiddag opmaken dat het Manuel Vermeulen in de Most was. Om allerlei gelegenheidsfotografen uit het gebied te houden_ die alles platlopen_ verberg ik het beestje tot het gevaar geweken is (na twee jaar zit er eindelijk weer een koppel blauwborsten in het riet_ waar ze drie jaar geleden door fotografen verjaagd waren naast een ral en een dodaars op nest);25;Libellen;Libellulidae;2026-07-08;643;S;zeldzaam
402769885;402769885;Sierlijke witsnuitlibel;Leucorrhinia caudalis;2026-05-30;5;2026-06-03;11;ter plaatse;onbekend;imago;onbekend;207830.9259213744;214919.00116030127;5.196887254714966;51.24128304088608;FS5378;Mol - Den Diel;Mol;Mol;Antwerpen;Site;J;Goedgekeurd op basis van bewijsmateriaal;1980-01-01;3;;15;Libellen;Libellulidae;2026-07-08;643;S;zeldzaam
349206245;349206245;Sierlijke witsnuitlibel;Leucorrhinia caudalis;2025-05-08;5;2025-05-08;2;ter plaatse;gezien;imago;Man;207803.4415791706;214891.57256713603;5.196489334106445;51.24103927612305;FS5378;Mol - Den Diel;Mol;Mol;Antwerpen;ObsMapp;J;Goedgekeurd op basis van bewijsmateriaal;1980-01-01;3;;3;Libellen;Libellulidae;2026-07-08;643;S;zeldzaam
276304647;276304647;Sierlijke witsnuitlibel;Leucorrhinia caudalis;2023-06-14;6;2023-06-14;2;ter plaatse;gezien;imago;Man;207791.91690871207;214912.6656274516;5.196327686309815;51.24123001098633;FS5378;Mol - Den Diel;Mol;Mol;Antwerpen;ObsMapp;J;Goedgekeurd op basis van expertoordeel;1980-01-01;3;;11;Libellen;Libellulidae;2026-07-08;643;S;zeldzaam
217389144;217389144;Sierlijke witsnuitlibel;Leucorrhinia caudalis;2021-06-13;6;2021-06-18;1;ter plaatse;onbekend;imago;Man;207881.60051143565;214922.8369741868;5.19761346;51.24131243;FS5378;Mol - Den Diel;Mol;Mol;Antwerpen;Site;J;Goedgekeurd op basis van expertoordeel;1980-01-01;3;;10;Libellen;Libellulidae;2026-07-08;643;S;zeldzaam
349206209;349206209;Sierlijke witsnuitlibel;Leucorrhinia caudalis;2025-05-08;5;2025-05-08;1;ter plaatse;gezien;imago, niet uitgekleurd;Man;207605.93836556363;214896.5880900463;5.193662166595459;51.24110412597656;FS5378;Mol - Den Diel;Mol;Mol;Antwerpen;ObsMapp;J;Goedgekeurd op basis van bewijsmateriaal;1980-01-01;3;;12;Libellen;Libellulidae;2026-07-08;643;S;zeldzaam
276304649;276304649;Sierlijke witsnuitlibel;Leucorrhinia caudalis;2023-06-14;6;2023-06-14;2;ter plaatse;gezien;imago;Man;207888.63758880415;214923.50740769133;5.197714328765869;51.24131774902344;FS5378;Mol - Den Diel;Mol;Mol;Antwerpen;ObsMapp;J;Goedgekeurd op basis van expertoordeel;1980-01-01;3;;6;Libellen;Libellulidae;2026-07-08;643;S;zeldzaam
349206203;349206203;Sierlijke witsnuitlibel;Leucorrhinia caudalis;2025-05-08;5;2025-05-08;1;ter plaatse;gezien;imago;Man;207605.24934955488;214904.6446453817;5.193653583526611;51.24117660522461;FS5378;Mol - Den Diel;Mol;Mol;Antwerpen;ObsMapp;J;Goedgekeurd op basis van bewijsmateriaal;1980-01-01;3;;3;Libellen;Libellulidae;2026-07-08;643;S;zeldzaam
349206197;349206197;Sierlijke witsnuitlibel;Leucorrhinia caudalis;2025-05-08;5;2025-05-08;1;ter plaatse;gezien;imago, niet uitgekleurd;Man;207664.0725611373;214909.54336206612;5.1944966316223145;51.24121475219727;FS5378;Mol - Den Diel;Mol;Mol;Antwerpen;ObsMapp;J;Goedgekeurd op basis van bewijsmateriaal;1980-01-01;3;;3;Libellen;Libellulidae;2026-07-08;643;S;zeldzaam
401151550;401151550;Sierlijke witsnuitlibel;Leucorrhinia caudalis;2026-05-23;5;2026-05-26;4;ter plaatse;gezien;imago;Man;207813.4516065406;214940.47710439932;5.196640477651735;51.241477814301504;FS5378;Mol - Den Diel;Mol;Mol;Antwerpen;Observation;J;Goedgekeurd op basis van expertoordeel;1980-01-01;3;;10;Libellen;Libellulidae;2026-07-08;643;S;zeldzaam
401151544;401151544;Sierlijke witsnuitlibel;Leucorrhinia caudalis;2026-05-23;5;2026-05-26;4;ter plaatse;gezien;imago;Man;207806.7872176737;214886.1968033798;5.196536380028216;51.240990624558286;FS5378;Mol - Den Diel;Mol;Mol;Antwerpen;Observation;J;Goedgekeurd op basis van expertoordeel;1980-01-01;3;;5;Libellen;Libellulidae;2026-07-08;643;S;zeldzaam
349761216;349761216;Sierlijke witsnuitlibel;Leucorrhinia caudalis;2025-05-11;5;2025-05-11;1;ter plaatse;onbekend;imago;onbekend;208220.65203295564;214796.5025349278;5.202447891235352;51.240142822265625;FS5378;Mol - Den Diel - Van Sprietputten tot Sas 2;Mol;Mol;Antwerpen;ObsMapp;J;Goedgekeurd op basis van bewijsmateriaal;1980-01-01;3;;3;Libellen;Libellulidae;2026-07-08;643;S;zeldzaam
276304658;276304658;Sierlijke witsnuitlibel;Leucorrhinia caudalis;2023-06-14;6;2023-06-14;1;ter plaatse;gezien;imago;Man;207888.50439822412;214923.50591945555;5.197712421417236;51.24131774902344;FS5378;Mol - Den Diel;Mol;Mol;Antwerpen;ObsMapp;J;Goedgekeurd op basis van expertoordeel;1980-01-01;3;;9;Libellen;Libellulidae;2026-07-08;643;S;zeldzaam
242408795;242408795;Sierlijke witsnuitlibel;Leucorrhinia caudalis;2022-05-21;5;2022-05-21;1;ter plaatse;onbekend;imago;Man;207805.43890968483;214920.15858474743;5.1965225;51.241296;FS5378;Mol - Den Diel;Mol;Mol;Antwerpen;Site;J;Goedgekeurd op basis van bewijsmateriaal;1980-01-01;3;;15;Libellen;Libellulidae;2026-07-08;643;S;zeldzaam
275214099;275214099;Sierlijke witsnuitlibel;Leucorrhinia caudalis;2023-06-06;6;2023-06-07;1;ter plaatse;onbekend;imago;Man;223378.5753183325;188462.58003395985;5.41416358947754;51.0017280578613;FS6952;Zonhoven - Teut;Zonhoven;Zonhoven;Limburg;Meetnetten.be;J;Goedgekeurd op basis van expertoordeel;2024-06-04;3;meetnetten.be: life stage: imago_ activity: present;10;Libellen;Libellulidae;2026-07-08;643;S;zeer zeldzaam
311977096;311977096;Sierlijke witsnuitlibel;Leucorrhinia caudalis;2024-05-28;5;2024-05-28;3;ter plaatse;onbekend;imago;Man;207818.64851732744;214908.4277000297;5.196709769224981;51.24118924082454;FS5378;Mol - Den Diel;Mol;Mol;Antwerpen;Site;J;Goedgekeurd op basis van bewijsmateriaal;1980-01-01;3;;7;Libellen;Libellulidae;2026-07-08;643;S;zeldzaam
312210274;312210274;Sierlijke witsnuitlibel;Leucorrhinia caudalis;2024-05-30;5;2024-05-30;2;ter plaatse;gezien;imago;Man;207803.0270313859;214930.74629594944;5.196489656604333;51.2413914016298;FS5378;Mol - Den Diel;Mol;Mol;Antwerpen;Observation;J;Goedgekeurd op basis van expertoordeel;1980-01-01;3;;5;Libellen;Libellulidae;2026-07-08;643;S;zeldzaam
400180052;400180052;Sierlijke witsnuitlibel;Leucorrhinia caudalis;2026-05-23;5;2026-05-23;3;ter plaatse;gezien;imago;Man;207789.61511586813;214921.97746943496;5.196296215057373;51.24131393432617;FS5378;Mol - Den Diel;Mol;Mol;Antwerpen;ObsMapp;J;Goedgekeurd op basis van expertoordeel;1980-01-01;3;;3;Libellen;Libellulidae;2026-07-08;643;S;zeldzaam
400180049;400180049;Sierlijke witsnuitlibel;Leucorrhinia caudalis;2026-05-23;5;2026-05-23;2;ter plaatse;gezien;imago;Man;207818.65225594392;214954.98276745065;5.196717262268066;51.241607666015625;FS5378;Mol - Den Diel;Mol;Mol;Antwerpen;ObsMapp;J;Goedgekeurd op basis van expertoordeel;1980-01-01;3;;3;Libellen;Libellulidae;2026-07-08;643;S;zeldzaam
349239799;349239799;Sierlijke witsnuitlibel;Leucorrhinia caudalis;2025-05-08;5;2025-05-08;1;ter plaatse;onbekend;imago;Vrouw;207473.9366821609;214751.24577665143;5.191748999999959;51.239811;FS5278;Mol - Den Diel - West - Ten zuiden van beek;Mol;Mol;Antwerpen;Site;J;Goedgekeurd op basis van bewijsmateriaal;1980-01-01;3;;3;Libellen;Libellulidae;2026-07-08;643;S;zeldzaam
401151541;401151541;Sierlijke witsnuitlibel;Leucorrhinia caudalis;2026-05-23;5;2026-05-26;1;ter plaatse;gezien;imago;Man;207809.22535507072;214862.01042516995;5.196567426373879;51.24077299874166;FS5378;Mol - Den Diel;Mol;Mol;Antwerpen;Observation;J;Goedgekeurd op basis van expertoordeel;1980-01-01;3;;5;Libellen;Libellulidae;2026-07-08;643;S;zeldzaam
307993088;307993088;Sierlijke witsnuitlibel;Leucorrhinia caudalis;2024-05-05;5;2024-05-05;1;ter plaatse;gezien;imago, niet uitgekleurd;Vrouw;207986.6563790532;214799.79497594383;5.199098000000049;51.240196;FS5378;Mol - Den Diel - Van Sprietputten tot Sas 2;Mol;Mol;Antwerpen;ObsMapp;J;Goedgekeurd op basis van bewijsmateriaal;2024-06-05;3;;2;Libellen;Libellulidae;2026-07-08;643;S;zeldzaam
349170540;349170540;Sierlijke witsnuitlibel;Leucorrhinia caudalis;2025-05-08;5;2025-05-08;8;ter plaatse;gezien;imago;Man;207845.48433450624;214890.1723684836;5.197091102600098;51.241022473960086;FS5378;Mol - Den Diel;Mol;Mol;Antwerpen;Site;J;Goedgekeurd op basis van expertoordeel;1980-01-01;3;;100;Libellen;Libellulidae;2026-07-08;643;S;zeldzaam
307993099;307993099;Sierlijke witsnuitlibel;Leucorrhinia caudalis;2024-05-05;5;2024-05-05;1;ter plaatse;gezien;imago, niet uitgekleurd;Vrouw;207986.9769002095;214802.35760016367;5.1991030000000364;51.240219;FS5378;Mol - Den Diel - Van Sprietputten tot Sas 2;Mol;Mol;Antwerpen;ObsMapp;J;Goedgekeurd op basis van bewijsmateriaal;2024-06-05;3;;2;Libellen;Libellulidae;2026-07-08;643;S;zeldzaam
400609966;400609966;Sierlijke witsnuitlibel;Leucorrhinia caudalis;2026-05-24;5;2026-05-24;15;ter plaatse;gezien;imago;onbekend;207815.3828406967;214901.79348771647;5.196661949157715;51.24112994169502;FS5378;Mol - Den Diel;Mol;Mol;Antwerpen;Site;J;Goedgekeurd op basis van expertoordeel;1980-01-01;3;;150;Libellen;Libellulidae;2026-07-08;643;S;zeldzaam
307993113;307993113;Sierlijke witsnuitlibel;Leucorrhinia caudalis;2024-05-05;5;2024-05-05;1;ter plaatse;gezien;imago, niet uitgekleurd;Man;207988.63418702452;214804.04508658964;5.199126999999976;51.240234;FS5378;Mol - Den Diel - Van Sprietputten tot Sas 2;Mol;Mol;Antwerpen;ObsMapp;J;Goedgekeurd op basis van bewijsmateriaal;2024-06-05;3;;2;Libellen;Libellulidae;2026-07-08;643;S;zeldzaam
193094480;193094480;Sierlijke witsnuitlibel;Leucorrhinia caudalis;2020-06-02;6;2020-06-02;1;territoriaal;gezien;imago;Man;207769.21264504537;214926.5559846964;5.19600481;51.24135713;FS5378;Mol - Den Diel;Mol;Mol;Antwerpen;Site;J;Goedgekeurd op basis van bewijsmateriaal;1980-01-01;3;;100;Libellen;Libellulidae;2026-07-08;643;S;zeldzaam
349918008;349918008;Sierlijke witsnuitlibel;Leucorrhinia caudalis;2025-05-11;5;2025-05-12;1;ter plaatse;gezien;imago;Man;207801.64076614805;214930.60027848;5.196469783782959;51.24139022827149;FS5378;Mol - Den Diel;Mol;Mol;Antwerpen;ObsMapp;J;Goedgekeurd op basis van bewijsmateriaal;1980-01-01;4;;1;Libellen;Libellulidae;2026-07-08;643;S;zeldzaam
347810060;347810060:3886430;Sierlijke witsnuitlibel;Leucorrhinia caudalis;2025-05-01;5;2025-05-01;1;ter plaatse;onbekend;imago;Man;207805.69760632148;214931.39898144267;5.196527999999944;51.241397;FS5378;Mol - Den Diel;Mol;Mol;Antwerpen;Site;J;Goedgekeurd op basis van bewijsmateriaal;1980-01-01;4;;5;Libellen;Libellulidae;2026-07-08;643;S;zeldzaam
309409783;309409783;Sierlijke witsnuitlibel;Leucorrhinia caudalis;2024-05-13;5;2024-05-13;1;ter plaatse;onbekend;imago;Vrouw;207677.56810902525;214897.8160806624;5.194688000000042;51.241108;FS5378;Mol - Den Diel;Mol;Mol;Antwerpen;Site;J;Goedgekeurd op basis van bewijsmateriaal;1980-01-01;4;;15;Libellen;Libellulidae;2026-07-08;643;S;zeldzaam
217062670;217062670;Sierlijke witsnuitlibel;Leucorrhinia caudalis;2021-06-13;6;2021-06-14;1;ter plaatse;onbekend;imago;Man;207892.10055450432;214923.54621177912;5.19776392;51.24131775;FS5378;Mol - Den Diel;Mol;Mol;Antwerpen;ObsMapp;J;Goedgekeurd op basis van expertoordeel;2007-01-01;3;;3;Libellen;Libellulidae;2026-07-08;643;S;zeldzaam
401151507;401151507;Sierlijke witsnuitlibel;Leucorrhinia caudalis;2026-05-23;5;2026-05-26;1;ter plaatse;gezien;imago;Man;207574.59968041052;214849.02521129232;5.193205872055896;51.24067977316017;FS5378;Mol - Den Diel;Mol;Mol;Antwerpen;Observation;J;Goedgekeurd op basis van expertoordeel;1980-01-01;3;;3;Libellen;Libellulidae;2026-07-08;643;S;zeldzaam
274250440;274250440;Sierlijke witsnuitlibel;Leucorrhinia caudalis;2023-05-31;5;2023-05-31;2;ter plaatse;onbekend;onbekend;Man;207666.8025541785;215002.3698777035;5.194550516316667;51.24204878131616;FS5379;Mol - Den Diel;Mol;Mol;Antwerpen;Site;J;Goedgekeurd op basis van expertoordeel;1980-01-01;3;;60;Libellen;Libellulidae;2026-07-08;643;S;zeldzaam
349918014;349918014;Sierlijke witsnuitlibel;Leucorrhinia caudalis;2025-05-11;5;2025-05-12;1;ter plaatse;gezien;imago;Man;208213.7690291036;214786.6632366488;5.202347755432129;51.24005508422852;FS5378;Mol - Den Diel - Van Sprietputten tot Sas 2;Mol;Mol;Antwerpen;ObsMapp;J;Goedgekeurd op basis van bewijsmateriaal;1980-01-01;4;;2;Libellen;Libellulidae;2026-07-08;643;S;zeldzaam
353357508;353357508;Sierlijke witsnuitlibel;Leucorrhinia caudalis;2025-05-30;5;2025-05-30;3;ter plaatse;onbekend;imago;Man;207790.57944874596;214909.31161176783;5.196308000000045;51.2412;FS5378;Mol - Den Diel;Mol;Mol;Antwerpen;Site;J;Goedgekeurd op basis van bewijsmateriaal;1980-01-01;4;;5;Libellen;Libellulidae;2026-07-08;643;S;zeldzaam
355760562;355760562;Sierlijke witsnuitlibel;Leucorrhinia caudalis;2025-06-11;6;2025-06-11;1;ter plaatse;gezien;imago;Man;207792.7973293134;214920.31523624997;5.196341514587402;51.24129867553711;FS5378;Mol - Den Diel;Mol;Mol;Antwerpen;ObsMapp;J;Goedgekeurd op basis van expertoordeel;1980-01-01;3;;3;Libellen;Libellulidae;2026-07-08;643;S;zeldzaam
347810060;347810060:3886431;Sierlijke witsnuitlibel;Leucorrhinia caudalis;2025-05-01;5;2025-05-01;1;ter plaatse;onbekend;imago;Vrouw;207805.69760632148;214931.39898144267;5.196527999999944;51.241397;FS5378;Mol - Den Diel;Mol;Mol;Antwerpen;Site;J;Goedgekeurd op basis van bewijsmateriaal;1980-01-01;4;;5;Libellen;Libellulidae;2026-07-08;643;S;zeldzaam
347809725;347809725;Sierlijke witsnuitlibel;Leucorrhinia caudalis;2025-05-01;5;2025-05-01;1;ter plaatse;onbekend;imago;Vrouw;207698.42211529575;214875.23949024733;5.194982999999979;51.240903;FS5378;Mol - Den Diel;Mol;Mol;Antwerpen;Site;J;Goedgekeurd op basis van bewijsmateriaal;1980-01-01;4;;5;Libellen;Libellulidae;2026-07-08;643;S;zeldzaam
356677909;356677909;Sierlijke witsnuitlibel;Leucorrhinia caudalis;2025-06-13;6;2025-06-15;1;ter plaatse;gezien;imago;Man;207812.3531916468;214942.04318307157;5.19662500000004;51.241492;FS5378;Mol - Den Diel;Mol;Mol;Antwerpen;Site;J;Goedgekeurd op basis van bewijsmateriaal;2026-09-13;4;;10;Libellen;Libellulidae;2026-07-08;643;S;zeldzaam
312790605;312790605;Sierlijke witsnuitlibel;Leucorrhinia caudalis;2024-06-02;6;2024-06-03;2;ter plaatse;onbekend;imago;Man;207797.74566078105;214930.53142429705;5.196414000000004;51.24139;FS5378;Mol - Den Diel;Mol;Mol;Antwerpen;ObsMapp;J;Goedgekeurd op basis van bewijsmateriaal;1980-01-01;3;;3;Libellen;Libellulidae;2026-07-08;643;S;zeldzaam
354299524;354299524;Sierlijke witsnuitlibel;Leucorrhinia caudalis;2025-06-03;6;2025-06-03;1;eileggend;gezien;imago;Vrouw;207843.857552426;214827.08546726964;5.197057723999023;51.240455627441406;FS5378;Mol - Den Diel - Ten zuiden van Sprietputten;Mol;Mol;Antwerpen;ObsMapp;J;Goedgekeurd op basis van bewijsmateriaal;1980-01-01;3;mannetje bleef erboven vliegen tijdens het leggen van de eitjes;13;Libellen;Libellulidae;2026-07-08;643;S;zeldzaam
354299522;354299522;Sierlijke witsnuitlibel;Leucorrhinia caudalis;2025-06-03;6;2025-06-03;2;ter plaatse;gezien;imago;Man;207844.12393853956;214827.08844145108;5.197061538696289;51.240455627441406;FS5378;Mol - Den Diel - Ten zuiden van Sprietputten;Mol;Mol;Antwerpen;ObsMapp;J;Goedgekeurd op basis van bewijsmateriaal;1980-01-01;3;;8;Libellen;Libellulidae;2026-07-08;643;S;zeldzaam
356655418;356655418;Sierlijke witsnuitlibel;Leucorrhinia caudalis;2025-06-13;6;2025-06-15;3;ter plaatse;gezien;imago;Man;207834.63462363076;214946.2480728617;5.196944713592529;51.24152755737305;FS5378;Mol - Den Diel;Mol;Mol;Antwerpen;ObsMapp;J;Goedgekeurd op basis van bewijsmateriaal;2026-06-13;4;;5;Libellen;Libellulidae;2026-07-08;643;S;zeldzaam
275198880;275198880;Sierlijke witsnuitlibel;Leucorrhinia caudalis;2023-06-06;6;2023-06-07;1;ter plaatse;gezien;imago;Man;223377.42663713565;188468.08120107744;5.414148330688477;51.00177764892578;FS6952;Zonhoven - Teut;Zonhoven;Zonhoven;Limburg;ObsMapp;J;Goedgekeurd op basis van expertoordeel;2024-06-06;3;;3;Libellen;Libellulidae;2026-07-08;643;S;zeer zeldzaam
349918015;349918015;Sierlijke witsnuitlibel;Leucorrhinia caudalis;2025-05-11;5;2025-05-12;1;ter plaatse;onbekend;imago;Man;208000.5537390948;214781.7253065184;5.199294090270996;51.24003219604492;FS5378;Mol - Den Diel - Van Sprietputten tot Sas 2;Mol;Mol;Antwerpen;ObsMapp;J;Goedgekeurd op basis van bewijsmateriaal;1980-01-01;4;;1;Libellen;Libellulidae;2026-07-08;643;S;zeldzaam
356655410;356655410;Sierlijke witsnuitlibel;Leucorrhinia caudalis;2025-06-13;6;2025-06-15;3;ter plaatse;gezien;imago;Man;207813.5438635709;214940.68949154855;5.196641832590103;51.24147971393215;FS5378;Mol - Den Diel;Mol;Mol;Antwerpen;ObsMapp;J;Goedgekeurd op basis van bewijsmateriaal;2026-06-13;4;;5;Libellen;Libellulidae;2026-07-08;643;S;zeldzaam
356655379;356655379;Sierlijke witsnuitlibel;Leucorrhinia caudalis;2025-06-13;6;2025-06-15;1;ter plaatse;gezien;imago;Vrouw;207818.95721891263;214867.97747586571;5.196707725524902;51.24082565307617;FS5378;Mol - Den Diel;Mol;Mol;Antwerpen;ObsMapp;J;Goedgekeurd op basis van bewijsmateriaal;2026-06-13;4;;4;Libellen;Libellulidae;2026-07-08;643;S;zeldzaam
349139836;349139836;Sierlijke witsnuitlibel;Leucorrhinia caudalis;2025-05-08;5;2025-05-08;1;ter plaatse;onbekend;imago;Man;207815.24586094852;214943.90950159635;5.196666717529297;51.24150848388672;FS5378;Mol - Den Diel;Mol;Mol;Antwerpen;ObsMapp;J;Goedgekeurd op basis van expertoordeel;1980-01-01;3;;4;Libellen;Libellulidae;2026-07-08;643;S;zeldzaam
401151500;401151500;Sierlijke witsnuitlibel;Leucorrhinia caudalis;2026-05-23;5;2026-05-26;1;ter plaatse;gezien;imago;Man;207574.51153450657;214850.30755468644;5.193204813989133;51.24069130736258;FS5378;Mol - Den Diel;Mol;Mol;Antwerpen;Observation;J;Goedgekeurd op basis van expertoordeel;1980-01-01;3;;5;Libellen;Libellulidae;2026-07-08;643;S;zeldzaam
311448217;311448217:3461162;Sierlijke witsnuitlibel;Leucorrhinia caudalis;2024-05-25;5;2024-05-25;6;ter plaatse;onbekend;imago;Man;207809.68848029344;214943.01481043172;5.196587000000022;51.241501;FS5378;Mol - Den Diel;Mol;Mol;Antwerpen;ObsMapp;J;Goedgekeurd op basis van expertoordeel;1980-01-01;4;;3;Libellen;Libellulidae;2026-07-08;643;S;zeldzaam
311448217;311448217:3461163;Sierlijke witsnuitlibel;Leucorrhinia caudalis;2024-05-25;5;2024-05-25;2;ter plaatse;onbekend;imago;Vrouw;207809.68848029344;214943.01481043172;5.196587000000022;51.241501;FS5378;Mol - Den Diel;Mol;Mol;Antwerpen;ObsMapp;J;Goedgekeurd op basis van expertoordeel;1980-01-01;4;;3;Libellen;Libellulidae;2026-07-08;643;S;zeldzaam
242639306;242639306;Sierlijke witsnuitlibel;Leucorrhinia caudalis;2022-05-21;5;2022-05-23;1;ter plaatse;gezien;imago;Man;207829.07423890688;214850.68865739089;5.19684982299805;51.2406692504883;FS5378;Mol - Den Diel - Ten zuiden van Sprietputten;Mol;Mol;Antwerpen;ObsMapp;J;Goedgekeurd op basis van expertoordeel;2007-01-01;3;;3;Libellen;Libellulidae;2026-07-08;643;S;zeldzaam
242639298;242639298;Sierlijke witsnuitlibel;Leucorrhinia caudalis;2022-05-21;5;2022-05-23;1;ter plaatse;gezien;imago;Man;207849.06629734943;214825.8703273069;5.1971321105957;51.2404441833496;FS5378;Mol - Den Diel - Ten zuiden van Sprietputten;Mol;Mol;Antwerpen;ObsMapp;J;Goedgekeurd op basis van expertoordeel;2007-01-01;3;;3;Libellen;Libellulidae;2026-07-08;643;S;zeldzaam
242639296;242639296;Sierlijke witsnuitlibel;Leucorrhinia caudalis;2022-05-21;5;2022-05-23;2;ter plaatse;gezien;imago;Man;207824.68298595972;214936.79946895223;5.19680070877075;51.2414436340332;FS5378;Mol - Den Diel;Mol;Mol;Antwerpen;ObsMapp;J;Goedgekeurd op basis van expertoordeel;2007-01-01;3;;11;Libellen;Libellulidae;2026-07-08;643;S;zeldzaam
278105169;278105169;Sierlijke witsnuitlibel;Leucorrhinia caudalis;2023-06-24;6;2023-06-26;5;ter plaatse;onbekend;imago;Man;207806.56180325517;214886.5141897993;5.196533203125;51.24099349975586;FS5378;Mol - Den Diel;Mol;Mol;Antwerpen;ObsMapp;J;Goedgekeurd op basis van expertoordeel;1980-01-01;3;op de waterlelie bladeren te zien met de verrekijker van op de oever;5;Libellen;Libellulidae;2026-07-08;643;S;zeldzaam
216954314;216954314;Sierlijke witsnuitlibel;Leucorrhinia caudalis;2021-06-13;6;2021-06-13;1;ter plaatse;onbekend;imago;Man;207903.88335780945;214930.0442737332;5.19793367385864;51.2413749694824;FS5378;Mol - Den Diel;Mol;Mol;Antwerpen;ObsMapp;J;Goedgekeurd op basis van expertoordeel;2007-01-01;3;zat op bladeren van witte waterlelie;999;Libellen;Libellulidae;2026-07-08;643;S;zeldzaam
313898345;313898345;Sierlijke witsnuitlibel;Leucorrhinia caudalis;2024-06-09;6;2024-06-09;1;ter plaatse;onbekend;imago;Man;207787.92409102223;214921.9659139756;5.196272000000022;51.241314;FS5378;Mol - Den Diel;Mol;Mol;Antwerpen;ObsMapp;J;Goedgekeurd op basis van bewijsmateriaal;1980-01-01;3;;6;Libellen;Libellulidae;2026-07-08;643;S;zeldzaam
349761222;349761222;Sierlijke witsnuitlibel;Leucorrhinia caudalis;2025-05-11;5;2025-05-11;1;ter plaatse;onbekend;imago;onbekend;207992.1768005835;214783.329263784;5.199174404144287;51.240047454833984;FS5378;Mol - Den Diel - Van Sprietputten tot Sas 2;Mol;Mol;Antwerpen;ObsMapp;J;Goedgekeurd op basis van expertoordeel;1980-01-01;3;;5;Libellen;Libellulidae;2026-07-08;643;S;zeldzaam
277948286;277948286;Sierlijke witsnuitlibel;Leucorrhinia caudalis;2023-06-24;6;2023-06-25;1;ter plaatse;onbekend;imago;Man;207813.5165109785;214901.17481413204;5.196635127067566;51.24112456839622;FS5378;Mol - Den Diel;Mol;Mol;Antwerpen;Site;J;Goedgekeurd op basis van bewijsmateriaal;1980-01-01;3;;25;Libellen;Libellulidae;2026-07-08;643;S;zeldzaam
311581521;311581521;Sierlijke witsnuitlibel;Leucorrhinia caudalis;2024-05-25;5;2024-05-26;5;ter plaatse;gezien;imago;onbekend;207816.28497517767;214914.95636607613;5.196676969790133;51.241248155954445;FS5378;Mol - Den Diel;Mol;Mol;Antwerpen;Site;J;Goedgekeurd op basis van bewijsmateriaal;1980-01-01;3;;25;Libellen;Libellulidae;2026-07-08;643;S;zeldzaam
216969230;216969230;Sierlijke witsnuitlibel;Leucorrhinia caudalis;2021-06-13;6;2021-06-13;1;ter plaatse;gezien;imago;Man;207858.58621390557;214975.3769370932;5.19729232788086;51.2417869567871;FS5379;Mol - Den Diel;Mol;Mol;Antwerpen;ObsMapp;J;Goedgekeurd op basis van expertoordeel;2007-01-01;3;;3;Libellen;Libellulidae;2026-07-08;643;S;zeldzaam
216969211;216969211;Sierlijke witsnuitlibel;Leucorrhinia caudalis;2021-06-13;6;2021-06-13;1;ter plaatse;gezien;imago;Man;207818.5998696735;214953.7088846285;5.19671630859375;51.2415962219238;FS5378;Mol - Den Diel;Mol;Mol;Antwerpen;ObsMapp;J;Goedgekeurd op basis van expertoordeel;2007-01-01;3;;11;Libellen;Libellulidae;2026-07-08;643;S;zeldzaam
192581710;192581710;Sierlijke witsnuitlibel;Leucorrhinia caudalis;2020-05-27;5;2020-05-27;1;ter plaatse;gezien;imago;Vrouw;223559.39839774533;190282.46717461105;5.41710567474365;51.0180625915527;FS6954;Houthalen - Tenhaagdoornheide;Houthalen-Helchteren;Houthalen;Limburg;ObsMapp;J;Goedgekeurd op basis van expertoordeel;2007-01-01;3;;25;Libellen;Libellulidae;2026-07-08;643;S;zeer zeldzaam
192581714;192581714;Sierlijke witsnuitlibel;Leucorrhinia caudalis;2020-05-27;5;2020-05-27;1;ter plaatse;gezien;imago;Man;223559.39839774533;190282.46717461105;5.41710567474365;51.0180625915527;FS6954;Houthalen - Tenhaagdoornheide;Houthalen-Helchteren;Houthalen;Limburg;ObsMapp;J;Goedgekeurd op basis van expertoordeel;2007-01-01;3;;25;Libellen;Libellulidae;2026-07-08;643;S;zeer zeldzaam
356258370;356258370;Sierlijke witsnuitlibel;Leucorrhinia caudalis;2025-06-13;6;2025-06-13;1;ter plaatse;gezien;imago;Vrouw;207821.72597601896;214873.52600022312;5.19674825668335;51.24087524414063;FS5378;Mol - Den Diel;Mol;Mol;Antwerpen;ObsMapp;J;Goedgekeurd op basis van expertoordeel;1980-01-01;3;;4;Libellen;Libellulidae;2026-07-08;643;S;zeldzaam
356258085;356258085;Sierlijke witsnuitlibel;Leucorrhinia caudalis;2025-06-13;6;2025-06-13;4;ter plaatse;gezien;imago;Man;207806.1464716505;214950.5988870086;5.196537494659424;51.24156951904297;FS5378;Mol - Den Diel;Mol;Mol;Antwerpen;ObsMapp;J;Goedgekeurd op basis van expertoordeel;2026-06-13;3;;7;Libellen;Libellulidae;2026-07-08;643;S;zeldzaam
356258083;356258083;Sierlijke witsnuitlibel;Leucorrhinia caudalis;2025-06-13;6;2025-06-13;1;ter plaatse;gezien;imago;Man;207825.60152778577;214946.99610634983;5.196815490722656;51.24153518676758;FS5378;Mol - Den Diel;Mol;Mol;Antwerpen;ObsMapp;J;Goedgekeurd op basis van expertoordeel;2026-06-13;3;;11;Libellen;Libellulidae;2026-07-08;643;S;zeldzaam
356258075;356258075;Sierlijke witsnuitlibel;Leucorrhinia caudalis;2025-06-13;6;2025-06-13;1;ter plaatse;gezien;imago;Man;207818.38612621668;214862.45347876195;5.1966986656188965;51.24077606201172;FS5378;Mol - Den Diel;Mol;Mol;Antwerpen;ObsMapp;J;Goedgekeurd op basis van expertoordeel;2026-06-13;3;;5;Libellen;Libellulidae;2026-07-08;643;S;zeldzaam
313905872;313905872;Sierlijke witsnuitlibel;Leucorrhinia caudalis;2024-06-08;6;2024-06-09;1;ter plaatse;onbekend;imago;Man;207811.59374299916;214891.1877571959;5.196605999999974;51.241035;FS5378;Mol - Den Diel;Mol;Mol;Antwerpen;Site;J;Goedgekeurd op basis van bewijsmateriaal;1980-01-01;3;;7;Libellen;Libellulidae;2026-07-08;643;S;zeldzaam
313718119;313718119;Sierlijke witsnuitlibel;Leucorrhinia caudalis;2024-06-08;6;2024-06-08;1;ter plaatse;onbekend;imago;Man;207799.72141328827;214941.2346647112;5.196443999999929;51.241486;FS5378;Mol - Den Diel;Mol;Mol;Antwerpen;ObsMapp;J;Goedgekeurd op basis van expertoordeel;1980-01-01;3;;3;Libellen;Libellulidae;2026-07-08;643;S;zeldzaam
400576365;400576365;Sierlijke witsnuitlibel;Leucorrhinia caudalis;2026-05-24;5;2026-05-24;1;ter plaatse;onbekend;imago;onbekend;207813.0150748307;214946.8556362698;5.196635246276856;51.24153518676758;FS5378;Mol - Den Diel;Mol;Mol;Antwerpen;ObsMapp;J;Goedgekeurd op basis van expertoordeel;1980-01-01;4;;7;Libellen;Libellulidae;2026-07-08;643;S;zeldzaam
279483905;279483905;Sierlijke witsnuitlibel;Leucorrhinia caudalis;2023-07-07;7;2023-07-07;2;ter plaatse;onbekend;onbekend;Man;207815.3790510044;214943.91098794807;5.19666862487793;51.24150848388672;FS5378;Mol - Den Diel;Mol;Mol;Antwerpen;ObsMapp;J;Goedgekeurd op basis van expertoordeel;1980-01-01;3;;6;Libellen;Libellulidae;2026-07-08;643;S;zeldzaam
311687670;311687670:3463382;Sierlijke witsnuitlibel;Leucorrhinia caudalis;2024-05-26;5;2024-05-26;1;in copula;onbekend;imago;Vrouw;207800.83688903064;214931.01574237645;5.196458339691162;51.24139404296875;FS5378;Mol - Den Diel;Mol;Mol;Antwerpen;ObsMapp;J;Goedgekeurd op basis van expertoordeel;1980-01-01;4;;3;Libellen;Libellulidae;2026-07-08;643;S;zeldzaam
278215424;278215424;Sierlijke witsnuitlibel;Leucorrhinia caudalis;2023-06-24;6;2023-06-27;1;ter plaatse;gezien;imago;Man;207810.00288170011;214893.73713743876;5.196583628458029;51.24105807275964;FS5378;Mol - Den Diel;Mol;Mol;Antwerpen;iObs;J;Goedgekeurd op basis van bewijsmateriaal;1980-01-01;4;;15;Libellen;Libellulidae;2026-07-08;643;S;zeldzaam
311687670;311687670:3463381;Sierlijke witsnuitlibel;Leucorrhinia caudalis;2024-05-26;5;2024-05-26;1;in copula;onbekend;imago;Man;207800.83688903064;214931.01574237645;5.196458339691162;51.24139404296875;FS5378;Mol - Den Diel;Mol;Mol;Antwerpen;ObsMapp;J;Goedgekeurd op basis van expertoordeel;1980-01-01;4;;3;Libellen;Libellulidae;2026-07-08;643;S;zeldzaam
400576324;400576324;Sierlijke witsnuitlibel;Leucorrhinia caudalis;2026-05-24;5;2026-05-24;1;ter plaatse;onbekend;imago;Man;207794.8747215947;214895.2968852213;5.196367263793945;51.24107360839844;FS5378;Mol - Den Diel;Mol;Mol;Antwerpen;ObsMapp;J;Goedgekeurd op basis van expertoordeel;1980-01-01;4;;3;Libellen;Libellulidae;2026-07-08;643;S;zeldzaam
400576310;400576310;Sierlijke witsnuitlibel;Leucorrhinia caudalis;2026-05-24;5;2026-05-24;2;ter plaatse;onbekend;imago;Man;207810.1248263946;214889.52497493665;5.196584701538086;51.24102020263672;FS5378;Mol - Den Diel;Mol;Mol;Antwerpen;ObsMapp;J;Goedgekeurd op basis van expertoordeel;1980-01-01;4;;3;Libellen;Libellulidae;2026-07-08;643;S;zeldzaam
275614560;275614560;Sierlijke witsnuitlibel;Leucorrhinia caudalis;2023-06-06;6;2023-06-09;1;ter plaatse;onbekend;imago;Man;207802.50388535936;215023.59995810877;5.196497;51.242226;FS5379;Mol - Den Diel (met plas);Mol;Mol;Antwerpen;ObsMapp;J;Goedgekeurd op basis van bewijsmateriaal;2024-07-06;3;;3;Libellen;Libellulidae;2026-07-08;643;S;zeldzaam
397462962;397462962;Sierlijke witsnuitlibel;Leucorrhinia caudalis;2026-05-09;5;2026-05-09;3;ter plaatse;onbekend;imago;onbekend;207799.7075992534;214920.8416512925;5.19644054445962;51.24130271395766;FS5378;Mol - Den Diel;Mol;Mol;Antwerpen;Site;J;Goedgekeurd op basis van bewijsmateriaal;1980-01-01;3;;7;Libellen;Libellulidae;2026-07-08;643;S;zeldzaam
351208330;351208330;Sierlijke witsnuitlibel;Leucorrhinia caudalis;2025-05-18;5;2025-05-18;2;ter plaatse;onbekend;imago;Man;207820.7168448028;214859.50846215896;5.1967315673828125;51.24074935913086;FS5378;Mol - Den Diel;Mol;Mol;Antwerpen;ObsMapp;J;Goedgekeurd op basis van expertoordeel;1980-01-01;4;;1;Libellen;Libellulidae;2026-07-08;643;S;zeldzaam
311687692;311687692;Sierlijke witsnuitlibel;Leucorrhinia caudalis;2024-05-26;5;2024-05-26;1;ter plaatse;onbekend;imago;Man;207788.66400815823;214926.6356194252;5.196283340454102;51.241355895996094;FS5378;Mol - Den Diel;Mol;Mol;Antwerpen;ObsMapp;J;Goedgekeurd op basis van expertoordeel;1980-01-01;4;;3;Libellen;Libellulidae;2026-07-08;643;S;zeldzaam
311687676;311687676;Sierlijke witsnuitlibel;Leucorrhinia caudalis;2024-05-26;5;2024-05-26;1;ter plaatse;onbekend;imago;onbekend;207592.40507203087;214843.8080121614;5.193459987640381;51.240631103515625;FS5378;Mol - Den Diel;Mol;Mol;Antwerpen;ObsMapp;J;Goedgekeurd op basis van expertoordeel;1980-01-01;4;;3;Libellen;Libellulidae;2026-07-08;643;S;zeldzaam
350030919;350030919;Sierlijke witsnuitlibel;Leucorrhinia caudalis;2025-05-11;5;2025-05-12;1;ter plaatse;gezien;imago;Man;207794.65269970623;214944.84977933485;5.196371999999997;51.241519;FS5378;Mol - Den Diel;Mol;Mol;Antwerpen;Site;J;Goedgekeurd op basis van bewijsmateriaal;1980-01-01;4;;999;Libellen;Libellulidae;2026-07-08;643;S;zeldzaam
350030328;350030328:3910765;Sierlijke witsnuitlibel;Leucorrhinia caudalis;2025-05-11;5;2025-05-12;1;tandem;gezien;imago;Man;207784.3566783114;214947.51649267413;5.196225000000027;51.241544;FS5378;Mol - Den Diel;Mol;Mol;Antwerpen;Site;J;Goedgekeurd op basis van bewijsmateriaal;1980-01-01;4;;999;Libellen;Libellulidae;2026-07-08;643;S;zeldzaam
350030328;350030328:3910766;Sierlijke witsnuitlibel;Leucorrhinia caudalis;2025-05-11;5;2025-05-12;1;tandem;gezien;imago;Vrouw;207784.3566783114;214947.51649267413;5.196225000000027;51.241544;FS5378;Mol - Den Diel;Mol;Mol;Antwerpen;Site;J;Goedgekeurd op basis van bewijsmateriaal;1980-01-01;4;;999;Libellen;Libellulidae;2026-07-08;643;S;zeldzaam
350038971;350038971;Sierlijke witsnuitlibel;Leucorrhinia caudalis;2025-05-11;5;2025-05-12;1;ter plaatse;gezien;imago;Vrouw;207846.67928934973;214820.03762765691;5.197096999999985;51.240392;FS5378;Mol - Den Diel - Ten zuiden van Sprietputten;Mol;Mol;Antwerpen;Site;J;Goedgekeurd op basis van bewijsmateriaal;1980-01-01;4;;999;Libellen;Libellulidae;2026-07-08;643;S;zeldzaam
359742175;359742175;Sierlijke witsnuitlibel;Leucorrhinia caudalis;2025-06-29;6;2025-06-29;1;ter plaatse;onbekend;imago;Man;207790.81957915484;214920.611997718;5.196313243262026;51.24130154104404;FS5378;Mol - Den Diel;Mol;Mol;Antwerpen;iObs;J;Goedgekeurd op basis van expertoordeel;1980-01-01;3;;21;Libellen;Libellulidae;2026-07-08;643;S;zeldzaam
277778797;277778797;Sierlijke witsnuitlibel;Leucorrhinia caudalis;2023-06-24;6;2023-06-24;2;ter plaatse;onbekend;imago;Man;207813.89788613448;214900.57187280615;5.196640491485596;51.24111911105573;FS5378;Mol - Den Diel;Mol;Mol;Antwerpen;Site;J;Goedgekeurd op basis van bewijsmateriaal;1980-01-01;3;;30;Libellen;Libellulidae;2026-07-08;643;S;zeldzaam
359743430;359743430;Sierlijke witsnuitlibel;Leucorrhinia caudalis;2025-06-29;6;2025-06-29;1;ter plaatse;onbekend;imago;Man;207794.8039976102;214929.20054504927;5.196371666666667;51.24137833333333;FS5378;Mol - Den Diel;Mol;Mol;Antwerpen;ObsIdentify;J;Goedgekeurd op basis van bewijsmateriaal;1980-01-01;3;;3;Libellen;Libellulidae;2026-07-08;643;S;zeldzaam
397651841;397651841;Sierlijke witsnuitlibel;Leucorrhinia caudalis;2026-05-10;5;2026-05-10;1;ter plaatse;gezien;imago;Man;207829.5923521481;214944.4940556753;5.196872234344482;51.241512298583984;FS5378;Mol - Den Diel;Mol;Mol;Antwerpen;ObsMapp;J;Goedgekeurd op basis van bewijsmateriaal;1980-01-01;3;;3;Libellen;Libellulidae;2026-07-08;643;S;zeldzaam
400180046;400180046;Sierlijke witsnuitlibel;Leucorrhinia caudalis;2026-05-23;5;2026-05-23;2;in copula;gezien;imago;onbekend;207829.93981385345;214949.16669414288;5.196877956390381;51.24155426025391;FS5378;Mol - Den Diel;Mol;Mol;Antwerpen;ObsMapp;J;Goedgekeurd op basis van bewijsmateriaal;1980-01-01;3;;3;Libellen;Libellulidae;2026-07-08;643;S;zeldzaam
350024332;350024332;Sierlijke witsnuitlibel;Leucorrhinia caudalis;2025-05-11;5;2025-05-12;1;ter plaatse;onbekend;imago;Vrouw;207761.747671686;214920.7839003913;5.195897000000059;51.241306;FS5378;Mol - Den Diel;Mol;Mol;Antwerpen;Site;J;Goedgekeurd op basis van bewijsmateriaal;1980-01-01;4;;999;Libellen;Libellulidae;2026-07-08;643;S;zeldzaam
397462805;397462805;Sierlijke witsnuitlibel;Leucorrhinia caudalis;2026-05-09;5;2026-05-09;1;ter plaatse;onbekend;imago, niet uitgekleurd;Man;207810.10358645488;214862.1231069993;5.196580019328394;51.24077392342191;FS5378;Mol - Den Diel;Mol;Mol;Antwerpen;Site;J;Goedgekeurd op basis van bewijsmateriaal;1980-01-01;3;;7;Libellen;Libellulidae;2026-07-08;643;S;zeldzaam
309224977;309224977;Sierlijke witsnuitlibel;Leucorrhinia caudalis;2024-05-12;5;2024-05-12;1;ter plaatse;onbekend;imago;Man;207796.6462197607;214902.1776229544;5.196393728256226;51.24113527317764;FS5378;Mol - Den Diel;Mol;Mol;Antwerpen;Site;J;Goedgekeurd op basis van bewijsmateriaal;1980-01-01;3;;15;Libellen;Libellulidae;2026-07-08;643;S;zeldzaam
224076794;224076794;Sierlijke witsnuitlibel;Leucorrhinia caudalis;2021-06-13;6;2021-08-27;1;ter plaatse;onbekend;onbekend;onbekend;207861.4492490004;214961.3755064262;5.197331084001656;51.24166082799248;FS5378;Mol - Den Diel;Mol;Mol;Antwerpen;iObs;J;Goedgekeurd op basis van expertoordeel;2021-06-02;3;;32;Libellen;Libellulidae;2026-07-08;643;S;zeldzaam
397586630;397586630;Sierlijke witsnuitlibel;Leucorrhinia caudalis;2026-05-10;5;2026-05-10;1;ter plaatse;gezien;imago;Man;207791.2467009508;214921.9956694329;5.196319580078125;51.24131393432617;FS5378;Mol - Den Diel;Mol;Mol;Antwerpen;ObsMapp;J;Goedgekeurd op basis van bewijsmateriaal;1980-01-01;3;;3;Libellen;Libellulidae;2026-07-08;643;S;zeldzaam
275130284;275130284;Sierlijke witsnuitlibel;Leucorrhinia caudalis;2023-06-06;6;2023-06-06;4;ter plaatse;onbekend;imago;onbekend;207790.17080676093;215008.55319204275;5.196318000000019;51.242092;FS5379;Mol - Den Diel;Mol;Mol;Antwerpen;ObsMapp;J;Goedgekeurd op basis van bewijsmateriaal;1980-01-01;3;;3;Libellen;Libellulidae;2026-07-08;643;S;zeldzaam
311687673;311687673;Sierlijke witsnuitlibel;Leucorrhinia caudalis;2024-05-26;5;2024-05-26;2;ter plaatse;onbekend;imago;Man;207804.46174441965;214934.451646938;5.1965107917785645;51.24142456054688;FS5378;Mol - Den Diel;Mol;Mol;Antwerpen;ObsMapp;J;Goedgekeurd op basis van bewijsmateriaal;1980-01-01;4;Thanks to the sun.... yes it happens sometimes!;3;Libellen;Libellulidae;2026-07-08;643;S;zeldzaam
241890098;241890098:2575309;Sierlijke witsnuitlibel;Leucorrhinia caudalis;2022-05-17;5;2022-05-17;1;in copula;gezien;imago;Man;207813.5191259989;214943.46579946484;5.19664192199707;51.2415046691895;FS5378;Mol - Den Diel;Mol;Mol;Antwerpen;ObsMapp;J;Goedgekeurd op basis van bewijsmateriaal;2007-01-01;3;copula met eileg van vrouwtje en een tweede mannetje dat erna in tandem kwam vliegen.;9;Libellen;Libellulidae;2026-07-08;643;S;zeldzaam
400304252;400304252;Sierlijke witsnuitlibel;Leucorrhinia caudalis;2026-05-23;5;2026-05-23;2;ter plaatse;onbekend;imago;Man;207579.71358229523;214842.1422576532;5.193278;51.2406174;FS5378;Mol - Den Diel;Mol;Mol;Antwerpen;Observation;J;Goedgekeurd op basis van expertoordeel;1980-01-01;3;;8;Libellen;Libellulidae;2026-07-08;643;S;zeldzaam
350992748;350992748;Sierlijke witsnuitlibel;Leucorrhinia caudalis;2025-05-17;5;2025-05-17;1;ter plaatse;onbekend;imago;Man;207788.76389628256;214917.636045116;5.196283333333334;51.241275;FS5378;Mol - Den Diel;Mol;Mol;Antwerpen;ObsIdentify;J;Goedgekeurd op basis van bewijsmateriaal;1980-01-01;4;;18;Libellen;Libellulidae;2026-07-08;643;S;zeldzaam
350990419;350990419;Sierlijke witsnuitlibel;Leucorrhinia caudalis;2025-05-17;5;2025-05-17;1;ter plaatse;onbekend;imago;Man;207795.05538060743;214927.53441225455;5.196375;51.24136333333333;FS5378;Mol - Den Diel;Mol;Mol;Antwerpen;ObsIdentify;J;Goedgekeurd op basis van bewijsmateriaal;1980-01-01;4;;11;Libellen;Libellulidae;2026-07-08;643;S;zeldzaam
350989665;350989665;Sierlijke witsnuitlibel;Leucorrhinia caudalis;2025-05-17;5;2025-05-17;1;ter plaatse;onbekend;imago;Man;207792.5218294492;214925.09546238743;5.196338333333333;51.24134166666666;FS5378;Mol - Den Diel;Mol;Mol;Antwerpen;ObsIdentify;J;Goedgekeurd op basis van bewijsmateriaal;1980-01-01;4;;4;Libellen;Libellulidae;2026-07-08;643;S;zeldzaam
350988360;350988360;Sierlijke witsnuitlibel;Leucorrhinia caudalis;2025-05-17;5;2025-05-17;1;ter plaatse;onbekend;imago;Man;207791.081231598;214918.58908152676;5.196316666666666;51.241283333333335;FS5378;Mol - Den Diel;Mol;Mol;Antwerpen;ObsIdentify;J;Goedgekeurd op basis van bewijsmateriaal;1980-01-01;4;;5;Libellen;Libellulidae;2026-07-08;643;S;zeldzaam
399724815;399724815;Sierlijke witsnuitlibel;Leucorrhinia caudalis;2026-05-21;5;2026-05-21;1;ter plaatse;onbekend;imago;Man;207796.13372612945;214883.0414552325;5.196383333333333;51.24096333333333;FS5378;Mol - Den Diel;Mol;Mol;Antwerpen;ObsIdentify;J;Goedgekeurd op basis van bewijsmateriaal;1980-01-01;4;;7;Libellen;Libellulidae;2026-07-08;643;S;zeldzaam
399725933;399725933;Sierlijke witsnuitlibel;Leucorrhinia caudalis;2026-05-21;5;2026-05-21;1;ter plaatse;onbekend;imago;Man;207818.95641357137;214944.86134776848;5.19672;51.24151666666667;FS5378;Mol - Den Diel;Mol;Mol;Antwerpen;ObsIdentify;J;Goedgekeurd op basis van bewijsmateriaal;1980-01-01;4;;9;Libellen;Libellulidae;2026-07-08;643;S;zeldzaam
399727237;399727237;Sierlijke witsnuitlibel;Leucorrhinia caudalis;2026-05-21;5;2026-05-21;1;ter plaatse;onbekend;imago;Man;207790.82364469164;214920.81145760603;5.196313333333333;51.241303333333335;FS5378;Mol - Den Diel;Mol;Mol;Antwerpen;ObsIdentify;J;Goedgekeurd op basis van bewijsmateriaal;1980-01-01;4;;5;Libellen;Libellulidae;2026-07-08;643;S;zeldzaam
247388219;247388219;Sierlijke witsnuitlibel;Leucorrhinia caudalis;2022-06-11;6;2022-06-30;1;ter plaatse;gezien;imago;Man;207768.92517925685;215001.75175451397;5.1960127;51.242033;FS5379;Mol - Den Diel;Mol;Mol;Antwerpen;Site;J;Goedgekeurd op basis van bewijsmateriaal;1980-01-01;3;;7;Libellen;Libellulidae;2026-07-08;643;S;zeldzaam
311481287;311481287;Sierlijke witsnuitlibel;Leucorrhinia caudalis;2024-05-25;5;2024-05-25;4;overvliegend;onbekend;imago;Man;207805.3535887379;214892.86180318333;5.196516917330985;51.24105067172675;FS5378;Mol - Den Diel;Mol;Mol;Antwerpen;iObs;J;Goedgekeurd op basis van expertoordeel;1980-01-01;4;;7;Libellen;Libellulidae;2026-07-08;643;S;zeldzaam
399723442;399723442;Sierlijke witsnuitlibel;Leucorrhinia caudalis;2026-05-21;5;2026-05-21;1;ter plaatse;onbekend;imago;onbekend;207801.0927546747;214887.1764031304;5.196455;51.241;FS5378;Mol - Den Diel;Mol;Mol;Antwerpen;ObsIdentify;J;Goedgekeurd op basis van bewijsmateriaal;1980-01-01;4;;5;Libellen;Libellulidae;2026-07-08;643;S;zeldzaam
399724093;399724093;Sierlijke witsnuitlibel;Leucorrhinia caudalis;2026-05-21;5;2026-05-21;1;ter plaatse;onbekend;imago;Man;207806.03262452636;214882.59558262303;5.196525;51.24095833333333;FS5378;Mol - Den Diel;Mol;Mol;Antwerpen;ObsIdentify;J;Goedgekeurd op basis van bewijsmateriaal;1980-01-01;4;;7;Libellen;Libellulidae;2026-07-08;643;S;zeldzaam
397288228;397288228;Sierlijke witsnuitlibel;Leucorrhinia caudalis;2026-05-09;5;2026-05-09;1;in copula;gezien;imago;onbekend;207574.34845235595;214898.35909511612;5.193210124969482;51.24112319946289;FS5378;Mol - Den Diel;Mol;Mol;Antwerpen;ObsMapp;J;Goedgekeurd op basis van expertoordeel;1980-01-01;3;;1;Libellen;Libellulidae;2026-07-08;643;S;zeldzaam
400327457;400327457;Sierlijke witsnuitlibel;Leucorrhinia caudalis;2026-05-23;5;2026-05-23;10;foeragerend;gezien;imago;onbekend;207753.8057614021;214919.88042226157;5.1957831382751465;51.24129867553711;FS5378;Mol - Den Diel;Mol;Mol;Antwerpen;ObsMapp;J;Goedgekeurd op basis van expertoordeel;1980-01-01;3;;2;Libellen;Libellulidae;2026-07-08;643;S;zeldzaam
397288231;397288231;Sierlijke witsnuitlibel;Leucorrhinia caudalis;2026-05-09;5;2026-05-09;1;eileggend;gezien;imago;onbekend;207746.8654698869;214918.10532800943;5.195683479309082;51.24128341674805;FS5378;Mol - Den Diel;Mol;Mol;Antwerpen;ObsMapp;J;Goedgekeurd op basis van expertoordeel;1980-01-01;3;;1;Libellen;Libellulidae;2026-07-08;643;S;zeldzaam
191896163;191896163;Sierlijke witsnuitlibel;Leucorrhinia caudalis;2020-05-20;5;2020-05-20;1;ter plaatse;gezien;imago;Man;207718.3457980521;214867.22799737565;5.195267;51.240829;FS5378;Mol - Den Diel;Mol;Mol;Antwerpen;Site;J;Goedgekeurd op basis van bewijsmateriaal;1980-01-01;3;;25;Libellen;Libellulidae;2026-07-08;643;S;zeldzaam
242286836;242286836;Sierlijke witsnuitlibel;Leucorrhinia caudalis;2022-05-18;5;2022-05-20;2;ter plaatse;gezien;imago;Man;207806.3983546864;214901.14340737;5.1965332;51.241125;FS5378;Mol - Den Diel;Mol;Mol;Antwerpen;Site;J;Goedgekeurd op basis van bewijsmateriaal;1980-01-01;3;Sur le deuxième individu_ la différence de réflectance des pterostigmas_ à quelques minutes d'intervalle_ est frappante;25;Libellen;Libellulidae;2026-07-08;643;S;zeldzaam
354299520;354299520;Sierlijke witsnuitlibel;Leucorrhinia caudalis;2025-06-03;6;2025-06-03;11;ter plaatse;gezien;imago;Man;207844.8374167862;214825.82310979068;5.197071552276611;51.24044418334961;FS5378;Mol - Den Diel - Ten zuiden van Sprietputten;Mol;Mol;Antwerpen;ObsMapp;J;Goedgekeurd op basis van bewijsmateriaal;1980-01-01;3;;6;Libellen;Libellulidae;2026-07-08;643;S;zeldzaam
353357164;353357164;Sierlijke witsnuitlibel;Leucorrhinia caudalis;2025-05-30;5;2025-05-30;3;ter plaatse;onbekend;imago;Man;207796.0890102235;214918.5423459094;5.196388363838196;51.24128241119516;FS5378;Mol - Den Diel;Mol;Mol;Antwerpen;Site;J;Goedgekeurd op basis van bewijsmateriaal;1980-01-01;4;;5;Libellen;Libellulidae;2026-07-08;643;S;zeldzaam
349958440;349958440;Sierlijke witsnuitlibel;Leucorrhinia caudalis;2025-05-12;5;2025-05-12;8;ter plaatse;gezien;imago;onbekend;207806.83015423105;214925.14055420455;5.196543216705322;51.24134063720703;FS5378;Mol - Den Diel;Mol;Mol;Antwerpen;ObsMapp;J;Goedgekeurd op basis van expertoordeel;1980-01-01;3;;1;Libellen;Libellulidae;2026-07-08;643;S;zeldzaam
397288253;397288253;Sierlijke witsnuitlibel;Leucorrhinia caudalis;2026-05-09;5;2026-05-09;20;ter plaatse;gezien;imago;onbekend;207799.2900629428;214914.4456112655;5.196433544158936;51.24124526977539;FS5378;Mol - Den Diel;Mol;Mol;Antwerpen;ObsMapp;J;Goedgekeurd op basis van expertoordeel;1980-01-01;3;;1;Libellen;Libellulidae;2026-07-08;643;S;zeldzaam
349513483;349513483;Sierlijke witsnuitlibel;Leucorrhinia caudalis;2025-05-10;5;2025-05-10;7;ter plaatse;gezien;onbekend;onbekend;207613.44479487895;214898.36929047664;5.193769931793213;51.241119384765625;FS5378;Mol - Den Diel;Mol;Mol;Antwerpen;ObsMapp;J;Goedgekeurd op basis van expertoordeel;1980-01-01;3;;1;Libellen;Libellulidae;2026-07-08;643;S;zeldzaam
273772879;273772879;Sierlijke witsnuitlibel;Leucorrhinia caudalis;2023-05-28;5;2023-05-28;6;ter plaatse;onbekend;imago;Man;207798.3290963787;215003.56576009092;5.196434020996094;51.24204635620117;FS5379;Mol - Den Diel;Mol;Mol;Antwerpen;ObsMapp;J;Goedgekeurd op basis van expertoordeel;1980-01-01;3;in totaal minimum 6 mannetjes imago langsheen de noordkant van deze vijver. YEEESSS eindelijk!!;3;Libellen;Libellulidae;2026-07-08;643;S;zeldzaam
404109841;404109841;Sierlijke witsnuitlibel;Leucorrhinia caudalis;2026-05-30;5;2026-06-09;1;ter plaatse;onbekend;imago;Man;180634.4547022749;216915.82007344067;4.807620525360107;51.26131820678711;FS2680;Lille - Visbeekvallei - De Schaaf;Lille;Wechelderzande;Antwerpen;ObsMapp;J;Goedgekeurd op basis van expertoordeel;1980-01-01;3;;3;Libellen;Libellulidae;2026-07-08;643;S;zeldzaam
245217261;245217261;Sierlijke witsnuitlibel;Leucorrhinia caudalis;2022-06-12;6;2022-06-12;3;ter plaatse;onbekend;imago;Man;207829.9952177932;214888.1665168302;5.196869;51.241006;FS5378;Mol - Den Diel;Mol;Mol;Antwerpen;Site;J;Goedgekeurd op basis van bewijsmateriaal;1980-01-01;3;;25;Libellen;Libellulidae;2026-07-08;643;S;zeldzaam
351406007;351406007;Sierlijke witsnuitlibel;Leucorrhinia caudalis;2025-05-19;5;2025-05-19;1;ter plaatse;gezien;imago;Man;182640.6611978421;233809.8524503568;4.837891578674316;51.413047790527344;FS2797;Wortel-Kolonie - Heide;Hoogstraten;Wortel;Antwerpen;ObsMapp;J;Goedgekeurd op basis van expertoordeel;2026-05-19;3;;2;Libellen;Libellulidae;2026-07-08;643;S;zeldzaam
401951278;401951278;Sierlijke witsnuitlibel;Leucorrhinia caudalis;2026-05-30;5;2026-05-30;4;ter plaatse;gezien;imago;Man;207584.99931179357;214901.872929262;5.193363189697266;51.241153717041016;FS5378;Mol - Den Diel;Mol;Mol;Antwerpen;ObsMapp;J;Goedgekeurd op basis van bewijsmateriaal;1980-01-01;3;;3;Libellen;Libellulidae;2026-07-08;643;S;zeldzaam
311696902;311696902;Sierlijke witsnuitlibel;Leucorrhinia caudalis;2024-05-25;5;2024-05-26;2;in copula;onbekend;imago;onbekend;207814.57750284253;214920.24326814615;5.196653365892416;51.24129584459983;FS5378;Mol - Den Diel;Mol;Mol;Antwerpen;iObs;J;Goedgekeurd op basis van bewijsmateriaal;1980-01-01;4;;10;Libellen;Libellulidae;2026-07-08;643;S;zeldzaam
355760552;355760552;Sierlijke witsnuitlibel;Leucorrhinia caudalis;2025-06-11;6;2025-06-11;1;ter plaatse;gezien;imago;Man;207798.68232572667;214936.0848968411;5.196428298950195;51.24143981933594;FS5378;Mol - Den Diel;Mol;Mol;Antwerpen;ObsMapp;J;Goedgekeurd op basis van expertoordeel;1980-01-01;3;;3;Libellen;Libellulidae;2026-07-08;643;S;zeldzaam
355760544;355760544;Sierlijke witsnuitlibel;Leucorrhinia caudalis;2025-06-11;6;2025-06-11;1;ter plaatse;gezien;imago;Man;207806.07942285063;214941.6850521769;5.196535110473633;51.24148941040039;FS5378;Mol - Den Diel;Mol;Mol;Antwerpen;ObsMapp;J;Goedgekeurd op basis van expertoordeel;1980-01-01;3;;3;Libellen;Libellulidae;2026-07-08;643;S;zeldzaam
350779141;350779141;Sierlijke witsnuitlibel;Leucorrhinia caudalis;2025-05-16;5;2025-05-16;1;ter plaatse;gezien;imago;Man;182362.45220835123;233806.826269472;4.833892822265625;51.41303634643555;FS2797;Wortel-Kolonie - Heide;Hoogstraten;Wortel;Antwerpen;ObsMapp;J;Goedgekeurd op basis van expertoordeel;2026-05-16;3;;2;Libellen;Libellulidae;2026-07-08;643;S;zeldzaam
352427076;352427076;Sierlijke witsnuitlibel;Leucorrhinia caudalis;2025-05-25;5;2025-05-25;2;in copula;onbekend;imago;onbekend;207493.8194739261;214861.66976924893;5.1920512318611145;51.24080148222823;FS5378;Mol - Den Diel;Mol;Mol;Antwerpen;Site;J;Goedgekeurd op basis van bewijsmateriaal;1980-01-01;4;;4;Libellen;Libellulidae;2026-07-08;643;S;zeldzaam
351691637;351691637;Sierlijke witsnuitlibel;Leucorrhinia caudalis;2025-05-20;5;2025-05-21;1;ter plaatse;gezien;imago;Man;207600.1478519484;215090.91383330335;5.193610191345215;51.24285125732422;FS5379;Mol - Den Diel;Mol;Mol;Antwerpen;ObsMapp;J;Goedgekeurd op basis van expertoordeel;1980-01-01;3;;3;Libellen;Libellulidae;2026-07-08;643;S;zeldzaam
352422847;352422847;Sierlijke witsnuitlibel;Leucorrhinia caudalis;2025-05-25;5;2025-05-25;1;ter plaatse;onbekend;imago;Vrouw;207473.0887366402;214859.1608508369;5.191753999999946;51.240781;FS5278;Mol - Den Diel;Mol;Mol;Antwerpen;Site;J;Goedgekeurd op basis van bewijsmateriaal;1980-01-01;4;;7;Libellen;Libellulidae;2026-07-08;643;S;zeldzaam
400921692;400921692;Sierlijke witsnuitlibel;Leucorrhinia caudalis;2026-05-24;5;2026-05-25;1;ter plaatse;onbekend;imago;Man;207821.83996589528;214861.706288198;5.196748000000071;51.240769;FS5378;Mol - Den Diel;Mol;Mol;Antwerpen;Site;J;Goedgekeurd op basis van bewijsmateriaal;1980-01-01;3;;7;Libellen;Libellulidae;2026-07-08;643;S;zeldzaam
354947729;354947729;Sierlijke witsnuitlibel;Leucorrhinia caudalis;2025-06-06;6;2025-06-07;1;ter plaatse;onbekend;imago;Man;207916.0126993668;215015.7614946561;5.198121070861816;51.24214415607755;FS5379;Molse zandputten - Grote Sprietput;Mol;Mol;Antwerpen;Site;J;Goedgekeurd op basis van bewijsmateriaal;1980-01-01;4;;7;Libellen;Libellulidae;2026-07-08;643;S;zeldzaam
400921621;400921621;Sierlijke witsnuitlibel;Leucorrhinia caudalis;2026-05-24;5;2026-05-25;1;ter plaatse;onbekend;imago;Man;207821.83996589528;214861.706288198;5.196748000000071;51.240769;FS5378;Mol - Den Diel;Mol;Mol;Antwerpen;Site;J;Goedgekeurd op basis van bewijsmateriaal;1980-01-01;3;;7;Libellen;Libellulidae;2026-07-08;643;S;zeldzaam
400921552;400921552;Sierlijke witsnuitlibel;Leucorrhinia caudalis;2026-05-24;5;2026-05-25;1;ter plaatse;onbekend;imago;Man;207821.83996589528;214861.706288198;5.196748000000071;51.240769;FS5378;Mol - Den Diel;Mol;Mol;Antwerpen;Site;J;Goedgekeurd op basis van bewijsmateriaal;1980-01-01;3;;7;Libellen;Libellulidae;2026-07-08;643;S;zeldzaam
397171649;397171649;Sierlijke witsnuitlibel;Leucorrhinia caudalis;2026-05-08;5;2026-05-08;1;ter plaatse;gezien;imago;Man;207804.89237094036;214901.825902272;5.196511745452881;51.24113128512211;FS5378;Mol - Den Diel;Mol;Mol;Antwerpen;Site;J;Goedgekeurd op basis van bewijsmateriaal;1980-01-01;3;;7;Libellen;Libellulidae;2026-07-08;643;S;zeldzaam
217235477;217235477;Sierlijke witsnuitlibel;Leucorrhinia caudalis;2021-06-16;6;2021-06-16;1;ter plaatse;onbekend;imago;Man;207837.60776421608;214938.2083498789;5.196986;51.241455;FS5378;Mol - Den Diel;Mol;Mol;Antwerpen;Site;J;Goedgekeurd op basis van bewijsmateriaal;2021-08-31;3;;5;Libellen;Libellulidae;2026-07-08;643;S;zeldzaam
347806094;347806094;Sierlijke witsnuitlibel;Leucorrhinia caudalis;2025-05-01;5;2025-05-01;1;ter plaatse;onbekend;imago;Man;207800.4555260091;214896.5451612212;5.196447372436523;51.24108426802034;FS5378;Mol - Den Diel;Mol;Mol;Antwerpen;Site;J;Goedgekeurd op basis van bewijsmateriaal;1980-01-01;3;;15;Libellen;Libellulidae;2026-07-08;643;S;zeldzaam
400921159;400921159;Sierlijke witsnuitlibel;Leucorrhinia caudalis;2026-05-24;5;2026-05-25;1;ter plaatse;onbekend;imago;onbekend;207821.83996589528;214861.706288198;5.196748000000071;51.240769;FS5378;Mol - Den Diel;Mol;Mol;Antwerpen;Site;J;Goedgekeurd op basis van bewijsmateriaal;1980-01-01;3;;7;Libellen;Libellulidae;2026-07-08;643;S;zeldzaam
353771653;353771653;Sierlijke witsnuitlibel;Leucorrhinia caudalis;2025-05-31;5;2025-06-01;5;ter plaatse;gezien;imago;onbekend;216691.225142479;196872.9730423456;5.320437999999967;51.078131;FS6261;Koersel - Koerselse heide noord;Beringen;Koersel;Limburg;Site;J;Goedgekeurd op basis van bewijsmateriaal;1980-01-01;3;;60;Libellen;Libellulidae;2026-07-08;643;S;zeer zeldzaam
245113232;245113232;Sierlijke witsnuitlibel;Leucorrhinia caudalis;2021-06-11;6;2022-06-12;1;ter plaatse;onbekend;imago;Man;207787.867034864;215000.96164379452;5.1962838;51.242024;FS5379;Mol - Den Diel;Mol;Mol;Antwerpen;Site;J;Goedgekeurd op basis van expertoordeel;1980-01-01;3;;5;Libellen;Libellulidae;2026-07-08;643;S;zeldzaam
246347392;246347392;Sierlijke witsnuitlibel;Leucorrhinia caudalis;2022-06-11;6;2022-06-22;1;ter plaatse;onbekend;imago;Man;207886.23439077404;214931.51937961765;5.1976812;51.24139;FS5378;Mol - Den Diel;Mol;Mol;Antwerpen;Site;J;Goedgekeurd op basis van bewijsmateriaal;1980-01-01;3;;5;Libellen;Libellulidae;2026-07-08;643;S;zeldzaam
202648635;202648635;Sierlijke witsnuitlibel;Leucorrhinia caudalis;2020-06-23;6;2020-11-02;1;ter plaatse;gezien;imago;Man;207831.91456293705;214947.71336869893;5.196906;51.241541;FS5378;Mol - Den Diel;Mol;Mol;Antwerpen;Site;J;Goedgekeurd op basis van bewijsmateriaal;1980-01-01;3;blauwe berijping op de ogen. Detail van de vleugels om waarneming van 1/6 te kunnen vergelijken. En duidelijk ander ex.;25;Libellen;Libellulidae;2026-07-08;643;S;zeldzaam
400922015;400922015;Sierlijke witsnuitlibel;Leucorrhinia caudalis;2026-05-24;5;2026-05-25;1;ter plaatse;onbekend;imago;Vrouw;207817.81084983904;214884.80391345543;5.19669399999998;51.240977;FS5378;Mol - Den Diel;Mol;Mol;Antwerpen;Site;J;Goedgekeurd op basis van bewijsmateriaal;1980-01-01;3;;7;Libellen;Libellulidae;2026-07-08;643;S;zeldzaam
400921956;400921956;Sierlijke witsnuitlibel;Leucorrhinia caudalis;2026-05-24;5;2026-05-25;2;in copula;onbekend;imago;onbekend;207817.81084983904;214884.80391345543;5.19669399999998;51.240977;FS5378;Mol - Den Diel;Mol;Mol;Antwerpen;Site;J;Goedgekeurd op basis van bewijsmateriaal;1980-01-01;3;;7;Libellen;Libellulidae;2026-07-08;643;S;zeldzaam
347779655;347779655;Sierlijke witsnuitlibel;Leucorrhinia caudalis;2025-05-01;5;2025-05-01;1;ter plaatse;onbekend;imago;Man;207786.13903029147;214903.70919123944;5.196243524551392;51.24115009196987;FS5378;Mol - Den Diel;Mol;Mol;Antwerpen;Site;J;Goedgekeurd op basis van bewijsmateriaal;1980-01-01;4;;7;Libellen;Libellulidae;2026-07-08;643;S;zeldzaam
352332363;352332363;Sierlijke witsnuitlibel;Leucorrhinia caudalis;2025-05-20;5;2025-05-24;1;ter plaatse;gezien;imago;onbekend;207731.81319702;215037.62758781572;5.195487022399902;51.24235916137695;FS5379;Mol - Den Diel;Mol;Mol;Antwerpen;ObsMapp;J;Goedgekeurd op basis van expertoordeel;1980-01-01;3;;3;Libellen;Libellulidae;2026-07-08;643;S;zeldzaam
277802689;277802689;Sierlijke witsnuitlibel;Leucorrhinia caudalis;2023-06-24;6;2023-06-24;1;ter plaatse;onbekend;imago;Man;207802.5424685422;214901.2116479492;5.19647800000007;51.241126;FS5378;Mol - Den Diel;Mol;Mol;Antwerpen;Site;J;Goedgekeurd op basis van bewijsmateriaal;1980-01-01;4;;25;Libellen;Libellulidae;2026-07-08;643;S;zeldzaam
400921858;400921858;Sierlijke witsnuitlibel;Leucorrhinia caudalis;2026-05-24;5;2026-05-25;1;ter plaatse;onbekend;imago;Man;207817.8205715757;214884.78178934287;5.1966941356658936;51.24097680017872;FS5378;Mol - Den Diel;Mol;Mol;Antwerpen;Site;J;Goedgekeurd op basis van bewijsmateriaal;1980-01-01;3;;7;Libellen;Libellulidae;2026-07-08;643;S;zeldzaam
273757764;273757764;Sierlijke witsnuitlibel;Leucorrhinia caudalis;2023-05-28;5;2023-05-28;2;ter plaatse;gezien;imago;Man;207804.2209527067;214889.7593873981;5.196500203956134;51.24102290154888;FS5378;Mol - Den Diel;Mol;Mol;Antwerpen;Site;J;Goedgekeurd op basis van bewijsmateriaal;1980-01-01;3;;10;Libellen;Libellulidae;2026-07-08;643;S;zeldzaam
352421596;352421596;Sierlijke witsnuitlibel;Leucorrhinia caudalis;2025-05-25;5;2025-05-25;2;in copula;onbekend;imago;onbekend;207480.9196929865;214858.35763013083;5.1918660000000045;51.240773;FS5278;Mol - Den Diel;Mol;Mol;Antwerpen;Site;J;Goedgekeurd op basis van bewijsmateriaal;1980-01-01;4;;15;Libellen;Libellulidae;2026-07-08;643;S;zeldzaam
352332510;352332510;Sierlijke witsnuitlibel;Leucorrhinia caudalis;2025-05-20;5;2025-05-24;2;ter plaatse;gezien;imago;onbekend;207909.2087117089;215010.7460340364;5.198022842407227;51.24209976196289;FS5379;Mol - Den Diel (met plas);Mol;Mol;Antwerpen;ObsMapp;J;Goedgekeurd op basis van expertoordeel;2026-06-24;3;;5;Libellen;Libellulidae;2026-07-08;643;S;zeldzaam
352422941;352422941;Sierlijke witsnuitlibel;Leucorrhinia caudalis;2025-05-25;5;2025-05-25;1;ter plaatse;onbekend;imago;Man;207473.0887366402;214859.1608508369;5.191753999999946;51.240781;FS5278;Mol - Den Diel;Mol;Mol;Antwerpen;Site;J;Goedgekeurd op basis van bewijsmateriaal;1980-01-01;4;;7;Libellen;Libellulidae;2026-07-08;643;S;zeldzaam
352425700;352425700;Sierlijke witsnuitlibel;Leucorrhinia caudalis;2025-05-25;5;2025-05-25;1;ter plaatse;onbekend;imago;Vrouw;207813.45464069623;214949.7325859638;5.196641999999997;51.241561;FS5378;Mol - Den Diel;Mol;Mol;Antwerpen;Site;J;Goedgekeurd op basis van bewijsmateriaal;1980-01-01;3;? donkere pterostigma en rodere vlekken op achterlijf bovenkant? Sierlijke?;14;Libellen;Libellulidae;2026-07-08;643;S;zeldzaam
253647624;253647624;Sierlijke witsnuitlibel;Leucorrhinia caudalis;2022-06-15;6;2022-08-29;1;ter plaatse;onbekend;imago;Man;207888.14312945225;214928.2028319072;5.197708;51.24136;FS5378;Mol - Den Diel;Mol;Mol;Antwerpen;Site;J;Goedgekeurd op basis van bewijsmateriaal;1980-01-01;3;;25;Libellen;Libellulidae;2026-07-08;643;S;zeldzaam
253647615;253647615;Sierlijke witsnuitlibel;Leucorrhinia caudalis;2022-06-15;6;2022-08-29;1;eileggend;onbekend;imago;Vrouw;207888.14312945225;214928.2028319072;5.197708;51.24136;FS5378;Mol - Den Diel;Mol;Mol;Antwerpen;Site;J;Goedgekeurd op basis van bewijsmateriaal;1980-01-01;3;Nog geen minuut na de paring begon het vrouwtje eieren te leggen in wat waterplantjes tegen de oever__Na de eileg liet ze haar nog mooi bekijken!;25;Libellen;Libellulidae;2026-07-08;643;S;zeldzaam
352579956;352579956;Sierlijke witsnuitlibel;Leucorrhinia caudalis;2025-05-26;5;2025-05-26;1;ter plaatse;gezien;imago;Man;207800.67222263143;214936.9370053569;5.196456927810978;51.24144727834648;FS5378;Mol - Den Diel;Mol;Mol;Antwerpen;ObsIdentify;J;Goedgekeurd op basis van bewijsmateriaal;1980-01-01;3;;5;Libellen;Libellulidae;2026-07-08;643;S;zeldzaam
352425080;352425080:3938298;Sierlijke witsnuitlibel;Leucorrhinia caudalis;2025-05-25;5;2025-05-25;1;in copula;onbekend;imago;Vrouw;207813.45464069623;214949.7325859638;5.196641999999997;51.241561;FS5378;Mol - Den Diel;Mol;Mol;Antwerpen;Site;J;Goedgekeurd op basis van bewijsmateriaal;1980-01-01;3;Op basis van pterostigma zwart keuze gemaakt voor gevlekte witsnuit;14;Libellen;Libellulidae;2026-07-08;643;S;zeldzaam
347806278;347806278;Sierlijke witsnuitlibel;Leucorrhinia caudalis;2025-05-01;5;2025-05-01;1;ter plaatse;onbekend;imago;Man;207790.0500638223;214888.9558742782;5.1962971687316895;51.24101710064875;FS5378;Mol - Den Diel;Mol;Mol;Antwerpen;Site;J;Goedgekeurd op basis van bewijsmateriaal;1980-01-01;3;;15;Libellen;Libellulidae;2026-07-08;643;S;zeldzaam
400922608;400922608;Sierlijke witsnuitlibel;Leucorrhinia caudalis;2026-05-24;5;2026-05-25;1;ter plaatse;onbekend;imago;Man;207817.81084983904;214884.80391345543;5.19669399999998;51.240977;FS5378;Mol - Den Diel;Mol;Mol;Antwerpen;Site;J;Goedgekeurd op basis van bewijsmateriaal;1980-01-01;3;;7;Libellen;Libellulidae;2026-07-08;643;S;zeldzaam
305378710;305378710;Sierlijke witsnuitlibel;Leucorrhinia caudalis;2023-07-07;7;2024-04-17;1;ter plaatse;gezien;imago;Man;207805.1176432145;214922.6754746046;5.196518302000186;51.24131865340963;FS5378;Mol - Den Diel;Mol;Mol;Antwerpen;Site;J;Goedgekeurd op basis van bewijsmateriaal;1980-01-01;3;;4;Libellen;Libellulidae;2026-07-08;643;S;zeldzaam
347806396;347806396;Sierlijke witsnuitlibel;Leucorrhinia caudalis;2025-05-01;5;2025-05-01;1;ter plaatse;onbekend;imago;Man;207797.3920333019;214902.48954174947;5.196404457092285;51.241138001847;FS5378;Mol - Den Diel;Mol;Mol;Antwerpen;Site;J;Goedgekeurd op basis van bewijsmateriaal;1980-01-01;3;;15;Libellen;Libellulidae;2026-07-08;643;S;zeldzaam
400922528;400922528;Sierlijke witsnuitlibel;Leucorrhinia caudalis;2026-05-24;5;2026-05-25;1;ter plaatse;onbekend;imago;Man;207817.81084983904;214884.80391345543;5.19669399999998;51.240977;FS5378;Mol - Den Diel;Mol;Mol;Antwerpen;Site;J;Goedgekeurd op basis van bewijsmateriaal;1980-01-01;3;;7;Libellen;Libellulidae;2026-07-08;643;S;zeldzaam
314021344;314021344;Sierlijke witsnuitlibel;Leucorrhinia caudalis;2024-06-07;6;2024-06-11;1;ter plaatse;gezien;imago;Man;207869.3687891189;214895.83822918497;5.19743399999993;51.241071;FS5378;Mol - Den Diel;Mol;Mol;Antwerpen;Site;J;Goedgekeurd op basis van bewijsmateriaal;1980-01-01;4;;30;Libellen;Libellulidae;2026-07-08;643;S;zeldzaam
400812816;400812816;Sierlijke witsnuitlibel;Leucorrhinia caudalis;2026-05-23;5;2026-05-25;1;ter plaatse;onbekend;imago;Man;207801.8205394024;214908.5174996965;5.196468830108643;51.24119173561092;FS5378;Mol - Den Diel;Mol;Mol;Antwerpen;Site;J;Goedgekeurd op basis van bewijsmateriaal;1980-01-01;3;;15;Libellen;Libellulidae;2026-07-08;643;S;zeldzaam
400922487;400922487;Sierlijke witsnuitlibel;Leucorrhinia caudalis;2026-05-24;5;2026-05-25;1;ter plaatse;onbekend;imago;Man;207817.81084983904;214884.80391345543;5.19669399999998;51.240977;FS5378;Mol - Den Diel;Mol;Mol;Antwerpen;Site;J;Goedgekeurd op basis van bewijsmateriaal;1980-01-01;3;;7;Libellen;Libellulidae;2026-07-08;643;S;zeldzaam
400813010;400813010:4434831;Sierlijke witsnuitlibel;Leucorrhinia caudalis;2026-05-23;5;2026-05-25;1;in copula;onbekend;imago;Vrouw;207801.8372129382;214907.0230485601;5.196468830108643;51.24117830217582;FS5378;Mol - Den Diel;Mol;Mol;Antwerpen;Site;J;Goedgekeurd op basis van bewijsmateriaal;1980-01-01;3;;15;Libellen;Libellulidae;2026-07-08;643;S;zeldzaam
400813010;400813010:4434830;Sierlijke witsnuitlibel;Leucorrhinia caudalis;2026-05-23;5;2026-05-25;1;in copula;onbekend;imago;Man;207801.8372129382;214907.0230485601;5.196468830108643;51.24117830217582;FS5378;Mol - Den Diel;Mol;Mol;Antwerpen;Site;J;Goedgekeurd op basis van bewijsmateriaal;1980-01-01;3;;15;Libellen;Libellulidae;2026-07-08;643;S;zeldzaam
352425895;352425895:3938306;Sierlijke witsnuitlibel;Leucorrhinia caudalis;2025-05-25;5;2025-05-25;1;in copula;onbekend;imago;Man;207813.45464069623;214949.7325859638;5.196641999999997;51.241561;FS5378;Mol - Den Diel;Mol;Mol;Antwerpen;Site;J;Goedgekeurd op basis van bewijsmateriaal;1980-01-01;3;;14;Libellen;Libellulidae;2026-07-08;643;S;zeldzaam
277803185;277803185;Sierlijke witsnuitlibel;Leucorrhinia caudalis;2023-06-24;6;2023-06-24;1;ter plaatse;onbekend;imago;Man;207793.4766011298;214987.6727183117;5.196362000000022;51.241904;FS5379;Mol - Den Diel;Mol;Mol;Antwerpen;Site;J;Goedgekeurd op basis van bewijsmateriaal;1980-01-01;3;;30;Libellen;Libellulidae;2026-07-08;643;S;zeldzaam
352425895;352425895:3938307;Sierlijke witsnuitlibel;Leucorrhinia caudalis;2025-05-25;5;2025-05-25;1;in copula;onbekend;imago;Vrouw;207813.45464069623;214949.7325859638;5.196641999999997;51.241561;FS5378;Mol - Den Diel;Mol;Mol;Antwerpen;Site;J;Goedgekeurd op basis van bewijsmateriaal;1980-01-01;3;;14;Libellen;Libellulidae;2026-07-08;643;S;zeldzaam
400809088;400809088;Sierlijke witsnuitlibel;Leucorrhinia caudalis;2026-05-23;5;2026-05-25;1;ter plaatse;onbekend;imago;Man;207592.59295623028;214856.86414688727;5.193464756011963;51.24074843018157;FS5378;Mol - Den Diel;Mol;Mol;Antwerpen;Site;J;Goedgekeurd op basis van bewijsmateriaal;1980-01-01;3;;15;Libellen;Libellulidae;2026-07-08;643;S;zeldzaam
253647579;253647579:2703813;Sierlijke witsnuitlibel;Leucorrhinia caudalis;2022-06-15;6;2022-08-29;2;ter plaatse;onbekend;imago;onbekend;207888.14312945225;214928.2028319072;5.197708;51.24136;FS5378;Mol - Den Diel;Mol;Mol;Antwerpen;Site;J;Goedgekeurd op basis van bewijsmateriaal;1980-01-01;3;Schitterend_ paring vlak voor men neus!;5;Libellen;Libellulidae;2026-07-08;643;S;zeldzaam
202648524;202648524;Sierlijke witsnuitlibel;Leucorrhinia caudalis;2020-06-01;6;2020-11-02;1;ter plaatse;gezien;imago;Man;207838.91866659117;214945.90009680577;5.197006;51.241524;FS5378;Mol - Den Diel;Mol;Mol;Antwerpen;Site;J;Goedgekeurd op basis van bewijsmateriaal;1980-01-01;3;beetje blauwe berijping boven op de ogen. De foto's met de details van de vleugels heb ik er bij gezet voor de waarneming van 23/6 te kunnen vergelijken en dan is het duidelijk dat het om verschillende ex gaat.;25;Libellen;Libellulidae;2026-07-08;643;S;zeldzaam
199845342;199845342;Sierlijke witsnuitlibel;Leucorrhinia caudalis;2020-06-01;6;2020-09-09;1;ter plaatse;onbekend;imago;Man;223583.60856115303;190442.5094639352;5.4174829;51.019498;FS6954;Houthalen - Tenhaagdoornheide;Houthalen-Helchteren;Houthalen;Limburg;Site;J;Goedgekeurd op basis van bewijsmateriaal;1980-01-01;4;;5;Libellen;Libellulidae;2026-07-08;643;S;zeer zeldzaam
352422415;352422415;Sierlijke witsnuitlibel;Leucorrhinia caudalis;2025-05-25;5;2025-05-25;1;ter plaatse;onbekend;imago;Man;207813.45464069623;214949.7325859638;5.196641999999997;51.241561;FS5378;Mol - Den Diel;Mol;Mol;Antwerpen;Site;J;Goedgekeurd op basis van bewijsmateriaal;1980-01-01;3;;14;Libellen;Libellulidae;2026-07-08;643;S;zeldzaam
400976638;400976638;Sierlijke witsnuitlibel;Leucorrhinia caudalis;2026-05-10;5;2026-05-25;1;ter plaatse;onbekend;imago;Man;207793.0304129718;214920.31783636197;5.19634485244751;51.24129867553711;FS5378;Mol - Den Diel;Mol;Mol;Antwerpen;ObsMapp;J;Goedgekeurd op basis van bewijsmateriaal;1980-01-01;3;;3;Libellen;Libellulidae;2026-07-08;643;S;zeldzaam
400922265;400922265;Sierlijke witsnuitlibel;Leucorrhinia caudalis;2026-05-24;5;2026-05-25;1;ter plaatse;onbekend;imago;Man;207817.81084983904;214884.80391345543;5.19669399999998;51.240977;FS5378;Mol - Den Diel;Mol;Mol;Antwerpen;Site;J;Goedgekeurd op basis van bewijsmateriaal;1980-01-01;3;;7;Libellen;Libellulidae;2026-07-08;643;S;zeldzaam
245218056;245218056;Sierlijke witsnuitlibel;Leucorrhinia caudalis;2022-06-12;6;2022-06-12;4;ter plaatse;onbekend;imago;Man;207801.21536418045;214894.9661434377;5.196458;51.24107;FS5378;Mol - Den Diel;Mol;Mol;Antwerpen;ObsMapp;J;Goedgekeurd op basis van bewijsmateriaal;2007-01-01;3;;6;Libellen;Libellulidae;2026-07-08;643;S;zeldzaam
400922157;400922157;Sierlijke witsnuitlibel;Leucorrhinia caudalis;2026-05-24;5;2026-05-25;1;ter plaatse;onbekend;imago;Man;207817.81084983904;214884.80391345543;5.19669399999998;51.240977;FS5378;Mol - Den Diel;Mol;Mol;Antwerpen;Site;J;Goedgekeurd op basis van bewijsmateriaal;1980-01-01;3;;7;Libellen;Libellulidae;2026-07-08;643;S;zeldzaam
277801006;277801006;Sierlijke witsnuitlibel;Leucorrhinia caudalis;2023-06-24;6;2023-06-24;1;ter plaatse;onbekend;imago;Man;207793.4766011298;214987.6727183117;5.196362000000022;51.241904;FS5379;Mol - Den Diel;Mol;Mol;Antwerpen;Site;J;Goedgekeurd op basis van bewijsmateriaal;1980-01-01;3;;30;Libellen;Libellulidae;2026-07-08;643;S;zeldzaam
400922096;400922096;Sierlijke witsnuitlibel;Leucorrhinia caudalis;2026-05-24;5;2026-05-25;1;ter plaatse;onbekend;imago;Man;207817.81084983904;214884.80391345543;5.19669399999998;51.240977;FS5378;Mol - Den Diel;Mol;Mol;Antwerpen;Site;J;Goedgekeurd op basis van bewijsmateriaal;1980-01-01;3;;7;Libellen;Libellulidae;2026-07-08;643;S;zeldzaam
400922058;400922058;Sierlijke witsnuitlibel;Leucorrhinia caudalis;2026-05-24;5;2026-05-25;1;ter plaatse;onbekend;imago;Man;207817.81084983904;214884.80391345543;5.19669399999998;51.240977;FS5378;Mol - Den Diel;Mol;Mol;Antwerpen;Site;J;Goedgekeurd op basis van bewijsmateriaal;1980-01-01;3;;7;Libellen;Libellulidae;2026-07-08;643;S;zeldzaam
350019206;350019206;Sierlijke witsnuitlibel;Leucorrhinia caudalis;2025-05-11;5;2025-05-12;1;ter plaatse;onbekend;imago;Man;208207.9201611434;214779.93315077107;5.202262927170988;51.23999518651358;FS5378;Mol - Den Diel - Van Sprietputten tot Sas 2;Mol;Mol;Antwerpen;Observation;J;Goedgekeurd op basis van bewijsmateriaal;1980-01-01;4;;24;Libellen;Libellulidae;2026-07-08;643;S;zeldzaam
351254791;351254791;Sierlijke witsnuitlibel;Leucorrhinia caudalis;2025-05-18;5;2025-05-18;1;ter plaatse;gezien;imago;Vrouw;207799.1548706063;214885.5971085094;5.196426999999972;51.240986;FS5378;Mol - Den Diel;Mol;Mol;Antwerpen;Site;J;Goedgekeurd op basis van bewijsmateriaal;1980-01-01;3;Ik weet niet of de determinatie -door de website wel correct is. Ik kon de bovenkant niet zien want zat op een hoogte. Graag correctie indien het over een andere soort gaat. Bedankt !;1;Libellen;Libellulidae;2026-07-08;643;S;zeldzaam
400859875;400859875;Sierlijke witsnuitlibel;Leucorrhinia caudalis;2026-05-25;5;2026-05-25;2;ter plaatse;gezien;imago;Man;207833.1270328824;214953.02216696276;5.196924209594727;51.2415885925293;FS5378;Mol - Den Diel;Mol;Mol;Antwerpen;ObsMapp;J;Goedgekeurd op basis van expertoordeel;1980-01-01;3;;3;Libellen;Libellulidae;2026-07-08;643;S;zeldzaam
400859883;400859883;Sierlijke witsnuitlibel;Leucorrhinia caudalis;2026-05-25;5;2026-05-25;1;ter plaatse;gezien;imago;Man;207809.50637319288;214888.24477610175;5.19657564163208;51.24100875854492;FS5378;Mol - Den Diel;Mol;Mol;Antwerpen;ObsMapp;J;Goedgekeurd op basis van expertoordeel;1980-01-01;3;;3;Libellen;Libellulidae;2026-07-08;643;S;zeldzaam
348034097;348034097;Sierlijke witsnuitlibel;Leucorrhinia caudalis;2025-05-02;5;2025-05-02;1;ter plaatse;onbekend;imago;Man;207805.56236662425;214908.93290769868;5.19652247428894;51.24119509396907;FS5378;Mol - Den Diel;Mol;Mol;Antwerpen;Site;J;Goedgekeurd op basis van bewijsmateriaal;1980-01-01;3;;4;Libellen;Libellulidae;2026-07-08;643;S;zeldzaam
348035536;348035536;Sierlijke witsnuitlibel;Leucorrhinia caudalis;2025-05-02;5;2025-05-02;1;ter plaatse;onbekend;imago;Man;207807.02324602133;214912.3121397821;5.19654393196106;51.24122531918149;FS5378;Mol - Den Diel;Mol;Mol;Antwerpen;Site;J;Goedgekeurd op basis van bewijsmateriaal;1980-01-01;3;;7;Libellen;Libellulidae;2026-07-08;643;S;zeldzaam
350444188;350444188;Sierlijke witsnuitlibel;Leucorrhinia caudalis;2025-05-14;5;2025-05-14;1;ter plaatse;onbekend;imago;Man;207828.7583464237;214911.8073870046;5.196855068206787;51.24121860246932;FS5378;Mol - Den Diel;Mol;Mol;Antwerpen;Site;J;Goedgekeurd op basis van bewijsmateriaal;1980-01-01;3;;15;Libellen;Libellulidae;2026-07-08;643;S;zeldzaam
349424420;349424420;Sierlijke witsnuitlibel;Leucorrhinia caudalis;2025-05-09;5;2025-05-09;1;ter plaatse;gezien;imago, niet uitgekleurd;Man;164337.24178118378;219043.61268402264;4.574236666666667;51.28108;FS0982;'s Gravenwezel - Golfterrein Rinkven;Schilde;'s-Gravenwezel;Antwerpen;ObsIdentify;J;Goedgekeurd op basis van bewijsmateriaal;1980-01-01;3;;35;Libellen;Libellulidae;2026-07-08;643;S;zeldzaam
350850642;350850642;Sierlijke witsnuitlibel;Leucorrhinia caudalis;2025-05-17;5;2025-05-17;1;ter plaatse;gezien;imago, niet uitgekleurd;Man;207946.3249346075;214985.26163701437;5.198550224304199;51.24186698450525;FS5379;Mol - Den Diel (met plas);Mol;Mol;Antwerpen;Site;J;Goedgekeurd op basis van bewijsmateriaal;1980-01-01;3;;15;Libellen;Libellulidae;2026-07-08;643;S;zeldzaam
277800717;277800717;Sierlijke witsnuitlibel;Leucorrhinia caudalis;2023-06-24;6;2023-06-24;1;ter plaatse;onbekend;imago;Man;207793.4766011298;214987.6727183117;5.196362000000022;51.241904;FS5379;Mol - Den Diel;Mol;Mol;Antwerpen;Site;J;Goedgekeurd op basis van bewijsmateriaal;1980-01-01;3;;30;Libellen;Libellulidae;2026-07-08;643;S;zeldzaam
397799734;397799734;Sierlijke witsnuitlibel;Leucorrhinia caudalis;2026-05-09;5;2026-05-11;1;ter plaatse;onbekend;imago;Man;207507.09518653376;214842.86037220436;5.1922383308410645;51.240631103515625;FS5378;Mol - Den Diel;Mol;Mol;Antwerpen;ObsMapp;J;Goedgekeurd op basis van bewijsmateriaal;1980-01-01;3;;5;Libellen;Libellulidae;2026-07-08;643;S;zeldzaam
397799730;397799730;Sierlijke witsnuitlibel;Leucorrhinia caudalis;2026-05-09;5;2026-05-11;1;ter plaatse;onbekend;imago;Man;207501.127529987;214848.7952933032;5.192153826355934;51.24068504051442;FS5378;Mol - Den Diel;Mol;Mol;Antwerpen;ObsMapp;J;Goedgekeurd op basis van expertoordeel;1980-01-01;3;;5;Libellen;Libellulidae;2026-07-08;643;S;zeldzaam
397799566;397799566;Sierlijke witsnuitlibel;Leucorrhinia caudalis;2026-05-09;5;2026-05-11;1;ter plaatse;onbekend;imago;Man;207604.6736460375;214892.82323589176;5.19364345818758;51.24107041475797;FS5378;Mol - Den Diel;Mol;Mol;Antwerpen;ObsMapp;J;Goedgekeurd op basis van expertoordeel;1980-01-01;3;;5;Libellen;Libellulidae;2026-07-08;643;S;zeldzaam
397799537;397799537;Sierlijke witsnuitlibel;Leucorrhinia caudalis;2026-05-09;5;2026-05-11;1;ter plaatse;onbekend;imago;Man;207611.61341552297;214898.348924743;5.193743705749512;51.241119384765625;FS5378;Mol - Den Diel;Mol;Mol;Antwerpen;ObsMapp;J;Goedgekeurd op basis van expertoordeel;1980-01-01;3;;5;Libellen;Libellulidae;2026-07-08;643;S;zeldzaam
350097704;350097704;Sierlijke witsnuitlibel;Leucorrhinia caudalis;2025-05-12;5;2025-05-12;15;ter plaatse;onbekend;imago;onbekend;207806.7172410873;214939.7369446382;5.196543931965899;51.24147183732278;FS5378;Mol - Den Diel;Mol;Mol;Antwerpen;iObs;J;Goedgekeurd op basis van bewijsmateriaal;1980-01-01;4;;4;Libellen;Libellulidae;2026-07-08;643;S;zeldzaam
397799464;397799464;Sierlijke witsnuitlibel;Leucorrhinia caudalis;2026-05-09;5;2026-05-11;2;ter plaatse;onbekend;imago;Man;207816.16809986177;214888.07958800625;5.19667100161314;51.24100660573807;FS5378;Mol - Den Diel;Mol;Mol;Antwerpen;ObsMapp;J;Goedgekeurd op basis van expertoordeel;1980-01-01;3;;5;Libellen;Libellulidae;2026-07-08;643;S;zeldzaam
347805933;347805933;Sierlijke witsnuitlibel;Leucorrhinia caudalis;2025-05-01;5;2025-05-01;1;ter plaatse;onbekend;imago;Man;207804.9840803152;214893.60640517715;5.196511745452881;51.24105740108347;FS5378;Mol - Den Diel;Mol;Mol;Antwerpen;Site;J;Goedgekeurd op basis van bewijsmateriaal;1980-01-01;3;;15;Libellen;Libellulidae;2026-07-08;643;S;zeldzaam
397799460;397799460;Sierlijke witsnuitlibel;Leucorrhinia caudalis;2026-05-09;5;2026-05-11;1;ter plaatse;onbekend;imago;Man;207847.4866480866;214905.87444483023;5.197122283279896;51.241163399454166;FS5378;Mol - Den Diel;Mol;Mol;Antwerpen;ObsMapp;J;Goedgekeurd op basis van expertoordeel;1980-01-01;3;;5;Libellen;Libellulidae;2026-07-08;643;S;zeldzaam
397799458;397799458;Sierlijke witsnuitlibel;Leucorrhinia caudalis;2026-05-09;5;2026-05-11;1;ter plaatse;onbekend;imago;Man;207821.91700590443;214935.2481400501;5.196760855615139;51.24142996853462;FS5378;Mol - Den Diel;Mol;Mol;Antwerpen;ObsMapp;J;Goedgekeurd op basis van expertoordeel;1980-01-01;3;;5;Libellen;Libellulidae;2026-07-08;643;S;zeldzaam
397799439;397799439;Sierlijke witsnuitlibel;Leucorrhinia caudalis;2026-05-09;5;2026-05-11;3;ter plaatse;onbekend;imago;Man;207801.42857257556;214920.56362299807;5.196465142071247;51.24130004253801;FS5378;Mol - Den Diel;Mol;Mol;Antwerpen;ObsMapp;J;Goedgekeurd op basis van bewijsmateriaal;1980-01-01;3;;5;Libellen;Libellulidae;2026-07-08;643;S;zeldzaam
400813092;400813092;Sierlijke witsnuitlibel;Leucorrhinia caudalis;2026-05-23;5;2026-05-25;1;ter plaatse;onbekend;imago;Man;207803.552373738;214887.611862679;5.196490287780762;51.24100366716266;FS5378;Mol - Den Diel;Mol;Mol;Antwerpen;Site;J;Goedgekeurd op basis van bewijsmateriaal;1980-01-01;3;;15;Libellen;Libellulidae;2026-07-08;643;S;zeldzaam
395606751;395606751;Sierlijke witsnuitlibel;Leucorrhinia caudalis;2026-05-01;5;2026-05-01;1;ter plaatse;onbekend;imago, niet uitgekleurd;onbekend;207985.29227032117;214798.7449675417;5.1990783;51.2401867;FS5378;Mol - Den Diel - Van Sprietputten tot Sas 2;Mol;Mol;Antwerpen;ObsIdentify;J;Goedgekeurd op basis van bewijsmateriaal;1980-01-01;3;;4;Libellen;Libellulidae;2026-07-08;643;S;zeldzaam
397799433;397799433;Sierlijke witsnuitlibel;Leucorrhinia caudalis;2026-05-09;5;2026-05-11;2;ter plaatse;onbekend;imago;Man;207827.3998371249;214939.11596920437;5.196839980781078;51.241464181619705;FS5378;Mol - Den Diel;Mol;Mol;Antwerpen;ObsMapp;J;Goedgekeurd op basis van expertoordeel;1980-01-01;3;;5;Libellen;Libellulidae;2026-07-08;643;S;zeldzaam
397799423;397799423;Sierlijke witsnuitlibel;Leucorrhinia caudalis;2026-05-09;5;2026-05-11;2;ter plaatse;onbekend;imago;Man;207882.204300514;214904.4406196969;5.197619162499905;51.24114702744455;FS5378;Mol - Den Diel;Mol;Mol;Antwerpen;ObsMapp;J;Goedgekeurd op basis van expertoordeel;1980-01-01;3;;5;Libellen;Libellulidae;2026-07-08;643;S;zeldzaam
397799415;397799415;Sierlijke witsnuitlibel;Leucorrhinia caudalis;2026-05-09;5;2026-05-11;1;ter plaatse;onbekend;imago;Man;207830.78396941407;214856.20121055652;5.196875184774399;51.2407186244549;FS5378;Mol - Den Diel;Mol;Mol;Antwerpen;ObsMapp;J;Goedgekeurd op basis van expertoordeel;1980-01-01;3;;5;Libellen;Libellulidae;2026-07-08;643;S;zeldzaam
400813239;400813239;Sierlijke witsnuitlibel;Leucorrhinia caudalis;2026-05-23;5;2026-05-25;1;ter plaatse;onbekend;imago;Man;207805.05077813304;214887.6285809707;5.196511745452881;51.24100366716266;FS5378;Mol - Den Diel;Mol;Mol;Antwerpen;Site;J;Goedgekeurd op basis van bewijsmateriaal;1980-01-01;3;;15;Libellen;Libellulidae;2026-07-08;643;S;zeldzaam
351847222;351847222;Sierlijke witsnuitlibel;Leucorrhinia caudalis;2025-05-20;5;2025-05-21;1;ter plaatse;onbekend;imago;Man;207795.90672536456;214918.0907544531;5.196385681629181;51.24127837067814;FS5378;Mol - Den Diel;Mol;Mol;Antwerpen;Site;J;Goedgekeurd op basis van bewijsmateriaal;1980-01-01;4;;4;Libellen;Libellulidae;2026-07-08;643;S;zeldzaam
352425080;352425080:3938297;Sierlijke witsnuitlibel;Leucorrhinia caudalis;2025-05-25;5;2025-05-25;1;in copula;onbekend;imago;Man;207813.45464069623;214949.7325859638;5.196641999999997;51.241561;FS5378;Mol - Den Diel;Mol;Mol;Antwerpen;Site;J;Goedgekeurd op basis van bewijsmateriaal;1980-01-01;3;Op basis van pterostigma zwart keuze gemaakt voor gevlekte witsnuit;14;Libellen;Libellulidae;2026-07-08;643;S;zeldzaam
191895354;191895354;Sierlijke witsnuitlibel;Leucorrhinia caudalis;2020-05-20;5;2020-05-20;1;ter plaatse;gezien;imago;Man;207932.08498998708;214918.9029087005;5.1983357;51.241272;FS5378;Mol - Den Diel;Mol;Mol;Antwerpen;Site;J;Goedgekeurd op basis van bewijsmateriaal;1980-01-01;3;;50;Libellen;Libellulidae;2026-07-08;643;S;zeldzaam
277813217;277813217;Sierlijke witsnuitlibel;Leucorrhinia caudalis;2023-06-24;6;2023-06-24;3;ter plaatse;gezien;imago;Man;208179.3395386514;214943.48109543603;5.20187999999996;51.241468;FS5378;Mol - Den Diel (met plas);Mol;Mol;Antwerpen;Site;J;Goedgekeurd op basis van bewijsmateriaal;1980-01-01;3;;30;Libellen;Libellulidae;2026-07-08;643;S;zeldzaam
216962332;216962332;Sierlijke witsnuitlibel;Leucorrhinia caudalis;2021-06-13;6;2021-06-13;1;ter plaatse;gezien;imago;Man;207661.06298481804;214898.63371767104;5.1944518;51.241117;FS5378;Mol - Den Diel;Mol;Mol;Antwerpen;Site;J;Goedgekeurd op basis van bewijsmateriaal;1980-01-01;3;;15;Libellen;Libellulidae;2026-07-08;643;S;zeldzaam
245603333;245603333;Sierlijke witsnuitlibel;Leucorrhinia caudalis;2022-06-11;6;2022-06-16;1;ter plaatse;onbekend;imago;Man;207778.8758662837;215006.86953500196;5.196156;51.242078;FS5379;Mol - Den Diel;Mol;Mol;Antwerpen;Site;J;Goedgekeurd op basis van expertoordeel;1980-01-01;3;;15;Libellen;Libellulidae;2026-07-08;643;S;zeldzaam
349241949;349241949;Sierlijke witsnuitlibel;Leucorrhinia caudalis;2025-05-08;5;2025-05-08;1;ter plaatse;onbekend;imago;Man;207645.1700502432;214846.9423571322;5.194215999999983;51.240654;FS5378;Mol - Den Diel;Mol;Mol;Antwerpen;Site;J;Goedgekeurd op basis van bewijsmateriaal;1980-01-01;3;;7;Libellen;Libellulidae;2026-07-08;643;S;zeldzaam
397169900;397169900;Sierlijke witsnuitlibel;Leucorrhinia caudalis;2026-05-08;5;2026-05-08;1;ter plaatse;gezien;imago;Man;207820.61775628195;214875.84513578564;5.1967327592137735;51.2408961991327;FS5378;Mol - Den Diel;Mol;Mol;Antwerpen;Site;J;Goedgekeurd op basis van bewijsmateriaal;1980-01-01;3;;7;Libellen;Libellulidae;2026-07-08;643;S;zeldzaam
350748287;350748287:3919586;Sierlijke witsnuitlibel;Leucorrhinia caudalis;2025-05-16;5;2025-05-16;2;ter plaatse;gezien;imago;Man;207808.09918915888;214901.923967693;5.196557678282261;51.24113184491755;FS5378;Mol - Den Diel;Mol;Mol;Antwerpen;Site;J;Goedgekeurd op basis van bewijsmateriaal;1980-01-01;3;;15;Libellen;Libellulidae;2026-07-08;643;S;zeldzaam
245113677;245113677;Sierlijke witsnuitlibel;Leucorrhinia caudalis;2022-06-11;6;2022-06-12;1;ter plaatse;onbekend;imago;Man;207882.40363253307;214922.46431666703;5.1976249;51.241309;FS5378;Mol - Den Diel;Mol;Mol;Antwerpen;Site;J;Goedgekeurd op basis van expertoordeel;1980-01-01;3;;5;Libellen;Libellulidae;2026-07-08;643;S;zeldzaam
395884169;395884169;Sierlijke witsnuitlibel;Leucorrhinia caudalis;2026-05-02;5;2026-05-02;1;ter plaatse;onbekend;imago;Man;207831.96794723612;214945.09547299705;5.196906345956347;51.24151746563925;FS5378;Mol - Den Diel;Mol;Mol;Antwerpen;ObsIdentify;J;Goedgekeurd op basis van bewijsmateriaal;1980-01-01;3;;7;Libellen;Libellulidae;2026-07-08;643;S;zeldzaam
395911698;395911698;Sierlijke witsnuitlibel;Leucorrhinia caudalis;2026-05-02;5;2026-05-02;3;ter plaatse;gezien;imago;Man;207767.39336981735;214916.10490170863;5.195977091789246;51.24126338053179;FS5378;Mol - Den Diel;Mol;Mol;Antwerpen;Site;J;Goedgekeurd op basis van bewijsmateriaal;1980-01-01;3;;20;Libellen;Libellulidae;2026-07-08;643;S;zeldzaam
310240119;310240119:3446382;Sierlijke witsnuitlibel;Leucorrhinia caudalis;2024-05-18;5;2024-05-18;1;tandem;gezien;imago;Vrouw;207806.44913323384;214896.6120334081;5.196533203125;51.24108426802034;FS5378;Mol - Den Diel;Mol;Mol;Antwerpen;Site;J;Goedgekeurd op basis van bewijsmateriaal;1980-01-01;3;;15;Libellen;Libellulidae;2026-07-08;643;S;zeldzaam
310240119;310240119:3446381;Sierlijke witsnuitlibel;Leucorrhinia caudalis;2024-05-18;5;2024-05-18;1;tandem;gezien;imago;Man;207806.44913323384;214896.6120334081;5.196533203125;51.24108426802034;FS5378;Mol - Den Diel;Mol;Mol;Antwerpen;Site;J;Goedgekeurd op basis van bewijsmateriaal;1980-01-01;3;;15;Libellen;Libellulidae;2026-07-08;643;S;zeldzaam
310240119;310240119:3446380;Sierlijke witsnuitlibel;Leucorrhinia caudalis;2024-05-18;5;2024-05-18;2;ter plaatse;gezien;imago;Man;207806.44913323384;214896.6120334081;5.196533203125;51.24108426802034;FS5378;Mol - Den Diel;Mol;Mol;Antwerpen;Site;J;Goedgekeurd op basis van bewijsmateriaal;1980-01-01;3;;15;Libellen;Libellulidae;2026-07-08;643;S;zeldzaam
310223054;310223054;Sierlijke witsnuitlibel;Leucorrhinia caudalis;2024-05-18;5;2024-05-18;4;ter plaatse;gezien;imago;Man;207807.03263287636;214900.2773054736;5.196542143603438;51.24111715207859;FS5378;Mol - Den Diel;Mol;Mol;Antwerpen;Site;J;Goedgekeurd op basis van bewijsmateriaal;1980-01-01;3;;15;Libellen;Libellulidae;2026-07-08;643;S;zeldzaam
397170001;397170001;Sierlijke witsnuitlibel;Leucorrhinia caudalis;2026-05-08;5;2026-05-08;1;ter plaatse;gezien;imago;Man;207810.9776909371;214893.67328259908;5.196597576141357;51.24105740108347;FS5378;Mol - Den Diel;Mol;Mol;Antwerpen;Site;J;Goedgekeurd op basis van bewijsmateriaal;1980-01-01;3;;7;Libellen;Libellulidae;2026-07-08;643;S;zeldzaam
398183672;398183672;Sierlijke witsnuitlibel;Leucorrhinia caudalis;2026-05-09;5;2026-05-13;2;ter plaatse;gezien;imago;Man;207799.76502538333;214902.4661955796;5.19643843130325;51.2411375540766;FS5378;Mol - Den Diel;Mol;Mol;Antwerpen;Site;J;Goedgekeurd op basis van bewijsmateriaal;1980-01-01;3;;15;Libellen;Libellulidae;2026-07-08;643;S;zeldzaam
397170112;397170112;Sierlijke witsnuitlibel;Leucorrhinia caudalis;2026-05-08;5;2026-05-08;1;ter plaatse;gezien;imago;Man;207795.99366423755;214893.50610203668;5.196382999420166;51.24105740108347;FS5378;Mol - Den Diel;Mol;Mol;Antwerpen;Site;J;Goedgekeurd op basis van bewijsmateriaal;1980-01-01;3;;7;Libellen;Libellulidae;2026-07-08;643;S;zeldzaam
347753659;347753659;Sierlijke witsnuitlibel;Leucorrhinia caudalis;2025-05-01;5;2025-05-01;1;ter plaatse;onbekend;imago, niet uitgekleurd;Man;207792.9735195601;214895.5648989072;5.196340084075928;51.24107620785894;FS5378;Mol - Den Diel;Mol;Mol;Antwerpen;Site;J;Goedgekeurd op basis van bewijsmateriaal;1980-01-01;4;;7;Libellen;Libellulidae;2026-07-08;643;S;zeldzaam
241898309;241898309:2575434;Sierlijke witsnuitlibel;Leucorrhinia caudalis;2022-05-17;5;2022-05-17;1;ter plaatse;gezien;imago;Vrouw;207778.4869175768;214897.7167025385;5.196133;51.241097;FS5378;Mol - Den Diel;Mol;Mol;Antwerpen;Site;J;Goedgekeurd op basis van bewijsmateriaal;1980-01-01;3;;100;Libellen;Libellulidae;2026-07-08;643;S;zeldzaam
315207473;315207473;Sierlijke witsnuitlibel;Leucorrhinia caudalis;2024-05-25;5;2024-06-19;2;ter plaatse;gezien;imago;Man;207798.70824909108;214926.299026276;5.19642710689368;51.241351863720126;FS5378;Mol - Den Diel;Mol;Mol;Antwerpen;Site;J;Goedgekeurd op basis van bewijsmateriaal;1980-01-01;3;excursie onder leiding van peter van der schoot;4;Libellen;Libellulidae;2026-07-08;643;S;zeldzaam
241898309;241898309:2575433;Sierlijke witsnuitlibel;Leucorrhinia caudalis;2022-05-17;5;2022-05-17;2;ter plaatse;gezien;imago;Man;207778.4869175768;214897.7167025385;5.196133;51.241097;FS5378;Mol - Den Diel;Mol;Mol;Antwerpen;Site;J;Goedgekeurd op basis van bewijsmateriaal;1980-01-01;3;;100;Libellen;Libellulidae;2026-07-08;643;S;zeldzaam
347754049;347754049;Sierlijke witsnuitlibel;Leucorrhinia caudalis;2025-05-01;5;2025-05-01;1;ter plaatse;onbekend;imago, niet uitgekleurd;Man;207781.60216188047;214907.39517210145;5.196179151535034;51.24118367546833;FS5378;Mol - Den Diel;Mol;Mol;Antwerpen;Site;J;Goedgekeurd op basis van bewijsmateriaal;1980-01-01;4;;7;Libellen;Libellulidae;2026-07-08;643;S;zeldzaam
